종목코드,대표자,설립일,주소
000020,"유준하, 윤인호(각자 대표이사)",18970925,서울특별시 중구 서소문로9길 20 -
000040,정재경,19170917,경상남도 창원시 성산구 완암로 28 　
000050,"김준, 김담",19191005,서울특별시 영등포구 영중로 15 (영등포동 4가)
000070,엄태웅,19241001,서울특별시 종로구 종로33길 31
000080,장인섭,19540615,서울특별시 강남구 영동대로 714
000087,,,
000100,대표이사 조욱제,19260620,서울특별시 동작구  노량진로 74
000105,,,
000120,"신영수, 민영학 (각자 대표)",19301115,서울특별시 종로구 종로5길 7(청진동) Tower 8
000140,장인섭,19330809,서울특별시 강남구  영동대로 714
000145,,,
000150,"박정원, 김민철, 유승우",19331208,서울특별시 중구  장충단로 275 두산타원
000155,,,
000157,,,
000180,우인석,19161120,부산광역시 사하구  다대로 627 (다대동)
000210,김종현,19391010,"서울특별시 강서구 공항대로 165 에이동(마곡동, 원그로브)"
000215,,,
000220,"유원상, 박노용(각자대표)",19410228,충청북도 제천시  바이오밸리1로 94
000225,,,
000227,,,
000230,최규환,19410314,서울특별시 서초구  바우뫼로27길 2 일동제약빌딩
000240,"박종호, 김준현(2인, 각자 대표이사)",19410510,경기도 성남시 분당구 판교로 286 -
000270,"송호성, 송민수(각자 대표이사)",19441210,서울특별시 서초구 헌릉로 12 기아자동차
000300,최준용,19671230,전북특별자치도 김제시 용지면 용지로 55 김제(본사)
000320,한영재,19451101,경기도 안양시 만안구  박달로 351
000325,,,
000370,나채범,19460401,서울특별시 영등포구  여의대로 56 한화손해보험(주)
000390,"배맹달,김현정(각자대표)",19460409,경기도 안산시 단원구  별망로 178
000400,이은호,19460520,서울특별시 중구  소월로 3 롯데손해보험빌딩
000430,"박민희, 김항수",19460920,충청남도 천안시 서북구 성거읍 오목모전길 117-8 대원강업주식회사
000480,강문수,19470515,전라남도 광양시 산업로 55 본관 3층
000490,"김준식, 원유현",19470520,대구광역시 달성군 논공읍 논공중앙로34길 35 35
000500,정 현,19470924,경기도 군포시  엘에스로45번길 120
000520,허승범,19471007,"서울특별시 서초구  효령로 155 (방배동, 삼일제약 사옥)"
000540,김대현,19480315,서울특별시 종로구 새문안로 68
000545,,,
000590,장원영,19490112,경상북도 포항시 남구 괴동로 43 (장흥동)
000640,김민영,19490809,서울특별시 동대문구  천호대로 64
000650,박도현,19490930,부산광역시 동구 중앙대로 168(초량동)
000660,곽노정,19491015,경기도 이천시  부발읍 경충대로 2091
000670,김기호,19491125,서울특별시 강남구  강남대로 542
000680,도석구,19491221,"경상남도 김해시 호계로 428 1층(부원동, 세화빌딩)"
000700,송영규,19500101,"서울특별시 영등포구 여의나루로 60 9층 (여의도동, 포스트타워)"
000720,이한우,19500110,서울특별시 종로구  율곡로 75
000725,,,
000760,홍성우,19500329,서울특별시 중구 삼일대로 299 (충무로2가)
000810,이문화,19520126,서울특별시 서초구 서초대로74길 14 (서초동)
000815,,,
000850,"권형석, 권형도(공동대표이사)",19771011,광주광역시 광산구 하남산단4번로 123-17 (장덕동) 화천기공(주)
000860,김재현,19520716,"부산광역시 부산진구 중앙대로 639 18층(범천동, 엠디엠타워)"
000880,"김동관, 류두형, 김우석",19521028,서울특별시 중구  청계천로 86 24층
00088K,,,
000890,조영석,19521111,전라남도 목포시  호남로68번길 36 보해양조(주)
000910,이우선,19521206,서울특별시 중구  소공로 94 OCI빌딩 13층
000950,조덕현,19530223,"서울특별시 서대문구  서소문로 21 (충정로3가, 충정타워)"
000970,"김태형, 이창훈, 김영훈 (각자대표제)",19530427,부산광역시 사하구  을숙도대로 525
000990,조기석,19530428,경기도 부천시 수도로 90 (주)DB하이텍
001020,문성운,19530606,전라북도 군산시 외항로 1245 페이퍼코리아(주)
001040,"손경식, 김홍기",19530801,"서울특별시 중구 소월로2길 12 (남대문로5가, CJ THE CENTER)"
001045,,,
00104K,,,
001060,"대표이사 신영섭, 함은경(각자 대표이사)",19450808,경기도 과천시 과천대로7길 38 -
001065,,,
001067,,,
001070,"설 범, 김 인호",19530810,"서울특별시 중구 중림로 48 (중림동, 성준빌딩)"
001080,"안병두, 임관헌",19530904,부산광역시 강서구  녹산화전로 71
001120,구혁서,19531126,서울특별시 종로구 새문안로 58 LG광화문빌딩
001130,이진성,19521225,서울특별시 중구 세종대로 39
001200,"유창수, 고경모(각자 대표)",19540512,서울특별시 영등포구 국제금융로 24 (여의도동)
001210,이홍민,19350525,서울특별시 구로구 디지털로33길 48 대륭포스트타워7차 17층
001230,장세욱,19540707,서울특별시 중구  을지로5길 19 페럼타워
001250,김성원,19540731,서울특별시 강남구 논현로 508 GS강남타워
001260,"김종수, 이동철(각자대표)",19540805,"경기도 용인시 기흥구 흥덕중앙로 120 비122호(영덕동, 흥덕유타워)"
001270,박현철,19540825,서울 영등포구 여의도동 34-2
001275,,,
001290,주원,19540830,서울특별시 영등포구 여의대로 108 파크원 타워1
001340,윤해구,19541125,전라북도 군산시  임해로 494-16
001360,정성택 대표이사,19290815,경기도 화성시 향남읍 제약공단4길 10 -
001380,이의범,19541222,충청남도 예산군 예산읍 창말로 75 (주)SG글로벌
001390,"곽정현, 김재익",19541231,울산광역시 울주군 온산읍 당월로 322
001420,남기영,19550111,서울특별시 강남구 테헤란로86길 14 (대치동)
001430,"이태성, 김수호",19550204,서울시 마포구 양화로 45
001440,송종민,19550221,경기도 안양시 동안구 관양동 1746-2 대한스마트타워
001450,이석현,19550305,서울 종로구 세종로 현대해상화재보험빌딩
001460,김 대 환,19550513,서울특별시 영등포구 디지털로38길 27 (주)비와이씨
001465,,,
001470,오일록,19550514,서울특별시 종로구 종로41길 25 한덕빌딩 8-10층
001500,배형근,19550726,서울특별시 영등포구 국제금융로2길 28 현대차증권
001510,"전우종, 정준호",19550730,서울특별시 영등포구 국제금융로8길 31 여의도동 SK증권빌딩
001515,,,
001520,"정진학, 유정민(각자 대표이사)",19550825,서울특별시 영등포구 국제금융로2길 24 -
001525,,,
001527,,,
001530,"서태원, 손재선, 박찬규",19550805,서울특별시 강남구  테헤란로 516 정헌빌딩 8층
001550,이승연,19551115,서울특별시 서초구 효령로77길 28 동오빌딩 (서초동 1337-4)
001560,"오유인, 오현수, 추헌주 (각자 대표)",19741227,경상북도 포항시 남구 대송로101번길 34(장흥동)
001570,류광지,19551117,부산광역시 사상구 낙동대로960번길 77 (감전동)
001620,김용희,19551229,서울특별시 용산구  한강대로 350
001630,최희남,19560110,서울특별시 서대문구  충정로 8 종근당빌딩
001680,임정배,19560131,서울특별시 종로구 창경궁로 120 종로플레이스
001685,,,
001720,"금정호, 김대일",19560225,"서울특별시 영등포구 국제금융로8길 16 (여의도동, 신영증권빌딩)"
001740,이호정,19560324,경기도 수원시 장안구 경수대로976번길 19 -
001750,김병철,19560327,서울 영등포구 여의도동 34-11
001755,,,
001770,신종호,19560601,"경기도 안산시 단원구  번영2로 31 (성곡동,시화4다706)"
001780,박진우,19560604,대전광역시 대덕구  대화로119번길 31
001790,강승우,19560706,인천광역시 중구  월미로 116(북성동1가)
001795,,,
001800,허인철,19560725,서울특별시 강남구 남부순환로 2745 -
001820,"오영주, 박진",19560814,경기도 용인시 처인구  남사면 경기동로 227
001940,"장세홍, 김동현 (각자대표)",19570219,경상남도 창원시 성산구  공단로103번길 12 한국철강(주)
002020,"안병덕, 이규호",19570412,경기 과천시 별양동 1-23 코오롱타워
002025,,,
002030,"이훈범, 오기호",19570427,서울특별시 강남구  논현로 430 아세아타워빌딩 14층
002070,손영섭,19570614,서울특별시 용산구  서빙고로51길 52
002100,"이병만,이용진",19570712,서울특별시 서초구 효령로77길 28 동오빌딩
002140,"전장열, 김영교(각자 대표이사)",19570724,부산광역시 중구 중앙대로 22 (중앙동6가)
002150,"박승우,곽준상,손영일,김덕구",19620505,서울특별시 강남구  삼성로 438 도화타워
002170,"허준홍, 정대락 (2인 각자 대표이사)",19571012,서울특별시 강남구 테헤란로 301(역삼동) 삼정개발빌딩 6층
002200,대표이사 회장 허용삼 대표이사 사장 허정훈(각자대표이사),19571121,서울특별시 서초구 서초중앙로 63
002210,최용석,19571125,서울특별시 도봉구  도봉로 683  (방학동) 동성빌딩
002220,엄정헌,19571205,서울특별시 중구  퇴계로27길 28 (한영빌딩 9층)
002240,주종대,19450922,부산광역시 수영구 구락로 150
002310,"유승환, 이현탁",19580307,서울특별시 강남구  논현로 430
002320,노삼석,19580310,서울특별시 중구 남대문로 63 한진빌딩
002350,대표이사 부회장 강호찬 대표이사 사  장 김현석,19580411,경상남도 양산시  충렬로 355 넥센타이어
002355,,,
002360,"정케빈규봉, 최찬욱 (공동대표이사)",19580509,전라북도 군산시 외항7길 20
002380,"정몽진, 정재훈",19580812,서울특별시 서초구  사평대로 344 (주)케이씨씨 빌딩
002390,"김영진, 백진기",19540701,서울특별시 강남구  테헤란로 132
002410,강병주,19580821,"부산광역시 동구 초량중로 114 105동 비102호, 비104호(초량동, 범양레우스 센트럴베이)"
002420,조영준,19580821,서울특별시 중구 퇴계로 212
002450,"김종섭, 김민수",19730104,충청북도 음성군  소이면 소이로 313
002460,"이종원,임기영",19580901,대구광역시 수성구  동대구로 111
002600,함영제,19590211,경기도 안산시 단원구  시화로 38 (성곡동)
002620,한상철,19590307,서울특별시 서초구 사평대로 343
002630,장재진,19590416,경기 성남시 중원구 상대원동 143-1
002690,"민세홍, 양영석 (각자대표)",19590713,경기도 안성시 미양면 안성맞춤대로 474-40
002700,정윤석,19590714,충청남도 천안시 서북구 입장면 연곡길 308 -
002710,"손기영, 김영학",19590716,경상북도 포항시 남구  괴동로 100
002720,남태훈,19590727,경기도 성남시 분당구  야탑로 96-8
002760,정기련,19590817,경기도 화성시  양감면 초록로 720-37
002780,김태균,19590903,"인천광역시 연수구 컨벤시아대로 69 (송도동 , 송도밀레니엄 807호)"
002785,,,
002787,,,
002790,"서경배, 이상목",19590306,서울특별시 용산구 한강대로 100 (한강로2가)
002795,,,
00279K,,,
002810,이승용,19591016,서울특별시 마포구  양화로 111
002820,이윤규,19591017,인천광역시 중구 월미로 96
002840,"홍창식, 강신우(각자대표)",19591103,경기도 안산시 단원구  원시로 49 (목내동)
002870,정학헌,19600106,서울특별시 강남구 압구정로 104 501호
002880,"임근호, 박은진(각자대표)",19600116,광주광역시 광산구  소촌로123번길 40-12
002900,"김희용, 김소원",19600201,서울특별시 용산구 장문로 52 동빙고동
002920,류현석(대표이사),19600318,충청남도 아산시 둔포면 아산밸리동로 22
002960,이승봉,19600705,부산광역시 남구  신선로 250 (용당동)
002990,조완석,19721011,전라남도 나주시 시청길 4
002995,,,
003000,이제영,19601017,서울특별시 동작구  대방동1길 47
003010,원경희,19601017,서울특별시 서초구  동산로 86 혜인빌딩
003030,"이주성, 조영빈",19601019,서울시마포구 양화로 45
003060,"김재섭, 김정출",19601203,"서울특별시 송파구 백제고분로 480 4층 (방이동, 풍문빌딩)"
003070,김영범,19601228,경기도 과천시 코오롱로 11 코오롱타워
003075,,,
003080,윤정선,19610106,경기도 안산시 단원구 산단로19번길 168 (목내동) 성보화학주식회사
003090,윤재춘,19610110,경기 성남시 중원구 상대원동 223-23
003120,"윤석근, 엄대식, 윤종호(각자대표)",19610215,경기도 과천시 과천대로7길 20 과천스마트케이업무시설 에이동1001호
003160,박원호 조윤형,19610316,서울특별시 강남구  논현로 703
003200,김정수,19511103,서울특별시 영등포구  은행로 11
003220,"백승열, BAEK JONATHAN IN",19610809,서울특별시 성동구 천호대로 386 대원제약
003230,"김정수, 김동찬",19610915,서울특별시 중구 퇴계로159 삼양라운드스퀘어엔타워
003240,"이부의, 정인철(공동 대표이사)",19610915,서울특별시 중구  동호로 310 (장충동2가)
003280,이환구,19611208,"서울특별시 중구 청계천로 8 (무교동, 프리미어플레이스빌딩) 5층"
003300,"허기호, 박지훈",19611228,서울특별시 서초구 효령로 275 서초동 1587 한일시멘트빌딩
003350,이용준,19620321,서울특별시 종로구 청계천로 35
003460,서태영,19620602,서울특별시 영등포구  국제금융로2길 36 유화증권빌딩
003465,,,
003470,뤄즈펑,19620604,서울특별시 영등포구 국제금융로 39 여의도동 앵커원
003475,,,
003480,조원국,19370710,경기도 남양주시 별내3로 391 관리동 1층
003490,"조원태, 우기홍",19620619,서울특별시 강서구 하늘길 260
003495,,,
003520,이기수,19620716,서울특별시 송파구 올림픽로35다길 13 국민연금 잠실사옥 2~3층
003530,장병호,19620719,서울특별시 영등포구  여의대로 56 한화증권빌딩 한화투자증권 주식회사
003535,,,
003540,진승욱,19620727,서울특별시 중구 삼일대로 343 저동1가 대신파이낸스센터
003545,,,
003547,,,
003550,"구광모, 권봉석",19470105,서울특별시 영등포구  여의대로 128
003555,,,
003570,박재석,19590401,경상남도 창원시 성산구  남면로 599
003580,김광재,19620924,강원도 정선군 사북읍 소금강로 3583-1 1층 101호(하이시티1)
003610,서재희 대표집행임원,19621205,서울특별시 마포구  월드컵북로 402 케이지아이티센터 18층
003620,"곽재선, 황기영 (각자대표이사)",19621206,경기도 평택시  동삭로 455-12
003650,유재순,19621227,부산광역시 영도구 해양로 241 미창석유
003670,엄기천,19710513,경상북도 포항시 남구 신항로 110
003680,"임우근,임준호(각자대표)",19630314,부산광역시 영도구  태종로 63
003690,원종규,19630319,"서울특별시 중구 청계천로 100 시그니쳐타워 4, 5층 코리안리재보험"
003720,"이석준, 조영한",19590410,"서울특별시 종로구 청계천로 35 13층(서린동, 관정빌딩)"
003780,최원석,19630718,경상남도 양산시 유산공단7길 42 -
003830,김대정,19631022,서울특별시 중구  동호로 310
003850,김정균,19631111,서울 종로구 원남동 보령빌딩 66-21
003920,김승언(대표집행임원),19640313,서울특별시 강남구 도산대로 240 1964빌딩
003925,,,
003960,김상훈,19640501,서울특별시 서초구 남부순환로 2159
004000,정승원,19640827,울산광역시 남구 여천로217번길 19
004020,이보룡,19530610,인천광역시 동구  중봉대로 63
004060,이의범,19641120,"서울특별시 금천구 벚꽃로 278 6층(가산동,에스제이테크노빌)"
004080,문현기,19641113,서울특별시 중구 청파로 450  (중림동) 신흥빌딩 8층 재경팀
004090,"강승모,송상호(각자 대표이사)",19641211,서울특별시 용산구  이촌로 166
004100,한우삼. 한하워드성(각자 대표이사),19540301,경기도 안산시 단원구  해봉로 212 (성곡동)
004105,,,
004140,정운건,19650114,"서울특별시 중구 소월로 10 21층, 22층(남대문로5가, 단암빌딩)"
004150,이명길,19650119,서울특별시 중구 을지로 100 파인애비뉴 B동 24층
004170,박주형,19551209,서울특별시 중구  소공로 63 (충무로1가) 신세계백화점건물 (주)신세계
004250,"나창엽,양창영,심일식(각자 대표이사)",19650529,경기도 용인시 수지구 신수로 785-17 엔피씨(주)
004255,,,
004270,윤성호,19650610,서울특별시 금천구 디지털로 130 남성프라자 15층
004310,이상준,19650716,충청남도 천안시 동남구  풍세면 잔다리길 55
004360,최종일,19650913,부산광역시 남구 우암로 127 (감만동)
004365,,,
004370,조용철,19650918,서울특별시 동작구  여의대방로 112
004380,"진영환, 류영수",19651005,대구광역시 달서구  성서동로 163
004410,서인호,19551017,충청북도 충주시 충원대로 862
004415,,,
004430,김충식 대표이사,19651215,울산광역시 남구  장생포로 83
004440,"배강열,장기철",19651231,"경기도 화성시 동탄대로23길 121 21층(영천동, 동탄우미뉴브)"
004450,고기영,19650502,경기도 안산시 단원구  강촌로 140 삼화왕관(주)
004490,대표이사 박정희,19520910,서울특별시 강남구 선릉로 433
004540,이동열,19660307,서울특별시 용산구 한남대로 98 일신빌딩 4층
004545,,,
004560,"대표이사 사장 정일선, 대표이사 전무 김성문(각자 대표이사)",19660407,경상남도 창원시 성산구  적현로 124
004690,"유재권, 전영택",19660707,"서울특별시 영등포구  국제금융로6길 42 (여의도동, 삼천리빌딩)"
004700,이연석,19660803,"충청북도 청주시 흥덕구 공단로126번길 97 (송정동, 공단2브럭)"
004710,유경준,19660820,서울특별시 중구 을지로 100
004720,박희덕,19660822,경기 화성시 향남면 상신리 향남제약공단 902-5
004770,차상권,19660915,충청북도 충주시  목행산단2로 59
004800,"조현준, 황윤언",19661103,서울특별시 마포구  마포대로 119 (공덕동)
004830,"이봉근, 김성진 (각자대표이사)",19661110,경기도 수원시 영통구  신원로 25
004835,,,
004840,조현민,19450930,부산광역시 금정구 공단동로55번길 28
004870,서종대,19661206,"서울특별시 송파구 법원로 135 202호(문정동, 소노타워)"
004890,"오승민, 김정곤(각자 대표이사)",19661227,경상북도 포항시 남구  괴동로 112 (장흥동) 동일산업(주)
004910,양성아,19670116,부산광역시 사상구  삼덕로 5 148
004920,김대영,19670117,서울특별시 송파구 양재대로 932 가락몰 업무동 11층 동관
004960,"최문규,전재식(각자 대표이사)",19670224,경기도 용인시 처인구  백암면 덕평로 82
004970,김호운,19670306,서울특별시 강동구 고덕비즈밸리로6길 30 -
004980,한인호,19670316,서울특별시 종로구  인사동5길 29
004985,,,
004990,"신동빈, 고정욱, 노준형",19670324,서울특별시 송파구 올림픽로 300 롯데월드타워
00499K,,,
005010,"박훈, 윤형원(각자 대표이사)",19670418,"서울특별시 강남구  테헤란로 512 (대치동, 신안빌딩 14층)"
005030,장세훈,19670427,부산광역시 기장군 장안읍 신소재산단1로 10 부산주공(주)
005070,홍동환,19730628,충청북도 충주시 충주호수로 36 (목행동) 코스모신소재 주식회사
005090,"이우성, 박준영, 이복영",19670627,"서울특별시 서초구 양재대로 246 2층,3층 한국소비자원"
005110,이동우,19670710,부산광역시 연제구 중앙대로 1052 501호(연산동)
005180,김광수,19670913,경기도 남양주시 미금로65번길 45 (도농동) (주)빙그레
005250,"허일섭, 허용준",19671005,경기 용인시 구성읍 동백리 (주)녹십자 303
005257,,,
005300,박윤기,19671129,서울특별시 서초구 서초대로70길 15
005305,,,
005320,"홍종훈, 최용준(2인, 각자 대표이사)",19671208,서울특별시 송파구 위례성대로 138 2층(방이동)
005360,송하윤,19671228,"경기도 용인시 수지구  손곡로 17 (동천동, 모나미빌딩)"
005380,"정의선, 무뇨스 바르셀로 호세 안토니오, 최영일(각자 대표이사)",19671229,서울특별시 서초구  헌릉로 12
005385,,,
005387,,,
005389,,,
005420,김두영,19680212,서울특별시 서초구  반포대로 43 코스모빌딩 5층
005430,이수근,19680220,서울특별시 강서구  양천로 13 (방화동) 한국공항(주)
005440,"정지선, 장호진 (각자 대표이사)",19680227,서울특별시 강남구 테헤란로98길 12 13층
005490,"대표이사 회장  장인화, 대표이사 사장  이주태",19680401,경상북도 포항시 남구 동해안로 6261 -
005500,"최지현, 조규석",19680418,서울특별시 마포구  와우산로 121 삼진제약사옥
005610,"도세호, 정인호 (각자 대표이사)",19680628,경기도 시흥시 공단1대로 101
005680,"변동준, 김성수(각자 대표이사)",19680820,경기도 성남시 중원구  사기막골로 47 (상대원동)
005690,김현수,19680820,"서울특별시 강남구 언주로 874 (신사동, 쌍봉빌딩 7층)"
005720,"강병중, 강호찬, 문성희",19680910,경상남도 김해시  김해대로 2595
005725,,,
005740,윤석빈,19680918,서울특별시 용산구 한강대로72길 3
005745,,,
005750,강태식,19680920,경상남도 창원시 성산구  공단로 52
005800,"이의평, 이성원",19681021,서울특별시 금천구  가산디지털1로 104 (주)신영와코루
005810,박우동,19681022,인천광역시 계양구  아나지로 156 효성동 (주)풍산홀딩스
005820,신성엽,19681028,서울특별시 서초구  남부순환로 2495 원림빌딩 9층
005830,"김정남, 정종표",19681101,서울특별시 강남구  테헤란로 432
005850,"이성엽,정문호",19681107,대구광역시 북구 검단공단로 32 -
005870,"김영호, 이철승 (공동대표이사)",19681211,인천광역시 연수구  벤처로 87
005880,민상기,19681212,서울특별시 서대문구 신촌역로 30 -
005930,"전영현, 노태문",19690113,경기도 수원시 영통구  삼성로 129 (매탄동)
005935,,,
005940,"신재욱, 배광수",19690116,서울특별시 영등포구 여의대로 108 파크원NH금융타워(타워2)
005945,,,
005950,"김동민, 주봉진",19690117,서울특별시 서초구 사평대로 84 이수화학
005960,윤진오,19690124,서울특별시 강남구 테헤란로 137 코레이트 타워
005965,,,
006040,"김세훈, 박상진, 장인성",19690416,서울특별시 서초구 마방로 68 (양재동)
006060,대표이사 현석호,19690507,부산광역시 연제구 중앙대로 1079 장천빌딩 6층
006090,김택준,19690609,서울특별시 서초구 남부순환로 2159 (방배동)
006110,"한남희, 김진범",19690625,경기도 평택시 포승읍 평택항로 92 삼아알미늄 주식회사
006120,"최창원, 손현호",19690701,경기도 성남시 분당구 판교로 332 -
006125,,,
006200,박 명 덕,19690909,서울특별시 서초구  마방로10길 5
006220,이희수,19690919,제주특별자치도 제주시 1100로 3351 세기빌딩
006260,명노현,19620515,서울특별시 용산구 한강대로 92 LS용산타워 -
006280,허은철,19691101,경기도 용인시 기흥구  이현로30번길 107(보정동)
006340,서명환,19691129,충청남도 예산군  고덕면 호음덕령길 92
006345,,,
006360,"허윤홍, 김태진(각자 대표이사)",19691219,서울특별시 종로구 종로 33 그랑서울
006370,구정모,19691226,대구광역시 중구 동성로 30 9층 재무팀
006380,박성명,19691230,울산광역시 남구 사평로 126 -
006400,최주선,19700120,경기도 용인시 기흥구  공세로 150-20
006405,,,
006490,송병권,19700727,서울특별시 금천구 디지털로 130 남성프라자 613호
006570,"고은희, 이상원",19700401,서울특별시 서대문구  연희로 142
006650,강길순,19700602,서울특별시 종로구  자하문로 77 유남빌딩
006660,고호곤,19700611,경상남도 창원시 성산구  연덕로 176 삼성공조(주)
006740,권혁범,19700718,경기도 평택시 진위면 서탄로 9
006800,"김미섭, 허선호",19700923,서울특별시 중구 을지로5길 26 미래에셋 센터원빌딩 이스트타워
006805,,,
00680K,,,
006840,"고준, 채형석, 채동석 (각자 대표이사)",19701013,서울특별시 마포구 양화로 188 -
006880,조갑주,19701105,서울특별시 영등포구 여의나루로 53-1
006890,박기환,19701111,서울특별시 강서구  공항대로 467 (등촌동)
006980,한재규,19701230,대전광역시 대덕구 한밭대로 1027
007070,허서홍,19710213,서울특별시 강남구 논현로 508GS타워(역삼동 679)
007110,조용철,19710226,서울특별시 강동구 성내로 19 서경빌딩 6층
007120,박우람,19710301,서울시 강남구 삼성로648 삼성동
007160,"주진우, 김치곤(각자대표)",19710319,서울특별시 서대문구  통일로 107-39 사조산업빌딩 5층
007210,김 성 식,19710409,"서울특별시 중구  퇴계로 307 광희동 1가, 광희빌딩"
007280,"한길구, 박성우",19710518,경상남도 함안군 칠서면 공단동길 98 -
007310,"함영준, 황성만",19710603,경기도 안양시 동안구  흥안대로 405
007340,김상헌 김인환,19710623,경상남도 양산시 산막공단북11길 103 -
007460,김재섭,19711115,"경기도 성남시 중원구 둔촌대로 545 경기도 성남시 중원구 둔촌대로545, 비1층 (상대원동, 한라시그마밸리)"
007540,박진선,19711209,서울특별시 중구 충무로 2
007570,정유석,19460701,경기도 용인시 기흥구  하갈로 110
007575,,,
007590,"염병만, 염병진",19711231,"서울특별시 관악구  남부순환로 2028 남현동, 동방빌딩"
007610,권  혁,19720122,경기도 안산시 단원구 시화벤처로 444 (성곡동)
007660,최창복,19720204,대구광역시 달성군  논공읍 논공로53길 36 이수페타시스
007690,"이시창, 황문성",19720222,서울특별시 금천구  가산디지털2로 61
007700,박의헌,19720224,서울특별시 강남구 테헤란로8길 8 센터포인트강남
007810,장세준,19720411,경기도 안산시 단원구  강촌로139번길 9
007815,,,
00781K,,,
007860,정대영,19720421,경기도 안양시 동안구 부림로170번길 41-22(관양동) -
007980,임석원,19720630,서울특별시 구로구 디지털로31길 12 태평양물산
008040,이창주,19720726,서울특별시 서초구 방배천로2길 12 사조빌딩
008060,김영재,19720811,경기도 안산시 단원구 강촌로 230 (목내동)
00806K,,,
008250,문보영,19721207,인천광역시 남구 염전로 91
008260,이창환,19721214,서울특별시 동작구 동작대로 35 -
008350,"조현기, 정순원, 김제욱(각자대표)",19730104,대구광역시 달성군  논공읍 논공중앙로 288
008355,,,
008420,이창환,19730121,서울특별시 동작구 동작대로 35 -
008490,양주환,19730130,충청북도 청주시 흥덕구 오송읍 오송생명로 61 -
008600,지영민,19730309,충청남도 천안시 동남구  만남로 76
008700,"공동대표이사 : 유성준, 박준구",19730420,서울특별시 구로구 디지털로27가길 27아남빌딩
008730,"송녹정,신동윤",19730501,서울특별시 동작구 여의대방로 112 도연관 15층
008770,이부진,19730509,서울특별시 중구 동호로 249 (주) 호텔신라
008775,,,
008870,고기영,19730605,경기도 이천시 부발읍 중부대로1707번길 13
008930,김재교,19730615,경기도 화성시 팔탄면 무하로 214 한미약품(주) 팔탄공단
008970,이곽우,19730628,충청남도 천안시 동남구  풍세면 풍세로 515 동양철관(주)
009070,류주환,19730720,서울특별시 중구 남대문로 63 한진빌딩
009140,김성은,19730806,"서울특별시 금천구  가산디지털2로 184 1411호(가산동,벽산/경인디지털밸리2)"
009150,장덕현,19730808,경기도 수원시 영통구  매영로 150
009155,,,
009160,최진식,19730809,인천광역시 부평구  부평북로 141 (주)SIMPAC
009180,고정한,19730814,서울특별시 중구 을지로 100 파인애비뉴 B동 22층
009190,조상종,19730822,충청남도 예산군  신암면 추사로 146-8
009200,이도균,19730829,경상남도 진주시  남강로 1003 (상평동)
009240,김유진(대표집행임원),19730912,경기도 안산시 단원구 번영2로 144
009270,박정주,19730926,서울특별시 마포구  독막로 328 신원빌딩
009290,"최성원, 박상영(각자대표)",19631016,경기도 과천시 과천대로7다길 52 광동 과천 타워
009310,안경환,19731004,"경기도 성남시 분당구 수내로46번길 4 8층 (수내동, 경동빌딩)"
009320,"서중호,문종은",19731013,전라북도 정읍시  공단2길 3
009410,이강석,19731120,경기도 광명시 신기로 20 -
009415,,,
009420,"박수진,박승국(공동대표이사)",19731120,대전광역시 대덕구  상서당1길 43
009440,이태영,19731127,서울특별시 마포구 상암산로 34디지털큐브 12층
009450,"손연호, 손흥락, 장희철",19781113,경기도 평택시 서탄면 수월암길 95 -
009460,"KIM JOONYOUNG, 이상무 각자대표",19731206,경상남도 양산시  웅상대로 1564 (주)한창제지
009470,"오영주, 박종온",19731210,충청북도 청주시 흥덕구  봉명로 3 (복대동)
009540,"정기선, 김형관 (각자 대표이사)",19731228,"경기도 성남시 분당구 분당수서로 477 정자동, HD현대그룹 글로벌 R&D센터"
009580,이도균,19740116,울산광역시 울주군 온산읍 우봉강양로 3-36 -
009680,"김희진, 신현돈(각자 대표이사)",19740307,"서울특별시 종로구 청계천로 41 9층(서린동, 영풍빌딩)"
009770,전성오,19740409,경기도 평택시 고덕면 해창리 250
009810,"김재욱, 선영",19740417,서울시 강남구 삼성로648 4층 삼성동
009830,"박승덕, 남정운, 김동관",19740427,서울특별시 중구 청계천로 86 한화빌딩
009835,,,
009900,최우철,19820417,경상북도 경주시 천북면 천북산단로 91
009970,성래은,19740620,서울특별시 중구 만리재로 159 (주)영원무역
010040,변성희,19740624,충청남도 당진시  송산면 무수들길 370
010060,"이우현, 이수미(2인, 각자 대표이사)",19740701,서울특별시 중구  소공로 94 OCI 빌딩
010100,이현덕,19740715,울산 동구 동부동 194
010120,"구자균, 채대석",19740724,경기도 안양시 동안구  엘에스로 127 LS타워
010130,박기덕,19740801,서울특별시 종로구 종로33 (청진동) -
010140,최성안,19740805,경기도 성남시 분당구 판교로227번길 23 삼성중공업 판교R&D센터
010400,홍경모,19750127,서울특별시 서초구 방배로 166 한승빌딩 3층
010580,"유병선, 최세환(각자대표)",19750411,충청남도 아산시 도고면 도고면로 48-15 (주)지코
010640,최재호,19750607,경기 평택시 세교동 536-8번지
010660,"권형석, 권형운 (공동대표이사)",19750614,서울특별시 서초구  방배로 46
010690,"정서진, 배현주",19740701,경상북도 영천시  도남공단길 94-2
010770,"황순용, 김주영",19501030,대구광역시 달성군  논공읍 논공로 597
010780,"배기문, 남병옥",19750901,"경기도 고양시 덕양구 으뜸로 50 12,13,14층"
010820,손경석,19750925,경상남도 창원시 성산구  남면로 485 퍼스텍(주)
010950,Anwar A. Al-Hejazi (안와르 에이 알-히즈아지),19760106,서울특별시 마포구  백범로 192
010955,,,
010960,"심재범, 이영열",19760115,충청남도 당진시  면천면 면천로 183
011000,"한우근, 김경진(각자대표)",19760127,서울특별시 구로구 디지털로26길 5 에이스하이엔드타워1차 1403호
011070,문혁수,19760224,서울특별시 강서구 마곡중앙10로 30 LG사이언스파크
011090,박진규,19760304,서울특별시 서초구 서초대로73길 40(서초동)
011150,임항순,19760315,경기도 성남시 중원구  둔촌대로388번길 32 (상대원동)
011155,,,
011170,"신동빈, 이영준, 주우현",19760316,서울특별시 송파구 올림픽로 300 롯데월드타워
011200,최원혁,19760325,부산광역시 동구 중앙대로 244 -
011210,권오성,19760329,경상남도 창원시 성산구  정동로 153
011230,"오영주, 이건화",19760401,경기도 용인시 처인구  남사면 경기동로 215 삼화전자공업(주)
011280,강재영,19760412,경기도 시흥시 공단1대로379번안길 74
011300,임종찬,19760420,대구광역시 북구  검단동로 35 (검단동)
011330,이종완,19760427,경기도 안산시 단원구 해봉로 38
011390,유광명,19760515,부산광역시 사상구 장인로 35 (감전동)
011420,이반석,19750506,서울특별시 강남구  학동로 311 미성빌딩 7층
011500,"김응상, 경상호 (각자대표)",19760710,"전라북도 군산시  외항1길 24 (소룡동,0)"
011690,강석환,19761104,경기도 화성시 팔탄면 시청로 971 212호
011700,최영민,19761123,경기도 안산시 단원구  해봉로330번길 23 신길동
011760,"정몽혁, 김원갑, 장안석(각자대표이사)",19761208,서울특별시 종로구 율곡로2길 25 연합미디어센터빌딩 16층
011780,백종훈,19761210,"서울특별시 중구 청계천로 100 (수표동, 시그니쳐타워)"
011785,,,
011790,김종우,19730716,경기도 수원시 장안구 정자로 102 SKC첨단기술중앙연구소 (정자동 911-10)
011810,박상준,19761224,경상남도 창원시 성산구  중앙대로 105
011930,이지선,19770120,"경기도 과천시 과천대로7길 20 A타워 14층,15층"
012030,"문덕식,강운식 (각자 대표이사)",19770315,서울특별시 강남구 삼성로96길 23 7층
0120G0,김경진,20251103,경기도 성남시 분당구 판교로 295
012160,"강근욱, 변태용(각자대표이사)",19770420,충청남도 보령시 주교면 관창공단길 50 -
012170,신민규,19770421,"서울특별시 강남구 언주로 729 8층(논현동, 마스터스빌딩)"
012200,임영환,19770427,서울특별시 강남구 테헤란로 508 (대치동)해성2빌딩 2층
012205,,,
012280,최동윤(단독 대표이사),19770607,경상남도 창원시 진해구  남의로 57 (남양동)
012320,정승진,19770615,경기도 성남시 분당구 수내로46번길 4 경동빌딩 -
012330,"정의선, 이규석",19770701,서울 강남구 역삼1동 로담코빌딩 140-2
012450,"김동관, 손재일",19770801,경상남도 창원시 성산구  창원대로 1204
012510,- 이강수 - 지용구,19770820,강원도 춘천시 남산면 버들1길 130
012610,"김흥준,조성용 (각자대표이사)",19771014,인천광역시 서구  건지로 199 (석남동) 223-52
012630,"정몽규, 도기탁 (각자 대표이사)",19771014,서울특별시 종로구 경희궁1가길 9 -
012690,이석주,19771028,서울특별시 동작구  보라매로5길 15 전문건설회관빌딩 21층 (주)모나리자
0126Z0,김경아,20251103,인천광역시 연수구 송도교육로 76 삼성에피스홀딩스
012750,"정해린, 하나오카 타쿠로",19771128,서울 중구 순화동 168 에스원빌딩 17층 총무팀
012800,"조시영, 조정호",19771219,경기도 시흥시 공단1대로 391
013000,안백순,19780301,인천광역시 남구 염전로261번길 26-48
013360,백종탁,19780623,경기도 용인시 기흥구 용구대로2469번길 10 죽전 일성트루엘 B105호
013520,"허성룡,현지호",19780915,부산광역시 연제구 중앙대로 1079 -
013570,"김진호, 한상철",19781005,인천광역시 남동구  남동서로362번길 36 (남촌동)
013580,"오태식, 윤길호",19781011,대전광역시 서구 문정로48번길 48 -
013700,"손병재, 권순영 (각자 대표이사)",19781222,경기도 이천시 대월면 경충대로 1937번길 57
013870,"정세영, 송병영",19790320,경상남도 창원시 성산구  웅남로 618(성산동)
013890,정백재,19790308,"경기도 성남시 분당구 야탑로81번길 10,8층(야탑동, 아미고타워)"
014130,유인철,19790515,경기도 화성시 양감면 초록로 103 (주)한익스프레스
014160,"강병은,손용수",19790601,"경기도 안산시 단원구 산단로 265 (원시동, 대영포장(주))"
014280,"전장열, 전재범 (각자 대표이사)",19790808,부산광역시 사하구  다산로 110
014285,,,
014440,김태훈,19791211,충청북도 청주시 흥덕구 강내면 서부로 230-23
014530,"장홍선, 장선우 (각자대표)",19791228,경상남도 양산시  어실로 101
014580,"김민정, 정구일, 박충기 (각자 대표이사)",19800122,서울특별시 강서구  공항대로 467 (등촌동)
014680,한장안,19800313,서울특별시 강남구 테헤란로 513K Tower 7F / 8F
014710,김치곤,19800327,"서울특별시 서대문구 통일로 107-39 502(충정로2가, 사조빌딩)"
014790,홍석화,19800502,서울특별시 송파구 올림픽로 289
014820,"조점근, 정용욱, 신동만, 윤성노",19800510,충청남도 아산시 둔포면 아산밸리동로 100 -
014825,,,
014830,"이우일, 김상배",19800510,서울특별시 중구  을지로5길 19
014910,신준섭,19800711,경기도 평택시  세교산단로 61
014915,,,
014990,김한수,19800908,서울특별시 강남구  테헤란로104길 21
015020,"김승제,김동현(각자대표)",19800930,서울특별시 양천구 오목로 325 대학빌딩 5층
015230,박권일,19810101,경상남도 김해시 생림면 봉림리 1072-1
015260,전운관,19810121,인천광역시 남동구 남동대로 248 (주)에이엔피
015360,"구본혁, 최세영",19810305,서울특별시 용산구 한강대로 92 LS 용산타워
015590,"백부기, 이문두",19810930,울산광역시 남구  처용로 260-37
015760,김동철,19610701,전라남도 나주시 전력로 55 -
015860,허정석,19820127,경기도 화성시  만년로 905-17
015890,"김해련, 박충기, 김민정 (각자 대표이사)",19820215,서울특별시 강서구 공항대로 467 4층(등촌동)
016090,신윤황,19820525,"서울특별시 강남구 언주로 619 (논현동, 대현그린타워)"
016360,박종문,19821019,서울특별시 서초구 서초대로74길 11 (서초동)
016380,김성일,19821027,"서울특별시 중구 통일로 92 케이지타워 서울 중구 순화동 1-170, 케이지타워, 5층"
016450,"김동녕, 김석환(각자 대표이사)",19821118,서울특별시 영등포구 은행로 30 중소기업중앙회 6층
016580,"이광식, 이원범(각자 대표이사)",19821216,"서울특별시 송파구 법원로6길 11 (문정동, 환인빌딩)"
016590,"권혁홍, 권택환 (각자대표이사)",19821217,경기도 안산시 단원구 별망로 129 -
016610,곽봉석,19821220,서울특별시 영등포구 국제금융로8길 32 동부증권빌딩
016710,대표이사 김영훈 대표이사 김정주,19830131,대구광역시 중구 명덕로 85 대성홀딩스
016740,"조인회, 정재열",19830211,서울특별시 강남구 언주로 726 두산빌딩 12층
016800,"박정희, 배상돈",19830311,서울특별시 송파구 오금로 311 오금동
016880,"윤새봄, 이수영 각자대표",19830321,서울특별시 중구 청계천로 24 케이스퀘어 시티
017040,조광식,19830608,경기도 안산시 단원구  목내로 160 (목내동)
017180,배철한,19830901,경기도 화성시  향남읍 제약공단2길 26
017370,허우영,19840223,서울특별시 영등포구  영등포로 20
017390,공동대표이사 진용민 공동대표이사 황주석,19831128,서울특별시 강서구 공항대로 607 (염창동)
017550,김병현 (단독대표),19840302,경기도 화성시  양감면 정문송산로 260
017670,정재헌,19840420,서울특별시 중구  을지로 65 (을자로2가)
017800,조재천,19840523,충청북도 충주시 충주산단1로 128 현대엘리베이터 -
017810,이우봉,19840531,충청북도 음성군 대소면 삼양로 730-27
017860,한승욱,19840806,경기도 시흥시 협력로 165
017900,최재완,19840731,전라북도 익산시 약촌로8길 62-8 (어양동)
017940,"구자용, 한상훈 (각자 대표이사)",19840906,서울특별시 용산구 한강대로 92 LS용산타워
017960,"조문수, 조연호 (2인, 각자대표이사)",19840917,경상남도 밀양시 부북면 춘화로 85
018250,김상준,19850425,서울특별시 마포구 양화로 188 -
018260,이준희,19850501,서울특별시 송파구 올림픽로35길 125(신천동)
018470,"이영호,성원모",19850919,경상북도 경산시  진량읍 공단6로 98
018500,"이은우, 박승룡, 이승재(각자대표)",19851214,경상북도 경산시  진량읍 북리1길  69
018670,윤병석,19851220,경기도 성남시 분당구 판교로 332 ECO Hub
018880,대표이사 이수일,19860311,대전광역시 대덕구  신일서로 95
019170,유 제 만,19860723,경기도 안산시 단원구 원시로 7
019175,,,
019180,"이광연, 채승훈",19860723,대구광역시 달서구 성서로71길 43
019490,"김정수, 장윤식(공동대표이사)",19861110,경기도 안성시 서운면 안성맞춤대로 16 나동 2층 202호
019680,강호준,19861220,서울특별시 관악구 보라매로 3길 23 (보라매동 729-21) 대교타워
019685,,,
020000,김민덕,19870525,서울특별시 강남구  도산대로 523 한섬빌딩
020120,"허흥범, 박건원 (각자대표)",19870729,서울특별시 성동구 연무장11길 8 성수2가 273-50
020150,김연섭,19870811,전라북도 익산시 석암로3길 63-25
020560,송보영,19880217,서울특별시 강서구  오정로 443-83
020760,김태완,19940401,충청북도 음성군  대소면 대금로 157
021050,"조경호, 박주황",19880907,"경기도 안산시 단원구  산단로67번길 94  (목내동, (주)서원)"
021240,서장원,19890502,충청남도 공주시 유구읍 유구마곡사로 136-23
021820,장제상,19890729,대구광역시 달서구 달서대로 554
022100,심민석,19891118,경상북도 포항시 남구 호동로 68
023000,"남상문, 박민희(각자대표)",19920721,경상북도 포항시 남구  대송면 철강산단로66번길 40
023150,"최동호, 김일환",19780704,경상남도 창원시 마산회원구 내서읍 광려천남로 25
023350,김한영,19630309,경기도 하남시 덕풍동로 111-21 (덕풍동)
023450,"김정돈, 박미령 (각자대표)",19651001,충청남도 공주시 탄천면 탄천산업단지길 80-61 -
023530,"신동빈, 정현석, 차우철, 임재철",19700702,서울특별시 중구  남대문로 81 (소공동)
023590,김윤덕,19860109,경기도 성남시 수정구 금토로 69 4층
023800,"정혜승, 강혁진(각자대표이사)",19780131,"경기도 시흥시  군자천로 171 (정왕동, 시화공단2다504)"
023810,"최웅선,최장돈",19690625,서울특별시 송파구 백제고분로 450 -
023960,송한규,19710114,"서울특별시 강서구 공항대로 396 7,8층"
024070,"구조웅, 구영일",19780509,경기도 안산시 단원구  강촌로 237
024090,"정연택, 정동우(각자 대표)",19870302,경상남도 양산시  웅상농공단지길 55
024110,장민영,19610725,서울특별시 중구 을지로 79 중소기업은행본점
024720,윤상현,19900515,세종특별자치시  전의면 덕고개길 12-11
024890,강동엽,19740523,서울특별시 강남구 테헤란로2길 8 4층 13호
024900,"윤성희, 배운교",19770711,울산광역시 북구  효암로 366
025000,"양준영, 박승구, 이찬수(각자대표이사)",19740701,서울특별시 마포구  마포대로 137  KPX빌딩
025530,"김용호, 김휘중(각자대표이사)",19750331,경기도 안산시 단원구 별망로459번길 20
025540,"이창원,이원준",19730420,인천광역시 연수구 갯벌로 38
025560,이창재,19901226,충청남도 천안시 서북구 백석공단7로 65 (백석동)
025620,윤경욱,19720630,서울특별시 강남구 선릉로146길 47 지하1층 - 4층
025750,김경록,19911227,서울특별시 동작구 보라매로5길 15 전문건설회관빌딩
025820,"안월환, 김영길(각자 대표이사)",19710116,경기도 평택시 포승읍 포승공단로 42 이구산업(주)
025860,김창수,19740508,서울특별시 강남구 테헤란로113길 15 (삼성동)
025890,하만규,19870826,경상남도 함안군 법수면 장백로 585 -
026890,"곽동걸, 강신우",19820624,서울특별시 강남구 테헤란로78길 12 MSA빌딩
026940,남상규/손일호,19760823,광주광역시 광산구 하남산단9번로 90 (안청동)
026960,"윤세철, 김종희 (공동대표이사)",19750516,서울특별시 마포구 독막로 324 동서빌딩
027410,홍정국,19941201,서울특별시 강남구 테헤란로 405
027740,"안정원,엄영철(각자 대표이사)",19850927,경기도 용인시 기흥구 구성로 278 -
027970,강준석,19840716,울산광역시 울주군 온산읍 원산로 40 한국제지 온산공장
028050,남궁홍,19781019,서울특별시 강동구 상일동 500 삼성 GEC
028100,"최정욱, 정경수",19731130,부산광역시 금정구  금샘로 347 동아지질
028260,"오세철, 이재언, 송규종",19631223,서울특별시 강동구 상일로6길 26 -
02826K,,,
028670,"김홍국, 안중호(각자 대표이사)",19660528,서울특별시 종로구 종로5길 7 Tower 8 팬오션(주)
029460,"고상걸, 권홍빈(각자대표이사)",19870216,경기도 안성시 미양면 제2공단3길 30 -
029530,서동규,19600707,서울특별시 성동구  성수이로24길 3 (주)신도리코
029780,김이태,19830324,서울특별시 중구  세종대로 67
030000,김종현,19730117,서울특별시 용산구  이태원로 222 제일기획
030190,김종윤,19850228,서울특별시 영등포구 은행로 17
030200,박윤영,19811210,경기도 성남시 분당구 불정로 90 KT 본사
030210,"이병철, 황준호 (각자 대표이사)",19810501,서울특별시 영등포구 여의나루로 60 여의도포스트타워
030610,"박봉권, 이석기 (각자대표)",19491122,서울특별시 영등포구 의사당대로 97 교보증권빌딩
030720,"WANG KI YONG JR, 왕인상",19700505,서울특별시 마포구 독막로8길 38 동하빌딩 4층
031210,이명순,19690219,서울특별시 종로구 김상옥로 29
031430,"김덕주, 서민성, 이승민 (각자 대표이사)",19801025,서울특별시 강남구 도산대로 449 -
031440,임형섭,19791011,"서울특별시 성동구 성수일로 56 성수동BY센터 4-7층(성수동2가, 백영 성수빌딩)"
031820,한상욱,19830818,"경기도 과천시 과천대로12길 117 제이동 801호,802호,901호(갈현동,과천펜타원)"
032350,"김기병, 백현, 김한준",19710524,제주특별자치도 제주시 노연로 12 (노형동)
032560,김종현,19860825,경기도 안산시 단원구 엠티브이1로 25 (주)황금에스티
032640,홍범식,19960711,서울특별시 용산구 한강대로 32 (한강로3가) LG유플러스 용산사옥
032830,홍원학,19570404,서울특별시 서초구 서초대로74길 11 (서초동) 삼성생명보험 주식회사
033240,"김상면, 김찬용(각자대표)",19870201,충청북도 청원군  북이면 충청대로 1217
033250,"이명곤, 김성광(각자대표이사)",19890803,경상북도 경산시 진량읍 일연로 528
033270,강덕영,19871203,세종특별자치시 전동면 노장리 404-10
033530,"이동원, 옥현근 (각자 대표이사)",19760610,울산광역시 북구 공단길 4 (효문동)
033780,방경만,19870401,대전광역시 대덕구 벚꽃길 71 주식회사 케이티앤지
033920,"최낙준, 최재호(각자 대표이사)",19730919,경상남도 창원시 마산회원구  봉암공단2길 6
034020,"박지원, 정연인, 박상현",19620920,경상남도 창원시 성산구  두산볼보로 22 두산중공업 주식회사
034120,방문신,19901114,서울특별시 양천구  목동서로 161
034220,정철동,19850228,서울특별시 영등포구 여의대로 128 LG트윈타워 (동관 12층)
034230,"최종환, 임준신 (각자대표)",19720427,서울특별시 중구 퇴계로 299
034310,조대민,19860911,서울특별시 영등포구 은행로 17 (여의도동) NICE 그룹 1사옥
034590,정진서,19830307,인천광역시 서해구 백범로934번길 23 -
034730,"최태원, 장용호",19910413,서울특별시 종로구 종로 26 SK주식회사
03473K,,,
034830,"최윤성, 김성진(각자 대표이사)",19960404,서울특별시 강남구 테헤란로 137 코레이트타워
035000,박애리,19840530,서울특별시 마포구  마포대로 155 LG마포B/D15F
035150,"김한준, 전제형(각자 대표이사)",19861006,경기도 시흥시 공단1대로27번길 47
035250,남한규,19980629,강원도 정선군 사북읍 하이원길 265 강원랜드
035420,최수연,19990602,경기도 성남시 분당구 정자일로 95 1784
035510,양윤지,19970429,"서울특별시 강남구 테헤란로 231 이스트 24층(역삼동, 센터필드)"
035720,정신아,19950216,제주특별자치도 제주시 첨단로 242
036420,"이중원, 홍정인(각자대표)",19870928,서울특별시 강남구 도산대로 156
036460,최연혜,19830818,대구광역시 동구 첨단로 120-
036530,김도환,19820927,서울특별시 강남구 테헤란로 305 한국기술센터 20층
036570,"김택진, 박병무 (공동대표이사)",19970311,경기도 성남시 분당구 대왕판교로644번길 12 엔씨알앤디센터
036580,김남욱,19991001,경기도 안성시  미양면 제2공단4길 33
037270,최성준,19961115,"서울특별시 영등포구 국제금융로 10 19층, (여의도동, 쓰리아이에프씨)"
037560,송구영,19950331,"경기도 고양시 덕양구 동송로 30 17층(동산동, MBN미디어센터)"
037710,이동훈,19950410,광주광역시 서구  무진대로 932 (주)광주신세계
039130,송미선,19931101,서울특별시 종로구 인사동5길 41 (주)하나투어
039490,엄주성,20000401,서울특별시 영등포구 의사당대로 96 TP타워(사학연금 서울회관)
039570,이준형,19990917,서울특별시 서초구 효령로 346 서초 HDC랩스 타워
041650,박세종,19750813,대구광역시 달성군 논공읍 논공중앙로33길 10
042660,김희철,20001023,경상남도 거제시 거제대로 3370 (아주동)
042700,곽동신,19801224,인천광역시 서구 가좌로30번길 14
044380,김희라,19880510,서울특별시 서초구 사임당로 32 2층(서초동)
044450,박찬도,19840627,서울특별시 종로구 인사동길 12 대일빌딩 8층
044820,"허민호, 이병주",19921112,"경기도 성남시 분당구 판교로 255 에프-801(삼평동,판교이노밸리)"
047040,김보현,20001227,서울특별시 중구 을지로 170 (을지로4가)
047050,대표이사 사장 이계인,20001227,서울특별시 강남구 테헤란로 440 포스코센터
047400,이우선,20000630,대구광역시 달서구  성서공단남로 151
047810,김종출,19991001,경상남도 사천시  사남면 공단1로 78 한국항공우주산업
049800,김익환,19920103,충청북도 보은군 장안면 우진플라임로 100 본관동
051600,김홍연,19840327,전라남도 나주시 문화로 211 -
051630,임경섭,20010103,울산광역시 남구  장생포로 93
051900,이선주,20010403,서울특별시 중구 후암로 98 LG서울역빌딩
051905,,,
051910,김동춘,20010401,서울특별시 영등포구  여의대로 128
051915,,,
052690,김태균,19751001,경상북도 김천시 혁신로 269 (율곡동)
053210,지정용,20010112,"서울특별시 마포구 매봉산로 758층, 9층"
053690,"윤요현, 박서영",19960618,서울특별시 강남구 테헤란로87길 36 도심공항타워 층
055490,허지행,19940801,"경기도 수원시 영통구 대학4로 17 제8층 812호, 813호(이의동, 에이스광교타워 1차)"
055550,진옥동,20010901,서울특별시 중구 세종대로9길 20 태평로2가
057050,"정교선, 한광영(각자 대표이사)",20010529,서울특별시 강동구  올림픽로70길 34
058430,대표이사 사장 천시열,19880215,경상북도 포항시 남구  철강로 173 포스코강판주식회사
058650,"이태성, 김수호",20010701,서울특별시 마포구 양화로 45
058730,"한상원, 한남철",19960126,전라남도 화순군  동면 동농공길 26-2
058850,이창호,20010702,대전광역시 서구 갈마로 160
058860,양율모,20010627,서울특별시 영등포구 여의대로 14 케이티빌딩 10층
060980,김광헌,19991127,경기도 용인시 기흥구 기흥단지로 46 -
062040,"박동석, 한익희 (공동대표)",19940326,경기도 안산시 단원구 시화벤처로 481
063160,박완갑,20011112,서울특별시 서대문구  충정로 8
064350,이용배,19990701,경상남도 창원시 의창구  창원대로 488
064400,현신균,19870114,서울특별시 강서구 마곡중앙8로 71
064960,권형순,20020206,부산광역시 기장군  철마면 여락송정로 363
066570,류재철,20020401,서울특별시 영등포구  여의대로 128 LG트윈타워
066575,,,
066970,허제홍,20000727,대구광역시 달서구 이곡동로 11
067830,이상준,20020508,서울특별시 노원구  한글비석로 57 (하계동)
068270,"기우성, 서진석",19910227,인천광역시 연수구 아카데미로 23
068290,김진용,20020702,서울특별시 서초구  명달로 94 (주)삼성출판사
069260,김우찬,20020915,서울특별시 중구 마른내로 27 타워107 15층
069460,육영수,20021001,대구광역시 달성군  논공읍 논공중앙로 211
069620,"이창재, 박성수",20021001,경기도 화성시 향남읍 제약공단4길 35-14 -
069640,"김지원, 임동환(각자 대표이사)",19950331,서울특별시 강남구  논현로 633
069730,"홍하종, 홍석빈 (각자 대표이사)",19710901,전라남도 순천시  서면 산단1길 15
069960,"정지선, 정지영 (각자대표)",20021101,서울특별시 강남구 테헤란로98길 12 -
070960,박인준,20000214,강원도 평창군  대관령면 올림픽로 715
071050,김남구,20030111,서울특별시 영등포구  의사당대로 88
071055,,,
071090,엄정근,20030101,충청남도 당진시 송악읍 부곡공단4길 28-252
071320,하동근,19851101,경기도 성남시 분당구 분당로 368
071840,남창희,19870701,서울특별시 강남구  삼성로 156  롯데하이마트빌딩
071950,노병구,19920724,서울특별시 영등포구 선유로52길 17
071970,유정대,20010615,경상남도 창원시 성산구 적현로 222 STX중공업
072130,유지원,19990714,경기도 성남시 분당구 황새울로240번길 3
072710,황청용,20030710,서울특별시 동작구  여의대방로 112 (신대방동)
073240,정일택,20030630,전남광주통합특별시 광산구 어등대로 658 -
074610,"최용인, 홍은식 각자대표",20031203,경기도 화성시  비봉면 현대기아로 818-11
075180,"정석태, 쿠마카와 테츠야",19990331,충청남도 천안시 동남구 병천면 가전5길 133
075580,"김진종, 윤지원 (각자대표)",19990920,울산광역시 울주군 온산읍 당월로 216-18
077500,앤드류김,19951125,"경기도 성남시 분당구  황새울로 314 (서현동,유니퀘스트빌딩)"
077970,이상수,20040401,경상남도 창원시 성산구  공단로474번길 36
078000,"금한태, 배성 (각자 대표이사)",20000111,서울특별시 서초구  법원로3길 20-7
078520,신유정,20000107,"서울특별시 중구 남대문로 78 7층(명동1가, 타임워크명동빌딩)"
078930,"허태수, 홍순기 (각자 대표이사)",20040701,서울특별시 강남구 논현로 508
078935,,,
079160,정종민,19990330,서울특별시 용산구 한강대로23길 55 아이파크몰 6층(한강로동)
079430,민왕일,19990610,경기도 용인시 처인구  남사면 경기동로 316 리바트
079550,신익현,19980225,경기도 용인시 기흥구 마북로 207 엘아이지넥스원(주)
079900,"고현국, 이형환 (각자대표)",19991112,충청북도 음성군  금왕읍 대금로 1264
079980,김석현,20001101,서울특별시 강남구  학동로 343
081000,박성진,20041202,충청북도 음성군  대소면 대금로 157
081660,윤근창,19910723,"서울특별시 성북구 보문로 35 9층, 10층"
082640,성대규,19890701,서울특별시 종로구 종로 33 (청진동)
082740,김종서,19991230,경상남도 창원시 성산구 공단로 67 (신촌동)
083420,양준화,20030101,충남 서산시 대산읍 독곳리 411-13
084010,이경백,19540610,부산광역시 사하구 하신번영로 69
084670,최성원,20050704,경기도 안양시 동안구 흥안대로 67
084680,"박동진, 민혜정",20050705,대구광역시 달서구  두류공원로 200
084690,"임창욱, 최성수 각자대표이사",20050801,서울특별시 중구 세종대로9길 41 올리브타워 2층
084695,,,
084870,우종완,20010101,서울특별시 송파구 중대로 168 신한빌딩(가락동)
085310,박제완,19840801,부산광역시 강서구 과학산단로 194-11 (주)엔케이
085620,"김재식, 황문규",19880307,"서울특별시 마포구 만리재로 24 (신공덕동, 미래에셋생명빌딩)"
086280,이규복,20010222,서울특별시 성동구 왕십리로 83-21 -
086790,함영주,20051201,서울특별시 중구 을지로 66 (을지로 2가)
088350,"권혁웅, 이경근",19460909,서울특별시 영등포구 63로 50
088790,임병남,20060303,서울특별시 금천구  가산디지털1로 75
089470,신 우 철,20000115,충청남도 당진시  석문면 대호만로 1221-32 현대EP 주식회사
089590,김이배,20050125,제주특별자치도 제주시 신대로 64 3층
089860,최진환,20051020,"경기도 안양시 동안구 전파로 88, 8층"
090080,"황순용, 김주영",20060502,대구광역시 달성군 논공읍 논공로 597
090350,김종우,20060602,경기도 안양시 만안구  박달로 351
090355,,,
090370,하지성,20001103,"서울특별시 강남구 선릉로 801 3층(신사동, 배강빌딩)"
090430,"서경배, 김승환",20060601,서울특별시 용산구 한강대로 100 (한강로2가)
090435,,,
090460,최영식,19990310,인천광역시 부평구 평천로199번길 25
091810,이상윤,20030701,대구광역시 중구 동덕로 167 케이티대구타워 신관 10층 (동인동2가)
092200,김정렬,19760803,울산광역시 울주군  두동면 봉계농공길 8
092220,배석홍,20060912,서울특별시 서초구  마방로10길 5
092230,양준영,20060901,서울특별시 마포구  마포대로 137 KPX빌딩 19층
092440,윤현도,19881101,"인천광역시 남동구  은봉로 111 49동 1호(논현동, 남동공단)"
092780,"홍순겸,양준규(각자대표)",19770701,경기도 안산시 단원구 해봉로255번길 16
092790,"김이용, 박영회(각자 대표이사)",19900115,경상북도 포항시 남구 대송면 송덕로212번길 195
093050,"오규식, 김상균 (각자 대표이사)",20061103,서울특별시 강남구 언주로 870 (신사동)
093240,최준호,20020425,"인천광역시 연수구 하모니로177번길 49 업무동 10층(송도동, 형지글로벌 패션복합센터)"
093370,김용민,20061124,경기도 화성시  팔탄면 현대기아로 72-37
094280,"남경환, 홍혜진(각자대표이사)",19970509,서울특별시 영등포구  선유동2로 57 이레빌딩 15층
095570,"문지회, 곽정호",20000210,"서울특별시 송파구 정의로8길 9 (문정동,AJ빌딩)"
095720,윤승현,20070509,경기도 파주시  회동길 20
096760,"이경하, 차성남",20070703,경기도 과천시 과천대로7길 38 -
096770,"추형욱, 장용호",20070703,서울특별시 종로구  종로 26
096775,,,
097230,"송경한, 유상철",20070803,부산광역시 영도구  태종로 233 한진중공업
097520,민동욱,20041222,"인천광역시 연수구 송도과학로16번길 13-39 엠씨넥스 타워 송도동, 엠씨넥스타워"
097950,"손경식,윤석환(각자 대표이사)",20070904,서울특별시 중구  동호로 330
097955,,,
100090,강영규,19961101,경상남도 고성군 동해면 내산3길 51-1
100220,양태회,20020121,경기도 과천시 과천대로2길 54 그라운드브이 14층
100250,"양준영, 최창호(각자대표이사)",20080107,부산광역시 부산진구 새싹로 73 -
100840,신경인,20080205,경상남도 창원시 성산구  완암로 12
101140,강지연,20080305,서울특별시 강남구 언주로135길 21 2층(논현동)
101530,"신정훈, 이상진(각자대표)",20010711,충청남도 천안시 서북구 성거읍 천흥8길 67-26
102260,"이만우, 백진우 (각자 대표이사)",20080514,부산광역시 사하구  신산로 99
102460,"정순옥, 유용환 (각자 대표이사)",19641125,"서울특별시 강남구 테헤란로 620 에이동 12층 (대치동, 미래에셋타워)"
103140,"류진, 박우동",20080704,경기도 평택시  포승읍 평택항로156번길 134 (주)풍산
103590,유상석(단독 대표이사),20080702,경기도 화성시  만년로 905-17
104700,이병제,20080903,경상남도 창원시 성산구  공단로103번길 12 한국철강(주)
105560,양종희,20080929,"서울특별시 영등포구 국제금융로8길 26 (여의도동, 국민은행 여의도본점)"
105630,"김익환, 김경, 김동녕",20090106,서울특별시 영등포구 은행로 29 정우빌딩
105840,"이재상, 백승한 각자대표",19800513,경기도 화성시 동부대로970번길 110
107590,"김정돈, 박미령",20090202,경기도 용인시 수지구 포은대로59번길 20 -
108320,이윤태,19991111,대전광역시 유성구 테크노2로 222
108670,노진서,20090402,서울특별시 종로구 새문안로 58 LX광화문빌딩
108675,,,
109070,허용호,20090225,충청남도 당진시 시곡로 307 -
111110,박용철 박진호,19850318,"서울특별시 마포구 마포대로 19 신화빌딩, 11층, 12층"
111380,정인수,19921215,경기도 김포시 통진읍 대곶북로 370-26
111770,성기학,20090702,서울특별시 중구  만리재로 159
112610,방성훈,20060816,서울특별시 강남구 언주로 723 -
114090,윤두현,20050906,서울특별시 강남구 삼성로 610 삼성동
117580,대표이사 김영훈 대표이사 박문희,20091001,대구광역시 중구 명덕로 85 (남산동)
118000,이수진,20091201,"경기도 화성시 병점중앙로 156 202호(진안동, 드림빌딩)"
119650,박기서,20100106,서울특별시 마포구 상암산로 34디지털큐브 12층
120030,장원영,20100101,경상북도 포항시 남구 괴동로 43 (장흥동)
120110,"허성, 김민태",20100105,서울특별시 강서구 마곡동로 110 코오롱 One&Only 타워
120115,,,
122900,김학재,20001208,서울특별시 강남구 삼성로 511 아이콘 삼성
123690,이용준,20100503,서울특별시 종로구 청계천로 35
123700,김휘중 (단독 대표이사),20100504,경기도 안산시 단원구  별망로459번길 20 (주)에스제이엠
123890,신찬혁,20010320,"서울특별시 강남구 테헤란로 306 (역삼동, 카이트타워)"
126560,김성일,19920316,"서울특별시 서초구 반포대로 19 (서초동, 현대퓨처넷빌딩)"
126720,"한봉섭,정보윤(각자대표)",19830416,충청남도 천안시 서북구 천일고3길 47
128820,"김영대,이은우(공동대표)",20100630,"서울특별시 구로구 경인로 662 (신도림동, 디큐브시티 9층, 11층)"
128940,황상연,20100705,경기도 화성시  팔탄면 무하로 214
129260,최우일,19560223,부산광역시 중구  충장대로9번길 52 마린센터 13층
130660,함흥규,19900411,서울특별시 중구  서소문로 115 한산빌딩
133820,장재훈,20070918,경상남도 창녕군 창녕읍 창밀로 259-33
134380,"김정만, 김태호 (각자대표)",20110103,울산광역시 남구  장생포로 247
134790,"김태은, 우인환 (각자대표)",20101216,경기도 평택시 세교산단로 67-20 (주)시디즈
136490,이범권,20110104,경기도 이천시  대월면 사동로 76
137310,이효근,20101227,"경기도 수원시 영통구 덕영대로1556번길 16 씨동 4층, 5층"
138040,김용범,20110328,서울특별시 강남구  강남대로 382
138930,빈대인,20110315,부산광역시 남구 문현금융로 30(문현동)
139130,황병우,20110517,대구광역시 북구 옥산로 111 대구은행 제2본점 9층
139480,한채양,20110503,서울특별시 중구 세종대로7길 37
139990,이현식,19991029,경상북도 구미시 4공단로 321
143210,"홍승재, 이현익(각자대표)",19720303,인천광역시 서구 가정로37번길 50
145210,황 응 연,19990402,광주광역시 북구 첨단연신로29번길 12 (주)다이나믹디자인(연제동 1036번지)
145720,"서승우, 윤병호",20000607,경기도 수원시 영통구 창룡대로 256번길 76(이의동) 덴티움지식산업센터
145990,이운익,20111103,서울특별시 종로구 종로33길 31 삼양사
145995,,,
155660,홍석빈,19650401,부산광역시 강서구 녹산산업중로192번길 7
161000,김성완,20120903,서울특별시 마포구 양화로 188 9층(동교동)
161390,"안종선, 이상훈(공동대표이사)",20120901,경기도 성남시 분당구 판교로 286 -
161890,최현규,20121002,세종특별자치시  전의면 덕고개길 12-11
163560,TANIYAMA KEN,20121005,부산광역시 금정구 공단동로55번길 28
170900,정재훈,20130304,서울 동대문구 용두동 138 ~255 천호대로 64
175330,김기홍,20130701,전라북도 전주시 덕진구  백제대로 566
178920,송금수,20080602,충청북도 진천군 이월면 고등1길 27
180640,"조원태, 류경표",20130801,서울특별시 중구 서소문로 117 -
18064K,,,
181710,정우진,20130801,경기도 성남시 분당구  대왕판교로645번길 16 플레이뮤지엄
183190,"임경태, 김웅종",20131002,서울 강남구 역삼2동 726 아세아타워빌딩 14층
185750,김영주,20131105,서울 서대문구 충정로3가 3가 368 종근당빌딩
192080,김가람,20120501,서울특별시 강남구 테헤란로 152 강남파이낸스센터 16층
192400,구본학,19781115,경상남도 양산시 유산공단2길 14(교동)
192650,"김형민, 박찬홍(각자대표)",19980922,경기도 성남시 분당구 대왕판교로 670 유스페이스2 A동 10층
192820,"최경, 이병만",20140303,"경기도 화성시  향남읍 제약공단1길 27, 2길 46"
194370,홍재성,19880201,서울특별시 송파구 위례성대로 138 (방이동)
195870,최영식,20140306,경상남도 창원시 성산구 웅남로 726
200880,강용석,20140702,경기도 안양시 동안구 부림로170번길 41-22 (관양동)
204320,조성현,20140902,경기도 평택시 포승읍 하만호길 32
207940,임존종보 (Rim John Chongbo),20110422,인천광역시 연수구 송도바이오대로 300
210540,박치웅,20141203,경상남도 창원시 성산구 웅남로 812 (성주동)
210980,김도현,20040427,경기도 성남시 분당구 판교로 332 (삼평동)
213500,"한경록, 고민혁",20150102,"서울특별시 중구 을지로 100 비동 (을지로2가, 파인애비뉴)"
214320,김정아,20050517,서울특별시 강남구 강남대로 308
214330,"김진곤, 김두인(각자대표)",19890701,광주광역시 광산구 용아로 717
214390,김태영,19870331,충청남도 아산시 실옥로 174
214420,"김승철, 배진형 (각자 대표이사)",20060726,서울특별시 서초구 남부순환로 2557 토니모리 빌딩
217590,지영완,20121231,충청남도 천안시 서북구 입장면 연곡길 443
226320,임진성,20060207,서울특별시 강남구 학동로 311 주식회사 잇츠한불
227840,"정몽혁, 김원갑, 권철호",20151002,서울특별시 종로구 율곡로2길 25
229640,이상호,20150515,"강원특별자치도 동해시 대동로 215 (송정동, 1686)"
234080,노정열,19940510,충청남도 당진시 송악읍 한진1길 28
241560,"스캇성철박, 조덕제",20140425,"경기도 성남시 분당구 정자일로 155 정자동, 분당두산타워"
241590,이계영,20151117,"부산광역시 연제구 중앙대로 1079 장천빌딩 6층 (연산동, 장천빌딩)"
244920,"곽근호, 황승목(각자대표)",20070607,"서울특별시 강남구 테헤란로4길 14 14층(역삼동, 미림타워)"
248070,전성호,20150702,경기도 용인시 기흥구 용구대로 2354 (마북동)
248170,박진선,20160704,"서울특별시 중구 충무로 2 8층 (필동1가, 매일경제빌딩)"
249420,"윤웅섭, 이재준(공동 대표이사)",20160801,서울특별시 서초구 바우뫼로27길 2
251270,김병규,20111117,"서울특별시 구로구 디지털로26길 38 (구로동, 지타워)"
259960,김창한,20070326,서울특별시 강남구 테헤란로 231
264900,윤석빈,20170302,서울특별시 용산구 한강대로72길 3(남영동)
26490K,,,
267250,"정기선, 조영철",20170403,경기도 성남시 분당구 분당수서로 477 HD현대 글로벌 R&D센터
267260,김영기,20170403,경기도 성남시 분당구 분당수서로 477 HD현대 글로벌 R&D센터
267270,문재영,20170403,"경기도 성남시 분당구 분당수서로 477 11층(정자동, HD현대그룹 글로벌 R&D센터)"
267290,"송재호, 박성수",20170401,울산광역시 북구 염포로 260-10(진장동) 주식회사 경동도시가스
267850,윤찬의,19910902,"서울특별시 종로구 우정국로 26 에이동 21층, 22층(표시층 23층, 25층) (공평동, 센트로폴리스)"
268280,"배원, 김태준(각자대표)",20170501,전라북도 완주군 봉동읍 완주산단1로 167
271560,이승준,20170601,서울특별시 강남구 남부순환로 2745 -
271940,임만규,20121102,전라북도 완주군 봉동읍 완주산단5로 97-46
271980,"성석제, 한상철 (공동대표)",20170601,서울특별시 서초구 사평대로 343 제일약품 사옥
272210,손재일,20000111,경상북도 구미시 산호대로 264-60 -
272450,박병률,20080123,서울특별시 강서구 마곡중앙로 143 르웨스트시티 비동 8층(마곡동)
272550,윤석환,20141101,서울특별시 종로구 종로33길 31
278470,김병훈,20141010,"서울특별시 송파구 올림픽로 300 36층(신천동, 롯데월드타워앤드롯데월드몰)"
279570,최우형,20160114,서울특별시 중구 을지로 170 을지트윈타워
280360,"신동빈, 서정호",20171001,서울특별시 영등포구 양평로21길 10
281820,"양호근, 최동규 (각자 대표이사)",20171101,경기도 안성시 미양면 제2공단3길 12 -
282330,민승배,20171101,서울특별시 강남구 테헤란로 405 BGF사옥
284740,구본학,20171204,경기도 시흥시 엠티브이북로 349(정왕동)
285130,안재현,20171201,경기도 성남시 분당구 판교로 310
28513K,,,
286940,김경엽,20171102,서울특별시 금천구 가산디지털2로 179 롯데센터
293480,최태홍,19780119,경기도 화성시 향남읍 제약단지로 13-39
294870,정경구,20180502,서울특별시 용산구 한강대로23길 55 현대아이파크몰 9층
298000,이천석,20180604,서울특별시 서초구 반포대로 235
298020,"이창황, 유영환",20180604,서울특별시 마포구 마포대로 119
298040,우태희,20180604,서울특별시 마포구 마포대로 119 효성빌딩
298050,"임진달, 성낙양(각자 대표이사)",20180604,서울특별시 마포구 마포대로 119 효성빌딩
298690,정병섭,20070831,부산광역시 강서구 유통단지1로57번가길 6
300720,"전근식, 오해근",20180702,서울특별시 서초구 효령로 275 서초동 1587 한일시멘트빌딩
302440,안재용,20180701,인천광역시 연수구 연구단지로 38 -
306200,"이휘령, 홍만기",20180903,서울특별시 마포구 양화로 45
307950,류석문,20000410,서울특별시 강남구 테헤란로 510 루첸타워
308170,"강상우, 최재흔",19940221,울산광역시 북구 모듈화산업로 115
316140,임종룡,20190111,서울특별시 중구 소공로 51
317400,구본삼,20000408,서울특별시 중구 마른내로 27 TOWER 107 13층~14층
317450,"이관순,차봉권",19881108,경기도 화성시 팔탄면 노하길 361-12
322000,박종환,20161221,"경기도 성남시 분당구 분당수서로 477 9층(정자동, HD현대그룹 글로벌 R&D센터)"
323410,윤호영,20160122,"경기도 성남시 분당구 분당내곡로 131 (백현동, 판교테크원)"
326030,이동훈,20110401,경기도 성남시 분당구 판교역로 221
329180,"이상균, 금석호 (각자 대표이사)",20190603,울산광역시 동구 방어진순환도로 1000
336260,"이두순, 윤재동 (각자 대표이사)",20191001,전라북도 익산시 석암로7길 100 (팔봉동)
33626K,,,
33626L,,,
336370,곽근만,20191001,전북특별자치도 익산시 용안면 동지산안대길 46 -
33637K,,,
33637L,,,
339770,송종화,19991112,경기도 성남시 수정구 금토로80번길 15-3 (금토동)
344820,"정몽익, 변종오(각자대표이사)",20200102,서울특별시 서초구 강남대로 587(잠원동)
352820,이재상,20050204,서울특별시 용산구 한강대로 42 용산트레이드센터
353200,신영환,20200501,경기도 안산시 단원구 강촌로 230
35320K,,,
361610,이상민,20190401,서울특별시 종로구 종로 51 종로타워빌딩
363280,오동헌,20200901,"서울특별시 영등포구 여의공원로 111, 10층(여의도동)"
36328K,,,
372910,김선영,19711221,경기도 용인시 처인구 양지면 중부대로1960번길 53
373220,김동명,20201201,"서울특별시 영등포구 여의대로 108, 타워 1"
375500,박상신,20210104,"서울특별시 강서구 공항대로 165 에이동(마곡동, 원그로브)"
37550K,,,
37550L,,,
377300,신원근,20170403,경기도 성남시 분당구 판교역로 166 카카오페이판교아지트 B동 15층
377740,조병기,20030328,경기도 화성시 삼성1로4길 22
378850,김형진,20210303,경상남도 양산시 충렬로 61
381970,정인국,20171129,서울특별시 영등포구 선유로43길 27
383220,김창수,20210503,서울특별시 강남구 테헤란로8길 8 -
383800,"구본준, 노진서",20210503,서울특별시 종로구 새문안로 58 LG광화문빌딩
38380K,,,
402340,김정규,20211102,서울특별시 중구 을지로 65 SK T타워
403550,박재욱,20111031,제주특별자치도 제주시 공항서로 141 (도두이동)
439260,"왕삼동, 이석문",19870930,전라남도 해남군 화원면 조선소길 498
443060,김성준,20161128,경기도 성남시 분당구 분당수서로 477 경기도 성남시 분당구 분당수서로 477
446070,한상준,20221102,"서울특별시 중구 서소문로 50 6층(중림동, 센트럴플레이스)"
450080,이규봉,20170426,경상북도 포항시 북구 흥해읍 영일만산단남로75번길 15
452260,김영훈,20230302,"서울특별시 마포구 양화로 81 H스퀘어빌딩 6층, 7층, 8층"
45226K,,,
453340,박홍진,20230302,경기도 용인시 수지구 문인로 30
454910,"박인원, 김민표, 조길성",20150731,경기도 수원시 권선구 산업로156번길 79
456040,김유신,20230502,서울특별시 중구 소공로 94 OCI빌딩
457190,류승호,20230502,서울특별시 서초구 사평대로 84
460850,박상훈,20230601,서울특별시 중구 을지로5길 19
460860,최삼영,20230601,서울특별시 중구 을지로5길 19
462520,최광철,20230704,전라남도 광양시 산업로 55
462870,김형태,20131202,서울특별시 서초구 서초대로77길 55
465770,유재호,20230901,부산광역시 중구 중앙대로 102 17층(부산빌딩)
475150,김해중,20240304,경기도 성남시 분당구 판교로 332
475560,백종원,19940112,"서울특별시 강남구 봉은사로1길 39 5, 6층"
480370,"김유곤, 안근표 (공동 대표이사)",20040223,"경기도 용인시 기흥구 신구로12번길 32, 씨케이빌딩"
483650,반성연,20160309,"서울특별시 마포구 마포대로 78 (도화동, 자람빌딩), 12층"
484870,김병근,20201201,경상남도 창원시 성산구 완암로 171
487570,"노기수, 안성훈 (각자 대표이사)",20240701,서울특별시 마포구 마포대로 119 (공덕동)
489790,김기철,20240902,경기도 성남시 분당구 판교로319번길 6
499790,박민수,20241202,"서울특별시 강남구 논현로 508, GS타워"
0001A0,"김기철, 박주동",20201109,전라남도 여수시 산단중앙로 233
000250,전인석,19431229,경기도 화성시 향남읍 제약공단2길 71
000440,"한상열, 한상은 (각자 대표이사)",19461008,서울특별시 용산구  한남대로 82
0004V0,문두성,20110111,경상남도 밀양시 부북면 사포산단1길 35
0004Y0,황선국,20241209,서울특별시 영등포구 국제금융로8길 32
0007C0,박외진,20110322,서울특별시 강남구 선릉로 704 청담벤처프라자 8층 &nbsp
0007J0,신태현,20181102,"서울특별시 서초구 서초대로 111 2층(방배동, JS빌딩)"
0008Z0,"배재혁, 황외열(공동 대표이사)",20170622,"경기도 화성시 동탄순환대로 830 (영천동, 동탄SKV1center) 7층"
0009K0,허남구,20180827,"서울특별시 송파구 정의로 67 9층, 10층, 11층(문정동, 엠케이타워)"
001000,박재흥,19760308,대구 동구 각산동 291-1
0010F0,허찬회,19941227,"충청북도 충주시 주덕읍 중원산업로 101(당우리, (주)보원케미칼)"
0010V0,김진국,19801222,"서울특별시 구로구 디지털로33길 28, 608호"
0011A0,김명진,20091120,대전광역시 유성구 테크노1로 57 &nbsp
0011T0,"정민교, 최영훈",20160526,대구광역시 수성구 알파시티1로31길 9
0013V0,박용준,20150904,부산광역시 영도구 태종로99번길 36(봉래동2가)
001540,"어진, 박인철 (각자 대표)",19590212,경기도 과천시 과천대로7길 12 (갈현동) 프리즘스퀘어2 A동
0015G0,조현일,19990414,충청북도 청주시 청원구 오창읍 각리1길 45 &nbsp
0015N0,김영균,20010201,서울특별시 강남구 강남대로 162길 41-4(신사동)
0015S0,홍석민,20160714,"경기도 수원시 영통구 광교중앙로266번길 40, 4층(하동, 에스케이법조타운) &nbsp"
0017J0,민남홍,20140217,경기도 용인시 기흥구 용구대로2211번길 7
001810,이도균,19560726,서울특별시 강남구  강남대로 656 (신사동)
001840,한주희,19560830,서울특별시 강남구 테헤란로 207 아가방앤컴퍼니빌딩 7층
002230,황재용,19571212,서울특별시 성동구 왕십리로 46(성수동1가)
002290,박종웅,19580205,서울특별시 강남구  언주로 329
002680,하상경,19590626,부산 남구 대연3동 598-7
002800,이병기,19590909,세종특별자치시  소정면 소정산단동로 9 -
003100,이상필,19610125,인천 중구 항동 34-2
003310,정석원,19620116,서울특별시 광진구 천호대로 549 20층
003380,김홍국,19500401,전라북도 익산시 중앙로 121 -
0037T0,김세준,20250317,서울특별시 영등포구 여의나루로 50
003800,안성호,19770512,경기도 성남시 중원구 사기막골로105번길 42
0039P0,"이주민, 이동호",20150203,"서울특별시 서초구 서초대로74길 4, 20층"
0041B0,허명현,20250325,"서울특별시 영등포구 의사당대로 97, 17층"
0041J0,이정국,20250326,서울특별시 영등포구 여의나루로 60
0041L0,박정수,20250331,서울특별시 영등포구 의사당대로 82 하나증권빌딩
0044K0,남궁혁,20250408,서울특별시 서초구 서초대로74길 11
004590,최훈학,19660520,서울특별시 강남구  학동로 120
004650,"이연희, 임우석 (각자대표이사)",19660616,전라북도 전주시 덕진구 원만성로 15
004780,"박봉국, 박봉준 (각자대표이사)",19661224,서울특별시 강남구 역삼로 221
005160,이원휘,19670901,서울특별시 중구  다동길 46
005290,이준혁,19730710,인천광역시 서구  백범로 644
0054V0,김수한,20250509,서울특별시 영등포구 여의대로 108
005670,"성민겸, 최영길(각자대표)",19680809,대구광역시 달서구 성서서로 121 -
005710,"허재건,양광직,김재덕(각자대표)",19680910,경기도 안산시 단원구 원시로 179
005860,차상협,19681126,경기도 용인시 기흥구 하갈로 127(하갈동)
005990,"김정완, 권태훈(각자대표이사)",19690214,서울시 종로구 종로1길 50 더케이트윈타워A동
006050,"최재원,JUSTIN CHOE(최경승)",19690507,"서울시 서초구 서초중앙로 36 (서초동, 준영빌딩 7층)"
006140,이응구,19690718,경기도 부천시 오정구 삼작로 22 부천테크노파크1단지 101동 6층
006620,조용준,19830701,"서울특별시 송파구 법원로 114, B동 14층"
006730,승만호,19790713,서울특별시 용산구 청파로20길 95 B동 32층 3203호(한강로 3가)
0068Y0,서이덕,20250526,"서울특별시 영등포구 국제금융로2길 24 6층(여의도동, 비엔케이금융타워)"
006910,임재황,19701121,충청북도 충주시 주덕읍 대창길 70 -
006920,김형민,19701124,충남 충남시 풍세면 남관리 195
0071M0,문소연,20250605,서울특별시 서초구 서초대로74길 11
0072Z0,박성원,20250602,서울특별시 영등포구 여의나루로 50
007330,송명구 (단독대표),19710629,서울특별시 서초구 강남대로 581
007370,최재준,19780607,서울특별시 서초구  효령로 231
007390,라정찬,19710806,서울특별시 영등포구 국회대로76길 10 5층
007530,선지영,19711201,경기도 평택시  포승읍 포승공단로118번길 118
007680,"전응식, 조종호(각자 대표이사)",19720221,"충청북도 청주시 흥덕구 직지대로435번길 15 송정동,(주)대원"
007720,정현철,19720311,강원도 홍천군 서면 한치골길 262
007770,대표이사 사장 윤성진,19720328,충청남도 당진시 석문면 산단3로6길 47 -
007820,조재관,19720413,서울특별시 중구 후암로 110 서울시티타워 20층(회현동)
008290,이두식,19721220,인천광역시 부평구 아트센터로44번길 3 2층
0082N0,이병철,20190214,"서울특별시 용산구 이태원로55가길 3(한남동, 골든너겟)"
008370,"서승민,이문희(공동대표)",19730106,서울특별시 강서구 공항대로 343 원풍빌딩 9층
008470,유승협,19730126,충청북도 진천군  이월면 고등2길 18 (주)부스타보일러
008830,"서종환, 김준식",19730529,경상남도 사천시  사남면 공단1로 42 (주)대동기어
0088D0,이경준,20250714,서울특별시 영등포구 국제금융로 10 (Three IFC 26층) &nbsp
0088M0,박정환,20180426,"강원특별자치도 원주시 지정면 기업도시로 200, 808호(가곡리, 의료기기종합지원센터) &nbsp"
0091W0,김인한,20250725,"서울특별시 영등포구 국제금융로8길 16, 5층(여의도동, 신영증권 빌딩)"
009300,허 준,19731004,강원도 원주시 문막읍 동화공단로 49
0093G0,김병철,20250722,서울특별시 중구 을지로5길 26 미래에셋센터원 이스트타워
009520,Kim Jin-bo,19731227,경상북도 포항시 남구  형산강북로 131 포스코엠텍
009620,"이태용, 최재훈 (각자대표이사)",19740208,경상남도 창원시 진해구  남의로21번길 36
0096B0,김영제,20250807,서울특별시 서초구 서초대로74길 11
0096D0,황리건,20250807,서울특별시 중구 을지로5길 26 이스트타워
009730,김우진,19740325,전라북도 부안군  행안면 부안농공단지길 29
009780,"정재열,김길제",19740412,경남 양산시 웅상읍 소주리 439-13
0097F0,윤태원,20250808,서울특별시 중구 을지로5길 26
0098T0,박인영,20250814,"서울특별시 영등포구 의사당대로 97, 17층 &nbsp"
0099W0,김양태,20250820,서울특별시 중구 을지로5길 26 (미래에셋센터원빌딩 이스트타워)
0099X0,심기섭,20250820,서울특별시 영등포구 국제금융로6길 11 &nbsp
010170,"설윤석, 박민수(각자대표)",19740902,경기도 안산시 단원구 장자골로 49
0101C0,박병기,20250822,"서울특별시 영등포구 의사당대로 82, 하나증권빌딩"
010240,류명준,19741017,충청남도 아산시 둔포면 아산밸리로 357
010280,신장호,19811208,"경기도 과천시 과천대로12길 117 (갈현동, 과천펜타원)"
010470,"박병철, 정승우(각자 대표이사)",19750224,서울특별시 강남구  언주로 726 두산빌딩
0105P0,안용아,20250902,서울특별시 영등포구 국제금융로 24 &nbsp
011040,"류기성, 김경훈(각자 대표)",19760212,경기도 화성시  양감면 제약단지로 224-3
011080,최혜원,19760225,"인천광역시 연수구 하모니로177번길 49 12층 (송도동,형지글로벌패션복합센터)"
011320,"안영구, 안재범",19760421,경상남도 김해시  진영읍 서부로179번길 90 (주)유니크
011370,"조종수, 정우필(각자 대표이사)",19760512,대구광역시 수성구 명덕로 415 서한빌딩
011560,"김우영,이원하(각자 대표이사)",19780726,서울특별시 서초구  효령로 341
0115H0,성상환,20250918,서울특별시 서초구 서초대로74길 11
0117P0,"박화목, 서승완",20200730,서울특별시 중구 다산로 47
012210,이남영,19770922,경상남도 창원시 성산구 공단로 589
012340,장기수,19770629,충청남도 아산시 음봉면 음봉면로 243
012620,최극태,19771014,"경기도 시흥시  공단2대로256번길 4 (정왕동, 시화공단3바104)"
012700,이재중,19770919,"서울특별시 중구 소공로 109 3층(소공동, 소공동한화빌딩)"
012790,홍재현,19771216,충북 충주시 앙성면 본평리 산 5-1
012860,이광윤,19780107,경기도 수원시 권선구 산업로156번길 100 (고색동)
0129K0,변창섭,20251027,서울특별시 영등포구 의사당대로 96
013030,"문휴건, 문창환 각자대표이사",19780318,부산광역시 강서구 녹산산단27로 97
0130D0,이효상,20251027,서울특별시 영등포구 의사당대로 96
0130H0,남강욱,20251027,서울특별시 영등포구 여의대로 108
013120,"장복만, 박영봉 (각자 대표이사)",19780331,"부산광역시 수영구 수영로 754 동원빌딩 (민락동,센텀비스타동원)"
0131D0,박정근,20251031,서울특별시 영등포구 의사당대로 96 TP Tower
0132G0,김서호,20251031,"서울특별시 영등포구 의사당대로 97, 17층 &nbsp"
013310,서중호,19780531,경상북도 경산시 진량읍 공단8로26길 40
0134X0,최종태,20251107,서울특별시 중구 삼일대로 343 대신파이낸스센터
013720,오경원,19781229,인천광역시 남동구  남동대로 208
013810,이열,19790207,서울특별시 강남구 학동로 171 삼익빌딩 7층
013990,신상국,19790402,서울특별시 강남구 테헤란로 207 아가방빌딩
014100,박수찬,19790428,서울특별시 강남구 논현로64길 4 5층~6층
014190,김응선,19790612,경기도 성남시 분당구  판교로255번길 20 원익빌딩
014470,박재순,19791214,서울특별시 강남구  삼성로 528 부방빌딩
014570,"박해룡, 박상훈 (각자대표)",19800110,경기도 이천시  신둔면 원적로 69-10
014620,안 재 일,19800223,부산광역시 강서구  녹산산단262로 26
014940,박세철,19800719,부산광역시 강서구  녹산산단289로 6 오리엔탈정공
014950,이충환,19800723,인천광역시 부평구 청안로 13
014970,조홍로,19800825,경기도 파주시 월롱면 통일로644번길 35
015710,고진호,19800115,서울 강서구 염창동 260-7
015750,"이명근,이문용,조성현(각자대표)",19811228,부산광역시 기장군  정관면 농공길 2-9 (주)성우하이텍
016100,"김진구, 김진상(공동 대표이사)",19861224,서울특별시 광진구 능동로 90 더클래식 500 씨 404호
016250,"이우성, 이창모 (각자대표이사)",19820914,서울특별시 서초구 양재대로 246(염곡동)
0164H0,민명기,20260206,서울특별시 영등포구 의사당대로 88 &nbsp
0165X0,이율환,20260211,"서울특별시 영등포구 국제금융로 10 여의도동, Three IFC, 26층"
016600,황희연,19821217,서울특별시 강남구 테헤란로 30611층(역삼동. 카이트타워)
016670,이혁수,19821230,"서울특별시 용산구 서빙고로51길 52 6,7층"
016790,한도,19830305,충청남도 천안시 동남구 용수골길 23 현대사료(주)
016920,김태인,19830419,경기도 양주시  광적면 그루고개로 262
017000,김성민,19830530,경기도 화성시 봉담읍 와우안길 109 제105동 제2층 제217호
017250,조남용,19831005,경기도 양주시 화합로1402번길 73 (덕정동)
017480,조 윤 선,19840124,경상남도 창원시 의창구 평산로70번길 36 -
017510,권철현,19840203,부산광역시 사상구 대동로 188
017650,류  창  승,19840321,경기 오산시 누읍동 7
017890,"지용석, 김정수, 배재범 (각자대표)",19840727,경기도 용인시 기흥구 탑실로35번길 14 (공세동)
018000,"김병주, 권정민(공동대표이사)",19840924,경상남도 사천시 사남면 해안산업로 513 -
018120,김종식,19841231,경기도 안산시 단원구 별망로 594
018290,"강승곤,정철",19861107,경기도 파주시  산업단지길 139 (주)G.M.P
018310,엄석호,19850607,경기도 안성시  미양면 안성맞춤대로 474-40
018620,강재구,19851217,경기도 화성시 양감면 정문송산로 230
018680,"윤동현, 신봉환 (각자대표)",19851223,충청북도 청주시 흥덕구 오송읍 오송생명6로 124-31 서울제약 오송공장
018700,배정현,19851227,"경기도 수원시 영통구 대학3로 1 5층 (이의동, 광교K타워)"
019010,"김만진, 김창희(각자 대표이사)",19790427,서울특별시 강남구 선릉로62길 15
019210,"송호근, 송시한",19860925,인천광역시 연수구 송도과학로16번길 13-40 -
019540,"구본일,구준모(각자대표)",19861124,경상북도 경산시  진량읍 공단4로 50 주일지테크
019550,대표이사 안재광,19861124,서울특별시 강남구 테헤란로 509엔씨타워1 14층
019570,백상현,19861127,서울특별시 강남구 봉은사로 619 JBK TOWER 6층
019660,한상호,19861220,서울특별시 강남구 도산대로 331 -
019770,최원재,19870205,"인천광역시 남동구  청능대로410번길 40 고잔동,남동공단"
019990,이충열,19870516,경기도 여주군  능서면 능여로 344
020180,"이재원, 최현택 (각자 대표이사)",19870828,광주광역시 서구 상무중앙로 98 14층(치평동)
020400,"이풍우, 김준식",19871229,대구광역시 달성군  논공읍 논공로 602
020710,김승태,19880219,"서울특별시 강남구 테헤란로 134 4층, 14층 (역삼동, 포스코타워역삼)"
021040,강근욱,19880902,충청북도 충주시 충주산단1로 95 (용탄동)
021045,,,
021080,"신기천, 이승용, 맹두진(각자대표)",19881010,서울 강남구 삼성동 168-26 제일빌딩 2층
021320,"정몽열,심광주",19890127,서울특별시 서초구  강남대로 587 KCC 건설
021650,오봉균,19890513,경기도 안산시 단원구 첨단로245번길 58 성곡동 679-1번지
021880,김태균,19890901,전라북도 전주시 완산구 기린대로 213 대우빌딩 14층 12호
022220,임홍석,19900122,충청북도 충주시 중앙탑면 기업도시로 422 -
023160,"윤원식, 윤준식",19820901,부산광역시 강서구  녹산산업대로 117-12
023410,최재호,19840613,경기도 부천시 오정구  석천로 457
023440,한상민,19640718,"경기도 안산시 단원구  시화로 60, 301 (성곡동, 시화공단4다)"
023600,류진호,19810723,경기도 시흥시 공단1대로28번길 120 (정왕동)
023760,정상철,19891122,대전광역시 서구  둔산서로 81
023770,김학준,19840725,"서울특별시 서초구 마방로 60 5층, 6층, 23층"
023790,장재헌,19670712,부산 북구 학장동 716-1
023900,성춘태,19540227,대구광역시 달서구 성서로 72
023910,이승영,19630511,서울특별시 영등포구 선유로45길 3
024060,김상우,19661216,대구광역시 중구  동덕로38길 5  (동인동1가)
024120,김신완,19851014,충청남도 아산시  음봉면 아산온천로 528-24
024740,박정영,19660516,충청북도 진천군 덕산면 습지길 87 한일단조공업주식회사
024800,김원철,19770810,"서울특별시 서초구  남부순환로 2583 9층(서초동, 서희타워)"
024830,이종태,19850201,경상북도 영천시 도남공단길 53
024840,김병제,19870225,대구광역시 달성군 논공읍 논공로87길 88 갑을메탈 대구공장
024850,"진양곤, BRYANBYONGJIN.KIM(각자대표)",19780616,경기도 화성시 향남읍 발안공단로4길 16 구문천리 928
024880,김형노,19631031,경기도 성남시 분당구 운중로 136 판교송현타워
024910,"손일호, 차석주",19770622,대구광역시 달서구 성서로35길 6 월암동
024940,유재원,19731117,경기도 안산시 단원구 별망로 620
024950,조현문,19790323,"서울특별시 서초구 강남대로 343 4층(서초동, 신덕빌딩)"
025320,손경익,19850418,경상북도 포항시 북구 청하면 동해대로2315번길 54-2 -
025440,문경호,19790605,"광주광역시 광산구 빛그린동로 190 1207 외 3필지 (1207, 1208, 1209, 1210)"
025550,이정훈,19740705,부산광역시 사하구 하신번영로 27 (신평동)
025770,임명수,19860509,서울특별시 중구  세종대로 39 대한서울상공회의소 7층
025870,권기서,19770818,서울특별시 송파구 백제고분로 362 7층
025880,김희철(단독대표이사),19700506,경상북도 영천시 금호읍 금호로 320
025900,채광병,19480402,인천광역시 서구 가정로97번길 28(가좌동)
025950,"김근한, 김현희(각자대표이사)",19581008,경상북도 안동시  서동문로 217
025980,이만규,19870116,충청북도 진천군  백곡면 배티로 818-105
026040,김유미,19880402,서울특별시 송파구 양재대로62길 53
026150,"김중헌, 김도헌 (각자 대표이사)",19710531,서울특별시 강남구 도곡로7길 27 -
026910,허유석,19761206,부산광역시 기장군 장안읍 오리산단로 106 -
027040,이재현,19830617,인천광역시 부평구 새벌로 4사무동 4층
027050,유학수,19881115,충청남도 천안시 서북구 성거읍 삼곡2길 6
027360,김지원,19740909,"서울특별시 강남구 테헤란로 201, 아주빌딩 4, 5층"
027580,김상근,19890401,경기도 김포시 통진읍 대서명로 50
027710,"편명식, 배수한(각자대표)",19910417,서울특별시 강남구  강남대로 310 유니온센터 3층
027830,김영훈,19870822,서울특별시 강남구 역삼로 165 해성빌딩4층
028080,변대규,19890109,경기도 용인시 처인구  영문로 2
028300,김홍철,19851018,세종특별자치시  연동면 명학산단서로 10-5 -
029480,우승용,19910527,서울특별시 강남구 영동대로 312 7층(대치동)
030350,조 철,19900322,서울특별시 서초구 서초중앙로22길 80 (서초동)
030520,"변성준, 김연수 (각자대표)",19901102,"경기도 성남시 분당구 대왕판교로644번길 49 (삼평동, 한컴타워)"
030530,"조남성, 장성대 (각자대표이사)",19910919,경기도 평택시 진위면 마산12로 21 -
030960,이현,19790115,경기도 김포시 양촌읍 황금1로 131
031310,"김상우 , 안필성(각자 대표이사)",19920909,서울특별시 강남구 강남대로 556 17층
031330,박두진,19900627,서울특별시 강남구  영동대로 315 대경빌딩
031510,"김정우,김민석",19900307,충청남도 천안시 동남구 수신면 수신로 739
031860,"이상욱, 정영진(각자대표)",19790912,"서울특별시 강남구 영동대로96길 20 7층(삼성동, 대화빌딩)"
031980,박경수,19900611,경기도 화성시  삼성1로4길 48 피에스케이
032080,허 재 명,19701020,부산광역시 사하구 하신번영로 99
032190,김상준,19920610,"서울특별시 마포구 독막로 311 3층, 5층(염리동, 재화스퀘어)"
032280,"강승엽,안인수(각자대표)",19751223,경상북도 포항시 남구 대송면 송덕로 125-15(옥명리)
032300,박은희,19851224,경기도 화성시 향남읍 제약공단3길 87
032500,김덕용,19880108,경기도 화성시 동탄대로25길 21 -
032540,윤나라,19910418,서울특별시 마포구 월드컵북로 434 (상암동 1590) 상암아이티타워 8층
032580,"김학수, 리메이링(Li Meiling)",19900820,"경기도 성남시 분당구 백현로 93(수내동, 후너스빌딩 6층)"
032620,김진태 대표이사,19941202,"서울특별시 성동구 왕십리로 241 LF층(행당동, 서울숲더샵)"
032680,얼티앤수(데이비드스미스),19880411,"서울특별시 서초구 반포대로 13 1층 (서초동, 아이티센빌딩)"
032685,,,
032750,김승철,19760715,경기도 안양시 만안구  안양천서로 81 (주)삼진
032790,강용주,19730921,서울특별시 구로구 디지털로34길 55 1117호
032800,신영진,19910108,서울특별시 강남구 삼성로 648 2층
032820,노갑선,19950112,"서울특별시 마포구 월드컵북로56길 9 4층(상암동, 우리기술빌딩)"
032850,"전 진 옥, 조 현 정",19850418,서울특별시 서초구 서초대로74길 33
032860,박혜린,19860101,경기도 가평군 상면 수목원로386번길 75 -
032940,장홍식,19831031,경기도 성남시 분당구 판교로255번길 20 원익빌딩
032960,"손동준 , 정수열",19860306,경기도 화성시  남양로930번길 28 동일기연
033050,정광훈,19930220,경기도 화성시 동탄면 동탄산단8길 15-20
033100,박종태,19861218,서울특별시 광진구  아차산로 628
033130,김영수,19951002,서울특별시 중구  세종대로21길 52 (태평로1가)
033160,현기진,19821216,경기도 용인시 처인구 포곡읍 금어로 405 엠케이전자
033170,심재석,19660912,경기도 파주시 탄현면 평화로 711
033200,최성환,19890306,인천광역시 남동구  인주대로 698 (주)모아텍
033230,조승필,19920210,서울특별시 강남구 테헤란로 301 삼정빌딩 9층
033290,"최용석,김동주",19740611,전라북도 김제시 용지면 백자3길 37 -
033310,이승건,19651210,"서울특별시 중구 소공로 109 한화빌딩 13층(소공동, 한화빌딩)"
033320,차정헌,19910511,서울특별시 용산구  새창로45길 74
033340,"이성현, 박영환 (각자 대표이사)",19930501,"서울특별시 마포구 연희로 11 한국특허정보원빌딩 서울 마포구 연희로 11, 5층(동교동, 한국특허정보원빌딩"
033500,최용석,19850731,부산광역시 사하구 신산로 99 -
033540,박선기,19730608,충청남도 서산시 수석산업로 51 -
033560,"김종규, 김태진",19911007,인천광역시 서구 첨단기술로 33 -
033640,"이병구, 이창우(각자 대표이사)",19901227,충청북도 청주시 청원구 오창읍 과학산업2로 587-32 주식회사 네패스
033790,주종완,19900209,경기도 안양시 동안구 부림로 17041-13
033830,김한덕,19941007,대구광역시 수성구 동대구로 23
034810,조성래,19540205,서울 강남구 대치3동 942
03481K,,,
034940,"조성환, 조성배(각자대표)",19960315,"서울특별시 영등포구 당산로2길 12 에이스테크노타워 101호(문래동3가, 에이스테크노타워1층)"
034950,김기범,19831229,서울특별시 영등포구 의사당대로 97 교보증권 7층
035080,"이기형, 남인봉(각자 대표이사)",19971001,서울특별시 강남구 삼성로 511 아이콘 삼성
035200,원재희,19920624,세종특별자치시  연동면 명학2길 30 아래 사무실
035290,양홍걸,19941114,"서울특별시 영등포구 영신로 166 7층 712호,719호~721호  (영등포동6가, 영등포반도아이비밸리)"
035460,박병기,19940906,서울특별시 송파구  오금로 111 세기빌딩 11층
035600,이선재,19981103,"서울특별시 중구 통일로 92 케이지타워 14,15층"
035610,홍 기 태,19940805,"서울특별시 강남구  학동로95길 51 청담동,청담스포피아"
035620,"문양권, 최윤희",19961220,서울특별시 용산구 한남대로 130 볼보빌딩 3층
035760,윤상현,19941216,서울특별시 서초구  과천대로 870-13
035810,"지현욱,김충석(각자대표)",19880314,서울특별시 강남구  강남대로 310 유니온센타3층
035890,"김팔수, 김원철(각자 대표이사)",19821022,경기도 하남시 미사강변중앙로 210 (망월동 1083-2) 메디피아타워 3층 304호
035900,정욱,19960425,"서울특별시 강동구 강동대로 205 (성내동, JYP Center 빌딩)"
036000,나성훈,19890222,"서울시 성동구 아차산로 153 (성수동2가, 예림출판문화센터)"
036010,김창수,19731019,경기도 성남시 중원구  둔촌대로388번길 31
036030,박정민,19911212,서울특별시 동작구  보라매로5길 23 삼성보라매옴니타워
036090,오흥식,19970204,"인천광역시 남동구 남동서로 187 (고잔동, 58B/5L)"
036120,고인묵,19920423,서울특별시 영등포구 국회대로70길 23 -
036170,하관호,19931202,경기도 수원시 영통구 신원로 170 (신동)
036190,"김성기,김경태(각자대표)",19810513,서울특별시 강남구  테헤란로25길 15-4
036200,"김형균,이양구(각자대표)",19960101,경기도 화성시 동탄면 장지남길 10-7
036220,"강철훈, 유병열(각자대표이사)",19960426,경기도 안양시 동안구 안양천동로 132
036480,최승훈,19660204,경기도 의왕시  덕영대로 103
036540,강문수,19980630,충청남도 천안시 서북구  백석공단7로 16 STS반도체통신(주)
036560,"최창규, 이한성(각자대표)",19830120,서울특별시 강남구 테헤란로 419 강남파이낸스플라자 8층
036620,김호선,19940728,"서울특별시 서초구 방배로 162 서울시 서초구 방배로 162, 4층(예광빌딩)"
036630,"김형진, 이상철(각자대표)",19920609,경기도 과천시 과천대로7길 12 (갈현동) 프리즘스퀘어2 세종빌딩
036640,김진성,19810630,"서울특별시 영등포구 국제금융로 70 1605호(여의도동, 미원빌딩)"
036670,안태환,19910713,충남 서산시 대산읍 대죽리 13-7
036690,김종욱,19761203,경기도 성남시 중원구 둔촌대로 494
036710,박광준,19870824,충청북도 청주시 흥덕구 산단로 73
036800,김승현,19880512,서울특별시 영등포구 은행로 17 NICE 그룹1사옥
036810,장경빈,19870929,경기도 화성시 동탄면 동탄산단6길 15-23 에프에스티
036830,"정현석, 정문주 (공동 대표이사)",19860506,"경기도 성남시 분당 판교로 255번길 34, 5층(삼평동, 솔브레인)"
036890,"윤성수, 윤준수(공동대표이사)",19820428,경기도 평택시 세교산단로 3 (세교동)
036930,"황철주, 황은석(각자대표이사)",19950413,경기도 광주시  오포읍 오포로 240 주성엔지니어링
037030,"김상우, 이돈주(각자대표)",19931228,서울특별시 금천구 두산로 70 현대지식산업센터 B동 17층
037070,유일한,19860801,경기도 안산시 단원구 원시로 248
037230,최경석,19931108,경상남도 김해시 주촌면 서부로1293번길 24 한국팩키지
037330,"정혜승, 배학범",19920317,경기도 안산시 단원구  동산로 88
037350,"이언웅, 정영용(각자대표)",19880513,서울특별시 강남구 영동대로106길 42
037370,"박지만,제영태 각자대표이사",19870515,전라남도 광양시 명당3길 118 -
037400,"윤지용,엄태욱 각자대표이사",19660118,경기도 안산시 단원구  성곡로 79
037440,"정영균, 권기재 (각자대표)",19960730,서울특별시 강동구 상일로6길 39-
037460,"각자대표이사 박두진, 이태훈",19810724,경기도 화성시 금곡로 63-27 삼지전자
037760,"최재관, 박승배(각자대표)",19950502,경상남도 의령군  의령읍 구룡로4남길 53
037950,김충섭,19910913,경기 평택시 진위면 갈곶리 110-1
038010,"나주영,최재우",19710304,경상북도 포항시 남구 장흥로39번길 7
038060,윤대한,19960617,경기도 용인시 기흥구 하갈로86번길 51 3층(보라동)
038070,"황을문, 강미옥 (각자 대표이사)",19940401,경기도 성남시 분당구 삼평동 694-1 코리아바이오파크(KOREA BIO PARK) A동 4층
038110,황학기,19840601,경상북도 경주시  공단로69번길 30 에코플라스틱(주)
038290,"서정선, 김창훈, 이응룡 (각자 대표이사)",19970605,"서울특별시 강남구 테헤란로 238 (역삼동, 마크로젠빌딩)"
038390,인유성,19960801,서울특별시 중구 을지로 100파인에비뉴 B동 19층
038460,윤호권,19851230,서울특별시 성동구 광나루로 172-
038500,"배동환, 이원진(각자대표)",19901222,강원도 삼척시  동양길 20
038530,"조안협, 이영철",19970624,"서울특별시 강동구 올림픽로 834 206호(암사동, 한강시티라이프)"
038540,"유준원, 이민식(각자 대표이사)",19890223,경기도 성남시 분당구 황새울로 358 -
038620,정승환,19950306,"서울특별시 강남구  봉은사로 429 , 8층 ( 삼성동, 위즈빌딩)"
038680,"김형우, 이남작(각자대표)",19990208,서울특별시 강남구 선릉로 514 성원빌딩
038870,송효순,19970804,서울특별시 강서구 마곡중앙14로 38 5층
038880,한성용,19930805,"경기도 성남시 분당구 구미로 8 2층(구미동,분당엠타워)"
038950,김용훈,19921020,경기도 성남시 분당구 성남대로925번길 41
039010,이건구,19980425,"서울특별시 영등포구  여의대방로 107 (신길동,현대통신빌딩)"
039020,"박승준, 이길수 각자대표이사",19880414,인천 남구 도화동 967-3
039030,"성규동,박종구(각자대표이사)",19931230,경기도 안양시 동안구 동편로 91
039200,"윤태영,이상현",19981208,"경기도 성남시 분당구  대왕판교로 700 A-901(삼평동,코리아바이오파크)"
039240,최석우,19901115,경남 창원시 웅남동 61-46번지
039290,박태형,19950614,경기도 성남시 분당구 대왕판교로 660 유스페이스1 A동 12층
039310,천세전,19951207,서울특별시 종로구 창경궁로 143 세중타워 10층
039340,정종태,19990906,서울특별시 중구 청파로 463 한국경제신문사빌딩
039420,"정지원, 전기정",19940330,서울 강남구 역삼로 155(역삼동 748-14)
039440,"서인수, 이우석 (각자대표)",19970710,경기도 안성시 공도읍 봉기길 21 -
039560,남민우,19930304,경기도 성남시 분당구 대왕판교로644번길 49 DTC타워 11층
039610,"장원규, 장성필(각자대표)",19870427,대구광역시 서구  팔달로2길 29 화성
039740,"유용석, 황봉남(각자 대표이사)",19901210,경기도 성남시 분당구  황새울로359번길 7
039830,노재연,19850925,서울특별시 강남구 테헤란로 624 오로라빌딩
039840,김종원,19880125,부산광역시 해운대구 센텀서로 66
039860,정찬일,19871118,서울특별시 구로구  디지털로26길 5 에이스하이엔드타워1차 1210호
039980,윤정희,19910201,"서울특별시 구로구 디지털로31길 12 16층(구로동, TP타워)"
040160,한정훈,19940418,서울특별시 서초구 사평대로 16(방배동 750-14번지)
040300,-,19930914,서울특별시 마포구 상암산로 76와이티엔뉴스퀘어
040350,이상균,19970424,"서울특별시 강남구 테헤란로13길 31-1 4층(역삼동, 일리빌딩)"
040420,박정흠,19930731,서울특별시 강남구  영동대로 229
040610,이 의 범,19931108,경기도 안산시 단원구 원시로 239-10 (원시동)
040910,"이승호, 김명호, 양장규, 이예지나(각자 대표이사)",20000226,경기도 안성시  대덕면 만세로 274
041020,지준경,19970407,"서울특별시 구로구 디지털로31길 12 11층, 15층"
041190,이정훈,19961218,"서울특별시 강남구 테헤란로 528 12층(대치동, 슈페리어타워)"
041440,유재기,19940601,충청북도 진천군  진천읍 부영길 49
041460,"신홍식, 안군식(각자 대표이사)",19990326,서울특별시 서초구 서초대로62길 9-22 자동차산업회관 501호
041510,"장철혁, 탁영준",19950214,서울특별시 성동구 왕십리로 83-21 아크로 서울포레스트 디타워
041520,김성익,19840423,충청남도 아산시 음봉면 스마트산단1로 20 -
041590,"윤수아, 장성환 (각자대표)",19981228,서울특별시 송파구 법원로11길 11 비동 1305호
041830,차기철 (단독대표),19960515,서울시 강남구 논현로2길 54(개포동 1164-21)
041910,"조원경, 이성엽",19981217,경기도 화성시 향남읍 발안공단로 25
041920,"곽민철, 강동원 (각자 대표이사)",19950619,강원도 원주시 문막읍 동화공단로 132
041930,전창옥,19741118,경상남도 김해시  유하로 154-9
041960,"양경훈, 문성철(각자 대표이사)",19720921,경기도 시흥시  경제로 17
042000,이재석,19990517,서울특별시 동작구 보라매로5길 15
042040,김지훈,19781228,경기 안산시 원시동 816-2
042110,오길호,19870415,경기도 용인시 처인구  남사면 형제로17번길 21
042370,"유병언, 장범수",19680130,경기도 안산시 단원구  별망로 327 비츠로테크
042420,김상욱,19970606,경기도 성남시 분당구 대왕판교로645번길 14네오위즈판교타워
042500,"이주석, 이정민 (각자대표)",20000401,"서울특별시 구로구 디지털로33길 28 1001호 (구로동, 우림이비지센터 1차 10층)"
042510,"이순형,이정아(각자대표)",19980416,"서울특별시 영등포구 여의대로 108 48층(여의도동,파크원타워2)"
042520,김근영,19990915,"서울특별시 송파구 정의로8길 7 9F,11F,12F"
042600,박시환,19681221,경상북도 구미시  수출대로9길 36 (주)새로닉스
042940,김영신,19790621,"서울특별시 강남구 학동로31길 12 5층(논현동, 벤쳐캐슬빌딩)"
043090,박성민,19870416,서울특별시 강남구 봉은사로 304 역삼동 금강빌딩 11층
043100,문성민,19950712,경기 평택시 서탄면 금암리 34-6
043150,황규호,19920404,경기도 화성시  삼성1로2길 13(석우동)
043200,강문식,19950828,전라남도 순천시 서면 선평리 42-2
043220,김한국,19950731,서울특별시 송파구 법원로 128 제13층 제씨동 1314호
043260,박성재,19730513,"서울특별시 금천구 가산디지털1로 205-15 에스에이치드림타워 1301호, 1302호, 1401호"
043340,"조시영, 김성범(각자 대표이사)",19930806,"전라북도 군산시 자유무역2길 15 (오식도동, 군산자유무역표준공장 7동)"
043360,최동호,19911128,경기도 양주시 청담로 52 (주)디지아이
043370,허승현,19850411,대구 달서구 대천동 1032번지
043590,박기태,19741023,서울특별시 강동구 고덕비즈밸리로 54 웰킵스타워
043610,Seo In Wook,19910207,"서울특별시 강남구 강남대로 456 4~9층(역삼동, 한석타워)"
043650,배상민,19830205,강원도 횡성군 둔내면 강변로 975
043710,이재규,19910302,"서울특별시 구로구 디지털로 243 709호(구로동, 지하이시티)"
043910,이병용,19990705,충청남도 공주시  우성면 보흥1길 116-28
044180,안태일,19740806,경기도 성남시 수정구 위례광장로 19 (창곡동562) 아이페리온 707호
044340,윤철민,19860922,경기도 화성시 장안면 수정로 80-13 -
044480,박종진,19730523,충청북도 증평군  증평읍 광장로 473-3 (주)유니더스
044490,장희상,19870619,부산광역시 강서구  녹산산단27로 67
044780,계명재,19900530,경기도 화성시 양감면 사릅재길 117
044960,"강승조, 강태성(각자 대표이사)",19831206,충청남도 예산군 신암면 추사로 235-34
044990,김정희,19951206,대전광역시 유성구 테크노1로 62-7 &nbsp
045060,"김윤정,김중화",19740912,인천광역시 남동구  함박뫼로 341
045100,"김윤상, 이종근(공동 대표이사)",19880711,"경기도 화성시 영통로26번길 72 (반월동,외2필지)"
045300,박찬홍,19970401,경남 창원시 성산구 성주동 24-6
045340,최장수,19890114,부산광역시 해운대구 반송로513번길 66-39(석대동)
045390,"정태운, 최종윤, 장일수(각자 대표이사)",19950912,경기도 부천시 오정구 수도로 139
045510,한덕희,19690627,서울특별시 강남구  도산대로1길 46 (신사동)
045520,곽규범,19791231,서울 강남구 삼성동 159-1 무역회관 903-1호
045660,"신승영, 김형철(각자대표)",19930630,"경기도 성남시 분당구 판교로 289 (삼평동, 에이텍빌딩)"
045970,이희준 (단독대표),19930525,인천광역시 남동구  남동서로 193 (주)비에스이홀딩스
046070,인귀승,19970214,충청남도 천안시 서북구  입장면 신대길 8
046120,도은성,19910305,"서울특별시 금천구 범안로 1130 8층(가산동, 가산디지털엠파이어)"
046210,장인근,19760707,대전광역시 유성구  테크노10로 54
046310,"임학규, 김병남 (공동 대표이사)",19961217,"경기도 군포시 엘에스로 153-18(산본동) L&C타워 4,5,6층"
046390,"공동대표이사 안제현, 신상윤",19911012,서울특별시 마포구 매봉산로2안길 8 -
046440,유승용,20000317,서울특별시 중구 통일로 92 케이지타워 16층
046890,"이정훈, 김홍민",19870305,경기도 안산시 단원구 산단로 163번길 97-11
046940,"김기영,김기현(각자대표)",19981028,서울특별시 서초구 강남대로 279 백향빌딩 8층
046970,박세철,19981229,광주광역시 광산구  평동산단6번로 102-22
047080,원지훈,19990106,서울특별시 금천구 가산디지털1로 186 제이플라츠빌딩 15층 1506호
047310,장동훈,19970903,충청북도 청원군  옥산면 과학산업4로 163
047560,정상원,19930924,"서울특별시 서초구 반포대로 3 6층,7층,8층 (서초동, 이스트빌딩)"
047770,"김보선, 김호덕(각자대표)",19950816,서울특별시 강남구 논현로145길 66 (논현동)
047820,"김동준,윤동현 (각자대표이사)",19980526,"서울특별시 강남구 언주로 726 16층(논현동, 두산빌딩)"
047920,박재형,19980423,경기도 남양주시 경강로 27
048410,진근우,20000525,경상북도 김천시  아포읍 아포공단길 106
048430,엄대열,19870507,세종특별자치시   전동면 아래깊은내길 25 주식회사 유라테크
048470,임주희,19730814,인천광역시 남동구 앵고개로622번길 29 남동공단 165B-1L 고잔동
048530,"윤성준, 윤경원(각자대표)",19990118,경기도 성남시 중원구  사기막골로 137 중앙인더스피아 5차 701~704호
048550,박태현,19800513,"서울특별시 성동구 왕십리로 83-21 디타워동 14층(성수동1가, 아크로 서울포레스트)"
048770,"엄주섭, 엄재윤",19790123,인천광역시 서구 갑문2로 39 (오류동) 단해창도클러스터
048830,최윤혁,19870304,경상북도 구미시 옥계2공단로5길 7 -
048870,박진형,19980402,"경기도 성남시 중원구 사기막골로 52 5층(상대원동, 선텍시티2)"
048910,"정욱, 정동훈",19771206,"서울특별시 용산구 한강대로23길 55 6층 1-1호(한강로3가,현대아이파크몰 테마파크)"
049070,김현량,19750902,경기도 안양시 만안구  안양천서로 51
049080,김현제,20000131,경기도 화성시 동탄산단10길 61 -
049120,"홍성천,김종찬(각자대표)",19990319,충청남도 아산시  음봉면 연암산로 169 (주)파인디엔씨
049180,유인수,19850430,"서울특별시 금천구  디지털로 130 402(가산동, 에이스테크노타워 9차)"
049430,강동헌,19830125,부산광역시 사하구 장평로 73 (주)코메론
049470,"이성훈, 박재한(각자대표)",19971121,"경기도 의왕시 광진말로 54 에이동 512호, 513호(초평동, 의왕스마트시티퀀텀)"
049480,"황철이, 정진섭(각자 대표이사)",19920916,"서울특별시 서초구  매헌로 16 (양재동, 하이브랜드 리빙관4층)"
049520,김시균,19820617,경기도 파주시 광탄면 보광로 869-26
049550,"김평수, 김정돈 (각자 대표이사)",19920617,경기도 안산시 단원구 능안로 98-12잉크테크
049630,"김학권,김승재(각자 대표이사)",19841220,인천광역시 연수구 갯벌로 118
049720,윤태훈,19910627,"서울특별시 서초구 서초대로 353 (서초동, 유니온타워)"
049830,현창수,19781226,충청남도 천안시 서북구  직산읍 4산단1길 10
049950,김준구,19921230,경기도 화성시  양감면 정문송산로 69-12
049960,정명준,19950207,경기 김포시 월곶면 개곡리 134
050090,"홍석규, 홍정화(각자 대표이사)",20000617,경상북도 구미시 산동읍 신당2로 23 골든프라자 제1동 3층
050110,권현진,19930130,인천광역시 연수구  벤처로100번길 26
050120,안경환,19770620,"서울특별시 강남구 강남대로 556 12층(논현동, 논현빌딩)"
050760,이혁렬,19990618,충청북도 진천군  덕산면 한삼로 275 에스폴리텍
050860,"김신길, 김은수 (각자대표)",19780909,대구 달성군 유가면 금리 168
050890,"정준, 이승희 (각자대표이사)",19981105,경기도 성남시 분당구 판교역로 220 쏠리드스페이스
050960,정은아,19980303,"서울특별시 강남구 밤고개로5길 13 (수서동, 수산빌딩)"
051160,김영준,19980813,"서울특별시 종로구 종로1길 50 A동11층(중학동, 케이트윈타워)"
051360,김용범,19980908,인천광역시 연수구 하모니로226번길 15 -
051370,신일운,19940719,경기도 안산시 단원구 강촌로 149 스마트센터
051380,이성수,19980821,"서울특별시 용산구 원효로 138 8층 (원효로3가, 청진빌딩)"
051390,우병일,19960726,"경기도 성남시 분당구  야탑남로 280 801(야탑동,분당테크노파크씨동)"
051490,"김영조, 김정훈 (각자 대표이사)",19990219,경상남도 창원시 성산구  공단로 675 나라엠앤디(주)
051500,이건일,19881027,경기도 용인시 기흥구  기곡로 32
051780,조중기,19871229,"서울특별시 강남구 테헤란로13길 31-1 3층(역삼동, 일리빌딩)"
051980,김영신,19990423,경기도 안양시 동안구 시민대로 115 503호(호계동)
052020,정현진,19890816,"서울특별시 강남구  영동대로 511 2201(삼성동, 무역센터 트레이드타워)"
052220,이선태,20000311,"서울특별시 마포구 성암로 25510층(상암동, 문화방송미디어센터)"
052260,이희준,19950901,충청북도 청주시 흥덕구 오송읍 오송생명2로 22 SK 바이오랜드 오송공장
052300,"최진욱, 이응길(공동대표이사)",19950817,"서울특별시 강남구 도산대로 445 8층(청담동, M빌딩)"
052330,김영달,19870306,인천광역시 연수구 벤처로24번길 26
052400,조정일,19980311,서울특별시 영등포구  은행로 3 익스콘벤처타워 8층
052420,김두인,19940622,전라북도 익산시 석암로17길 104 오성첨단소재(주)
052460,"박우진, 서익수(각자 대표이사)",20000121,서울특별시 강남구 테헤란로44길 8 아이콘역삼 7층 및 8층
052600,김선종,19970415,서울특별시 마포구  독막로 281
052710,김병규,19941019,인천 남동구 남촌동 617 남동공단 5블럭 1롯트
052770,최치경,19970630,서울특별시 강남구 논현로18길 14-5 -
052790,구오하이빈(Guo Haibin),19961029,"서울특별시 중구 서애로 33 1층, 4층, 5층(필동3가,티엔에스빌딩)"
052860,박창일,19961115,경기도 성남시 분당구 판교로255번길 24
052900,강천석,19970305,충청남도 아산시  음봉면 연암율금로 330 비아이이엠티
053030,이혁종,19850605,부산광역시 사하구 다대로 368-3
053050,유석형,19890421,경상남도 사천시 사천읍 구암두문로 412-30
053060,윤정상,19860204,부산광역시 기장군  장안읍 장안산단 8로 8
053080,"구자겸, 우희구 (각자 대표이사)",19890825,충청북도 음성군 금왕읍 금율로30번길 32-10
053160,"박흥식,주흥식",19891128,경기도 부천시 오정구 삼작로178번길 14
053260,"주광남, 주성호(각자 대표)",19770112,"서울특별시 서초구  서운로 19 701호(서초동, 서초월드오피스텔)"
053270,"김대원, 이희화(각자대표)",19891109,대구광역시 달성군 구지면 국가산단대로39길 119 (창리)
053280,"김석환, 최세라 (각자대표이사)",19990401,서울특별시 영등포구 은행로 11
053290,이정진 (단독 대표이사),19940628,서울특별시 마포구 월드컵북로 396 누리꿈스퀘어 비즈니스타워 10층
053300,조태묵,19990702,"경기도 성남시 수정구 금토로 69 6층(금토동, 다우디지털스퀘어)"
053350,"김철균, 이응길(공동대표이사)",19970613,"서울특별시 구로구 디지털로26길 61 (구로동, 에이스하이앤드2차11층)"
053450,박은경,19881224,경기도 동두천시  평화로2862번길 28
053580,강원주,19990708,서울특별시 영등포구 영신로 220 KnK 디지털타워 20층
053610,최승환,19970901,경기도 안양시 동안구 시민대로327번길 11-14(관양동)
053620,현창수,19891014,충청남도 천안시 서북구  업성1길 27 태양산업(주)
053700,"이재하, 이유경",19870925,대구광역시 달서구  성서동로 142
053800,강석균,19950318,경기도 성남시 분당구  판교역로 220
053950,김성곤,19981229,경상남도 의령군 동동리 1539-5
053980,"이국래,김선기(각자 대표이사)",19930312,인천 부평구 부평동 604-15
054040,강창귀,19940912,경상북도 구미시  임수로 24
054050,양현구,19900605,경기도 수원시 영통구 센트럴타운로 114-8(이의동)농우바이오
054090,이명종,19870106,경기도 화성시 동탄면 동탄기흥로 64-17
054180,조태용,19990126,서울특별시 강남구 역삼로19길 26 -
054210,"이세용,이해성(각자대표이사)",19820121,경기도 수원시 영통구  삼성로268번길 37
054220,"이기재, 이학영 (각자대표)",19891104,"서울특별시 금천구 가산디지털1로 225 5층 513~515호(가산동, 에이스가산포휴)"
054300,"김현겸, 권재근",19951121,부산광역시 중구 해관로 30 팬스타크루즈프라자
054410,박준영,19950809,경기도 화성시 정남면 괘랑2길 1
054450,이장규,19991029,경기도 성남시 수정구 금토로80번길 27 ㈜텔레칩스 판교사옥
054540,"전창옥, 이영준 (각자 대표이사)",19970129,경상남도 함안군 칠서면 삼칠로 631-35
054620,정기로,19960829,경기도 화성시 동탄면 동탄산단9길 23-12 (동탄면)
054670,이원석,19841020,경기도 화성시 향남읍 상신리 904-3
054780,조지훈,19961008,서울특별시 강남구 학동로11길 30 -
054800,김영달,19970924,대전 유성구 관평동 1301
054920,송상엽,19990331,"경기도 성남시 분당구 대왕판교로644번길 49 (삼평동,한컴타워)"
054930,"박석성, 전경수, 장학성",19660117,"서울특별시 동작구 보라매로5가길 24 4층(신대방, 보라매나산스위트)"
054940,김성후 (단독 대표이사),19910503,서울특별시 구로구  디지털로 288
054950,김상욱,19770620,대구광역시 달서구  호산동로 121
056080,박성주,19931207,인천광역시 연수구 하모니로187번길 33 송도동
056090,유현승,19970821,경기도 의정부시 산단로76번길 20 &nbsp
056190,김상경,19981218,경기도 화성시 동탄면 영천로 38
056360,황인환,20000218,서울특별시 강서구 마곡중앙8로7길 45 (마곡동)
056700,안철흥,19880527,충남 천안시 동남구 병천면 매봉로 308
056730,이기주,19961202,"경기도 안양시 동안구 벌말로 126 10층 1004-2호 (관양동, 평촌오비즈타워)"
057030,김종익,20000607,"서울특별시 종로구 종로 98 지상 2층, 4층~9층"
057540,박혜린,19970217,경기도 여주군  가남면 연삼로 284
057680,"김상우,유승재(각자대표)",19980821,서울특별시 동작구 여의대방로62길 1 3층
058110,김종철,19981126,경기도 파주시 상지석길 21
058400,이오상,19940907,부산광역시 해운대구  센텀서로 30 케이엔엔타워
058450,한정수,19780224,"경기도 성남시 중원구 갈마치로 245 1704호 (상대원동, 성남아이파크디어반)"
058470,이채윤,19961220,부산광역시 강서구 미음산단로105번길 10
058610,"이준호, 여영길(각자 대표이사)",19910321,"인천광역시 남동구  청능대로289번길 45 (고잔동, 남동공단 67B12L)"
058630,권이형,19991228,서울특별시 금천구  가산디지털1로 145 에이스하이엔드타워3차
058820,이주형,20010801,서울특별시 강남구 학동로 170 베터라이프빌딩 3층(논현동)
058970,조상원,20000315,"서울특별시 영등포구 당산로41길 11, SK V1센터 E동 5층 &nbsp"
059090,"전선규, 이석윤 (각자대표)",19990716,경기도 안성시 대덕면 모산로 53 -
059100,김양국,20000512,경기도 평택시 팽성읍 추팔산단1길 23
059120,김창호,19971229,대구광역시 달서구 성서공단로11길 27
059210,오석송,19990701,충청북도 청주시 흥덕구  오송읍 오송생명1로 270
059270,구형모,19970303,인천광역시 남동구 능허대로 551
060150,김성수,19971106,경기도 고양시 일산동구  동국로 240 인선ENT(주)
060230,황케빈인석,19991222,충청남도 천안시 서북구 2공단7길 50 (차암동)
060240,오광배(단독대표),19930715,"경기도 안양시 동안구 벌말로102번길 49 5층(관양동,스마트베이2차) 510-11호"
060250,박준석,19941228,서울특별시 구로구 디지털로26길 72 -
060260,"황문기, 황희선(각자 대표이사)",19901101,강원도 원주시 태장공단길 42-6 -
060280,이재준,19920229,"서울특별시 송파구 위례순환로 480 케이알산업빌딩 3, 4층(장지동)"
060310,정완영,19910128,서울특별시 금천구 가산디지털1로 75-24 1310호
060370,김병옥,19950417,부산광역시 동구 중앙대로 184 16층
060380,조남욱,19811112,대전광역시 중구 중앙로 164번길 20(은행동) 동양빌딩 4층
060480,"최두현,손인국 (각자대표)",19930226,경기도 안산시 단원구 번영2로 58 &nbsp
060540,"정성원, 김희창 (각자 대표이사)",19981221,"경기도 군포시  엘에스로 175 (산본동, 에스에이타워7층)"
060560,박 병 윤,19880725,대구광역시 북구 노원로 139-6
060570,이기영,19990120,"서울특별시 강남구 테헤란로14길 16 3층, 5층, 11층"
060590,조창선(단독대표이사),19951228,서울특별시 강남구 도산대로 509 12층
060720,남광희,19921123,경상북도 구미시  1공단로10길 53-12 (주)KH바텍
060850,권영범,19930522,서울특별시 강서구 양천로 583 우림블루나인비즈니스센터 A동 23층
060900,"염제우, 조헌정 각자대표이사",19970228,전라남도 영광군 영광읍 그린테크로 23 -
061040,조경숙,19950222,경기도 용인시 처인구  원삼면 죽양대로1763번길 60 알에프텍
061090,김태용,19980713,서울특별시 강남구 헌릉로 569길 19
061250,"김유정, 서생규 (각자 대표이사)",19801118,경기도 평택시 산단로 241 -
061970,이대교,20000210,경기도 평택시 청북면 청북산단로 138
062970,조헌정,19990921,광주광역시 북구 첨단과기로 345
063080,정철호,20000110,서울특별시 금천구 가산디지털1로 131 에이동 4층
063170,이옥경,19981230,서울 종로구 평창동 98
063440,"남화민, 박준영",19981229,경기도 파주시 직지길 376
063570,이현석,20000111,"서울특별시 마포구 새창로 7 6층, 7층, 8층(도화동)"
063760,이재혁,19991016,경기도 화성시 삼성1로2길 29 -
064090,성효중,19910930,서울특별시 강남구 테헤란로63길 11 3층
064240,권영철,20000427,서울특별시 강남구 언주로 726 두산빌딩 14층(논현동)
064260,백현숙,19970704,"경기도 성남시 분당구 분당로 55, 9층(서현동, 분당퍼스트타워)"
064290,이상윤,19951013,대전광역시 유성구  테크노2로 263 (주)인텍플러스
064480,신경식,19950331,"서울특별시 영등포구 국제금융로2길 32 여의도파이낸스타워 17,18층"
064520,김재창,19980217,경기도 화성시  동탄면 경기동로 548
064550,박한오,19920828,대전광역시 유성구 테크노2로 71 (주)바이오니아 글로벌센터
064760,"카나이 켄이치, 오창민(각자대표)",19960807,경기도 안성시 미양면 개정산업단지로 71-
064800,황정일,20000406,"서울특별시 영등포구 영등포로 272 (영등포동3가, 젬백스링크타워) -"
064820,최철은,19831226,경상남도 양산시  상북면 양산대로 1303
064850,"이기태, 전민석(각자대표)",20000705,서울특별시 강서구 마곡중앙2로 61
065060,김석주 장지혁 (각자대표이사),19970531,서울특별시 송파구  동남로4길 41 지엔코빌딩
065130,안만호,19931113,경상북도 구미시  고아읍 농공단지길 53-17
065150,김상욱,19950907,대전광역시 유성구 교촌대정로 198 대정동
065170,박영철,19950217,"경기도 용인시 수지구 신수로 767 134호(동천동, 분당수지유타워 지식산업센터)"
065350,구본상·이동한(각자 대표이사),19871109,경상남도 창원시 성산구  공단로271번길 39 신성델타테크(주)
065370,"김다산, 이제동 (각자 대표이사)",19900927,경기도 과천시 과천대로12길 117 과천펜타원 G동 11-13층
065420,전순옥,19870821,서울특별시 마포구 마포대로 45 4층(일진빌딩)
065440,"이승구, 이영성 (각자 대표이사)",19980423,경기도 성남시 분당구 대왕판교로 660 유스페이스1 A동 9층 905호
065450,임만규,19960109,인천광역시 연수구 연구단지로55번길 25 -
065500,"장재진, 박영동",19870625,경상북도 구미시 수출대로 9-1 26-5(공단동)
065510,김현수,19990427,경기도 안양시 동안구 부림로 170번길 38 (관양동)
065530,"장병권, 김문환(각자대표이사)",19961230,서울특별시 송파구 법원로11길 28 BK타워 11층
065570,김중철,19950206,부산광역시 영도구  상리로 69
065650,"이상석, 안은철(공동대표이사)",19970318,서울특별시 강남구 언주로 726 두산빌딩 15층
065660,"이성구, 김미형(각자대표)",20000316,"서울특별시 금천구 디지털로 130, 405호(가산동, 남성플라자)"
065680,"노영백, 노중산(각자대표이사)",19990816,경기도 수원시 영통구 대학3로 7 나보나스퀘어 3층(이의동)
065690,박창식,19870623,충남 천안시 성거읍 천흥리316-4
065710,"이상호, 김승남(각자대표)",19880923,경기도 안양시 동안구  귀인로 9
065770,"최규훈, 김태연(각자 대표이사)",19990203,경기도 성남시 분당구 판교로228번길 15 윈스동 8층(삼평동 판교세븐벤처밸리1)
065950,이영규,19920527,서울특별시 구로구 디지털로27길 12 주식회사 웰크론
066130,김성식,19881010,경기도 평택시 진위면 동부대로 202
066310,이청대,20000707,충청남도 천안시 서북구  성거읍 천흥8길 17
066360,김강흥,19910907,충청북도 진천군 이월면 생거진천로 1770
066410,강지연,19990205,서울특별시 강남구 언주로135길 21 (논현동)
066430,김형모,19990111,경상남도 김해시 대동면 대동산단3로 35 -
066590,안중기,19950613,경남 창원시 신촌동 192-4번지
066620,"황창연,김민기(각자 대표이사)",19880302,서울 마포구 서교동 477-22
066670,박윤민,19980804,충청남도 천안시 서북구 3공단6로 86-9 (주)디스플레이테크 천안공장
066700,"고진업, 박시홍",19900927,경기도 안산시 단원구 산단로 68번길 58(초지동)
066790,박진숙,19970715,충북 충주시 용산동 35
066900,"권오일, 최봉윤",19871128,경기도 안성시 미양면 보체리 404-1
066910,차현일,19961230,경기도 부천시 원미구 신흥로 223 101동 305호
066980,"정윤석, 양승환(각자 대표이사)",19980924,서울특별시 강남구 강남대로 556 이투데이빌딩 6층
067000,조성원,19940530,"경기도 성남시 분당구 황새울로258번길 25 (수내동, 조이시티타워)"
067010,현해남,19991007,"서울특별시 서초구 반포대로28길 8 (서초동, 일홍빌딩 3,4,5층)"
067080,김은석(단독대표),19890119,강원도 횡성군  횡성읍 한우로 495
067160,"최영우, 이민원",19960422,"경기도 성남시 분당구  판교로228번길 15 판교7벤처밸리3 1단지 2동 201, 901호"
067170,"강성희, 이규방(각자 대표이사)",19910731,충청남도 예산군  고덕면 예덕로 1033-36
067280,안재우,20000504,서울특별시 강남구 언주로 508 서울상록회관 17층
067290,김용관,19810813,경기도 과천시 과천대로7길 38 -
067310,이동철,20010823,충남 아산시 음봉면 원남리 95-1번지
067370,노광,19970610,인천광역시 남동구 은봉로 129 -
067390,김두일,20010420,경상남도 사천시 용현면 종포산단로 133 -
067570,"구자겸, 천성식(각자대표이사)",19840117,울산광역시 북구 모듈화산업로 207-14엔브이에이치코리아(주)
067630,백윤기,19980724,"경기도 화성시 동탄첨단산업1로 51-9 8층(영천동,엠타워지식산업센터)"
067730,이호성,19960704,서울특별시 마포구 독막로 281
067770,김인식,19960607,경기도 안성시  원곡면 지문로 51-43
067900,"박지영, 박용하(각자 대표이사)",19900831,전라남도 여수시  여수산단로 1232
067920,이득춘,19991102,서울특별시 송파구 정의로8길 7 한스빌딩
067990,권혁민,19970817,서울특별시 성동구 동일로 111 (성수동 2가)
068050,박영석,19980403,서울특별시 마포구  월드컵북로58길 10
068100,김동식,19970617,서울특별시 구로구 디지털로26길 5 에이스하이엔드타워1차 401
068240,박선순,19960115,경기도 안산시 단원구 시화호수로 485(성곡동) (주) 다원시스
068330,홍성대,19940927,경기도 동두천시 삼육사로548번길 84
068760,유영호,20001117,충청북도 청주시 청원구 오창읍 2산단로 82셀트리온제약
068790,이석화,19990708,경기도 용인시 기흥구 흥덕중앙로 120 유타워 6층 (영덕동)
068930,김희선,20000310,서울특별시 서초구  방배로 181 단우빌딩
068940,윤정엽,19981110,대구광역시 달서구  호산동로7길 17
069080,김태영,20000428,"경기도 성남시 분당구 판교로 242 (삼평동, 판교디지털콘텐츠파크 B동)"
069140,이형기,19940304,경기도 김포시  대곶면 대곶로202번길 191
069330,박종수 (대표이사),19900518,충청북도 청주시 흥덕구 대신로146번길 174 (송정동)
069410,최일규,20000719,"서울특별시 강남구 학동로 401 15층(청담동, 금하빌딩)"
069510,이석정,19990916,경상남도 양산시  유산공단9길 22
069540,"김민호, 배기복(각자대표)",19981027,대전광역시 대덕구 문평동로 68
069920,"이승철, 정재영(각자 대표이사)",20010314,"서울특별시 강남구 삼성로 633 (삼성동, 삼광빌딩)"
070300,"안은철, 김지원(각자 대표이사)",20000915,경기도 김포시 양촌읍 황금1로 307-5
070590,조형석,20031215,"서울특별시 마포구 월드컵북로 396, 14층 (상암동, 누리꿈스퀘어비즈니스타워)"
071200,"홍기태, 이원용 (공동대표이사)",20021230,서울특별시 구로구  디지털로34길 27 대륭포스트타워3차 12층
071280,박기환,19971028,경기도 용인시 처인구 남사면 완장천로 448-34 로체시스템즈(주)
071670,유영목,20010820,경기도 화성시  정남면 가장로 277
071850,윤호성,19981223,부산광역시 강서구 미음산단4로 55 (미음동) 캐스텍코리아
072020,"윤인중, 윤석인 (각자대표이사)",19941004,대전광역시 유성구 유성대로 1476-37 (주)중앙백신연구소
072470,김명준,19890227,경기도 용인시 기흥구 지삼로 89
072770,이정남(단독 대표이사),19980303,서울특별시 서초구 서초대로 6 13층
072870,"손주은, 손은진(각자 대표이사)",20000712,"서울특별시 서초구 효령로 304 24층(서초동, 국제전자센터)"
072950,"강만준, 강명구 (각자대표)",19981103,경기도 용인시 기흥구  언동로 53-11 빛샘전자 (청덕동)
072990,허 봉 재,20000512,경기도 이천시 마장면 서이천로578번길 74
073010,"이범호, 김효철(각자 대표이사)",20000628,부산광역시 강서구  녹산산단381로86번길 43
073110,"나우주, 조성민(각자대표)",19990213,경기도 평택시 진위면 진위산단로 53-73
073190,정관영,19870422,인천 서구 가좌동 543-2
073490,"곽영수, 허순재(각자대표)",20000927,경기도 성남시 분당구 서현로 190-
073540,남재국,20001013,경기도 의왕시 오봉산단1로 30 (이동)
073560,"조창현, 조광식(각자대표)",20010222,전라남도 나주시 반남면 장송길 73
073570,변재석,19980523,서울특별시 성동구 아차산로17길 48 1120호
073640,지서현,19931019,경남 창원시 성주동 30-5번지
074430,"오장석,오성석",19970903,서울특별시 강남구 역삼로 151 삼오빌딩3층 301호
074600,백홍주,20031112,경상북도 구미시 산동읍 5공단3로 14 -
075130,김태주 (단독 대표이사),20000601,경기도 성남시 분당구  대왕판교로 670 유스페이스2 A동 6층
075970,남기성,20040101,경상남도 김해시  상동면 상동로375번길 26-29 동국내화(주)
076080,"이영규, 이기창, 강영길 (각자대표)",19950112,경기도 화성시  향남읍 발안공단로 92-36
076610,조  철,20020325,경기도 화성시 봉담읍 효행로184번길 66
077360,"이수훈, 김태수 (공동대표이사)",19990506,울산광역시 북구  무룡1로 66
078020,홍원식,19991215,서울특별시 영등포구 여의나루로 60 포스트타워 24층
078070,이상근,20000711,경기도 성남시 분당구 판교로 25568 (삼평동 616) 유비쿼스
078130,박흥준,19780821,경기도 용인시 처인구  이동면 백옥대로 563
078140,"박종호, 박진오",19860708,인천광역시 연수구 송도미래로 101 대봉그룹 송도 B&H Plex
078150,문성준,19970902,세종특별자치시  소정면 소정산단6로 20 -
078160,오원일,20000626,경기도 성남시 분당구 대왕판교로 644번길21 -
078340,남재관,19980807,서울특별시 금천구  가산디지털1로 131
078350,김윤상,20040419,경기도 화성시 삼성1로 332-7
078590,설정호,19930825,경남 밀양시 산내면 가인리 364번지
078600,"임일지,임중규(각자대표)",19810706,경기 시흥시 정왕동 1236-10
078860,최석우 (단독 대표이사),20000426,서울특별시 용산구 서빙고로51길 52 2층
078890,임동연,20010511,경기도 성남시 분당구  성남대로 884-3
079000,"송태양,송태광(각자대표)",19970613,전라남도 장성군  동화면 전자농공단지1길 31
079170,"강호익, 강상균(각자대표)",19860325,경기도 화성시 양감면 암소고개로 227-14
079190,LLOYD YEONSU LEE,19980601,"인천광역시 남동구 은봉로 114번길 27 논현동, 52블럭 4로트"
079370,"이종우, 황하섭",19881212,경기도 화성시 안녕남로 132 (주)제우스
079650,염종학,19740216,광주광역시 광산구  하남산단4번로 143
079810,배성민,20010801,경기도 오산시 가장산업서북로 40-56 -
079940,"김홍국, 원종홍 (공동대표이사)",19990921,"경기도 과천시 과천대로7나길 34 4~6층 (갈현동, 가비아 앳)"
079950,구동범,20010126,경기도 파주시 문산읍 돈유3로 55 (선유리1373-7)
079960,"김재수,김재만",19870327,경기도 평택시 진위면 진위산단로 76
079970,김모란희 단독대표,20000710,"서울특별시 강남구 봉은사로 617 인탑스빌딩 3, 4, 5층 (삼성동)"
080010,"조원표, 이상택(공동대표이사)",20000228,서울특별시 마포구 월드컵북로58길 9 ES타워
080160,우종웅,19890214,서울특별시 중구  을지로 16 프레지던트호텔 5층 모두투어네트워크
080220,"박성식, 조형섭(각자대표)",20000404,제주특별자치도 제주시 첨단로 330 A동 2층
080420,"정태형, 강중근",20000424,경기도 안산시 단원구  동산로27번길 42-7 이노칩테크놀러지(주)
080470,"고우종,고빅터건민(KOH VICTOR GUNMIN),이동주 각자대표이사",19961018,경기도 안성시  원곡면 청원로 1785-14
080520,박병근,19991206,전라북도 완주군 봉동읍 완주산단5로 87
080530,유승욱,19990213,"경기도 용인시 수지구 광교중앙로 338 A동(상현동, 광교우미뉴브)  -호실(총12개):A301, A302, A303, A304,"
080580,전진국,19980413,"경기도 의왕시 오전공업길 13, 6층 (오전동, 벽산선영테크노피아)"
080720,성광현,19850810,강원도 원주시 문막읍 문막공단길 246
081150,"김영국, 김태섭 각자대표이사",19911213,"경기도 안산시 단원구 엠티브이1로 75 (목내동, (주)티플랙스)"
081180,김종현,20000322,경기도 수원시 권선구 산업로155번길 111
081580,"조일현,김영도(각자대표이사)",19870826,"경기도 안산시 단원구 번영로 68 (성곡동, 시화공단 4마 606호)"
082210,최상호,19990526,대전광역시 유성구 가정북로 26-51 -
082270,"김기호, 이석준",19980310,경기도 성남시 분당구 운중로 117 포모나타워 5층
082660,우정민,20010620,경기도 김포시 양촌읍 학운산단2로 27 (주)코스나인
082800,장부환,20020822,경기도 화성시 향남읍 제약공단2길 34-40
082850,"엄태욱, 윤지용",20000525,"경기도 안산시 단원구 성곡로 79 (성곡동,608블럭30롯트)"
082920,장승국,19871031,충청남도 당진시 합덕읍 인더스파크로 70 -
083310,오흥식,20020323,경기도 오산시 지곶중앙로 1-20 -
083450,"석종욱, 문승보(각자대표)",20011012,경기도 화성시 동탄면 동탄산단6길 15-13
083470,대표이사 고창훈,19990930,"경기도 안산시 상록구 해안로 705, 파일롯플랜트 2동 203호(사동,경기테크노파크)"
083500,"김팔곤, 양상재(공동대표)",20020318,충청남도 천안시 서북구 직산읍 4산단2길 19
083550,신병순,19890928,경기도 안성시 미양면 협동단지길 147-1 (주)케이엠
083640,황엽,20000801,"경기도 안양시 동안구 전파로104번길 14 2층, 3층(호계동)"
083650,"이근흥, 조원래 (각자 대표이사)",19980612,경상남도 함안군  군북면 장백로 122
083660,박정훈,19891107,서울특별시 강남구 언주로 726 두산빌딩 14층
083790,이호영,20000707,서울특별시 강서구 마곡중앙8로 38 마곡동
083930,김광현,20000116,대구 달서구 월암동 1107번지
084110,"Song Soo-young, Yoon Sung-Tae (Independent representation)",19870710,경기도 성남시 수정구 창업로 17 판교 아이스퀘어 A동 9층
084180,홍탁완,19820223,인천광역시 서구 뱃길1로 42 수성웹툰 주식회사
084370,"엄평용, 신승우 (각자 대표이사)",20000105,경기도 용인시 처인구  양지면 추계로 42 유진테크
084440,임재환,20000111,서울특별시 구로구 디지털로34길 27 대륭포스트타워3차 601
084650,류재학 대표이사,20020329,경기도 성남시 분당구 대왕판교로 700 (삼평동) 6층
084730,이흥복,19970326,경기도 성남시 분당구 판교역로 240 삼환하이펙스 A동 9층
084850,나혁휘,20000223,충청북도 청주시 청원구 오창읍 양청3길 60
084990,장송선,19961121,서울특별시 강서구 마곡중앙8로7길 21 -
085660,차원태,20021105,서울특별시 강남구 도산대로 442 청담동 피엔폴루스 3층
085670,임시연,20000622,경기 안산시 단원구 신길동 1055603-4호
085810,정욱재,19990201,서울특별시 강남구 테헤란로7길 12 허바허바빌딩 4층
085910,권상훈,20000818,경기도 안성시  죽산면 용대길 38-9
086040,강종구,20000823,충청북도 청주시 청원구 오창읍 연구단지로 53
086060,이찬호,20000315,충청남도 공주시  계룡면 신원사로 166
086390,"김종현, 안수홍",20000321,경기도 용인시 기흥구  기곡로 27 (주)유니테스트
086450,송준호,19681015,서울특별시 강남구 영동대로 715 동국제약 청담빌딩
086520,송호준,19981022,충청북도 청주시 청원구 오창읍 과학산업2로 587-40 주식회사 에코프로
086670,"윤종찬, 윤민정(각자대표이사)",20000726,부산광역시 기장군 장안읍 신소재산단2로 17 -
086710,이성호,19880601,서울특별시 금천구 가산디지털2로 143 가산 어반워크2 16층
086820,이정선,20000114,"서울특별시 노원구 공릉로 232 5층 (공릉동, 서울테크노파크)"
086890,유준수,20010329,"경기도 성남시 분당구 대왕판교로712번길 22, 씨동 5층 (삼평동, 글로벌알앤디센터)"
086900,정현호,20000502,충청북도 청원군  오창읍 각리1길 78 (주)메디톡스
086960,"이창열, 이정승",19981229,"경기도 성남시 분당구 대왕판교로644번길 49 9층(삼평동, DTC타워)"
086980,신호정,19990610,서울특별시 강남구 도산대로 310(논현동) 916빌딩 7~9층
087010,최호일,19971121,대전광역시 유성구 유성대로1628번길 37-24
087260,신욱호,20040416,경기도 안양시 동안구 시민대로 401
087600,이서규,20000412,경기도 성남시 수정구 금토로40번길 30 -
088130,최귀상/박진균,19990414,경기도 안양시 동안구 시민대로327번길 12-24 (주)동아엘텍 빌딩
088280,양형국,20001024,경기도 평택시 청북읍 현곡산단로93번길 81
088290,박주성,19941118,전라북도 정읍시 첨단1로 8 (신정동)
088340,조준희,20010119,서울특별시 서초구 방배로 231 -
088390,박정진,20011108,충청남도 아산시 둔포면 아산밸리로 171
088800,최문우,20060302,인천광역시 연수구 하모니로187번길 16 -
088910,김태호,19930217,전라북도 군산시  서수면 동군산로 1095 주식회사 동우
089010,김응수,19970401,세종특별자치시   전동면 배일길 31
089030,"나윤성, 장 남 각자대표",20020801,경기도 화성시 동탄면 동탄산단6길 37
089140,이주한,20000718,경기도 용인시 기흥구 기흥단지로121번길 35 (고매동)
089150,"강창귀, 김선종 각자대표",20021214,경기도 수원시 권선구  일월천로4번길 7-10 금제빌딩
089230,신환률,20020708,서울특별시 서초구 강남대로101안길 41 .
089600,박평권,20000313,"서울특별시 강남구 도곡로1길 14 삼일프라자오피스텔4,5F"
089790,"유홍준, 유동완",19980707,충청남도 천안시 서북구  직산읍 4산단3로 135
089850,이흥복,20000901,"서울특별시 구로구 디지털로26길 43 대륭포스트타워8차 엘동 15, 16, 17층(구로동)"
089890,박명순,19940125,경기도 부천시 오정구  산업로 62
089970,"최우형, 임종필 (각자 대표이사)",20020222,경기도 이천시 마장면 서이천로 58-47
089980,"이상원, 이상열(각자 대표이사)",19860321,인천광역시 남동구  남동대로369번길 18
090150,신규진,19990206,부산광역시 기장군  장안읍 장안산단9로 110
090360,배병주,19990226,경기도 안산시 상록구  수인로 700
090410,"유희성,오종녕(각자 대표이사)",19910104,충청남도 천안시 동남구 수신면 수신로 485-34
090470,정재송,19950309,충청남도 아산시 음봉면 산동로 433-15 -
090710,김봉관,19981129,충청남도 천안시 서북구 직산읍 4산단6길 27 -
090850,박종선,20030114,서울특별시 서대문구 충정로 23 풍산빌딩
091120,"정승규, 이석근 (각자대표)",20010118,경상남도 창원시 성산구 창원대로1144번길 40 (주)이엠텍
091340,이민형,19991108,경기도 화성시 마도면 청원산단1길 69 -
091440,"신규철, 임세혁(각자 대표이사)",20000920,경기도 성남시 중원구 갈마치로 214-1 4층
091580,"김일부, 김민철 (각자대표)",19920128,충청남도 천안시 서북구 직산읍 4산단6길 57 -
091590,최재훈,19590822,전라남도 화순군 화순읍 벽라1길 40
091700,"Kim Jong-koo, Kim Won-keun",20030128,경기도 화성시  삼성1로2길 22 (주)파트론
091970,신해용,19991223,경기도 안성시 양성면 양성로 112 -
092040,표쩌,20000529,경상남도 진주시 문산읍 월아산로950번길 14-10 아미코젠 문산 1공장
092070,임정훈,20010105,대전광역시 대덕구  대화로132번길 142 디엔에프
092130,민영창,20010806,서울특별시 구로구 디지털로33길 27 삼성IT밸리 8층
092190,"이정훈, 강지훈 (각자대표)",20020125,경기도 안산시 단원구 산단로163번길 65-16 (원시동)
092300,"문병선, 문인식 (각자대표)",19961008,인천광역시 서구 검단로 51 -
092460,"지석준(공동대표), 김영구(공동대표), 차민수(각자대표)",19950713,부산광역시 강서구  화전산단1로 115
092600,최종현,19970513,경기도 성남시 분당구 대왕판교로 660 유스페이스1 에이동 5층
092730,김양수,20000701,대전 유성구 탑립동 928번지
092870,"최명배, 박영우 (각자대표이사)",20010308,"경기도 성남시 분당구 판교로 255번길 28, 7층(삼평동, 디에이치케이솔루션빌딩) &nbsp"
093190,노현철 단독 대표이사 ,20021114,경기도 성남시 분당구 판교로 344 아이디스타워 5층
093320,김지욱,20000617,경기도 과천시 과천대로7나길 34 4층(갈현동)
093380,김진용,19740910,경기도 화성시  우정읍 남양만로 745
093520,"신동철, 성종률",20061214,서울특별시 강남구 논현로114길 5 -
093640,박광식,19981218,"서울특별시 서초구 서초대로 67 성령빌딩 (방배동 869-9,11) 2층"
093920,김재윤,19830815,경기도 군포시 공단로140번길 32-15 -
094170,김동철,20060701,서울특별시 서초구 반포대로 22 서초 평화빌딩 12층
094360,김상현,20030306,"서울특별시 강남구 테헤란로 509 엔씨타워1  7층,8층"
094480,신동훈,19941005,서울시 강남구 수서동 715번지 수서오피스 빌딩 12층
094820,이광섭,19900207,울산광역시 울주군  온산읍 산암로 42 (주)일진에너지
094840,이재원,20000504,경기도 성남시 분당구  정자일로 248 파크뷰 16층
094850,이종혁(대표이사),20070220,"서울특별시 중구 서소문로 135 (서소문동, 연호빌딩)"
094860,이우존유홍,20070220,"서울특별시 강남구 학동로 155 (논현동, 원영빌딩지하1층,3층, 4층, 5층, 6층)"
094940,함현철,19970724,서울특별시 서초구 효령로60길 23-10 (주)푸른빌딩 2층
094970,"정수연, 정도연(각자대표)",19980601,경기도 평택시 산단로 63-19 (모곡동)
095190,배진기,20030320,경상남도 창원시 성산구 웅남로 767 (남산동)
095270,"박천석,박병래(각자대표)",19991013,경기도 수원시 영통구 센트럴타운로 114-6 4층 402호
095340,김정렬 (단독 대표이사),20010222,경기도 성남시 수정구 금토로40번길 26 -
095500,김철영,20020801,충청북도 청원군  옥산면 과학산업1로 16 미래나노텍(주)
095610,"이재호, 주재영 (각자 대표이사)",20020919,경기도 용인시 처인구 양지면 중부대로 2374-36
095660,"김승철, 배태근 (공동대표)",20070426,경기도 성남시 분당구 대왕판교로645번길 14네오위즈판교타워
095700,"홍성준, 최재현",19990608,서울특별시 강서구 마곡중앙로 172 바이오이노베이션파크
095910,"홍성민, 홍문교 각자대표이사",20010112,서울특별시 송파구 법원로6길 11 4층
096240,"이동훈, 김형준 (각자대표)",20020605,서울특별시 강남구 테헤란로 521 파르나스타워 21층
096250,강용성,20000615,경기도 성남시 분당구 대왕판교로644번길 49
096350,이창수,19771026,부산광역시 강서구 화전산단1로 155 화전동
096530,"천종윤, 이대훈 각자대표이사",20000918,서울특별시 송파구 오금로 91(방이동) 7층
096610,반재용,19991022,전북특별자치도 완주군 봉동읍 완주산단6로 12 알에프세미 전주1공장
096630,김치원,20000111,경기도 광주시  오포읍 마루들길172번길 30
096690,서문동군,20020408,경기도 오산시  가장산업동로 28-6
096870,김정준,19971113,충청남도 천안시 서북구  한들1로 126-33
097780,한재관,20041118,충청남도 아산시 음봉면 산동로 433-31 -
097800,신동호(단독대표이사),20020403,경기도 용인시 처인구  백암면 청강가창로 50
097870,"박태헌,김방식,박문현",19840823,충남 아산시 신동 279-10
098070,김강식,19981009,울산광역시 울주군 온산읍 연자로 51
098120,양승은,19991228,충청남도 천안시 서북구 성거읍 오송2길 15-21
098460,고광일,20020425,경기도 용인시 수지구 포은대로59번길 18 (상현동)
098660,김흥수,20030222,"서울특별시 강서구  양천로 583 우림블루나인 (염창동, 우림블루나인비즈니스센터비동 15층)"
099190,"차근식, 남학현(각자 대표이사)",20000504,서울특별시 서초구 반포대로28길 43 아이센스 빌딩
099220,"백형근,정성원",19940318,경기도 성남시 수정구 대왕판교로 1281 -
099320,김이을,19991229,대전광역시 유성구 엑스포로 441 (문지동)
099390,강선근,20000316,서울특별시 성동구 성수이로 87
099410,정대진,19940706,경상남도 창원시 진해구 명제로 73
099430,정현규,20030523,"경기도 성남시 중원구 사기막골로45번길 14, 18층 제에이-1801,1802호(상대원동, 성남 우림라이온스밸리2차"
099440,권오혁,19960305,경상남도 김해시 주촌면 골든루트로 157-10
099520,"박상열,박근식 (각자 대표이사)",19980227,서울특별시 금천구  가산디지털1로 212 코오롱디지털타워애스턴 906호
099750,홍우선,20010207,"서울특별시 중구 퇴계로 307 4층, 5층, 6층(광희동1가,광희빌딩)"
100030,정정기,20000223,서울특별시 강남구 테헤란로 131 16층
100120,김후식,19990918,경기도 안양시 동안구 부림로 17041-3
100130,이원휘,20010702,경상북도 포항시 남구 대송로 62(장흥동)
100590,"양승환, 권순태(각자대표)",20000821,인천광역시 서구 가재울로 90
100660,"권영호, 권형록 (각자 대표이사)",19780215,광주광역시 광산구  하남산단8번로 127-15 (안청동)
100700,이재희,19820806,충청남도 천안시 서북구  입장면 도림길 60 (주)세운메디칼
100790,김응석,19990608,경기도 성남시 분당구 판교역로241번길 20
101000,송병권,20040603,경상남도 함안군 군북면 석교천길 223 -
101160,배종식,20000117,경상북도 구미시  4공단로7길 53-77
101170,"한현석,한우진(각자 대표이사)",20000301,경상남도 창원시 성산구  남면로 613 우림기계
101240,임광수,20001020,충청북도 진천군  진천읍 성중로 144 시큐브
101330,"손병준, 백승협(각자대표)",19990317,경기도 화성시 동탄첨단산업1로 73 (영천동)
101360,김민용,20040916,충청북도 청주시 흥덕구 직지대로409번길 37
101400,정인견,20000404,"서울특별시 강남구 언주로148길 19 4층(논현동, 청호빌딩)"
101490,정수홍,20010222,대구광역시 달서구  호산동로 42
101670,전  웅,19950127,경기도 광주시  오포읍 오포안로 46-10
101680,하종식,19880421,경상남도 함안군  법수면 윤외공단길 83-1
101730,손면석,19970410,"경기도 성남시 분당구 대왕판교로644번길 49 6층(삼평동, 위믹스타워)"
101930,이인,19990108,경상남도 창원시 의창구  차룡로14번길 55 인화정공(주) (팔용동)
101970,김진태,19961001,경기도 평택시 포승읍 포승공단로118번길 88
102120,최원,20060111,충청북도 청원군 오창읍 각리1길 93-
102370,도현순,20050915,서울특별시 강남구 언주로174길 26 7층(신사동)
102710,"지용석, 김경미, 박기수(각자대표)",20000501,경기도 용인시 기흥구 탑실로35번길 14 한국알콜산업그룹빌딩
102940,이한국,20000421,서울특별시 강서구 마곡동로 110 코오롱 One&Only 타워
103230,정우진,19900208,부산광역시 사하구  다대로170번길 29
103840,"이구열, 박경훈(공동대표이사)",19920401,충청남도 서천군 장항읍 장산로 357
104040,"김병준, 김종석 (각자대표)",20000104,경상남도 창원시 성산구 남면로 627 (외동)
104200,왕문주,20020603,"서울특별시 강남구 강남대로 586 (논현동, 제이빌딩)"
104460,유병욱,19990701,서울특별시 강서구 마곡중앙8로7길 39 -
104480,박근숙,20071109,대구광역시 북구  원대로 128 연우빌딩 3층
104540,현동욱,20000530,충청남도 천안시 서북구 입장면 영산홍1길 12
104620,김진국,20010813,"서울특별시 중구 수표로 31 (저동2가, 노랑풍선빌딩)"
104830,한정욱,20061204,충청북도 청주시 청원구 오창읍 양청3길 30 -
105330,양재석,20010112,경기도 파주시  문산읍 돈유3로 51 (주)케이엔더블유
105550,"남용현, 박찬영(각자 대표이사)",20060512,대전광역시 유성구 엑스포로 385 (주)트루윈
105740,노은식,19920120,경상남도 김해시 주촌면 골든루트로129번길 7
105760,은동욱,20030919,"서울특별시 금천구 가산디지털2로 108. 805-808호(가산동, 뉴티캐슬) &nbsp"
106080,유성준,20010329,경기도 오산시 경기대로761번길 30 AA동 11-32호
106190,차현준,19980901,충청북도 충주시 대소원면 첨단산업6로 12 (주)하이텍팜
106240,심철구,20090101,경기도 안양시 만안구 덕천로 38 (주)파인테크닉스
107600,이승진,20010620,경상북도 김천시 공단로 98
107640,"김환식, 김상균(각자대표)",19950831,경상북도 영천시 영천산단로 379
108230,정지용,19960620,경상북도 구미시 산동읍 5공단4로 28 -
108380,서영우,19880701,부산광역시 사하구 장평로 245
108490,김병수,19990325,서울특별시 강서구 마곡중앙5로1길 37
108860,곽민철,19990331,서울특별시 금천구 가산디지털1로 19 대륭테크노타운 18차 20층
109080,신현국,19991129,경기도 성남시 수정구 산성대로 305 삼부르네상스파크Ⅱ 3층
109610,"홍성부, 김성덕 (공동대표이사)",20000929,"경기도 수원시 권선구 정조로 340-2 (권선동, 에스와이빌딩)"
109670,정정한,19990309,"서울특별시 강남구 테헤란로 625 2층, 7층(삼성동, 덕명빌딩) &nbsp"
109740,"김태구, 김종원(각자대표)",19950203,경기도 안산시 상록구 수인로710(사사동) -
109820,김수옥,20001207,"경기도 성남시 분당구  대왕판교로 700 삼평동 코리아바이오파크 8층,7층"
109860,오길봉,19841220,경상북도 영천시 금호읍 덕성리 327
109960,김정출,19980212,경기도 성남시 중원구 둔촌대로 545 한라시그마밸리 B1(지하1층)
110020,이태훈,20040916,대구광역시 달서구 성서공단북로 295 -
110790,우진석 (단독대표),19980806,서울특별시 강남구 도곡로 176
110990,박종철,20050930,경기도 화성시 정남면 가장로 355-50
111710,최영곤(단독대표이사),19900223,전라남도 무안군 청계면 서호로 162
112040,"Park, Kwan Ho",20000210,경기도 성남시 분당구 대왕판교로 644번길 49 (삼평동 코리아벤처타운 업무시설비블럭 아이레보타워)
112290,"이성일, 이승훈",20010728,경상북도 성주군 선남면 유서리길 174-12 &nbsp
113810,이석우,20060201,경기도 시흥시 공단1대로27번길 38 (정왕동)
114190,"신진용,하재득",19760206,"전라북도 군산시 자유무역1길 60 웰크론강원 510-9, 510-10, 510-12"
114450,"양준화, 이기성(각자 대표이사)",20050401,전라남도 여수시 여수산단2로 84
114630,최용성,19990719,전라북도 완주군  봉동읍 완주산단3로 158-15 우노앤컴퍼니
114810,박인래,20050701,경기도 안성시 고삼면 안성대로 2061 (가유리 777-1)
114840,"김태욱, 김성현",20000229,"서울특별시 송파구 동남로 122 문정동, COLLECTED 빌딩"
115160,정창수,20091005,경기도 용인시 처인구  영문로 2
115180,남기연,20080702,"경기도 성남시 분당구 판교로 242, C동 8층"
115310,권 성 준,20000214,서울특별시 영등포구 여의대로 24 전국경제인연합회관 40층
115440,김광수(단독대표),20000104,경기도 안양시 동안구 시민대로 353(관양동)
115450,안기홍,20000607,경기도 구리시 산마루로 6 2층 202호
115480,김형수,20011213,강원도 원주시  문막읍 동화공단로 130-1
115500,김광묵,20021206,경상북도 구미시 3공단1로 284 (임수동)
115530,정상옥,20031110,경기도 시흥시 시화벤처로 305 B동(정왕동)
115570,강민표,19960711,충청북도 음성군  삼성면 대성로 417
115610,이동섭,20040325,경기도 수원시 영통구 광교로 105 경기 R&DB 센터 3층 301호(이의동 906-5)
117670,윤석원,20021101,"경기도 성남시 분당구 판교역로 225-12 2층, 3층, 4층 (삼평동 671, 제테마)"
117730,안승욱,20041027,경기도 오산시 가장산업서북로 103-37 (지곶동)
118990,이형환,20011001,경기도 성남시 수정구 금토로80번길 56 위든타워 1동 1301호
119500,오호석,19691015,충청남도 서산시  지곡면 무장산업로 229-7
119610,노시철,20001025,경기도 평택시  산단로15번길 28
119830,이장혁,20050201,경기도 화성시 동탄면 동탄산단4길 9-15 -
119850,안병철,19930623,서울특별시 강서구 마곡중앙2로 49 -
120240,송영준,19861113,"경기도 시흥시 서해안로 186 대정화금(주) 정?동, 시화공단 1다 107"
121440,장성원,20000508,서울특별시 강남구 영동대로 735-
121600,박장우,20000315,세종특별자치시   부강면 금호안골길 78 부용지방산업단지내
121800,백승호,20020320,"서울특별시 금천구  가산디지털1로 84 (가산동, 에이스하이엔드 8차 12층)"
121850,조재형,20060216,충청북도 충주시  대소원면 첨단산업로 146 코이즈
121890,박봉용,20010428,"경기도 성남시 중원구 갈마치로244번길 31 613호(상대원동, 현대아이밸리)"
122310,박병욱,20010412,경기도 성남시 중원구 둔촌대로541번길 60 -
122350,김치환,20091224,충청남도 서산시 지곡면 무장산업로 263-29 -
122450,이강봉,20001019,서울특별시 강동구 고덕비즈밸리로6길 90 9층
122640,"장동복, 강임수 각자대표이사",20000306,경기도 평택시 진위면 마산12로 27 예스티
122690,고만윤,20100119,경기도 시흥시 공단1대로 313
122870,양민석 (단독대표이사),19980224,서울특별시 마포구 희우정로1길 7 -
122990,김지호,20080624,경기도 오산시 가장로 531-7(가장동)
123010,황성환,20031008,충청북도 청주시 흥덕구 옥산면 과학산업1로 114 &nbsp
123040,"이태규,이강섭",19900906,경상북도 경주시  내남면 포석로 16-9
123330,허남,20010927,경기도 성남시 수정구 금토로 52 에프동 8층
123410,"오원석, 김재산(각자 대표이사)",20100224,경기도 안성시 원곡면 섬바위길 23
123420,우상준,20100225,"경기도 성남시 분당구 대왕판교로644번길 49 9층, 10층(삼평동, 위믹스타워)"
123570,김영원,20000420,서울특별시 구로구 디지털로34길 27 대륭포스트타워3차14층
123750,김신성,20100325,경기도 양주시 칠봉산로120번길 82 -
123840,"이청균, 최봉근",20100323,경기도 성남시 중원구 갈마치로 302 907호
123860,이경호,20021129,"서울특별시 구로구 디지털로31길 61 신세계아이앤씨빌딩 6층, 7층"
124500,강진모,20050510,"경기도 과천시 과천대로12길 117 제E동(갈현동, 과천펜타원)"
124560,Han Jae dong and Cho Yong jun (individual representative directors),19960120,"서울특별시 서초구 서초대로42길 95 5층(서초동, 태웅빌딩)"
125020,박혜린,19950401,울산광역시 울주군 온산읍 산남길 64
125210,"양성철, 김병규(각자대표)",20040106,경기도 김포시 통진읍 김포대로1950번길 91
125490,오종두,20050501,인천광역시 남동구 은봉로105번길 59
126340,성도경,19990726,전라북도 전주시 덕진구 운암로 15
126600,홍정혁,19971013,경기도 화성시  장안면 상두원길 142
126640,정 서 진,20100428,경상북도 영천시  도남공단3길 96
126700,최 두 원,20100408,경기도 성남시 중원구 둔촌대로 527 -
126730,손진형,19940623,경기도 안양시 만안구 만안로 359
126880,김방희,19980928,"경기도 성남시 수정구 창업로 43 A동 10층(시흥동, 판교글로벌비즈센터)"
127120,이준영,20000315,서울특별시 강서구 마곡중앙8로3길 31 지번) 서울특별시 강서구 마곡동 787-8
127710,"장범식, 마영민(각자대표)",20050620,"서울특별시 중구 충무로 29 아시아미디어타워 10층,11층 &nbsp"
127980,유수권,19910110,인천광역시 남동구 남동대로79번길 71 &nbsp
128540,김창규,20070816,울산광역시 울주군 언양읍 반천반송산업로 137-66
128660,고이석,20100630,서울특별시 강남구 테헤란로81길 13삼성동 동원빌딩 11층
129890,오광근,20010711,서울특별시 강서구 마곡중앙1로 20 M시그니처 7층 &nbsp
129920,"최우각, 최호형",20011012,"대구광역시 달성군 현풍면 테크노대로2길 10 (중리, (주)대성하이텍)"
130500,유영진,20011207,경상북도 구미시  1공단로4길 141-54
130580,오규근,20021101,서울특별시 중구 소공로 70 -
130740,이정훈,19990101,경상북도 경산시  진량읍 일연로 574
131030,심상호,20100727,충청북도 청주시 흥덕구 오송읍 오송생명6로 50 .
131090,이규호,20000323,"서울특별시 구로구  디지털로26길 111 JnK디지털타워 801,802,803호"
131100,"김동준, 윤동현(각자대표이사)",20070314,"서울특별시 강남구 언주로 726 16층(논현동, 두산빌딩)"
131180,최근수,19960215,경기도 동두천시 강변로702번길 30
131220,서현정,19930619,강원도 원주시  지정면 신평석화로 326 대한과학
131290,"김철호, 김명진(각자 대표)",19950831,충청남도 천안시 서북구 직산읍 군수1길 189 -
131370,서형수,20100722,서울특별시 강동구 고덕비즈밸리로2가길 12 -
131400,최동락,20040301,대구광역시 달서구 성서로35길 26
131760,강원일,20081119,"경기도 안양시 동안구 흥안대로 457-25 15층(평촌동, 에이케이밸리지식산업센터)"
131970,"김윤건, 조훈",20020906,경기도 평택시 산단로 16번길 72
133750,윤용국,20040119,"서울특별시 서초구 반포대로 81 2층(서초동, 영림빌딩)"
134060,이기현,20000121,서울특별시 송파구 중대로 113 전기회관 8층
134580,유정석,20070206,"서울특별시 구로구 디지털로26길 38 8층(구로동, 지타워)"
136150,"이정빈, 이승준(공동대표)",19980924,경기도 김포시 양촌읍 황금1로 150
136410,장지상,20030613,부산광역시 사하구 을숙도대로873번길 31
136480,"김홍국, 정호석(각자대표)",20110104,전라북도 익산시  망성면 망성로 14 (주)하림
136540,김보연,20110105,경기도 성남시 분당구 판교로228번길 15 (삼평동) 판교세븐벤처밸리 윈스동
137080,"김민호,김추호 각자대표이사",19951211,경기도 용인시 처인구 이동읍 백옥대로 250
137400,김준섭,20031230,경상북도 구미시 첨단기업로 33 (주)피엔티
137940,진광(Chen Guang),19980907,경기도 안양시 동안구 동편로 13번길65 넥스트아이빌딩
137950,"김의윤, 김지용(공동대표이사)",20060324,울산광역시 울주군  온산읍 화산1길 70
138070,"김은식, 김은주(각자대표)",20010718,전라북도 장수군  장계면 장무로 352-73 (주)신진에스엠장수공장
138080,박용관,20030807,광주광역시 북구 첨단연신로30번길 53 -
138360,김종서,20040630,경기도 시흥시 엠티브이28로 16 -
138610,정종평,20040220,충청북도 진천군  이월면 밤디길 116 이월전기전자농공1단지
139670,"홍기태, 송광은(공동대표)",20020909,"서울특별시 서초구 반포대로24길 21 1, 2층"
140070,김정웅,20000328,경기도 용인시 처인구 남사읍 서촌로 56 -
140410,박동현,20020925,서울특별시 강남구 삼성로 570 석천빌딩 7층
140430,김승수,20060125,경기도 안양시 동안구 벌말로 114 경기도 안양시 동안구 벌말로 114
140520,"문창복, 문경석",19800610,인천광역시 남동구 아암대로 1213
140670,강덕현,20091210,경기도 평택시 진위면 진위산단로 38
140860,박상일,19970407,경기도 과천시 과천대로12길 150 -
141000,김 형 준,20011226,경기도 수원시 권선구 산업로155번길 139 (고색동)
141080,박세진,20060502,대전광역시 유성구 국제과학10로 10 (주)레고켐 바이오사이언스
142210,남궁선,19960619,"서울특별시 강남구 영동대로 638 9층(삼성동, 삼보빌딩)"
142280,김연근,20031229,경기도 용인시 기흥구 용구대로2469번길 15 2층
142760,한상진,19991230,"경기도 용인시 수지구 신수로 767 7층 (동천동, 분당수지유타워 지식산업센터)"
143160,김영달,20110701,대전 유성구 관평동 1301
143240,황현순,20051007,서울특별시 강서구 공항대로 165 C동 11층(마곡동)
143540,박금성,20040216,충청남도 천안시 서북구 성거읍 새터길 164 -
144510,"원성용, 김재왕",20110621,경기도 용인시 기흥구 이현로30번길 107 -
144960,양재영,19991007,경기도 수원시 권선구 산업로155번길 214 (주)뉴파워프라즈마
145020,Doohyun Chang,20011122,강원특별자치도 춘천시 동내면 거두단지1길 23 -
145170,김기홍,19941001,서울특별시 송파구 오금로46길 49 (가락동) 노브랜드
146060,"이흥해(각자대표이사), 이인호(각자대표이사), 이지현(각자대표이사)",19860423,경기도 시흥시 공단2대로 192
146320,김돈한,20030619,경기도 이천시 신둔면 마소로57번길 25
147760,오태엽,20040512,충청남도 아산시 음봉면 연암율금로 77-20 (주)피엠티
147830,박종태,20111104,서울특별시 광진구  아차산로 628 (광장동)
148150,이기승,20060116,경기도 수원시 권선구 산업로155번길 128
148250,김강호,20020326,경기도 화성시 동탄면 동탄산단9길 11
148780,임경환,19980825,서울특별시 중구 퇴계로 385 준타워 9층
148930,김욱현,20051221,경기도 군포시 산본로101번길 9-14
149950,박명섭,20000901,대구광역시 달서구 달서대로 85길 100
149980,이진우,20071211,"경기도 용인시 수지구 신수로 767 19층(동천동, 분당수지U-TOWER)"
150900,조규곤,20000608,서울특별시 마포구 상암동 1605 누리꿈스퀘어 비즈니스센타 17층
151860,박생근,19991029,경상남도 밀양시 초동면 초동농공단지길 59 -
153460,"양건열, 조종화",20030129,"서울특별시 강남구 봉은사로 129 1213호(논현동, 거평타운)"
153490,"윤지용, 김재민",20080609,경기도 안산시 단원구  성곡로 79
153710,김현일,20000727,충청북도 청주시 흥덕구 오송읍 오송생명6로 63
153890,"김용일, 최동수",19991116,경기 평택시 진위면 남부대로 630-46 &nbsp
154030,류경오,20040624,서울특별시 송파구 양재대로 932 가락몰 업무동 11층 08호
154040,안상헌,20030627,경기도 화성시 마도면 해운로 498-42 -
155650,이윤용,20080212,충청남도 아산시  둔포면 아산밸리중앙로 154-25
156100,강국진(단독대표),20081222,경기도 용인시 기흥구 동백중앙로16번길 16-25 201호 &nbsp
158430,우길수,19991013,서울특별시 영등포구 여의대로 108 파크원타워1 26층
159010,강두홍,20011128,경기도 화성시 정남면 정남산단로 38
159580,박영욱,20000203,"서울특별시 강남구 학동로 107 5,6층(논현동, 더퍼스트빌딩)"
159910,송호길,20060619,경기도 파주시 문산읍 돈유2로 14-1 씨동
160190,김재학,20070928,경상남도 창원시 성산구 공단로473번길 57
160550,김우택,20080625,서울특별시 강남구 학동로9길 5 -
160980,정혜은,20051202,경기도 화성시 동탄면 동탄산단2길 47 (주)싸이맥스
161580,한기수,20080205,경기도 오산시 지곶중앙로 1-19 -
162300,신승곤,20080908,부산광역시 강서구 미음산단4로 174
163280,하성용,20010303,충청북도 청주시 흥덕구 옥산면 과학산업4로 151-5
163730,안인주,20001229,"서울특별시 영등포구 여의대로 24, 43층(여의도동, 전국경제인연합회회관)"
166090,김현주,20070123,충청남도 천안시 서북구 3공단3로 42
166480,양길안,20031230,경기도 성남시 분당구 판교로255번길 24 (삼평동)
168330,김희도,20010531,"경기도 성남시 분당구 판교로 255 번길 58, 에이동 301호"
168360,유영웅,20020115,"서울특별시 금천구 가산디지털1로 219 1406호(가산동, 벽산디지털밸리 6차)"
169330,최인수,19981012,서울특별시 서초구 명달로 9 -
170030,"강현석, 백상열",19780912,울산광역시 북구 매곡산업로 528(매곡동)
170790,조영철,20000726,서울특별시 금천구  가산디지털2로 98 IT캐슬 1동 401호
170920,최호성,20071123,경기도 화성시 마도면 청원산단8길 114 (경기화성바이오밸리)
171010,길준봉,20011025,경기도 용인시 처인구  양지면 주북로 285
171090,"박재규, 김혜동 (각자 대표이사)",19900524,경기도 수원시 권선구 산업로155번길 293(고색동)
171120,"김홍진, 오종훈",19821124,대전 대덕구 문평동 41-5
172670,천병태,20030723,충청북도 청주시 흥덕구 옥산면 과학산업1로 82-19 &nbsp
173130,장수현,20041025,"서울특별시 강남구 테헤란로 512 , 10층(대치동, 신안빌딩)"
173940,"한성호, 김유식",20061214,서울시 강남구 청담동 111
174900,이종서,20100625,서울특별시 구로구 디지털로 285 에이스트윈타워 1차 1401호
175140,김종수,20020124,"경기도 과천시 과천대로7길 33 제6층 공장A동 0607호(갈현동, 디테크타워과천)"
175250,이영석,20000529,서울특별시 강남구 봉은사로104길 10 7층
176750,김상우,20021106,"서울특별시 마포구 와우산로 81(서교동, 서봉갤러리)"
177350,권현기,20040617,경기도 수원시 권선구 서수원로99번길 20 ㈜베셀
177830,이제훈,19970704,인천광역시 남동구 호구포로 33 (고잔동 728-2) 남동공단 157블럭 4로트
177900,"박광범, 이평한",20040412,경기도 성남시 수정구 금토로40번길 26 N동 5층
178320,전동규,20071030,경기도 부천시 오정구 산업로 20-22 &nbsp
178780,"김영동, 이광모(각자대표이사)",20060801,서울특별시 강동구 천호대로 1034 탑메디칼센터 8층(성내동)
179290,곽재오,19910401,"경기도 평택시 진위면 하북2길 174 (진위면, 주식회사엠아이텍)"
179530,김도형,20000616,강원도 춘천시 동내면 거두단지1길 39 &nbsp
179900,박덕영,20100416,충청남도 예산군 응봉면 응봉로 50-16
180400,"권규찬, 유건상 각자대표이사",20010616,"서울특별시 금천구 디지털로 173, 1003"
182360,"강승곤, 정철(공동대표이사)",20130725,서울특별시 성동구 아차산로 83 -
182400,김용만,20020114,경기도 수원시 영통구 창룡대로 440 -
183300,최용하,20130813,경기도 안성시 모산로 8
183490,손기영,19990720,충청북도 제천시 바이오밸리로 59
184230,최영철,20130905,경기도 의왕시 광진말로 54 의왕스마트시티퀀텀 B525호
185490,최석근,20000623,경기도 의왕시 양지편2로 13 2층
186230,"박영환, 정순태",19971021,충청남도 예산군 응봉면 응봉로 50-42 &nbsp
187220,남기혁,20001018,경기도 용인시 처인구 유림로154번길 42
187270,이정진,20021023,경기도 안양시 만안구 일직로94번길 3 (석수동)
187420,"김의중, 김도연 (각자 대표이사)",20000329,대전광역시 유성구 테크노1로 65(관평동)
187660,"조원동, 진근우(공동 대표이사)",20031031,"서울특별시 종로구 새문안로5길 19, 7층 711호(당주동, 로얄빌딩)"
187790,신동우,20131018,경상북도 상주시 청리면 마공공단로 60 -
187870,"최봉진, 방인호 각자대표",20021001,충청남도 천안시 서북구 성거읍 석문길 39 -
188040,김성구,20041111,부산광역시 기장군 장안읍 반룡산단1로 36
188260,박정웅,20050928,"경기도 안양시 동안구 흥안대로427번길 16, 411호"
189300,성상엽,20040205,경기도 평택시 진위면 진위산단로 18-7
189330,"윤세혁, 채정환 (각자 대표이사)",20100727,"서울특별시 강남구 언주로 617 3,4층 (논현동)"
189690,"박미경, 조종민",20080723,서울특별시 강남구 논현로 646 -
189860,이상권,19911118,경기도 이천시 대월면 대월로 667번길 38-19 (주)서전기전 (이천대월 일반산업단지 내)
189980,박철범,20080325,"서울특별시 강남구 삼성로 546 (삼성동, 흥국에프엔비빌딩)"
190510,이동호,20041014,경기도 성남시 분당구 대왕판교로 670 유스페이스2 B동 7층
190650,"김홍관, 도태호, 추영재",20000106,서울특별시 영등포구 여의나루로 57
191410,"구자옥,김동훈(각자대표)",20070314,서울특별시 영등포구 경인로 775 에이스하이테크시티 2동 2001호
191420,전세화,20010320,"서울특별시 강서구 마곡중앙8로 93 (마곡동, 테고사이언스)"
192250,"구자동, 최현철(각자 대표이사)",20131226,"경기도 과천시 과천대로7나길 25 13층, 14층"
192390,"송자은, 박성태(각자대표)",20110915,충청북도 음성군 삼성면 하이텍산단로 99 &nbsp
192410,"이홍관, 허재 (각자 대표이사)",19971015,서울특별시 서초구 효령로 345 휴림빌딩 2층
192440,김대영,20090218,서울특별시 강남구 봉은사로 446 슈피겐HQ
193250,민용재,20040521,"서울특별시 강남구 테헤란로78길 16 1001호(대치동, 노벨빌딩)"
194480,조길현,20070530,서울특별시 강남구 도산대로 327 데브시스터즈(주)
194700,"권석형, 권수혜(각자대표)",20081127,충청북도 청주시 흥덕구 오송읍 오송생명14로 80 노바렉스 오송공장
195500,최장호,20040522,경기도 용인시 처인구 이동면 백옥대로144번길 36-2 &nbsp
195940,곽달원,20140401,충청북도 청주시 흥덕구 오송읍 오송생명2로 239 에이치케이이노엔(주) 오송공장
195990,김용운,20040812,대구광역시 달성군 유가읍 테크노순환로1길 70 -
196170,전태연,20080513,대전광역시 유성구 유성대로1628번길 62 (전민동 461-38번지)
196300,심경재 (단독 대표),20000502,광주광역시 북구 첨단과기로 333 광주테크노파크 시험생산동 206호 &nbsp
196450,"조병찬, 김창완 각자대표",20140509,"경기도 화성시 동탄첨단산업1로 27 B동 3530호, 3531호, 3532호, 3533호, 3534호, 3535호, 3536호 (영천동,"
196490,이상화,20000503,경기도 화성시 비봉면 쌍학길 15 (쌍학리 250-2)
196700,이재춘,20010925,부산광역시 해운대구 센텀동로 45 901호
197140,범진규,20000401,서울특별시 강서구 마곡중앙8로7길 11 &nbsp
198080,"강명구, 정용의(각자대표)",20100202,경기도 화성시 마도면 청원산단1길 69 -
198440,"박을성, 이훈창",20140428,전라남도 장성군 장성읍 영천로 35 고려시멘트
198940,이용진,19871208,울산광역시 울주군 온산읍 화산2길 34-5
199430,김명한,20000715,"경기도 화성시 동탄기흥로 557 제4층 제406호 제407호 제408호 제409호 제410호 제411호 (영천동, 금강펜테"
199480,"이경조, 이은중",20100603,서울특별시 중구 서소문로11길 19 B동 12층
199550,"주홍, 이창진",20000726,경기도 성남시 중원구 갈마치로 245 성남아이파크디어반 14층
199730,이상득,20070523,"경기도 용인시 기흥구 흥덕중앙로 120 4층, 5층"
199800,유종상,19991008,"서울특별시 강서구 마곡중앙로 172 바이오이노베이션파크,8층"
199820,강동욱,19800822,부산광역시 사하구 을숙도대로 555
200130,이승화,20140422,세종특별자치시 전의면 산단길 22-15 콜마비앤에이치(주)
200230,김지훈,19990108,경기도 용인시 기흥구 공세로 54 -
200350,안형조,20070302,"서울특별시 강남구 선릉로148길 43 1층, 2층(청담동)"
200470,이성동,20070620,경기도 안성시 일죽면 서동대로 7280-26 &nbsp
200670,강민종,20030227,경기도 성남시 수정구 창업로 17 판교 아이스퀘어 A동 6층 603호
200710,"김준석, 박준규 (각자 대표이사)",20020823,경기도 수원시 영통구 광교중앙로248번길 7-8 에이디테크놀로지 빌딩
200780,홍성한,19800319,경기도 여주시 가남읍 여주남로 872-23
201490,손창욱,20100601,서울특별시 강남구 선릉로 577 4층(역삼동)
203400,신영기,20070416,경기도 성남시 수정구 창업로 43 4층 판교글로벌비즈센터 제디-401호~408호
203450,신요식,20000229,서울특별시 송파구 법원로 127 문정대명벨리온 12층
203650,오석주,20140625,"서울특별시 성동구 아차산로 126 10층 (성수동2가, 더리브세종타워)"
204020,문영우,19990918,"서울특별시 강남구 언주로151길 7, 2층 (신사동, 주성빌)"
204270,"조남혁, 장윤정(각자 대표이사)",19961101,경기도 화성시 정남면 구내길 81-9 &nbsp
204610,홍민균,20000417,"서울특별시 금천구 가산디지털1로 186, 3층"
204620,오태석,20140731,"서울특별시 중구 퇴계로 131 9층(충무로2가, 신일빌딩)"
204840,"김용일, 진성필",20140729,경기도 성남시 수정구 달래내로 46 성남글로벌융합센터 210호
205100,"조종암, 고평석(각자대표)",20140821,"서울특별시 강서구 마곡중앙8로5길 40 (마곡동 785-1, (주)엑셈)"
205470,박우람,20140829,경기도 군포시 군포첨단산업2로 37 (부곡동) 휴마시스㈜
205500,장현국,20140827,경기도 성남시 분당구 대왕판교로606번길 10 15층(알파리움 제타워 1동)
206400,정집훈,20140919,서울특별시 강남구 논현로 322 크리스역삼빌딩 5층
206560,"김욱, 강종익",20111229,"서울특별시 마포구 매봉산로 75 1801호, 1901호(상암동,디디엠씨)"
206640,최의열,20140930,강원도 춘천시 동내면 거두단지1길 43 -
206650,"백영옥,허태영(공동대표이사)",20100310,"서울특별시 강남구 도산대로 509 13층,15층"
207760,조승진,20141010,서울특별시 강서구 양천로 570 17~19 층
208140,이지훈,20141020,전라남도 나주시 동수농공단지길 137-17 (주)정다운
208350,조원희(단독대표),20140930,경기도 성남시 수정구 금토로80번길 37 인피니티타워 W동 4층
208370,유병탁,20141002,대전광역시 유성구 신성로 155 (신성동)
208640,정기홍,20141023,"경기도 성남시 분당구 황새울로 246 B동 6층(수내동, 도담빌딩)"
208710,김정욱,20141023,"경기도 용인시 기흥구 기흥로 58-1 제A동 1805호 (구갈동, 기흥ICT밸리SKV1)"
208860,"김장식, 남윤우 (각자 대표이사)",19980812,"경기도 과천시 과천대로7길 20 B동 4층 401호(갈현동, 스마트케이 업무시설)"
209640,박순일,20090616,대구광역시 달성군 다사읍 세천로1길 110
210120,김상진,20030404,서울특별시 마포구 상암산로 76 16층일부(상암동)
211050,"최병채, 천대권(각자대표이사)",20071022,"서울특별시 성동구 아차산로 33 , 5,6층(성수동1가, 삼일빌딩)"
211270,이성희,20110210,서울특별시 금천구 가산디지털2로 98 IT캐슬 2동 9층 &nbsp
212560,"정현철, 김선현(각자대표이사)",20100106,"서울특별시 종로구 새문안로5길 19 6층(당주동, 로얄빌딩)"
212710,조창현,20130828,경기도 화성시 향남읍 토성로 306 (백토리 185)
213420,"이수훈, 이범성(각자대표이사)",20141231,충청남도 천안시 서북구 입장면 쑥골길 21-32
214150,Jun-oh Yoon,20150115,서울특별시 강남구 테헤란로 208 클래시스
214180,이현철,20090319,서울특별시 강남구 테헤란로34길 6 태광타워 13층
214260,정도현,20060330,서울특별시 강서구 마곡중앙8로1길 62 라파스  ;
214270,"서정교, 김경호(공동대표이사)",20150116,서울특별시 강남구 학동로 231 백영논현센터 9층
214370,정용지,20010823,서울특별시 강남구 역삼로98길 23 (대치동)
214430,정한,19980711,대전광역시 유성구 테크노5로 69
214450,손지훈,20010303,강원도 강릉시  과학단지로 77-19 &nbsp
214610,이재성,20090306,"경기도 성남시 수정구 창업로 54 가동 3층, 4층"
214680,안성현,20150203,경기도 성남시 중원구 둔촌대로541번길 29 상대원동 3층
215000,박강수,20150303,서울특별시 강남구 영동대로 735 -
215090,이병경,20150212,경기도 안양시 동안구 학의로 268 410호 (관양동)
215100,최영석,20150209,서울특별시 강북구 도봉로54길 6 로보로보빌딩(미아동)
215200,손성은,20000712,서울특별시 서초구 효령로 321 덕원빌딩
215360,김정우,20150401,경기도 용인시 기흥구 지삼로 89
215380,문병석,20150225,경기도 화성시 동탄기흥로 593-8 콜마 바이오클러스터
215480,윤여준,20150224,서울특별시 금천구 디지털로 178 가산퍼블릭 A동 609호
215600,"박상근, 한상규",20060328,"서울특별시 중구 청계천로 106 3층(수표동, 크리스탈스퀘어)"
215790,GAO FEI,20150306,인천광역시 연수구 송도미래로 30 송도스마트밸리 이동 1507호
216050,손윤정,20070813,"서울특별시 관악구 남부순환로 1926 (경동제약빌딩 5층,8층)"
216080,남정선,20090717,강원도 원주시 지정면 조엄로 321
217190,"한복우, 한기현",20001121,인천광역시 연수구 송도과학로84번길 24 제너셈 사옥
217270,강율빈,20150319,서울특별시 강남구 언주로 428 9층~15층
217330,안지훈,20100318,"경기도 과천시 과천대로7나길 60 B동 4층(3, 4호) (갈현동, 과천어반허브)"
217480,백인영,20080919,서울특별시 강서구 마곡중앙8로1길 66 -
217500,권순욱,20150326,충청북도 청주시 흥덕구 옥산면 옥산산단로 36 (호죽리)
217730,나종천,20101029,서울특별시 강남구 테헤란로 522 홍우빌딩 9층
217820,"이기채, 안희은 (각자대표이사)",19991110,경기도 수원시 권선구 산업로 185 (주)원익피앤이
218150,이재환,20150406,"서울특별시 송파구 법원로9길 26 D동 506 ~ 512호(문정동, H business PARK)"
218410,조덕수,20150414,경기도 과천시 과천대로12길 110 (문원동)
219130,허재정,20000728,인천광역시 남구 염전로187번길 33
219420,정성우,20031212,"경기도 안양시 동안구 시민대로 401, 319호(관양동, 대륭테크노타운15차)"
219550,정화청,20150422,"경기도 고양시 덕양구 동송로 30 18층(동산동, 삼송더샵미디어시티 제엠비엔스튜디오동)"
219750,최완규,19990212,경기도 성남시 분당구 동원로 7 지티지웰니스
220100,지대윤,20010813,서울특별시 성동구 성수일로10길 26 하우스디세종타워 1802호 (성수동2가)
220180,이해석,20091119,경기도 안양시 동안구 부림로170번길 41-22 4층(관양동)
220260,이동훈,20150514,경기도 안산시 단원구 능안로 7 -
221800,박상욱,20090102,서울특별시 성동구 뚝섬로 321-1 4층
221840,하상헌,20011116,경상남도 사천시 사남면 공단5로 24
221980,"민남규, 민소원 (각자 대표이사)",19860718,충청북도 보은군 보은읍 매화구인로 345 &nbsp
222040,김남중,20020102,"경기도 성남시 분당구 판교로256번길 25 GB2빌딩 6층 (삼평동,제C동)"
222080,김동진,20150522,대구광역시 동구 팔공로47길 37 -
222110,윤재승,20100129,"경기도 수원시 영통구 신원로 306, 2동 4층(원천동 영통이노플렉스) &nbsp"
222420,"이승호, 이주성(각자)",20150527,"경상남도 함안군 가야읍 함마대로 1256-40 사내리 1257, 1256"
222800,"전영선, 김영구",20150701,충청북도 청주시 흥덕구 산단로 73 &nbsp
222980,이은정,19971219,충청남도 천안시 서북구 성환읍 연암율금로 42 &nbsp
223250,유정희,20000427,"서울특별시 종로구 사직로 130 적선현대빌딩, 10층 10호"
223310,"홍상혁, 유병길 (공동대표이사)",20110119,서울특별시 강남구 선릉로135길 5 -
224060,최현준,19990727,충청남도 천안시 서북구 백석공단2길 62
224110,"신승영, 최성용(각자대표이사)",20150720,"경기도 성남시 분당구 판교로 289 (삼평동, 에이텍빌딩)"
225190,"김형엽, 신승열 (각자 대표이사)",20130802,경상남도 창원시 마산회원구 자유무역6길 123
225220,"김기옥, 김민이(공동대표이사)",20060220,서울특별시 강서구 마곡중앙8로3길 63 (주)제놀루션
225430,백승원(BAIK BRIAN SEUNG WON),20150710,경기도 평택시 포승읍 평택항로268번길 121 -
225530,김윤수,20040827,대구광역시 북구 유통단지로3길 40 &nbsp
225570,박용현,20150714,"서울특별시 강남구 남부순환로 2621 5층(도곡동, 에스앤아이강남빌딩)"
225590,박원희,20150715,서울특별시 강남구 논현로28길 9 유진빌딩 3층
226330,정종선,20090915,대전광역시 유성구 국제과학17로 18 -
226340,강은실,20150728,서울특별시 강남구 선릉로90길 14 프레티늄 빌딩
226400,이동원,20120309,서울특별시 구로구 디지털로29길 38 에이스테크노타워Ⅲ1206호
226590,조호경,20090316,경기도 과천시 과천대로7길 33 B동 807호(디테크타워)
226950,이동기,20100226,경기도 성남시 수정구 고등동 608-3 -
227610,"최영욱, 나현수(각자대표)",20001218,"서울특별시 강남구 테헤란로86길 13 12층 (대치동, 대경타워)"
227950,"김재섭, 이욱재 (각자대표)",20150904,경기도 안성시 원곡면 원당로 157 -
228340,김근수,20130612,충청남도 아산시 염치읍 아산온천로 16-127
228670,이상철,20041006,경기도 성남시 분당구 판교역로 221 (삼평동 672) 투썬월드빌딩 12층
228760,안성환,20001006,대전광역시 유성구 테크노10로 44-6
228850,서영권,20110502,경기도 화성시 삼성1로1길 14 &nbsp
229000,조상래,20110921,서울특별시 구로구 디지털로 243 지하이시티 15층
230240,정종민,20151007,경기도 성남시 수정구 금토로80번길 40 C동
232140,"최명배, 장성진 (각자대표)",20151022,"경기도 성남시 분당구 판교로255번길 28 (삼평동, 디에이치케이솔루션빌딩 7층)"
232680,김원경,20000314,경기도 수원시 권선구 산업로156번길 88-4 &nbsp
232830,박원규,20111125,"경기도 과천시 과천대로12길 117 (갈현동, 과천펜타원)"
234030,이현,20050117,"경기도 성남시 수정구 창업로 43 에이동 707호(시흥동, 판교글로벌비즈센터)"
234100,이용준,19911223,경기도 평택시 산단로64번길 56 &nbsp
234300,문찬종,20130125,"경기도 성남시 수정구 금토로80번길 56 ,씨동(금토동, 위든타워)"
234340,최종원,20001009,"서울특별시 강남구 테헤란로34길 6, 9~10층"
234690,김상현,20040902,서울특별시 성동구 왕십리로 241 4층
234920,이진희,20081230,서울특별시 강서구 허준로 217 11층 1114호
235980,우정원,20130619,"서울특별시 서초구 명달로 92, 보림빌딩"
236200,"이재원, 김한철 각자대표",20151231,"경기도 성남시 분당구 정자일로 248, 16층"
236810,박수근,20120917,서울특별시 강남구 논현로145길 31 -
237690,Sung Moo-je,20080818,"경기도 시흥시 협력로 231(정왕동, 시화공단 1나 802호) &nbsp"
237750,윤남선,19990304,경기도 과천시 과천대로7길 68 과천 E타워
237820,조명진,20100312,경기도 성남시 분당구 황새울로359번길 11 &nbsp
237880,한현옥,19970531,서울특별시 성동구 왕십리로 66 -
238090,권오빈,20100623,충청북도 음성군 대소면 한삼로 224-7
238120,정연철,20081002,경기도 군포시 고산로148번길 18 -
238200,"이원범, 박명수(각자대표)",19991012,강원도 홍천군 홍천읍 농공단지길 23-16
238490,김주환,19990115,인천광역시 남동구 남동서로 126
239340,김남현,20160212,서울특별시 서초구 반포대로 3 이스트빌딩 -
239610,이해연,20000928,"경기도 의왕시 안양판교로 89 (포일동, 에이치엘사이언빌딩)"
239890,현서용,20090824,"경기도 용인시 기흥구 동백중앙로16번길 16-25, 804호(중동, 대우프론티어밸리 1단지) &nbsp"
240550,최낙이,20141226,충청남도 보령시 웅천읍 산업단지길 30
240600,"여현국, 이미연",20100519,충청북도 청주시 흥덕구 2순환로742번길 42
240810,Tae Hyuk Ahn,20160404,경기도 평택시 진위면 진위산단로 75
241520,윤건수,20120118,서울특별시 성동구 뚝섬로1길 10 (성수동1가) 3층
241690,"이좌영, 이시은, 이민규(공동대표)",20000623,부산광역시 사하구 신산로 140 (신평동) 유니테크노
241710,"조임래, 박은희(각자대표)",19991005,충청북도 음성군 대소면 대금로 196번길 17-12
241770,"이재정, 박영순 (각자대표)",20001101,경기도 평택시 산단로121번길 89 (주)메카로
241790,이동준,20120302,충청북도 보은군 삼승면 남부로 3790-52 -
241820,김소연,20080212,"서울특별시 금천구 디지털로9길 99 (가산동, 스타밸리) 701호"
241840,이상백,20040106,"서울특별시 마포구 월드컵북로 396 연구개발타워 14층 1401호 (상암동, 누리꿈스퀘어)"
242040,"정철, 김화중(공동대표이사)",20160330,"서울특별시 강서구 마곡중앙8로3길 41 (마곡동, 나무기술 마곡R&D센터)"
243070,Song Soo-young,20160503,경기도 성남시 수정구 창업로 17 판교 아이스퀘어 A동 8층
243840,황만용,20090813,경기도 오산시 양산로 48
244460,김태현,20061116,경기도 용인시 기흥구 동백중앙로16번길 16-4 에이스동백타워1동 20층
245620,"이민섭, 마민철, 김봉조 (각자대표)",20130506,인천광역시 연수구 갯벌로 143 -
246250,이영태,20070117,"경기도 수원시 영통구 창룡대로 260, 광교센트럴비즈타워7층 (이의동)"
246690,이동현,20080228,"서울특별시 강남구 선릉로 531, 3층 302호"
246710,윤원수,20130311,경기도 시흥시 마유로 96 -
246720,조응준,20060127,"경기도 수원시 영통구 광교로 145, 11층(이의동, 차세대융합기술연구원 에이동)"
246960,"이경률, 백세연 (각자대표)",20100419,서울특별시 영등포구 선유로13길 25 에이스하이테크시티 2차 1209호
247540,"각자 대표이사 최문호, 김장우",20160502,충청북도 청주시 청원구 오창읍 2산단로 100 송대리 329
247660,신동근,20030417,충청남도 천안시 서북구 직산읍 4산단4로 48
250000,김대영,20151102,서울특별시 강남구 강남대로 518 화이트518
250060,김지헌,20160701,경기도 성남시 분당구 판교로 253 이노밸리C동 2층 203호
250930,전춘섭,20160715,경기도 군포시 공단로 356-3 (지번 주소: 경기도 군포시 산본1동 1026-2)
251120,"모상현, 정대현",20051111,"인천광역시 연수구 송도미래로 30 A동 509호, 510호, 511호"
251370,"전성욱, 김균록 (각자대표)",19990211,인천광역시 연수구 송도미래로 111 와이엠티 송도R&D센터
251630,"김선중, 김민 (각자대표이사)",20060530,경기도 성남시 수정구 금토로 61 (금토동)
251970,"이재신, 이도훈",20010810,인천광역시 부평구 부평대로329번길 46
252500,이훈구,20160818,충청북도 진천군 초평면 은암길 36 -
252990,최유진,20160610,"경기도 성남시 분당구 판교로255번길 28, 8층(삼평동, DHK솔루션빌딩) -"
253450,Jang Kyung-ik,20160503,"서울특별시 마포구 매봉산로 75 1701호 (상암동, 디디엠씨)"
253590,염동현,20160905,경기도 안양시 동안구 시민대로327번길 12-26 주식회사 네오셈
253840,손미진,20111209,대전광역시 유성구 테크노2로 206 사무동2층 수젠텍
254120,김형철,20160920,경기도 성남시 중원구 사기막골로 177 금강하이테크밸리 619호
254490,이정,19960104,서울특별시 구로구 경인로53길 15 나동 4403호
255220,박창호,20091211,"인천광역시 서구 봉수대로300번길 15, 300번길 9 &nbsp"
255440,강경인,20020411,경기도 파주시 탄현면 한산로 69
256150,"고인선, 이광규",20031126,대전광역시 유성구 테크노8로 13
256630,"안범모, 강대현",20161013,충청남도 아산시 둔포면 아산밸리로 89 -
256840,최완규,20161014,"대구광역시 달서구 성서공단로11길 62 대구테크노파크 벤처공장 1호관 405호(사무실),502호, 503호, 206호,"
256940,김하용,20000904,서울특별시 강남구 테헤란로13길 8-11 킵스빌딩 4층
257370,"이규호, 오영현 (각자 대표)",20011015,대구광역시 달서구 성서공단로25길 16 &nbsp
257720,김성운,20020119,"경기도 성남시 분당구 판교역로 231, 에스동 907호"
258610,최연지,20090519,부산광역시 강서구 범방2로 6 &nbsp
258790,배환국,20161101,"경기도 과천시 과천대로7나길 9 5층(갈현동,디엑스타워)"
258830,신용섭,20100803,경기도 파주시 신촌2로 11
259630,김종성,20030408,충청북도 청주시 흥덕구 옥산면 옥산산단로 27 엠플러스 사옥
260660,이항구,19921228,서울특별시 서초구 바우뫼로27길 7-21 (양재동)
260930,정인용,20010508,서울특별시 서초구 효령로 234 씨티케이코스메틱스
260970,여경목,19981215,충청북도 청주시 흥덕구 오송읍 오송생명4로 163
261200,심기봉,20161201,대구광역시 달서구 성서서로 99 덴티스
261520,박광목,20010226,"대구광역시 수성구 알파시티1로31길 2, 401호"
261780,정재준,20000609,"경기도 성남시 중원구 둔촌대로 560,  406,407호(상대원동, 벽산테크노피아)"
262260,임종현,20000627,"경기도 안양시 동안구 부림로170번길 41-14 (관양동, 에이프로 글로벌센터)"
262840,"김순모,박원일(각자대표)",19961127,"서울특별시 강남구 도곡로 121 (역삼동), (주)아이퀘스트 빌딩"
263020,최민석,20000512,경기도 안산시 단원구 별망로 345
263050,권병세,20150227,"서울특별시 금천구 가산디지털1로 58 408호 (가산동, 에이스한솔타워)"
263600,이준용,19920801,경상북도 구미시 산동면 첨단기업7로 98-23
263690,박정병,20030925,경기도 광명시 하안로 60 광명테크노파크 E동 7층
263700,이민경,20120410,서울특별시 강남구 역삼로2길 16 S타워 11층
263720,최원영,20120104,서울특별시 구로구 디지털로32길 30 코오롱디지털타워빌란트. 1301-1308호
263750,허진영,20100910,"경기도 과천시 과천대로2길 48 (갈현동, 펄어비스 홈 원)"
263770,김종식,20170123,경상북도 포항시 남구 철강로 290 (주)유에스티
263800,"배복태, 정교중",20110103,"서울특별시 강남구 언주로 620, 10층"
263810,김승천,19880701,경상남도 김해시 진영읍 본산로269번길 16-34 -
263860,이동범,20050106,"경기도 안양시 동안구 벌말로 66 12층 A-F(관양동,평촌역 하이필드)"
263920,이충모,20020625,인천광역시 서구 원적로7번길 29 (주)에스엔피월드
264450,"이상근, 이정길(공동대표)",20170302,경기도 성남시 분당구 판교로255번길 68
264660,"홍사문, 홍중선 (각자 대표이사)",20020716,경기도 안성시 원곡면 승량길 162 &nbsp
264850,심재귀,20170210,인천광역시 서구 파랑로466번길 30 (청라동) -
265520,Yoo Ho Sun,20170302,경기도 화성시  동탄면 동탄산단8길 15-5 &nbsp
265560,엄준형,20000808,충청남도 아산시 둔포면 아산밸리로 132
265740,김학철,20120423,인천광역시 연수구 갯벌로145번길 15-8 &nbsp
267320,박근노,20170322,경기도 평택시 진위면 마산6로 6 -
267790,박영준,20100107,서울특별시 용산구 새창로44길 10 2층
267980,"김선희, 이인기(각자대표)",20170501,서울특별시 종로구 종로1길 50 &nbsp
269620,이종원,20040716,대전광역시 유성구 테크노7로 32-13(용산동)
270520,김재섭,20170420,"경기도 성남시 수정구 창업로 43 4층 제비-402호(시흥동,판교글로벌비즈센터)"
270660,정우철,20150106,"경기도 과천시 과천대로7나길 60 과천어반허브 A동 6층(603호,604호,606호)"
270870,김도언,20010412,서울시 송파구 백제고분로 27길 6-14 (삼전동 101-3) -
271830,김재웅,20050805,경기도 화성시 동탄면 동탄산단9길 9-22
272110,심호섭,20050428,충청남도 아산시 음봉면 스마트산단1로 22 케이엔제이
272290,"장경호, 강정태(각자 대표이사)",20170601,충청남도 아산시 둔포면 아산밸리로 171
273060,"김종원, 최호준(각자 대표이사)",20170601,경기도 성남시 수정구 금토로 69 다우디지털스퀘어 5층
273640,조현길,20040811,충청북도 청주시 흥덕구 옥산면 과학산업3로 38
274090,케네스민규리,20130408,경상남도 사천시 사남면 외국기업로 152-44
274400,조준희,20000524,서울특별시 강서구 마곡중앙8로7길 5 &nbsp
275630,고필주,20100827,"서울특별시 구로구 디지털로26길 111, 1606,1607,1608호 (구로동, 제이앤케이디지털타워)"
276040,"박원철, AOKI EIJI (각자 대표이사)",20020416,서울특별시 강남구 논현로68길 14 -
276730,김백산,20150209,제주특별자치도 제주시 한림읍 금능농공길 62-11
277070,김진하,20060705,"서울특별시 강남구 테헤란로 234, 4층(역삼동, 삼익빌딩)"
277410,김윤세,20170726,경상남도 함양군 수동면 수동농공길 23-26 -
277810,이정호,20110210,세종특별자치시  집현중앙3로 8 세종특별자치시 집현중앙3로 8(집현동)
277880,표인식,20110701,"경기도 화성시 동탄첨단산업1로 27 영천동, 금강 펜테리움 IX타워 코벤트가든 M201"
278280,이상율,20071008,충청북도 충주시 주덕읍 중원산업로 312
278650,백성진,20120419,인천광역시 연수구 아카데미로79번길 38 -
279600,"송민규, 유영근(각자 대표이사)",20000620,경기도 성남시 분당구 판교역로 230 삼환하이펙스B동 9층 제906호  (지번주소:경기도 성남시 분당구 삼평동
281740,김진동,20170922,세종특별자치시  전의면 산단길 22-144 -
282720,"이윤철, 이기보",19931201,"울산광역시 남구 삼산로 257, 7층"
282880,"이재환, 최현순 각자 대표이사",19981016,충청남도 아산시 둔포면 아산밸리로 285 (주)코윈테크
284620,이기섭,20171103,경기도 성남시 분당구 대왕판교로 660 유스페이스1 A동 1210호 일부
285490,오춘택,20070223,"경기도 용인시 기흥구 흥덕중앙로 120 1101호, 1105호, 1106호, 1107호, 1111호, 1112호, 1113호(영덕동, ？"
285800,심영수,19960109,인천광역시 서구 마중로 129
286750,최종욱,20070515,경기도 평택시 산단로52번길 68
287840,박태교,20150401,대전광역시 대덕구 신일동로 101
288180,"김종판, 윤승욱",19900604,경상남도 김해시 진례면 테크노밸리로 12
288330,Andrew Kim,20150917,"경기도 성남시 분당구 판교로 255번길 58, 303호 (삼평동, 씨즈타워)"
288620,"홍성민, 홍문교 각자대표이사",20140228,서울특별시 송파구 법원로6길 11 4층
288980,한상진,20140325,"경기도 성남시 수정구 달래내로 46 810호 (시흥동, 성남글로벌융합센터)"
289010,이재준,20130421,"서울특별시 서초구 매헌로 16 하이브랜드빌딩 16층, 18층"
289080,"박성호, 홍원호",20060405,"서울특별시 영등포구 국제금융로 10 46층 (여의도동, 쓰리아이에프씨)"
289220,"하승봉, 이지철",20080605,서울특별시 강남구 학동로37길 8 &nbsp
289930,한민석,20170502,경기도 화성시 삼성1로5길 46
290090,정한섭(단독대표),20100121,경기도 화성시 삼성1로4길 7-4
290120,이석근,20161004,전라북도 완주군 봉동읍 완주산단8로 66
290270,정동섭,20031215,서울특별시 강동구 고덕비즈밸리로2가길 67 휴네시온타워 휴네시온타워
290520,박웅기,20000803,경기도 시흥시 마유로238번길 21
290550,이지열,20120621,인천광역시 부평구 평천로199번길 25 -
290560,Myunghoon Lee,20050121,"서울특별시 송파구 법원로9길 26, 제4층 제디-405호(문정동, 에이치비지니스파크)"
290650,"이환철, 이재호 (각자 대표이사)",20110802,"경기도 성남시 중원구 둔촌대로 474, 605호, 606호, 607호 (선텍시티)"
290660,백명훈,20100603,경기도 성남시 수정구 창업로 42 판교제2테크노밸리 경기기업성장센터 801호
290670,이준각,19941229,경기도 화성시 팔탄면 현대기아로 25-13
290690,정재준,19960702,충청남도 공주시 정안면 정안농공단지길 32-22
290720,김우주,20130114,"서울특별시 강남구 영동대로106길 17 4층,5층"
290740,하동길,20120904,경기도 용인시 기흥구 흥덕1로 13 제타워동 35층 제에이3504호
291230,조재덕,20180206,서울특별시 강남구 도산대로 128 8층
291650,정집훈,20110401,"경기도 성남시 분당구 판교로228번길 15 3동 301호(삼평동, 판교세븐벤처밸리1)"
291810,김동기,20150904,경기도 용인시 기흥구 기흥로 58 기흥 ICT밸리 SKV1 B동 B335호
293490,"김태환, 이시우 (공동대표이사)",20130822,"경기도 성남시 분당구 판교역로 152, 14층(백현동, 알파돔타워 3) &nbsp"
293580,이승원,20070806,서울특별시 강남구 테헤란로 534 글라스타워빌딩 3층
293780,이수진,20090724,"경기도 용인시 기흥구 흥덕1로 13 타워동 30층(영덕동, 흥덕아이티밸리)"
294090,김재진,20110927,경기도 성남시 분당구 돌마로 172 분당서울대학교병원 헬스케어혁신파크 H2202호
294140,이종일,20120918,경상북도 구미시 산동면 산호대로 1105-65
294570,김종현,20061214,"서울특별시 영등포구 영신로 220, KnK디지털타워 19층"
294630,문승현,20041117,경기도 안성시 원곡면 승량길 52
295310,문승호,20120607,경기도 안양시 동안구 시민대로248번길 25
296640,"심현섭, 장인수(공동대표이사)",20070111,서울특별시 송파구 법원로6길 7 유탑테크밸리 12층
297090,김창헌,20071109,서울특별시 강남구 언주로 723 8층(논현동)
297570,신정관,20180426,경기도 성남시 분당구 황새울로258번길 31 11층
297890,이재원,20010906,세종특별자치시  소정면 소정산단6로 48 에이치비솔루션 주식회사
298060,김유정,20140702,"인천광역시 연수구 갯벌로145번길 7-7 (송도동, 에스씨엠생명과학(주))"
298380,이상훈,20160216,서울 강남구 봉은사로 456 에이비엘바이오빌딩
298540,박영준,20040220,서울특별시 용산구 새창로44길 10 -
298830,"배현섭, 오승욱",20020306,경기도 성남시 수정구 금토로80번길 37 인피니티타워 E동
299030,오태봉,20030318,경기도 용인시 처인구 남사면 전나무골길2번길 56-7
299170,이윤석,20180511,서울특별시 송파구 삼학사로 47(삼전동) -
299660,강창율,20061201,서울특별시 관악구 관악로 1 서울대학교 관악 940동(연구공원지원시설) B119호
299900,조재덕,20160415,서울특별시 강남구 도산대로 128 국민연금강남회관 9층
300080,이정수,20120824,서울특별시 강남구 영동대로96길 20 대화빌딩 6층
300120,이석중,20100118,"경기도 과천시 과천대로7나길 60 과천어반허브 C동 5층, 6층"
301300,김경서,20000708,서울특별시 용산구 독서당로 97 (한남동)
302430,이갑수,20080603,경기도 화성시 정남면 정남산단1길 40 -
302550,이근용,20030731,충청북도 청주시 흥덕구 오송읍 오송생명2로 84 -
303030,홍근의,20180626,"경기도 용인시 기흥구 흥덕1로 13 흥덕아이티밸리 1901호, (주)지니틱스"
303360,임국진,20000322,"서울특별시 강서구 양천로 401, 강서한강자이타워 A동 702호"
303530,이성진,20080110,"서울특별시 금천구 디지털로9길 47 한신IT타워 2차 9층, 11층"
303810,박재원,20170501,서울특별시 강남구 테헤란로108길 7
304100,이경일,19810817,서울특별시 송파구 올림픽로35길 123 향군타워 9층
304360,강세일,20030811,"경기도 파주시 문발로 320 사무동, 연구동"
304840,"강성민, 전용범",20020909,"경기도 성남시 분당구 판교로 242, 판교디지털센터 C동 7층"
305090,김경남,20020802,경기도 성남시 분당구 판교역로 225-15 업무B동 6층
306040,이주영,20080314,서울특별시 강남구 도곡로 156 SJ빌딩
306620,"허준영(각자 대표이사), 이광노(각자 대표이사)",20180824,경기도 안양시 동안구 부림로 146 네온테크 -
307180,송성근,20180831,충청남도 천안시 동남구 수신면 장산동길 32 아이엘사이언스 천안공장
307280,김원일,20180903,경상북도 구미시 1공단로5길 56 ㈜원바이오젠
307750,홍종호,20180911,"경기도 안양시 동안구 학의로 282 B동 1516호 (관양동,금강펜테리움)"
307870,"이정훈, 송창종 (각자 대표이사)",20180912,"서울특별시 영등포구 선유로 146 2층 210호(양평동3가, 이앤씨드림타워)"
307930,김학범,20061018,서울특별시 강남구 테헤란로 620 에이동 14층
308080,기평석,20130201,서울특별시 금천구 가산로9길 66 더리즌밸리 지식산업센터(가산동)
308100,최준호,20160801,인천광역시 연수구 하모니로177번길 49 형지글로벌 패션복합센터
308430,김권,20100721,서울특별시 종로구 대학로 103 서울대학교 암연구소 6층
309710,김인규,20050526,충청북도 청주시 청원구 오창읍 양청송대길 231
309930,송윤섭 (단독대표이사),20181011,"서울특별시 서초구 매헌로 16 하이브랜드 패션관 5층(양재동, 라시따델라모다)"
309960,박기호,19960704,"서울특별시 강남구 테헤란로 512, 13층(대치동, 신안빌딩)"
310200,전승택,20181015,"서울특별시 영등포구 국제금융로 10 28층(여의도동, Three IFC)"
310210,김현태,20150224,인천광역시 연수구 송도과학로 32 에스동 18층
310870,"이종훈, 임동하(각자대표이사)",20181022,경상북도 경산시 진량읍 공단7로 42 대원리 498번지 디와이씨 주식회사
311320,신현국,20050503,경기도 안성시 금석3길 30
311390,이준우 (단독대표이사),20070108,"서울특별시 강남구 언주로93길 27 12층(역삼동, 아시아미디어센터)"
311690,윤상배,20091118,서울특별시 중구 세종대로 14 그랜드센트럴타워 B동 7층
312610,김명훈,19980916,대구광역시 달성군 구지면 국가산단대로33길 270 -
313760,김용선,20030821,경기도 용인시 처인구 모현읍 초부로54번길 7-3
314130,"홍유석, 배지수, 박한수 (각자 대표이사)",20150924,"경기도 수원시 영통구 창룡대로256번길 50 7층, 8층"
314140,윤재훈,20160805,서울특별시 강남구 삼성로 634
314930,임욱빈,19991008,서울특별시 성동구 아차산로5길 24-4
315640,최우식,20080204,"서울특별시 구로구 디지털로33길 48 19층(구로동, 대륭포스트타워 7차)"
317120,최승욱,20030926,서울특별시 강남구 언주로135길 25 (논현동)
317240,김용채,20190111,"서울특별시 영등포구 양평로 96 1층,6층,8층(양평동4가,티에스빌딩)"
317330,김병기,20060316,충청남도 천안시 동남구 풍세면 풍세산단2로 39 &nbsp
317530,김동하,20141030,서울특별시 구로구 디지털로31길 20 902호
317690,"권성훈, 홍영석 (공동대표이사)",20101129,"서울특별시 금천구 가산디지털1로 131 B동 16층(가산동, 비와이씨하이시티)"
317770,윤상철,20170403,"경기도 성남시 중원구 사기막골로62번길 37 1207호 (상대원동, 스타타워)"
317830,"심상균, 심효준",19880309,경상남도 양산시 어곡공단로 123
317850,이원해,19890616,경기도 시흥시 엠티브이26로58번길 56 -
317870,한정철,20010116,충청북도 제천시 한방엑스포로 85(왕암동) -
318000,부삼열,20010302,충청남도 천안시 동남구 성남면 대흥신덕길 84-19
318010,이병욱,20000315,서울특별시 강서구 마곡중앙8로3길 37 -
318020,이철환,20060728,"서울특별시 금천구 디지털로 178 (가산동, 가산퍼블릭) A동 26층"
318060,심운섭,20170102,서울특별시 금천구 가산디지털1로 225 6층
318160,이권선,20150707,"경기도 안양시 동안구 시민대로 401 대륭테크노타운15차 제2001호,제2101호"
318410,"강기태,전용태",20080619,대전광역시 대덕구 문평동로 25 -
319400,도익한,20190218,서울시 종로구 율곡로 194 현대그룹빌딩
319660,"이경일, 하형찬 각자대표",20190401,경기도 화성시 삼성1로4길 48
320000,김백산,20190305,경기도 군포시 고산로 166 104동 1001호
321260,"김영선, 임이빈",20190313,경기도 군포시 고산로148번길 17 군포IT밸리 411호
321370,김병남,20150605,경기도 화성시 동부대로 792 (주)센서뷰
321550,김훈택,20161206,"경기도 성남시 수정구 창업로40번길 30 6층 (시흥동, 판교아이티센터)"
321820,박승현,20100717,서울특별시 강남구 도산대로 430 3층(청담동)
322180,김정하,20060825,서울특별시 강남구 학동로5길 7
322310,"각자 대표이사 이준우, 최성원",20031021,경기도 화성시 동탄구 삼성1로5길 25 -
322510,김동민,20140218,충청북도 청주시 청원구 오창읍 양청송대길 10 청주미래누리터(지식산업센터) 204호
322780,오영섭,20190401,서울특별시 마포구 월드컵북로 361 8층(DMC이안상암2단지)
323280,김종학,20190405,충청남도 천안시 서북구 성환읍 비아이티산단로 235 -
323350,남기중,20091120,경기도 안산시 단원구 목내동 390-1 -
323990,이제중 (단독 대표이사),20100218,전라남도 화순군 화순읍 산단길 98-1 (주)박셀바이오
327260,남동우,20071228,"경기도 안산시 단원구 강촌로 213, 215(목내동) ."
328130,서범석,20130823,"서울특별시 강남구 강남대로 374 4층~9층(역삼동, 케이스퀘어 강남II)"
328380,이정근,20190604,"경기도 과천시 과천대로12길 117 지동 701호,702호,802호(문원동 과천지식정보타운공공주택지구지식10블록"
330350,성대영,20040819,서울특별시 서초구 동산로12길 9
330730,유승운,20170531,"서울특별시 강남구 테헤란로 211 14층(역삼동, 케이에프에이에스빌딩)"
330860,"이창우, 이병구(각자 대표이사)",20190401,충청북도 괴산군 청안면 네패스로 42 주식회사 네패스아크
331380,구형모,20190710,경기도 안양시 동안구 엘에스로91번길 16-17 포커스빌딩
331520,신재명,20190715,서울특별시 금천구 남부순환로 1282 밸로프타워
331740,"이석우, 김덕수(각자대표이사)",20190823,"서울특별시 영등포구 여의공원로 115 세우빌딩, 8층"
331920,"박종갑, 김효기",20101129,"서울특별시 금천구 가산디지털1로 131, A동 19층 및 20층 2004호 외 &nbsp"
332290,"김창균, 이경원",20190724,경기도 수원시 권선구 서호로 89 5동 106호
332370,노현철,20051208,"서울특별시 구로구 디지털로33길 50, 601"
332570,유대규,20061201,"경기도 성남시 분당구 황새울로319번길 8-4 (서현동, 삼헌빌딩)"
333050,"김인수, 윤영호 (각자 대표이사)",20190731,서울특별시 마포구 상암산로 76 YTN 뉴스퀘어 14층
333430,김성욱,20190807,부산광역시 강서구 녹산산단165로14번길 31 주식회사 일승
333620,진승언,20060112,충청남도 아산시 음봉면 스마트산단3로 18 (주)엔시스
334970,김진우,20150602,충청북도 청주시 흥덕구 오송읍 오송생명1로 197
335810,김한신,20090928,대전시 유성구 테크노2로 306
335870,"임신영, 김동린(각자대표)",20190902,"서울특별시 강남구 테헤란로98길 15 11층 (대치동, 송강빌딩)"
336060,"김학성, 박창훈",20190904,"서울특별시 구로구 디지털로26길 61 1001호(구로동, 에이스하이엔드타워2차)"
336570,"김종원, 김정현",20190916,대전광역시 유성구 테크노8로 64 (용산동)
336680,박영근,20040524,경상북도 구미시 옥계2공단로 46-14
337930,이수연 (단독 대표이사),20170823,"서울특별시 성동구 뚝섬로1길 63, 12층(성수동1가, 영창디지털타워)"
338220,이예하,20141210,서울특별시 서초구 강남대로 479 9층
338840,"박영우, 박범찬(각자대표)",20071231,"대전광역시 유성구 테크로 4로 17, 비715호"
339950,김석철,20191011,"서울특별시 서초구 강남대로 279 4,5층(서초동, 백향빌딩)"
340360,김삼연,20191017,경기도 안양시 동안구 벌말로 112 주식회사 다보링크
340440,나상수,20191017,경기도 평택시 오성면 오성북로 154-51 (주)세림비앤지
340450,기창석,20130731,경기도 용인시 기흥구 이현로30번길 107
340570,최윤소,19980609,경기도 용인시 수지구 신수로 767 에이동 2401호
340810,남운성,20100531,서울특별시 강남구 테헤란로22길 12
340930,오윤호,20120405,경기도 안성시 원곡면 지문로 203-160 유일에너테크(주)
342870,김상무,20140129,서울특별시 서초구 효령로46길 97
344860,이광훈,20050907,"서울특별시 구로구 디지털로33길 28, 301호"
347000,"하승철, 변기수",20041123,경기도 오산시 독산성로 445 (주)센코
347700,최광수,20120926,서울특별시 강남구 삼성로95길 27 3층
347740,"박진오, 이해광(각자대표)",20101007,서울특별시 영등포구 국회대로62길 25 교육시설재난공제회관 4층
347770,김민용,20160119,인천광역시 남동구 남동동로138번길 15 -
347850,이슬기,20141128,"경기도 성남시 수정구 금토로80번길 27 (금토동, 텔레칩스) 4층"
347860,황영규,20160603,서울특별시 강남구 논현로 653 3층(논현동)
347890,강원희,19990408,경기도 안양시 동안구 시민대로327번길 11-35 엠투아이빌딩
348030,임중수,20070709,"서울특별시 성동구 성수이로 62 7층 (성수동2가, 무신사성수S1)"
348080,김성준,20160715,충청북도 청주시 흥덕구 오송읍 의료단지길 143 -
348150,이한승,20140811,"서울특별시 관악구 관악로 1 220동 745-1호(신림동, 서울대학교종합연구동)"
348210,박태훈,20100623,경기도 화성시 동탄산단9길 23-12
348340,박종훈,20130214,서울특별시 성동구 아차산로 78 (성수동2가)
348350,"유승교,박현열(각자 대표이사)",20031211,대전광역시 유성구 테크노2로 300 (탑립동)
348370,오정강,20120216,충청북도 제천시 바이오밸리로 107
351320,"이정주,신동희(각자대표)",20200306,경기도 시흥시 엠티브이26로58번길 25 (정왕동)
351330,"김창수, 김범수",20061128,경기도 군포시 군포첨단산업1로 15
351870,최영섭,20040622,서울특별시 강남구 학동로43길 6
352090,"강기환, 최준수",19991008,서울특별시 강서구 화곡로68길 143
352480,"배수아, 차건아 (각자 대표이사)",20131025,경기도 화성시 삼성1로5길 39
352700,하춘욱,20030527,부산광역시 강서구 녹산산업중로192번길 24
352770,백서현,20110621,"경기도 수원시 영통구 대학4로 17 제 4층 416호(이의동, 에이스광교타워 1차)"
352910,황도연,20030318,경기도 성남시 분당구 판교로 338 3층
352940,이혁재,19971106,- -
353190,김진석,20200331,"서울특별시 금천구 가산디지털2로 115 416호(가산동, 대륭테크노타운3차)"
353590,최찬욱,20120131,경기도 안양시 만안구 전파로24번길 63
353810,"김재원, 조석현(각자대표)",20200501,서울특별시 강남구 강남대로 310 (역삼동 837-11) 유니온센터 3층
354200,김민식,20151030,"서울특별시 구로구 디지털로 288 303호. 304호. 305호. 306호. 307호. 제지1층 제비 127호, 제지1층 제비 1"
354320,"신상호, 박준표",20011101,경상남도 창원시 성산구 공단로 148
355150,한규진,20200428,인천광역시 남동구 남동서로 261 주식회사 코스텍시스
355390,김광일,20170425,"서울특별시 강남구 테헤란로 309 삼성제일빌딩, 5층"
355690,한택수,20160215,서울특별시 구로구 디지털로31길 38-9 에이스테크노타워1차 6층 603-2호
356680,주갑수,20101210,"경기도 과천시 과천대로7나길 34 3층(갈현동, 가비아@)"
356860,백성현,20110325,경기도 안산시 단원구 신원로 305
356890,육동현,20050112,서울특별시 서초구 효령로 39
357230,최승호,20120406,서울특별시 영등포구 양평로 115 -
357550,임형섭,20001218,경기도 안산시 단원구 별망로459번길 24
357580,"김인응, 김병규 각자 대표이사",20081101,충청남도 천안시 서북구 직산읍 모시리 308 천안 제4지방산업단지 19-1블럭
357780,박영수,20200701,"경기도 성남시 수정구 금토로 52 F동 (금토동, 솔브레인)"
357880,신재혁,20131028,서울특별시 강남구 테헤란로 516 정헌빌딩 4층
358570,"장명호, 홍준호(각자대표이사)",20170719,"서울특별시 송파구 송파대로 167 비동 1014호(문정동, 문정역 테라타워)"
359090,윤문태,20200618,"서울특별시 강남구 역삼로 412 (대치동, 씨엔알빌딩)"
360070,노환진,20120215,경기도 이천시 호법면 덕평로 554-30
360350,이준희,20070613,대전광역시 유성구 테크노2로 199
361390,유태삼,20041103,"경기도 군포시 농심로72번길 1 (당정동,제노코빌딩)"
361570,"김진우, 김도훈",20100305,"서울특별시 광진구 자양로 129 12층(자양동, 알비더블유타워)"
361670,박상익,20000612,경기도 성남시 중원구 둔촌대로 446
362320,최석주,20171114,서울특별시 강남구 언주로 735 16층
362990,김기철,20120820,"서울특별시 구로구 디지털로33길 12 1410,1411,1412호"
363250,"서유진, 박성영",20100324,대전광역시 유성구 테크노2로 200-9
363260,유범령,20200813,서울시 강남구 역삼동 721-38 -
364950,안진호,20140822,경기도 수원시 권선구 산업로 94 -
365270,유재현,20160512,서울특별시 서초구 효령로 23-1 -
365330,홍성균,20150701,충청북도 충주시 엄정면 세고개로 154
365340,이강명,20170329,전북특별자치도 군산시 새만금북로 122 -
365590,고범규,20200909,경기도 성남시 분당구 대왕판교로644번길 49 DTC타워 10층(삼평동)
365660,홍병진,20170630,"서울특별시 금천구 가산디지털1로 145, 1005호(가산동, 에이스하이엔드타워3차) &nbsp"
365900,김준오,20050401,"서울특별시 강남구 테헤란로108길 23 대치동, 보이스캐디 사옥"
366030,이기운,20061102,경기도 양주시 평화로 1525
367000,이상훈,20050224,"서울특별시 송파구 법원로9길 26, 디동 제6층(문정동, 에이치비지니스파크)"
368600,김영훈,20120814,경기도 군포시 벌새전리길 13(당정동)
368770,고연완,20201013,대전광역시 유성구 가정북로 26-55 주식회사 파이버프로
368970,강재구,20040616,충청남도 논산시 성동면 산업단지로2길 11
369370,"최승원, 홍민기(각자 대표이사)",20201020,"서울특별시 강남구 논현로131길 35 (논현동, 리손빌)"
370090,오상근,20090506,경기도 성남시 중원구 사기막골로 58
371950,유명훈,19960116,경기도 안산시 단원구 산단로35번길 24
372170,박치영,19991213,경기도 안성시  공도읍 문터길 72-23
372320,김건수,20161201,대전광역시 유성구 국제과학16로 11
372800,이성남,20120807,"서울특별시 영등포구 은행로 37, 5층"
373110,이의일,20150914,서울특별시 강남구 영동대로 333 동원빌딩 6층
373160,"신해동, 김동혁 (공동대표)",20170417,"서울특별시 강남구 테헤란로 231 West동 6층,7층(역삼동,센터필드)"
373170,심효준,20050823,서울특별시 서초구 효령로55길 23 3~5층 &nbsp
373200,윤상철,20201125,서울특별시 송파구 송파대로 201 A동 13층
376180,최석림,20020307,인천광역시 부평구 부평북로 118
376270,지요셉,20161230,경기도 수원시 영통구 창룡대로256번길 50 711호
376290,백영현,20040923,경기도 평택시 청북읍 현곡산단로93번길 6
376300,안종오,20170704,서울특별시 강남구 언주로172길 8 -
376900,유석환,20120120,"서울특별시 금천구 디지털로10길 9, 12층"
376930,임찬양(단독 대표이사),20151202,"경기도 용인시 수지구 광교중앙로 338, 비동 10층 &nbsp"
376980,이복기,20150406,서울특별시 송파구 올림픽로 300 35층
377030,홍상혁,20101007,"서울특별시 강남구 남부순환로 351길4, 2층(도곡동 STAY77) -"
377220,심태진,20060626,경기도 용인시 기흥구 서천로127번길 10 -
377330, 강민경,20081124,경기도 화성시 금곡로163번길 63-100
377450,장호준,20020710,서울특별시 송파구 송파대로49길 41 -
377460,김희웅,20150126,광주광역시 광산구 사암로 321(월곡동) -
377480,유태준,20140108,"경기도 성남시 수정구 창업로40번길 30 4층(시흥동, 판교IT센터)"
378340,김광일,20200402,경기도 오산시 지곶중앙로 1-19
378800,성승용,20081001,서울특별시 강남구 자곡로 174-10 강남에이스타워 606호(자곡동)
380540,문유석,20160217,경기도 화성시 동탄기흥로 602 5층
380550,"빈준길, 김동현",20160314,"서울특별시 강남구 테헤란로 124 삼원타워, 12층"
381620,배성관,20100423,충청남도 천안시 서북구 직산읍 부송로 165-33
382150,"김이랑, 강지훈 (각자대표)",20150622,"서울특별시 송파구 법원로11길 7 905호(문정동, 문정현대지식산업센터1-2)"
382480,"이인영,이상권(각자 대표이사)",20120502,충청남도 아산시 둔포면 아산밸리로387번길 42
382800,박상순,20050404,경기도 안성시 대덕면 모산로 401-14
382840,이성제,20081126,경기도 수원시 권선구 산업로 174-29
382900,김형석,20191231,경상남도 창원시 마산회원구 자유무역4길 61
383310,김종섭,20210503,충청북도 청주시 청원구 오창읍 과학산업2로 587-40
383930,박채규,20170403,경기도 용인시 처인구 유림로154번길 24 PKPD센터
384470,김진국,20120917,서울특별시 마포구 동교로19길 12 -
387570,전성우,20090727,대구광역시 동구 율암로 140-9 &nbsp
387690,조봉호,20120713,"강원특별자치도 춘천시 삭주로145번길 69-14, 2층 (후평동, 벤처비지니스 살롱)"
388050,"김동현, 장철수(각자대표)",20101217,경기도 화성시 양감면 초록로 868-12
388210,"박성훈, 박종화 (각자)",20130118,경상북도 구미시 산동읍 5공단5로 118 -
388610,강희철,20020618,경기도 화성시 동탄순환대로 823 17층
388720,김동헌,20111216,인천광역시 서구 첨단기술로 87 (주)유일로보틱스 청라국제도시 사옥
388790,김성준,20210517,경기도 용인시 처인구 이동읍 백자로 109 -
388870,윤정혁,20160419,서울특별시 구로구 디지털로 288 1301호(구로동)
389020,백준현,20000127,"경기도 성남시 분당구 성남대로925번길 41, 2층"
389030,박웅양,20180420,"서울특별시 송파구 정의로 70 4층, 5층(문정동, 케이디유타워)"
389140,윤준호,20170830,"서울특별시 서초구 강남대로 479 신논현타워, 12층, 13층, 14층"
389260,서종현,20000804,"서울특별시 강남구 테헤란로 422 11층 (대치동,KT선릉타워East)"
389470,김주희,20150514,"경기도 성남시 중원구 둔촌대로388번길 24, 101호, 601호, 612호"
389500,"류재완, 송진웅(각자 대표이사)",20001118,경기도 김포시 월곶면 김포대로2918번길 22
389650,이돈행,20140801,인천광역시 연수구 벤처로100번길 6
389680,왕지남,20070528,경기도 수원시 영통구 창룡대로256번길 91 에이스광교타워2 1405~1408호 &nbsp
391710,서종휘 김호정,20210609,경기도 화성시 동탄산단9길 23-12 경기도 화성시 동탄산단9길 23-12 8층(방교동)
393210,"조길주, 이강찬(각자 대표이사)",20001027,서울특별시 강남구 선릉로91길 10 -
393890,최원근,20161026,충청북도 충주시 대소원면 메가폴리스로 195
393970,유성준,20190116,서울특별시 송파구 올림픽로 342
394280,이성현,20171206,서울특별시 강남구 역삼로 114 현죽빌딩 12층
394420,"김건호, 최의경",20161018,"경기도 화성시 동탄순환대로 830, 908호 &nbsp"
394800,금창원,20161010,"서울특별시 강남구 테헤란로 415 8층(삼성동, 엘7호텔스강남타워)"
396270,김경수,20190102,경기도 성남시 분당구 대왕판교로 660 유스페이스1 에이동 5층
396300,이성욱,19990901,경상북도 구미시 1공단로10길 80
396470,박승배,20040408,경기도 화성시 동탄면 동탄산단10길 53-15 &nbsp
397030,차상훈,20130130,강원도 춘천시 강원대학길 1 의생명과학대학 B동 602호
397810,이은현,20140704,서울특별시 강남구 강남대로 560 7층(삼익전자빌딩)
398120,김정수,20090717,경기도 이천시  모가면 양녕로 10
399720,정규동,20120806,경기도 성남시 수정구 금토로40번길 26 A동 4층
402030,김영섬,19990417,"서울특별시 서초구 강남대로 327 6층, 7층, 9층(서울특별시 서초구 강남대로)"
402490,"이종수,이종범(공동대표이사)",20110406,인천광역시 서구 파랑로 470 (주)그린리소스
403490,김호연,20110518,충청남도 부여군 규암면 흥수로 698
403850,김민석,20100526,서울특별시 서초구 명달로 94
403870,이케빈기두,20170314,경기도 화성시 삼성1로1길 26 석우동
405000,이윤철(단독 대표이사),20150331,"경기도 성남시 분당구 대왕판교로 670 에이동 10층 1005호(삼평동, 판교테크노밸리 유스페이스2)"
405100,이규복,20140402,경기도 이천시 부발읍 경충대로 2091 큐알티 주식회사
405920,마승철,19900110,"경기도 이천시 백사면 청백리로393번길 353, 지하 1층"
406820,"김종수, 최범석",20111207,인천광역시 서구 염곡로14번길 27
407400,박영건,20141027,경기도 용인시 기흥구 동백죽전대로175번길 6 3층
408470,이근주,20170203,"서울특별시 성동구 아차산로 92 4층(성수동2가, S TOWER)"
408900,유재명,20101028,"서울특별시 금천구 디지털로9길 33 1701호(가산동, 아이티미래타워)"
408920,조원표,20211029,서울특별시 마포구 월드컵북로58길 9 ES타워
411080,김기홍,20041101,경기도 과천시 과천대로7나길 25 12층
412350,안건준,20150406,경기도 화성시 동탄면 동탄산단4길 9-9 -
412540,이영진,19860225,경기도 이천시 부발읍 황무로2065번길 72-75
413390,마점래,20190307,경상남도 양산시 상북면 석계산단2길 46
413630,"김경민, 김혜정",20211201,부산광역시 기장군 정관면 정관상곡1길 27-37 (정관읍 매학리)
413640,배영근,20050402,"서울특별시 강남구 선릉로 433, 신관 17층(역삼동)"
415380,최정석,20170908,서울특별시 마포구 토정로 115 스튜디오삼익빌딩
416180,손태도,20040616,경상남도 창원시 마산회원구 3·15대로 711 대아빌딩
417010,최윤성,20161228,대전광역시 유성구 국제과학2로 14
417180,라현성,20180308,"서울특별시 강남구 테헤란로 325, 15층 (역삼동, 어반벤치빌딩)"
417200,홍영호,20210101,경기도 안양시 동안구 엘에스로116번길 39 엘에스엠트론 하이테크 센터 6층
417500,함석헌,20140328,전라북도 군산시 중가도길 16
417790,안재천,20050128,"서울특별시 구로구 디지털로33길 28, 1108, 1309호(구로동, 우림이비지센터1차)"
417840,임영진,20160425,경기도 용인시 기흥구 탑실로 35번길 57
417860,"전배문, 유용희",20000428,"서울특별시 영등포구 여의대로 14. 12층(여의도동, KT여의도타워)"
417970,유형민,20050225,서울특별시 금천구 벚꽃로20길 24
418250,정동진,20150910,"경기도 성남시 수정구 금토로80번길 11, 14층 1401호 &nbsp"
418420,김보은,20091013,경기도 성남시 수정구 창업로 43 판교글로벌비즈센터 6층 B동
418470,정재욱,20160712,서울특별시 마포구 양화로 45 메세나폴리스 세아타워 16층
418550,강득주,19941128,"인천광역시 연수구 송도과학로 56 2214호(송도동, 송도테크노파크비티센터)"
418620,김진현,20120507,"서울특별시 송파구 올림픽로 300 25층(신천동, 롯데월드타워)"
419050,김치환,20201012,충청남도 서산시 지곡면 무장산업로 263-29
419080,변도영,20090909,경기도 수원시 권선구 산업로92번길 45 &nbsp
419120,윤영호 (단독대표),20181029,서울특별시 성동구 아차산로17길 49 601-612호
419530,김수훈,20000726,서울특별시 강남구 테헤란로 325 8층
419540,이선종,20010827,경기도 성남시 중원구 갈마치로 302 우림라이온스빌딩5차 A동 7층
420570,이재섭,20161227,충청북도 청주시 청원구  오창읍 두릉유리로 50-3
420770,강해철,20040218,경기도 평택시 진위면 진위산단로 53-86
424760,이정현,20220317,울산광역시 중구 종가8길 45 (복산동)
424870,김흥태,20160901,경기도 용인시 기흥구 탑실로35번길 25
424960,김용환,20171016,서울특별시 강남구 봉은사로81길 7 -
424980,황규호,20000828,경기도 용인시 처인구 이동읍 덕성산단2로50번길 43
425040,유원양,20150126,"충청북도 보은군 삼승면 남부로 3750-148(우진리,티이엠씨)"
425420,문성주,20031029,경기도 화성시 반월길 50-8
429270,심규환 (단독 대표이사),20080125,전라북도 완주군 봉동읍 테크노밸리로 497
430690,이주도,20000622,서울특별시 강동구 고덕비즈밸리로2가길 61 한싹타워
431190,이재영,20000307,대전광역시 유성구 엑스포로 1 16층(도룡동 사이언스센터)
432430,강철구,20101112,서울특별시 마포구 잔다리로3길 20
432470,정봉진,20060425,경기도 평택시 서탄면 서탄로 446-9 &nbsp
432720,김두호,20170201,"경기도 성남시 분당구 성남대로331번길 8, 609호 &nbsp"
432980,"황성관, 서기형(각자 대표이사)",20080307,경기도 화성시 마도면 청원산단7길 35(청원리 1453)
434480,이광후,20050222,서울특별시 구로구 디지털로 306 대륭포스트타워 2차 1008호
435570,김슬기,20140514,대전광역시 유성구 도안동로 329
437730,"황성호, 박기원",19880901,경상남도 창원시 의창구 죽전로 45
438700,하태진,20161004,서울특별시 용산구 한강대로7길 10-15  버넥트 익스피리언스센터
439090,"김기현, 송지혜(각자대표)",20120302,서울특별시 강남구 테헤란로 124 삼원타워 4층
439580,김준석,20150326,경기도 평택시 청북읍 드림산단1로 45 -
439960,오주영,20160928,서울특별시 구로구 디지털로31길 20 8층 801호
440110,남이현,20150630,"서울특별시 강남구 학동로 343 16층, 17층(논현동, 더피나클강남)"
440290,황유선,19991111,서울특별시 강남구 언주로 819
440320,권인택,20120416,서울특별시 영등포구 양평로 2(당산동6가)
441270,이재규,20220901,경기도 안양시 만안구 전파로24번길 93(안양동)
443250,김주오,20141128,서울특별시 강남구 논현로135길 29
443670,이은재,20130128,"경기도 과천시 과천대로7나길 34 3층(갈현동, 가비아@)"
444530,"임대근, 강태신",20111130,"서울특별시 금천구 가산디지털1로 226, 2003호"
445090,이종민,20160411,경기도 수원시 영통구 대학4로 25 -
445180,김정수,20100104,경상북도 경주시 안강읍 사박길 21 주식회사 퓨릿
445680,김남용,20180907,"서울특별시 금천구 디지털로9길 41 2층 202호, 204호 ~ 213호 (가산동, 삼성아이티해링턴타워) &nbsp"
446540,박진,20100909,충청남도 천안시 서북구 3공단2로 42 &nbsp
446840,한동진,20221007,서울특별시 강남구 개포로 208 형지빌딩 -
448280,현성완,20050406,서울특별시 영등포구 여의나루로 61 11층
448710,조지원,19990526,"경기도 과천시 과천대로12길 117 과천 펜타원 B동 2층,3층,4층,5층,6층,7층,8층,9층(갈현동)"
448900,송준호,20010414,대구광역시 달성군 다사읍 세천로8길 26
450330,김용수,20080104,강원특별자치도 강릉시 과학단지로 77-14 하스 본사
450520,어세룡,20020415,서울특별시 영등포구 국제금융로 39 20층(앵커원)
450950,서은택,20150707,"서울특별시 성동구 성수일로4길 25, 서울숲코오롱디지털타워1차 1005호"
451220,최재성,20001123,경기도 수원시 영통구 신원로 306 1동 8층
451250,박광춘,20040311,인천광역시 연수구 컨벤시아대로 165 32층
451760,이성희,20150105,대전광역시 유성구 지족로148번길 5-34(지족동)
452160,이정범,20050401,경기도 평택시 진위면 진위2산단로 31-21 &nbsp
452190,김정묵,19971007,대전광역시 유성구 유성대로1596번길 32-48 &nbsp
452200,홍영진,20150616,대전광역시 유성구 국제과학21로 62 -
452280,이제훈,20120222,부산광역시 강서구 녹산산단381로 80 -
452300,송은강,20080103,서울특별시 강남구 역삼로 180
452400,강동호.김정득(각자 대표이사),19840507,부산광역시 해운대구 해운대로191번길 16
452430,이명희,20170829,경기도 성남시 수정구 창업로 43 판교글로벌비즈센터 A동 601~613호
452450,최정일,20180706,경기도 화성시 동탄기흥로 614 더퍼스트타워2차 19층
453450,김구환,20130305,"서울특별시 서초구 양재천로9길 1 양재동, 그리드위즈 빌딩"
453860,"윤종배,이승재",20050315,충청남도 서천군 장항읍 장항산단7길 13 &nbsp
455180,김옥태,20171031,경기도 평택시 브레인산단4로 45 -
455900,조남민 (단독대표),20170210,"서울특별시 광진구 광나루로56길 85 테크노마트21 제12층 제01호, 제02호(구의동)"
456010,이정원,20171018,"서울특별시 강남구 강남대로84길 16 비1층, 7층, 13층, 14층(역삼동, 제이스타워)"
456070,장종욱,20180321,서울특별시 송파구 송파대로 201 17층(송파테라타워2 A동)
456160,이희용,20170322,충청북도 청주시 흥덕구 오송읍 의료단지길 21
457370,이상조,19991015,대전광역시 유성구 테크노11로 55-11
457550,신상연,20130102,"경기도 화성시 동탄역로 24-2 , 24-1"
457600,유창수,20060330,서울특별시 강남구 역삼로 229 &nbsp
458350,김소연,20040715,서울특별시 종로구 인사동9길 27
458650,"박종헌, 박채원(각자 대표)",19920901,경상북도 구미시 3공단2로 107
458870,이영신,20090811,경기도 평택시 진위면 동부대로 291-13
459100,김응태,20190404,경기도 용인시 처인구 남사면 형제로 35
459510,이종주,20161027,인천광역시 남동구 앵고개로449번길 42
459550,이상수,20170901,"경기도 성남시 분당구 성남대로331번길 8, 1201호(정자동, 킨스타워)"
460470,김필한,20170623,"대전광역시 유성구 테크노4로 17, 대덕비즈센터 비동 415호(관평동)"
460870,최승호,19981230,경기도 안성시 양성면 양성로 134-13
460930,최지용,20080425,울산광역시 북구 매곡산업로 21
460940,"박광훈, 이재용 (각자대표)",20031226,"서울특별시 영등포구 선유로 70, 509호(문래동 3가, 우리벤처타운2)"
461030,김태유,20180705,"서울특별시 금천구 가산디지털1로 131 A동 605-가, 605-나, 21층"
461300,"허주환, 현준우(각자대표)",20020222,경기도 성남시 분당구 판교역로 225-20
462310,주춘섭,20130425,"서울특별시 중구 다산로 210, 7층(신당동, 홍진빌딩)"
462350,김수종,20170919,세종특별자치시  가름로 232 세종비지니스센터
462510,최종석,20120113,"서울특별시 금천구 벚꽃로 234 제 10층 제1002호, 제17층 제1701호,1702호, 1704호 (가산동,에이스하이엔드"
462860,조철한,20171123,서울특별시 서초구 강남대로 465
462980,"김창균, 김지태",20140516,"서울특별시 송파구 법원로8길 9 청림타워 5,6층"
463020,배성환,20040531,경기도 고양시 일산서구 킨텍스로 240 킨텍스 꿈에그린 GIFC 타워 24층
463480,김기한,19770321,경기도 용인시 처인구 백암면 백암로 79
464080,정지성,20160622,"광주광역시 북구 첨단과기로 123 B동 101호(오룡동, 창업진흥센터)"
464280,김철준,20021111,경기도 성남시 분당구 판교로 253 C동 403호
464490,백승기,20161223,"경기도 성남시 중원구 사기막골로45번길 14, 제6층 제비-605호(상대원동, 성남우림라이온스밸리2차) &nbsp"
464500,박기태,20080501,"서울시 강남구 강남대로 636 7층 (신사동, 두원빌딩)"
464580,정해운,20151229,서울특별시 마포구 동교로41길 41
465320,김상도,20230808,서울특별시 영등포구 의사당대로 97
465480,최정규,20090615,"서울특별시 금천구 벚꽃로 278 507호,508호,509호,510호,511호,512호,513호,514호(가산동, 에스제이테크노？"
466100,김창구,20170508,"경기도 성남시 중원구 양현로405번길 4-5 (여수동, 마커스빌딩)"
466410,전경헌,20000726,서울특별시 강서구 마곡중앙4로 62
466690,고명진,20230901,서울특별시 영등포구 의사당대로 96 TP Tower
467930,최상규,20230908,서울특별시 영등포구 국제금융로6길 11
468530,윤태영,20150805,"서울특별시 구로구 디지털로33길 11 구로동, 에이스테크노타워8차 13층 1301호"
468760,김동진,20230914,서울특별시 영등포구 국제금융로 24
469480,김강민,20230922,서울특별시 영등포구 국제금융로6길 11 &nbsp
469610,장석준,20130604,충청남도 아산시 음봉면 스마트산단로 102
469750,길기재,20150420,대전광역시 유성구 국제과학21로 54 -
469880,전신웅,20231011,서울특별시 영등포구 의사당대로 82 &nbsp
469900,한규정,20231011,서울특별시 영등포구 의사당대로 82
471050,이문수,20231017,서울특별시 중구 삼일대로 343 -
471820,서정민,20141022,"경기도 용인시 기흥구 구성로 357 D동 710호 (청덕동, 용인테크노밸리)"
472220,김용국,20231102,"서울특별시 영등포구 국제금융로8길 16, 5층(여의도동, 신영증권빌딩)"
472230,최상우,20231102,서울특별시 영등포구 국제금융로8길 31 &nbsp
472850,임종민 / 김유진,20231228,서울특별시 영등포구 여의대로 108 파크원 타워1 42층
473000,이재혁,20231116,서울특별시 영등포구 국제금융로8길 31
473050,구태훈,20231120,서울특별시 영등포구 국제금융로 39 여의도동 앵커원빌딩
473950,임율표,20231130,서울특별시 영등포구 국제금융로8길 31
473980,김영준,20190313,"서울특별시 강남구 논현로149길 67-5 1층, 2층, 3층, 4층, 5층 (논현동)"
474170,남명용,20091102,경기도 용인시 수지구 신수로 767 A-621
474490,박병권,20231206,서울특별시 영등포구 국제금융로 39 여의도동 앵커원
474610,김시곤,20001103,경기도 오산시 가장산업서북로 40-48
474650,최근식,20150528,"경기도 안양시 동안구 부림로170번길 41-4, 5층"
474660,이동호,20231214,서울특별시 영등포구 의사당대로 96 티피타워 32F
474930,배성환,20231221,서울특별시 영등포구 의사당대로 96 티피타워 32F
475040,김준환,20140922,경상북도 포항시 남구 지곡로 394 제5벤처동 308호
475230,강건우,20191024,전북특별자치도 군산시 군산산단로 96
475240,박종찬,20240105,서울특별시 영등포구 의사당대로 82
475250,박태한,20240105,서울특별시 영등포구 의사당대로 82 하나증권빌딩
475400,이성호,20140828,서울특별시 강남구 도산대로 318 &nbsp
475430,"신재명, 권대희 (각자 대표이사)",19921127,경기도 안산시 단원구 산단로68번길 37
475460,김기봉,20140519,서울특별시 강남구 테헤란로34길 22(역삼동) 미트박스빌딩
475580,이치헌,20151118,"서울특별시 도봉구 마들로13길 61, 16층 (창동, 창동 씨드큐브)"
475660,염호영,20140514,충청북도 제천시 제2바이오밸리로5길 15(왕암동)
475830,이승주,20160817,대전광역시 유성구 문지로 281-25
475960,박용근,20150824,대전광역시 유성구 죽동로 141 2층
476040,"유종만, 오상훈 (각자대표이사)",20181026,충청북도 청주시 흥덕구 오송읍 오송생명2로 154 -
476060,김존,20200507,서울특별시 강남구 테헤란로26길 12 제일비젼타워 11층
476080,정성진,20200220,"서울특별시 마포구 양화로 176, 4층(동교동)"
476830,이성욱,20170829,경기도 성남시 분당구 판교로 253 C동 801호
477340,조한종,20240215,서울특별시 영등포구 국제금융로2길 28 &nbsp
477380,김정수,20240219,서울특별시 중구 을지로5길 26 미래에셋센터원 이스트타워
477470,김대호,20240222,서울특별시 중구 을지로5길 26 미래에셋센터원 이스트타워
477760,김창희,20240223,서울특별시 영등포구 국제금융로8길 32 &nbsp
477850,윤성호,20171221,"서울특별시 서초구 강남대로 343 신덕빌딩, 12층"
478110,박용,20240228,서울특별시 영등포구 여의나루로 60 &nbsp
478340,박재필,20150331,"서울특별시 영등포구 국회대로 632 영등포유윈시티 14층,15층"
478390,서영화,20240305,서울특별시 영등포구 여의나루로 50
478440,정명훈,20240305,서울특별시 중구 을지로5길 26
478560,김태효,20130808,서울특별시 서초구 바우뫼로 201 &nbsp
479880,유한,20240319,서울특별시 영등포구 의사당대로 88
479960,김창성,20040130,경기도 남양주시 진접읍 진벌로223번길 53
481070,김지훈,20220128,서울특별시 성동구 아차산로 68(성수동2가)
481890,이시형,20240415,서울특별시 영등포구 여의대로 108 파크원 타워2 NH투자증권 8층
482520,정시화,20240415,"서울특별시 영등포구 의사당대로 97, 17층"
482630,정회식,20080306,경기도 화성시 동탄면 동탄산단7길 98-34
482680,송우영,20240430,서울특별시 중구 을지로5길 26
482690,임병완,20240425,서울특별시 중구 삼일대로 343
484120,옥경석,20100325,충청북도 청주시 흥덕구 옥산면 옥산산단로 42
484130,송하용,20240516,서울특별시 영등포구 의사당대로 82
484590,김종일,19621222,"서울특별시 서초구 반포대로27길 16, 8층(서초동, 파크빌딩)"
484810,엄인섭,20170711,경기도 부천시 원미구 옥산로 216
486630,박홍진,20240610,서울특별시 영등포구 여의나루로 50
486990,채명수,20150424,"대전광역시 유성구 문지로 272-16, 502호"
487360,홍승표,20240614,서울특별시 영등포구 의사당대로 96 (TP Tower)
487580,이형무,20190304,충청남도 서산시 운산면 장생동로 523
487720,김대식,20240620,서울특별시 영등포구 의사당대로 96
487830,연오흠,20240621,서울특별시 영등포구 의사당대로 96(TP Tower)
488060,박홍식,20240625,서울특별시 영등포구 국제금융로 24
488280,서상덕,20180917,"경기도 성남시 분당구 황새울로246(수내동, 도담빌딩) 9층"
488900,이병호,20160830,경기도 안산시 단원구 장자골로 11
489210,장정훈,20240717,서울특별시 영등포구 의사당대로 97 &nbsp
489460,양준호,20180712,경기도 하남시 하남대로 947 에이동 1516호
489480,조선희,20240722,서울특별시 영등포구 의사당대로 96
489500,이창엽,20071101,충청남도 천안시 서북구 성거읍 성거길 228-17
489730,양준석,20240726,서울특별시 영등포구 국제금융로8길 32 &nbsp
490470,조명현,20190530,"경기도 성남시 분당구 양현로 322, 6층 603호, 605호"
491000,이정주,20110616,경기도 성남시 분당구 판교로 700 분당테크노파크 디동 304호
492220,김형철,20240902,서울특별시 영등포구 여의나루로 50
493280,하경식,20200804,경기도 수원시 영통구 창룡대로 260 11층
493330,이상섭,20141120,경기도 김포시 양촌읍 황금3로39번길 20-42
493790,윤원도,20240913,"서울특별시 영등포구 국제금융로 39 (여의도동, 앵커원)"
494120,윤호영,20150122,"서울특별시 강남구 테헤란로38길 10, 4층"
496070,김종환,20241015,서울특별시 영등포구 의사당대로 96
498390,김광후,20241030,서울특별시 영등포구 여의대로 56
