종목코드,종목명,시장구분,매출액,영업이익,경상이익,ROE,시가총액,상장주수,결산월,고유번호,재무제표종류,매출액_당기,매출액_전기,영업이익_당기,영업이익_전기,매출액성장률(%),영업이익성장률(%)
000020,동화약품,KOSPI,1306,112,81,4.93,1395,27931,12.0,00119195,CFS,388660153296.0,363797312192.0,6271840710.0,17746658046.0,6.83,-64.66
000040,KR모터스,KOSPI,26,-7,194,40.62,230,86375,12.0,00112378,CFS,13823191334.0,16024969823.0,-2924370754.0,-5500524246.0,-13.74,46.83
000050,경방,KOSPI,1110,178,260,8.01,2269,27415,12.0,00101628,CFS,267539272770.0,281655078380.0,36711542005.0,30069929870.0,-5.01,22.09
000070,삼양홀딩스,KOSPI,8383,292,481,-10.06,4230,7763,12.0,00126937,CFS,46952079842.0,97572587123.0,-215909985262.0,42347359890.0,-51.88,-609.85
000080,하이트진로,KOSPI,5908,559,506,3.54,10253,70133,12.0,00150244,CFS,2240431695323.0,2329034671293.0,172346258316.0,201512999874.0,-3.8,-14.47
000087,하이트진로2우B,KOSPI,0,0,0,0.0,139,1130,12.0,,,,,,,,
000100,유한양행,KOSPI,5268,88,288,9.75,55434,79647,12.0,00145109,CFS,2105660561260.0,2008355122464.0,110196047503.0,70105856912.0,4.85,57.19
000105,유한양행우,KOSPI,0,0,0,0.0,687,1180,12.0,,,,,,,,
000120,CJ대한통운,KOSPI,32145,921,554,5.92,16265,22812,12.0,00113410,CFS,8353852873161.0,8366258767136.0,353127836029.0,380094745176.0,-0.15,-7.09
000140,하이트진로홀딩스,KOSPI,5883,557,439,-0.85,1863,23206,12.0,00148993,CFS,31017268792.0,40573566580.0,26338025024.0,34721341885.0,-23.55,-24.14
000145,하이트진로홀딩스우,KOSPI,0,0,0,0.0,43,470,12.0,,,,,,,,
000150,두산,KOSPI,50603,3408,1535,4.93,181856,16193,12.0,00117212,CFS,1767596000000.0,1066495000000.0,328201000000.0,81611000000.0,65.74,302.15
000155,두산우,KOSPI,0,0,0,0.0,15686,3996,12.0,,,,,,,,
000157,두산2우B,KOSPI,0,0,0,0.0,2795,893,12.0,,,,,,,,
000180,성창기업지주,KOSPI,331,-16,-15,-3.28,708,13950,12.0,00133335,CFS,6677916525.0,8764952676.0,362403644.0,455039175.0,-23.81,-20.36
000210,DL,KOSPI,12828,1129,83,-1.39,9639,20955,12.0,00109693,CFS,174580444927.0,110207197903.0,160559882521.0,91164808060.0,58.41,76.12
000215,DL우,KOSPI,0,0,0,0.0,344,1686,12.0,,,,,,,,
000220,유유제약,KOSPI,355,43,40,7.05,573,15747,12.0,00144818,CFS,96720963639.0,92855015488.0,9237232252.0,7920789302.0,4.16,16.62
000225,유유제약1우,KOSPI,0,0,0,0.0,80,2266,12.0,,,,,,,,
000227,유유제약2우B,KOSPI,0,0,0,0.0,26,322,12.0,,,,,,,,
000230,일동홀딩스,KOSPI,1489,89,65,10.97,685,11540,12.0,00146083,CFS,18813154156.0,17560185216.0,1589009060.0,1971329454.0,7.14,-19.39
000240,한국앤컴퍼니,KOSPI,3784,1217,1376,7.54,23876,94935,12.0,00160047,CFS,1100783620887.0,998718006829.0,201515027248.0,141038105619.0,10.22,42.88
000270,기아,KOSPI,295019,22051,26352,11.9,564537,390412,12.0,00106641,CFS,65148676000000.0,63256745000000.0,5954083000000.0,8499530000000.0,2.99,-29.95
000300,DH오토넥스,KOSPI,144,3,2,10.95,1740,41437,12.0,00126089,CFS,,,220482931.0,-4952660612.0,,104.45
000320,노루홀딩스,KOSPI,2988,162,210,6.76,2111,13291,12.0,00113508,CFS,25053077881.0,22215240435.0,7780709408.0,4150800762.0,12.77,87.45
000325,노루홀딩스우,KOSPI,0,0,0,0.0,58,243,12.0,,,,,,,,
000370,한화손해보험,KOSPI,20907,1359,1359,0.0,6479,116738,12.0,00135917,,,,,,,
000390,SP삼화,KOSPI,1443,18,40,3.64,1599,27203,12.0,00129387,CFS,520834500803.0,555601008443.0,1618692546.0,18007369701.0,-6.26,-91.01
000400,롯데손해보험,KOSPI,0,0,0,0.0,6765,310336,12.0,00113562,,,,,,,
000430,대원강업,KOSPI,4328,233,263,9.68,2176,62000,12.0,00111847,CFS,781507649000.0,759508640000.0,18438756000.0,-10362550000.0,2.9,277.94
000480,CR홀딩스,KOSPI,2057,102,104,-3.32,2168,46890,12.0,00148984,CFS,18718900000.0,14236538000.0,6234409000.0,1264490000.0,31.48,393.04
000490,대동,KOSPI,3777,60,-53,-6.74,1859,28826,12.0,00109286,CFS,863154294296.0,838966031369.0,14886916018.0,18806903764.0,2.88,-20.84
000500,가온전선,KOSPI,7636,278,223,11.96,29959,16543,12.0,00104768,CFS,1411696404000.0,1405185748000.0,35879194000.0,36003459000.0,0.46,-0.35
000520,삼일제약,KOSPI,525,-84,-106,-24.71,1351,21691,12.0,00128032,CFS,210253472993.0,219699586442.0,20866711.0,11213845239.0,-4.3,-99.81
000540,흥국화재,KOSPI,33740,1488,1437,9.97,2001,64242,12.0,00103176,,,,,,,
000545,흥국화재우,KOSPI,0,0,0,0.0,41,768,12.0,,,,,,,,
000590,CS홀딩스,KOSPI,317,46,110,5.59,780,1154,12.0,00149026,CFS,134870815287.0,141950747269.0,-730278222.0,676190784.0,-4.99,-208.0
000640,동아쏘시오홀딩스,KOSPI,3510,191,195,8.41,5311,6732,12.0,00116824,CFS,88615113984.0,68862371474.0,52415157574.0,36854260786.0,28.68,42.22
000650,천일고속,KOSPI,447,-53,-42,-25.32,2202,1429,12.0,00151395,CFS,45550266479.0,44716883420.0,-5940519077.0,-5269198646.0,1.86,-12.74
000660,SK하이닉스,KOSPI,525763,376103,516169,61.16,13085215,712702,12.0,00164779,CFS,86852117000000.0,55736287000000.0,44007409000000.0,21331452000000.0,55.83,106.3
000670,영풍,KOSPI,8511,433,25,-7.82,6195,18410,12.0,00141307,CFS,1192666327316.0,1053314451951.0,-277694016036.0,-88395799459.0,13.23,-214.15
000680,LS네트웍스,KOSPI,17048,433,359,-1.81,2198,78803,12.0,00104698,CFS,175854690682.0,204594843291.0,861479471.0,9196877453.0,-14.05,-90.63
000700,유수홀딩스,KOSPI,1063,100,173,3.05,1531,26041,12.0,00163691,CFS,12837651188.0,10374610976.0,4439674584.0,1958958379.0,23.74,126.63
000720,현대건설,KOSPI,62813,1809,2735,4.95,104451,111355,12.0,00164478,CFS,16512462000000.0,16730103000000.0,251183000000.0,-215525000000.0,-1.3,216.54
000725,현대건설우,KOSPI,0,0,0,0.0,501,1054,12.0,,,,,,,,
000760,이화산업,KOSPI,111,8,8,-1.11,328,2800,12.0,00145686,CFS,34535440083.0,37395900823.0,-1105100498.0,-1354636564.0,-7.65,18.42
000810,삼성화재,KOSPI,66763,8611,8577,0.0,275921,44647,12.0,00139214,,,,,,,
000815,삼성화재우,KOSPI,0,0,0,0.0,11607,3007,12.0,,,,,,,,
000850,화천기공,KOSPI,552,19,61,4.29,716,2200,12.0,00166519,CFS,194713374468.0,185194019103.0,3347587286.0,-2611703943.0,5.14,228.18
000860,강남제비스코,KOSPI,1469,9,0,-0.65,1593,13000,12.0,00100939,CFS,272938057132.0,313072053266.0,-24169044079.0,-14848719027.0,-12.82,-62.77
000880,한화,KOSPI,214514,12667,9216,3.87,61130,70507,12.0,00160588,CFS,4315204000000.0,5882542000000.0,341497000000.0,308229000000.0,-26.64,10.79
00088K,한화3우B,KOSPI,0,0,0,0.0,5918,19404,12.0,,,,,,,,
000890,보해양조,KOSPI,432,25,21,8.75,404,27624,12.0,00123541,CFS,89878693356.0,87624248943.0,3812302057.0,2300656654.0,2.57,65.7
000910,유니온,KOSPI,452,-7,430,47.05,434,15611,12.0,00144252,CFS,100286221018.0,108495691681.0,3175730.0,3698213322.0,-7.57,-99.91
000950,전방,KOSPI,79,-9,8,-1.06,442,1680,12.0,00147222,CFS,40776455996.0,57235842614.0,-7301147654.0,-8469009865.0,-28.76,13.79
000970,한국주철관,KOSPI,921,25,35,4.49,1479,22800,12.0,00159573,CFS,119570203864.0,120927947827.0,9364481065.0,11767113295.0,-1.12,-20.42
000990,DB하이텍,KOSPI,3746,637,969,14.17,45549,43504,12.0,00160843,CFS,1213775673521.0,991586676882.0,301938727418.0,177700691734.0,22.41,69.91
001020,페이퍼코리아,KOSPI,672,12,-7,-6.65,662,35596,12.0,00134723,CFS,238650960108.0,259435421547.0,-2551926635.0,3129214989.0,-8.01,-181.55
001040,CJ,KOSPI,114512,4607,2822,2.81,37959,29176,12.0,00148540,CFS,262158191000.0,246090215000.0,146483268000.0,136262575000.0,6.53,7.5
001045,CJ우,KOSPI,0,0,0,0.0,1455,2260,12.0,,,,,,,,
00104K,CJ4우(전환),KOSPI,0,0,0,0.0,5443,4226,12.0,,,,,,,,
001060,JW중외제약,KOSPI,1999,336,352,20.07,5518,23285,12.0,00149947,CFS,767150151569.0,710598608151.0,96629807078.0,81787095620.0,7.96,18.15
001065,JW중외제약우,KOSPI,0,0,0,0.0,70,341,12.0,,,,,,,,
001067,JW중외제약2우B,KOSPI,0,0,0,0.0,87,209,12.0,,,,,,,,
001070,대한방직,KOSPI,349,4,-3,0.01,325,5300,12.0,00112970,CFS,152834773503.0,121143990267.0,563067802.0,1221832955.0,26.16,-53.92
001080,만호제강,KOSPI,0,0,0,0.0,1676,41500,12.0,00120872,CFS,152953052398.0,179904428905.0,-11976544318.0,-30795040915.0,-14.98,61.11
001120,LX인터내셔널,KOSPI,42113,1089,1225,3.76,14535,38760,12.0,00120076,CFS,3510584973316.0,3649841578121.0,-30138053827.0,-17989343549.0,-3.82,-67.53
001130,대한제분,KOSPI,3343,70,101,-2.85,1875,16900,12.0,00113243,CFS,456569839266.0,467835944747.0,37315526490.0,47472799975.0,-2.41,-21.4
001200,유진투자증권,KOSPI,10657,666,686,0.0,4000,96866,12.0,00131054,CFS,1419851860959.0,1343275053857.0,,,5.7,
001210,금호전기,KOSPI,108,0,28,-1.49,553,61880,12.0,00106395,CFS,42206515083.0,44282617145.0,918473091.0,-2487722769.0,-4.69,136.92
001230,동국홀딩스,KOSPI,5653,62,78,1.18,2522,155507,12.0,00114792,CFS,37624796430.0,40265149610.0,12145737949.0,14087775693.0,-6.56,-13.79
001250,GS글로벌,KOSPI,10991,129,73,3.2,2075,82533,12.0,00138190,CFS,3318122513000.0,3503820259000.0,43314345000.0,43389327000.0,-5.3,-0.17
001260,남광토건,KOSPI,821,22,36,5.49,730,9832,12.0,00107066,CFS,357445671000.0,504249000000.0,11440484000.0,7304141000.0,-29.11,56.63
001270,부국증권,KOSPI,4796,156,189,0.0,5516,10369,12.0,00123772,CFS,913253396563.0,745201776492.0,,,22.55,
001275,부국증권우,KOSPI,0,0,0,0.0,906,3000,12.0,,,,,,,,
001290,상상인증권,KOSPI,581,63,64,0.0,758,108337,12.0,00112059,CFS,181665655104.0,322640599432.0,,,-43.69,
001340,PKC,KOSPI,702,50,-25,2.67,2233,45028,12.0,00122472,CFS,269125018001.0,239478065066.0,11239364034.0,7691118518.0,12.38,46.13
001360,삼성제약,KOSPI,443,-148,-141,-15.36,1224,94162,12.0,00126414,CFS,46074379551.0,44294231025.0,-18068418610.0,-14828940152.0,4.02,-21.85
001380,SG글로벌,KOSPI,278,27,28,2.36,309,22482,12.0,00152039,CFS,89230740819.0,95575635239.0,6262992815.0,7856793009.0,-6.64,-20.29
001390,KG케미칼,KOSPI,23934,646,1135,7.45,2699,67233,12.0,00101220,CFS,216526425736.0,207533880932.0,16420260013.0,18924840045.0,4.33,-13.23
001420,태원물산,KOSPI,116,-9,12,47.06,215,7600,12.0,00154055,CFS,14864855000.0,11570639556.0,-978465756.0,-894285012.0,28.47,-9.41
001430,세아베스틸지주,KOSPI,9676,311,308,3.75,11099,35862,12.0,00106669,CFS,88378083190.0,160825197208.0,70203093849.0,143098099378.0,-45.05,-50.94
001440,대한전선,KOSPI,10834,604,-16,3.16,52036,195992,12.0,00113207,CFS,3118222633643.0,3023291998803.0,106942780756.0,87131171514.0,3.14,22.74
001450,현대해상,KOSPI,47161,3245,3173,21.87,31669,85248,12.0,00164973,,,,,,,
001460,BYC,KOSPI,363,56,56,3.72,1980,6246,12.0,00122579,CFS,163146935599.0,164282375953.0,24724698646.0,22917224512.0,-0.69,7.89
001465,BYC우,KOSPI,0,0,0,0.0,494,2153,12.0,,,,,,,,
001470,삼부토건,KOSPI,157,-11,-20,-36100000.0,796,229681,12.0,00125974,CFS,78144766847.0,437618687558.0,-29852997117.0,-134745705406.0,-82.14,77.84
001500,현대차증권,KOSPI,8430,323,336,4.48,4822,61833,12.0,00137997,,,,,,,
001510,SK증권,KOSPI,7206,287,262,0.0,4938,231295,12.0,00131850,,,,,,,
001515,SK증권우,KOSPI,0,0,0,0.0,76,1956,12.0,,,,,,,,
001520,동양,KOSPI,1254,-87,122,5.19,1049,107122,12.0,00117337,CFS,534843438038.0,640957770291.0,-599784988.0,7280211359.0,-16.56,-108.24
001525,동양우,KOSPI,0,0,0,0.0,20,262,12.0,,,,,,,,
001527,동양2우B,KOSPI,0,0,0,0.0,16,205,12.0,,,,,,,,
001530,DI동일,KOSPI,1698,7,35,-1.06,4671,20715,12.0,00118345,CFS,346361420029.0,295545497403.0,-2344939562.0,1214409579.0,17.19,-293.09
001550,조비,KOSPI,1024,48,4,1.22,538,5192,12.0,00148948,CFS,99737235320.0,102447803292.0,3820305556.0,4826994972.0,-2.65,-20.86
001560,제일연마,KOSPI,195,15,24,14.36,632,7600,12.0,00148461,CFS,68573237569.0,71005496687.0,2051323921.0,2816880275.0,-3.43,-27.18
001570,금양,KOSPI,174,-79,-189,-13.29,6332,63967,12.0,00106119,CFS,62919191736.0,134508157155.0,-41836188565.0,-42945673366.0,-53.22,2.58
001620,케이비아이동국실업,KOSPI,2047,-12,76,16.62,469,22258,12.0,00114765,CFS,506660512077.0,422061774520.0,18190553917.0,4610125448.0,20.04,294.58
001630,종근당홀딩스,KOSPI,2403,193,206,7.68,1913,5009,12.0,00149354,CFS,25650845910.0,28311320144.0,14752027118.0,16583752861.0,-9.4,-11.05
001680,대상,KOSPI,11099,570,486,-24.02,5935,34648,12.0,00121941,CFS,3528856015820.0,3485020086683.0,150518812609.0,149506338714.0,1.26,0.68
001685,대상우,KOSPI,0,0,0,0.0,191,1370,12.0,,,,,,,,
001720,신영증권,KOSPI,31714,1958,2028,8.04,23459,16440,3.0,00136721,CFS,2405751506764.0,2651241178040.0,,,-9.26,
001740,SK네트웍스,KOSPI,17434,334,598,4.76,15164,200593,12.0,00131780,CFS,4343362000000.0,5900595000000.0,13437000000.0,27396000000.0,-26.39,-50.95
001750,한양증권,KOSPI,2003,294,287,0.0,2470,12728,12.0,00162416,CFS,909022352850.0,833308862395.0,,,9.09,
001755,한양증권우,KOSPI,0,0,0,0.0,92,472,12.0,,,,,,,,
001770,SHD,KOSPI,1066,-40,12,5.58,72,1214,12.0,00137809,CFS,100397778375.0,106604794578.0,2737690568.0,-4025616576.0,-5.82,168.01
001780,알루코,KOSPI,1421,97,145,5.18,1495,96830,12.0,00117027,CFS,251313183648.0,297354761357.0,2620880844.0,2348046514.0,-15.48,11.62
001790,대한제당,KOSPI,3151,55,118,-16.84,2276,86241,12.0,00113234,CFS,1040646851000.0,1048886169000.0,47771225000.0,22270435000.0,-0.79,114.51
001795,대한제당우,KOSPI,0,0,0,0.0,136,6482,12.0,,,,,,,,
001800,오리온홀딩스,KOSPI,10086,1729,1798,5.53,15129,60156,12.0,00117577,CFS,76032806829.0,39483672792.0,62774555751.0,26388153421.0,92.57,137.89
001820,삼화콘덴서,KOSPI,729,47,79,5.01,8877,10395,12.0,00129350,CFS,248224655342.0,237608273203.0,6904050675.0,10158795924.0,4.47,-32.04
001940,KISCO홀딩스,KOSPI,2030,-173,-188,-2.09,3565,14176,12.0,00159740,CFS,42347467614.0,24829738000.0,35358333043.0,19237257467.0,70.55,83.8
002020,코오롱,KOSPI,15188,988,-137,-7.05,3046,12907,12.0,00152862,CFS,96150166711.0,94216679088.0,52159411925.0,53803679619.0,2.05,-3.06
002025,코오롱우,KOSPI,0,0,0,0.0,142,1160,12.0,,,,,,,,
002030,아세아,KOSPI,4594,237,189,2.67,3633,2058,12.0,00138701,CFS,30775993000.0,31968090000.0,18327700000.0,18524195000.0,-3.73,-1.06
002070,비비안,KOSPI,496,-21,-45,-22.23,178,2404,12.0,00107677,CFS,203916256147.0,202545075137.0,-4642621443.0,614397401.0,0.68,-855.64
002100,경농,KOSPI,1535,323,315,5.77,1762,19522,12.0,00101433,CFS,232337217913.0,214094542319.0,24376675519.0,20393195961.0,8.52,19.53
002140,고려산업,KOSPI,752,33,11,6.79,496,24939,12.0,00102751,CFS,277268739506.0,290929906902.0,12750124762.0,11776148095.0,-4.7,8.27
002150,도화엔지니어링,KOSPI,1555,-24,-13,0.45,1635,33720,12.0,00114552,CFS,678365209784.0,574505206428.0,30538215382.0,-12234975024.0,18.08,349.6
002170,SYTS,KOSPI,413,21,42,5.41,1683,3000,12.0,00127042,CFS,172604744075.0,190855348172.0,16814335653.0,18773253610.0,-9.56,-10.43
002200,한국수출포장,KOSPI,691,-72,-68,-3.24,750,33499,12.0,00158112,CFS,285483163835.0,297918622504.0,-6690851572.0,-765871789.0,-4.17,-773.63
002210,동성제약,KOSPI,884,-66,-77,-15.27,940,96619,12.0,00116268,CFS,87168895112.0,88448234133.0,-10118316902.0,-5731935846.0,-1.45,-76.53
002220,한일철강,KOSPI,619,5,-16,-1.13,1062,26697,12.0,00163196,CFS,176296077921.0,182966261623.0,2316632831.0,-914068615.0,-3.65,353.44
002240,고려제강,KOSPI,4327,70,269,1.36,4438,27000,12.0,00103006,CFS,562153886362.0,540278817185.0,55030757279.0,42190993433.0,4.05,30.43
002310,아세아제지,KOSPI,2171,100,126,3.06,2895,39449,12.0,00138729,CFS,485295773072.0,525917216623.0,30443501281.0,33987472434.0,-7.72,-10.43
002320,한진,KOSPI,7790,198,-48,-0.25,2265,15518,12.0,00163512,CFS,2389581460829.0,2437470221431.0,28829654691.0,12111982434.0,-1.96,138.03
002350,넥센타이어,KOSPI,8383,542,797,8.56,6680,97667,12.0,00173874,CFS,2129969990147.0,2132624859171.0,52060355607.0,108962966785.0,-0.12,-52.22
002355,넥센타이어1우B,KOSPI,0,0,0,0.0,254,6500,12.0,,,,,,,,
002360,SH에너지화학,KOSPI,308,-12,-8,-12.01,210,11113,12.0,00136457,CFS,93784820540.0,123220442748.0,-11829877977.0,-9220737702.0,-23.89,-28.3
002380,KCC,KOSPI,16264,881,3125,23.84,35101,8592,12.0,00105271,CFS,2935723859992.0,3126930489610.0,282834491668.0,337012602544.0,-6.11,-16.08
002390,한독,KOSPI,1354,8,-98,-1.11,1132,13763,12.0,00161046,CFS,520261293469.0,501266329159.0,2297763381.0,2021531201.0,3.79,13.66
002410,범양건영,KOSPI,77,5,-7,-36100000.0,531,27479,12.0,00122694,CFS,67530914476.0,91295793636.0,-49974445368.0,-37790278837.0,-26.03,-32.24
002420,세기상사,KOSPI,320,-20,-27,-10.99,313,5969,12.0,00133618,CFS,29245475900.0,32031845759.0,-569830419.0,-1975504652.0,-8.7,71.16
002450,삼익악기,KOSPI,704,87,127,8.93,1016,90530,12.0,00127857,CFS,72776200741.0,77789730868.0,6372030767.0,5461502953.0,-6.44,16.67
002460,HS화성,KOSPI,690,2,48,6.75,1085,10150,12.0,00174527,CFS,438857202301.0,595447600756.0,13782515373.0,4025131856.0,-26.3,242.41
002600,조흥,KOSPI,1225,38,-27,4.49,831,600,12.0,00149345,CFS,481716330314.0,411544850602.0,17518033052.0,20062540095.0,17.05,-12.68
002620,제일파마홀딩스,KOSPI,1504,36,47,4.28,1046,15973,12.0,00148443,CFS,14842995176.0,14651471539.0,5849766830.0,6238549608.0,1.31,-6.23
002630,오리엔트바이오,KOSPI,0,0,0,0.0,628,59291,3.0,00141626,CFS,29397883042.0,28005127326.0,-3076404782.0,-645945767.0,4.97,-376.26
002690,동일제강,KOSPI,1511,-58,-7,-0.32,312,20300,12.0,00118451,CFS,147345604058.0,151116114567.0,-3510789127.0,-5798526499.0,-2.5,39.45
002700,신일전자,KOSPI,0,0,0,0.0,714,68547,12.0,00173698,CFS,193989833588.0,178314873865.0,5237045994.0,4032944384.0,8.79,29.86
002710,TCC스틸,KOSPI,1747,-40,-27,-3.6,2246,26213,12.0,00117300,CFS,415351075885.0,438928481110.0,-9136763896.0,11274561122.0,-5.37,-181.04
002720,국제약품,KOSPI,440,20,26,6.33,704,21159,12.0,00104722,CFS,170542403122.0,150184751185.0,6023368551.0,6629820081.0,13.56,-9.15
002760,보락,KOSPI,476,-18,-16,-3.16,597,59900,12.0,00123107,CFS,50115779158.0,47600285853.0,2230124830.0,-1791904067.0,5.28,224.46
002780,진흥기업,KOSPI,7262,-47,6,0.81,1093,145471,12.0,00150828,CFS,576381970077.0,726191073004.0,-23003569423.0,-4746640163.0,-20.63,-384.63
002785,진흥기업우B,KOSPI,0,0,0,0.0,11,857,12.0,,,,,,,,
002787,진흥기업2우B,KOSPI,0,0,0,0.0,7,294,12.0,,,,,,,,
002790,아모레퍼시픽홀딩스,KOSPI,12227,1378,1704,3.55,18426,76458,12.0,00154462,CFS,52355354571.0,48858637840.0,27112132352.0,25337661015.0,7.16,7.0
002795,아모레퍼시픽홀딩스우,KOSPI,0,0,0,0.0,673,6381,12.0,,,,,,,,
00279K,아모레퍼시픽홀딩스3우C,KOSPI,0,0,0,0.0,1443,7092,12.0,,,,,,,,
002810,삼영무역,KOSPI,1094,45,222,10.29,3933,18466,12.0,00127167,CFS,218975960143.0,228226432610.0,3033274342.0,5196965499.0,-4.05,-41.63
002820,SUN&L,KOSPI,506,-28,-64,-1.73,288,12607,12.0,00132211,CFS,108814425781.0,137419849929.0,-7349928212.0,-6683054748.0,-20.82,-9.98
002840,미원상사,KOSPI,1173,98,138,10.08,5719,4750,12.0,00121932,CFS,432317092092.0,426436150721.0,43603434819.0,59812330519.0,1.38,-27.1
002870,신풍,KOSPI,60,-6,8,2.92,374,34958,12.0,00137368,CFS,21569249415.0,17764831290.0,-1685685571.0,-3931843644.0,21.42,57.13
002880,디와이에이,KOSPI,1893,73,45,2.86,367,46773,12.0,00149804,CFS,633397807077.0,564915822828.0,30221191641.0,38575873028.0,12.12,-21.66
002900,TYM,KOSPI,2897,350,406,14.03,2575,41400,12.0,00117230,CFS,741394134704.0,644187539935.0,56129115230.0,15516248981.0,15.09,261.74
002920,유성기업,KOSPI,674,-34,25,-10.94,444,25947,12.0,00174004,CFS,303146324924.0,322931471519.0,-47310170573.0,-27152088196.0,-6.13,-74.24
002960,한국쉘석유,KOSPI,3272,460,508,28.93,6487,1300,12.0,00158149,CFS,344959163929.0,327169149754.0,52781327678.0,45955067339.0,5.44,14.85
002990,금호건설,KOSPI,4534,121,137,31.93,3834,37259,12.0,00106313,CFS,1963939278723.0,1875670923826.0,45138977071.0,-183577904617.0,4.71,124.59
002995,금호건설우,KOSPI,0,0,0,0.0,66,292,12.0,,,,,,,,
003000,부광약품,KOSPI,478,11,21,4.79,3704,98664,12.0,00123718,CFS,167276051115.0,157607296114.0,16091151517.0,17003886752.0,6.13,-5.37
003010,혜인,KOSPI,0,0,0,0.0,535,12712,12.0,00165343,CFS,241713123892.0,248825923748.0,17552440394.0,14157545456.0,-2.86,23.98
003030,세아제강지주,KOSPI,9919,267,229,0.62,4021,4141,12.0,00124197,CFS,21112281202.0,26369040143.0,6050659800.0,11374788049.0,-19.94,-46.81
003060,에이프로젠바이오로직스,KOSPI,216,-136,-46,-48.81,285,14412,12.0,00101044,CFS,48840894266.0,53011524412.0,-60570088590.0,-51550652779.0,-7.87,-17.5
003070,코오롱글로벌,KOSPI,6312,220,143,-22.64,2189,25423,12.0,00152880,CFS,2691174023186.0,2839989101702.0,12409984757.0,-52357077787.0,-5.24,123.7
003075,코오롱글로벌우,KOSPI,0,0,0,0.0,91,740,12.0,,,,,,,,
003080,SB성보,KOSPI,443,70,69,23.76,436,20020,12.0,00132725,CFS,63669588696.0,59735031856.0,-5355106740.0,-1247655237.0,6.59,-329.21
003090,대웅,KOSPI,4927,478,679,16.32,9401,58141,12.0,00111810,CFS,73982158122.0,97960706807.0,20512522465.0,48400993285.0,-24.48,-57.62
003120,일성아이에스,KOSPI,690,-95,112,3.41,2686,13300,12.0,00146214,CFS,64291702806.0,69018340865.0,-6160588840.0,-9518107492.0,-6.85,35.28
003160,디아이,KOSPI,1057,189,190,6.28,5572,28300,12.0,00118275,CFS,151179171448.0,100937732614.0,5606275560.0,843878905.0,49.77,564.35
003200,일신방직,KOSPI,1405,30,39,2.0,2220,22960,12.0,00146269,CFS,288639066004.0,321401331196.0,-1381608082.0,595719668.0,-10.19,-331.92
003220,대원제약,KOSPI,1581,44,39,-1.63,1731,22427,12.0,00111999,CFS,542981109597.0,536086070880.0,12312451413.0,40882964408.0,1.29,-69.88
003230,삼양식품,KOSPI,7144,1771,2012,37.96,84143,7533,12.0,00126955,CFS,1901833914086.0,1426227457534.0,471397373030.0,323764446988.0,33.35,45.6
003240,태광산업,KOSPI,5333,-114,357,0.86,9163,1113,12.0,00153393,CFS,1711255928719.0,1895202561226.0,-36999619428.0,-1920987880.0,-9.71,-1826.07
003280,흥아해운,KOSPI,400,11,6,11.19,4495,240424,12.0,00167208,CFS,155463946720.0,157734958433.0,10840075229.0,25906869243.0,-1.44,-58.16
003300,한일홀딩스,KOSPI,3956,124,120,2.11,5192,30831,12.0,00162993,CFS,62696918167.0,55296000715.0,46168767250.0,37885228889.0,13.38,21.86
003350,한국화장품제조,KOSPI,0,0,0,0.0,1706,22660,12.0,00160621,CFS,184628302893.0,167469221700.0,32883912931.0,26545200453.0,10.25,23.88
003460,유화증권,KOSPI,377,122,218,3.5,1729,56702,12.0,00145190,,,,,,,
003465,유화증권우,KOSPI,0,0,0,0.0,510,17476,12.0,,,,,,,,
003470,유안타증권,KOSPI,17234,728,879,0.0,8449,192680,12.0,00117601,CFS,3411973141000.0,2672076521000.0,,,27.69,
003475,유안타증권우,KOSPI,0,0,0,0.0,525,12811,12.0,,,,,,,,
003480,한진중공업홀딩스,KOSPI,4840,496,444,14.88,1364,29529,12.0,00163673,CFS,10226000000.0,10188000000.0,5376000000.0,5320000000.0,0.37,1.05
003490,대한항공,KOSPI,66581,5174,468,5.78,93343,368220,12.0,00113526,CFS,16501851540439.0,16116619627561.0,1539252001960.0,1903362012622.0,2.39,-19.13
003495,대한항공우,KOSPI,0,0,0,0.0,245,1110,12.0,,,,,,,,
003520,영진약품,KOSPI,2520,87,29,1.37,2161,182892,12.0,00141149,CFS,254255894053.0,252040228764.0,3415589622.0,8721997142.0,0.88,-60.84
003530,한화투자증권,KOSPI,16594,296,250,0.0,9161,214547,12.0,00148610,CFS,2985549000000.0,2387027000000.0,,,25.07,
003535,한화투자증권우,KOSPI,0,0,0,0.0,269,4800,12.0,,,,,,,,
003540,대신증권,KOSPI,24014,1025,1941,0.0,12131,47666,12.0,00110893,CFS,4460517372000.0,3408492432000.0,,,30.86,
003545,대신증권우,KOSPI,0,0,0,0.0,4764,24383,12.0,,,,,,,,
003547,대신증권2우B,KOSPI,0,0,0,0.0,1824,9606,12.0,,,,,,,,
003550,LG,KOSPI,18006,4138,4427,1.73,147109,151192,12.0,00120021,CFS,884989000000.0,931567000000.0,597132000000.0,654739000000.0,-5.0,-8.8
003555,LG우,KOSPI,0,0,0,0.0,1897,3011,12.0,,,,,,,,
003570,SNT다이내믹스,KOSPI,1799,213,239,7.65,10707,33252,12.0,00134477,CFS,605135967023.0,519822735845.0,83373890170.0,107980693567.0,16.41,-22.79
003580,HLB글로벌,KOSPI,267,-25,-29,-5.24,623,50663,12.0,00169048,CFS,60083737967.0,61675444629.0,-5209099778.0,2123937113.0,-2.58,-345.26
003610,방림,KOSPI,625,-7,65,3.76,1628,32110,9.0,00122348,CFS,78900679787.0,68778828693.0,725544934.0,-2106295139.0,14.72,134.45
003620,KG모빌리티,KOSPI,11414,96,249,4.83,5494,202374,12.0,00138242,CFS,4243263756974.0,3782501839723.0,53553898251.0,12317689437.0,12.18,334.77
003650,미창석유,KOSPI,4319,456,675,13.54,2485,1739,12.0,00122056,CFS,405486654859.0,431941622345.0,34552364423.0,45639201298.0,-6.12,-24.29
003670,포스코퓨처엠,KOSPI,7575,177,100,-0.4,123279,88946,12.0,00155276,CFS,2676968855833.0,3608988009617.0,23585223953.0,28918049735.0,-25.82,-18.44
003680,한성기업,KOSPI,3325,110,33,4.25,534,6209,12.0,00161860,CFS,318445028569.0,332486628912.0,5831182465.0,11004187308.0,-4.22,-47.01
003690,코리안리,KOSPI,17737,2912,2905,0.0,23645,176721,12.0,00113191,,,,,,,
003720,삼영,KOSPI,484,60,67,19.68,1938,34000,12.0,00127255,CFS,96268883611.0,92773212579.0,8520342961.0,7186304600.0,3.77,18.56
003780,진양산업,KOSPI,222,17,17,10.63,609,13000,12.0,00150439,CFS,61645775585.0,62218582914.0,5459569976.0,5711232950.0,-0.92,-4.41
003830,대한화섬,KOSPI,1238,-15,-64,-0.35,1450,1328,12.0,00113544,CFS,108225676813.0,123785673930.0,-7255414926.0,-1542476290.0,-12.57,-370.37
003850,보령,KOSPI,2554,202,539,12.78,6974,85787,12.0,00123143,CFS,967810858971.0,966462334729.0,67340425371.0,69682971035.0,0.14,-3.36
003920,남양유업,KOSPI,2252,5,82,1.57,2451,6000,12.0,00107598,CFS,879032515798.0,937276555258.0,8758838242.0,-3021880235.0,-6.21,389.85
003925,남양유업우,KOSPI,0,0,0,0.0,628,2000,12.0,,,,,,,,
003960,사조대림,KOSPI,8863,238,199,-10.59,2708,9164,12.0,00109718,CFS,1445409405612.0,1406688790061.0,37300155280.0,65056004568.0,2.75,-42.66
004000,롯데정밀화학,KOSPI,5107,327,554,5.1,11726,25800,12.0,00157681,CFS,1750345284209.0,1671976516452.0,74511934132.0,50402756892.0,4.69,47.83
004020,현대제철,KOSPI,57397,157,-321,0.04,33761,133445,12.0,00145880,CFS,17800125991157.0,18617621568224.0,89234860830.0,14969491017.0,-4.39,496.11
004060,SG세계물산,KOSPI,277,-19,41,1.4,481,20242,12.0,00133511,CFS,117527448375.0,122108843657.0,1106949991.0,-386936460.0,-3.75,386.08
004080,신흥,KOSPI,252,8,11,2.91,1304,9300,12.0,00173795,CFS,104202773679.0,101590801838.0,8232578868.0,6784955897.0,2.57,21.34
004090,한국석유,KOSPI,1712,41,25,3.67,1424,12694,12.0,00157991,CFS,369560363319.0,389904791761.0,6870198187.0,9996519439.0,-5.22,-31.27
004100,태양금속,KOSPI,1511,61,47,2.76,932,36700,12.0,00153755,CFS,349105580671.0,372822821118.0,14274544167.0,11180375509.0,-6.36,27.67
004105,태양금속우,KOSPI,0,0,0,0.0,98,3300,12.0,,,,,,,,
004140,동방,KOSPI,2415,65,20,7.94,869,47971,12.0,00115287,CFS,857269141397.0,811674049459.0,30035056931.0,32004460092.0,5.62,-6.15
004150,한솔홀딩스,KOSPI,2696,79,128,0.88,1228,41026,12.0,00171636,CFS,32261616810.0,29888307703.0,14843647345.0,12908140239.0,7.94,14.99
004170,신세계,KOSPI,18471,1978,1849,1.71,53081,9445,12.0,00136378,CFS,2002552906597.0,1989928240821.0,238759752821.0,243370705616.0,0.63,-1.89
004250,NPC,KOSPI,1100,62,54,3.48,1066,36720,12.0,00108038,CFS,294584665574.0,318831733896.0,18029676201.0,8755249429.0,-7.6,105.93
004255,NPC우,KOSPI,0,0,0,0.0,102,5280,12.0,,,,,,,,
004270,남성,KOSPI,185,11,58,0.57,225,3621,12.0,00172185,CFS,53069461458.0,52264374430.0,1930702874.0,2431166560.0,1.54,-20.59
004310,현대약품,KOSPI,0,0,0,0.0,2185,32000,11.0,00164706,CFS,191790079025.0,175735499255.0,4160910933.0,180885917.0,9.14,2200.3
004360,세방,KOSPI,2998,69,222,4.79,2377,19115,12.0,00133812,CFS,755455416761.0,775953629059.0,21476867247.0,18396353724.0,-2.64,16.75
004365,세방우,KOSPI,0,0,0,0.0,328,3689,12.0,,,,,,,,
004370,농심,KOSPI,9340,674,809,6.36,21198,6082,12.0,00108241,CFS,2734714249425.0,2701618803858.0,133821590803.0,83730653345.0,1.23,59.82
004380,삼익THK,KOSPI,654,-38,-53,-24.75,1666,20700,12.0,00127802,CFS,218571446719.0,303560679692.0,-35642898464.0,2895544458.0,-28.0,-1330.96
004410,서울식품,KOSPI,586,-22,-30,-12.02,389,39455,12.0,00130879,CFS,68603497542.0,58588657427.0,-459735590.0,-2232262628.0,17.09,79.4
004415,서울식품우,KOSPI,0,0,0,0.0,9,222,12.0,,,,,,,,
004430,송원산업,KOSPI,2692,266,285,2.03,2899,24000,12.0,00134963,CFS,842453000000.0,898264000000.0,-8278000000.0,42759000000.0,-6.21,-119.36
004440,삼일씨엔에스,KOSPI,2213,-17,-26,-0.75,622,12731,12.0,00109806,CFS,223128675519.0,221295516428.0,4995949054.0,-1674561213.0,0.83,398.34
004450,삼화왕관,KOSPI,393,18,35,4.37,536,2154,12.0,00129235,CFS,126200827090.0,132540101811.0,5523116570.0,10110942776.0,-4.78,-45.37
004490,세방전지,KOSPI,5254,333,483,8.3,7290,13860,12.0,00133858,CFS,1636524743951.0,1582033347837.0,144733712100.0,142496798863.0,3.44,1.57
004540,깨끗한나라,KOSPI,1251,-40,-69,-26.93,480,37240,12.0,00113492,CFS,507509280820.0,536189600008.0,-25059429584.0,-2855370689.0,-5.35,-777.62
004545,깨끗한나라우,KOSPI,0,0,0,0.0,15,366,12.0,,,,,,,,
004560,현대비앤지스틸,KOSPI,1997,84,65,3.21,1614,15078,12.0,00125743,CFS,739197686220.0,793495304287.0,25065588052.0,30290406733.0,-6.84,-17.25
004690,삼천리,KOSPI,18095,1102,1249,7.27,4058,3626,12.0,00128555,CFS,3620742731785.0,3572408230598.0,60589584160.0,26833576336.0,1.35,125.8
004700,조광피혁,KOSPI,902,72,155,2.58,4248,6649,12.0,00148939,CFS,97880064978.0,90248381146.0,8789865516.0,7225967465.0,8.46,21.64
004710,한솔테크닉스,KOSPI,3160,141,146,-4.67,3733,40629,12.0,00157399,CFS,549743934298.0,572709039239.0,-28718812547.0,-5398628676.0,-4.01,-431.96
004720,팜젠사이언스,KOSPI,429,20,-7,0.05,788,22654,12.0,00135050,CFS,173072508298.0,171286609685.0,5986652772.0,10643268036.0,1.04,-43.75
004770,써니전자,KOSPI,128,26,55,5.36,578,35507,12.0,00138057,CFS,12360625475.0,12809512519.0,2200952273.0,2576381536.0,-3.5,-14.57
004800,효성,KOSPI,5302,946,995,14.53,24424,16740,12.0,00117188,CFS,552307945185.0,418129220101.0,270362844449.0,127463643105.0,32.09,112.11
004830,덕성,KOSPI,343,9,7,3.84,511,15680,12.0,00114093,CFS,133505197477.0,116696259617.0,4249005201.0,5529570931.0,14.4,-23.16
004835,덕성우,KOSPI,0,0,0,0.0,55,1392,12.0,,,,,,,,
004840,DRB동일,KOSPI,2000,59,105,0.9,813,19272,12.0,00118266,CFS,20788506024.0,16112360557.0,2341156744.0,2050725334.0,29.02,14.16
004870,티웨이홀딩스,KOSPI,52,-52,-250,-13.15,279,113163,12.0,00109514,CFS,5034977500.0,5242842500.0,-3606002497.0,-5220000555.0,-3.96,30.92
004890,동일산업,KOSPI,829,29,104,-1.19,839,2425,12.0,00172936,CFS,295026261958.0,364079439303.0,-8261954986.0,-7286441098.0,-18.97,-13.39
004910,조광페인트,KOSPI,464,-62,-43,-8.13,437,12800,12.0,00148920,CFS,194434537455.0,240491381924.0,-12650760160.0,7119799344.0,-19.15,-277.68
004920,씨아이테크,KOSPI,66,-15,105,31.75,489,52179,12.0,00127158,CFS,24824992915.0,18135114302.0,2003063959.0,-917574063.0,36.89,318.3
004960,한신공영,KOSPI,2524,193,183,8.44,1137,11570,12.0,00162063,CFS,1113569694701.0,1476240860921.0,65935041191.0,50381836791.0,-24.57,30.87
004970,신라교역,KOSPI,859,45,162,2.52,1457,16000,12.0,00135962,CFS,342791925493.0,377607825751.0,1336814169.0,19226253908.0,-9.22,-93.05
004980,성신양회,KOSPI,2850,8,-48,5.2,1924,24516,12.0,00132804,CFS,623526620586.0,715600009419.0,19728408821.0,28008948938.0,-12.87,-29.56
004985,성신양회우,KOSPI,0,0,0,0.0,60,735,12.0,,,,,,,,
004990,롯데지주,KOSPI,36222,461,422,-8.64,22125,99663,12.0,00120562,CFS,339117881363.0,360778437280.0,134187663979.0,164289556620.0,-6.0,-18.32
00499K,롯데지주우,KOSPI,0,0,0,0.0,178,805,12.0,,,,,,,,
005010,휴스틸,KOSPI,1479,-53,-14,-1.55,2005,56188,12.0,00156488,CFS,461857122739.0,535716704893.0,-15840338828.0,9231438137.0,-13.79,-271.59
005030,부산주공,KOSPI,0,0,0,0.0,450,92782,12.0,00124151,CFS,195406166736.0,213030180079.0,578079523.0,7334415211.0,-8.27,-92.12
005070,코스모신소재,KOSPI,5697,250,200,3.62,11658,33214,12.0,00129989,CFS,456295847107.0,569728589077.0,2378317974.0,25002358115.0,-19.91,-90.49
005090,SGC에너지,KOSPI,6115,357,123,-7.83,5439,14409,12.0,00125150,CFS,667647244410.0,729071914348.0,22329074399.0,111762029221.0,-8.43,-80.02
005110,한창,KOSPI,8,-19,-71,2845.77,264,21106,12.0,00163716,CFS,,199071939.0,-7410711520.0,-6428959021.0,,-15.27
005180,빙그레,KOSPI,3124,138,140,7.68,5932,9269,12.0,00124726,CFS,1312434176823.0,1258734635244.0,73079420526.0,122155137781.0,4.27,-40.17
005250,녹십자홀딩스,KOSPI,5348,31,-173,-9.81,4336,47028,12.0,00108135,CFS,64141426687.0,61816894089.0,23142385334.0,17056330659.0,3.76,35.68
005257,녹십자홀딩스2우,KOSPI,0,0,0,0.0,132,845,12.0,,,,,,,,
005300,롯데칠성,KOSPI,9525,478,342,4.31,8981,9278,12.0,00120571,CFS,2566969761664.0,2723023738767.0,102095368645.0,138839711103.0,-5.73,-26.47
005305,롯데칠성우,KOSPI,0,0,0,0.0,514,775,12.0,,,,,,,,
005320,온타이드,KOSPI,567,-55,-52,-14.84,283,34187,12.0,00168331,CFS,138298375640.0,163748117392.0,5776851855.0,5383879283.0,-15.54,7.3
005360,모나미,KOSPI,328,-27,-31,-13.12,494,18897,12.0,00121288,CFS,97738181646.0,94707800155.0,3067521502.0,934494091.0,3.2,228.25
005380,현대차,KOSPI,459389,25147,35215,7.5,816983,204757,12.0,00164742,CFS,78766791000000.0,79060777000000.0,3515052000000.0,6599372000000.0,-0.37,-46.74
005385,현대차우,KOSPI,0,0,0,0.0,44301,23340,12.0,,,,,,,,
005387,현대차2우B,KOSPI,0,0,0,0.0,66326,34963,12.0,,,,,,,,
005389,현대차3우B,KOSPI,0,0,0,0.0,4324,2327,12.0,,,,,,,,
005420,코스모화학,KOSPI,1835,60,-12,-11.24,3368,38408,12.0,00160302,CFS,200539350166.0,172455322716.0,-18067216197.0,-25825038637.0,16.28,30.04
005430,한국공항,KOSPI,1780,197,192,11.29,2510,3166,12.0,00156691,CFS,586546520353.0,562590060413.0,41811130774.0,40938027998.0,4.26,2.13
005440,현대지에프홀딩스,KOSPI,20837,1176,1862,8.69,23456,183397,12.0,00105280,CFS,78906568000.0,54969029000.0,44933012000.0,22901943000.0,43.55,96.2
005490,POSCO홀딩스,KOSPI,178761,7068,7566,1.46,240101,79241,12.0,00155319,CFS,1403309682120.0,1997127595121.0,976824887814.0,1596420465635.0,-29.73,-38.81
005500,삼진제약,KOSPI,0,0,0,0.0,2364,13320,12.0,00128412,CFS,309133530719.0,308349934442.0,26784499637.0,31637502800.0,0.25,-15.34
005610,삼립,KOSPI,8123,-43,-82,-0.53,3171,8629,12.0,00125530,CFS,1606120134768.0,1647064038078.0,30066685450.0,80100977643.0,-2.49,-62.46
005680,삼영전자,KOSPI,392,21,43,0.75,2598,20000,12.0,00127200,CFS,134344765096.0,147522375145.0,2921146766.0,3573621802.0,-8.93,-18.26
005690,파미셀,KOSPI,649,47,63,7.59,6426,60004,12.0,00145163,CFS,114061538479.0,64851303832.0,34304034471.0,4655636703.0,75.88,636.83
005720,넥센,KOSPI,9375,676,941,7.79,3100,52543,12.0,00167192,CFS,580785146202.0,509052926201.0,41947317811.0,33811764564.0,14.09,24.06
005725,넥센우,KOSPI,0,0,0,0.0,153,3600,12.0,,,,,,,,
005740,크라운해태홀딩스,KOSPI,2616,149,128,4.9,821,14847,12.0,00153126,CFS,21855993190.0,18213173542.0,6086681191.0,4183397776.0,20.0,45.5
005745,크라운해태홀딩스우,KOSPI,0,0,0,0.0,30,600,12.0,,,,,,,,
005750,대림바스,KOSPI,758,56,53,9.12,679,16592,12.0,00109754,CFS,264508197277.0,251604705114.0,18957514571.0,10467399881.0,5.13,81.11
005800,신영와코루,KOSPI,442,2,5,1.18,1192,9000,12.0,00136624,CFS,185139657615.0,196678118757.0,1926682975.0,3855839236.0,-5.87,-50.03
005810,풍산홀딩스,KOSPI,1210,353,355,8.01,4786,14417,12.0,00155531,CFS,201347372313.0,155950178997.0,43286085906.0,23873782902.0,29.11,81.31
005820,원림,KOSPI,207,12,17,2.86,301,2297,12.0,00143794,CFS,44941924865.0,48450629760.0,161287208.0,840757978.0,-7.24,-80.82
005830,DB손해보험,KOSPI,71054,4130,4132,0.0,105914,65500,12.0,00159102,,,,,,,
005850,에스엘,KOSPI,13880,1438,1813,13.92,24478,46448,12.0,00125521,CFS,2969029410392.0,2682077165889.0,207331912798.0,180040249885.0,10.7,15.16
005870,휴니드,KOSPI,2308,91,137,6.45,609,14116,12.0,00111421,CFS,137185901827.0,230800588043.0,-12032815348.0,9134041295.0,-40.56,-231.74
005880,대한해운,KOSPI,2778,744,622,7.89,5761,322747,12.0,00113535,CFS,614222616594.0,856624673104.0,134400689120.0,181409744249.0,-28.3,-25.91
005930,삼성전자,KOSPI,1338734,572328,588284,19.16,15141861,5846278,12.0,00126380,CFS,238043009000000.0,209052241000000.0,23603619000000.0,12361034000000.0,13.87,90.95
005935,삼성전자우,KOSPI,0,0,0,0.0,1452291,802371,12.0,,,,,,,,
005940,NH투자증권,KOSPI,81720,6367,6501,0.0,109838,369206,12.0,00120182,,,,,,,
005945,NH투자증권우,KOSPI,0,0,0,0.0,4566,18870,12.0,,,,,,,,
005950,이수화학,KOSPI,6359,254,259,-2.28,3313,26294,12.0,00145552,CFS,1377711851000.0,1475020061000.0,29748060000.0,2874742000.0,-6.6,934.81
005960,동부건설,KOSPI,4346,101,180,9.84,1438,22946,12.0,00115612,CFS,1631531752140.0,1563158161741.0,60487014068.0,-99568747573.0,4.37,160.75
005965,동부건설우,KOSPI,0,0,0,0.0,36,225,12.0,,,,,,,,
006040,동원산업,KOSPI,25300,1462,1476,12.7,14654,44140,12.0,00118026,CFS,1106249757991.0,1079414632084.0,155655871306.0,128551207087.0,2.49,21.08
006060,화승인더,KOSPI,4082,85,55,4.8,1327,55320,12.0,00166227,CFS,1231924823852.0,1235369770623.0,28311755119.0,28136876777.0,-0.28,0.62
006090,사조오양,KOSPI,4007,209,164,5.61,778,9422,12.0,00141875,CFS,417363807366.0,400696837980.0,13516897643.0,20898559487.0,4.16,-35.32
006110,삼아알미늄,KOSPI,674,-44,-58,-11.5,4627,15123,12.0,00126779,CFS,213039221815.0,213244952708.0,-18312880538.0,-9471118696.0,-0.1,-93.35
006120,SK디스커버리,KOSPI,32892,1898,3015,8.56,8776,17413,12.0,00131832,CFS,64923692450.0,62092298150.0,47258810882.0,45057087448.0,4.56,4.89
006125,SK디스커버리우,KOSPI,0,0,0,0.0,453,1231,12.0,,,,,,,,
006200,한국전자홀딩스,KOSPI,777,-29,-29,-2.09,216,9360,12.0,00159254,CFS,12808880718.0,14825987964.0,-1491636250.0,5434734268.0,-13.61,-127.45
006220,제주은행,KOSPI,933,9,49,2.48,3469,37798,12.0,00148832,,,,,,,
006260,LS,KOSPI,95044,4756,3047,6.84,85800,31200,12.0,00105952,CFS,397862000000.0,340087000000.0,315008000000.0,276448000000.0,16.99,13.95
006280,녹십자,KOSPI,4355,117,286,-1.12,13860,11686,12.0,00129679,CFS,1460353744344.0,1275964709837.0,76524011557.0,60078949508.0,14.45,27.37
006340,대원전선,KOSPI,1892,147,141,9.86,9284,78414,12.0,00260392,CFS,514144669265.0,539928858508.0,6431014995.0,13630522072.0,-4.78,-52.82
006345,대원전선우,KOSPI,0,0,0,0.0,267,2621,12.0,,,,,,,,
006360,GS건설,KOSPI,24005,735,637,1.4,21908,85581,12.0,00120030,CFS,8100207000000.0,9311096000000.0,481125000000.0,112176000000.0,-13.0,328.9
006370,대구백화점,KOSPI,126,-38,-72,-21.65,608,10821,12.0,00108977,CFS,47247757544.0,54032084195.0,-16659423047.0,-16259835140.0,-12.56,-2.46
006380,카프로,KOSPI,71,-324,338,102.36,6185,168999,12.0,00159810,CFS,24637580909.0,5149957128.0,-21120021206.0,-8414278988.0,378.4,-151.0
006400,삼성SDI,KOSPI,35764,-2361,-434,-2.17,335638,80585,12.0,00126362,CFS,11455690694760.0,16097841111335.0,-2321028795178.0,-57684824062.0,-28.84,-3923.64
006405,삼성SDI우,KOSPI,0,0,0,0.0,2965,1617,12.0,,,,,,,,
006490,프리티,KOSPI,242,-15,11,-92.67,324,29577,12.0,00122825,CFS,52140764754.0,47456193194.0,-2176644746.0,-7863891368.0,9.87,72.32
006570,대림통상,KOSPI,344,-6,-12,-34.2,309,15225,12.0,00109824,CFS,102246529272.0,116488732616.0,-8837591729.0,-2282322852.0,-12.23,-287.22
006650,대한유화,KOSPI,8471,736,835,4.52,6259,6500,12.0,00260383,CFS,2828725728648.0,2779475446901.0,-21304450067.0,-65087652779.0,1.77,67.27
006660,삼성공조,KOSPI,267,16,38,3.15,1064,8126,12.0,00126201,CFS,74499522757.0,74559432656.0,433957027.0,3426643481.0,-0.08,-87.34
006740,블루산업개발,KOSPI,245,-5,-17,-23.44,207,23739,12.0,00141404,CFS,84667014355.0,81851012283.0,-15121445192.0,-11042297052.0,3.44,-36.94
006800,미래에셋증권,KOSPI,144287,13750,13576,0.0,208438,559566,12.0,00111722,CFS,21256147000000.0,16590937000000.0,,,28.12,
006805,미래에셋증권우,KOSPI,0,0,0,0.0,1819,14075,12.0,,,,,,,,
00680K,미래에셋증권2우B,KOSPI,0,0,0,0.0,16188,136500,12.0,,,,,,,,
006840,AK홀딩스,KOSPI,9377,672,-41,-2.87,801,13247,12.0,00125080,CFS,28703081631.0,27187610259.0,14681569472.0,11009511614.0,5.57,33.35
006880,신송홀딩스,KOSPI,456,27,34,5.1,558,11828,12.0,00136402,CFS,187759398480.0,164580506815.0,1562090879.0,809837353.0,14.08,92.89
006890,태경케미컬,KOSPI,140,-7,20,4.92,626,11600,12.0,00109161,CFS,58473624334.0,66695091953.0,2040050470.0,13412908653.0,-12.33,-84.79
006980,우성,KOSPI,1486,12,-37,4.32,488,3090,12.0,00142661,CFS,79842533804.0,54801648049.0,3364914440.0,654008415.0,45.69,414.51
007070,GS리테일,KOSPI,28549,583,592,2.48,21528,83607,12.0,00140177,CFS,11774643877003.0,11378032037656.0,289896719474.0,252635886479.0,3.49,14.75
007110,일신석재,KOSPI,787,38,22,2.45,618,77456,12.0,00146296,CFS,54503324545.0,78727286743.0,680665874.0,3802576947.0,-30.77,-82.1
007120,미래아이앤지,KOSPI,117,20,-61,-14.73,306,27323,12.0,00104786,CFS,14128766686.0,11702648807.0,3798690087.0,2013077715.0,20.73,88.7
007160,사조산업,KOSPI,1433,47,-39,-8.18,2295,5000,12.0,00124799,CFS,478608273836.0,484680628407.0,7682823704.0,-29338873183.0,-1.25,126.19
007210,벽산,KOSPI,1392,47,21,8.91,977,65360,12.0,00122898,CFS,404333691940.0,441633638885.0,11090466388.0,17593962212.0,-8.45,-36.96
007280,한국특강,KOSPI,7688,106,-20,-1.3,542,28646,12.0,00124090,CFS,767140668215.0,768777778364.0,11739651238.0,10612175190.0,-0.21,10.62
007310,오뚜기,KOSPI,9552,594,493,3.47,12263,4007,12.0,00141529,CFS,2988655024536.0,2926767214446.0,89381498748.0,121142366685.0,2.11,-26.22
007340,DN오토모티브,KOSPI,10177,1446,1421,14.85,21356,58510,12.0,00116949,CFS,986279635000.0,1100669248000.0,107115263000.0,341278760000.0,-10.39,-68.61
007460,에이프로젠,KOSPI,363,-206,-283,-50.63,513,23594,12.0,00152385,CFS,38634626122.0,79404383542.0,-32813523104.0,-30834036801.0,-51.34,-6.42
007540,샘표,KOSPI,1035,66,95,6.33,1207,2875,12.0,00130091,CFS,11455326655.0,7093202993.0,10075987919.0,5729241770.0,61.5,75.87
007570,일양약품,KOSPI,651,-74,179,8.19,1500,19085,12.0,00146454,CFS,265790148698.0,261344735934.0,3440229851.0,8346995110.0,1.7,-58.78
007575,일양약품우,KOSPI,0,0,0,0.0,31,445,12.0,,,,,,,,
007590,동방아그로,KOSPI,1044,172,168,4.03,762,13617,12.0,00115384,CFS,178658650911.0,169679188279.0,12630067958.0,14566542538.0,5.29,-13.29
007610,선도전기,KOSPI,51,-5,-9,23.73,788,18000,12.0,00131939,CFS,38076480483.0,23267191516.0,1200698115.0,-5517309076.0,63.65,121.76
007660,이수페타시스,KOSPI,3403,672,645,29.95,65040,73409,12.0,00107613,CFS,929664876365.0,718728999128.0,152138714730.0,78479704058.0,29.35,93.86
007690,국도화학,KOSPI,4139,103,36,2.07,3597,9260,12.0,00104388,CFS,967066362965.0,981235271976.0,47210708729.0,38901232370.0,-1.44,21.36
007700,F&F홀딩스,KOSPI,5609,1457,2354,7.17,5401,39114,12.0,00126487,CFS,57654374994.0,69654061223.0,38105276755.0,49936260809.0,-17.23,-23.69
007810,코리아써키트,KOSPI,4199,264,370,16.92,15828,23982,12.0,00152686,CFS,862984261270.0,720690160069.0,53095077747.0,-42243992011.0,19.74,225.69
007815,코리아써우,KOSPI,0,0,0,0.0,487,2964,12.0,,,,,,,,
00781K,코리아써키트2우B,KOSPI,0,0,0,0.0,109,783,12.0,,,,,,,,
007860,서연,KOSPI,12839,525,766,8.19,1714,23479,12.0,00163114,CFS,45636333647.0,24556943589.0,23965408290.0,7007735025.0,85.84,241.99
007980,TP,KOSPI,2489,147,148,15.52,785,46897,12.0,00154329,CFS,763138039835.0,755618153786.0,56344697259.0,42310995083.0,1.0,33.17
008040,사조동아원,KOSPI,6781,500,341,9.45,1112,141144,12.0,00137252,CFS,674263587949.0,678149244374.0,42468603763.0,50021201372.0,-0.57,-15.1
008060,대덕,KOSPI,4426,533,669,3.54,4558,31287,12.0,00109189,CFS,17458041467.0,13063923975.0,12107647581.0,7767984364.0,33.64,55.87
00806K,대덕1우,KOSPI,0,0,0,0.0,130,1212,12.0,,,,,,,,
008250,이건산업,KOSPI,651,11,1,-6.9,317,10952,12.0,00145446,CFS,158745273705.0,191647445456.0,-3365134025.0,5859193159.0,-17.17,-157.43
008260,NI스틸,KOSPI,2753,371,331,10.53,870,28600,12.0,00116301,CFS,247943373789.0,275274102150.0,30115120165.0,37132983882.0,-9.93,-18.9
008350,남선알미늄,KOSPI,631,-17,-15,-1.36,1379,129079,12.0,00107224,CFS,257675635632.0,289539027472.0,-2174572638.0,4884176362.0,-11.0,-144.52
008355,남선알미우,KOSPI,0,0,0,0.0,21,307,12.0,,,,,,,,
008420,문배철강,KOSPI,1402,-21,59,3.58,419,20503,12.0,00121570,CFS,137874736532.0,140206723395.0,-959363760.0,-2130925338.0,-1.66,54.98
008490,서흥,KOSPI,2016,212,199,10.29,2429,11569,12.0,00131692,CFS,355633395020.0,334120420949.0,27694217099.0,16086078846.0,6.44,72.16
008600,윌비스,KOSPI,448,-33,-67,-61.64,176,6723,12.0,00104999,CFS,103702826651.0,121794304754.0,-1995579041.0,1099850019.0,-14.85,-281.44
008700,아남전자,KOSPI,286,-44,-46,-0.54,805,77124,12.0,00138516,CFS,144710148.0,171419506.0,481227.0,1062242.0,-15.58,-54.7
008730,율촌화학,KOSPI,1272,6,19,-1.02,3181,24800,12.0,00145260,CFS,465716549251.0,435923420542.0,9364336299.0,-17491536580.0,6.83,153.54
008770,호텔신라,KOSPI,10535,204,120,-13.43,17936,39248,12.0,00165680,CFS,2623491366883.0,2542823766448.0,23735009221.0,675501025.0,3.17,3413.69
008775,호텔신라우,KOSPI,0,0,0,0.0,222,751,12.0,,,,,,,,
008870,금비,KOSPI,1165,5,16,1.26,393,1000,9.0,00168401,CFS,86557955280.0,96063056337.0,-3751353659.0,1451438614.0,-9.89,-358.46
008930,한미사이언스,KOSPI,3756,336,453,14.71,22569,68391,12.0,00161426,CFS,231452107579.0,193524216766.0,56461910805.0,38947804133.0,19.6,44.97
008970,KBI동양철관,KOSPI,670,42,17,-0.15,1110,103766,12.0,00117629,CFS,180127244534.0,200428941393.0,-3701366768.0,4842957555.0,-10.13,-176.43
009070,KCTC,KOSPI,2657,117,110,8.11,1161,30000,12.0,00103042,CFS,756993331898.0,659178214224.0,28167999145.0,26689058362.0,14.84,5.54
009140,경인전자,KOSPI,111,6,15,7.13,334,1570,12.0,00102140,CFS,20532893522.0,12440131169.0,886732968.0,-1130657284.0,65.05,178.43
009150,삼성전기,KOSPI,32091,2806,3164,8.82,978487,74693,12.0,00126371,CFS,8377908028341.0,7598593088664.0,355940316783.0,243556746814.0,10.26,46.14
009155,삼성전기우,KOSPI,0,0,0,0.0,13546,2906,12.0,,,,,,,,
009160,SIMPAC,KOSPI,3153,216,32,2.97,2833,65370,12.0,00138260,CFS,698629014180.0,585780265113.0,8896508255.0,23740464288.0,19.26,-62.53
009180,한솔로지스틱스,KOSPI,1649,45,44,10.98,772,28155,12.0,00140946,CFS,389015672361.0,400219712040.0,8021220205.0,11873495644.0,-2.8,-32.44
009190,대양금속,KOSPI,552,10,9,0.0,762,43986,12.0,00111111,CFS,223407047987.0,215563338886.0,5581324591.0,1889596749.0,3.64,195.37
009200,무림페이퍼,KOSPI,3074,2,-70,-4.89,589,41609,12.0,00136086,CFS,507492455705.0,535386967926.0,29900048558.0,36847655908.0,-5.21,-18.85
009240,한샘,KOSPI,3994,101,35,10.3,8307,23533,12.0,00161693,CFS,1283747553320.0,1434637544321.0,6138481043.0,17797057524.0,-10.52,-65.51
009270,신원,KOSPI,2808,63,35,0.18,1177,114770,12.0,00136864,CFS,1091183970272.0,936667026561.0,20946478299.0,27497620570.0,16.5,-23.82
009290,광동제약,KOSPI,4109,75,66,3.53,2928,49799,12.0,00103592,CFS,1011023893233.0,974839874431.0,30591631858.0,28125173255.0,3.71,8.77
009310,참엔지니어링,KOSPI,226,54,58,-5.52,233,4377,12.0,00153621,CFS,5191559097.0,17015606454.0,-15229703255.0,-17951546151.0,-69.49,15.16
009320,아진전자부품,KOSPI,365,9,4,13.08,483,49299,12.0,00111689,CFS,152212525817.0,144508341335.0,6780432147.0,6232911490.0,5.33,8.78
009410,태영건설,KOSPI,3549,177,-50,18.73,4692,297590,12.0,00153861,CFS,1901158979097.0,2526997501384.0,40487745169.0,-71244796360.0,-24.77,156.83
009415,태영건설우,KOSPI,0,0,0,0.0,42,649,12.0,,,,,,,,
009420,한올바이오파마,KOSPI,400,8,6,-3.16,25153,52240,12.0,00162586,CFS,155184524107.0,138943698757.0,-965221678.0,228251490.0,11.69,-522.88
009440,KC그린홀딩스,KOSPI,149,-11,1,-31.12,175,23239,12.0,00159971,CFS,3052193800.0,8601996060.0,-497692400.0,-6597049509.0,-64.52,92.46
009450,경동나비엔,KOSPI,4253,638,777,14.22,9149,14568,12.0,00101488,CFS,1263544598017.0,1246855086780.0,131795922780.0,149264200678.0,1.34,-11.7
009460,한창제지,KOSPI,2943,11,-66,2.85,322,11933,12.0,00163761,CFS,266951905121.0,294257732833.0,-5193445386.0,1142467067.0,-9.28,-554.58
009470,삼화전기,KOSPI,574,34,24,10.78,1478,6613,12.0,00129271,CFS,185177162888.0,191887648479.0,9303562834.0,23324597270.0,-3.5,-60.11
009540,HD한국조선해양,KOSPI,81409,13560,15679,20.2,239213,70773,12.0,00164830,CFS,1493753828000.0,516796333000.0,700649222000.0,17258282000.0,189.04,3959.79
009580,무림P&P,KOSPI,1862,-58,-120,-5.91,984,62368,12.0,00119007,CFS,683054294673.0,769514865347.0,-36970258842.0,34756716159.0,-11.24,-206.37
009680,모토닉,KOSPI,683,43,73,5.46,2123,21733,12.0,00151128,CFS,279697463554.0,290604602023.0,18723955546.0,22810539781.0,-3.75,-17.92
009770,삼정펄프,KOSPI,1639,49,473,15.76,664,2499,12.0,00128227,CFS,148565929898.0,163884080446.0,-1440493506.0,4868322824.0,-9.35,-129.59
009810,플레이그램,KOSPI,657,17,-6,-7.58,276,15188,12.0,00103130,CFS,61846278680.0,88568795582.0,825244066.0,-3357910717.0,-30.17,124.58
009830,한화솔루션,KOSPI,38820,926,-424,-6.95,45723,171892,12.0,00162461,CFS,5739541000000.0,6182042000000.0,-413950000000.0,-116487000000.0,-7.16,-255.36
009835,한화솔루션우,KOSPI,0,0,0,0.0,421,2575,12.0,,,,,,,,
009900,명신산업,KOSPI,4120,206,302,9.71,3489,52470,12.0,00173078,CFS,164052743145.0,176342821556.0,1959650544.0,8830960456.0,-6.97,-77.81
009970,영원무역홀딩스,KOSPI,10786,1578,2510,13.48,24728,12953,12.0,00140964,CFS,153578625289.0,151460783399.0,123081722755.0,122015972501.0,1.4,0.87
010040,한국내화,KOSPI,884,-3,-4,-12.09,592,41067,12.0,00160205,CFS,291276547742.0,287322831414.0,-2044796867.0,6859210406.0,1.38,-129.81
010060,OCI홀딩스,KOSPI,8924,109,42,-2.2,36406,18670,12.0,00148896,CFS,54853251000.0,327729742000.0,20703959000.0,280560505000.0,-83.26,-92.62
010100,한국무브넥스,KOSPI,4428,98,124,3.95,1035,30450,12.0,00160418,CFS,932889057319.0,928563552592.0,13297487492.0,25723424620.0,0.47,-48.31
010120,LS ELECTRIC,KOSPI,13766,1266,1536,17.29,283650,150000,12.0,00105855,CFS,3462741368949.0,3108461007496.0,362194029967.0,312658386265.0,11.4,15.84
010130,고려아연,KOSPI,60720,7461,5178,10.39,199336,20872,12.0,00102858,CFS,10534240543625.0,8089016782445.0,1179550442799.0,813894061816.0,30.23,44.93
010140,삼성중공업,KOSPI,29023,2731,1296,13.26,187000,880000,12.0,00126478,CFS,10634952868811.0,9867428881355.0,867060313459.0,453922826901.0,7.78,91.01
010400,우진아이엔에스,KOSPI,481,-21,-22,11.52,339,7622,12.0,00143262,CFS,164457886988.0,137588161973.0,4979676544.0,-17858535817.0,19.53,127.88
010580,에스엠벡셀,KOSPI,1725,52,10,1.67,1756,111251,12.0,00147860,CFS,150271118361.0,172548105255.0,1573953345.0,5216545654.0,-12.91,-69.83
010640,진양폴리,KOSPI,540,40,40,9.74,303,16700,12.0,00160375,CFS,46628342500.0,54038232041.0,1826014622.0,3970306773.0,-13.71,-54.01
010660,화천기계,KOSPI,0,0,0,0.0,568,22000,12.0,00166500,CFS,214513614009.0,232386971461.0,227700030.0,2033399231.0,-7.69,-88.8
010690,화신,KOSPI,5056,170,375,11.53,2702,34920,12.0,00166315,CFS,1114907012807.0,940622547791.0,47707166716.0,18068963685.0,18.53,164.03
010770,평화홀딩스,KOSPI,2251,123,206,38.17,549,14625,12.0,00155124,CFS,18761701588.0,17864314528.0,5666411896.0,5649785599.0,5.02,0.29
010780,아이에스동서,KOSPI,4370,1181,2011,7.16,5451,30186,12.0,00115977,CFS,699457617209.0,951480064411.0,49360542408.0,166074352875.0,-26.49,-70.28
010820,퍼스텍,KOSPI,2073,43,71,17.33,2682,48771,12.0,00148522,CFS,294842426804.0,207273257566.0,10663228873.0,4348353305.0,42.25,145.22
010950,S-Oil,KOSPI,89427,12311,9914,10.35,159417,112582,12.0,00138279,CFS,33896041000000.0,36181794000000.0,230903000000.0,419516000000.0,-6.32,-44.96
010955,S-Oil우,KOSPI,0,0,0,0.0,2730,4021,12.0,,,,,,,,
010960,삼호개발,KOSPI,907,10,30,6.62,767,24120,12.0,00128980,CFS,397646517291.0,391633702643.0,10364935532.0,-4186586147.0,1.54,347.57
011000,진원생명과학,KOSPI,26,-23,-24,-71.19,485,18176,12.0,00118521,CFS,19774730003.0,33040914613.0,-11685824162.0,-15656061573.0,-40.15,25.36
011070,LG이노텍,KOSPI,55348,2953,2828,8.46,148866,23667,12.0,00105961,CFS,21596008000000.0,20841776000000.0,400706000000.0,413644000000.0,3.62,-3.13
011090,에넥스,KOSPI,467,-29,-32,-14.72,172,11857,12.0,00139764,CFS,213027553668.0,261776146526.0,822987355.0,5968630416.0,-18.62,-86.21
011150,CJ씨푸드,KOSPI,550,-15,-13,1.53,720,35930,12.0,00129013,CFS,157526706230.0,157418480794.0,-1997361787.0,2700024687.0,0.07,-173.98
011155,CJ씨푸드1우,KOSPI,0,0,0,0.0,8,200,12.0,,,,,,,,
011170,롯데케미칼,KOSPI,49905,735,462,-13.14,24210,42775,12.0,00165413,CFS,11912607124952.0,13640122547484.0,-345491903175.0,-462156000940.0,-12.66,25.24
011200,HMM,KOSPI,27187,2691,3764,5.36,189590,943237,12.0,00164645,CFS,10721177000000.0,11513430000000.0,1423200000000.0,3489735000000.0,-6.88,-59.22
011210,현대위아,KOSPI,21793,516,530,0.96,15174,27195,12.0,00106623,CFS,7278797000000.0,6938051000000.0,167610000000.0,92742000000.0,4.91,80.73
011230,삼화전자,KOSPI,59,-21,-21,-50.34,517,19165,12.0,00129280,CFS,23544824139.0,24587349705.0,-4811986084.0,-4644419898.0,-4.24,-3.61
011280,태림포장,KOSPI,1871,-35,-62,-3.46,1132,70805,12.0,00153524,CFS,713412669000.0,680088172000.0,-5204243000.0,-23945317000.0,4.9,78.27
011300,우성머티리얼스,KOSPI,27,-8,-18,-25.62,453,16816,12.0,00132868,CFS,24687715439.0,25490491894.0,-2186190603.0,-9628849879.0,-3.15,77.3
011330,유니켐,KOSPI,196,-12,-28,0.0,361,9018,12.0,00137207,CFS,105735908458.0,68216069343.0,-521531950.0,-6268370624.0,55.0,91.68
011390,부산산업,KOSPI,233,5,-4,-2.58,423,1056,12.0,00124027,CFS,27321778886.0,28590759854.0,823468502.0,1193884588.0,-4.44,-31.03
011420,갤럭시아에스엠,KOSPI,325,32,38,4.21,381,27549,12.0,00129554,CFS,40343683157.0,32486740470.0,3987722438.0,3225224444.0,24.19,23.64
011500,한농화성,KOSPI,2475,61,52,2.74,1798,15637,12.0,00160861,CFS,214492954042.0,247473264569.0,3577198138.0,6085620165.0,-13.33,-41.22
011690,와이투솔루션,KOSPI,867,10,-6,0.0,1145,36704,12.0,00144720,CFS,161450311375.0,154513998976.0,-2610797624.0,2885968925.0,4.49,-190.47
011700,한신기계,KOSPI,76,-16,-14,-2.51,728,32446,12.0,00162072,CFS,50507232118.0,60341669153.0,539955069.0,1418163246.0,-16.3,-61.93
011760,현대코퍼레이션,KOSPI,20727,461,364,10.67,2910,13228,12.0,00164812,CFS,5255849736909.0,4845024614711.0,73288821459.0,76864580873.0,8.48,-4.65
011780,금호석유화학,KOSPI,17800,594,1178,4.19,29685,25157,12.0,00106368,CFS,4571978509755.0,4854274755589.0,198120912770.0,189635404504.0,-5.82,4.47
011785,금호석유화학우,KOSPI,0,0,0,0.0,1499,3023,12.0,,,,,,,,
011790,SKC,KOSPI,4966,-287,-689,-72.4,39331,49598,12.0,00139889,CFS,25120557326.0,205562994885.0,-27778446519.0,143197409868.0,-87.78,-119.4
011810,STX,KOSPI,600,-99,-446,-36100000.0,1094,31017,12.0,00138297,CFS,510186000000.0,684520000000.0,-69000000000.0,-10309000000.0,-25.47,-569.32
011930,신성이엔지,KOSPI,1537,-22,-41,-1.38,3029,20306,12.0,00136271,CFS,318829816991.0,376627970959.0,-2425300323.0,2717340964.0,-15.35,-189.25
012030,DB,KOSPI,1668,187,362,12.67,2925,201173,12.0,00163345,CFS,641859487315.0,525180328033.0,40886685895.0,12194695894.0,22.22,235.28
0120G0,삼양바이오팜,KOSPI,0,0,0,0.0,2978,7435,12.0,01965333,CFS,28594373504.0,,2691177859.0,,,
012160,영흥,KOSPI,964,-14,-13,-33.72,363,15620,12.0,00141477,CFS,113667567906.0,156546811432.0,-16685649592.0,270924608.0,-27.39,-6258.78
012170,아센디오,KOSPI,7,-2,-2,-63.51,153,20250,12.0,00145437,CFS,5921928326.0,13465653938.0,-4315115498.0,-4121526339.0,-56.02,-4.7
012200,계양전기,KOSPI,989,-19,14,-92.88,1112,27222,12.0,00102618,CFS,380898344932.0,361209356623.0,-28064631541.0,-16073844048.0,5.45,-74.6
012205,계양전기우,KOSPI,0,0,0,0.0,76,1169,12.0,,,,,,,,
012280,영화금속,KOSPI,0,0,0,0.0,406,49524,12.0,00141413,CFS,351423851427.0,301699111405.0,15225526956.0,9880071656.0,16.48,54.1
012320,경동인베스트,KOSPI,543,19,31,3.55,1032,2365,12.0,00143527,CFS,7112671877.0,6103818479.0,1875023066.0,1138619061.0,16.53,64.68
012330,현대모비스,KOSPI,155605,8026,12918,7.21,435062,90732,12.0,00164788,CFS,36256823000000.0,36604026000000.0,1736959000000.0,1802853000000.0,-0.95,-3.65
012450,한화에어로스페이스,KOSPI,57510,6389,5549,22.74,463554,51563,12.0,00126566,CFS,9525137891000.0,7935101828000.0,2022604456000.0,1499700415000.0,20.04,34.87
012510,더존비즈온,KOSPI,1166,350,315,17.9,0,29123,12.0,00172291,CFS,401581226959.0,356016905608.0,130228704050.0,93752183701.0,12.8,38.91
012610,경인양행,KOSPI,1079,65,69,3.45,1183,41616,12.0,00102113,CFS,239888185915.0,237067219092.0,14760790768.0,16994445000.0,1.19,-13.14
012630,HDC,KOSPI,12574,1803,1665,10.55,12008,59741,12.0,00164636,CFS,73881936165.0,71551849408.0,50371920796.0,48560424603.0,3.26,3.73
012690,모나리자,KOSPI,1263,10,11,1.53,617,36571,12.0,00173102,CFS,124021215334.0,126337593913.0,317174554.0,983200038.0,-1.83,-67.74
0126Z0,삼성에피스홀딩스,KOSPI,4539,905,807,0.0,94182,24883,12.0,01965324,CFS,0.0,,-1863174376.0,,,
012750,에스원,KOSPI,6737,207,239,9.63,26637,37999,12.0,00158501,CFS,2859677002384.0,2770433834517.0,227464267698.0,199145523485.0,3.22,14.22
012800,대창,KOSPI,4291,238,200,4.29,982,91140,12.0,00112651,CFS,557260537695.0,515700465945.0,16702657060.0,17417265698.0,8.06,-4.1
013000,세우글로벌,KOSPI,359,25,44,6.9,371,28705,12.0,00134176,CFS,32679926710.0,35874839491.0,2433262939.0,2453243138.0,-8.91,-0.81
013360,일성건설,KOSPI,846,16,6,4.88,718,54024,12.0,00146232,CFS,451502300289.0,475038658684.0,10770225171.0,-44453992046.0,-4.95,124.23
013520,화승코퍼레이션,KOSPI,4215,256,315,27.77,1246,50051,12.0,00166272,CFS,488830823178.0,429882611951.0,99905850889.0,41260506933.0,13.71,142.13
013570,디와이,KOSPI,3315,84,132,2.23,983,26319,12.0,00117179,CFS,15560162829.0,14606563254.0,4208919150.0,3593968632.0,6.53,17.11
013580,계룡건설,KOSPI,6707,408,329,11.95,1629,8930,12.0,00102432,CFS,2023546462078.0,2339688373135.0,152502120467.0,56231889906.0,-13.51,171.2
013700,까뮤이앤씨,KOSPI,1049,110,105,23.74,829,59750,12.0,00129420,CFS,234588653144.0,207432227064.0,25778777741.0,-13412817180.0,13.09,292.2
013870,지엠비코리아,KOSPI,2003,36,52,5.67,719,19072,12.0,00156354,CFS,704300930891.0,659816909838.0,19259432137.0,20464889870.0,6.74,-5.89
013890,지누스,KOSPI,1396,-301,-302,-8.94,1962,21925,12.0,00150633,CFS,387591850838.0,309116746259.0,20308843380.0,6430799406.0,25.39,215.81
014130,한익스프레스,KOSPI,1545,-22,-53,-14.37,274,12000,12.0,00129509,CFS,582739477960.0,643315527568.0,1275632125.0,1603363197.0,-9.42,-20.44
014160,대영포장,KOSPI,2808,9,0,-0.02,738,108394,12.0,00111458,CFS,283702207867.0,280835222931.0,881634489.0,923321701.0,1.02,-4.51
014280,금강공업,KOSPI,1967,132,211,-8.07,1135,29329,12.0,00105299,CFS,290112635592.0,293931258757.0,-22905460833.0,-4354713314.0,-1.3,-425.99
014285,금강공업우,KOSPI,0,0,0,0.0,31,589,12.0,,,,,,,,
014440,영보화학,KOSPI,283,31,45,8.87,903,20000,12.0,00140779,CFS,93248886485.0,94401200881.0,13913161854.0,13922949988.0,-1.22,-0.07
014530,극동유화,KOSPI,2476,55,48,1.38,1108,34869,12.0,00105156,CFS,1005967706802.0,1040705616626.0,16094152469.0,21435095275.0,-3.34,-24.92
014580,태경비케이,KOSPI,1033,108,164,11.93,1092,27583,12.0,00122481,CFS,219451249151.0,237479066763.0,26530209314.0,28491863876.0,-7.59,-6.88
014680,한솔케미칼,KOSPI,2319,444,540,14.54,25219,11012,12.0,00140955,CFS,683182182594.0,584851047907.0,139996489756.0,115764311595.0,16.81,20.93
014710,사조씨푸드,KOSPI,677,26,27,-13.72,1578,17218,12.0,00124780,CFS,217432935507.0,188281808578.0,13516843322.0,9550194686.0,15.48,41.53
014790,HL D&I,KOSPI,3846,190,105,3.5,908,37858,12.0,00161116,CFS,1645189527794.0,1456299989035.0,67202700161.0,45603221472.0,12.97,47.36
014820,동원시스템즈,KOSPI,3378,130,189,6.94,5403,28991,12.0,00132637,CFS,1265531143432.0,1230143977287.0,55697772490.0,81165900991.0,2.88,-31.38
014825,동원시스템즈우,KOSPI,0,0,0,0.0,34,264,12.0,,,,,,,,
014830,유니드,KOSPI,3844,255,364,6.22,4067,6767,12.0,00159786,CFS,601750378042.0,609300695576.0,55432893060.0,59508986262.0,-1.24,-6.85
014910,성문전자,KOSPI,139,7,8,4.16,433,21857,12.0,00132628,CFS,27467250605.0,25584899098.0,679089514.0,1139273345.0,7.36,-40.39
014915,성문전자우,KOSPI,0,0,0,0.0,28,600,12.0,,,,,,,,
014990,인디에프,KOSPI,243,5,-3,3.82,281,15022,12.0,00106881,CFS,104267298492.0,114413238861.0,1182061176.0,-802167722.0,-8.87,247.36
015020,이스타코,KOSPI,115,-33,-49,-12.39,198,21425,12.0,00134565,CFS,16428295245.0,11491693531.0,-407494038.0,-3286469890.0,42.96,87.6
015230,대창단조,KOSPI,984,115,152,9.59,1533,27143,12.0,00112679,CFS,249750909174.0,230565292618.0,28656068483.0,21451332193.0,8.32,33.59
015260,에이엔피,KOSPI,278,-11,-27,-63.67,239,47116,12.0,00143314,CFS,116460105447.0,112163418220.0,1069263911.0,1750023716.0,3.83,-38.9
015360,INVENI,KOSPI,5720,791,749,21.26,3847,27250,12.0,00105101,CFS,172882389000.0,97163285000.0,107884672000.0,29762574000.0,77.93,262.48
015590,DKME,KOSPI,204,12,47,0.82,997,53396,12.0,00108746,CFS,133411972702.0,136623566311.0,10030221864.0,10702828493.0,-2.35,-6.28
015760,한국전력,KOSPI,243985,37842,33950,18.89,216341,641964,12.0,00159193,CFS,95536164000000.0,91646582000000.0,8540000000000.0,3166658000000.0,4.24,169.68
015860,일진홀딩스,KOSPI,5729,525,519,8.15,2704,49347,12.0,00146649,CFS,18094763047.0,14371858107.0,8873555774.0,9026741056.0,25.9,-1.7
015890,태경산업,KOSPI,2062,172,202,6.69,1337,29228,12.0,00153339,CFS,138071380178.0,142123472346.0,-1317212944.0,3009853449.0,-2.85,-143.76
016090,대현,KOSPI,0,0,0,0.0,659,44282,12.0,00113614,CFS,240544349714.0,259284732061.0,7078190153.0,14372512461.0,-7.23,-50.75
016360,삼성증권,KOSPI,71227,6095,6155,15.68,92068,89300,12.0,00104856,,,,,,,
016380,KG스틸,KOSPI,8053,215,598,6.61,5070,100008,12.0,00115676,CFS,2926388205392.0,3214672206323.0,133512820893.0,233889822505.0,-8.97,-42.92
016450,한세예스24홀딩스,KOSPI,8613,212,97,-4.63,1720,40000,12.0,00161976,CFS,27760560218.0,44462994167.0,19272385652.0,33052516178.0,-37.56,-41.69
016580,환인제약,KOSPI,712,94,100,3.99,1828,18600,12.0,00166573,CFS,254712339808.0,257969479123.0,14703811432.0,22456261769.0,-1.26,-34.52
016590,신대양제지,KOSPI,1565,38,115,4.2,3695,40297,12.0,00135777,CFS,195697398764.0,217560980424.0,16457233608.0,19933171096.0,-10.05,-17.44
016610,DB증권,KOSPI,10752,302,382,0.0,3722,42446,12.0,00115694,CFS,1661781349906.0,1108015322111.0,,,49.98,
016710,대성홀딩스,KOSPI,4593,279,310,3.52,1084,16089,12.0,00108940,CFS,15391365340.0,16961000463.0,1266908708.0,3387169742.0,-9.25,-62.6
016740,두올,KOSPI,2013,60,65,7.68,980,28674,12.0,00119672,CFS,293221161637.0,316761987784.0,16334050468.0,31678595262.0,-7.43,-48.44
016800,퍼시스,KOSPI,976,-21,94,6.45,3122,11500,12.0,00161709,CFS,308596578959.0,335262185377.0,8031861168.0,17562665851.0,-7.95,-54.27
016880,웅진,KOSPI,3026,317,110,26.18,1574,79927,12.0,00143651,CFS,181820807282.0,174842818861.0,23292819340.0,17318506881.0,3.99,34.5
017040,광명전기,KOSPI,0,0,0,0.0,403,43337,12.0,00103662,CFS,95869088214.0,142406269452.0,-9968236835.0,-8771158218.0,-32.68,-13.65
017180,명문제약,KOSPI,480,3,-9,3.14,426,33953,12.0,00121039,CFS,176719430779.0,159915337129.0,8966779115.0,4537728015.0,10.51,97.61
017370,우신시스템,KOSPI,822,-3,17,7.07,770,18314,12.0,00142883,CFS,164174767735.0,365470191408.0,5703784921.0,31547928765.0,-55.08,-81.92
017390,서울가스,KOSPI,7695,220,281,2.42,2707,4950,12.0,00130684,CFS,1804381405017.0,1686431872640.0,11619930789.0,-11315470757.0,6.99,202.69
017550,수산세보틱스,KOSPI,473,28,37,7.94,993,62399,12.0,00135111,CFS,160486483308.0,130895485764.0,5932388834.0,6118283982.0,22.61,-3.04
017670,SK텔레콤,KOSPI,43923,5376,4656,2.92,182786,214790,12.0,00159023,CFS,12051068000000.0,12774060000000.0,811842000000.0,1523175000000.0,-5.66,-46.7
017800,현대엘리베이터,KOSPI,5458,405,366,24.3,26191,39092,12.0,00164724,CFS,1607100236100.0,1989103761388.0,150832136401.0,167742437134.0,-19.2,-10.08
017810,풀무원,KOSPI,8504,190,102,8.47,3343,38120,12.0,00155355,CFS,111449644728.0,120372665060.0,14880828193.0,25045722094.0,-7.41,-40.59
017860,DS단석,KOSPI,2781,44,-21,-7.24,1980,17759,12.0,00108612,CFS,892046476475.0,898741643392.0,9102190231.0,16541095479.0,-0.74,-44.97
017900,광전자,KOSPI,345,7,53,2.51,3314,57943,12.0,00152729,CFS,131269728407.0,129022510188.0,982581600.0,2139828658.0,1.74,-54.08
017940,E1,KOSPI,35853,-1562,1082,6.05,5968,6860,12.0,00165583,CFS,7114154009908.0,8989125083633.0,226022150738.0,179872878438.0,-20.86,25.66
017960,한국카본,KOSPI,2118,411,217,17.85,11394,51676,12.0,00159795,CFS,866374473973.0,708940265634.0,138212111365.0,54850316283.0,22.21,151.98
018250,애경산업,KOSPI,1588,-16,177,5.96,2989,26409,12.0,00139454,CFS,631623681447.0,655163256233.0,25758995884.0,47098749899.0,-3.59,-45.31
018260,삼성에스디에스,KOSPI,33529,783,1300,6.65,148178,77377,12.0,00126186,CFS,5464637894164.0,5447352234920.0,520433363884.0,507423177759.0,0.32,2.56
018470,조일알미늄,KOSPI,4984,201,123,5.62,1142,126631,12.0,00149239,CFS,486678693232.0,498372378613.0,13795248899.0,20106641323.0,-2.35,-31.39
018500,동원모빌리티,KOSPI,6595,350,327,24.98,621,46754,3.0,00118008,CFS,305542903362.0,282089207668.0,20076900591.0,21382833515.0,8.31,-6.11
018670,SK가스,KOSPI,26353,2277,3581,13.79,21013,9257,12.0,00144164,CFS,4056497791478.0,4679226267141.0,261772090098.0,228731014638.0,-13.31,14.45
018880,한온시스템,KOSPI,27482,972,1075,-3.16,34944,1026262,12.0,00161125,CFS,3930039896659.0,3625271424615.0,111858610952.0,-7306104710.0,8.41,1631.03
019170,신풍제약,KOSPI,545,-4,4,3.83,4030,52418,12.0,00137359,CFS,217545555798.0,206642463144.0,10818960396.0,-23927868406.0,5.28,145.21
019175,신풍제약우,KOSPI,0,0,0,0.0,244,1991,12.0,,,,,,,,
019180,티에이치엔,KOSPI,2763,175,201,41.08,1009,18000,12.0,00118965,CFS,911722560104.0,574109271466.0,51216589477.0,21211333852.0,58.81,141.46
019490,엑시큐어하이트론,KOSPI,7,-9,-9,-131.71,413,76432,12.0,00156150,CFS,5299944408.0,6580126289.0,-5970763102.0,-6329804178.0,-19.46,5.67
019680,대교,KOSPI,1577,-36,-40,-13.97,797,84702,12.0,00108913,CFS,538798655801.0,563609388297.0,10235894031.0,10753709739.0,-4.4,-4.82
019685,대교우B,KOSPI,0,0,0,0.0,144,19426,12.0,,,,,,,,
020000,한섬,KOSPI,4104,365,358,3.87,4649,21476,12.0,00188089,CFS,1489379442000.0,1478390646000.0,55377359000.0,72300438000.0,0.74,-23.41
020120,키다리스튜디오,KOSPI,583,34,66,5.36,1328,37063,12.0,00140131,CFS,102568751115.0,88415825670.0,5968998112.0,-13619658553.0,16.01,143.83
020150,롯데에너지머티리얼즈,KOSPI,1598,-50,109,-6.32,15657,52365,12.0,00113997,CFS,273282778085.0,285935478481.0,-77557161441.0,-42545784836.0,-4.43,-82.29
020560,아시아나항공,KOSPI,16804,-524,-3296,-86.18,14233,205990,12.0,00138792,CFS,6196915766740.0,7059213368703.0,-342498600401.0,42303568994.0,-12.22,-909.62
020760,일진디스플,KOSPI,118,-6,-5,-16.49,509,56523,12.0,00198697,CFS,6346644323.0,5065420708.0,-6143950862.0,-4295003638.0,25.29,-43.05
021050,서원,KOSPI,5030,274,228,0.7,476,47474,12.0,00131197,CFS,273225123292.0,260861181507.0,2306390334.0,6988727639.0,4.74,-67.0
021240,코웨이,KOSPI,13297,2509,2563,19.32,66167,70767,12.0,00170558,CFS,3468541277956.0,3115638079450.0,595841572874.0,576874083871.0,11.33,3.29
021820,세원정공,KOSPI,1195,123,334,6.32,961,10000,6.0,00134316,CFS,91471465347.0,86768109520.0,14300508819.0,15745600001.0,5.42,-9.18
022100,포스코DX,KOSPI,2415,37,58,6.32,26758,152034,12.0,00155212,CFS,1046632535999.0,1440386040098.0,58814669996.0,106173964761.0,-27.34,-44.61
023000,삼원강재,KOSPI,0,0,0,0.0,868,39739,12.0,00191588,CFS,359287042852.0,343558905658.0,9879193208.0,11756354957.0,4.58,-15.97
023150,MH에탄올,KOSPI,210,5,21,-4.84,301,7378,12.0,00121534,CFS,52128078911.0,53731565330.0,4964030902.0,5990057652.0,-2.98,-17.13
023350,한국종합기술,KOSPI,987,40,54,0.0,452,10950,12.0,00159500,CFS,413596780596.0,398913378204.0,6083603919.0,902249305.0,3.68,574.27
023450,동남합성,KOSPI,0,0,0,0.0,997,3500,12.0,00115065,CFS,194264823958.0,186398920042.0,9365331837.0,8934586807.0,4.22,4.82
023530,롯데쇼핑,KOSPI,35816,2529,1801,1.07,36888,28288,12.0,00120526,CFS,8188060535596.0,8413294214738.0,411235004486.0,380851252269.0,-2.68,7.98
023590,다우기술,KOSPI,94826,6413,6830,18.73,15626,43287,12.0,00176914,CFS,357361056028.0,317309694702.0,53556778356.0,57488386403.0,12.62,-6.84
023800,인지컨트롤스,KOSPI,1785,98,87,4.31,815,15809,12.0,00103510,CFS,447480308861.0,435793566708.0,23961458852.0,7577623566.0,2.68,216.21
023810,인팩,KOSPI,1581,20,18,6.49,475,10000,12.0,00180795,CFS,187699002499.0,191645661885.0,1279294608.0,601887064.0,-2.06,112.55
023960,에쓰씨엔지니어링,KOSPI,193,-18,-31,-14.34,378,38035,12.0,00121969,CFS,151874597815.0,161943215675.0,-8797897896.0,3318516868.0,-6.22,-365.12
024070,WISCOM,KOSPI,280,-12,-6,1.35,280,15326,12.0,00142865,CFS,96976265831.0,90350316417.0,305140335.0,-7948425892.0,7.33,103.84
024090,디씨엠,KOSPI,0,0,0,0.0,1230,11400,12.0,00177199,CFS,227052934104.0,240913433640.0,9560895743.0,16966759117.0,-5.75,-43.65
024110,기업은행,KOSPI,100892,9325,9735,7.49,163871,797425,12.0,00149646,,,,,,,
024720,콜마홀딩스,KOSPI,1519,92,523,8.27,2894,34296,12.0,00203290,CFS,46609518610.0,45444544047.0,2573973093.0,4941490278.0,2.56,-47.91
024890,대원화성,KOSPI,350,5,1,9.14,247,8249,12.0,00112022,CFS,82674346079.0,100356525750.0,2876537022.0,-3561155982.0,-17.62,180.78
024900,디와이덕양,KOSPI,4281,26,53,1.5,606,32564,12.0,00114154,CFS,1723701715475.0,1879199345534.0,8266315672.0,15024754575.0,-8.27,-44.98
025000,KPX케미칼,KOSPI,1977,54,140,8.58,2160,4378,12.0,00191472,CFS,613426770079.0,648017740487.0,20837583867.0,31258813979.0,-5.34,-33.34
025530,SJM홀딩스,KOSPI,543,32,104,5.6,523,14934,12.0,00181943,CFS,9901003124.0,13147959133.0,7305634797.0,9686652175.0,-24.7,-24.58
025540,한국단자,KOSPI,3374,258,457,10.06,6220,10115,12.0,00157070,CFS,1170686046000.0,1224302614000.0,82556541000.0,111158934000.0,-4.38,-25.73
025560,미래산업,KOSPI,207,49,59,13.52,2125,5090,12.0,00197759,CFS,48895818237.0,27300388569.0,9056536704.0,12273903778.0,79.1,-26.21
025620,차AI헬스케어,KOSPI,19,-24,-46,-1.86,793,18203,12.0,00136776,CFS,5683172860.0,12999803325.0,-6575556317.0,-4534994149.0,-56.28,-45.0
025750,한솔홈데코,KOSPI,691,27,46,-17.35,298,16113,12.0,00203582,CFS,278809179911.0,327367631616.0,3118762861.0,11417714772.0,-14.83,-72.68
025820,이구산업,KOSPI,4723,252,160,9.61,1259,33442,12.0,00145464,CFS,507783563654.0,472292427806.0,24406930773.0,25163412834.0,7.51,-3.01
025860,남해화학,KOSPI,4930,-1,-30,2.36,2861,49678,12.0,00107987,CFS,1600248827684.0,1521779049437.0,50190265591.0,47582771897.0,5.16,5.48
025890,한국주강,KOSPI,473,11,8,2.27,247,11144,12.0,00159564,CFS,39872284084.0,47283741622.0,-176671310.0,1074954369.0,-15.67,-116.44
026890,스틱인베스트먼트,KOSPI,168,46,45,9.39,3167,38770,12.0,00117498,CFS,74515043389.0,65173286307.0,,,14.33,
026940,부국철강,KOSPI,0,0,0,0.0,395,20000,12.0,00123781,CFS,179910680270.0,181818473591.0,262298378.0,95602164.0,-1.05,174.36
026960,동서,KOSPI,1353,104,476,8.66,24675,99700,12.0,00144395,CFS,497277024097.0,450802406984.0,42626326448.0,41025060727.0,10.31,3.9
027410,BGF,KOSPI,1049,85,108,3.63,3704,95716,12.0,00219097,CFS,49127065068.0,55741592383.0,31807924124.0,37584367986.0,-11.87,-15.37
027740,마니커,KOSPI,997,-31,-37,0.5,315,31755,12.0,00204208,CFS,368893636288.0,332789542759.0,2394117675.0,-8588317883.0,10.85,127.88
027970,한국제지,KOSPI,1990,46,-467,-20.95,994,190150,12.0,00133706,CFS,753679418454.0,792088806468.0,3020401063.0,19290926513.0,-4.85,-84.34
028050,삼성E&A,KOSPI,22674,1882,2088,13.69,80948,196000,12.0,00126308,CFS,4687954541266.0,6713229127170.0,342606913512.0,941635000085.0,-30.17,-63.62
028100,동아지질,KOSPI,1238,51,58,8.86,1916,13389,12.0,00178754,CFS,467725500443.0,393493162674.0,18072776463.0,9622768914.0,18.86,87.81
028260,삼성물산,KOSPI,104658,7204,13450,5.41,557045,162167,12.0,00149655,CFS,21219155547106.0,22913282644240.0,548415312672.0,947298606703.0,-7.39,-42.11
02826K,삼성물산우B,KOSPI,0,0,0,0.0,2894,1467,12.0,,,,,,,,
028670,팬오션,KOSPI,15089,1409,979,5.54,26781,534569,12.0,00122737,CFS,4144072000000.0,4068909000000.0,485072000000.0,465952000000.0,1.85,4.1
029460,케이씨,KOSPI,2125,140,298,5.13,3140,11020,12.0,00209780,CFS,148530615265.0,149623462837.0,18419440807.0,21150096037.0,-0.73,-12.91
029530,신도리코,KOSPI,852,29,260,2.46,3998,9715,12.0,00135795,CFS,299884967949.0,322879212684.0,9534747433.0,19213501083.0,-7.12,-50.37
029780,삼성카드,KOSPI,12858,2100,2121,7.21,54859,115858,12.0,00126292,,,,,,,
030000,제일기획,KOSPI,10176,365,409,14.28,21317,115041,12.0,00148276,CFS,1415623098733.0,1387912376536.0,97200278753.0,96319955701.0,2.0,0.91
030190,NICE평가정보,KOSPI,1560,294,315,19.33,8518,58911,12.0,00158325,CFS,475913851607.0,442593326289.0,90697367897.0,81540307495.0,7.53,11.23
030200,KT,KOSPI,67784,4827,5125,8.87,132815,252021,12.0,00190321,CFS,19324024000000.0,18579678000000.0,1304973000000.0,346489000000.0,4.01,276.63
030210,다올투자증권,KOSPI,7691,92,207,7.02,2034,60911,12.0,00156859,CFS,1119617113008.0,894950089625.0,,,25.1,
030610,교보증권,KOSPI,23957,959,929,7.61,10803,113962,12.0,00113359,CFS,4464182471000.0,3168351882000.0,,,40.9,
030720,동원수산,KOSPI,398,36,39,16.39,266,4653,12.0,00118044,CFS,103427789953.0,108240463301.0,3675248244.0,-1044148134.0,-4.45,451.99
031210,서울보증보험,KOSPI,8343,935,855,6.12,29185,69821,12.0,00112998,,,,,,,
031430,신세계인터내셔날,KOSPI,2956,148,146,1.67,3960,34986,12.0,00234412,CFS,867336588762.0,844732501443.0,7884047089.0,3305715290.0,2.68,138.5
031440,신세계푸드,KOSPI,3094,34,28,23.22,1477,3872,12.0,00274933,CFS,1215810526678.0,1245834826224.0,6503140558.0,2301207347.0,-2.41,182.6
031820,아이티센씨티에스,KOSPI,2488,35,395,36.03,611,12105,12.0,00186559,CFS,295679061906.0,329063306767.0,3973968601.0,12443954125.0,-10.15,-68.07
032350,롯데관광개발,KOSPI,1562,288,-62,13.41,8809,79725,12.0,00231372,CFS,276216682865.0,252499460499.0,-25147035325.0,-34247329098.0,9.39,26.57
032560,황금에스티,KOSPI,877,88,115,5.42,882,17000,12.0,00218575,CFS,153387045833.0,140807169950.0,8040079343.0,5663459931.0,8.93,41.96
032640,LG유플러스,KOSPI,38037,2723,2225,6.15,61117,424427,12.0,00231363,CFS,14204231000000.0,13496233000000.0,911741000000.0,881806000000.0,5.25,3.39
032830,삼성생명,KOSPI,147194,13578,15294,5.44,632000,200000,12.0,00126256,,,,,,,
033240,자화전자,KOSPI,2607,246,382,17.26,5163,21605,12.0,00146861,CFS,791892619718.0,650528455550.0,59140367044.0,43880478467.0,21.73,34.78
033250,체시스,KOSPI,246,14,22,13.75,239,6400,12.0,00125576,CFS,51565528255.0,53408947618.0,6709581676.0,3217105195.0,-3.45,108.56
033270,유나이티드제약,KOSPI,2887,563,461,8.27,2706,15910,12.0,00158963,CFS,288764867640.0,288706729642.0,49584726929.0,56283207635.0,0.02,-11.9
033530,SJG세종,KOSPI,4848,362,477,16.26,1672,27820,12.0,00134510,CFS,562029556108.0,626254473279.0,41571573497.0,42855500137.0,-10.26,-3.0
033780,KT&G,KOSPI,17036,3645,5083,13.25,184990,103810,12.0,00244455,CFS,4145475000000.0,3704548000000.0,1000717000000.0,981668000000.0,11.9,1.94
033920,무학,KOSPI,357,7,-145,4.67,2071,28500,12.0,00121543,CFS,139567140470.0,147752802437.0,10427769770.0,17893151324.0,-5.54,-41.72
034020,두산에너빌리티,KOSPI,42611,2335,1195,1.98,427894,640561,12.0,00159616,CFS,7117023000000.0,6320304000000.0,496006000000.0,393427000000.0,12.61,26.07
034120,SBS,KOSPI,1904,-176,-159,0.11,2116,18551,12.0,00130772,CFS,676707657432.0,768430808323.0,13167420676.0,-25939440339.0,-11.94,150.76
034220,LG디스플레이,KOSPI,55340,1467,-5222,-1.28,48750,500000,12.0,00105873,CFS,24115926000000.0,25178688000000.0,-624135000000.0,-1800625000000.0,-4.22,65.34
034230,파라다이스,KOSPI,2940,373,249,4.71,8957,92629,12.0,00171265,CFS,436773553187.0,419284600650.0,37953041520.0,44553236502.0,4.17,-14.81
034310,NICE,KOSPI,7888,424,442,5.87,4649,36757,12.0,00158316,CFS,60218593679.0,66391236172.0,35026939075.0,41840128877.0,-9.3,-16.28
034590,인천도시가스,KOSPI,9436,194,244,8.85,1148,4374,12.0,00145862,CFS,962994363377.0,943613477823.0,19148972191.0,19421916059.0,2.05,-1.41
034730,SK,KOSPI,367513,35942,116472,9.29,432116,72502,12.0,00181712,CFS,3612294000000.0,3706767000000.0,813163000000.0,998339000000.0,-2.55,-18.55
03473K,SK우,KOSPI,0,0,0,0.0,1885,566,12.0,,,,,,,,
034830,한국토지신탁,KOSPI,437,5,141,2.25,2754,252489,12.0,00233653,CFS,193914864106.0,220985719417.0,,,-12.25,
035000,HS애드,KOSPI,721,-121,-123,7.91,940,16207,12.0,00140168,CFS,333306794305.0,363618040432.0,18044666622.0,13588063880.0,-8.34,32.8
035150,백산,KOSPI,1301,127,146,12.76,1965,19771,12.0,00122551,CFS,271375977154.0,258284843069.0,43278345096.0,56502761822.0,5.07,-23.4
035250,강원랜드,KOSPI,3789,689,539,7.55,30187,213940,12.0,00255619,CFS,1475361434671.0,1425759914542.0,235471255860.0,286514798345.0,3.48,-17.82
035420,NAVER,KOSPI,32411,5418,3935,6.49,302902,156944,12.0,00266961,CFS,7019329989860.0,6180892084942.0,1945532432697.0,1905258322935.0,13.56,2.11
035510,신세계 I&C,KOSPI,1786,124,136,6.89,1708,13980,12.0,00219486,CFS,667979284523.0,613726978386.0,49196501066.0,37676004527.0,8.84,30.58
035720,카카오,KOSPI,19421,2114,3325,4.49,156372,442981,12.0,00258801,CFS,2680861279732.0,2595101463079.0,440242465351.0,491969958048.0,3.3,-10.51
036420,콘텐트리중앙,KOSPI,1918,-16,-221,-90.88,318,19262,12.0,00203315,CFS,35165285205.0,31768378649.0,1985711590.0,2096188964.0,10.69,-5.27
036460,한국가스공사,KOSPI,118022,9100,7183,2.8,29770,92313,12.0,00261285,CFS,34018434000000.0,36551475000000.0,1791934000000.0,2559838000000.0,-6.93,-30.0
036530,SNT홀딩스,KOSPI,4805,646,721,9.02,8347,16303,12.0,00225159,CFS,76589716022.0,28674269200.0,72772007290.0,26141392121.0,167.1,178.38
036570,NC,KOSPI,5574,1133,1873,14.0,45996,21544,12.0,00261443,CFS,1285926010428.0,1420139775353.0,46381921235.0,-82532052782.0,-9.45,156.2
036580,팜스코,KOSPI,3990,197,-48,18.28,1033,36727,12.0,00260408,CFS,1427995693337.0,1498530910459.0,61017963729.0,66468536177.0,-4.71,-8.2
037270,YG PLUS,KOSPI,535,39,82,12.48,1986,63663,12.0,00249247,CFS,210327370519.0,148904885112.0,16475075876.0,2090767163.0,41.25,687.99
037560,LG헬로비전,KOSPI,2554,51,36,0.4,1177,77446,12.0,00222532,CFS,1266851190603.0,1197784096349.0,24596703433.0,12702860049.0,5.77,93.63
037710,광주신세계,KOSPI,0,0,0,0.0,2986,7627,12.0,00220561,CFS,184210548361.0,183575423411.0,52472202633.0,52327661202.0,0.35,0.28
039130,하나투어,KOSPI,1748,168,262,29.65,4670,15489,12.0,00269940,CFS,480818081633.0,513785649802.0,33054851259.0,25185539575.0,-6.42,31.25
039490,키움증권,KOSPI,93960,6212,6623,21.51,80127,26228,12.0,00296290,CFS,15715186906021.0,10210184320220.0,,,53.92,
039570,HDC랩스,KOSPI,1481,72,87,6.31,1949,25957,12.0,00350312,CFS,645540104912.0,628807776981.0,8745825749.0,6449180906.0,2.66,35.61
041650,상신브레이크,KOSPI,1303,22,43,-4.15,457,21471,12.0,00129642,CFS,389018846221.0,401994782639.0,2699253860.0,19964245471.0,-3.23,-86.48
042660,한화오션,KOSPI,32099,4411,5064,25.71,250952,306413,12.0,00111704,CFS,12903594354486.0,10764756994564.0,1154002861086.0,210774153600.0,19.87,447.51
042700,한미반도체,KOSPI,509,85,251,30.8,213499,95312,12.0,00161383,CFS,559680004877.0,555547131225.0,242363715065.0,255609648684.0,0.74,-5.18
044380,주연테크,KOSPI,171,4,6,-1.87,174,12896,12.0,00269241,CFS,62616477232.0,53068185647.0,-1633351853.0,-2898299703.0,17.99,43.64
044450,KSS해운,KOSPI,1398,216,640,15.25,2248,23085,12.0,00160232,CFS,561349256919.0,517885789039.0,110305577055.0,104071333571.0,8.39,5.99
044820,코스맥스비티아이,KOSPI,2052,164,247,15.94,1816,9603,12.0,00219574,CFS,177733181899.0,113506043073.0,28038997909.0,18175728208.0,56.58,54.27
047040,대우건설,KOSPI,19514,2556,2673,-19.51,60814,410907,12.0,00124540,CFS,7168594831966.0,9397321226320.0,-925744781108.0,109653524495.0,-23.72,-944.25
047050,포스코인터내셔널,KOSPI,84104,3575,3369,10.31,92535,175922,12.0,00124504,CFS,26956598311000.0,27388738985000.0,854638339000.0,881516897000.0,-1.58,-3.05
047400,유니온머티리얼,KOSPI,248,11,14,15.16,404,42000,12.0,00369833,CFS,101381267232.0,108302728044.0,2059421666.0,-13589261458.0,-6.39,115.15
047810,한국항공우주,KOSPI,10927,671,530,11.14,138902,97475,12.0,00309503,CFS,3625239285458.0,3598366746562.0,268322031894.0,242890955157.0,0.75,10.47
049800,우진플라임,KOSPI,356,-41,-26,2.48,343,20000,12.0,00303217,CFS,211392273616.0,209167399395.0,2738704921.0,1349837843.0,1.06,102.89
051600,한전KPS,KOSPI,3524,370,392,11.25,19147,45000,12.0,00159218,CFS,1545256061902.0,1534269226825.0,139376494340.0,207669191572.0,0.72,-32.89
051630,진양화학,KOSPI,245,-41,-45,-12.58,362,21200,12.0,00347734,CFS,18563879502.0,24527435256.0,-743281876.0,-4139532436.0,-24.31,82.04
051900,LG생활건강,KOSPI,15766,1078,1157,-2.04,36690,14975,12.0,00356370,CFS,3040730093373.0,3534849946196.0,-3136953974.0,228882877914.0,-13.98,-101.37
051905,LG생활건강우,KOSPI,0,0,0,0.0,1903,2096,12.0,,,,,,,,
051910,LG화학,KOSPI,122468,-497,-5665,-6.05,176833,70592,12.0,00356361,CFS,18216499000000.0,20387492000000.0,-210548000000.0,115741000000.0,-10.65,-281.91
051915,LG화학우,KOSPI,0,0,0,0.0,8734,7688,12.0,,,,,,,,
052690,한전기술,KOSPI,1133,141,178,5.65,33404,38220,12.0,00159209,CFS,518767621092.0,569493930324.0,33877678060.0,69188555765.0,-8.91,-51.04
053210,스카이라이프,KOSPI,2390,59,24,0.76,1912,47522,12.0,00349097,CFS,683305721171.0,706304661241.0,37754615227.0,41004880344.0,-3.26,-7.93
053690,한미글로벌,KOSPI,1120,30,41,6.7,1628,10957,12.0,00413523,CFS,164233811551.0,171987278276.0,6417511429.0,8099539491.0,-4.51,-20.77
055490,테이팩스,KOSPI,386,18,27,3.33,591,4786,12.0,00256955,CFS,141121628302.0,134174014276.0,5178301569.0,2809388211.0,5.18,84.32
055550,신한지주,KOSPI,148145,21545,22214,8.81,496963,474654,12.0,00382199,,,,,,,
057050,현대홈쇼핑,KOSPI,9785,653,702,4.61,0,12000,12.0,00412597,CFS,1089888734000.0,1092636932000.0,77332554000.0,61827026000.0,-0.25,25.08
058430,포스코스틸리온,KOSPI,2793,63,79,3.77,2619,60000,12.0,00155258,CFS,1093988999026.0,1175768617047.0,19112881871.0,37847190348.0,-6.96,-49.5
058650,세아홀딩스,KOSPI,17113,577,484,3.14,4997,4242,12.0,00377610,CFS,50654053389.0,45759183172.0,31679263429.0,23682852036.0,10.7,33.76
058730,다스코,KOSPI,595,-58,-62,-5.83,867,19948,12.0,00353878,CFS,239631452149.0,227946673054.0,5040446303.0,1103363728.0,5.13,356.83
058850,KTcs,KOSPI,2358,105,106,12.89,923,41404,12.0,00372882,CFS,671592600322.0,677735159368.0,19070760793.0,-2195352999.0,-0.91,968.69
058860,KTis,KOSPI,4364,207,214,0.0,878,34802,12.0,00372873,CFS,588759964114.0,544410481821.0,24740241685.0,23638365531.0,8.15,4.66
060980,HL홀딩스,KOSPI,3270,347,283,3.33,3431,9078,12.0,00299002,CFS,872823191615.0,947415553468.0,77773329745.0,119399305175.0,-7.87,-34.86
062040,산일전기,KOSPI,1503,555,597,0.0,50454,30615,12.0,00366438,CFS,501946220880.0,333996550771.0,179039569523.0,109231906505.0,50.28,63.91
063160,종근당바이오,KOSPI,1718,110,92,6.85,704,5485,12.0,00390055,CFS,160070986863.0,171756008722.0,3605135548.0,10953544485.0,-6.8,-67.09
064350,현대로템,KOSPI,14575,2242,2756,30.08,167096,109142,12.0,00302926,CFS,5694994720000.0,4323302753000.0,998880351000.0,468382752000.0,31.73,113.26
064400,LG씨엔에스,KOSPI,13150,942,1128,16.64,60553,96885,12.0,00139834,CFS,5449270878000.0,5407585590000.0,433533928000.0,413488606000.0,0.77,4.85
064960,SNT모티브,KOSPI,2156,215,332,7.23,6754,26540,12.0,00398792,CFS,998738886099.0,947329803800.0,109161451755.0,99149942526.0,5.43,10.1
066570,LG전자,KOSPI,237272,16737,14009,4.11,282116,162884,12.0,00401731,CFS,29554826000000.0,30762552000000.0,-787504000000.0,558964000000.0,-3.93,-240.89
066575,LG전자우,KOSPI,0,0,0,0.0,10824,17181,12.0,,,,,,,,
066970,엘앤에프,KOSPI,7396,1173,-555,-76.93,33685,40683,12.0,00398701,CFS,2149618578656.0,1903173521972.0,-154267011113.0,-558742289817.0,12.95,72.39
067830,세이브존I&C,KOSPI,1172,78,161,2.64,943,41040,12.0,00422895,CFS,118101449478.0,117239836613.0,4585913625.0,7777044370.0,0.73,-41.03
068270,셀트리온,KOSPI,11450,3219,4322,7.28,399062,232553,12.0,00413046,CFS,2928637506047.0,3709213742987.0,918952338732.0,1211013945929.0,-21.04,-24.12
068290,삼성출판사,KOSPI,406,-2,126,6.34,621,10000,12.0,00423690,CFS,40291331074.0,40565887090.0,-795440193.0,-181381974.0,-0.68,-338.54
069260,TKG휴켐스,KOSPI,2949,152,179,6.86,6176,40878,12.0,00426086,CFS,1082236125709.0,1178503410670.0,67471387356.0,82804758677.0,-8.17,-18.52
069460,대호에이엘,KOSPI,654,17,-99,-44.72,463,17414,12.0,00428729,CFS,200272853980.0,168532831254.0,4263347786.0,5826923476.0,18.83,-26.83
069620,대웅제약,KOSPI,3778,222,340,21.84,14112,11586,12.0,00427483,CFS,1390995347493.0,1265401249835.0,203562530726.0,163755447749.0,9.93,24.31
069640,한세엠케이,KOSPI,660,4,-11,-115.88,222,22403,12.0,00357360,CFS,226741131539.0,224208628023.0,-9742571774.0,-14893986032.0,1.13,34.59
069730,DSR제강,KOSPI,567,66,118,15.28,813,14400,12.0,00151298,CFS,223570015476.0,215582385097.0,27026195150.0,19511056524.0,3.71,38.52
069960,현대백화점,KOSPI,9501,988,986,4.62,30212,21564,12.0,00428251,CFS,1795544840000.0,1778477570000.0,264755055000.0,226066710000.0,0.96,17.11
070960,모나용평,KOSPI,477,94,80,-8.44,1010,48133,12.0,00365989,CFS,245837503553.0,263891055888.0,23445467761.0,27304027587.0,-6.84,-14.13
071050,한국금융지주,KOSPI,104160,11063,12362,21.86,122039,55725,12.0,00432102,,,,,,,
071055,한국금융지주우,KOSPI,0,0,0,0.0,8711,5858,12.0,,,,,,,,
071090,하이스틸,KOSPI,549,18,37,-1.99,576,20191,12.0,00435312,CFS,254190897257.0,245341001807.0,-1491635552.0,583470141.0,3.61,-355.65
071320,지역난방공사,KOSPI,14341,3202,2963,13.14,7375,11578,12.0,00159698,CFS,3997952000000.0,3570123000000.0,527043000000.0,326724000000.0,11.98,61.31
071840,롯데하이마트,KOSPI,23567,17,-2869,-28.05,1468,23607,12.0,00158307,CFS,2300095883091.0,2356656539880.0,9639450324.0,1720857840.0,-2.4,460.15
071950,코아스,KOSPI,214,19,1,-162.18,218,12459,12.0,00210856,CFS,61641195433.0,76753756057.0,-5076064631.0,-7130775204.0,-19.69,28.81
071970,HD현대마린엔진,KOSPI,1335,326,348,43.41,19742,33921,12.0,00406046,CFS,379847863143.0,295824034505.0,68451829452.0,28947889747.0,28.4,136.47
072130,유엔젤,KOSPI,177,2,13,7.32,583,12695,12.0,00416654,CFS,61002300369.0,52222065775.0,3560976773.0,680748761.0,16.81,423.1
072710,농심홀딩스,KOSPI,2654,309,303,9.16,4053,4637,12.0,00459871,CFS,31720775000.0,21767504600.0,26245535099.0,16626059053.0,45.73,57.86
073240,금호타이어,KOSPI,11678,1470,1291,17.1,17522,287260,12.0,00481454,CFS,3530891476573.0,3608474460011.0,408213125691.0,494262265080.0,-2.15,-17.41
074610,이엔플러스,KOSPI,63,-6,-6,-68.19,448,8770,12.0,00469799,CFS,29504334488.0,20199884719.0,-2901533511.0,-16740757204.0,46.06,82.67
075180,새론오토모티브,KOSPI,361,-17,57,0.5,574,19200,12.0,00305668,CFS,102914912208.0,105687734264.0,-2912962283.0,-8881917202.0,-2.62,67.2
075580,세진중공업,KOSPI,872,136,205,24.76,6549,56849,12.0,00415628,CFS,366130145053.0,311656739711.0,63791150341.0,29222526889.0,17.48,118.29
077500,유니퀘스트,KOSPI,1690,115,119,9.29,1153,21600,12.0,00414601,CFS,729770346361.0,710482069603.0,39234567791.0,34659637062.0,2.71,13.2
077970,STX엔진,KOSPI,1890,175,160,23.25,9374,40148,12.0,00480455,CFS,744818465645.0,687958763734.0,64753302712.0,37372942882.0,8.26,73.26
078000,텔코웨어,KOSPI,68,-14,66,11.44,1155,9240,12.0,00361488,CFS,38351279931.0,44852925328.0,3285832222.0,3375021568.0,-14.5,-2.64
078520,에이블씨엔씨,KOSPI,614,94,111,22.13,2536,26014,12.0,00400857,CFS,179925708861.0,190411926930.0,21167469815.0,15862114497.0,-5.51,33.45
078930,GS,KOSPI,68423,12586,12146,9.0,76638,92895,12.0,00500254,CFS,369270000000.0,679438000000.0,281610000000.0,590466000000.0,-45.65,-52.31
078935,GS우,KOSPI,0,0,0,0.0,975,1779,12.0,,,,,,,,
079160,CJ CGV,KOSPI,5734,87,-206,-27.9,7269,165582,12.0,00303873,CFS,660398550966.0,758764846967.0,-49495989546.0,-7601703137.0,-12.96,-551.12
079430,현대리바트,KOSPI,3559,11,22,0.59,1118,20114,12.0,00300548,CFS,1477292211832.0,1821458932483.0,14566969599.0,22878211179.0,-18.9,-36.33
079550,LIG디펜스앤에어로스페이스,KOSPI,11679,1711,1768,22.47,147840,22000,12.0,00503668,CFS,4289984583062.0,3258575047879.0,364519710718.0,241285746392.0,31.65,51.07
079900,전진건설로봇,KOSPI,460,43,88,21.25,4370,14592,12.0,00372129,CFS,179786889426.0,165962987643.0,32256121653.0,31036656912.0,8.33,3.93
079980,휴비스,KOSPI,2260,2,-37,-0.74,676,34500,12.0,00362238,CFS,691404856665.0,725112102656.0,16502910609.0,-40806753427.0,-4.65,140.44
081000,일진다이아,KOSPI,478,4,48,2.31,1195,14202,12.0,00508274,CFS,63423472712.0,60499900040.0,727343837.0,-1206750668.0,4.83,160.27
081660,미스토홀딩스,KOSPI,12890,1937,1965,11.6,24422,53091,12.0,00195229,CFS,343428070877.0,162881860568.0,310736032033.0,137335580576.0,110.84,126.26
082640,동양생명,KOSPI,11178,311,310,6.21,11907,156062,12.0,00117267,,,,,,,
082740,한화엔진,KOSPI,3452,514,691,0.0,37050,83447,12.0,00361008,CFS,1371057336146.0,1202204707511.0,130066296100.0,71531721192.0,14.05,81.83
083420,그린케미칼,KOSPI,3303,107,99,6.75,1068,24000,12.0,00454946,CFS,304057102221.0,330339365530.0,10149397773.0,10686734198.0,-7.96,-5.03
084010,대한제강,KOSPI,3056,1,1,1.04,2498,34371,12.0,00113225,CFS,731269024453.0,796284829280.0,4004309390.0,10648168125.0,-8.16,-62.39
084670,동양고속,KOSPI,306,6,-2,6.86,702,2895,12.0,00540641,CFS,125048046365.0,121544197481.0,5263068648.0,-1332290298.0,2.88,495.04
084680,이월드,KOSPI,1085,-4,-227,-8.78,879,141806,12.0,00540605,CFS,88727496688.0,108453970504.0,-3177099947.0,-419841181.0,-18.19,-656.74
084690,대상홀딩스,KOSPI,14259,781,636,-11.79,2581,36212,12.0,00539274,CFS,38067862308.0,44224713038.0,13007601613.0,20271869708.0,-13.92,-35.83
084695,대상홀딩스우,KOSPI,0,0,0,0.0,104,913,12.0,,,,,,,,
084870,TBH글로벌,KOSPI,473,-9,-24,1.92,396,20458,12.0,00409672,CFS,171345414390.0,177314017986.0,2068487790.0,3662828795.0,-3.37,-43.53
085310,엔케이,KOSPI,319,5,29,-0.9,593,7418,12.0,00172228,CFS,93350073189.0,84651809570.0,-5837693882.0,-5999911986.0,10.28,2.7
085620,미래에셋생명,KOSPI,27964,684,663,6.52,21534,135180,12.0,00112332,,,,,,,
086280,현대글로비스,KOSPI,78127,5215,4451,17.34,142275,75000,12.0,00360595,CFS,22531796309981.0,21634734767760.0,1561298367521.0,1247707246758.0,4.15,25.13
086790,하나금융지주,KOSPI,290048,16536,17110,9.2,363811,274367,12.0,00547583,,,,,,,
088350,한화생명,KOSPI,99852,4808,4846,6.95,37694,868530,12.0,00113058,,,,,,,
088790,진도,KOSPI,442,11,11,0.84,299,12447,12.0,00557933,CFS,47608077683.0,44153009434.0,3983320538.0,1143805417.0,7.83,248.25
089470,HDC현대EP,KOSPI,2549,78,92,8.82,1138,31900,12.0,00357935,CFS,793405658477.0,809305298241.0,35998248597.0,24203428653.0,-1.96,48.73
089590,제주항공,KOSPI,5162,690,192,-23.05,3362,80640,12.0,00555874,CFS,1500109107562.0,1856276062641.0,-126006279594.0,60151712479.0,-19.19,-309.48
089860,롯데렌탈,KOSPI,7309,836,415,8.54,13325,36309,12.0,00545716,CFS,2673809726794.0,2517081844378.0,287497141277.0,255735852229.0,6.23,12.42
090080,평화산업,KOSPI,1626,51,74,38.5,492,54902,12.0,00573579,CFS,618025594998.0,582589217842.0,13087035298.0,13475891081.0,6.08,-2.89
090350,노루페인트,KOSPI,1762,79,93,4.87,1470,20000,12.0,00583442,CFS,656917054146.0,690764490068.0,14100891644.0,27198379119.0,-4.9,-48.16
090355,노루페인트우,KOSPI,0,0,0,0.0,47,463,12.0,,,,,,,,
090370,메타랩스,KOSPI,304,5,-3,-13.2,285,27304,12.0,00442835,CFS,45149324913.0,11489041174.0,-2224185874.0,-1439515209.0,292.98,-54.51
090430,아모레퍼시픽,KOSPI,11358,1267,1527,4.34,70015,58492,12.0,00583424,CFS,2653725793231.0,2413786374578.0,212514854678.0,127952541064.0,9.94,66.09
090435,아모레퍼시픽우,KOSPI,0,0,0,0.0,4175,10557,12.0,,,,,,,,
090460,비에이치,KOSPI,3716,107,370,11.25,5575,33711,12.0,00447609,CFS,349882710927.0,346403440277.0,6053424445.0,59627326326.0,1.0,-89.85
091810,트리니티항공,KOSPI,6121,192,-169,-439.24,2930,510530,12.0,00671376,CFS,1798720004565.0,1537290236781.0,-269235092846.0,-14757311119.0,17.01,-1724.42
092200,디아이씨,KOSPI,1652,28,32,-8.55,1582,38888,12.0,00112165,CFS,406814288213.0,462373864917.0,2295496587.0,16535601509.0,-12.02,-86.12
092220,KEC,KOSPI,643,-48,-51,-8.74,1062,40152,12.0,00589127,CFS,219393654621.0,233026197232.0,-28298869101.0,-19111417841.0,-5.85,-48.07
092230,KPX홀딩스,KOSPI,3110,133,450,11.0,3468,4224,12.0,00587466,CFS,100960027441.0,115975236117.0,26534057967.0,20104758830.0,-12.95,31.98
092440,기신정기,KOSPI,1193,-37,-2,-0.31,551,29200,3.0,00106614,CFS,108912089975.0,120128473240.0,781463167.0,4693926073.0,-9.34,-83.35
092780,DYP,KOSPI,1171,30,40,6.87,433,13168,12.0,00117726,CFS,374959053687.0,365357185123.0,3669548964.0,2629920002.0,2.63,39.53
092790,넥스틸,KOSPI,1006,27,43,3.97,2839,26002,12.0,00220613,CFS,544671975941.0,552365337649.0,39435901206.0,61518303092.0,-1.39,-35.9
093050,LF,KOSPI,4619,444,455,6.71,6593,29240,12.0,00593032,CFS,1140620103883.0,1205319857036.0,95820884043.0,65841950776.0,-5.37,45.53
093240,형지엘리트,KOSPI,1295,88,100,8.33,268,61390,6.0,00441243,CFS,164902130597.0,131848741012.0,7157033744.0,6313022590.0,25.07,13.37
093370,후성,KOSPI,1414,93,-9,-1.38,11444,107255,12.0,00595191,CFS,272340048398.0,253172924876.0,13981280226.0,4146770024.0,7.57,237.16
094280,효성ITX,KOSPI,1303,34,31,20.45,1373,11558,12.0,00414850,CFS,518102833803.0,505444419782.0,18957975438.0,18735054740.0,2.5,1.19
095570,AJ네트웍스,KOSPI,2872,219,115,7.07,1945,45252,12.0,00365387,CFS,698276540000.0,611678379000.0,75091665000.0,83151116000.0,14.16,-9.69
095720,웅진씽크빅,KOSPI,1796,-34,-51,-6.17,662,56827,12.0,00628189,CFS,574031404187.0,662231767246.0,-13076801169.0,10062484022.0,-13.32,-229.96
096760,JW홀딩스,KOSPI,2432,515,516,27.69,2820,73924,12.0,00632304,CFS,93252637632.0,99509031134.0,25852324678.0,38907755417.0,-6.29,-33.55
096770,SK이노베이션,KOSPI,242121,20832,13949,-9.04,196608,169052,12.0,00631518,CFS,4850904693000.0,1874893744000.0,2730034540000.0,493227201000.0,158.73,453.5
096775,SK이노베이션우,KOSPI,0,0,0,0.0,764,1248,12.0,,,,,,,,
097230,HJ중공업,KOSPI,5414,246,253,13.69,13092,90295,12.0,00633835,CFS,1998906000000.0,1885164000000.0,66804000000.0,7458000000.0,6.03,795.74
097520,엠씨넥스,KOSPI,3035,114,164,12.14,3020,17401,12.0,00564562,CFS,964626721908.0,779770902610.0,32405364988.0,16739664415.0,23.71,93.58
097950,CJ제일제당,KOSPI,71111,2381,1696,-6.6,28030,15054,12.0,00635134,CFS,7281140720000.0,7598277073000.0,185630662000.0,275834756000.0,-4.17,-32.7
097955,CJ제일제당 우,KOSPI,0,0,0,0.0,1575,1327,12.0,,,,,,,,
100090,SK오션플랜트,KOSPI,1747,169,139,5.63,8390,62478,12.0,00480367,CFS,928915090551.0,626418503995.0,65686854180.0,23827815238.0,48.29,175.67
100220,비상교육,KOSPI,1042,350,346,11.53,593,12996,12.0,00520887,CFS,265695040273.0,238269552424.0,20686649465.0,6044175882.0,11.51,242.26
100250,진양홀딩스,KOSPI,737,23,136,9.77,1881,63900,12.0,00646732,CFS,26340093112.0,15178429378.0,21133446111.0,10379701288.0,73.54,103.6
100840,SNT에너지,KOSPI,1236,228,351,29.48,4901,20680,12.0,00648721,CFS,499146460507.0,262569502027.0,95537480608.0,20727708856.0,90.1,360.92
101140,인바이오젠,KOSPI,70,-61,161,10.64,516,10044,12.0,00652423,CFS,6296747709.0,7041061562.0,-4332844227.0,-6093214907.0,-10.57,28.89
101530,해태제과식품,KOSPI,1577,107,87,7.49,1586,29116,12.0,00428321,CFS,597709502110.0,583795452430.0,37793620026.0,44804713776.0,2.38,-15.65
102260,동성케미컬,KOSPI,2870,254,269,7.73,1755,50669,12.0,00679314,CFS,387065153130.0,387799173588.0,29630665340.0,14118343379.0,-0.19,109.87
102460,이연제약,KOSPI,361,-68,-112,-17.66,1841,18586,12.0,00145598,CFS,145928626140.0,148299673635.0,-30406892439.0,544589334.0,-1.6,-5683.45
103140,풍산,KOSPI,12709,902,1011,8.13,16758,28024,12.0,00684714,CFS,3849107225015.0,3502597156849.0,247154403114.0,314065814136.0,9.89,-21.3
103590,일진전기,KOSPI,5061,508,426,21.03,28277,47685,12.0,00683469,CFS,2018227476000.0,1549553530000.0,153519190000.0,74861651000.0,30.25,105.07
104700,한국철강,KOSPI,0,0,0,0.0,3364,36450,12.0,00687711,CFS,486605490510.0,600003866825.0,-38699180493.0,1813549115.0,-18.9,-2233.89
105560,KB금융,KOSPI,306296,27276,26311,10.25,617156,354687,12.0,00688996,,,,,,,
105630,한세실업,KOSPI,4672,105,-6,6.21,3576,40000,12.0,00728638,CFS,1827932619764.0,1719024089082.0,93910597524.0,135527524524.0,6.34,-30.71
105840,우진,KOSPI,372,50,53,7.02,2631,20197,12.0,00173944,CFS,71565813467.0,71859322689.0,9541265297.0,10942928282.0,-0.41,-12.81
107590,미원홀딩스,KOSPI,1477,93,175,10.57,1238,2320,12.0,00706715,CFS,18740988445.0,18491383590.0,2388642201.0,3277954829.0,1.35,-27.13
108320,LX세미콘,KOSPI,3888,206,154,4.41,6237,16264,12.0,00525934,CFS,1639070665791.0,1865621538499.0,105576873405.0,164116602794.0,-12.14,-35.67
108670,LX하우시스,KOSPI,8147,459,385,-1.27,2820,8967,12.0,00759513,CFS,2642115000000.0,3091827000000.0,32831000000.0,78618000000.0,-14.55,-58.24
108675,LX하우시스우,KOSPI,0,0,0,0.0,167,1032,12.0,,,,,,,,
109070,주성코퍼레이션,KOSPI,176,-3,12,6.94,699,52810,12.0,00753643,CFS,83103986067.0,66807454484.0,2924063414.0,3515768646.0,24.39,-16.83
111110,호전실업,KOSPI,892,-14,15,6.72,593,9066,12.0,00226316,CFS,493314399143.0,435038893151.0,20764191094.0,25533922329.0,13.4,-18.68
111380,동인기연,KOSPI,620,65,92,10.71,772,6128,12.0,00367710,CFS,235944946631.0,218394674686.0,30670484079.0,29906075010.0,8.04,2.56
111770,영원무역,KOSPI,8958,1204,1892,13.88,38462,44311,12.0,00776820,CFS,2507415267630.0,2113886201401.0,272761382756.0,215101485285.0,18.62,26.81
112610,씨에스윈드,KOSPI,7111,743,541,-1.42,16320,42171,12.0,00670340,CFS,613558736508.0,535988571158.0,51361821034.0,51191893091.0,14.47,0.33
114090,GKL,KOSPI,1107,181,193,10.83,5777,61855,12.0,00557508,CFS,422947217924.0,396390016167.0,52684973551.0,38322753217.0,6.7,37.48
117580,대성에너지,KOSPI,7235,231,243,8.18,1914,27500,12.0,00787376,CFS,1017938768125.0,995129899139.0,30348573111.0,20476271942.0,2.29,48.21
118000,메타케어,KOSPI,101,6,6,0.78,291,22055,12.0,00791209,CFS,21947303219.0,19905968525.0,2506544134.0,1353819925.0,10.25,85.15
119650,KC코트렐,KOSPI,248,16,85,3.18,1007,109785,12.0,00797364,CFS,180532908393.0,291306245985.0,-8165060645.0,-69064814009.0,-38.03,88.18
120030,조선선재,KOSPI,0,0,0,0.0,1069,1257,12.0,00796994,CFS,51761856558.0,50908446396.0,7786351406.0,8683453948.0,1.68,-10.33
120110,코오롱인더,KOSPI,12374,619,840,2.46,14853,29946,12.0,00795135,CFS,3986810597353.0,3353644045008.0,33978321061.0,66942307731.0,18.88,-49.24
120115,코오롱인더우,KOSPI,0,0,0,0.0,626,2767,12.0,,,,,,,,
122900,아이마켓코리아,KOSPI,8425,166,176,7.82,2430,33428,12.0,00360142,CFS,1922135687108.0,2224254159220.0,22311439669.0,27040566315.0,-13.58,-17.49
123690,한국화장품,KOSPI,209,19,21,3.93,965,16068,12.0,00823429,CFS,11799002271.0,12357539595.0,-3317919178.0,-2965563836.0,-4.52,-11.88
123700,SJM,KOSPI,531,31,82,6.03,525,15604,12.0,00815369,CFS,77345617220.0,77101341124.0,-6452999233.0,-2959046414.0,0.32,-118.08
123890,한국자산신탁,KOSPI,688,108,158,4.46,2667,122373,12.0,00404701,CFS,146320844029.0,159735179157.0,,,-8.4,
126560,현대퓨처넷,KOSPI,709,43,68,1.36,3194,109201,12.0,00403632,CFS,134347439000.0,86084370000.0,-5216240000.0,-9242560000.0,56.06,43.56
126720,수산인더스트리,KOSPI,857,136,291,11.61,2914,14286,12.0,00193328,CFS,219427967896.0,204979507265.0,26798417032.0,26787141826.0,7.05,0.04
128820,대성산업,KOSPI,4126,218,161,-9.74,1822,45235,12.0,00828789,CFS,864063634007.0,727057412337.0,2253333283.0,-68118003.0,18.84,3407.98
128940,한미약품,KOSPI,3929,536,554,14.29,47720,12810,12.0,00828497,CFS,1146621703290.0,1114122996196.0,177802531448.0,132700571622.0,2.92,33.99
129260,인터지스,KOSPI,1945,35,37,2.39,574,29747,12.0,00151368,CFS,655838784174.0,645084717101.0,9864727659.0,15942842363.0,1.67,-38.12
130660,한전산업,KOSPI,1074,63,66,3.48,3383,32600,12.0,00194947,CFS,392408970059.0,361546971762.0,5743053002.0,13507582376.0,8.54,-57.48
133820,화인베스틸,KOSPI,506,14,1,3.56,437,37114,12.0,00661847,CFS,180562458971.0,114498270230.0,819276457.0,-14909905273.0,57.7,105.49
134380,미원화학,KOSPI,0,0,0,0.0,2188,21992,12.0,00855163,CFS,284512419024.0,256110289517.0,29153781514.0,28634790078.0,11.09,1.81
134790,시디즈,KOSPI,545,15,27,-0.14,387,2000,12.0,00852087,CFS,193979490389.0,206628905285.0,-5356519682.0,-2206535267.0,-6.12,-142.76
136490,선진,KOSPI,5330,614,459,20.59,2323,23779,12.0,00855093,CFS,990913890530.0,1016312023275.0,44010990579.0,48805191044.0,-2.5,-9.82
137310,에스디바이오센서,KOSPI,1935,-116,199,-17.97,7232,120749,12.0,00854997,CFS,287945884665.0,275730629782.0,-42467431921.0,4674463970.0,4.43,-1008.5
138040,메리츠금융지주,KOSPI,78534,8548,9209,23.06,189102,167347,12.0,00860332,CFS,,,2872733957980.0,3188889251285.0,,-9.91
138930,BNK금융지주,KOSPI,33927,2831,2831,8.07,56169,310327,12.0,00858364,,,,,,,
139130,iM금융지주,KOSPI,33571,1939,2012,7.3,28727,158363,12.0,00878915,,,,,,,
139480,이마트,KOSPI,71234,1783,1155,1.15,22049,27595,12.0,00872984,CFS,16628856457648.0,15569631870848.0,277072316573.0,121830538982.0,6.8,127.42
139990,아주스틸,KOSPI,2638,-9,-100,-23.15,794,38755,12.0,00486705,CFS,595626053228.0,548974392987.0,-8458929049.0,-56553285482.0,8.5,85.04
143210,핸즈코퍼레이션,KOSPI,1806,-91,-293,-99.28,335,27999,12.0,00119140,CFS,587425484622.0,527401408227.0,-8535676293.0,-28687019328.0,11.38,70.25
145210,다이나믹디자인,KOSPI,270,11,7,-14.01,94,42236,12.0,00453488,CFS,50799565633.0,39215339942.0,2431667533.0,-1187897310.0,29.54,304.7
145720,덴티움,KOSPI,714,159,210,3.64,3259,8623,12.0,00526599,CFS,266981328920.0,320722848447.0,44168067678.0,70626376336.0,-16.76,-37.46
145990,삼양사,KOSPI,6083,211,407,-18.19,4465,10313,12.0,00896285,CFS,1897132847359.0,1966333283072.0,65681695723.0,77487472961.0,-3.52,-15.24
145995,삼양사우,KOSPI,0,0,0,0.0,122,370,12.0,,,,,,,,
155660,DSR,KOSPI,763,67,123,8.42,732,16000,12.0,00110608,CFS,198192044742.0,207480698847.0,16122869043.0,12291426485.0,-4.48,31.17
161000,애경케미칼,KOSPI,3706,58,-3,-0.43,4208,48648,12.0,00936787,CFS,1108517746000.0,1310224794000.0,1321875000.0,10915260000.0,-15.39,-87.89
161390,한국타이어앤테크놀로지,KOSPI,53139,5070,5288,9.35,87827,123875,12.0,00937324,CFS,3648437885609.0,3298568729593.0,162494927867.0,137086980783.0,10.61,18.53
161890,한국콜마,KOSPI,7280,789,778,18.19,24006,23605,12.0,00939331,CFS,1192752359723.0,1059669026293.0,149532754144.0,122336444032.0,12.56,22.23
163560,동일고무벨트,KOSPI,954,78,131,8.03,779,13900,12.0,00939687,CFS,356658348535.0,329650516165.0,20662031898.0,11785762737.0,8.19,75.31
170900,동아에스티,KOSPI,2036,78,99,-1.8,3360,9727,12.0,00956930,CFS,745140777481.0,640730265329.0,27527629002.0,32457631004.0,16.3,-15.19
175330,JB금융지주,KOSPI,12150,2213,2253,12.37,48945,188253,12.0,00980122,,,,,,,
178920,PI첨단소재,KOSPI,2513,349,301,7.16,5142,29366,12.0,00767460,CFS,263421091422.0,251295439548.0,43038925899.0,33826470964.0,4.83,27.23
180640,한진칼,KOSPI,696,130,900,5.03,68631,66762,12.0,00983040,CFS,135072196000.0,135573601000.0,41764625000.0,111076369000.0,-0.37,-62.4
18064K,한진칼우,KOSPI,0,0,0,0.0,149,536,12.0,,,,,,,,
181710,NHN,KOSPI,6714,263,506,4.02,11398,32753,12.0,00983271,CFS,374821657266.0,374392929868.0,79522806435.0,100422447011.0,0.11,-20.81
183190,아세아시멘트,KOSPI,2406,114,38,1.93,3220,35978,12.0,00990165,CFS,456605366000.0,507855908000.0,42583764000.0,73123811000.0,-10.09,-41.76
185750,종근당,KOSPI,4478,141,137,8.2,9109,13802,12.0,00992871,CFS,1681192200410.0,1559344112891.0,80107683235.0,88118081677.0,7.81,-9.09
192080,더블유게임즈,KOSPI,2050,685,919,12.71,12534,21173,12.0,01010110,CFS,175380599723.0,177337858643.0,49780642335.0,65139293094.0,-1.1,-23.58
192400,쿠쿠홀딩스,KOSPI,2327,220,498,12.07,9103,35562,12.0,00132354,CFS,58752122704.0,52662190715.0,45382486203.0,40612985070.0,11.56,11.74
192650,드림텍,KOSPI,2607,4,-20,-2.04,2816,65886,12.0,00415646,CFS,519304557980.0,526587522768.0,22144111454.0,24421472435.0,-1.38,-9.33
192820,코스맥스,KOSPI,6820,530,554,30.59,19543,11349,12.0,01009789,CFS,1526414620755.0,1357660037190.0,154578400652.0,138679278034.0,12.43,11.46
194370,제이에스코퍼레이션,KOSPI,3080,308,164,15.45,3293,29016,12.0,00332927,CFS,312632825883.0,324108017119.0,34621798221.0,48820645046.0,-3.54,-29.08
195870,해성디에스,KOSPI,1887,110,142,6.18,8925,17000,12.0,01032413,CFS,644987651316.0,594589313583.0,49180711881.0,60952110537.0,8.48,-19.31
200880,서연이화,KOSPI,11887,486,677,7.69,2827,27028,12.0,01036446,CFS,1925420295816.0,1797016925001.0,123356163687.0,112803091082.0,7.15,9.36
204320,HL만도,KOSPI,23117,936,860,4.58,20285,46957,12.0,01042775,CFS,3029657613639.0,2771511554478.0,13491478981.0,-17327963517.0,9.31,177.86
207940,삼성바이오로직스,KOSPI,12571,5808,6406,19.56,645758,46290,12.0,00877059,CFS,4556971695180.0,3497145675782.0,2068092839427.0,1321425521850.0,30.31,56.5
210540,디와이파워,KOSPI,1029,118,136,8.41,1180,11041,12.0,01059605,CFS,246760537058.0,266229960541.0,14751114257.0,13000504294.0,-7.31,13.47
210980,SK디앤디,KOSPI,703,-93,-281,-3.7,1044,18617,12.0,00508344,CFS,342705833819.0,605895703798.0,30196884243.0,25943865260.0,-43.44,16.39
213500,한솔제지,KOSPI,5598,112,33,0.09,1637,23800,12.0,01060744,CFS,2169056497597.0,2120454644329.0,44124759831.0,16913710050.0,2.29,160.88
214320,이노션,KOSPI,5238,398,472,11.07,7444,40000,12.0,00565154,CFS,625733462013.0,601695934337.0,20373951122.0,19102622176.0,3.99,6.66
214330,금호에이치티,KOSPI,853,16,53,-7.07,531,10456,12.0,00105606,CFS,259629226051.0,290469145173.0,2168787406.0,9266033054.0,-10.62,-76.59
214390,경보제약,KOSPI,2386,105,49,3.19,1240,23906,12.0,00101664,CFS,264104056811.0,238556125924.0,3518577342.0,10453728086.0,10.71,-66.34
214420,토니모리,KOSPI,520,42,45,10.99,1183,24054,12.0,00816544,CFS,141414481610.0,123799557630.0,13687625549.0,10203471538.0,14.23,34.15
217590,티엠씨,KOSPI,939,10,28,0.0,3204,24094,12.0,00949161,CFS,325654595559.0,347554232366.0,9227139147.0,15084654886.0,-6.3,-38.83
226320,잇츠한불,KOSPI,427,68,166,6.19,2063,21929,12.0,00911955,CFS,23826806118.0,27284955467.0,-8145742725.0,-6388314614.0,-12.67,-27.51
227840,현대코퍼레이션홀딩스,KOSPI,806,62,106,11.36,1092,9100,12.0,01108099,CFS,200954682000.0,168311840000.0,22160757000.0,19807367000.0,19.39,11.88
229640,LS에코에너지,KOSPI,2855,201,195,20.67,13061,30624,12.0,01093007,CFS,15060093027.0,10309433238.0,13036878457.0,8504930156.0,46.08,53.29
234080,JW생명과학,KOSPI,635,93,90,13.98,1746,15834,12.0,00225706,CFS,234013893513.0,221209755065.0,31201108793.0,36266747218.0,5.79,-13.97
241560,두산밥캣,KOSPI,22473,2070,1837,5.88,58184,95856,12.0,01032486,CFS,6181806000.0,6269305000.0,482437000.0,638867000.0,-1.4,-24.49
241590,화승엔터프라이즈,KOSPI,3509,-48,-69,-8.05,1863,60589,12.0,01128613,CFS,1129354396.0,5208397270.0,-937481242.0,3008712020.0,-78.32,-131.16
244920,에이플러스에셋,KOSPI,1866,159,170,17.5,2570,22607,12.0,00684802,CFS,601339048746.0,456301382233.0,26947804550.0,29469436335.0,31.79,-8.56
248070,솔루엠,KOSPI,4782,217,238,2.83,6856,47816,12.0,01159233,CFS,820860045619.0,872958275275.0,12648569340.0,5334070384.0,-5.97,137.13
248170,샘표식품,KOSPI,1037,68,96,10.62,1027,4568,12.0,01167056,CFS,396010099635.0,394721491444.0,22356218491.0,7108231957.0,0.33,214.51
249420,일동제약,KOSPI,1420,92,92,17.06,4302,31638,12.0,01168383,CFS,559644775849.0,611095544443.0,28433525108.0,49818811308.0,-8.42,-42.93
251270,넷마블,KOSPI,6517,531,2772,6.43,28677,81934,12.0,00904672,CFS,1370381789046.0,1082436338723.0,54757540074.0,49001147407.0,26.6,11.75
259960,크래프톤,KOSPI,13714,5616,7191,12.1,108193,46137,12.0,00760971,CFS,2885650182961.0,2636975532925.0,1062718474025.0,1208574641448.0,9.43,-12.07
264900,크라운제과,KOSPI,0,0,0,0.0,1005,12523,12.0,01205329,CFS,444838419779.0,438102375193.0,15265165837.0,21046933550.0,1.54,-27.47
26490K,크라운제과우,KOSPI,0,0,0,0.0,55,773,12.0,,,,,,,,
267250,HD현대,KOSPI,196019,28348,28284,15.11,156406,78993,12.0,01205709,CFS,526073781000.0,437639420000.0,439181609000.0,348351416000.0,20.21,26.07
267260,HD현대일렉트릭,KOSPI,10365,2583,2842,43.9,280446,36047,12.0,01205851,CFS,3381139400167.0,2993583277092.0,889157412371.0,656840618211.0,12.95,35.37
267270,HD건설기계,KOSPI,23049,1907,2244,7.66,58560,47921,12.0,01205842,CFS,2150088763000.0,1936148884000.0,91036693000.0,69650427000.0,11.05,30.71
267290,경동도시가스,KOSPI,5418,196,224,7.25,1124,5895,12.0,01208885,CFS,1758843266456.0,1791205529866.0,33112320924.0,26776445316.0,-1.81,23.66
267850,아시아나IDT,KOSPI,1940,92,134,7.06,1032,11100,12.0,00458234,CFS,194059284908.0,194024077326.0,12128135452.0,9225853941.0,0.02,31.46
268280,미원에스씨,KOSPI,1413,193,270,15.27,5705,5000,12.0,01234297,CFS,506002585210.0,490101109037.0,60677808626.0,57175654595.0,3.24,6.13
271560,오리온,KOSPI,9304,1655,1766,10.85,50596,39528,12.0,01238169,CFS,1145838309534.0,1097613165124.0,186817160198.0,178478062889.0,4.39,4.67
271940,일진하이솔루스,KOSPI,271,-20,-1,0.0,3540,36313,12.0,00972503,CFS,81586396146.0,79297672959.0,-11164376397.0,-9515638086.0,2.89,-17.33
271980,제일약품,KOSPI,1303,4,32,10.08,1424,14704,12.0,01236897,CFS,571285016382.0,698378736558.0,8329997896.0,-14101792090.0,-18.2,159.07
272210,한화시스템,KOSPI,8071,343,-1157,3.6,114485,188919,12.0,00339391,CFS,3091485354880.0,2793633003560.0,279977530600.0,225139628817.0,10.66,24.36
272450,진에어,KOSPI,14613,1631,1227,51.15,2599,52200,12.0,00653024,CFS,1381080693148.0,1461262722147.0,-19157673281.0,163113835297.0,-5.49,-111.74
272550,삼양패키징,KOSPI,933,5,-8,5.48,1300,15068,12.0,01060814,CFS,418914127885.0,433772527088.0,24670766226.0,32898241192.0,-3.43,-25.01
278470,에이피알,KOSPI,5934,1456,1571,83.79,136649,37438,12.0,01190568,CFS,1528295842593.0,723000956467.0,354121688379.0,118397992536.0,111.38,199.09
279570,케이뱅크,KOSPI,0,0,0,0.0,25071,405695,12.0,01203312,,,,,,,
280360,롯데웰푸드,KOSPI,10273,358,240,3.02,9250,9204,12.0,01258507,CFS,3282856614951.0,3230181906535.0,84235372065.0,110340209785.0,1.63,-23.66
281820,케이씨텍,KOSPI,1561,348,405,0.0,19858,19798,12.0,01261893,CFS,383391616140.0,385433971366.0,60874676504.0,49783492468.0,-0.53,22.28
282330,BGF리테일,KOSPI,21204,381,383,17.62,21380,17283,12.0,01263022,CFS,8858122048578.0,8592135750579.0,221956555723.0,230407886963.0,3.1,-3.67
284740,쿠쿠홈시스,KOSPI,2730,413,507,12.19,4745,22437,12.0,01267684,CFS,806643961452.0,743121875062.0,108541657434.0,105007796020.0,8.55,3.37
285130,SK케미칼,KOSPI,6559,-189,-273,0.56,6435,17298,12.0,01267170,CFS,1440380625560.0,1340527392476.0,95713167948.0,111092247128.0,7.45,-13.84
28513K,SK케미칼우,KOSPI,0,0,0,0.0,438,2115,12.0,,,,,,,,
286940,롯데이노베이트,KOSPI,2812,97,85,2.71,2453,15129,12.0,01262032,CFS,1036373498497.0,1054700926464.0,31393431992.0,25724113399.0,-1.74,22.04
293480,하나제약,KOSPI,2253,252,254,7.24,1500,17772,12.0,00248974,CFS,239503892657.0,225339838199.0,25815826289.0,25154206032.0,6.29,2.63
294870,IPARK현대산업개발,KOSPI,6739,801,710,4.84,13056,65907,12.0,01310269,CFS,4089292656338.0,4211372871874.0,245991715420.0,184694659879.0,-2.9,33.19
298000,효성화학,KOSPI,5870,3,-166,3.97,2248,3791,12.0,01316236,CFS,1271649340387.0,1365663242464.0,-15002532296.0,-65573119846.0,-6.88,77.12
298020,효성티앤씨,KOSPI,20942,862,685,1.91,13632,4327,12.0,01316227,CFS,4325171696629.0,4663802301345.0,139213915836.0,159322804969.0,-7.26,-12.62
298040,효성중공업,KOSPI,13582,1523,1291,23.16,240386,9324,12.0,01316245,CFS,4097813940685.0,3360318545384.0,442378347179.0,220399843579.0,21.95,100.72
298050,HS효성첨단소재,KOSPI,8290,344,90,-1.85,6469,4479,12.0,01316254,CFS,488052782230.0,590087861426.0,-18177245415.0,63945359190.0,-17.29,-128.43
298690,에어부산,KOSPI,10068,1463,35,1.48,2329,162914,12.0,00651901,CFS,832585465461.0,1006762846981.0,-4520948126.0,146280451432.0,-17.3,-103.09
300720,한일시멘트,KOSPI,2930,170,135,4.26,10083,73545,12.0,01319808,CFS,1011095773805.0,1150103612981.0,125739130551.0,189969967342.0,-12.09,-33.81
302440,SK바이오사이언스,KOSPI,1686,-445,-478,-4.65,25890,78456,12.0,01319899,CFS,185735624652.0,156286428900.0,-119123651698.0,-133594085941.0,18.84,10.83
306200,세아제강,KOSPI,4486,241,308,2.87,3551,2836,12.0,01325979,CFS,1372127828938.0,1786196953156.0,51877054716.0,201884241928.0,-23.18,-74.3
307950,현대오토에버,KOSPI,9357,212,250,10.32,103251,27423,12.0,00362441,CFS,3250040613000.0,2943444209000.0,215594533000.0,196850650000.0,10.42,9.52
308170,씨티알모빌리티,KOSPI,1095,3,-19,-5.2,297,8610,12.0,00450010,CFS,350501003459.0,327768976372.0,4055030278.0,1371000867.0,6.94,195.77
316140,우리금융지주,KOSPI,152433,8082,8482,8.68,222067,728089,12.0,01350869,,,,,,,
317400,자이에스앤디,KOSPI,2703,113,135,7.67,2326,38782,12.0,00367844,CFS,453912289316.0,530612894491.0,7219401557.0,-12657536748.0,-14.46,157.04
317450,명인제약,KOSPI,721,251,300,0.0,5986,14600,12.0,00179489,CFS,287364202152.0,269585959989.0,89920784701.0,90057625868.0,6.59,-0.15
322000,HD현대에너지솔루션,KOSPI,1599,290,292,16.07,14560,11200,12.0,01199550,CFS,484387824120.0,404894570100.0,43745207624.0,-8727583597.0,19.63,601.23
323410,카카오뱅크,KOSPI,0,0,0,0.0,105920,477120,12.0,01133217,CFS,3086291000000.0,2945621000000.0,,,4.78,
326030,SK바이오팜,KOSPI,2279,898,1000,46.52,60771,78313,12.0,00878696,CFS,650611934677.0,474429959884.0,245579137527.0,102621043442.0,37.14,139.31
329180,HD현대중공업,KOSPI,59163,9054,10565,24.55,473899,104961,12.0,01390344,CFS,17569457486000.0,14476389927000.0,2042725957000.0,702543395000.0,21.37,190.76
336260,두산퓨얼셀,KOSPI,1448,-13,-91,-32.18,25149,65493,12.0,01412725,CFS,454852507957.0,411830414076.0,-103731120121.0,318116382.0,10.45,-32707.92
33626K,두산퓨얼셀1우,KOSPI,0,0,0,0.0,732,13364,12.0,,,,,,,,
33626L,두산퓨얼셀2우B,KOSPI,0,0,0,0.0,202,2986,12.0,,,,,,,,
336370,솔루스첨단소재,KOSPI,1926,-220,-12,-5.9,4795,70217,12.0,01412822,CFS,124091735705.0,123400484044.0,15005725245.0,15172444665.0,0.56,-1.1
33637K,솔루스첨단소재1우,KOSPI,0,0,0,0.0,257,16908,12.0,,,,,,,,
33637L,솔루스첨단소재2우B,KOSPI,0,0,0,0.0,76,3778,12.0,,,,,,,,
339770,교촌에프앤비,KOSPI,1234,53,48,8.02,1763,49965,12.0,00453284,CFS,496326703905.0,456516021882.0,35725627064.0,15803340886.0,8.72,126.06
344820,KCC글라스,KOSPI,4666,-101,-24,-5.64,3593,15970,12.0,01428203,CFS,1870911380060.0,1903321455409.0,-9420670989.0,67644554995.0,-1.7,-113.93
352820,하이브,KOSPI,6983,-1966,-1326,-13.82,85514,43102,12.0,01204056,CFS,912672534000.0,669672760000.0,37655249000.0,36935792000.0,36.29,1.95
353200,대덕전자,KOSPI,3463,513,596,11.18,59547,49416,12.0,01478712,CFS,1064715003611.0,892135807636.0,48764058955.0,11469511785.0,19.34,325.16
35320K,대덕전자1우,KOSPI,0,0,0,0.0,476,2095,12.0,,,,,,,,
361610,SK아이이테크놀로지,KOSPI,359,-732,-906,-10.92,10844,81787,12.0,01386916,CFS,175345680000.0,128866761000.0,-193326222000.0,-214406313000.0,36.07,9.83
363280,티와이홀딩스,KOSPI,132,-24,-125,-10.74,764,45497,12.0,01497869,CFS,3396209730.0,133609519765.0,-46392555392.0,46279994971.0,-97.46,-200.24
36328K,티와이홀딩스우,KOSPI,0,0,0,0.0,27,1174,12.0,,,,,,,,
372910,한컴라이프케어,KOSPI,60,-38,-27,-5.58,463,27674,12.0,00534598,CFS,87677787640.0,102966682552.0,342713821.0,8404236034.0,-14.85,-95.92
373220,LG에너지솔루션,KOSPI,65550,-2078,-8586,-7.4,741780,234000,12.0,01515323,CFS,7661584000000.0,7926651000000.0,-1280157000000.0,-2305178000000.0,-3.34,44.47
375500,DL이앤씨,KOSPI,17252,1574,2123,9.73,22829,38693,12.0,01524093,CFS,4750115447932.0,5307105965255.0,229318481924.0,265507410162.0,-10.5,-13.63
37550K,DL이앤씨우,KOSPI,0,0,0,0.0,449,2113,12.0,,,,,,,,
37550L,DL이앤씨2우(전환),KOSPI,0,0,0,0.0,806,2111,12.0,,,,,,,,
377300,카카오페이,KOSPI,3003,322,415,3.18,55190,135270,12.0,01244601,CFS,685200436685.0,618855436828.0,56428612113.0,12202062049.0,10.72,362.45
377740,바이오노트,KOSPI,326,63,416,-3.18,4518,101886,12.0,00622787,CFS,111224258514.0,96936947478.0,26730757100.0,17718725194.0,14.74,50.86
378850,화승알앤에이,KOSPI,1847,91,142,14.58,528,18993,12.0,01532603,CFS,709609401842.0,702562099018.0,22910390883.0,24449357269.0,1.0,-6.29
381970,케이카,KOSPI,0,0,0,0.0,3534,48820,12.0,01323032,CFS,2438838573193.0,2301530094719.0,75973592094.0,68109299938.0,5.97,11.55
383220,F&F,KOSPI,5609,1535,2686,28.82,28883,38307,12.0,01568413,CFS,1694695683997.0,1517994384047.0,524451817619.0,402407041608.0,11.64,30.33
383800,LX홀딩스,KOSPI,521,416,398,5.18,5774,76280,12.0,01562589,CFS,104120000000.0,65416000000.0,70153000000.0,34591000000.0,59.17,102.81
38380K,LX홀딩스1우,KOSPI,0,0,0,0.0,104,1465,12.0,,,,,,,,
402340,SK스퀘어,KOSPI,86314,82783,89297,55.09,1653438,131958,12.0,01596425,CFS,357572000000.0,177465000000.0,300652000000.0,112533000000.0,101.49,167.17
403550,쏘카,KOSPI,971,14,-88,-14.14,3627,37939,12.0,01026157,CFS,451053548613.0,392763778670.0,30782099751.0,-9376311236.0,14.84,428.3
439260,대한조선,KOSPI,3083,826,1020,32.23,16625,38088,12.0,00182696,CFS,1227404154509.0,1074619380219.0,294211866555.0,158186481678.0,14.22,85.99
443060,HD현대마린솔루션,KOSPI,5746,934,1196,38.96,82628,44833,12.0,01194689,CFS,1474502609632.0,1301321358872.0,330694950939.0,240192196941.0,13.31,37.68
446070,유니드비티플러스,KOSPI,1949,31,82,3.31,332,10611,12.0,01702017,CFS,157531389366.0,194894088152.0,-9151579966.0,3054336971.0,-19.17,-399.63
450080,에코프로머티,KOSPI,1665,157,265,0.0,23651,70813,12.0,01311408,CFS,392506172705.0,299846484651.0,-65369476119.0,-64719926202.0,30.9,-1.0
452260,한화갤러리아,KOSPI,1261,123,5,0.85,3745,193859,12.0,01722437,CFS,404341538631.0,396480573880.0,16950626922.0,-993525346.0,1.98,1806.11
45226K,한화갤러리아우,KOSPI,0,0,0,0.0,110,2904,12.0,,,,,,,,
453340,현대그린푸드,KOSPI,6215,464,479,13.61,5851,32471,12.0,01721809,CFS,2274221734000.0,2207495106000.0,102174133000.0,88641472000.0,3.02,15.27
454910,두산로보틱스,KOSPI,153,-121,-92,-15.04,41419,64819,12.0,01105153,CFS,27301039299.0,51571428411.0,-48505932254.0,-36717859664.0,-47.06,-32.1
456040,OCI,KOSPI,5066,278,304,-1.9,7573,8952,12.0,01760738,CFS,1794178493000.0,1989717669000.0,31876435000.0,120919683000.0,-9.83,-73.64
457190,이수스페셜티케미컬,KOSPI,1086,35,30,0.0,16559,30218,12.0,01762569,CFS,411470361000.0,332069863000.0,1711392000.0,14206084000.0,23.91,-87.95
460850,동국씨엠,KOSPI,6870,80,17,-4.71,1393,29898,12.0,01765256,CFS,1973635302655.0,2163761368649.0,-8921831787.0,77329845672.0,-8.79,-111.54
460860,동국제강,KOSPI,0,0,0,0.0,4162,49608,12.0,01765265,CFS,3203431341223.0,3527525783006.0,59380409698.0,102474077764.0,-9.19,-42.05
462520,조선내화,KOSPI,1319,90,100,5.21,1605,11855,12.0,01770203,CFS,482243738000.0,465779641000.0,20761735000.0,17360372000.0,3.53,19.59
462870,시프트업,KOSPI,473,215,464,0.0,18415,58741,12.0,01384787,CFS,294545937439.0,224084645616.0,181417657557.0,152676273166.0,31.44,18.83
465770,STX그린로지스,KOSPI,159,-14,-21,-69.04,286,7171,12.0,01784394,CFS,74588259178.0,46509032719.0,-3625813519.0,7572284312.0,60.37,-147.88
475150,SK이터닉스,KOSPI,275,49,-59,9.6,19043,34067,12.0,01817081,CFS,378018994219.0,325644011913.0,51158085735.0,35986550741.0,16.08,42.16
475560,더본코리아,KOSPI,796,-42,-26,-10.22,2041,14827,12.0,00968607,CFS,340521647973.0,441853061880.0,-25751282469.0,34614914561.0,-22.93,-174.39
480370,씨케이솔루션,KOSPI,543,-162,-125,-52.61,356,32481,12.0,01210677,CFS,91082251728.0,178243036875.0,-38268373873.0,2815287546.0,-48.9,-1459.31
483650,달바글로벌,KOSPI,1712,451,489,0.0,29463,12484,12.0,01649204,CFS,502589078688.0,303018754129.0,99088002446.0,62808036887.0,65.86,57.76
484870,엠앤씨솔루션,KOSPI,2828,348,344,21.82,1899,9153,12.0,01519790,CFS,403348735243.0,282796626108.0,56064984646.0,34824919168.0,42.63,60.99
487570,HS효성,KOSPI,3670,125,83,5.1,1609,3725,12.0,01854763,CFS,332815462947.0,188391708408.0,20298184908.0,-313806292.0,76.66,6568.38
489790,한화비전,KOSPI,4414,221,-326,4.02,22719,50488,12.0,01867758,CFS,821603769063.0,0.0,63125550739.0,-2202929150.0,,2965.53
499790,GS피앤엘,KOSPI,1304,242,190,2.76,7674,19830,12.0,01882845,CFS,13668702450.0,0.0,10762481192.0,-537958904.0,,2100.61
0001A0,덕양에너젠,KOSDAQ,370,14,12,0.0,2006,25468,12.0,01516933,CFS,132242520364.0,137370488463.0,6114104191.0,6021503284.0,-3.73,1.54
000250,삼천당제약,KOSDAQ,649,54,84,4.0,39361,23457,12.0,00128546,CFS,161387671018.0,144561795697.0,1829610483.0,-3866822711.0,11.64,147.32
000440,중앙에너비스,KOSDAQ,112,-2,-2,-2.0,843,6227,12.0,00149770,CFS,49579856813.0,49798951899.0,-1750448540.0,-1746866148.0,-0.44,-0.21
0004V0,엔비알모션,KOSDAQ,151,-12,-20,0.0,565,11010,12.0,00924931,CFS,63094455574.0,63840713113.0,-3263948846.0,-4206645732.0,-1.17,22.41
0004Y0,디비금융제14호스팩,KOSDAQ,0,0,0,0.0,106,5315,12.0,01884065,CFS,0.0,,-58703790.0,-6136740.0,,-856.6
0007C0,아크릴,KOSDAQ,66,-8,-7,0.0,1272,8030,12.0,01829819,CFS,12765568889.0,13423471761.0,-2464914230.0,-2385467206.0,-4.9,-3.33
0007J0,인벤테라,KOSDAQ,0,0,0,0.0,555,7865,12.0,01869710,CFS,0.0,0.0,-8604318705.0,-6368829413.0,,-35.1
0008Z0,에스엔시스,KOSDAQ,343,38,48,13.0,1991,9436,12.0,01294110,CFS,144724047894.0,138127527874.0,17956448782.0,15477800090.0,4.78,16.01
0009K0,에임드바이오,KOSDAQ,85,-40,-20,0.0,12585,64671,12.0,01781999,CFS,47276514011.0,11760181999.0,20793789074.0,-355141174.0,302.0,5955.08
001000,신라섬유,KOSDAQ,37,4,-3,-2.0,195,24277,12.0,00135999,CFS,3590565852.0,3669468488.0,487816030.0,416940298.0,-2.15,17.0
0010F0,보원케미칼,KOSDAQ,0,0,0,0.0,234,11143,12.0,00871587,CFS,52193588709.0,39727764003.0,5119400582.0,4760835717.0,31.38,7.53
0010V0,제이피아이헬스케어,KOSDAQ,108,5,17,10.0,423,5105,12.0,00185301,CFS,42617331521.0,40175832593.0,5655286506.0,5483785428.0,6.08,3.13
0011A0,액스비스,KOSDAQ,111,8,12,0.0,815,9333,12.0,01554508,CFS,54662250667.0,51505086974.0,4079767247.0,2452621069.0,6.13,66.34
0011T0,채비,KOSDAQ,207,-97,-110,0.0,2361,46949,12.0,01279698,,,,,,,
0013V0,삼진식품,KOSDAQ,333,39,37,0.0,476,9918,12.0,01370322,CFS,109725821216.0,97191897403.0,5135737191.0,3721040776.0,12.9,38.02
001540,안국약품,KOSDAQ,989,160,158,10.0,1507,13042,12.0,00139205,CFS,293315716919.0,259460893267.0,10628076345.0,7052698642.0,13.05,50.7
0015G0,그린광학,KOSDAQ,109,6,9,0.0,1843,11702,12.0,00677486,CFS,41243679710.0,31457776517.0,1185625526.0,162483374.0,31.11,629.69
0015N0,아로마티카,KOSDAQ,140,13,15,0.0,628,12576,12.0,01381805,CFS,51187435857.0,52596465309.0,5139610703.0,5653715311.0,-2.68,-9.09
0015S0,페스카로,KOSDAQ,66,6,10,0.0,672,9866,12.0,01817920,CFS,16619972838.0,14318646783.0,1006743029.0,1323324284.0,16.07,-23.92
0017J0,세미티에스,KOSDAQ,127,45,54,0.0,899,30136,12.0,01596221,,,,,,,
001810,무림SP,KOSDAQ,576,2,-34,-2.0,260,22137,12.0,00121507,CFS,204759198437.0,175891628368.0,1394408998.0,264039073.0,16.41,428.11
001840,이화공영,KOSDAQ,0,0,0,0.0,625,28256,12.0,00145668,CFS,115190727605.0,128285209250.0,3290259291.0,-19773295608.0,-10.21,116.64
002230,피에스텍,KOSDAQ,176,4,88,11.0,847,18421,12.0,00155638,CFS,96565338206.0,79997236887.0,5065183390.0,3372548834.0,20.71,50.19
002290,삼일기업공사,KOSDAQ,1127,57,70,9.0,403,12400,12.0,00127936,CFS,85177109801.0,112650084355.0,7394157183.0,5653268035.0,-24.39,30.79
002680,한탑,KOSDAQ,198,-9,-27,-3.0,142,6463,12.0,00140566,CFS,71781679133.0,74295219679.0,3644525282.0,4126080097.0,-3.38,-11.67
002800,신신제약,KOSDAQ,302,32,32,16.0,644,15170,12.0,00136448,CFS,113227227306.0,106089200834.0,10410746739.0,7056276882.0,6.73,47.54
003100,선광,KOSDAQ,443,106,112,10.0,1339,6600,12.0,00131896,CFS,98041873665.0,94798596298.0,23683028812.0,21180545940.0,3.42,11.82
003310,대주산업,KOSDAQ,250,20,20,6.0,581,35392,12.0,00112457,CFS,100660792440.0,105560211520.0,10266652573.0,9588026595.0,-4.64,7.08
003380,하림지주,KOSDAQ,35541,2583,1455,8.0,10629,112005,12.0,00148364,CFS,100421000000.0,90473000000.0,70775000000.0,68082000000.0,11.0,3.96
0037T0,KB제32호스팩,KOSDAQ,0,0,0,0.0,126,6330,12.0,01902990,CFS,0.0,,-56660716.0,,,
003800,에이스침대,KOSDAQ,850,128,196,9.0,3543,11090,12.0,00140052,CFS,313024071031.0,322386674530.0,53864354381.0,66489367603.0,-2.9,-18.99
0039P0,매드업,KOSDAQ,138,3,5,0.0,1072,18807,12.0,01379129,,,,,,,
0041B0,교보18호스팩,KOSDAQ,0,0,0,0.0,101,5040,12.0,01910324,CFS,0.0,,-61612700.0,,,
0041J0,엘에스스팩1호,KOSDAQ,0,0,0,0.0,81,4110,12.0,01906552,CFS,0.0,,-32826940.0,,,
0041L0,하나35호스팩,KOSDAQ,0,0,0,0.0,120,6030,12.0,01906598,CFS,,,-30094400.0,,,
0044K0,삼성스팩10호,KOSDAQ,0,0,0,0.0,149,7520,12.0,01910759,CFS,,,-228220000.0,,,
004590,한국가구,KOSDAQ,443,60,61,7.0,757,15000,12.0,00156442,CFS,17674861541.0,19245142402.0,-537886738.0,474512069.0,-8.16,-213.36
004650,창해에탄올,KOSDAQ,283,43,44,10.0,846,9190,12.0,00123523,CFS,103319360596.0,105922444418.0,17350449759.0,17815336671.0,-2.46,-2.61
004780,대륙제관,KOSDAQ,2747,158,157,8.0,627,15903,12.0,00109587,CFS,266562442241.0,274659400896.0,10302316583.0,15817274927.0,-2.95,-34.87
005160,동국산업,KOSDAQ,1670,-46,-119,-6.0,1236,54244,12.0,00172680,CFS,373092684024.0,384242047872.0,-2859329468.0,10536846551.0,-2.9,-127.14
005290,동진쎄미켐,KOSDAQ,3281,666,956,12.0,21483,50970,12.0,00118804,CFS,1147296848069.0,1071085464304.0,187755182809.0,180844834665.0,7.12,3.82
0054V0,엔에이치스팩32호,KOSDAQ,0,0,0,0.0,124,6216,12.0,01931585,CFS,0.0,,-44902566.0,,,
005670,푸드웰,KOSDAQ,851,58,55,12.0,638,10000,12.0,00165103,CFS,101843906831.0,90446426698.0,1045292709.0,1447075775.0,12.6,-27.77
005710,대원산업,KOSDAQ,2358,111,211,13.0,2162,20037,12.0,00111874,CFS,923734287034.0,831374294011.0,54811474848.0,53892649259.0,11.11,1.7
005860,한일사료,KOSDAQ,1255,15,21,5.0,1012,39403,12.0,00162911,CFS,152255009396.0,151880546014.0,4421152473.0,3701522909.0,0.25,19.44
005990,매일홀딩스,KOSDAQ,5576,180,263,9.0,1420,13298,12.0,00120924,CFS,16210203316.0,17322064405.0,3001080811.0,3183242584.0,-6.42,-5.72
006050,국영지앤엠,KOSDAQ,0,0,0,0.0,195,34895,12.0,00104537,CFS,60198966693.0,75411207520.0,929319448.0,902779810.0,-20.17,2.94
006140,피제이전자,KOSDAQ,0,0,0,0.0,668,14865,12.0,00155735,CFS,178552370684.0,169298930720.0,10959713371.0,10781292288.0,5.47,1.65
006620,동구바이오제약,KOSDAQ,581,18,-6,40.0,1007,28464,12.0,00114686,CFS,230580104422.0,247527688773.0,2215658464.0,12692803201.0,-6.85,-82.54
006730,서부T&D,KOSDAQ,661,178,88,8.0,6099,64276,12.0,00130383,CFS,179994656749.0,170260436423.0,38181853365.0,35347386312.0,5.72,8.02
0068Y0,비엔케이제3호스팩,KOSDAQ,0,0,0,0.0,85,4310,12.0,01933981,CFS,,,-17827050.0,,,
006910,보성파워텍,KOSDAQ,771,48,57,7.0,3050,49129,12.0,00267881,CFS,147486453767.0,77062181417.0,26805989959.0,4824105984.0,91.39,455.67
006920,모헨즈,KOSDAQ,178,-7,-7,-8.0,341,10920,12.0,00163318,CFS,37703293863.0,40611241460.0,-1013735716.0,-1616918256.0,-7.16,37.3
0071M0,삼성스팩11호,KOSDAQ,0,0,0,0.0,115,5760,12.0,01935183,CFS,,,-23478800.0,,,
0072Z0,KB제33호스팩,KOSDAQ,0,0,0,0.0,156,7885,12.0,01934935,CFS,0.0,,-36087540.0,,,
007330,푸른저축은행,KOSDAQ,0,0,0,0.0,1518,15082,12.0,00124805,,,,,,,
007370,진양제약,KOSDAQ,1133,117,371,28.0,539,14134,12.0,00150536,CFS,120686230379.0,113332121347.0,2526241951.0,11708434539.0,6.49,-78.42
007390,네이처셀,KOSDAQ,41,-13,-11,-4.0,15947,64435,12.0,00117276,CFS,20674794044.0,32104074722.0,-2733737879.0,1089749466.0,-35.6,-350.86
007530,와이엠,KOSDAQ,427,14,13,5.0,393,22254,12.0,00140858,CFS,172555556923.0,169054708056.0,3796940624.0,4785883537.0,2.07,-20.66
007680,대원,KOSDAQ,290,0,20,-2.0,456,13222,12.0,00111838,CFS,95975299588.0,260640381594.0,-11037524640.0,4368688436.0,-63.18,-352.65
007720,소노스퀘어,KOSDAQ,342,-8,-6,-2.0,255,20160,12.0,00104810,CFS,162871417133.0,133458255008.0,1413840645.0,671647782.0,22.04,110.5
007770,한일화학,KOSDAQ,352,-8,0,-18.0,227,3510,12.0,00267979,CFS,101563086315.0,106383869031.0,-1930061837.0,-269876162.0,-4.53,-615.17
007820,엠엑스로보틱스,KOSDAQ,258,-11,2,-17.0,544,20033,12.0,00137915,CFS,133715138065.0,156847870396.0,-8948604337.0,6083583227.0,-14.75,-247.09
008290,원풍물산,KOSDAQ,227,-47,-78,-13.0,115,20346,12.0,00144021,CFS,16935208093.0,22721808986.0,-7199478124.0,-4699113271.0,-25.47,-53.21
0082N0,카나프테라퓨틱스,KOSDAQ,0,0,0,0.0,1489,13265,12.0,01782183,CFS,5560514921.0,4251555470.0,-4272679698.0,-4722838773.0,30.79,9.53
008370,원풍,KOSDAQ,0,0,0,0.0,598,12000,12.0,00144012,CFS,87635177741.0,79609134649.0,6596349826.0,4547912675.0,10.08,45.04
008470,부스타,KOSDAQ,253,-10,-1,1.0,282,8404,12.0,00124276,CFS,106982221963.0,97166088492.0,3224230485.0,-1112248329.0,10.1,389.88
008830,대동기어,KOSDAQ,2571,45,3,1.0,767,8987,12.0,00109310,CFS,220939401126.0,257057008425.0,162438986.0,4464399985.0,-14.05,-96.36
0088D0,메리츠제1호스팩,KOSDAQ,0,0,0,0.0,122,5795,12.0,01958111,CFS,0.0,,-34028700.0,,,
0088M0,메쥬,KOSDAQ,0,0,0,0.0,1267,9881,12.0,01780608,CFS,7377640926.0,2366370314.0,-2832462145.0,-5950618932.0,211.77,52.4
0091W0,신영스팩11호,KOSDAQ,0,0,0,0.0,121,6068,12.0,01945339,CFS,0.0,,,,,
009300,삼아제약,KOSDAQ,176,21,30,4.0,788,6370,12.0,00126788,CFS,77799035965.0,95580725368.0,11005358882.0,24491815735.0,-18.6,-55.07
0093G0,미래에셋비전스팩8호,KOSDAQ,0,0,0,0.0,127,6400,12.0,01947072,CFS,,,-19343640.0,,,
009520,포스코엠텍,KOSDAQ,3466,14,27,0.0,4251,41642,12.0,00128111,CFS,357432185147.0,346628290419.0,1034456160.0,1422749362.0,3.12,-27.29
009620,삼보산업,KOSDAQ,773,54,3,-123.0,138,17473,12.0,00125822,CFS,188355582876.0,229731274177.0,-144920508.0,-6919636948.0,-18.01,97.91
0096B0,삼성스팩12호,KOSDAQ,0,0,0,0.0,130,6580,12.0,01946532,CFS,0.0,,-13287300.0,,,
0096D0,미래에셋비전스팩9호,KOSDAQ,0,0,0,0.0,109,5500,12.0,01946596,CFS,,,-20425892.0,,,
009730,이렘,KOSDAQ,0,0,0,0.0,118,7975,12.0,00116426,CFS,91994767552.0,109831999855.0,-13889588817.0,-4723456766.0,-16.24,-194.06
009780,엠에스씨,KOSDAQ,482,80,85,13.0,1063,17600,12.0,00121154,CFS,196954996133.0,189116796827.0,30150685929.0,28006713578.0,4.14,7.66
0097F0,미래에셋비전스팩10호,KOSDAQ,0,0,0,0.0,129,6500,12.0,01949469,CFS,0.0,,-19190140.0,,,
0098T0,교보19호스팩,KOSDAQ,0,0,0,0.0,107,5400,12.0,01949140,CFS,0.0,,,,,
0099W0,미래에셋비전스팩11호,KOSDAQ,0,0,0,0.0,140,7000,12.0,01948220,CFS,,,-15371384.0,,,
0099X0,IBKS제25호스팩,KOSDAQ,0,0,0,0.0,130,5980,12.0,01949584,CFS,0.0,,-25592844.0,,,
010170,대한광통신,KOSDAQ,342,-40,-37,-29.0,15330,155485,12.0,00113261,CFS,84551353642.0,94937432890.0,-14120731670.0,-29433690629.0,-10.94,52.03
0101C0,하나36호스팩,KOSDAQ,0,0,0,0.0,154,7740,12.0,01949195,CFS,0.0,,-22247920.0,,,
010240,흥국,KOSDAQ,390,49,61,12.0,629,11706,12.0,00167031,CFS,102253839651.0,92062328310.0,11155326135.0,7385719667.0,11.07,51.04
010280,아이티센엔텍,KOSDAQ,1359,70,120,35.0,585,13024,12.0,00138303,CFS,339515521220.0,280311381932.0,27802772427.0,16082474625.0,21.12,72.88
010470,오리콤,KOSDAQ,503,15,14,7.0,573,11975,12.0,00141671,CFS,162675790811.0,150548323660.0,9511740113.0,11332174430.0,8.06,-16.06
0105P0,유진스팩12호,KOSDAQ,0,0,0,0.0,113,5660,12.0,01954832,CFS,0.0,,,,,
011040,경동제약,KOSDAQ,478,24,58,5.0,1529,30768,12.0,00101549,CFS,194005924819.0,191188360761.0,8883324455.0,3699405965.0,1.47,140.13
011080,형지I&C,KOSDAQ,121,-13,-35,-36.0,87,4296,12.0,00142713,CFS,50808588981.0,56747470247.0,-7044927707.0,-5018507732.0,-10.47,-40.38
011320,유니크,KOSDAQ,1121,51,56,10.0,694,19320,12.0,00147152,CFS,424528575466.0,371288488346.0,9066159037.0,4665205202.0,14.34,94.34
011370,서한,KOSDAQ,1053,62,-9,4.0,797,100894,12.0,00131504,CFS,645220787091.0,749514854945.0,62615907332.0,26600198803.0,-13.91,135.4
011560,세보엠이씨,KOSDAQ,2459,158,181,15.0,2213,10084,12.0,00133876,CFS,715793070282.0,788786717342.0,40394769860.0,28650654843.0,-9.25,40.99
0115H0,삼성스팩13호,KOSDAQ,0,0,0,0.0,146,7350,12.0,01957909,CFS,,,-15056840.0,,,
0117P0,피스피스스튜디오,KOSDAQ,234,20,33,0.0,789,14168,12.0,01755259,CFS,102544036136.0,108674594437.0,15322448528.0,32606434304.0,-5.64,-53.01
012210,삼미금속,KOSDAQ,0,0,0,0.0,1403,23051,12.0,00125664,CFS,73796930775.0,76441344507.0,5812312220.0,4454162901.0,-3.46,30.49
012340,뉴인텍,KOSDAQ,231,0,-2,-57.0,149,18700,12.0,00105040,CFS,73173077756.0,70828043947.0,-7441497914.0,-5300517306.0,3.31,-40.39
012620,원일특강,KOSDAQ,1003,24,13,4.0,296,4400,12.0,00143907,CFS,365898672844.0,346252343340.0,8696961085.0,9842534571.0,5.67,-11.64
012700,리드코프,KOSDAQ,1071,18,26,5.0,757,26194,12.0,00117708,CFS,370018773848.0,398490953139.0,9835992867.0,10584512040.0,-7.15,-7.07
012790,신일제약,KOSDAQ,894,152,165,10.0,623,11986,12.0,00137058,CFS,80563639511.0,89440459441.0,7385520844.0,15221696388.0,-9.92,-51.48
012860,모베이스전자,KOSDAQ,2653,74,78,9.0,1611,73233,12.0,00137234,CFS,806880613520.0,754401206406.0,21453326813.0,18360588246.0,6.96,16.84
0129K0,신한제18호스팩,KOSDAQ,0,0,0,0.0,111,5620,12.0,01963140,,,,,,,
013030,하이록코리아,KOSDAQ,541,157,200,12.0,3589,11768,12.0,00165060,CFS,193080007951.0,172730894229.0,53817491126.0,44758316521.0,11.78,20.24
0130D0,신한제17호스팩,KOSDAQ,0,0,0,0.0,105,5340,12.0,01963520,,,,,,,
0130H0,엔에이치스팩33호,KOSDAQ,0,0,0,0.0,154,7700,12.0,01965698,,,,,,,
013120,동원개발,KOSDAQ,745,54,87,3.0,1916,90808,12.0,00117966,CFS,387344571458.0,520374333203.0,17540063748.0,21455961126.0,-25.56,-18.25
0131D0,키움히어로제2호스팩,KOSDAQ,0,0,0,0.0,124,6310,12.0,01964246,,,,,,,
0132G0,교보20호스팩,KOSDAQ,0,0,0,0.0,118,5970,12.0,01985203,CFS,0.0,,-16496000.0,,,
013310,아진산업,KOSDAQ,2133,176,210,11.0,964,38806,12.0,00139083,CFS,586581484319.0,502730183658.0,82366154518.0,40172599836.0,16.68,105.03
0134X0,대신밸런스제20호스팩,KOSDAQ,0,0,0,0.0,132,6740,12.0,01976418,,,,,,,
013720,청보,KOSDAQ,66,-5,-7,-20.0,262,60828,12.0,00151605,CFS,18243168031.0,18595086668.0,2331819798.0,3574390996.0,-1.89,-34.76
013810,스페코,KOSDAQ,63,-1,4,1.0,250,14655,12.0,00136165,CFS,37646349936.0,26814946491.0,1457514904.0,-3515130046.0,40.39,141.46
013990,아가방컴퍼니,KOSDAQ,485,21,21,8.0,1305,32887,12.0,00138446,CFS,180152856965.0,175023184826.0,17043769117.0,18359446700.0,2.93,-7.17
014100,메디앙스,KOSDAQ,119,13,21,2.0,222,11800,12.0,00267854,CFS,45762188667.0,46508292477.0,69535215.0,-7330690606.0,-1.6,100.95
014190,원익큐브,KOSDAQ,714,25,23,4.0,399,35395,12.0,00128175,CFS,279609004698.0,282056373280.0,2990219271.0,3276284145.0,-0.87,-8.73
014470,부방,KOSDAQ,810,9,9,2.0,548,60052,12.0,00243067,CFS,22563669396.0,3712040277.0,18741293619.0,852541197.0,507.85,2098.29
014570,고려제약,KOSDAQ,730,91,50,4.0,372,11000,12.0,00103015,CFS,62508834676.0,73001424478.0,6913176836.0,9138456105.0,-14.37,-24.35
014620,성광벤드,KOSDAQ,591,66,111,6.0,6387,26557,12.0,00132318,CFS,221500650922.0,201735605834.0,39997249637.0,39741985387.0,9.8,0.64
014940,오리엔탈정공,KOSDAQ,564,80,88,15.0,1911,45573,12.0,00141608,CFS,92719607304.0,82426781251.0,6373341441.0,5120736621.0,12.49,24.46
014950,삼익제약,KOSDAQ,155,9,13,0.0,576,10007,12.0,00127875,CFS,59373975119.0,54504521433.0,4172332216.0,3485370830.0,8.93,19.71
014970,삼륭물산,KOSDAQ,239,7,5,10.0,624,14825,12.0,00125488,CFS,55644659563.0,50860739612.0,6204407822.0,6066906130.0,9.41,2.27
015710,코콤,KOSDAQ,1050,37,25,2.0,455,17530,12.0,00187725,CFS,95770916172.0,104993315733.0,2999271369.0,3727784568.0,-8.78,-19.54
015750,성우하이텍,KOSDAQ,10696,545,467,10.0,4472,80000,12.0,00132992,CFS,1782329295259.0,1792917261216.0,138286890261.0,55982704716.0,-0.59,147.02
016100,리더스코스메틱,KOSDAQ,172,-23,-20,-17.0,203,19100,12.0,00180263,CFS,66063165904.0,72765137898.0,-6645592447.0,-1379007275.0,-9.21,-381.91
016250,SGC E&C,KOSDAQ,3179,179,97,-16.0,553,5036,12.0,00141246,CFS,937945314253.0,1138991284459.0,11721916645.0,601742139.0,-17.65,1848.0
0164H0,한국제16호스팩,KOSDAQ,0,0,0,0.0,131,6750,12.0,01987779,,,,,,,
0165X0,메리츠제2호스팩,KOSDAQ,0,0,0,0.0,141,7240,12.0,01989041,,,,,,,
016600,큐캐피탈,KOSDAQ,187,28,29,1.0,316,13961,12.0,00267942,,,,,,,
016670,디모아,KOSDAQ,82,37,43,0.0,236,10194,12.0,00125725,CFS,23062358194.0,19940729417.0,4054721710.0,2294401693.0,15.65,76.72
016790,현대사료,KOSDAQ,301,4,11,0.0,1873,188471,12.0,00164618,CFS,113027093258.0,128461963646.0,5008136925.0,2656039214.0,-12.02,88.56
016920,카스,KOSDAQ,377,0,-7,-3.0,267,26493,12.0,00152260,CFS,148564577894.0,137445258858.0,2649961447.0,3077307405.0,8.09,-13.89
017000,신원종합개발,KOSDAQ,2598,150,28,5.0,262,11668,12.0,00136925,CFS,211310547626.0,259809713516.0,8599532119.0,15013758701.0,-18.67,-42.72
017250,인터엠,KOSDAQ,307,5,0,7.0,213,21045,9.0,00145914,CFS,60053752284.0,60338490432.0,3894407666.0,4041372962.0,-0.47,-3.64
017480,삼현철강,KOSDAQ,2237,36,69,3.0,723,15442,12.0,00128926,CFS,217962237638.0,223661506913.0,5099289480.0,3559859456.0,-2.55,43.24
017510,세명전기,KOSDAQ,144,30,56,6.0,980,15246,12.0,00133751,CFS,32333208200.0,14431484950.0,14815685792.0,3029673182.0,124.05,389.02
017650,대림제지,KOSDAQ,419,6,11,1.0,802,8785,12.0,00109781,CFS,168837382045.0,166263916267.0,5282037216.0,9836116761.0,1.55,-46.3
017890,한국알콜,KOSDAQ,1090,107,170,6.0,2722,20673,12.0,00158565,CFS,276114035574.0,294491311349.0,10431757920.0,11158088468.0,-6.24,-6.51
018000,유니슨,KOSDAQ,38,-26,-46,-27.0,2208,259498,12.0,00144243,CFS,40297694015.0,25883386475.0,-9223868930.0,-11619855982.0,55.69,20.62
018120,진로발효,KOSDAQ,217,31,39,13.0,1089,6621,12.0,00170877,CFS,96819349088.0,98660433714.0,13232496840.0,11069308902.0,-1.87,19.54
018290,브이티,KOSDAQ,1143,173,232,22.0,3909,34941,12.0,00150165,CFS,381052176242.0,319298490613.0,73828965454.0,95089178003.0,19.34,-22.36
018310,삼목에스폼,KOSDAQ,733,-61,21,1.0,2047,14700,12.0,00125646,CFS,245043837467.0,328190036417.0,-7617509798.0,65699839459.0,-25.33,-111.59
018620,우진비앤지,KOSDAQ,143,7,3,-7.0,171,6932,12.0,00103547,CFS,30204319324.0,26377541583.0,2192230517.0,1072017350.0,14.51,104.5
018680,서울제약,KOSDAQ,536,15,18,4.0,239,11659,12.0,00131018,CFS,52149309124.0,53579628595.0,-1279411220.0,1527776530.0,-2.67,-183.74
018700,졸스,KOSDAQ,112,-14,-9,-20.0,134,11706,12.0,00122205,CFS,61230101360.0,64902501823.0,-1950894789.0,-5622821758.0,-5.66,65.3
019010,베뉴지,KOSDAQ,104,19,754,37.0,2029,48200,12.0,00267906,CFS,28611695412.0,26005588476.0,10417139742.0,10383481968.0,10.02,0.32
019210,와이지-원,KOSDAQ,2078,388,338,11.0,7680,37193,12.0,00139719,CFS,420294883669.0,401019385128.0,70012969202.0,56640949037.0,4.81,23.61
019540,일지테크,KOSDAQ,2222,137,195,30.0,829,13513,12.0,00146560,CFS,443620147723.0,322826045636.0,19559773701.0,15350683213.0,37.42,27.42
019550,SBI인베스트먼트,KOSDAQ,287,117,118,9.0,780,81033,12.0,00156910,CFS,32707572126.0,28682710829.0,,,14.03,
019570,플루토스,KOSDAQ,33,-31,-31,0.0,229,47725,12.0,00110750,CFS,,,2248925166.0,1173550393.0,,91.63
019660,글로본,KOSDAQ,173,2,6,5.0,253,13944,12.0,00159731,CFS,12948120906.0,17329300244.0,-4830188254.0,244425383.0,-25.28,-2076.14
019770,서연탑메탈,KOSDAQ,1824,93,102,11.0,358,11650,12.0,00153278,CFS,207061838044.0,182361573211.0,11911500625.0,9257114848.0,13.54,28.67
019990,에너토크,KOSDAQ,53,1,1,-10.0,448,9756,12.0,00169215,CFS,23521549768.0,25151443559.0,-4089402984.0,166350461.0,-6.48,-2558.31
020180,대신정보통신,KOSDAQ,2029,91,73,16.0,333,38428,3.0,00110875,CFS,202861487817.0,255122447363.0,9099047769.0,9215588861.0,-20.48,-1.26
020400,대동금속,KOSDAQ,995,-65,-73,-12.0,183,6378,12.0,00191287,CFS,101817187819.0,99514130970.0,100414709.0,-6503287192.0,2.31,101.54
020710,시공테크,KOSDAQ,246,-23,-32,16.0,699,20047,12.0,00170026,CFS,159908292749.0,133046377489.0,15036102963.0,7615856305.0,20.19,97.43
021040,대호특수강,KOSDAQ,667,0,-6,-4.0,198,21704,12.0,00166175,CFS,276819952371.0,295629128919.0,3141642647.0,2739509453.0,-6.36,14.68
021045,대호특수강우,KOSDAQ,0,0,0,0.0,21,848,12.0,,,,,,,,
021080,에이티넘인베스트,KOSDAQ,0,0,0,0.0,1008,48000,12.0,00161462,CFS,70561999146.0,51724939670.0,31977878918.0,13503630205.0,36.42,136.81
021320,KCC건설,KOSDAQ,0,0,0,0.0,1138,21400,12.0,00105466,CFS,1833403452922.0,1827039599960.0,88337134847.0,64596859326.0,0.35,36.75
021650,한국큐빅,KOSDAQ,541,17,26,4.0,358,16350,12.0,00160010,CFS,28753686868.0,39355454393.0,3450217098.0,6621484494.0,-26.94,-47.89
021880,메이슨캐피탈,KOSDAQ,220,-22,-41,-5.0,241,21218,12.0,00136101,CFS,6758713568.0,9422461591.0,-10097939629.0,4297892217.0,-28.27,-334.95
022220,티케이지애강,KOSDAQ,170,-32,-34,-14.0,283,51794,12.0,00140061,CFS,40707957449.0,58405107795.0,-8993590438.0,-3687486414.0,-30.3,-143.89
023160,태광,KOSDAQ,823,93,375,13.0,5302,25867,12.0,00153375,CFS,265617235360.0,233066384241.0,43160877269.0,40491364337.0,13.97,6.59
023410,유진기업,KOSDAQ,3355,118,740,5.0,2520,77310,12.0,00184667,CFS,746219587758.0,855014723011.0,-8404332996.0,23839230773.0,-12.72,-135.25
023440,제이스코홀딩스,KOSDAQ,150,-18,-49,-58.0,469,90142,12.0,00148531,CFS,41057598387.0,28367530826.0,-8173274752.0,-14570719151.0,44.73,43.91
023600,삼보판지,KOSDAQ,1311,53,79,4.0,1328,16008,12.0,00125938,CFS,208253712760.0,234093186332.0,-4538281977.0,-235819838.0,-11.04,-1824.47
023760,한국캐피탈,KOSDAQ,1344,291,301,14.0,2202,315609,12.0,00149594,,,,,,,
023770,플레이위드,KOSDAQ,323,-85,-68,-31.0,207,8946,12.0,00138367,CFS,34657760135.0,32307321526.0,-4682241152.0,-8532221284.0,7.28,45.12
023790,동일스틸럭스,KOSDAQ,0,0,0,0.0,290,13069,12.0,00172945,CFS,24045379541.0,16633409791.0,-2608399408.0,-1800645491.0,44.56,-44.86
023900,풍국주정,KOSDAQ,376,30,35,6.0,902,12600,12.0,00155452,CFS,56384793504.0,60708904322.0,4934328092.0,4474273489.0,-7.12,10.28
023910,대한약품,KOSDAQ,0,0,0,0.0,1530,6000,12.0,00113128,CFS,208614118262.0,204194880322.0,31185733351.0,38080510688.0,2.16,-18.11
024060,흥구석유,KOSDAQ,1169,-3,8,1.0,1864,15000,12.0,00167004,CFS,107851699478.0,116852401318.0,-994855488.0,-282773388.0,-7.7,-251.82
024120,KB오토시스,KOSDAQ,574,15,31,5.0,363,11500,12.0,00157539,CFS,179348686124.0,180773422918.0,9543623672.0,7861215983.0,-0.79,21.4
024740,한일단조,KOSDAQ,356,26,32,2.0,689,32897,12.0,00162832,CFS,109094374275.0,123120322375.0,-111411926.0,4048966384.0,-11.39,-102.75
024800,유성티엔에스,KOSDAQ,132,9,82,10.0,1556,37051,12.0,00173999,CFS,66689398580.0,150956441832.0,1208298107.0,4374757434.0,-55.82,-72.38
024830,세원물산,KOSDAQ,2309,13,251,6.0,732,8350,12.0,00173591,CFS,211615991165.0,230905196586.0,3056732966.0,1341678298.0,-8.35,127.83
024840,KBI메탈,KOSDAQ,2106,155,83,6.0,1894,43159,12.0,00158024,CFS,729896666423.0,668043265617.0,20133404452.0,14805249638.0,9.26,35.99
024850,HLB이노베이션,KOSDAQ,94,-104,-105,-15.0,2778,31753,12.0,00155586,CFS,32217255519.0,25355832330.0,80239790.0,-3264137634.0,27.06,102.46
024880,케이피에프,KOSDAQ,1942,78,123,7.0,736,20162,12.0,00157636,CFS,256819655660.0,278525683273.0,8801327298.0,12699424464.0,-7.79,-30.7
024910,경창산업,KOSDAQ,1716,45,41,-16.0,524,35819,12.0,00102353,CFS,661212874788.0,594368434699.0,9651903034.0,8200208985.0,11.25,17.7
024940,PN풍년,KOSDAQ,145,7,9,6.0,213,10000,12.0,00133557,CFS,55745079832.0,54630810188.0,1583213734.0,977265255.0,2.04,62.0
024950,삼천리자전거,KOSDAQ,425,23,44,7.0,415,12400,12.0,00128607,CFS,76652454449.0,74609460714.0,2092662045.0,1170144179.0,2.74,78.84
025320,시노펙스,KOSDAQ,572,13,38,3.0,3276,92162,12.0,00203023,CFS,132978199178.0,113195434903.0,5252099533.0,1361417260.0,17.48,285.78
025440,DH오토웨어,KOSDAQ,1354,32,47,-29.0,336,9756,12.0,00110583,CFS,375808912467.0,371197083878.0,-3151541329.0,2455509130.0,1.24,-228.35
025550,한국선재,KOSDAQ,661,82,-42,0.0,537,25514,12.0,00158015,CFS,147230381552.0,161953555013.0,1538371461.0,3739061498.0,-9.09,-58.86
025770,한국정보통신,KOSDAQ,2162,110,113,11.0,2909,37444,12.0,00159342,CFS,828926740000.0,782229248000.0,47042672000.0,39183192000.0,5.97,20.06
025870,신라에스지,KOSDAQ,176,-6,-3,-19.0,86,4000,12.0,00136004,CFS,70037103949.0,85391446015.0,-1555192233.0,1135950692.0,-17.98,-236.91
025880,케이씨피드,KOSDAQ,277,16,28,14.0,436,16715,12.0,00101752,CFS,120446800699.0,102568829595.0,8550155512.0,5962887820.0,17.43,43.39
025900,동화기업,KOSDAQ,2181,-49,-78,-4.0,2760,50557,12.0,00173032,CFS,369049244539.0,437725277171.0,-2667834492.0,12620945118.0,-15.69,-121.14
025950,동신건설,KOSDAQ,0,0,0,0.0,874,8400,12.0,00116408,CFS,33382076965.0,68971328816.0,-2206114342.0,585892436.0,-51.6,-476.54
025980,아난티,KOSDAQ,467,-95,-217,-7.0,3585,97300,12.0,00161781,CFS,123167066548.0,166552151382.0,-12248844632.0,10836975071.0,-26.05,-213.03
026040,제이에스티나,KOSDAQ,0,0,0,0.0,301,16503,12.0,00120289,CFS,72242575120.0,74433968530.0,706459594.0,-2602941211.0,-2.94,127.14
026150,특수건설,KOSDAQ,532,26,20,-30.0,633,17546,12.0,00186939,CFS,134335728692.0,205190623389.0,-35743283761.0,5697906297.0,-34.53,-727.31
026910,광진실업,KOSDAQ,145,-3,-10,-20.0,427,7928,12.0,00104120,CFS,55186453404.0,55481319013.0,-4072927402.0,-6744380172.0,-0.53,39.61
027040,서울전자통신,KOSDAQ,59,-7,-6,-19.0,254,13917,12.0,00130587,CFS,8932370153.0,10128012296.0,-2846337025.0,-3369292578.0,-11.81,15.52
027050,코리아나,KOSDAQ,186,-5,-1,-8.0,545,40000,12.0,00152589,CFS,64694491942.0,66610307657.0,-4631309944.0,-2005870261.0,-2.88,-130.89
027360,아주IB투자,KOSDAQ,200,81,79,5.0,3864,121145,12.0,00156895,,,,,,,
027580,상보,KOSDAQ,89,-34,-27,-30.0,167,11836,12.0,00129615,CFS,48868771086.0,52309460340.0,-8380703631.0,-7407825308.0,-6.58,-13.13
027710,팜스토리,KOSDAQ,3471,87,-20,9.0,1186,111416,12.0,00192499,CFS,1332721783396.0,1340043871496.0,32656468523.0,37006765047.0,-0.55,-11.76
027830,대성창투,KOSDAQ,201,102,149,15.0,512,54000,12.0,00109037,CFS,9251631072.0,20088466445.0,796603028.0,10238452840.0,-53.95,-92.22
028080,휴맥스홀딩스,KOSDAQ,939,23,345,-21.0,139,2532,12.0,00219440,CFS,9724270026.0,10862859374.0,1064140624.0,441824569.0,-10.48,140.85
028300,HLB,KOSDAQ,187,-232,-409,-42.0,40492,133198,12.0,00199252,CFS,19679396354.0,19487925221.0,-19928656085.0,-16915283572.0,0.98,-17.81
029480,광무,KOSDAQ,12,-9,241,14.0,770,59719,12.0,00186452,CFS,7575016042.0,6529887723.0,-3905120436.0,-4276464573.0,16.01,8.68
030350,드래곤플라이,KOSDAQ,29,-5,-5,-98.0,151,15592,12.0,00230036,CFS,5336418718.0,19644744578.0,-2524864527.0,-8342779859.0,-72.84,69.74
030520,한글과컴퓨터,KOSDAQ,636,86,95,9.0,3822,24179,12.0,00204262,CFS,175349826475.0,159095632453.0,50895704313.0,49703933009.0,10.22,2.4
030530,원익홀딩스,KOSDAQ,1171,-23,77,2.0,12535,77237,12.0,00216647,CFS,234868850435.0,287708268678.0,-20547722125.0,21215472291.0,-18.37,-196.85
030960,양지사,KOSDAQ,559,-61,-21,-1.0,738,15980,6.0,00139685,CFS,55863645104.0,58151137977.0,-6079582443.0,155995335.0,-3.93,-3997.28
031310,아이즈비전,KOSDAQ,467,0,9,7.0,265,29746,12.0,00200910,CFS,56420007802.0,41973463609.0,4461429927.0,1742348148.0,34.42,156.06
031330,에스에이엠티,KOSDAQ,17954,3273,3091,53.0,10499,99995,12.0,00128661,CFS,1970329336154.0,1704778317590.0,65817713234.0,42356829734.0,15.58,55.39
031510,오스템,KOSDAQ,342,27,110,17.0,310,28000,12.0,00175173,CFS,104421047042.0,120551027342.0,2675025424.0,6866376868.0,-13.38,-61.04
031860,디에이치엑스컴퍼니,KOSDAQ,32,-19,-19,-98.0,187,27005,12.0,00180865,CFS,4589348256.0,6048685644.0,-7283472867.0,-5560993001.0,-24.13,-30.97
031980,피에스케이홀딩스,KOSDAQ,280,92,231,20.0,29109,21562,12.0,00208444,CFS,188876147986.0,172220518779.0,68121129861.0,57845452320.0,9.67,17.76
032080,아즈텍WB,KOSDAQ,354,5,-29,-2.0,220,21491,12.0,00201131,CFS,30229023516.0,35365624219.0,458774703.0,544665708.0,-14.52,-15.77
032190,다우데이타,KOSDAQ,96372,6473,6899,16.0,6740,38300,12.0,00238782,CFS,238352100521.0,192471937433.0,7550581582.0,6745212786.0,23.84,11.94
032280,삼일,KOSDAQ,1051,25,14,2.0,209,16213,12.0,00127909,CFS,99989845264.0,105109049374.0,2129168375.0,2474034253.0,-4.87,-13.94
032300,한국파마,KOSDAQ,813,61,39,5.0,810,10906,12.0,00187770,CFS,87601377061.0,81277283919.0,-887328366.0,6086466794.0,7.78,-114.58
032500,케이엠더블유,KOSDAQ,215,-57,-51,-19.0,5970,42191,12.0,00226352,CFS,55936680557.0,33477136612.0,2084060355.0,-31322937996.0,67.09,106.65
032540,TJ미디어,KOSDAQ,174,-7,1,4.0,688,20897,12.0,00201733,CFS,83113813331.0,82298170996.0,5320773058.0,7134674407.0,0.99,-25.42
032580,피델릭스,KOSDAQ,448,-45,-21,-5.0,1514,33132,12.0,00189538,CFS,53615518212.0,44810331384.0,-2066008789.0,-4528465335.0,19.65,54.38
032620,GC메디아이,KOSDAQ,498,22,2,29.0,1500,52197,12.0,00220057,CFS,126727730389.0,121463091734.0,10798612023.0,7826061309.0,4.33,37.98
032680,소프트센,KOSDAQ,105,2,-1,-3.0,209,20855,12.0,00204226,CFS,11255216343.0,18619240853.0,-4745062256.0,-4330833711.0,-39.55,-9.56
032685,소프트센우,KOSDAQ,0,0,0,0.0,4,71,12.0,,,,,,,,
032750,삼진,KOSDAQ,355,14,33,3.0,260,9031,12.0,00173351,CFS,131374351052.0,146216013092.0,1925663354.0,17241773.0,-10.15,11068.59
032790,엠젠솔루션,KOSDAQ,40,-38,-36,-49.0,205,25680,12.0,00110884,CFS,19899870404.0,27415115704.0,-7901264857.0,290689696.0,-27.41,-2818.11
032800,판타지오,KOSDAQ,257,-47,-53,-26.0,193,12461,6.0,00231691,CFS,38129078341.0,72297110176.0,-7989727257.0,-1337572134.0,-47.26,-497.33
032820,우리기술,KOSDAQ,170,-67,273,24.0,16285,171605,12.0,00231044,CFS,46363304055.0,36683836209.0,5069676894.0,1160628827.0,26.39,336.8
032850,비트컴퓨터,KOSDAQ,96,18,23,11.0,652,16623,12.0,00231707,CFS,33948871029.0,35373992140.0,6018424941.0,6895930267.0,-4.03,-12.72
032860,더라미,KOSDAQ,698,16,21,5.0,250,40395,12.0,00205687,CFS,50919669504.0,69776981093.0,-1720450576.0,1617984206.0,-27.03,-206.33
032940,원익,KOSDAQ,370,27,15,3.0,971,18193,12.0,00210980,CFS,61985863456.0,57276728946.0,7087626113.0,6411186159.0,8.22,10.55
032960,동일기연,KOSDAQ,61,6,42,14.0,343,17592,12.0,00199076,CFS,20937098135.0,23837534300.0,11824599.0,793681758.0,-12.17,-98.51
033050,제이엠아이,KOSDAQ,311,10,20,8.0,249,31839,12.0,00222435,CFS,37243642679.0,38395385776.0,-1551765051.0,-305267495.0,-3.0,-408.33
033100,제룡전기,KOSDAQ,0,0,0,0.0,6850,16062,12.0,00185356,CFS,224017012923.0,262736051492.0,67027203234.0,97845022385.0,-14.74,-31.5
033130,디지틀조선,KOSDAQ,103,24,28,9.0,731,37115,12.0,00231442,CFS,38108173548.0,34791722670.0,5778148520.0,2575764638.0,9.53,124.33
033160,엠케이전자,KOSDAQ,4501,151,159,2.0,3861,24194,12.0,00121686,CFS,795409862755.0,555974963499.0,16699725381.0,9741463307.0,43.07,71.43
033170,시그네틱스,KOSDAQ,265,-20,-23,-20.0,335,85728,12.0,00158219,CFS,103046699790.0,118150985037.0,-23838996386.0,-25637324764.0,-12.78,7.01
033200,모아텍,KOSDAQ,426,-17,-4,-1.0,237,9204,3.0,00241209,CFS,30650103926.0,29780127805.0,-3436365522.0,-2443812488.0,2.92,-40.61
033230,인성정보,KOSDAQ,746,-20,-22,-2.0,515,50515,12.0,00229021,CFS,130876296605.0,122098354481.0,-686195491.0,-6953007695.0,7.19,90.13
033290,로젠,KOSDAQ,1925,30,-5,5.0,867,56156,12.0,00155948,CFS,111506397166.0,44411215090.0,7136853189.0,6732167364.0,151.08,6.01
033310,엠투엔,KOSDAQ,219,7,1,1.0,513,39972,12.0,00143226,CFS,83321648450.0,87863685683.0,2867420106.0,3417014255.0,-5.17,-16.08
033320,제이씨현시스템,KOSDAQ,743,36,35,7.0,517,19114,12.0,00223513,CFS,255604761622.0,216363613952.0,4429351792.0,1818815815.0,18.14,143.53
033340,좋은사람들,KOSDAQ,153,-15,-15,-23.0,361,96950,12.0,00205003,CFS,72599453889.0,90260720652.0,-6265549847.0,1115959544.0,-19.57,-661.45
033500,동성화인텍,KOSDAQ,1691,199,224,27.0,4633,29989,12.0,00231105,CFS,742186008411.0,597409682162.0,72678764299.0,54016609282.0,24.23,34.55
033540,파라텍,KOSDAQ,272,-62,-61,-26.0,423,52246,12.0,00105138,CFS,115909538283.0,212659309113.0,-2869730108.0,3814148966.0,-45.5,-175.24
033560,블루콤,KOSDAQ,18,6,11,3.0,746,17100,12.0,00238001,CFS,5807047814.0,5090080785.0,648160365.0,3251273086.0,14.09,-80.06
033640,네패스,KOSDAQ,1340,109,94,10.0,4307,23059,12.0,00227333,CFS,376748974391.0,336272651397.0,20948010481.0,18140913584.0,12.04,15.47
033790,피노,KOSDAQ,307,0,-25,-6.0,4407,83321,12.0,00276083,CFS,264760884474.0,30676302081.0,8847177396.0,7608133.0,763.08,116185.79
033830,티비씨,KOSDAQ,74,-5,3,2.0,304,18907,12.0,00204642,CFS,42691388395.0,40284018896.0,1486209297.0,1458208306.0,5.98,1.92
034810,해성산업,KOSDAQ,5994,182,-286,-9.0,1999,31580,12.0,00219361,CFS,31344344334.0,31911946838.0,12226994161.0,14093799896.0,-1.78,-13.25
03481K,해성산업1우,KOSDAQ,0,0,0,0.0,81,1377,12.0,,,,,,,,
034940,조아제약,KOSDAQ,147,-11,-1,-17.0,210,30979,12.0,00231831,CFS,58008647597.0,61169717375.0,-6042263398.0,-9831159201.0,-5.17,38.54
034950,한국기업평가,KOSDAQ,227,47,61,25.0,4581,4540,12.0,00156956,CFS,59809086324.0,59018116474.0,18758740532.0,17719309295.0,1.34,5.87
035080,그래디언트,KOSDAQ,8433,58,85,-6.0,1033,11431,12.0,00244561,CFS,13508554216.0,10899650103.0,-7305530626.0,-4172610250.0,23.94,-75.08
035200,프럼파스트,KOSDAQ,52,-3,-3,1.0,246,9219,12.0,00356389,CFS,21059984676.0,28043583051.0,-511971619.0,1634867291.0,-24.9,-131.32
035290,골드앤에스,KOSDAQ,96,-5,1,0.0,74,4767,12.0,00249502,CFS,9019704769.0,9593956706.0,-1877853222.0,-486243638.0,-5.99,-286.2
035460,기산텔레콤,KOSDAQ,178,31,47,12.0,300,14920,12.0,00258421,CFS,26725913908.0,32079750578.0,-232577630.0,869298366.0,-16.69,-126.75
035600,KG이니시스,KOSDAQ,3817,255,241,10.0,2559,27554,12.0,00264547,CFS,706052410948.0,749080937434.0,50942659812.0,55081914570.0,-5.74,-7.51
035610,솔본,KOSDAQ,353,36,81,15.0,1308,27345,12.0,00249982,CFS,3686978368.0,5169930829.0,-1794823215.0,75220169.0,-28.68,-2486.09
035620,바른손이앤에이,KOSDAQ,23,-1,-1,-12.0,132,18609,12.0,00259590,CFS,11603958770.0,8705121399.0,-2276213982.0,-235833179.0,33.3,-865.18
035760,CJ ENM,KOSDAQ,13297,15,2,4.0,6337,21929,12.0,00265324,CFS,2783751070824.0,2787218125859.0,155788723780.0,175871886184.0,-0.12,-11.42
035810,이지홀딩스,KOSDAQ,8609,342,163,4.0,2809,64516,12.0,00242378,CFS,185440109173.0,157438298046.0,20435289528.0,21525214547.0,17.79,-5.06
035890,서희건설,KOSDAQ,1917,105,262,12.0,4403,229808,12.0,00219848,CFS,1107638894355.0,1437542486727.0,146004169113.0,235516160965.0,-22.95,-38.01
035900,JYP Ent.,KOSDAQ,1860,334,426,21.0,15758,35532,12.0,00258689,CFS,683623525453.0,488264358029.0,142212626452.0,113318969981.0,40.01,25.5
036000,예림당,KOSDAQ,27,-1,-6,-15.0,644,23034,12.0,00259934,CFS,10258304518.0,11805914064.0,-1420156697.0,361237050.0,-13.11,-493.14
036010,아비코전자,KOSDAQ,353,19,32,10.0,773,13292,12.0,00138598,CFS,62015136717.0,55516566556.0,2923947684.0,-1020692970.0,11.71,386.47
036030,케이티알파,KOSDAQ,0,0,0,0.0,2129,49019,12.0,00260958,CFS,395886247409.0,388170405304.0,44161873807.0,24595319091.0,1.99,79.55
036090,위지트,KOSDAQ,1160,40,21,5.0,556,42550,12.0,00258360,CFS,36070586920.0,33891503767.0,1231965465.0,155185659.0,6.43,693.87
036120,서울평가정보,KOSDAQ,88,3,-5,22.0,570,35145,12.0,00260745,CFS,39680529956.0,36377030851.0,7318047377.0,5690924280.0,9.08,28.59
036170,에이치엠넥스,KOSDAQ,116,9,27,0.0,1632,61365,12.0,00232821,CFS,17708295355.0,15162909359.0,529507328.0,318104254.0,16.79,66.46
036190,금화피에스시,KOSDAQ,849,13,40,8.0,1869,6000,12.0,00176516,CFS,320393368305.0,249454875511.0,38734811529.0,29698523625.0,28.44,30.43
036200,유니셈,KOSDAQ,748,51,70,4.0,2401,30664,12.0,00260569,CFS,262677216730.0,208553000387.0,10554407041.0,10706349121.0,25.95,-1.42
036220,오상헬스케어,KOSDAQ,229,-44,-36,-2.0,841,14309,12.0,00260657,CFS,128618989127.0,80471433926.0,3418933281.0,-16933418810.0,59.83,120.19
036480,대성미생물,KOSDAQ,238,-16,-16,-5.0,245,3800,12.0,00177320,CFS,25988810012.0,23803929086.0,714269442.0,-1551719611.0,9.18,146.03
036540,SFA반도체,KOSDAQ,1073,-62,-48,-2.0,9111,164460,12.0,00301246,CFS,356044380914.0,397390900311.0,1146183370.0,6706802724.0,-10.4,-82.91
036560,KZ정밀,KOSDAQ,1127,152,243,5.0,1800,15750,12.0,00141389,CFS,110512771845.0,112713189198.0,10180084478.0,15202848992.0,-1.95,-33.04
036620,감성코퍼레이션,KOSDAQ,2204,361,370,31.0,3446,89862,12.0,00261009,CFS,250195090117.0,220396656168.0,44631054064.0,36053423698.0,13.52,23.79
036630,세종텔레콤,KOSDAQ,688,-16,-25,3.0,646,10000,12.0,00268002,CFS,115848946258.0,170552498868.0,-12457560671.0,-11184117081.0,-32.07,-11.39
036640,HRS,KOSDAQ,209,31,37,11.0,777,16354,12.0,00230911,CFS,77687283351.0,78609230785.0,13193300859.0,14765154355.0,-1.17,-10.65
036670,삼양케이씨아이,KOSDAQ,1102,150,177,13.0,556,10760,12.0,00265041,CFS,116839597551.0,110184780128.0,10893690098.0,15021799262.0,6.04,-27.48
036690,코맥스,KOSDAQ,197,32,24,-36.0,1256,43567,12.0,00268118,CFS,81969518945.0,114366525773.0,-13821342522.0,-13142206957.0,-28.33,-5.17
036710,심텍홀딩스,KOSDAQ,4432,10,92,-193.0,1811,52827,12.0,00152127,CFS,15936508552.0,13249973665.0,6788223210.0,4575137864.0,20.28,48.37
036800,나이스정보통신,KOSDAQ,2857,149,179,13.0,2639,9100,12.0,00264945,CFS,502027124025.0,290901366239.0,49395103968.0,37691044786.0,72.58,31.05
036810,에프에스티,KOSDAQ,696,14,-34,-6.0,4405,21649,12.0,00223434,CFS,223592130152.0,210427876800.0,-2658889616.0,5749059862.0,6.26,-146.25
036830,솔브레인홀딩스,KOSDAQ,1763,15,266,32.0,6181,20503,12.0,00247975,CFS,112235561641.0,48616174909.0,93482967501.0,30667990874.0,130.86,204.82
036890,진성티이씨,KOSDAQ,1364,129,174,14.0,2864,22032,12.0,00174208,CFS,269465190649.0,235728219137.0,27036602439.0,9882553932.0,14.31,173.58
036930,주성엔지니어링,KOSDAQ,549,-70,-14,1.0,78646,46481,12.0,00252135,CFS,310692584812.0,409378252326.0,32131229318.0,98121004725.0,-24.11,-67.25
037030,파워넷,KOSDAQ,1066,36,18,9.0,921,25512,12.0,00231354,CFS,247163694128.0,230230400793.0,18149718000.0,13344085636.0,7.35,36.01
037070,파세코,KOSDAQ,0,0,0,0.0,1222,20000,12.0,00238153,CFS,167909772380.0,157757027360.0,3300899727.0,-16805960197.0,6.44,119.64
037230,한국팩키지,KOSDAQ,2256,68,20,1.0,407,29800,12.0,00198192,CFS,224078895876.0,225600709096.0,9944566716.0,6793927118.0,-0.67,46.37
037330,인지디스플레,KOSDAQ,1642,4,1,2.0,409,43885,12.0,00265421,CFS,50556541349.0,225372660184.0,4991148604.0,-986693597.0,-77.57,605.85
037350,성도이엔지,KOSDAQ,1446,78,133,11.0,1216,15210,12.0,00216498,CFS,487843197891.0,693993677284.0,27699247951.0,19375574061.0,-29.7,42.96
037370,EG,KOSDAQ,156,-7,-23,-2.0,253,8624,12.0,00261054,CFS,23856336338.0,33388198213.0,1178331574.0,-1052164459.0,-28.55,211.99
037400,우리엔터프라이즈,KOSDAQ,2740,-45,9,-2.0,174,26223,12.0,00155692,CFS,22735401774.0,23798637955.0,240025740.0,1114384922.0,-4.47,-78.46
037440,희림,KOSDAQ,597,12,6,8.0,493,13922,12.0,00236863,CFS,231206498836.0,230105555431.0,9394307283.0,10900878675.0,0.48,-13.82
037460,삼지전자,KOSDAQ,19044,3342,3161,38.0,5638,16318,12.0,00128315,CFS,63405540702.0,60895131756.0,9011699894.0,2395785713.0,4.12,276.15
037760,쎄니트,KOSDAQ,311,-13,-10,-4.0,822,33832,12.0,00239596,CFS,70311710964.0,69975247510.0,-372880056.0,-593528125.0,0.48,37.18
037950,엘컴텍,KOSDAQ,179,15,20,4.0,470,16889,12.0,00242712,CFS,46291152553.0,57384537439.0,2408158163.0,3782644107.0,-19.33,-36.34
038010,제일테크노스,KOSDAQ,348,21,41,9.0,497,9000,12.0,00148595,CFS,122307239726.0,173275138176.0,4506060513.0,17613876444.0,-29.41,-74.42
038060,루멘스,KOSDAQ,382,9,23,-5.0,329,48103,12.0,00406329,CFS,87961036707.0,83529951957.0,-1075282898.0,-1004487589.0,5.3,-7.05
038070,서린바이오,KOSDAQ,195,2,2,1.0,405,9300,12.0,00373447,CFS,75305662834.0,73235225037.0,1408919184.0,2484465135.0,2.83,-43.29
038110,에코플라스틱,KOSDAQ,6005,68,69,-2.0,791,41169,12.0,00139153,CFS,1410342051000.0,1317616804000.0,42014458000.0,23473476000.0,7.04,78.99
038290,마크로젠,KOSDAQ,453,-5,-8,2.0,1219,10841,12.0,00261373,CFS,109582257578.0,104024819563.0,6771199211.0,-3692788834.0,5.34,283.36
038390,레드캡투어,KOSDAQ,924,179,142,12.0,1626,16720,12.0,00261355,CFS,353609485272.0,346857102164.0,45909524642.0,42914622576.0,1.95,6.98
038460,바이오스마트,KOSDAQ,1453,101,93,8.0,679,25274,12.0,00240857,CFS,103333991106.0,94660570328.0,16369718739.0,13011037763.0,9.16,25.81
038500,삼표시멘트,KOSDAQ,1667,100,36,6.0,7791,107916,12.0,00239639,CFS,640607919944.0,743966295597.0,63236739348.0,95368566802.0,-13.89,-33.69
038530,케이바이오랩스,KOSDAQ,159,-8,23,-4.0,174,23142,12.0,00255105,CFS,36491254979.0,27396552102.0,-173002664.0,-733928447.0,33.2,76.43
038540,상상인,KOSDAQ,1269,147,120,-26.0,1074,55328,12.0,00306162,CFS,71068741238.0,67515703407.0,2978787914.0,3717500600.0,5.26,-19.87
038620,위즈코프,KOSDAQ,275,5,52,9.0,302,15145,12.0,00264228,CFS,74419386379.0,59920525630.0,1022043219.0,556281604.0,24.2,83.73
038680,에스넷,KOSDAQ,778,1,-1,6.0,688,19912,12.0,00264635,CFS,289978756947.0,286077464430.0,4663073221.0,7067741782.0,1.36,-34.02
038870,에코심플렉스,KOSDAQ,28,-10,-4,-3.0,271,14014,12.0,00287812,CFS,16729531133.0,16060999213.0,-584514883.0,972430981.0,4.16,-160.11
038880,아이에이,KOSDAQ,276,2,-5,-43.0,291,7514,12.0,00252269,CFS,18255120147.0,23305007932.0,-2928415316.0,-3808151972.0,-21.67,23.1
038950,파인디지털,KOSDAQ,147,-16,-9,0.0,293,10210,12.0,00264732,CFS,52674713536.0,57870636617.0,-2713482460.0,-4632304825.0,-8.98,41.42
039010,현대에이치티,KOSDAQ,310,-13,-19,0.0,647,8625,12.0,00255044,CFS,153299471798.0,168906637340.0,7114977048.0,11055985739.0,-9.24,-35.65
039020,이건홀딩스,KOSDAQ,1011,32,3,-4.0,562,22584,12.0,00184889,CFS,6939748604.0,7146047642.0,-9329452656.0,-10537839048.0,-2.89,11.47
039030,이오테크닉스,KOSDAQ,1151,298,407,11.0,39114,12319,12.0,00246417,CFS,348509726704.0,292202896424.0,77301436194.0,35804250380.0,19.27,115.9
039200,오스코텍,KOSDAQ,36,-100,-49,37.0,11534,38258,12.0,00263654,CFS,75518667400.0,18826295227.0,47901092480.0,1967376073.0,301.13,2334.77
039240,경남스틸,KOSDAQ,0,0,0,0.0,519,26979,12.0,00206039,CFS,357139177502.0,395490089089.0,5957941620.0,9448034025.0,-9.7,-36.94
039290,인포뱅크,KOSDAQ,340,-9,2,-6.0,292,8693,12.0,00243757,CFS,109678915167.0,110524264426.0,-3406597261.0,-5176030376.0,-0.76,34.19
039310,세중,KOSDAQ,373,4,19,2.0,209,18121,12.0,00264671,CFS,35627831088.0,37305979168.0,-1032176903.0,418218295.0,-4.5,-346.8
039340,한국경제TV,KOSDAQ,258,5,13,3.0,1034,22000,12.0,00263371,CFS,,,-2374055195.0,1210104546.0,,-296.19
039420,케이엘넷,KOSDAQ,114,23,26,14.0,597,22946,12.0,00246620,CFS,43083407880.0,46410786105.0,9245406101.0,9423202837.0,-7.17,-1.89
039440,에스티아이,KOSDAQ,738,4,57,6.0,3597,15507,12.0,00298340,CFS,306617024786.0,316577024656.0,21155099795.0,29973577461.0,-3.15,-29.42
039560,다산네트웍스,KOSDAQ,1204,89,82,-3.0,962,42888,12.0,00268251,CFS,52989475338.0,43860282644.0,3580928623.0,1254459011.0,20.81,185.46
039610,화성밸브,KOSDAQ,200,8,4,-2.0,539,10410,12.0,00217743,CFS,71404321523.0,81638198790.0,-1444194753.0,7102743717.0,-12.54,-120.33
039740,한국정보공학,KOSDAQ,1707,11,6,6.0,243,8018,12.0,00261957,CFS,134826902035.0,182618787576.0,1364534046.0,1648849762.0,-26.17,-17.24
039830,오로라,KOSDAQ,975,142,107,15.0,2051,10762,12.0,00141556,CFS,169951114163.0,149306815330.0,12889530928.0,14573496964.0,13.83,-11.55
039840,디오,KOSDAQ,413,41,117,4.0,1647,13415,12.0,00115931,CFS,96017951961.0,103878211119.0,11832056998.0,-23410192879.0,-7.57,150.54
039860,나노엔텍,KOSDAQ,105,1,16,3.0,1331,38093,12.0,00230425,CFS,28575621476.0,29211684796.0,-5617575606.0,1995371053.0,-2.18,-381.53
039980,폴라리스AI,KOSDAQ,0,0,0,0.0,556,14381,12.0,00369213,CFS,43636226860.0,53068929661.0,-4689716221.0,-1311143643.0,-17.77,-257.68
040160,누리플렉스,KOSDAQ,150,-32,6,-8.0,565,12055,12.0,00269889,CFS,45601260942.0,81796035117.0,-9304438577.0,-8431681552.0,-44.25,-10.35
040300,YTN,KOSDAQ,1312,-267,-215,-8.0,955,47676,12.0,00200275,CFS,134193072979.0,131178008252.0,-13601524449.0,-26675495489.0,2.3,49.01
040350,크레오에스지,KOSDAQ,26,-8,-19,-16.0,1413,19856,12.0,00346407,CFS,9918271572.0,7550975377.0,-2830902162.0,-2111369998.0,31.35,-34.08
040420,정상제이엘에스,KOSDAQ,265,30,32,8.0,907,15677,12.0,00287788,CFS,102573625350.0,105122536772.0,10000347002.0,10157733637.0,-2.42,-1.55
040610,SG&G,KOSDAQ,125,19,96,7.0,518,17043,12.0,00264714,CFS,47697024082.0,50762457794.0,3673543661.0,6411655300.0,-6.04,-42.71
040910,아이씨디,KOSDAQ,224,-50,-35,2.0,738,18174,12.0,00298377,CFS,172867810330.0,129948041437.0,-1108157261.0,-26762680637.0,33.03,95.86
041020,폴라리스오피스,KOSDAQ,755,24,105,7.0,1301,49683,12.0,00269852,CFS,,,2746084978.0,3207686215.0,,-14.39
041190,우리기술투자,KOSDAQ,184,154,154,15.0,3666,84000,12.0,00231664,CFS,160579580404.0,190289221168.0,,,-15.61,
041440,현대에버다임,KOSDAQ,820,6,22,4.0,1072,17841,12.0,00228536,CFS,272553841786.0,326633715541.0,4577875364.0,4600662983.0,-16.56,-0.5
041460,한국전자인증,KOSDAQ,110,25,25,9.0,645,19000,12.0,00361169,CFS,33123578650.0,33104021316.0,9452576338.0,7959271314.0,0.06,18.76
041510,에스엠,KOSDAQ,2791,386,574,14.0,15362,22894,12.0,00260930,CFS,812500854342.0,662746063501.0,166979360597.0,112330108565.0,22.6,48.65
041520,이엘씨,KOSDAQ,103,-3,33,6.0,1081,12188,12.0,00137289,CFS,17884503846.0,15369871280.0,-2659809514.0,-3149313429.0,16.36,15.54
041590,플래스크,KOSDAQ,26,-8,2,10.0,1160,48972,12.0,00297448,CFS,15241376083.0,12363911614.0,-1584511890.0,-4947990427.0,23.27,67.98
041830,인바디,KOSDAQ,684,130,179,13.0,7198,13480,12.0,00269922,CFS,137199033079.0,132379675991.0,35449919051.0,42308862915.0,3.64,-16.21
041910,폴라리스AI파마,KOSDAQ,596,2,42,3.0,710,13283,12.0,00463342,CFS,55543076772.0,59602371962.0,3188673368.0,175958626.0,-6.81,1712.17
041920,메디아나,KOSDAQ,161,16,30,5.0,1671,18598,12.0,00273439,CFS,64258169188.0,56657768808.0,6279320783.0,1681237863.0,13.41,273.49
041930,SY동아,KOSDAQ,949,44,41,12.0,664,15200,12.0,00199988,CFS,116529990550.0,121456669486.0,7310509982.0,5479133986.0,-4.06,33.42
041960,코미팜,KOSDAQ,119,3,7,-10.0,5231,73886,12.0,00187415,CFS,52467867636.0,58831607119.0,3788715052.0,8977941960.0,-10.82,-57.8
042000,카페24,KOSDAQ,755,62,78,17.0,3774,24178,12.0,00260879,CFS,242707400168.0,231315628595.0,39823070362.0,32187472134.0,4.92,23.72
042040,케이피엠테크,KOSDAQ,198,-37,-100,-21.0,100,2470,12.0,00206686,CFS,17410306019.0,18667064836.0,-3667476154.0,-4631761945.0,-6.73,20.82
042110,에스씨디,KOSDAQ,510,5,10,3.0,562,48329,12.0,00171867,CFS,198572222361.0,199316000014.0,2862393921.0,7358971117.0,-0.37,-61.1
042370,비츠로테크,KOSDAQ,1056,133,204,2.0,1993,26200,12.0,00103644,CFS,10855365651.0,10567059603.0,5264822970.0,4983211716.0,2.73,5.65
042420,네오위즈홀딩스,KOSDAQ,1016,56,121,10.0,1840,8142,12.0,00266952,CFS,3294556674.0,2631315804.0,581973806.0,-102322340.0,25.21,668.77
042500,링네트,KOSDAQ,375,28,31,10.0,894,22291,12.0,00352499,CFS,179063847799.0,160769204537.0,14199325305.0,13620267929.0,11.38,4.25
042510,라온시큐어,KOSDAQ,94,-21,-21,8.0,800,11105,12.0,00255433,CFS,52022701533.0,53302952033.0,2572149768.0,1885371260.0,-2.4,36.43
042520,한스바이오메드,KOSDAQ,648,65,64,-36.0,3037,14261,9.0,00349060,CFS,60231256132.0,50575180311.0,-24190927291.0,3183648249.0,19.09,-859.85
042600,새로닉스,KOSDAQ,454,-6,-29,-18.0,1038,12423,12.0,00147994,CFS,33937967393.0,55578723901.0,-1175576616.0,1175184854.0,-38.94,-200.03
042940,상지건설,KOSDAQ,36,-17,-18,-14.0,407,6828,12.0,00232007,CFS,20266852783.0,29716530402.0,-1863077920.0,-5578567142.0,-31.8,66.6
043090,더테크놀로지,KOSDAQ,44,-6,3,-54.0,47,4139,12.0,00351454,CFS,8976522298.0,1205560307.0,-2716312731.0,-4874646084.0,644.59,44.28
043100,알파AI,KOSDAQ,38,-17,-19,-25.0,104,20110,12.0,00220109,CFS,12440049700.0,11383087418.0,-4407816235.0,-5357371957.0,9.29,17.72
043150,바텍,KOSDAQ,1052,110,202,9.0,2492,14854,12.0,00264255,CFS,276213357320.0,245339283269.0,65284490810.0,54612843272.0,12.58,19.54
043200,파루,KOSDAQ,69,2,1,-10.0,228,41804,12.0,00266934,CFS,28392000300.0,39759549826.0,-2706193124.0,271182193.0,-28.59,-1097.92
043220,티에스넥스젠,KOSDAQ,38,-3,-2,-83.0,281,16486,12.0,00317487,CFS,13714754171.0,20955720934.0,-2906858411.0,-1788467804.0,-34.55,-62.53
043260,성호전자,KOSDAQ,660,32,4107,113.0,12164,71556,12.0,00317210,CFS,81557343213.0,113110211238.0,513665524.0,2612459806.0,-27.9,-80.34
043340,에쎈테크,KOSDAQ,544,-4,-29,-11.0,370,47500,12.0,00203209,CFS,57909045929.0,54374002353.0,1969736357.0,-383134727.0,6.5,614.11
043360,디지아이,KOSDAQ,204,-27,-19,-5.0,189,9000,12.0,00295547,CFS,21306123270.0,20404122813.0,-766639042.0,-2736280255.0,4.42,71.98
043370,피에이치에이,KOSDAQ,3052,133,230,6.0,2259,21000,12.0,00155151,CFS,693892968273.0,681263947080.0,15299358179.0,20168341999.0,1.85,-24.14
043590,웰킵스하이텍,KOSDAQ,45,-4,-3,-11.0,191,13568,12.0,00260611,CFS,8160867118.0,11132450542.0,-163599894.0,-5124309120.0,-26.69,96.81
043610,KT지니뮤직,KOSDAQ,752,50,45,-17.0,799,58115,12.0,00223762,CFS,214742666310.0,229336120106.0,2969118604.0,3167750965.0,-6.36,-6.27
043650,국순당,KOSDAQ,175,0,13,2.0,639,17858,12.0,00256715,CFS,65719014724.0,65262996321.0,551085488.0,-1996475097.0,0.7,127.6
043710,코스리거글로벌,KOSDAQ,395,15,-29,-19.0,518,17312,12.0,00305570,CFS,3314228816.0,5870012959.0,-4123954415.0,-3866132583.0,-43.54,-6.67
043910,자연과환경,KOSDAQ,81,2,2,-7.0,353,11339,12.0,00418379,CFS,38351755838.0,40405023068.0,-3153059145.0,-1901603505.0,-5.08,-65.81
044180,KD,KOSDAQ,459,60,50,-63.0,54,26717,12.0,00111218,CFS,27787097614.0,157615399233.0,-3869618530.0,3270034301.0,-82.37,-218.34
044340,위닉스,KOSDAQ,1232,-217,-311,-60.0,739,17873,12.0,00293886,CFS,239908239963.0,207497520440.0,2592777138.0,4675881023.0,15.62,-44.55
044480,빌리언스,KOSDAQ,253,-8,-74,-31.0,286,33250,12.0,00173449,CFS,22562143010.0,25863433114.0,-281191108.0,119851616.0,-12.76,-334.62
044490,태웅,KOSDAQ,3863,228,241,4.0,4931,20007,12.0,00186799,CFS,349653597289.0,386324125935.0,5022271541.0,22816156423.0,-9.49,-77.99
044780,에이치케이,KOSDAQ,51,-22,12,10.0,225,18505,12.0,00235183,CFS,35491427538.0,38987115317.0,-802489801.0,-2720801221.0,-8.97,70.51
044960,이글벳,KOSDAQ,0,0,0,0.0,381,12641,12.0,00145473,CFS,43323059369.0,41716632056.0,4259691487.0,3466835816.0,3.85,22.87
044990,에이치엔에스하이텍,KOSDAQ,222,31,40,9.0,816,7685,12.0,00311216,CFS,81886784499.0,76160586579.0,9664357626.0,13453840139.0,7.52,-28.17
045060,오공,KOSDAQ,425,16,18,5.0,372,16941,12.0,00220969,CFS,55305590928.0,57324515891.0,1424274852.0,2845156561.0,-3.52,-49.94
045100,한양이엔지,KOSDAQ,3414,223,308,9.0,5285,17500,12.0,00216762,CFS,876432769858.0,985448603288.0,32884899841.0,72361074330.0,-11.06,-54.55
045300,성우테크론,KOSDAQ,118,14,17,7.0,255,10547,12.0,00350482,CFS,40916515347.0,41257814343.0,1539562265.0,827327877.0,-0.83,86.09
045340,토탈소프트,KOSDAQ,207,52,74,25.0,516,8558,12.0,00355089,CFS,27495025159.0,20710124860.0,9358080745.0,5168962830.0,32.76,81.04
045390,대아티아이,KOSDAQ,286,6,22,12.0,1737,70473,12.0,00318316,CFS,147623507880.0,147975375832.0,7269865901.0,9362407655.0,-0.24,-22.35
045510,정원엔시스,KOSDAQ,753,13,10,4.0,282,32209,12.0,00147772,CFS,188216303860.0,171946168413.0,1702371970.0,1244714321.0,9.46,36.77
045520,크린앤사이언스,KOSDAQ,249,8,15,-16.0,176,6500,12.0,00185222,CFS,85111521829.0,81976924787.0,-853199945.0,-1360830922.0,3.82,37.3
045660,에이텍,KOSDAQ,415,42,49,-12.0,619,8260,12.0,00256502,CFS,140163135010.0,45221986779.0,18747475230.0,1804725577.0,209.94,938.8
045970,코아시아,KOSDAQ,1218,-20,-2,-13.0,673,26314,12.0,00271501,CFS,60842534744.0,58977510029.0,363876644.0,2327510822.0,3.16,-84.37
046070,코다코,KOSDAQ,586,6,10,-19.0,1591,15486,12.0,00295857,CFS,187718851014.0,178787427048.0,-17649367559.0,-9566815390.0,5.0,-84.49
046120,오르비텍,KOSDAQ,224,-31,190,17.0,1474,33855,12.0,00297989,CFS,57908501388.0,64993383409.0,-13962394231.0,1439186035.0,-10.9,-1070.16
046210,HLB파나진,KOSDAQ,31,-7,-3,-5.0,484,45527,12.0,00172079,CFS,15031010189.0,13108200980.0,736266098.0,749495014.0,14.67,-1.77
046310,백금T&A,KOSDAQ,297,-3,6,4.0,372,16418,12.0,00360036,CFS,72388953794.0,79550506679.0,1149529054.0,4455015657.0,-9.0,-74.2
046390,삼화네트웍스,KOSDAQ,4,-14,-13,-2.0,326,17269,12.0,00301112,CFS,37227282919.0,45814966202.0,-737619969.0,1445418736.0,-18.74,-151.03
046440,KG파이낸셜,KOSDAQ,625,70,70,6.0,1480,38010,12.0,00405278,CFS,205081510924.0,229635619374.0,32858872331.0,8984888101.0,-10.69,265.71
046890,서울반도체,KOSDAQ,2382,18,85,-4.0,5119,58305,12.0,00130763,CFS,756089894386.0,871476735639.0,-12960090417.0,-8472170337.0,-13.24,-52.97
046940,우원개발,KOSDAQ,609,16,26,37.0,525,18074,12.0,00363246,CFS,376360402125.0,302852976436.0,70465410882.0,8117970124.0,24.27,768.02
046970,우리로,KOSDAQ,145,15,15,7.0,1823,43824,12.0,00296005,CFS,32149457519.0,37573310271.0,-957158021.0,-3651275773.0,-14.44,73.79
047080,한빛소프트,KOSDAQ,86,22,29,46.0,258,24822,12.0,00348292,CFS,24034591746.0,23526087628.0,-250672316.0,-875344059.0,2.16,71.36
047310,파워로직스,KOSDAQ,2413,78,88,-1.0,1043,36610,12.0,00269612,CFS,527798793687.0,590565518885.0,-6490713473.0,3960687216.0,-10.63,-263.88
047560,이스트소프트,KOSDAQ,310,-17,-14,-24.0,869,11753,12.0,00273420,CFS,36221808714.0,34231711990.0,-10656598098.0,-5895616614.0,5.81,-80.75
047770,코데즈컴바인,KOSDAQ,98,8,11,6.0,966,37842,12.0,00329093,CFS,37914573576.0,38020608898.0,1941833999.0,1896990047.0,-0.28,2.36
047820,초록뱀미디어,KOSDAQ,246,-8,-18,0.0,780,24453,12.0,00299464,CFS,48133195966.0,62309690827.0,493085525.0,-23265977208.0,-22.75,102.12
047920,HLB제약,KOSDAQ,657,10,7,0.0,2843,32799,12.0,00336817,CFS,154533018008.0,137082237869.0,1528563329.0,1473982285.0,12.73,3.7
048410,현대바이오,KOSDAQ,3,-47,-53,-19.0,5799,96505,12.0,00313649,CFS,3517369223.0,15050025356.0,-17496223263.0,2250526852.0,-76.63,-877.43
048430,유라테크,KOSDAQ,488,-18,4,6.0,640,11520,12.0,00201742,CFS,185521301700.0,187728317345.0,654738655.0,9435458423.0,-1.18,-93.06
048470,대동스틸,KOSDAQ,1397,-20,4,1.0,242,9650,12.0,00109268,CFS,119163920715.0,139702827183.0,-1166249453.0,-1950830458.0,-14.7,40.22
048530,인트론바이오,KOSDAQ,57,-79,-90,-12.0,752,30891,12.0,00292434,CFS,5740240967.0,6417829346.0,-7897461638.0,-5236408851.0,-10.56,-50.82
048550,SM C&C,KOSDAQ,215,-22,-16,-2.0,1460,96714,12.0,00185046,CFS,94641997599.0,106534174265.0,-1766231847.0,1769080038.0,-11.16,-199.84
048770,TPC로보틱스,KOSDAQ,239,0,-3,-3.0,454,15697,12.0,00108649,CFS,73109666559.0,75478964134.0,-1701172580.0,-1531915329.0,-3.14,-11.05
048830,엔피케이,KOSDAQ,222,-3,-1,2.0,185,18723,12.0,00108490,CFS,57878440116.0,54839599115.0,2053195162.0,23941789.0,5.54,8475.78
048870,시너지이노베이션,KOSDAQ,270,38,55,3.0,1378,88106,12.0,00475985,CFS,21276161561.0,20825375942.0,405011078.0,1294798761.0,2.16,-68.72
048910,대원미디어,KOSDAQ,1025,19,18,7.0,564,12578,12.0,00351807,CFS,262926892333.0,177720719753.0,8482388591.0,5546112690.0,47.94,52.94
049070,인탑스,KOSDAQ,1631,64,153,3.0,3036,16464,12.0,00226866,CFS,115071855206.0,121612460357.0,8095846663.0,6255646440.0,-5.38,29.42
049080,기가레인,KOSDAQ,78,-47,-40,-26.0,800,8488,12.0,00377018,CFS,45214569978.0,43756688986.0,-6598151276.0,-3751364765.0,3.33,-75.89
049120,파인디앤씨,KOSDAQ,138,-10,-11,-53.0,201,10601,12.0,00350020,CFS,55893587865.0,50430704870.0,-2374853181.0,744850239.0,10.83,-418.84
049180,셀루메드,KOSDAQ,234,-16,-17,-14.0,839,83226,12.0,00310156,CFS,12036992438.0,11166762133.0,-6159353389.0,-7516279963.0,7.79,18.05
049430,코메론,KOSDAQ,178,39,64,10.0,1695,9048,12.0,00152783,CFS,62681802985.0,67809283192.0,16362695783.0,17764979892.0,-7.56,-7.89
049470,비트플래닛,KOSDAQ,361,3,-1,-3.0,344,23544,12.0,00351579,CFS,24840691127.0,36140603651.0,-4520162297.0,250139319.0,-31.27,-1907.06
049480,오픈베이스,KOSDAQ,582,3,21,12.0,550,31422,12.0,00335076,CFS,123790427424.0,113707258918.0,4884694902.0,6723590410.0,8.87,-27.35
049520,유아이엘,KOSDAQ,1055,61,89,11.0,1124,30842,12.0,00256380,CFS,49295952682.0,52683860416.0,923678275.0,1392633977.0,-6.43,-33.67
049550,잉크테크,KOSDAQ,219,20,16,6.0,587,19606,12.0,00261656,CFS,73788611098.0,67903006378.0,427359409.0,2988884445.0,8.67,-85.7
049630,재영솔루텍,KOSDAQ,581,91,118,20.0,1344,23379,12.0,00147082,CFS,160750214841.0,111400266759.0,7627242743.0,3467181304.0,44.3,119.98
049720,고려신용정보,KOSDAQ,438,37,39,23.0,1375,14300,12.0,00336297,CFS,174300529947.0,167909153826.0,14920365092.0,14146986963.0,3.81,5.47
049830,승일,KOSDAQ,1444,23,43,2.0,389,6132,12.0,00135467,CFS,141548185822.0,144432917013.0,2276369777.0,2285444380.0,-2.0,-0.4
049950,미래컴퍼니,KOSDAQ,212,13,41,-14.0,841,8817,12.0,00447760,CFS,37679931475.0,63718051994.0,-24331326637.0,-16386005306.0,-40.86,-48.49
049960,쎌바이오텍,KOSDAQ,146,32,66,10.0,1413,9400,12.0,00357430,CFS,50389863452.0,46179333457.0,7326538681.0,5495079285.0,9.12,33.33
050090,비케이홀딩스,KOSDAQ,127,-20,-20,-12.0,87,23534,12.0,00369569,CFS,7446966424.0,12708907887.0,-3574078421.0,-2034238119.0,-41.4,-75.7
050110,캠시스,KOSDAQ,1735,60,50,-22.0,275,29224,12.0,00330044,CFS,369373316028.0,254260777844.0,5662572664.0,-747362571.0,45.27,857.67
050120,ES큐브,KOSDAQ,58,0,-2,-1.0,389,13564,12.0,00175623,CFS,12006196309.0,11595815460.0,-7347052923.0,-1761483147.0,3.54,-317.09
050760,에스폴리텍,KOSDAQ,176,3,18,-9.0,172,16334,12.0,00340272,CFS,66251147957.0,79758468092.0,-4897562183.0,897780718.0,-16.94,-645.52
050860,아세아텍,KOSDAQ,1133,40,33,2.0,382,22500,6.0,00138747,CFS,113296319206.0,123825860518.0,3987776535.0,6386005621.0,-8.5,-37.55
050890,쏠리드,KOSDAQ,637,-21,241,16.0,5462,60756,12.0,00364403,CFS,225366202658.0,246710469779.0,28629280568.0,28545955734.0,-8.65,0.29
050960,수산아이앤티,KOSDAQ,0,0,0,0.0,539,6751,12.0,00577016,CFS,30711816841.0,26671468809.0,5096939062.0,5669736256.0,15.15,-10.1
051160,지어소프트,KOSDAQ,1458,103,122,9.0,1120,15474,12.0,00389110,CFS,35276752374.0,35912042362.0,4393566674.0,6553650245.0,-1.77,-32.96
051360,토비스,KOSDAQ,1698,155,213,19.0,2400,14917,12.0,00390365,CFS,563997767809.0,537572504325.0,43448721926.0,43039948894.0,4.92,0.95
051370,인터플렉스,KOSDAQ,1290,53,121,11.0,1502,23327,12.0,00369170,CFS,269834783787.0,269372727809.0,27757402814.0,23320001667.0,0.17,19.03
051380,피씨디렉트,KOSDAQ,3338,19,-9,-2.0,231,15340,12.0,00297934,CFS,373008261916.0,333767513723.0,4251372191.0,1850864640.0,11.76,129.7
051390,YW,KOSDAQ,35,10,10,6.0,431,11355,12.0,00296263,CFS,16537865424.0,16535952409.0,5777257381.0,5435769480.0,0.01,6.28
051490,나라엠앤디,KOSDAQ,383,-28,-33,1.0,367,14200,12.0,00297095,CFS,94875069853.0,95857254735.0,6293310436.0,5985523818.0,-1.02,5.14
051500,CJ프레시웨이,KOSDAQ,8339,110,43,12.0,2582,11871,12.0,00127954,CFS,3268152425558.0,2795492827571.0,116467994962.0,92757246645.0,16.91,25.56
051780,큐로홀딩스,KOSDAQ,151,2,-16,-36.0,172,6335,12.0,00296324,CFS,53501113894.0,57859772572.0,329750584.0,-2029786913.0,-7.53,116.25
051980,중앙첨단소재,KOSDAQ,23,-23,-1,-4.0,1059,111091,12.0,00347716,CFS,19238746653.0,18489241435.0,-4543863669.0,-6976088286.0,4.05,34.87
052020,에스티큐브,KOSDAQ,14,-73,-67,-31.0,4915,67983,12.0,00273110,CFS,6984004773.0,11297657663.0,-16669268932.0,-17071396395.0,-38.18,2.36
052220,iMBC,KOSDAQ,96,0,6,-8.0,420,23000,12.0,00370006,CFS,29617221653.0,32546713898.0,-7395628718.0,598387966.0,-9.0,-1335.93
052260,현대바이오랜드,KOSDAQ,382,52,54,9.0,990,30000,12.0,00347062,CFS,130498720150.0,119505615811.0,13028804030.0,16477294728.0,9.2,-20.93
052300,오션인더블유,KOSDAQ,69,-13,191,-1.0,243,16244,12.0,00349811,CFS,7570133241.0,6801851338.0,-2111870612.0,-3249622018.0,11.3,35.01
052330,코텍,KOSDAQ,1168,154,200,10.0,2133,17761,12.0,00305297,CFS,396838360262.0,307988606670.0,35806733323.0,22061976954.0,28.85,62.3
052400,코나아이,KOSDAQ,770,248,304,39.0,5854,14563,12.0,00349732,CFS,297174329231.0,227943856410.0,67120116398.0,21702671326.0,30.37,209.27
052420,오성첨단소재,KOSDAQ,115,34,188,17.0,868,9742,12.0,00350048,CFS,149970419204.0,128073739472.0,28315895959.0,20280790253.0,17.1,39.62
052460,아이크래프트,KOSDAQ,163,-25,-24,24.0,468,14607,12.0,00405719,CFS,175770038078.0,82427946476.0,5685766630.0,101191382.0,113.24,5518.82
052600,한네트,KOSDAQ,0,0,0,0.0,352,11563,12.0,00244783,CFS,26825732603.0,25897668830.0,4372759936.0,4204357759.0,3.58,4.01
052710,아모텍,KOSDAQ,610,6,6,4.0,2478,14612,12.0,00298447,CFS,220030192571.0,192498815012.0,4598266429.0,-27059467345.0,14.3,116.99
052770,아이톡시,KOSDAQ,97,-58,-74,-166.0,45,14568,12.0,00346911,CFS,5704071824.0,16140878276.0,-4926344328.0,-9578563343.0,-64.66,48.57
052790,액토즈소프트,KOSDAQ,101,19,45,15.0,456,10924,12.0,00348034,CFS,39815920926.0,42974342363.0,10729187840.0,11607044081.0,-7.35,-7.56
052860,아이앤씨,KOSDAQ,90,10,10,15.0,730,17866,12.0,00365758,CFS,39963122168.0,24459951206.0,6282970322.0,-10275610998.0,63.38,161.14
052900,KX하이텍,KOSDAQ,357,75,48,6.0,861,76668,12.0,00276834,CFS,87586849341.0,85629264828.0,11029674181.0,5316587599.0,2.29,107.46
053030,바이넥스,KOSDAQ,353,-90,-102,-7.0,2081,32684,12.0,00216027,CFS,168474906148.0,130045835537.0,-3518951175.0,-29570939399.0,29.55,88.1
053050,지에스이,KOSDAQ,0,0,0,0.0,555,29987,12.0,00351995,CFS,170081007923.0,155623291724.0,7343399498.0,4907764603.0,9.29,49.63
053060,세동,KOSDAQ,527,31,43,18.0,249,17657,12.0,00133663,CFS,177302768152.0,159379561723.0,8580411044.0,10584770812.0,11.25,-18.94
053080,케이엔솔,KOSDAQ,1152,6,1,-38.0,1067,12999,12.0,00304076,CFS,255447285143.0,241542306075.0,-55019431426.0,7807581487.0,5.76,-804.69
053160,프리엠스,KOSDAQ,50,0,4,-1.0,539,6000,12.0,00352064,CFS,22967324185.0,17608801850.0,360469813.0,-2198116114.0,30.43,116.4
053260,금강철강,KOSDAQ,424,0,24,0.0,845,18720,12.0,00105475,CFS,173567673363.0,194875511604.0,2077119894.0,4345182317.0,-10.93,-52.2
053270,구영테크,KOSDAQ,1476,84,74,17.0,521,27410,12.0,00202060,CFS,186476314185.0,180102241732.0,9838387407.0,10405429309.0,3.54,-5.45
053280,예스24,KOSDAQ,1681,10,12,-8.0,808,25000,12.0,00362858,CFS,610372585081.0,655803146007.0,5612204127.0,18505761225.0,-6.93,-69.67
053290,NE능률,KOSDAQ,717,-10,-63,-6.0,277,16526,12.0,00363927,CFS,62702088959.0,71733831361.0,1069301578.0,-1047950248.0,-12.59,202.04
053300,한국정보인증,KOSDAQ,356,91,94,10.0,1676,40591,12.0,00306454,CFS,86610428677.0,81007756400.0,17990284414.0,14045053375.0,6.92,28.09
053350,이니텍,KOSDAQ,83,-11,-16,0.0,798,22021,12.0,00353610,CFS,32705788691.0,38881694487.0,-1562381653.0,230825748.0,-15.88,-776.87
053450,세코닉스,KOSDAQ,1040,10,-8,0.0,515,14792,12.0,00351630,CFS,354904671184.0,381745257643.0,1348870803.0,9746291875.0,-7.03,-86.16
053580,웹케시,KOSDAQ,0,0,0,0.0,790,12954,12.0,00323868,CFS,74362089745.0,73613340823.0,13473558612.0,13759558023.0,1.02,-2.08
053610,프로텍,KOSDAQ,624,154,219,18.0,5697,9000,12.0,00325112,CFS,184757045654.0,131048447591.0,52665120114.0,21896497452.0,40.98,140.52
053620,태양,KOSDAQ,368,25,101,9.0,553,8600,12.0,00186717,CFS,139880468026.0,151782682228.0,2760033823.0,2148743935.0,-7.84,28.45
053700,삼보모터스,KOSDAQ,4293,138,124,2.0,1037,26715,12.0,00351092,CFS,497988968264.0,442248989278.0,11495742223.0,14434874731.0,12.6,-20.36
053800,안랩,KOSDAQ,591,19,50,16.0,5874,11126,12.0,00298270,CFS,236509547281.0,232977682813.0,40623557174.0,35957878787.0,1.52,12.98
053950,경남제약,KOSDAQ,161,4,-9,0.0,240,15629,12.0,00307028,CFS,55944199110.0,60792073200.0,-1731949461.0,-942820720.0,-7.97,-83.7
053980,오상자이엘,KOSDAQ,285,23,31,9.0,457,18982,12.0,00226547,CFS,130977500044.0,110878857447.0,10381057356.0,8139444946.0,18.13,27.54
054040,한국컴퓨터,KOSDAQ,831,51,74,16.0,808,16071,12.0,00303396,CFS,146951538900.0,164832508203.0,8956511159.0,2207318372.0,-10.85,305.76
054050,NH농우바이오,KOSDAQ,364,54,67,4.0,1096,16030,12.0,00176835,CFS,114739955823.0,105336356265.0,11146744730.0,8183612633.0,8.93,36.21
054090,삼진엘앤디,KOSDAQ,359,7,39,-6.0,222,24959,12.0,00239514,CFS,96334875768.0,105910837728.0,2744422101.0,-10059604082.0,-9.04,127.28
054180,메디콕스,KOSDAQ,63,-10,-16,-21.0,126,5527,12.0,00356839,CFS,28160961888.0,30611173608.0,-5279292385.0,-9744630899.0,-8.0,45.82
054210,이랜텍,KOSDAQ,2352,175,178,16.0,1714,25291,12.0,00206659,CFS,380424924088.0,195433247688.0,9766958856.0,-10758149037.0,94.66,190.79
054220,비츠로시스,KOSDAQ,153,1,5,11.0,186,12590,12.0,00201432,CFS,26294566177.0,19314861849.0,471337859.0,-4656765405.0,36.14,110.12
054300,팬스타엔터프라이즈,KOSDAQ,629,3,36,7.0,543,57870,12.0,00339072,CFS,67161013598.0,62890324809.0,-2792354525.0,285290046.0,6.79,-1078.78
054410,케이피티유,KOSDAQ,333,8,40,6.0,205,5726,12.0,00357607,CFS,39929099198.0,33301535591.0,1388163794.0,757222993.0,19.9,83.32
054450,텔레칩스,KOSDAQ,661,61,10,-34.0,1381,15144,12.0,00423177,CFS,192802105423.0,186615513099.0,-5853444798.0,5792562673.0,3.32,-201.05
054540,삼영엠텍,KOSDAQ,1309,56,51,12.0,783,13000,12.0,00250614,CFS,92956546666.0,97386781402.0,7699177100.0,8751733274.0,-4.55,-12.03
054620,APS,KOSDAQ,209,-7,109,3.0,776,18394,12.0,00296078,CFS,11204528020.0,15716551675.0,1368967547.0,-9972097558.0,-28.71,113.73
054670,대한뉴팜,KOSDAQ,2022,187,184,13.0,762,14354,12.0,00207375,CFS,202401496497.0,202186716840.0,11724632183.0,18665072068.0,0.11,-37.18
054780,키이스트,KOSDAQ,758,7,-109,-22.0,251,19657,12.0,00353762,CFS,15701782037.0,75844854928.0,-3940417878.0,654372103.0,-79.3,-702.17
054800,아이디스홀딩스,KOSDAQ,2446,277,367,12.0,1464,10347,12.0,00359580,CFS,9728778876.0,9053164010.0,4741700744.0,4195936301.0,7.46,13.01
054920,한컴위드,KOSDAQ,1660,1,10,4.0,819,28217,12.0,00363592,CFS,17975960240.0,16599562504.0,1758120016.0,1374501836.0,8.29,27.91
054930,유신,KOSDAQ,3396,58,297,0.0,469,3000,12.0,00144650,CFS,385502385861.0,339578152680.0,9243765481.0,5813013246.0,13.52,59.02
054940,엑사이엔씨,KOSDAQ,561,10,22,6.0,252,33173,12.0,00360577,CFS,83702456631.0,114994262398.0,-2830393550.0,5592016888.0,-27.21,-150.61
054950,제이브이엠,KOSDAQ,455,93,99,13.0,2659,12089,12.0,00361381,CFS,154468364064.0,143265527695.0,33823308718.0,29115549604.0,7.82,16.17
056080,유진로봇,KOSDAQ,260,-42,-36,-9.0,4542,38235,12.0,00234227,CFS,28189374133.0,24207874021.0,-5033460702.0,-2666581077.0,16.45,-88.76
056090,시지메드텍,KOSDAQ,130,2,7,7.0,1068,103259,12.0,00346610,CFS,30054617452.0,22600379657.0,3961165341.0,2276307752.0,32.98,74.02
056190,SFA,KOSDAQ,3611,154,222,6.0,7170,35908,12.0,00358271,CFS,790239319800.0,971260923771.0,97680492923.0,-104265534311.0,-18.64,193.68
056360,코위버,KOSDAQ,124,-22,-17,3.0,464,9796,12.0,00360674,CFS,62533214454.0,46751045154.0,404678373.0,-7664893374.0,33.76,105.28
056700,신화인터텍,KOSDAQ,493,6,5,1.0,434,29135,12.0,00228350,CFS,206806079674.0,230665533810.0,9748133852.0,6502947655.0,-10.34,49.9
056730,CNT85,KOSDAQ,670,-14,-13,-2.0,217,14822,12.0,00318662,CFS,47500876149.0,67038863257.0,-11269330726.0,-1406893491.0,-29.14,-701.01
057030,YBM넷,KOSDAQ,129,5,8,3.0,342,16312,12.0,00307222,CFS,51834368698.0,58329367193.0,1101784443.0,2890098925.0,-11.14,-61.88
057540,옴니시스템,KOSDAQ,184,-3,10,1.0,558,59394,12.0,00265005,CFS,77462807877.0,87378442923.0,1853185759.0,5023186465.0,-11.35,-63.11
057680,티사이언티픽,KOSDAQ,62,-10,-10,1.0,274,15792,12.0,00372688,CFS,36029592253.0,40471053008.0,702554353.0,-8867939461.0,-10.97,107.92
058110,멕아이씨에스,KOSDAQ,39,4,7,-2.0,290,16050,12.0,00270113,CFS,11332852801.0,10417256734.0,-1395863063.0,-9461595041.0,8.79,85.25
058400,KNN,KOSDAQ,131,-1,87,8.0,720,132429,12.0,00208134,CFS,60245911250.0,61191357969.0,2739239674.0,4054363557.0,-1.55,-32.44
058450,한주에이알티,KOSDAQ,73,-27,-29,-54.0,231,5013,12.0,00146427,CFS,5882427658.0,12631020805.0,-5637921702.0,-5633434873.0,-53.43,-0.08
058470,리노공업,KOSDAQ,0,0,0,0.0,53348,76211,12.0,00369657,CFS,372534084608.0,278186189427.0,176997188289.0,124201343872.0,33.92,42.51
058610,에스피지,KOSDAQ,808,45,48,4.0,14637,22177,12.0,00220686,CFS,226740667393.0,228170564070.0,10557557208.0,2401492695.0,-0.63,339.62
058630,엠게임,KOSDAQ,242,32,46,11.0,848,19202,12.0,00397058,CFS,82122484401.0,76791876953.0,19485451964.0,13148759694.0,6.94,48.19
058820,CMG제약,KOSDAQ,255,-29,1,-4.0,1183,148123,12.0,00380429,CFS,104522458286.0,98149398892.0,-3721184253.0,1409408602.0,6.49,-364.02
058970,엠로,KOSDAQ,840,9,12,3.0,1671,12362,12.0,00396925,CFS,80866943800.0,75038782159.0,1966220977.0,8752460250.0,7.77,-77.54
059090,미코,KOSDAQ,3220,189,114,5.0,4918,33416,12.0,00366942,CFS,61105182172.0,52291703946.0,-7238019421.0,-908007643.0,16.85,-697.13
059100,아이컴포넌트,KOSDAQ,0,0,0,0.0,366,7070,12.0,00407285,CFS,34649217419.0,37099175885.0,6040285030.0,2596972420.0,-6.6,132.59
059120,아진엑스텍,KOSDAQ,0,0,0,0.0,972,18310,12.0,00404288,CFS,24617900877.0,25168306541.0,962725276.0,-4189061187.0,-2.19,122.98
059210,메타바이오메드,KOSDAQ,244,49,47,9.0,1044,27171,12.0,00317681,CFS,92141769678.0,84445101540.0,21166780474.0,15768030059.0,9.11,34.24
059270,해성에어로보틱스,KOSDAQ,149,-7,-5,-1.0,607,11165,12.0,00453442,CFS,15077935821.0,14938117848.0,-621169905.0,-715715116.0,0.94,13.21
060150,인선이엔티,KOSDAQ,425,28,24,-2.0,1435,45563,12.0,00375931,CFS,88980500675.0,101414922587.0,12650929276.0,19067361925.0,-12.26,-33.65
060230,제이케이시냅스,KOSDAQ,240,2,-11,-24.0,157,11260,12.0,00363510,CFS,20996229071.0,34621592175.0,-6795866435.0,-6168346651.0,-39.36,-10.17
060240,스타코링크,KOSDAQ,57,-10,-9,-36100000.0,5,5821,12.0,00373571,CFS,24157034292.0,5584673890.0,-5614500971.0,-5848931556.0,332.56,4.01
060250,NHN KCP,KOSDAQ,3449,138,221,18.0,4658,40160,12.0,00357740,CFS,1168057189213.0,1090510963608.0,54064414247.0,45641025586.0,7.11,18.46
060260,뉴보텍,KOSDAQ,292,-2,0,-3.0,183,13342,12.0,00351375,CFS,43479893003.0,43306470933.0,1298999718.0,2627583346.0,0.4,-50.56
060280,큐렉소,KOSDAQ,161,-9,5,2.0,3222,41259,12.0,00356802,CFS,74520230832.0,55531259080.0,2588594314.0,-5821504455.0,34.2,144.47
060310,3S,KOSDAQ,284,-51,-55,-12.0,550,53059,3.0,00378363,CFS,25949934639.0,40344304542.0,-5906080128.0,1119176086.0,-35.68,-627.72
060370,LS마린솔루션,KOSDAQ,528,42,79,3.0,14391,52238,12.0,00225742,CFS,72278053108.0,109967708277.0,6846975825.0,10056477555.0,-34.27,-31.91
060380,동양에스텍,KOSDAQ,515,0,1,1.0,224,19700,12.0,00178851,CFS,156341846867.0,154612275117.0,-1994604629.0,-1710736817.0,1.12,-16.59
060480,국일신동,KOSDAQ,0,0,0,0.0,146,11090,12.0,00203847,CFS,36286194700.0,31397800162.0,-209964265.0,-1696267519.0,15.57,87.62
060540,에스에이티,KOSDAQ,422,12,28,4.0,274,26132,12.0,00379229,CFS,19529235445.0,21505033800.0,4893425682.0,4951589000.0,-9.19,-1.17
060560,HC홈센타,KOSDAQ,683,-59,-61,-18.0,459,25388,12.0,00288495,CFS,21085040013.0,34600177172.0,5546182756.0,8042670620.0,-39.06,-31.04
060570,드림어스컴퍼니,KOSDAQ,486,1,5,-2.0,646,74101,12.0,00364467,CFS,187665310974.0,185906579313.0,-4337288538.0,-8361828241.0,0.95,48.13
060590,씨티씨바이오,KOSDAQ,344,46,45,8.0,690,24181,12.0,00362292,CFS,115447544219.0,116147494982.0,6335357582.0,1016049295.0,-0.6,523.53
060720,KH바텍,KOSDAQ,551,17,22,6.0,2232,23677,12.0,00378628,CFS,45899572891.0,36788436520.0,8654858996.0,7758502429.0,24.77,11.55
060850,영림원소프트랩,KOSDAQ,219,18,20,16.0,419,8131,12.0,00532129,CFS,73877195606.0,60284687013.0,4466075346.0,2332613262.0,22.55,91.46
060900,에이전트AI,KOSDAQ,27,-20,-20,-50.0,167,3991,12.0,00367695,CFS,13115593661.0,11189400650.0,-8628634396.0,-4388387171.0,17.21,-96.62
061040,알에프텍,KOSDAQ,675,-73,-129,-16.0,556,9048,12.0,00309831,CFS,73325108296.0,104147744203.0,-12288331338.0,-8182702078.0,-29.6,-50.17
061090,세나테크놀로지,KOSDAQ,438,38,57,0.0,2315,5467,12.0,01010615,CFS,148168175776.0,141634957136.0,19754928353.0,17667073692.0,4.61,11.82
061250,화일약품,KOSDAQ,0,0,0,0.0,739,8417,12.0,00188973,CFS,100817433496.0,119764041995.0,-2279702034.0,755138695.0,-15.82,-401.89
061970,LB세미콘,KOSDAQ,1343,76,125,-45.0,2288,58083,12.0,00412348,CFS,458152647190.0,261422498238.0,-38654085309.0,-14026275581.0,75.25,-175.58
062970,한국첨단소재,KOSDAQ,65,-48,-142,-224.0,663,57088,12.0,00403766,CFS,3580740155.0,6504557437.0,-3415077910.0,-4796341251.0,-44.95,28.8
063080,컴투스홀딩스,KOSDAQ,171,-97,-128,2.0,739,6595,12.0,00535746,CFS,53341325052.0,88312639700.0,-9657165095.0,721468482.0,-39.6,-1438.54
063170,서울옥션,KOSDAQ,153,3,-9,-6.0,874,17774,12.0,00410915,CFS,21294547874.0,20596348508.0,-3689029714.0,-3228309615.0,3.39,-14.27
063440,SM Life Design,KOSDAQ,97,7,8,9.0,508,45319,12.0,00367604,CFS,52655408110.0,44364386285.0,6220375374.0,4697503419.0,18.69,32.42
063570,NICE인프라,KOSDAQ,1032,75,0,5.0,1060,34147,12.0,00363769,CFS,332445005936.0,290229126075.0,25752171858.0,14860297067.0,14.55,73.3
063760,이엘피,KOSDAQ,99,7,12,9.0,238,9325,12.0,00374020,CFS,26208322101.0,20014554762.0,3780199188.0,-4071934642.0,30.95,192.84
064090,인크레더블버즈,KOSDAQ,14,-30,-51,-35.0,396,49742,12.0,00390408,CFS,7038192119.0,4571824449.0,-5040527939.0,-2699837983.0,53.95,-86.7
064240,홈캐스트,KOSDAQ,51,-23,-5,2.0,504,34694,12.0,00385336,CFS,97679446919.0,61232432129.0,333894424.0,3164291299.0,59.52,-89.45
064260,다날,KOSDAQ,549,12,19,-20.0,2984,75645,12.0,00389970,CFS,194488229190.0,211835366340.0,15040727529.0,13562827867.0,-8.19,10.9
064290,인텍플러스,KOSDAQ,128,-19,-14,1.0,4668,12877,12.0,00479787,CFS,89765092570.0,83873419602.0,-3245434809.0,-15843996378.0,7.02,79.52
064480,브리지텍,KOSDAQ,436,-33,-29,-6.0,305,11952,12.0,00359076,CFS,49677044033.0,43561219140.0,310443458.0,-3254900758.0,14.04,109.54
064520,테크엘,KOSDAQ,27,-18,-4,-5.0,351,22351,12.0,00370255,CFS,18537659778.0,25932120622.0,-3097423342.0,589075158.0,-28.51,-625.81
064550,바이오니아,KOSDAQ,818,-5,-15,-3.0,1561,25810,12.0,00326731,CFS,37553325838.0,38237855411.0,-18410875744.0,-37839047741.0,-1.79,51.34
064760,티씨케이,KOSDAQ,2757,807,907,15.0,23420,11179,12.0,00245472,CFS,301334302844.0,275724843444.0,83887319363.0,80747924196.0,9.29,3.89
064800,포니링크,KOSDAQ,102,-41,121,-9.0,516,25561,12.0,00392691,CFS,44542265846.0,60781215269.0,-16457645248.0,-21111334702.0,-26.72,22.04
064820,케이프,KOSDAQ,1877,282,267,31.0,2851,30860,12.0,00152437,CFS,67432836473.0,71902692547.0,14779331851.0,17921450551.0,-6.22,-17.53
064850,에프앤가이드,KOSDAQ,115,47,57,20.0,2367,11410,12.0,00331016,CFS,32823873818.0,29640072938.0,10415464150.0,7504684650.0,10.74,38.79
065060,지엔코,KOSDAQ,225,-11,-21,-25.0,190,5990,12.0,00258102,CFS,76647765015.0,84061121318.0,-98519199.0,-2121258847.0,-8.82,95.36
065130,탑엔지니어링,KOSDAQ,2639,90,112,-12.0,461,16004,12.0,00366845,CFS,120533409239.0,90354611783.0,-30485297337.0,-11130191063.0,33.4,-173.9
065150,대산F&B,KOSDAQ,253,14,14,50.0,231,15938,12.0,00390860,CFS,110864610083.0,99756975251.0,4554449774.0,-2471492659.0,11.13,284.28
065170,비엘팜텍,KOSDAQ,15,0,5,-91.0,904,27913,12.0,00384717,CFS,5267969422.0,7620342393.0,-1648018849.0,-1842442672.0,-30.87,10.55
065350,신성델타테크,KOSDAQ,2766,61,77,10.0,7187,27483,12.0,00136226,CFS,125996551346.0,139114211249.0,15616433886.0,3660802940.0,-9.43,326.58
065370,위세아이텍,KOSDAQ,79,4,-1,9.0,230,7383,12.0,00374738,CFS,36503253831.0,32766032203.0,486423815.0,476537648.0,11.41,2.07
065420,에스아이리소스,KOSDAQ,105,-37,-21,-24.0,90,71577,12.0,00120906,CFS,20851578595.0,10538164218.0,-2895413186.0,-3692024753.0,97.87,21.58
065440,이루온,KOSDAQ,111,-12,-10,0.0,359,27275,12.0,00390514,CFS,19567434707.0,24962892652.0,1288527868.0,1014777543.0,-21.61,26.98
065450,빅텍,KOSDAQ,209,2,-5,8.0,861,29495,12.0,00385363,CFS,82947173421.0,71488568458.0,4560834970.0,1946182681.0,16.03,134.35
065500,오리엔트정공,KOSDAQ,375,-1,-25,-2.0,362,33242,12.0,00300405,CFS,132798030485.0,146725337727.0,1570358420.0,3058623144.0,-9.49,-48.66
065510,휴비츠,KOSDAQ,297,26,38,-3.0,730,10877,12.0,00398668,CFS,107883864782.0,110219719063.0,2308119499.0,13983770854.0,-2.12,-83.49
065530,와이어블,KOSDAQ,120,13,11,7.0,506,47838,12.0,00250137,CFS,74654214218.0,78386891650.0,5552179985.0,3817810979.0,-4.76,45.43
065570,삼영이엔씨,KOSDAQ,0,0,0,0.0,122,16093,12.0,00288343,CFS,33261463483.0,36103058846.0,-194608893.0,-5933203085.0,-7.87,96.72
065650,하이퍼코퍼레이션,KOSDAQ,235,-5,-24,-14.0,214,10945,12.0,00391197,CFS,64803541661.0,57460839470.0,-7247236376.0,-3835422962.0,12.78,-88.96
065660,안트로젠,KOSDAQ,69,-37,-23,-2.0,1688,10006,12.0,00631837,CFS,7536467883.0,6932864586.0,-2433070253.0,-3749940513.0,8.71,35.12
065680,우주일렉트로,KOSDAQ,493,46,87,9.0,2360,9240,12.0,00390903,CFS,182050005032.0,173246234604.0,21148016318.0,18712620030.0,5.08,13.01
065690,파커스,KOSDAQ,117,-1,9,-1.0,182,14049,12.0,00384762,CFS,14840873998.0,20430895859.0,-11389700507.0,-6339880990.0,-27.36,-79.65
065710,서호전기,KOSDAQ,259,80,62,19.0,2144,5150,12.0,00220622,CFS,108131498778.0,36260317874.0,26709694251.0,2638996990.0,198.21,912.12
065770,CS,KOSDAQ,33,-4,-2,-3.0,154,9705,12.0,00303703,CFS,22614036334.0,38122490740.0,-1380186222.0,230199121.0,-40.68,-699.56
065950,웰크론,KOSDAQ,591,6,-51,-39.0,289,28231,12.0,00362159,CFS,95090128370.0,83853889729.0,6738862962.0,3978817359.0,13.4,69.37
066130,하츠,KOSDAQ,1865,107,105,8.0,422,12800,12.0,00221728,CFS,176939282893.0,186549537819.0,10354345313.0,10713401256.0,-5.15,-3.35
066310,큐에스아이,KOSDAQ,61,5,26,5.0,638,9271,12.0,00411446,CFS,23174272777.0,21357845295.0,253863560.0,396025250.0,8.5,-35.9
066360,체리부로,KOSDAQ,947,32,0,28.0,323,47952,12.0,00216434,CFS,423764306202.0,422131449889.0,19280269399.0,-171770924.0,0.39,11324.41
066410,버킷스튜디오,KOSDAQ,45,-12,-158,-34.0,1596,138453,12.0,00378220,CFS,10976660638.0,10420172637.0,-2207931650.0,-3128352735.0,5.34,29.42
066430,아이로보틱스,KOSDAQ,361,9,-5,-1.0,730,39153,12.0,00370200,CFS,36426291956.0,36145453798.0,169877798.0,934623490.0,0.78,-81.82
066590,스모트로닉,KOSDAQ,950,34,42,-6.0,1231,38677,12.0,00301422,CFS,294973443435.0,283638131506.0,4189092365.0,9030093777.0,4.0,-53.61
066620,국보디자인,KOSDAQ,1022,155,184,15.0,1788,7500,12.0,00253985,CFS,377431358702.0,342618496101.0,33373246247.0,31842608519.0,10.16,4.81
066670,디티씨,KOSDAQ,416,19,52,3.0,474,18691,12.0,00371740,CFS,13080587192.0,11884203638.0,3665710440.0,2441011267.0,10.07,50.17
066700,테라젠이텍스,KOSDAQ,685,19,-41,8.0,716,37152,12.0,00249894,CFS,172140078543.0,152654986965.0,9488094006.0,10985308958.0,12.76,-13.63
066790,씨씨에스,KOSDAQ,42,-21,-19,-36.0,972,65152,12.0,00249441,CFS,18274761053.0,18340813022.0,-5039371133.0,-829203720.0,-0.36,-507.74
066900,디에이피,KOSDAQ,5432,-578,-643,-146.0,420,22744,12.0,00303192,CFS,329542961820.0,346608496770.0,1928283924.0,3376470637.0,-4.92,-42.89
066910,손오공,KOSDAQ,384,-7,34,19.0,400,13386,12.0,00306870,CFS,35553591779.0,30533858527.0,-5939381311.0,-9086673747.0,16.44,34.64
066980,한성크린텍,KOSDAQ,449,-5,-8,-4.0,809,52597,12.0,00389998,CFS,123874483445.0,76737833145.0,-2302586990.0,-57212631312.0,61.43,95.98
067000,조이시티,KOSDAQ,422,3,10,-11.0,738,69903,12.0,00397252,CFS,140479276990.0,142941749103.0,9786425287.0,17440006694.0,-1.72,-43.89
067010,이씨에스,KOSDAQ,733,-27,-14,1.0,233,10888,3.0,00400060,CFS,73347135869.0,91805920912.0,-2692474844.0,1475201355.0,-20.11,-282.52
067080,대화제약,KOSDAQ,370,5,-2,2.0,1710,18616,12.0,00210740,CFS,105285195987.0,113502915335.0,699813715.0,2152366669.0,-7.24,-67.49
067160,SOOP,KOSDAQ,1060,212,283,24.0,5247,11494,12.0,00399694,CFS,403870162627.0,382368483597.0,113768689299.0,114605495202.0,5.62,-0.73
067170,오텍,KOSDAQ,1630,-42,-121,-17.0,628,27459,12.0,00397289,CFS,104880081729.0,98927668530.0,-2115844164.0,144214890.0,6.02,-1567.15
067280,멀티캠퍼스,KOSDAQ,807,6,19,11.0,1351,5926,12.0,00425351,CFS,310213199718.0,331640060752.0,30042050061.0,35959961562.0,-6.46,-16.46
067290,JW신약,KOSDAQ,810,75,140,46.0,1201,56037,12.0,00110431,CFS,81043717132.0,93013748432.0,7458920450.0,10023698676.0,-12.87,-25.59
067310,하나마이크론,KOSDAQ,5077,720,823,25.0,24601,66490,12.0,00445054,CFS,1054998015465.0,797620419820.0,43447209531.0,23183880940.0,32.27,87.4
067370,선바이오,KOSDAQ,87,-5,-2,0.0,698,12213,12.0,00407036,CFS,13672512814.0,8682778981.0,5036101422.0,-533240318.0,57.47,1044.43
067390,아스트,KOSDAQ,2544,74,-87,-3.0,1933,421157,12.0,00409681,CFS,254397973852.0,168739896411.0,7317577129.0,-3759707342.0,50.76,294.63
067570,엔브이에이치코리아,KOSDAQ,3832,105,53,-15.0,729,42170,12.0,00146436,CFS,544771342605.0,531862816510.0,14676920025.0,14444906961.0,2.43,1.61
067630,HLB생명과학,KOSDAQ,152,-65,-71,-16.0,2493,121917,12.0,00365590,CFS,32085318181.0,29707829573.0,-14669816787.0,-14697062638.0,8.0,0.19
067730,로지시스,KOSDAQ,0,0,0,0.0,208,9673,12.0,00238199,CFS,48541050274.0,42857277220.0,2884427722.0,2391160785.0,13.26,20.63
067770,세진티에스,KOSDAQ,33,5,13,3.0,148,8396,12.0,00406727,CFS,6728251631.0,8132638254.0,-141334744.0,583064726.0,-17.27,-124.24
067900,와이엔텍,KOSDAQ,289,42,50,10.0,1084,18199,12.0,00190756,CFS,54689392894.0,54792928795.0,15043314876.0,16761980698.0,-0.19,-10.25
067920,이글루,KOSDAQ,389,-32,-27,-1.0,558,10996,12.0,00364847,CFS,,,10432323550.0,6053678122.0,,72.33
067990,도이치모터스,KOSDAQ,6374,104,20,1.0,1139,29181,12.0,00449379,CFS,1703701710900.0,1580019582185.0,33850992153.0,19995548102.0,7.83,69.29
068050,팬엔터테인먼트,KOSDAQ,98,1,-2,-9.0,317,27694,12.0,00397191,CFS,29363230637.0,34083152746.0,-1962551016.0,228694136.0,-13.85,-958.16
068100,케이웨더,KOSDAQ,39,1,1,-5.0,289,11927,12.0,00426828,CFS,17118818852.0,15281129754.0,-1697750014.0,-2048131922.0,12.03,17.11
068240,다원시스,KOSDAQ,210,-95,344,-36100000.0,965,38163,12.0,00523307,CFS,76920922755.0,261024183646.0,-108140868233.0,2005490470.0,-70.53,-5492.24
068330,일신바이오,KOSDAQ,0,0,0,0.0,411,44216,12.0,00385415,CFS,14530428309.0,10817961079.0,4546087339.0,2262143402.0,34.32,100.96
068760,셀트리온제약,KOSDAQ,0,0,0,0.0,16983,44402,12.0,00541349,CFS,536400308882.0,477835307770.0,56091784420.0,37222949682.0,12.26,50.69
068790,DMS,KOSDAQ,138,-86,3,33.0,1925,22570,12.0,00361594,CFS,146052442624.0,102689642074.0,2413044195.0,3285961808.0,42.23,-26.57
068930,디지털대성,KOSDAQ,698,102,92,20.0,1967,27675,12.0,00398808,CFS,192479660761.0,182633739498.0,17018967221.0,16177519999.0,5.39,5.2
068940,셀피글로벌,KOSDAQ,88,-18,-19,-86.0,357,45912,12.0,00308896,CFS,33009160482.0,31317378755.0,-2897504502.0,-2181621046.0,5.4,-32.81
069080,웹젠,KOSDAQ,394,54,120,5.0,3719,30966,12.0,00405320,CFS,177669038508.0,217912076355.0,55608405075.0,77940463485.0,-18.47,-28.65
069140,누리플랜,KOSDAQ,272,17,11,3.0,258,15095,12.0,00410997,CFS,37520323090.0,26349602290.0,4970355601.0,651963488.0,42.39,662.37
069330,유아이디,KOSDAQ,156,35,37,19.0,180,16952,12.0,00400121,CFS,31005524689.0,32702983074.0,1898852625.0,1465124320.0,-5.19,29.6
069410,엔텔스,KOSDAQ,160,1,9,6.0,279,10244,12.0,00415707,CFS,64513348171.0,45812658139.0,2118280247.0,181735548.0,40.82,1065.58
069510,에스텍,KOSDAQ,1052,53,111,17.0,1355,10910,12.0,00306719,CFS,316929502240.0,302756589739.0,6768995135.0,-2199677740.0,4.68,407.73
069540,빛과전자,KOSDAQ,71,-17,-34,-30.0,2704,112691,12.0,00367482,CFS,30049720940.0,15996108773.0,-15946102851.0,-8902060429.0,87.86,-79.13
069920,엑시온그룹,KOSDAQ,19,-34,-62,0.0,148,9296,12.0,00426068,CFS,24004458754.0,4744104789.0,-5908661823.0,-10079312747.0,405.99,41.38
070300,엑스큐어,KOSDAQ,16,-19,-48,0.0,656,35524,12.0,00683007,CFS,18496725280.0,10747200049.0,2294887442.0,-2176868091.0,72.11,205.42
070590,인티큐브,KOSDAQ,104,-23,-23,-18.0,227,13879,12.0,00470829,CFS,60250812165.0,45133775131.0,786977560.0,-2693113008.0,33.49,129.22
071200,인피니트헬스케어,KOSDAQ,321,95,134,21.0,2098,24396,12.0,00435969,CFS,50369432490.0,51071310930.0,14257750703.0,3440924288.0,-1.37,314.36
071280,로체시스템즈,KOSDAQ,400,43,44,9.0,946,15296,12.0,00363486,CFS,120166416453.0,159608131617.0,14073579117.0,20807142000.0,-24.71,-32.36
071670,에이테크솔루션,KOSDAQ,687,-9,-10,-1.0,492,10000,12.0,00384887,CFS,257726734000.0,238704971000.0,4987467000.0,3168323000.0,7.97,57.42
071850,캐스텍코리아,KOSDAQ,373,-12,12,-26.0,346,24260,12.0,00302582,CFS,83227733259.0,80331565200.0,-7008027078.0,-14771952385.0,3.61,52.56
072020,중앙백신,KOSDAQ,0,0,0,0.0,868,9256,12.0,00415327,CFS,49068711762.0,45592513653.0,6478782030.0,5758071423.0,7.62,12.52
072470,우리산업홀딩스,KOSDAQ,1719,86,93,10.0,424,18887,12.0,00359623,CFS,705003098505.0,645259102794.0,1501375286.0,1357030254.0,9.26,10.64
072770,멤레이비티,KOSDAQ,100,-16,-23,-39.0,408,41512,12.0,00583026,CFS,69973794640.0,109750062787.0,-391846013.0,-662484567.0,-36.24,40.85
072870,메가스터디,KOSDAQ,276,15,78,9.0,1537,11920,12.0,00422284,CFS,56315593907.0,61008313622.0,8686559520.0,9196556708.0,-7.69,-5.55
072950,빛샘전자,KOSDAQ,389,38,42,12.0,578,8052,12.0,00359261,CFS,39156621416.0,25122985114.0,3630924482.0,2199338737.0,55.86,65.09
072990,에이치시티,KOSDAQ,247,4,0,6.0,475,14498,12.0,00527464,CFS,96077596787.0,82603712840.0,14756425133.0,15127419422.0,16.31,-2.45
073010,케이에스피,KOSDAQ,250,40,31,9.0,1063,40191,12.0,00328191,CFS,89593085491.0,85265079671.0,11553118688.0,13810410136.0,5.08,-16.34
073110,엘엠에스,KOSDAQ,223,-8,37,-9.0,448,8895,12.0,00494218,CFS,62409885969.0,49172470165.0,3343300557.0,942677155.0,26.92,254.66
073190,듀오백,KOSDAQ,231,-34,-36,-24.0,82,11968,12.0,00407771,CFS,20094729114.0,23102568838.0,-3019948563.0,-3373583692.0,-13.02,10.48
073490,LIG아큐버,KOSDAQ,455,-3,7,2.0,1984,7603,12.0,00462121,CFS,75068036053.0,82764401805.0,-4672228911.0,4835258353.0,-9.3,-196.63
073540,에프알텍,KOSDAQ,41,-5,-2,0.0,235,11400,12.0,00442561,CFS,24512077753.0,29154007116.0,506886494.0,331259556.0,-15.92,53.02
073560,우리손에프앤지,KOSDAQ,711,27,15,8.0,1047,69237,12.0,00413417,CFS,109789831324.0,111236101709.0,11578826961.0,12216016939.0,-1.3,-5.22
073570,리튬포어스,KOSDAQ,29,-19,-13,0.0,193,12037,12.0,00440712,CFS,10653571827.0,15164117282.0,-4481914206.0,-5221023562.0,-29.74,14.16
073640,테라사이언스,KOSDAQ,38,-17,-18,-30.0,761,116378,12.0,00373021,CFS,14134317596.0,17201994116.0,-9680214947.0,-8996034655.0,-17.83,-7.61
074430,아미노로직스,KOSDAQ,54,6,11,4.0,904,87826,12.0,00466428,CFS,22020233503.0,16790273164.0,3593847277.0,-2153048279.0,31.15,266.92
074600,원익QnC,KOSDAQ,2562,219,151,5.0,7229,26288,12.0,00468374,CFS,396917817057.0,345544871907.0,53826425239.0,40208363038.0,14.87,33.87
075130,플랜티넷,KOSDAQ,106,5,5,1.0,304,16122,12.0,00490179,CFS,22665630804.0,15647528938.0,828133009.0,-724706720.0,44.85,214.27
075970,동국알앤에스,KOSDAQ,278,6,1,1.0,301,18400,12.0,00472890,CFS,73452171609.0,74899115434.0,1202119576.0,333071218.0,-1.93,260.92
076080,웰크론한텍,KOSDAQ,313,16,-33,-139.0,214,22594,12.0,00487546,CFS,162396684669.0,256405671010.0,-18631555479.0,1259655766.0,-36.66,-1579.1
076610,해성옵틱스,KOSDAQ,695,7,32,-1.0,605,59236,12.0,00483735,CFS,53007359203.0,25842533608.0,987689818.0,-5906865298.0,105.12,116.72
077360,덕산하이메탈,KOSDAQ,687,-7,50,-38.0,4321,45437,12.0,00471068,CFS,126318034393.0,98206749988.0,15563036781.0,19516521609.0,28.62,-20.26
078020,LS증권,KOSDAQ,16365,392,398,5.0,3511,55481,12.0,00330424,CFS,2295089787543.0,1652862271445.0,,,38.86,
078070,유비쿼스홀딩스,KOSDAQ,329,57,171,10.0,1393,17058,12.0,00411385,CFS,155662304600.0,125649459355.0,1458492041.0,2380257934.0,23.89,-38.73
078130,국일제지,KOSDAQ,167,-5,-2,-2.0,4633,112740,12.0,00104573,CFS,67784821286.0,56365160891.0,735250163.0,-361827713.0,20.26,303.2
078140,대봉엘에스,KOSDAQ,291,20,4,5.0,835,11086,12.0,00442826,CFS,79102955808.0,75817303589.0,3377812211.0,6474670129.0,4.33,-47.83
078150,HB테크놀러지,KOSDAQ,363,5,232,17.0,1668,92715,12.0,00255275,CFS,160310839339.0,162368639166.0,6730562027.0,-16458456169.0,-1.27,140.89
078160,메디포스트,KOSDAQ,195,-169,-103,-33.0,3159,39204,12.0,00453929,CFS,76888153344.0,74112928114.0,1657442356.0,3780066679.0,3.74,-56.15
078340,컴투스,KOSDAQ,1447,51,-84,2.0,2962,12091,12.0,00476498,CFS,535018573293.0,557259621422.0,16147350859.0,25599915924.0,-3.99,-36.92
078350,한양디지텍,KOSDAQ,1920,68,64,9.0,2995,15244,12.0,00488989,CFS,651223502117.0,595311977187.0,15992709868.0,28085764458.0,9.39,-43.06
078590,휴림에이텍,KOSDAQ,0,0,0,0.0,199,9991,12.0,00230814,CFS,64375014019.0,70316959871.0,247792790.0,3982320002.0,-8.45,-93.78
078600,대주전자재료,KOSDAQ,909,92,-61,4.0,11354,15704,12.0,00177816,CFS,194890715089.0,169420874055.0,18185305881.0,28271960831.0,15.03,-35.68
078860,아이오케이이엔엠,KOSDAQ,10,-14,51,-12.0,176,6177,12.0,00543204,CFS,12244969840.0,24074939439.0,-5988956083.0,-5908381696.0,-49.14,-1.36
078890,가온그룹,KOSDAQ,1218,113,62,6.0,677,18424,12.0,00441304,CFS,305965376673.0,289042136929.0,4762041922.0,-10483487835.0,5.85,145.42
079000,와토스코리아,KOSDAQ,0,0,0,0.0,321,7200,12.0,00455875,CFS,14125847378.0,17497542121.0,-4315807274.0,-247222243.0,-19.27,-1645.72
079170,한창산업,KOSDAQ,0,0,0,0.0,240,5200,12.0,00202839,CFS,98562693505.0,94639979407.0,7885301834.0,8769285738.0,4.14,-10.08
079190,케스피온,KOSDAQ,106,2,9,-15.0,109,19177,12.0,00479705,CFS,3867320176.0,4011188385.0,-5687752357.0,-8773377058.0,-3.59,35.17
079370,제우스,KOSDAQ,549,-171,-131,-3.0,2825,31016,12.0,00442570,CFS,229927990719.0,315663892007.0,14024614464.0,39060088780.0,-27.16,-64.09
079650,서산,KOSDAQ,115,3,6,0.0,851,20000,12.0,00130408,CFS,24677491457.0,21036379626.0,-163410081.0,849477620.0,17.31,-119.24
079810,APS이노베이션,KOSDAQ,196,30,65,3.0,585,21528,12.0,00445160,CFS,73668045803.0,145784475241.0,2410565157.0,5798729689.0,-49.47,-58.43
079940,가비아,KOSDAQ,850,107,109,10.0,6374,13420,12.0,00506294,CFS,106746872443.0,92117897229.0,10792221179.0,7814539494.0,15.88,38.1
079950,인베니아,KOSDAQ,140,2,22,-31.0,146,13799,12.0,00409371,CFS,17999382342.0,21460691917.0,-8494411256.0,-10993082415.0,-16.13,22.73
079960,동양이엔피,KOSDAQ,1228,65,171,11.0,1516,7860,12.0,00178790,CFS,540648656071.0,497697509964.0,47714050132.0,46045048603.0,8.63,3.62
079970,투비소프트,KOSDAQ,58,0,0,9.0,76,12829,12.0,00596260,CFS,24266688282.0,24892504457.0,971949918.0,-2757192925.0,-2.51,135.25
080010,이상네트웍스,KOSDAQ,247,58,65,10.0,734,9835,12.0,00454399,CFS,30370197608.0,29861074263.0,3910276448.0,3836000381.0,1.7,1.94
080160,모두투어,KOSDAQ,613,28,62,15.0,1540,18900,12.0,00456218,CFS,201507776187.0,242959198806.0,5497987052.0,3468143498.0,-17.06,58.53
080220,제주반도체,KOSDAQ,1805,671,781,46.0,26968,34442,12.0,00447487,CFS,299245042095.0,159227945455.0,33439208142.0,9572079919.0,87.94,249.34
080420,모다이노칩,KOSDAQ,876,31,-50,-3.0,1091,79721,12.0,00480048,CFS,148004498039.0,159936091913.0,18899288975.0,29993078071.0,-7.46,-36.99
080470,성창오토텍,KOSDAQ,564,20,40,14.0,213,7300,12.0,00486370,CFS,138711086442.0,109941202591.0,6873701679.0,2297212073.0,26.17,199.22
080520,오디텍,KOSDAQ,111,-23,-14,0.0,329,11322,12.0,00529815,CFS,37959545863.0,37001931925.0,-2263556745.0,-6393161300.0,2.59,64.59
080530,코디,KOSDAQ,200,11,10,9.0,272,11071,12.0,00308559,CFS,62801172800.0,60819298441.0,4019484529.0,3012899652.0,3.26,33.41
080580,오킨스전자,KOSDAQ,256,36,40,24.0,2676,21090,12.0,00543107,CFS,92681789252.0,64955978477.0,11116834133.0,1872125116.0,42.68,493.81
080720,한국유니온제약,KOSDAQ,59,-16,-23,-36100000.0,215,7912,12.0,00532855,CFS,36378273562.0,51279935387.0,-17188059304.0,-13000740302.0,-29.06,-32.21
081150,티플랙스,KOSDAQ,0,0,0,0.0,644,24268,12.0,00497631,CFS,209235195605.0,207497762012.0,5237447536.0,4794518806.0,0.84,9.24
081180,쎄크,KOSDAQ,365,-41,-45,-15.0,492,8825,12.0,00406222,CFS,59205964528.0,53931372723.0,-3064318083.0,1335945972.0,9.78,-329.37
081580,성우전자,KOSDAQ,472,17,28,11.0,359,15508,12.0,00364306,CFS,18728349666.0,14711654903.0,-1254321787.0,-2791775291.0,27.3,55.07
082210,옵트론텍,KOSDAQ,593,44,-5,-29.0,728,34963,12.0,00327396,CFS,70734374561.0,65072070784.0,-4999032363.0,205011141.0,8.7,-2538.42
082270,젬백스,KOSDAQ,183,-8,-15,-6.0,4316,44269,12.0,00492894,CFS,81530820294.0,62691712030.0,5485570456.0,-37026368464.0,30.05,114.82
082660,코스나인,KOSDAQ,49,-55,-174,-139.0,478,99640,12.0,00442455,,,,,,,
082800,비보존 제약,KOSDAQ,141,-30,-56,-34.0,1469,60719,12.0,00533191,CFS,59343216714.0,87601347762.0,-19165591492.0,2853372564.0,-32.26,-771.68
082850,우리바이오,KOSDAQ,2692,-43,13,-3.0,508,48456,12.0,00369107,CFS,41168057743.0,49964508601.0,-1681435072.0,513262899.0,-17.61,-427.6
082920,비츠로셀,KOSDAQ,683,203,263,21.0,13148,45339,12.0,00154718,CFS,235760794598.0,210779361832.0,67259151067.0,51542996558.0,11.85,30.49
083310,엘오티베큠,KOSDAQ,626,-54,-26,-2.0,1447,17810,12.0,00484682,CFS,174616472570.0,177515671065.0,-11937027877.0,-11874257206.0,-1.63,-0.53
083450,GST,KOSDAQ,1159,202,218,19.0,7980,18430,12.0,00540863,CFS,337312845528.0,323618309740.0,53068714293.0,51531051388.0,4.23,2.98
083470,이엠앤아이,KOSDAQ,17,-13,-12,0.0,149,21340,12.0,00475718,CFS,18380261067.0,29699055105.0,-1536080446.0,339606971.0,-38.11,-552.31
083500,에프엔에스테크,KOSDAQ,129,35,36,12.0,1115,8306,12.0,00476036,CFS,66184651090.0,79614274114.0,8793233511.0,6312143587.0,-16.87,39.31
083550,케이엠,KOSDAQ,338,-9,-1,4.0,342,13556,12.0,00242934,CFS,106437219086.0,106010043979.0,1337872098.0,302776072.0,0.4,341.87
083640,인콘,KOSDAQ,491,16,-29,-4.0,257,22958,12.0,00475976,CFS,50820522158.0,49117720655.0,1695469511.0,1609665101.0,3.47,5.33
083650,비에이치아이,KOSDAQ,2808,353,68,40.0,12547,30944,12.0,00409788,CFS,764486190884.0,399169197496.0,77368466072.0,26630172185.0,91.52,190.53
083660,CSA 코스믹,KOSDAQ,71,-16,-21,-40.0,245,106638,12.0,00406037,CFS,20674170875.0,25496037918.0,-4802785266.0,-3851146342.0,-18.91,-24.71
083790,CG인바이츠,KOSDAQ,43,-61,-58,-3.0,650,76894,12.0,00407814,CFS,11759801662.0,4196477442.0,-9712391686.0,-25004700678.0,180.23,61.16
083930,아바코,KOSDAQ,148,-40,22,15.0,1444,14677,12.0,00442145,CFS,390585424274.0,304053344562.0,36095539663.0,19700902397.0,28.46,83.22
084110,휴온스글로벌,KOSDAQ,1970,92,187,4.0,3051,12659,12.0,00228059,CFS,41912593352.0,40035181185.0,16396411221.0,14615754112.0,4.69,12.18
084180,수성웹툰,KOSDAQ,226,5,-1,-43.0,90,18074,12.0,00243979,CFS,21738007688.0,34680193970.0,-2256283241.0,-1497008701.0,-37.32,-50.72
084370,유진테크,KOSDAQ,1019,188,281,13.0,28828,22916,12.0,00531014,CFS,258868481204.0,244098991962.0,52728786611.0,54631597394.0,6.05,-3.48
084440,유비온,KOSDAQ,209,10,10,6.0,186,19132,9.0,00531078,CFS,33347411590.0,33205817014.0,1495469934.0,-1966164433.0,0.43,176.06
084650,랩지노믹스,KOSDAQ,179,-42,-49,-35.0,481,74239,12.0,00545114,CFS,35558651535.0,35076028301.0,-43657307812.0,-11639571224.0,1.38,-275.08
084730,팅크웨어,KOSDAQ,1197,-46,-33,-14.0,738,11109,12.0,00438036,CFS,188582252198.0,169574158275.0,4606299408.0,2372499640.0,11.21,94.15
084850,아이티엠반도체,KOSDAQ,1322,-49,-36,-63.0,1830,22682,12.0,00579980,CFS,512406126111.0,588182655917.0,5746272366.0,12759838064.0,-12.88,-54.97
084990,헬릭스미스,KOSDAQ,6,-22,-14,0.0,1539,46092,12.0,00359395,CFS,2598149668.0,4973971890.0,-9776277789.0,-18106751823.0,-47.77,46.01
085660,차바이오텍,KOSDAQ,3297,-307,1,-18.0,8079,92972,12.0,00525679,CFS,62225154102.0,54008591958.0,-4735814666.0,-339175340.0,15.21,-1296.27
085670,뉴프렉스,KOSDAQ,350,3,16,9.0,742,24500,12.0,00493510,CFS,89425751059.0,125881879163.0,2552378969.0,3495502729.0,-28.96,-26.98
085810,알티캐스트,KOSDAQ,175,-11,-17,-5.0,243,14136,12.0,00364254,CFS,5468908763.0,5684462694.0,-2607147191.0,-4255157962.0,-3.79,38.73
085910,네오티스,KOSDAQ,179,23,38,10.0,2452,13794,12.0,00447928,CFS,48830850608.0,42353642864.0,3228977214.0,2184353230.0,15.29,47.82
086040,바이오톡스텍,KOSDAQ,119,-18,-29,2.0,328,15958,12.0,00447502,CFS,33023466389.0,33386225380.0,-1512264461.0,-3183326944.0,-1.09,52.49
086060,진바이오텍,KOSDAQ,215,8,7,7.0,443,8610,12.0,00491053,CFS,46889596845.0,46532847193.0,1762328634.0,2068013801.0,0.77,-14.78
086390,유니테스트,KOSDAQ,224,-25,-2,-16.0,1986,21134,12.0,00540447,CFS,100675688116.0,82725218193.0,-16749786893.0,-18389474628.0,21.7,8.92
086450,동국제약,KOSDAQ,2510,273,302,12.0,8512,45230,12.0,00114808,CFS,766904458040.0,682907417552.0,77986647706.0,69329543345.0,12.3,12.49
086520,에코프로,KOSDAQ,8183,564,2891,3.0,102103,135776,12.0,00536541,CFS,253280195475.0,115003732207.0,213763514884.0,-293038698088.0,120.24,172.95
086670,비엠티,KOSDAQ,356,18,42,14.0,1435,9925,12.0,00524786,CFS,146079952274.0,132138323499.0,17155400014.0,6947729013.0,10.55,146.92
086710,선진뷰티사이언스,KOSDAQ,227,15,23,6.0,824,12203,12.0,00132202,CFS,68805862444.0,72592297354.0,3171429313.0,9272281634.0,-5.22,-65.8
086820,바이오솔루션,KOSDAQ,38,-13,-20,0.0,1511,25924,12.0,00560982,CFS,15209634550.0,12888526978.0,-4318226390.0,-5069222611.0,18.01,14.81
086890,이수앱지스,KOSDAQ,0,0,0,0.0,1264,40774,12.0,00526872,CFS,56672366046.0,60258326174.0,1634413733.0,13401623331.0,-5.95,-87.8
086900,메디톡스,KOSDAQ,607,74,97,5.0,5035,7298,12.0,00580199,CFS,222046566421.0,208149476160.0,13434066885.0,19143379758.0,6.68,-29.82
086960,MDS테크,KOSDAQ,509,45,27,7.0,769,42528,12.0,00445841,CFS,125608530650.0,109254578103.0,6595169630.0,4569689694.0,14.97,44.32
086980,쇼박스,KOSDAQ,789,217,218,3.0,1234,62438,12.0,00303794,CFS,62496287850.0,92608814293.0,-11432763728.0,24446209489.0,-32.52,-146.77
087010,펩트론,KOSDAQ,32,-165,-216,-23.0,24786,23317,12.0,00415868,CFS,5634817675.0,3152181439.0,-21257383888.0,-16527819080.0,78.76,-28.62
087260,모바일어플라이언스,KOSDAQ,45,-29,-30,-8.0,80,32552,12.0,00556615,CFS,33625036629.0,38418631229.0,-603763153.0,1698974614.0,-12.48,-135.54
087600,픽셀플러스,KOSDAQ,535,8,36,4.0,335,8166,12.0,00495086,CFS,42707711339.0,53481912534.0,-5629969304.0,846348242.0,-20.15,-765.21
088130,동아엘텍,KOSDAQ,409,40,-170,29.0,874,17485,12.0,00489243,CFS,62932693138.0,60372110161.0,1237201396.0,6617463871.0,4.24,-81.3
088280,쏘닉스,KOSDAQ,170,-45,-22,-5.0,443,17306,12.0,00561723,CFS,18205980616.0,16978336210.0,-6660877218.0,-4539450342.0,7.23,-46.73
088290,이원컴포텍,KOSDAQ,85,-9,-15,0.0,186,7976,12.0,00409140,CFS,56577030456.0,52494186671.0,1612599759.0,2471726103.0,7.78,-34.76
088340,유라클,KOSDAQ,87,-8,-8,-31.0,270,4364,12.0,00407294,CFS,35058674031.0,38085541380.0,-6420689827.0,2237759090.0,-7.95,-386.92
088390,이녹스,KOSDAQ,144,8,11,12.0,646,9385,12.0,00494476,CFS,22879032512.0,24640354249.0,14765428596.0,18415628076.0,-7.15,-19.82
088800,에이스테크,KOSDAQ,332,-41,-37,-36.0,1228,75506,12.0,00556907,CFS,159338105605.0,125495541833.0,-7375083715.0,-4047279728.0,26.97,-82.22
088910,동우팜투테이블,KOSDAQ,760,42,83,14.0,553,25721,12.0,00228712,CFS,321960746800.0,299385211204.0,13550451213.0,-3699544501.0,7.54,466.27
089010,켐트로닉스,KOSDAQ,1745,74,50,2.0,3479,16770,12.0,00371485,CFS,356736942242.0,337382240595.0,13539056604.0,15566112057.0,5.74,-13.02
089030,테크윙,KOSDAQ,524,97,-78,2.0,17341,37053,12.0,00535676,CFS,148152535512.0,163904291688.0,15697303942.0,22776785907.0,-9.61,-31.08
089140,넥스턴앤롤코리아,KOSDAQ,255,36,53,-5.0,329,15316,12.0,00416414,CFS,11808637507.0,13741156276.0,-5548893764.0,885985867.0,-14.06,-726.3
089150,케이씨티,KOSDAQ,0,0,0,0.0,303,17150,12.0,00441447,CFS,23089563975.0,11668311681.0,4034569150.0,1607430147.0,97.88,150.99
089230,THE E&M,KOSDAQ,62,-21,-176,-130.0,515,38421,12.0,00519252,CFS,8539489733.0,12704987625.0,-8515978046.0,-7042962378.0,-32.79,-20.91
089600,KT나스미디어,KOSDAQ,0,0,0,0.0,1148,11568,12.0,00486097,CFS,117892709347.0,103825467382.0,12318190519.0,17467426179.0,13.55,-29.48
089790,제이티,KOSDAQ,232,17,41,6.0,411,10315,12.0,00365457,CFS,37911576008.0,49171846376.0,-1866018125.0,505256369.0,-22.9,-469.32
089850,유비벨록스,KOSDAQ,1534,-24,-14,-4.0,614,14730,12.0,00592653,CFS,111526219149.0,115448707106.0,3788861938.0,5236851798.0,-3.4,-27.65
089890,코세스,KOSDAQ,126,15,25,16.0,3565,16584,12.0,00365934,CFS,82361273951.0,69184238320.0,17469075401.0,-5568932901.0,19.05,413.69
089970,브이엠,KOSDAQ,889,301,340,30.0,23509,26326,12.0,00544577,CFS,144411787537.0,70277411560.0,28050503181.0,-6243610993.0,105.49,549.27
089980,상아프론테크,KOSDAQ,485,12,8,4.0,2089,15989,12.0,00181299,CFS,171288954591.0,142399506352.0,9951260491.0,9784042467.0,20.29,1.71
090150,아이윈,KOSDAQ,275,16,22,22.0,208,41875,12.0,00365624,CFS,105588807690.0,114684978824.0,3320826079.0,3647713961.0,-7.93,-8.96
090360,로보스타,KOSDAQ,251,1,9,-2.0,5742,9750,12.0,00536523,CFS,74678831313.0,88243502158.0,-5811472013.0,-138212495.0,-15.37,-4104.74
090410,덕신이피씨,KOSDAQ,257,0,2,-1.0,319,46084,12.0,00454937,CFS,105277518468.0,144534794383.0,1327298982.0,10596956430.0,-27.16,-87.47
090470,제이스로보틱스,KOSDAQ,64,-69,-64,-18.0,677,17476,12.0,00493185,CFS,28687230801.0,60579196915.0,-21742788334.0,-4824797482.0,-52.65,-350.65
090710,휴림로봇,KOSDAQ,300,-46,-8,-13.0,7520,119559,12.0,00540429,CFS,11984560325.0,14186119286.0,-4689280806.0,-7087840644.0,-15.52,33.84
090850,현대이지웰,KOSDAQ,463,74,81,21.0,1362,22477,12.0,00656951,CFS,137874570982.0,126780692917.0,24183805396.0,20576302289.0,8.75,17.53
091120,이엠텍,KOSDAQ,486,-48,-39,-6.0,658,17132,12.0,00541163,CFS,106591492908.0,95216172520.0,-11204235597.0,-31267804238.0,11.95,64.17
091340,S&K폴리텍,KOSDAQ,705,67,83,6.0,249,11703,12.0,00580667,CFS,9795832228.0,13432285347.0,-11284849412.0,-3168085567.0,-27.07,-256.2
091440,한울소재과학,KOSDAQ,15,-36,-50,-77.0,974,33425,12.0,00560122,CFS,11361941357.0,15589413342.0,-15496569506.0,-10748014078.0,-27.12,-44.18
091580,상신이디피,KOSDAQ,722,49,60,5.0,1877,13328,12.0,00480783,CFS,101514143495.0,103642053449.0,4696111811.0,862175458.0,-2.05,444.68
091590,남화토건,KOSDAQ,176,4,11,7.0,632,11740,12.0,00108001,CFS,69637608293.0,55475927241.0,4091134325.0,-1371315888.0,25.53,398.34
091700,파트론,KOSDAQ,4510,122,138,7.0,2835,50000,12.0,00490151,CFS,1281439139367.0,1385125518470.0,36649859169.0,41826813560.0,-7.49,-12.38
091970,LSK아이로봇,KOSDAQ,86,-14,-16,-35.0,294,7534,12.0,00542074,CFS,13128693219.0,14303162584.0,1490106603.0,981085709.0,-8.21,51.88
092040,아미코젠,KOSDAQ,123,-32,194,-4.0,811,70655,12.0,00545734,CFS,40521947937.0,40858630618.0,-10028583161.0,-7663425807.0,-0.82,-30.86
092070,디엔에프,KOSDAQ,0,0,0,0.0,1365,11571,12.0,00569691,CFS,79133452883.0,73948566785.0,-673697018.0,-1018922570.0,7.01,33.88
092130,이크레더블,KOSDAQ,88,7,9,41.0,1693,12043,12.0,00634728,CFS,48435933977.0,43704771480.0,14938933142.0,14327233703.0,10.83,4.27
092190,서울바이오시스,KOSDAQ,1878,104,108,10.0,2568,45868,12.0,00488402,CFS,257076779691.0,209975523033.0,-11135385448.0,-33722975941.0,22.43,66.98
092300,현우산업,KOSDAQ,607,34,44,10.0,455,20149,12.0,00367455,CFS,213418593354.0,187604571296.0,4937820345.0,720619714.0,13.76,585.22
092460,한라IMS,KOSDAQ,394,55,79,14.0,2532,17109,12.0,00528515,CFS,131636821680.0,102593108938.0,22370460777.0,15609348833.0,28.31,43.31
092600,앤씨앤,KOSDAQ,162,-4,-14,52.0,119,5016,12.0,00537337,CFS,63012514521.0,57475518787.0,-2265856574.0,-3899329210.0,9.63,41.89
092730,네오팜,KOSDAQ,1322,288,323,15.0,3083,16027,12.0,00551920,CFS,132104934470.0,119191350145.0,28847998082.0,24827494507.0,10.83,16.19
092870,엑시콘,KOSDAQ,98,-20,12,6.0,1998,13050,12.0,00611736,CFS,66026746277.0,31611346967.0,80134205.0,-15897323466.0,108.87,100.5
093190,빅솔론,KOSDAQ,375,56,76,12.0,1558,19238,12.0,00478900,CFS,104012291137.0,93193298449.0,15242481336.0,9452980205.0,11.61,61.25
093320,케이아이엔엑스,KOSDAQ,425,89,95,11.0,6173,4880,12.0,00603348,CFS,105556074125.0,94386401532.0,20234737560.0,19962649468.0,11.83,1.36
093380,풍강,KOSDAQ,661,36,63,7.0,263,9879,8.0,00155373,CFS,90080578110.0,92604728451.0,817103024.0,1017078973.0,-2.73,-19.66
093520,매커스,KOSDAQ,553,91,94,20.0,2167,11901,12.0,00596677,CFS,218739440940.0,181346271084.0,31083325544.0,24796504466.0,20.62,25.35
093640,케이알엠,KOSDAQ,16,-18,-15,-18.0,1024,32843,12.0,00536888,CFS,9009232070.0,11178384093.0,-9660234157.0,-9267036260.0,-19.4,-4.24
093920,서원인텍,KOSDAQ,365,10,44,4.0,888,18600,12.0,00445799,CFS,55070183869.0,60327274972.0,265749086.0,129012687.0,-8.71,105.99
094170,동운아나텍,KOSDAQ,0,0,0,0.0,6074,20909,12.0,00695969,CFS,127630547202.0,138261288524.0,2418553415.0,17468001192.0,-7.69,-86.15
094360,칩스앤미디어,KOSDAQ,58,2,14,10.0,2148,21355,12.0,00579971,CFS,,,6940587442.0,5296892448.0,,31.03
094480,갤럭시아머니트리,KOSDAQ,351,46,30,7.0,1804,39229,12.0,00587457,CFS,129714527826.0,128757007078.0,19892577502.0,14859102481.0,0.74,33.87
094820,일진파워,KOSDAQ,638,70,85,17.0,1598,15078,12.0,00485177,CFS,152677376436.0,119231924961.0,11258088262.0,8525837049.0,28.05,32.05
094840,슈프리마에이치큐,KOSDAQ,73,10,22,5.0,1265,9806,12.0,00599957,CFS,21155758606.0,20085889494.0,3989850432.0,2624898906.0,5.33,52.0
094850,참좋은여행,KOSDAQ,0,0,0,0.0,589,14000,12.0,00606770,CFS,,,9782339403.0,1996021746.0,,390.09
094860,네오리진,KOSDAQ,67,-11,55,-22.0,754,53110,12.0,00599106,CFS,10074347684.0,16040654272.0,-8188798526.0,-5044786177.0,-37.19,-62.32
094940,푸른로보틱스,KOSDAQ,43,-5,-8,-3.0,466,8361,12.0,00537832,CFS,23347881590.0,34628126715.0,-393488293.0,2892088649.0,-32.58,-113.61
094970,제이엠티,KOSDAQ,680,34,63,14.0,437,16748,12.0,00533508,CFS,63229688173.0,58163984678.0,1256684164.0,1766108234.0,8.71,-28.84
095190,신화프리텍,KOSDAQ,1208,22,-43,-5.0,1341,65260,12.0,00526951,CFS,92505989386.0,85434971594.0,-4776540963.0,3904643573.0,8.28,-222.33
095270,웨이브일렉트로,KOSDAQ,158,-11,-12,2.0,528,14372,12.0,00526696,CFS,46235063752.0,48472115881.0,-1409055653.0,446609708.0,-4.62,-415.5
095340,ISC,KOSDAQ,683,236,266,13.0,29506,21197,12.0,00572905,CFS,182200360754.0,166424149633.0,47657151920.0,39041823931.0,9.48,22.07
095500,미래나노텍,KOSDAQ,1243,85,135,5.0,2127,31009,12.0,00526836,CFS,322914786223.0,288985463168.0,19720985515.0,14080197684.0,11.74,40.06
095610,테스,KOSDAQ,972,222,288,18.0,32079,19360,12.0,00524421,CFS,347392290853.0,237287236903.0,58307417473.0,38438798186.0,46.4,51.69
095660,네오위즈,KOSDAQ,1014,70,202,11.0,3710,21636,12.0,00628860,CFS,367739050341.0,284239264549.0,71651311067.0,52676747671.0,29.38,36.02
095700,제넥신,KOSDAQ,0,0,0,0.0,1072,45540,12.0,00545929,CFS,4573913204.0,2932735736.0,-36172268141.0,-37245760360.0,55.96,2.88
095910,에스에너지,KOSDAQ,264,-60,-75,-35.0,280,37296,12.0,00585538,CFS,64014816974.0,89184843222.0,3275243982.0,894558689.0,-28.22,266.13
096240,크레버스,KOSDAQ,584,26,20,12.0,870,10238,12.0,00525882,CFS,200976573618.0,204151291822.0,7528098013.0,14267352206.0,-1.56,-47.24
096250,와이즈넛,KOSDAQ,72,-14,-10,7.0,786,13106,12.0,00351427,CFS,34753891834.0,34943097325.0,101862548.0,1672667859.0,-0.54,-93.91
096350,대창솔루션,KOSDAQ,212,15,10,-15.0,596,36854,12.0,00177870,CFS,43617668790.0,41269402318.0,731594045.0,-1761280109.0,5.69,141.54
096530,씨젠,KOSDAQ,1291,236,393,5.0,14205,52225,12.0,00788773,CFS,345322484874.0,299122016239.0,35686295082.0,-17822623720.0,15.45,300.23
096610,알에프세미,KOSDAQ,54,2,13,10.0,515,17386,12.0,00516246,CFS,21364708748.0,23472685057.0,1338158376.0,-3645173103.0,-8.98,136.71
096630,에스코넥,KOSDAQ,581,3,-10,24.0,287,15876,12.0,00573269,CFS,45794250346.0,57501772446.0,1533630834.0,394979065.0,-20.36,288.28
096690,에이루트,KOSDAQ,135,-30,-30,-15.0,205,4022,12.0,00608839,CFS,36209165357.0,48129673657.0,-3755223244.0,-18119670821.0,-24.77,79.28
096870,엘디티,KOSDAQ,100,-8,-3,-2.0,186,8347,12.0,00540571,CFS,11045810425.0,10028868219.0,305927068.0,-835658027.0,10.14,136.61
097780,에코볼트,KOSDAQ,280,-7,9,-8.0,267,20293,12.0,00562360,CFS,186521190772.0,138886819687.0,2240916468.0,-11304538344.0,34.3,119.82
097800,윈팩,KOSDAQ,741,-233,-303,-53.0,508,27290,12.0,00536286,CFS,75547662067.0,74141469775.0,-14289046752.0,-23272387288.0,1.9,38.6
097870,효성오앤비,KOSDAQ,179,31,15,1.0,431,8490,6.0,00367385,CFS,23417818578.0,27241518339.0,3386109818.0,4204084321.0,-14.04,-19.46
098070,한텍,KOSDAQ,470,76,104,25.0,2518,11121,12.0,00404941,CFS,171902906776.0,155843764900.0,38146841853.0,16756834420.0,10.3,127.65
098120,마이크로컨텍솔,KOSDAQ,276,54,67,23.0,1895,8312,12.0,00568188,CFS,89184878363.0,66841927277.0,13031574463.0,10256214494.0,33.43,27.06
098460,고영,KOSDAQ,727,99,204,8.0,17460,68204,12.0,00579999,CFS,204204518136.0,172874781139.0,17006595646.0,2469611006.0,18.12,588.63
098660,에스티오,KOSDAQ,159,-7,-12,-21.0,185,12500,12.0,00612188,CFS,71506466024.0,70232657753.0,-1554751618.0,285339350.0,1.81,-644.88
099190,아이센스,KOSDAQ,751,9,19,-2.0,4359,28757,12.0,00550994,CFS,239058916304.0,214023112269.0,6801408427.0,12656558814.0,11.7,-46.26
099220,SDN,KOSDAQ,172,2,-9,-3.0,423,62944,12.0,00574611,CFS,86251707624.0,83454645439.0,461538785.0,-7821198414.0,3.35,105.9
099320,쎄트렉아이,KOSDAQ,372,-20,-20,5.0,8125,10951,12.0,00449254,CFS,197895121110.0,161730960890.0,16628403105.0,10221314681.0,22.36,62.68
099390,브레인즈컴퍼니,KOSDAQ,41,-12,-2,13.0,256,8208,12.0,00642897,CFS,21189338858.0,21860822379.0,4111475956.0,4422412661.0,-3.07,-7.03
099410,동방선기,KOSDAQ,357,41,45,16.0,401,14000,12.0,00526678,CFS,41878629483.0,35715981658.0,9289358838.0,4081910540.0,17.25,127.57
099430,바이오플러스,KOSDAQ,265,57,72,9.0,2222,61640,12.0,00636656,CFS,53375453332.0,48183617893.0,6216819190.0,19627343717.0,10.78,-68.33
099440,스맥,KOSDAQ,292,-48,-50,-27.0,2040,68243,12.0,00580056,CFS,139944204458.0,165357640087.0,-10641475172.0,15392040252.0,-15.37,-169.14
099520,DGI,KOSDAQ,74,-5,-2,-9.0,581,45281,12.0,00627029,CFS,25080258475.0,21106907911.0,-3232443681.0,559204091.0,18.82,-678.04
099750,이지케어텍,KOSDAQ,789,50,64,15.0,882,13659,3.0,00490090,CFS,71690852479.0,68110490039.0,3755935466.0,2491881146.0,5.26,50.73
100030,인지소프트,KOSDAQ,46,9,137,45.0,563,3283,12.0,00641171,CFS,18922277464.0,18889773419.0,2363998472.0,1181279838.0,0.17,100.12
100120,뷰웍스,KOSDAQ,582,88,109,12.0,2054,8971,12.0,00609324,CFS,227344613633.0,210570063966.0,26198403675.0,24331285780.0,7.97,7.67
100130,동국S&C,KOSDAQ,158,-10,-41,-5.0,844,57143,12.0,00415594,CFS,119089577038.0,165067122429.0,7233399645.0,-5301957614.0,-27.85,236.43
100590,머큐리,KOSDAQ,260,-12,9,1.0,529,17139,12.0,00364740,CFS,109270861494.0,131624245893.0,672531361.0,271903761.0,-16.98,147.34
100660,서암기계공업,KOSDAQ,110,-4,0,0.0,363,12600,12.0,00166528,CFS,42142074274.0,42371013550.0,-721843288.0,-1293990084.0,-0.54,44.22
100700,세운메디칼,KOSDAQ,154,34,45,8.0,1011,43800,12.0,00362201,CFS,61941122993.0,58816225506.0,10158684559.0,9486518354.0,5.31,7.09
100790,미래에셋벤처투자,KOSDAQ,537,151,151,12.0,7080,53120,12.0,00340096,CFS,79760241742.0,68452052040.0,,,16.52,
101000,KS인더스트리,KOSDAQ,104,-8,-10,-15.0,143,39641,12.0,00618410,CFS,30893809082.0,23531372713.0,-5338808167.0,-847666804.0,31.29,-529.82
101160,월덱스,KOSDAQ,691,143,243,14.0,4862,16510,12.0,00580065,CFS,249341711418.0,279173711620.0,59809821904.0,72022893852.0,-10.69,-16.96
101170,우림피티에스,KOSDAQ,103,-4,4,3.0,939,13500,12.0,00567222,CFS,57112791211.0,71766793137.0,1195996304.0,-1592816788.0,-20.42,175.09
101240,씨큐브,KOSDAQ,601,102,110,11.0,337,11357,12.0,00520610,CFS,56519406165.0,60146725509.0,10172022142.0,10214678160.0,-6.03,-0.42
101330,모베이스,KOSDAQ,3311,100,197,6.0,759,23147,12.0,00498001,CFS,14161768922.0,13548208752.0,7057983129.0,6238688915.0,4.53,13.13
101360,에코앤드림,KOSDAQ,162,-8,-2,-4.0,1157,17786,12.0,00619640,CFS,135550606124.0,101691326104.0,-507590902.0,475018062.0,33.3,-206.86
101400,엔시트론,KOSDAQ,85,-14,-12,-5.0,196,11741,12.0,00641393,CFS,15581394276.0,25341237312.0,-1787264735.0,-948443568.0,-38.51,-88.44
101490,에스앤에스텍,KOSDAQ,617,114,134,21.0,8608,21334,12.0,00411048,CFS,234810218725.0,166609723104.0,48923833646.0,29456444176.0,40.93,66.09
101670,하이드로리튬,KOSDAQ,10,-34,-342,0.0,505,56777,12.0,00527491,CFS,3368949713.0,2150142872.0,-15057541849.0,-6785556250.0,56.68,-121.91
101680,한국정밀기계,KOSDAQ,637,21,15,4.0,188,8404,12.0,00257732,CFS,30571562943.0,63700982506.0,-7526560759.0,2072658584.0,-52.01,-463.14
101730,위메이드맥스,KOSDAQ,327,-153,-127,-10.0,3230,83803,12.0,00643656,CFS,14337983364.0,10967809127.0,7051900048.0,4812105834.0,30.73,46.54
101930,인화정공,KOSDAQ,260,42,78,11.0,3015,45694,12.0,00482426,CFS,92353371754.0,80173980936.0,15383800844.0,11330328804.0,15.19,35.78
101970,우양에이치씨,KOSDAQ,312,30,58,0.0,1405,14790,12.0,00450931,CFS,100854566106.0,183248928232.0,706458866.0,31088289307.0,-44.96,-97.73
102120,어보브반도체,KOSDAQ,625,32,51,8.0,1207,17780,12.0,00591441,CFS,172077418193.0,158073145826.0,24242318231.0,19681138129.0,8.86,23.18
102370,케이옥션,KOSDAQ,28,-3,-5,-4.0,781,25888,12.0,00668600,CFS,11406245281.0,14055411265.0,-1665266574.0,-2399128933.0,-18.85,30.59
102710,이엔에프테크놀로지,KOSDAQ,1709,249,270,13.0,5572,14287,12.0,00530185,CFS,598981663495.0,519173187119.0,78539134037.0,59332963492.0,15.37,32.37
102940,코오롱생명과학,KOSDAQ,497,29,208,7.0,2762,13090,12.0,00525642,CFS,205547750006.0,159670672472.0,24923859854.0,-13997660963.0,28.73,278.06
103230,에스앤더블류,KOSDAQ,471,35,36,10.0,174,7200,12.0,00137012,CFS,48804282274.0,47130238829.0,900988892.0,3455878656.0,3.55,-73.93
103840,우양,KOSDAQ,1763,5,-59,-3.0,314,16366,12.0,00486875,CFS,183775849010.0,176260400982.0,4665621991.0,453831839.0,4.26,928.05
104040,디에스엠,KOSDAQ,125,-33,-40,0.0,772,26813,12.0,00442905,CFS,15374917336.0,3754090710.0,-9301647345.0,-7134851018.0,309.55,-30.37
104200,NHN벅스,KOSDAQ,521,4,-124,-20.0,369,14827,12.0,00645089,CFS,44899287200.0,52070939126.0,-734987723.0,357425932.0,-13.77,-305.63
104460,디와이피엔에프,KOSDAQ,607,36,51,13.0,922,10518,12.0,00602136,CFS,365502243845.0,284531395337.0,21095974395.0,27633645226.0,28.46,-23.66
104480,티케이케미칼,KOSDAQ,3396,-16,-1128,-11.0,1342,90895,12.0,00693554,CFS,345756223802.0,339574686712.0,2403179067.0,-1585026335.0,1.82,251.62
104540,코렌텍,KOSDAQ,246,9,15,6.0,532,13407,12.0,00541437,CFS,76480454574.0,64752417582.0,8046612964.0,2203564989.0,18.11,265.16
104620,노랑풍선,KOSDAQ,296,24,27,-2.0,514,16810,12.0,00632845,CFS,112983172013.0,129778292440.0,2057350129.0,-6722758854.0,-12.94,130.6
104830,원익머트리얼즈,KOSDAQ,882,157,173,10.0,4280,12608,12.0,00623661,CFS,302890865997.0,289406076486.0,53519524170.0,52468704209.0,4.66,2.0
105330,케이엔더블유,KOSDAQ,166,-11,-13,-5.0,983,16019,12.0,00606664,CFS,24727466322.0,24766945196.0,2628535148.0,3088615023.0,-0.16,-14.9
105550,엣지파운드리,KOSDAQ,89,-49,9,2.0,310,78307,12.0,00766106,CFS,36390814582.0,37297599228.0,-15375124602.0,-4974911670.0,-2.43,-209.05
105740,디케이락,KOSDAQ,328,2,26,6.0,643,10168,12.0,00533003,CFS,111616724169.0,95175025805.0,10835499084.0,1386192740.0,17.28,681.67
105760,포스뱅크,KOSDAQ,265,20,32,7.0,350,10190,12.0,00862312,CFS,88847406481.0,72510877487.0,3678132166.0,3454424620.0,22.53,6.48
106080,케이이엠텍,KOSDAQ,8,-32,-40,-47.0,95,5761,12.0,00542898,CFS,5925203454.0,13518508601.0,-5997053892.0,-4152790707.0,-56.17,-44.41
106190,하이텍팜,KOSDAQ,0,0,0,0.0,1099,10633,12.0,00409964,CFS,70183145366.0,77513117378.0,12856017087.0,15557754205.0,-9.46,-17.37
106240,파인테크닉스,KOSDAQ,90,-12,-20,-30.0,312,23877,12.0,00755739,CFS,40843846825.0,58457938786.0,-6683059693.0,-789762855.0,-30.13,-746.21
107600,새빗켐,KOSDAQ,303,-62,-123,-18.0,679,5650,12.0,00862880,CFS,38390648152.0,30336503327.0,-9419303009.0,-6157119470.0,26.55,-52.98
107640,한중엔시에스,KOSDAQ,547,14,14,6.0,2606,9064,12.0,00474588,CFS,174695744951.0,177144653031.0,5560099402.0,11856782434.0,-1.38,-53.11
108230,톱텍,KOSDAQ,326,60,137,-1.0,1060,38023,12.0,00531917,CFS,155500667844.0,457884694366.0,4476746473.0,20274989974.0,-66.04,-77.92
108380,대양전기공업,KOSDAQ,509,63,92,10.0,1558,9567,12.0,00111193,CFS,208573413088.0,179614017353.0,25384163402.0,15231278415.0,16.12,66.66
108490,로보티즈,KOSDAQ,118,-118,-97,-3.0,28882,14661,12.0,00946030,CFS,34712760842.0,26935702202.0,5144189763.0,-3889096324.0,28.87,232.27
108860,셀바스AI,KOSDAQ,266,-4,15,-4.0,1698,26914,12.0,00666064,CFS,21598065579.0,24377480860.0,237427134.0,2108184671.0,-11.4,-88.74
109080,옵티시스,KOSDAQ,0,0,0,0.0,446,5636,12.0,00660291,CFS,25727162593.0,23757537224.0,4514146425.0,2705388303.0,8.29,66.86
109610,에스와이,KOSDAQ,1263,-12,-33,-8.0,925,48907,12.0,00535481,CFS,342919596684.0,381104244720.0,-8595355392.0,12451660739.0,-10.02,-169.03
109670,씨싸이트,KOSDAQ,387,-15,-4,-3.0,219,5836,12.0,00492706,CFS,164264516208.0,164105763441.0,1232306170.0,-1260172303.0,0.1,197.79
109740,디에스케이,KOSDAQ,49,-57,-35,-13.0,1210,25710,12.0,00530121,CFS,41120304030.0,16964989842.0,-7665169840.0,-6403703350.0,142.38,-19.7
109820,진매트릭스,KOSDAQ,100,-16,-37,-18.0,285,20393,12.0,00552992,CFS,10643335004.0,10018845652.0,-679131166.0,-1641652319.0,6.23,58.63
109860,동일금속,KOSDAQ,286,15,16,3.0,681,9100,12.0,00118284,CFS,61379640196.0,71367442548.0,813746772.0,2780563668.0,-13.99,-70.73
109960,앱토크롬,KOSDAQ,24,-5,-34,-2.0,254,15132,12.0,00653194,CFS,7401424987.0,7918286652.0,-1162485829.0,-923124103.0,-6.53,-25.93
110020,전진바이오팜,KOSDAQ,193,12,43,36.0,167,9058,12.0,00632793,CFS,13694344910.0,19272841086.0,-342851662.0,1158262258.0,-28.94,-129.6
110790,크리스에프앤씨,KOSDAQ,632,-67,-47,-3.0,666,23430,12.0,00522007,CFS,314218387790.0,330060614717.0,5070025186.0,16077043293.0,-4.8,-68.46
110990,디아이티,KOSDAQ,485,164,185,17.0,3205,18900,12.0,00576798,CFS,107910277371.0,116643132777.0,22848418570.0,24028656437.0,-7.49,-4.91
111710,남화산업,KOSDAQ,0,0,0,0.0,653,20588,12.0,00245694,CFS,16771010459.0,20703099096.0,4093920849.0,8010834824.0,-18.99,-48.9
112040,위메이드,KOSDAQ,1533,85,317,6.0,5224,33948,12.0,00444329,CFS,288235890401.0,385139135712.0,-43502666069.0,-59722252727.0,-25.16,27.16
112290,와이씨켐,KOSDAQ,703,-82,-138,-30.0,1902,20221,12.0,00619507,CFS,83088557517.0,70302947467.0,-1765531974.0,-8162169511.0,18.19,78.37
113810,디젠스,KOSDAQ,224,12,14,3.0,151,32628,12.0,00576789,CFS,79072853733.0,88067730372.0,876280921.0,6098788536.0,-10.21,-85.63
114190,강원에너지,KOSDAQ,522,-9,-11,-20.0,2040,26123,12.0,00100601,CFS,93481701714.0,111577891355.0,-2962537223.0,8468538463.0,-16.22,-134.98
114450,그린생명과학,KOSDAQ,249,4,16,4.0,385,20000,12.0,00532059,CFS,40339622036.0,24860636227.0,204292480.0,376909432.0,62.26,-45.8
114630,폴라리스우노,KOSDAQ,188,16,35,3.0,245,17235,12.0,00663669,CFS,78193711654.0,64497824913.0,3828201641.0,255783136.0,21.23,1396.66
114810,한솔아이원스,KOSDAQ,492,71,68,11.0,3278,28143,12.0,00625942,CFS,198830230410.0,157137657251.0,33298761950.0,23060278263.0,26.53,44.4
114840,아이패밀리에스씨,KOSDAQ,548,37,42,19.0,1332,16681,12.0,00692254,CFS,221635724570.0,204880606161.0,31005297730.0,33632455532.0,8.18,-7.81
115160,휴맥스,KOSDAQ,921,28,352,-19.0,262,4312,12.0,00787057,CFS,111641555841.0,277195408580.0,-28485779336.0,-15251065973.0,-59.72,-86.78
115180,큐리언트,KOSDAQ,19,-77,-78,-80.0,6095,37511,12.0,01042650,CFS,9647014490.0,11011053358.0,-26758798388.0,-25126347086.0,-12.39,-6.5
115310,인포바인,KOSDAQ,69,19,24,7.0,1008,14831,12.0,00491415,CFS,28711103708.0,24865400920.0,7882639507.0,8877795187.0,15.47,-11.21
115440,우리넷,KOSDAQ,118,-40,-38,1.0,715,10794,12.0,00664048,CFS,75505437184.0,129866931405.0,1960282505.0,24190894224.0,-41.86,-91.9
115450,HLB테라퓨틱스,KOSDAQ,130,-32,-44,-6.0,1493,88580,12.0,00552859,CFS,59766161612.0,55909171829.0,3310994655.0,2729490589.0,6.9,21.3
115480,씨유메디칼,KOSDAQ,153,25,29,5.0,212,12124,12.0,00681249,CFS,44150938464.0,35872488559.0,8925344489.0,5902455959.0,23.08,51.21
115500,케이씨에스,KOSDAQ,0,0,0,0.0,912,12000,12.0,00441650,CFS,24863482484.0,29539354935.0,2063210418.0,1983143623.0,-15.83,4.04
115530,씨엔플러스,KOSDAQ,175,-8,-9,-33.0,150,7884,12.0,00660033,CFS,52161063758.0,43988553754.0,625459404.0,140767090.0,18.58,344.32
115570,스타플렉스,KOSDAQ,246,14,46,10.0,202,7984,12.0,00405959,CFS,64762004409.0,53386102538.0,2609974386.0,-2800903949.0,21.31,193.18
115610,이미지스,KOSDAQ,130,-52,-37,-67.0,167,11818,12.0,00694942,CFS,13222397763.0,12984837232.0,-1987171358.0,-5213933597.0,1.83,61.89
117670,알파칩스,KOSDAQ,201,-14,-4,-23.0,538,6661,12.0,00605124,CFS,82279635343.0,85271882741.0,-2043739015.0,-1414572482.0,-3.51,-44.48
117730,티로보틱스,KOSDAQ,82,-30,-5,-84.0,2639,22558,12.0,00867098,CFS,39059865094.0,57500898744.0,-9428961591.0,-5779773001.0,-32.07,-63.14
118990,모트렉스,KOSDAQ,1798,117,140,1.0,1239,24537,12.0,00876908,CFS,313869524230.0,278651295723.0,16154927795.0,15745880022.0,12.64,2.6
119500,포메탈,KOSDAQ,0,0,0,0.0,293,11847,12.0,00188797,CFS,51114697557.0,65149120698.0,1939868287.0,1494959309.0,-21.54,29.76
119610,인터로조,KOSDAQ,307,62,65,10.0,1639,11413,12.0,00604426,CFS,117021486188.0,115024912511.0,20861696542.0,7850304211.0,1.74,165.74
119830,아이텍,KOSDAQ,121,-3,-88,-7.0,1380,26538,12.0,00626011,CFS,40823230184.0,38921906363.0,1246892818.0,1971864300.0,4.88,-36.77
119850,지엔씨에너지,KOSDAQ,554,44,161,20.0,5880,16448,12.0,00626464,CFS,202858568877.0,182743072928.0,33002336261.0,20971524998.0,11.01,57.37
120240,대정화금,KOSDAQ,923,85,119,6.0,1052,7190,12.0,00250997,CFS,108081231529.0,92304424167.0,11182354393.0,8480140876.0,17.09,31.87
121440,골프존홀딩스,KOSDAQ,695,26,9,2.0,2852,42836,12.0,00674498,CFS,39427798685.0,49583583981.0,19894463861.0,30709190771.0,-20.48,-35.22
121600,나노신소재,KOSDAQ,327,28,66,3.0,4941,12262,12.0,00439965,CFS,104974129698.0,84792329705.0,12494150541.0,10617237768.0,23.8,17.68
121800,비덴트,KOSDAQ,28,-3,-429,-7.0,2563,77201,12.0,00693651,CFS,8782167732.0,9599588511.0,-4497573655.0,-8205594179.0,-8.52,45.19
121850,코이즈,KOSDAQ,50,0,8,-96.0,70,5056,12.0,00807397,CFS,12535522123.0,19742978874.0,-7341678520.0,-3048694508.0,-36.51,-140.81
121890,에스디시스템,KOSDAQ,181,-22,-18,-16.0,293,13291,12.0,00604815,CFS,28793598189.0,18063667400.0,1101090892.0,-2164578073.0,59.4,150.87
122310,제노레이,KOSDAQ,254,-16,-3,0.0,480,14553,12.0,00799539,CFS,103578593422.0,102323703808.0,2424160335.0,8919726533.0,1.23,-72.82
122350,삼기,KOSDAQ,1486,-37,-59,-11.0,720,38339,12.0,00799177,CFS,489356402339.0,479596353707.0,2869125571.0,10390736792.0,2.04,-72.39
122450,KX,KOSDAQ,719,38,-11,6.0,1138,44819,12.0,00657987,CFS,34001926574.0,35619439869.0,3203307837.0,4048012517.0,-4.54,-20.87
122640,예스티,KOSDAQ,275,31,35,1.0,5724,21600,12.0,00530556,CFS,67060302511.0,84454319019.0,3259857759.0,11896380453.0,-20.6,-72.6
122690,서진오토모티브,KOSDAQ,7043,143,129,-19.0,371,23079,12.0,00800145,CFS,219733514680.0,181035334827.0,-8455920122.0,460559953.0,21.38,-1936.01
122870,와이지엔터테인먼트,KOSDAQ,1471,180,178,7.0,7168,18691,12.0,00613318,CFS,339175607360.0,198017360839.0,31736016260.0,-21506424280.0,71.29,247.57
122990,와이솔,KOSDAQ,972,21,75,-9.0,1603,26639,12.0,00759294,CFS,170467020047.0,182313330681.0,-4847912283.0,-4087295923.0,-6.5,-18.61
123010,알엔티엑스,KOSDAQ,97,14,14,-7.0,540,34797,12.0,00615723,CFS,8044102621.0,11577654166.0,-5505298051.0,-5079099393.0,-30.52,-8.39
123040,엠에스오토텍,KOSDAQ,4201,119,113,-40.0,971,62628,12.0,00259545,CFS,14135406605.0,99868992733.0,8378336215.0,-1368097311.0,-85.85,712.41
123330,제닉,KOSDAQ,294,34,35,54.0,2055,7968,12.0,00624998,CFS,78198461125.0,49908316638.0,15057877760.0,6104721266.0,56.68,146.66
123410,코리아에프티,KOSDAQ,2106,118,128,17.0,1470,27841,12.0,00803425,CFS,417358427794.0,378901787737.0,32553459004.0,26104754640.0,10.15,24.7
123420,위메이드플레이,KOSDAQ,324,34,79,8.0,611,10401,12.0,00815767,CFS,47773202383.0,48371661558.0,3087741863.0,-1484744518.0,-1.24,307.96
123570,이엠넷,KOSDAQ,85,2,9,2.0,370,22276,12.0,00616290,CFS,27225867629.0,30046120840.0,1031584223.0,4481022146.0,-9.39,-76.98
123750,알톤,KOSDAQ,71,-4,-3,2.0,296,13819,12.0,00821607,CFS,29947735073.0,24765705649.0,959662308.0,-5274371553.0,20.92,118.19
123840,뉴온,KOSDAQ,136,-21,-68,-40.0,125,6365,12.0,00809429,CFS,48154988467.0,10351779116.0,-13072506817.0,-9541598522.0,365.19,-37.01
123860,아나패스,KOSDAQ,1822,200,185,30.0,1506,12123,12.0,00761952,CFS,108165267297.0,182209532699.0,20152032995.0,20043218842.0,-40.64,0.54
124500,아이티센글로벌,KOSDAQ,32882,992,943,51.0,4490,23204,12.0,00620868,CFS,53989588443.0,41453505562.0,3622067574.0,3166291730.0,30.24,14.39
124560,태웅로직스,KOSDAQ,2766,5,15,-2.0,724,38720,12.0,00562245,CFS,777513543763.0,747338267640.0,-1586972139.0,29855228785.0,4.04,-105.32
125020,티씨머티리얼즈,KOSDAQ,3039,109,82,12.0,1715,35038,12.0,00381756,CFS,299118621385.0,303895189566.0,6798992249.0,10926716361.0,-1.57,-37.78
125210,아모그린텍,KOSDAQ,307,16,18,8.0,889,16496,12.0,00611912,CFS,129304466579.0,128565520649.0,10749263616.0,5220695224.0,0.57,105.9
125490,한라캐스트,KOSDAQ,405,15,21,5.0,2704,36502,12.0,00683061,CFS,52627004528.0,49244987112.0,1125009059.0,3227771517.0,6.87,-65.15
126340,비나텍,KOSDAQ,254,-15,-16,-5.0,4006,7180,12.0,00563518,CFS,81018757215.0,58333800830.0,-1582157359.0,-15004237796.0,38.89,89.46
126600,BGF에코머티리얼즈,KOSDAQ,928,32,40,3.0,1763,62766,12.0,00599595,CFS,187014483471.0,180703539613.0,13573378062.0,11704063495.0,3.49,15.97
126640,화신정공,KOSDAQ,3220,13,27,2.0,1239,35055,12.0,00825223,CFS,378937475942.0,321956980467.0,11781968219.0,1340851683.0,17.7,778.69
126700,하이비젼시스템,KOSDAQ,280,-75,-44,-10.0,1322,14942,12.0,00825959,CFS,161801631087.0,282515330511.0,-20907528852.0,31699426676.0,-42.73,-165.96
126730,코칩,KOSDAQ,121,11,28,8.0,1131,8770,12.0,00446901,CFS,39289053098.0,33371108724.0,582983678.0,3026149433.0,17.73,-80.74
126880,제이엔케이글로벌,KOSDAQ,520,6,32,3.0,631,23204,12.0,00442154,CFS,147340791891.0,138643063472.0,4473341036.0,4047172110.0,6.27,10.53
127120,제이에스링크,KOSDAQ,24,-49,-38,-26.0,11325,34741,12.0,00642541,CFS,19312315060.0,13164016601.0,-12287743694.0,-9268340579.0,46.71,-32.58
127710,아시아경제,KOSDAQ,145,-28,-11,1.0,456,44049,12.0,00665676,CFS,44992955923.0,43678614566.0,5131692126.0,4707880617.0,3.01,9.0
127980,화인써키트,KOSDAQ,166,2,7,-1.0,360,11840,12.0,00527002,CFS,63940321978.0,70188411160.0,-2332589506.0,3722445882.0,-8.9,-162.66
128540,에코캡,KOSDAQ,343,-16,14,2.0,335,26690,12.0,00870481,CFS,112379628140.0,101242310246.0,33171074487.0,2734542835.0,11.0,1113.04
128660,피제이메탈,KOSDAQ,1031,79,22,9.0,664,24803,12.0,00829380,CFS,276852532771.0,246889779747.0,9340885918.0,12006757469.0,12.14,-22.2
129890,앱코,KOSDAQ,164,7,28,0.0,455,45545,12.0,01207716,CFS,83427579554.0,93368353634.0,3280685799.0,4819241502.0,-10.65,-31.93
129920,대성하이텍,KOSDAQ,176,0,-204,-38.0,609,16248,12.0,00577335,CFS,94741644433.0,90911006145.0,6398991068.0,-13309596519.0,4.21,148.08
130500,GH신소재,KOSDAQ,211,20,21,-6.0,254,14545,12.0,00491938,CFS,64993168612.0,60785685808.0,3440310981.0,3319687145.0,6.92,3.63
130580,나이스디앤비,KOSDAQ,183,13,19,13.0,834,15400,12.0,00606293,CFS,61934425039.0,59077499829.0,10941172278.0,10805270045.0,4.84,1.26
130740,티피씨글로벌,KOSDAQ,173,-6,239,26.0,218,11276,12.0,00578538,CFS,48109215918.0,48371629112.0,-2696130502.0,-762132402.0,-0.54,-253.76
131030,옵투스제약,KOSDAQ,819,86,121,7.0,963,17646,12.0,00831428,CFS,87161378628.0,81904833952.0,8875109028.0,8587803350.0,6.42,3.35
131090,시큐브,KOSDAQ,121,34,34,7.0,294,7658,12.0,00402110,CFS,13438054169.0,12075656393.0,4313922657.0,3420835998.0,11.28,26.11
131100,티엔엔터테인먼트,KOSDAQ,1429,97,6,3.0,240,32246,12.0,00814786,CFS,118299495759.0,142931436282.0,3350618177.0,9698217890.0,-17.23,-65.45
131180,딜리,KOSDAQ,382,23,63,8.0,218,5870,12.0,00629212,CFS,32306126087.0,38212514888.0,803403514.0,2307588314.0,-15.46,-65.18
131220,대한과학,KOSDAQ,176,10,10,8.0,290,7454,12.0,00608316,CFS,47040486239.0,42144467428.0,2338988208.0,1923708587.0,11.62,21.59
131290,티에스이,KOSDAQ,1507,420,514,19.0,27764,11061,12.0,00372226,CFS,311150388580.0,220995534881.0,49534426792.0,38318583293.0,40.79,29.27
131370,알서포트,KOSDAQ,107,-8,-7,1.0,753,53267,12.0,00838962,CFS,42155843713.0,40307086266.0,-187130749.0,527380366.0,4.59,-135.48
131400,이브이첨단소재,KOSDAQ,159,4,2,-13.0,418,59591,12.0,00533924,CFS,52081147150.0,70646240916.0,-2094444663.0,-765696373.0,-26.28,-173.53
131760,파인텍,KOSDAQ,99,-27,-13,-24.0,140,8686,12.0,00820352,CFS,42547737343.0,59828388342.0,1854333843.0,612462072.0,-28.88,202.77
131970,두산테스나,KOSDAQ,0,0,0,0.0,15829,19327,12.0,00563545,CFS,303874072000.0,373117930000.0,-940826000.0,37923282000.0,-18.56,-102.48
133750,메가엠디,KOSDAQ,181,7,15,4.0,310,23407,12.0,00807555,CFS,34591356901.0,36491420174.0,1813813179.0,2236373524.0,-5.21,-18.89
134060,이퓨쳐,KOSDAQ,0,0,0,0.0,226,4769,12.0,00788737,CFS,11142499752.0,11029385249.0,882887664.0,736571961.0,1.03,19.86
134580,탑코미디어,KOSDAQ,119,-1,-1,-2.0,538,49294,12.0,00608699,CFS,40049522889.0,15248200123.0,2464823333.0,1979720014.0,162.65,24.5
136150,원일티엔아이,KOSDAQ,0,0,0,0.0,588,8381,12.0,00488244,CFS,29616648801.0,42188062019.0,-1750050697.0,6379519927.0,-29.8,-127.43
136410,아셈스,KOSDAQ,132,24,21,11.0,507,11019,12.0,00922304,CFS,44951639632.0,45592566023.0,8355133156.0,6193068415.0,-1.41,34.91
136480,하림,KOSDAQ,3280,117,47,13.0,2809,106209,12.0,00857727,CFS,1392608677000.0,1233745815000.0,46599207000.0,22119201000.0,12.88,110.67
136540,윈스테크넷,KOSDAQ,175,17,26,10.0,1241,12279,12.0,00868705,CFS,93280601547.0,96086104092.0,19036984785.0,19838231659.0,-2.92,-4.04
137080,나래나노텍,KOSDAQ,173,7,166,58.0,566,10709,12.0,00362122,CFS,53749705823.0,38630210421.0,-8583647501.0,-22010743363.0,39.14,61.0
137400,피엔티,KOSDAQ,1014,88,256,13.0,6621,23690,12.0,00612294,CFS,719243824958.0,988935532058.0,104531221419.0,170659198531.0,-27.27,-38.75
137940,넥스트아이,KOSDAQ,542,36,78,-50.0,164,8536,12.0,00614593,CFS,10777230209.0,7115488920.0,-2024007976.0,-4304668219.0,51.46,52.98
137950,제이씨케미칼,KOSDAQ,1212,16,12,0.0,650,22267,12.0,00664853,CFS,295817002195.0,297546257890.0,221305554.0,2584160566.0,-0.58,-91.44
138070,신진에스엠,KOSDAQ,152,4,3,0.0,265,17503,12.0,00577380,CFS,40446954863.0,41053348836.0,-304432402.0,1115144085.0,-1.48,-127.3
138080,오이솔루션,KOSDAQ,180,-6,16,-27.0,2268,12377,12.0,00571483,CFS,57358717233.0,32026596164.0,-16556409402.0,-29573905192.0,79.1,44.02
138360,앤로보틱스,KOSDAQ,90,4,72,0.0,1665,90505,12.0,00808068,CFS,23371415577.0,21502697892.0,581389299.0,-1171504420.0,8.69,149.63
138610,나이벡,KOSDAQ,0,0,0,0.0,1561,11367,12.0,00767628,CFS,32718793376.0,24550141599.0,5025830136.0,-4926541320.0,33.27,202.02
139670,키네마스터,KOSDAQ,28,3,26,16.0,216,14118,12.0,00535375,CFS,12259444646.0,13333948574.0,858695848.0,449336686.0,-8.06,91.1
140070,서플러스글로벌,KOSDAQ,366,-45,-69,-10.0,578,36988,12.0,00599285,CFS,163034638526.0,200848714310.0,-14818734521.0,11126475750.0,-18.83,-233.18
140410,메지온,KOSDAQ,20,-46,-53,-126.0,16802,30605,12.0,00808022,CFS,,,-5113488299.0,-3843688188.0,,-33.04
140430,카티스,KOSDAQ,317,16,-58,-19.0,174,10689,12.0,01116265,CFS,27901348150.0,31672914120.0,-536774819.0,1594081524.0,-11.91,-133.67
140520,대창스틸,KOSDAQ,1030,0,4,1.0,405,21109,12.0,00112721,CFS,398226905681.0,400399719865.0,3486567893.0,3447205619.0,-0.54,1.14
140670,알에스오토메이션,KOSDAQ,166,-11,-8,-9.0,1092,12839,12.0,00858124,CFS,66083409073.0,76002987268.0,-3405101503.0,-3479259798.0,-13.05,2.13
140860,파크시스템스,KOSDAQ,394,21,52,11.0,17261,7002,12.0,00244747,CFS,172502405857.0,141846873966.0,40393308024.0,32965001532.0,21.61,22.53
141000,비아트론,KOSDAQ,156,-20,16,3.0,977,12114,12.0,00610083,CFS,61329082884.0,54932431859.0,8769172273.0,6050433167.0,11.64,44.93
141080,리가켐바이오,KOSDAQ,359,-374,-343,-26.0,34650,37019,12.0,00842619,CFS,141553069341.0,125898140997.0,-83200376145.0,-21160990216.0,12.43,-293.18
142210,유니트론텍,KOSDAQ,2203,184,206,16.0,1116,20751,12.0,00879020,CFS,607978096848.0,597268238500.0,29571552990.0,35538553246.0,1.79,-16.79
142280,녹십자엠에스,KOSDAQ,236,3,2,11.0,630,23963,12.0,00513948,CFS,109121700337.0,104599646034.0,3332424183.0,2758679051.0,4.32,20.8
142760,모아라이프플러스,KOSDAQ,23,-14,-11,-38.0,158,42166,12.0,00587925,CFS,11216210534.0,15629688138.0,-6233749251.0,-5311375017.0,-28.24,-17.37
143160,아이디스,KOSDAQ,788,34,70,7.0,1654,10716,12.0,00883980,CFS,212943996893.0,202052997318.0,21886934131.0,16296693376.0,5.39,34.3
143240,사람인,KOSDAQ,283,43,64,44.0,1749,10732,12.0,00857480,CFS,84110547880.0,90116825776.0,18242900586.0,23126142168.0,-6.66,-21.12
143540,영우디에스피,KOSDAQ,233,35,42,34.0,438,44599,12.0,00569646,CFS,80377995717.0,59026310471.0,5942605933.0,-4918151125.0,36.17,220.83
144510,지씨셀,KOSDAQ,374,-51,-31,-83.0,2009,15800,12.0,01010642,CFS,150277517801.0,159458079298.0,-12408179006.0,-16124354004.0,-5.76,23.05
144960,뉴파워프라즈마,KOSDAQ,1485,135,191,6.0,4369,43692,12.0,00521390,CFS,152270764959.0,144559023555.0,25195726232.0,27819963722.0,5.33,-9.43
145020,휴젤,KOSDAQ,1166,476,561,16.0,28114,12304,12.0,00888347,CFS,292849776347.0,269014929779.0,106851140969.0,93573872210.0,8.86,14.19
145170,노브랜드,KOSDAQ,1726,75,48,2.0,500,16908,12.0,00305941,CFS,476231650984.0,521493059572.0,1082613867.0,12367091016.0,-8.68,-91.25
146060,율촌,KOSDAQ,198,9,10,4.0,255,24015,12.0,00495633,CFS,27881254848.0,31472229018.0,-489590594.0,475339937.0,-11.41,-203.0
146320,비씨엔씨,KOSDAQ,237,8,2,3.0,1265,12797,12.0,01301623,CFS,85159379206.0,75500150897.0,4166363575.0,-1790709825.0,12.79,332.67
147760,피엠티,KOSDAQ,244,-131,-138,-37.0,752,20000,12.0,00654175,CFS,25287736817.0,24393115333.0,-20395564718.0,-13100490473.0,3.67,-55.69
147830,제룡산업,KOSDAQ,0,0,0,0.0,1240,20000,12.0,00899556,CFS,37923882483.0,29328250520.0,10572575305.0,4088736219.0,29.31,158.58
148150,세경하이테크,KOSDAQ,610,-22,41,17.0,1037,35542,12.0,00913689,CFS,51088738605.0,59408162338.0,2243058521.0,11579787698.0,-14.0,-80.63
148250,알엔투테크놀로지,KOSDAQ,47,-13,-34,-15.0,292,13610,12.0,00915508,CFS,18213976515.0,14250642292.0,-1604428163.0,-1448796529.0,27.81,-10.74
148780,비큐AI,KOSDAQ,37,-2,0,-1.0,143,31445,12.0,00980043,CFS,17014562225.0,17300348332.0,-1117451075.0,-761335141.0,-1.65,-46.78
148930,에이치와이티씨,KOSDAQ,83,-12,32,10.0,338,10175,12.0,00885906,CFS,22153064500.0,24132039746.0,-3546446251.0,-1027249365.0,-8.2,-245.24
149950,아바텍,KOSDAQ,845,58,84,6.0,1184,13667,12.0,00442048,CFS,80944405170.0,84545739299.0,6148093789.0,5797381978.0,-4.26,6.05
149980,하이로닉,KOSDAQ,96,15,18,4.0,753,17199,12.0,00977641,CFS,26856561511.0,23169368002.0,5053674833.0,-2912086636.0,15.91,273.54
150900,파수AI,KOSDAQ,90,-20,-19,10.0,376,11703,12.0,00638487,CFS,36430842188.0,35679563832.0,3906297276.0,3976676314.0,2.11,-1.77
151860,KG에코솔루션,KOSDAQ,19696,328,830,7.0,2470,47603,12.0,00366137,CFS,104854258835.0,89108177300.0,4349064745.0,10679124317.0,17.67,-59.28
153460,네이블,KOSDAQ,172,4,13,4.0,407,6530,12.0,00842585,CFS,19189105647.0,17200064065.0,2612476125.0,385146720.0,11.56,578.31
153490,우리이앤엘하루틴,KOSDAQ,230,-58,-39,-4.0,226,51480,12.0,00815095,CFS,119952903890.0,147146667106.0,667223820.0,5195668632.0,-18.48,-87.16
153710,옵티팜,KOSDAQ,196,-25,-24,-9.0,696,14669,12.0,00971726,CFS,22344530941.0,19636227402.0,-2414037437.0,-2451780486.0,13.79,1.54
153890,져스텍,KOSDAQ,35,-3,-3,0.0,936,12050,12.0,00577593,,,,,,,
154030,아시아종묘,KOSDAQ,88,12,15,4.0,185,12061,12.0,00867478,CFS,3398641131.0,25767326383.0,-816191776.0,1034742864.0,-86.81,-178.88
154040,다산솔루에타,KOSDAQ,354,20,-206,-39.0,164,21615,12.0,00624518,CFS,31399403970.0,35436409241.0,1712414431.0,1995265453.0,-11.39,-14.18
155650,와이엠씨,KOSDAQ,471,11,18,3.0,529,18974,12.0,00870861,CFS,114799273785.0,145046466309.0,2475005146.0,6754407551.0,-20.85,-63.36
156100,엘앤케이바이오,KOSDAQ,95,1,80,-14.0,897,22351,12.0,00918222,CFS,21711786780.0,22776717255.0,2922360935.0,1064334177.0,-4.68,174.57
158430,아톤,KOSDAQ,148,4,10,1.0,915,24482,12.0,00595182,CFS,32659157474.0,34889753392.0,6715000893.0,8819403699.0,-6.39,-23.86
159010,아스플로,KOSDAQ,283,14,14,-13.0,2225,13334,12.0,00561732,CFS,62435332422.0,82226105653.0,-6929327532.0,-1365871558.0,-24.07,-407.32
159580,제로투세븐,KOSDAQ,167,6,12,4.0,424,20032,12.0,00563837,CFS,75640628997.0,69391988952.0,4680485630.0,4104606752.0,9.0,14.03
159910,에코글로우,KOSDAQ,48,-5,7,-22.0,320,10467,12.0,00896753,CFS,9958771103.0,8448884978.0,-3610974254.0,-4679661402.0,17.87,22.84
160190,하이젠알앤엠,KOSDAQ,186,-34,-29,-9.0,4602,30888,12.0,00650771,CFS,73212379500.0,75838866485.0,-8467646487.0,-312570570.0,-3.46,-2609.04
160550,NEW,KOSDAQ,256,-14,-18,2.0,304,27906,12.0,00974927,CFS,68150278807.0,27465400572.0,5358833226.0,-11920954095.0,148.13,144.95
160980,싸이맥스,KOSDAQ,405,47,50,7.0,4140,10924,12.0,00659161,CFS,164244630048.0,164885513587.0,23362460731.0,23390455938.0,-0.39,-0.12
161580,필옵틱스,KOSDAQ,110,-54,-113,-19.0,6130,23442,12.0,00938721,CFS,69768889301.0,127804181440.0,-12788323418.0,777060313.0,-45.41,-1745.73
162300,신스틸,KOSDAQ,949,5,13,0.0,610,41471,12.0,00958664,CFS,211568142322.0,241411373203.0,3776256836.0,5334120006.0,-12.36,-29.21
163280,에어레인,KOSDAQ,245,19,23,4.0,450,13603,12.0,01663116,CFS,28075652732.0,24499902644.0,3088719631.0,1871004711.0,14.59,65.08
163730,핑거,KOSDAQ,205,-3,0,0.0,934,12015,12.0,01142075,CFS,81357589691.0,66833521344.0,1656090919.0,-200928669.0,21.73,924.22
166090,하나머티리얼즈,KOSDAQ,934,213,241,12.0,10541,19777,12.0,00660750,CFS,272870688285.0,250371382753.0,50628929182.0,43260986113.0,8.99,17.03
166480,코아스템켐온,KOSDAQ,43,-60,-69,-66.0,927,52870,12.0,00989664,CFS,20158947968.0,28762459937.0,-21062839949.0,-21705366806.0,-29.91,2.96
168330,내츄럴엔도텍,KOSDAQ,57,-1,-1,-9.0,574,31754,12.0,00923792,CFS,19264409965.0,19096411204.0,-2813226163.0,-3881820784.0,0.88,27.53
168360,펨트론,KOSDAQ,169,-10,-18,-11.0,3096,22392,12.0,00957373,CFS,69583634553.0,56841545900.0,3173454323.0,-3341488566.0,22.42,194.97
169330,엠브레인,KOSDAQ,453,19,22,1.0,262,18316,6.0,00877174,CFS,40676032215.0,38790302754.0,-886749200.0,-511249246.0,4.86,-73.45
170030,현대공업,KOSDAQ,912,55,77,10.0,701,15340,12.0,00164502,CFS,353859469521.0,318581887865.0,19300358805.0,15455266017.0,11.07,24.88
170790,파이오링크,KOSDAQ,128,-15,-11,9.0,472,6397,12.0,00492353,CFS,65549351725.0,58295777255.0,5393308100.0,2613938790.0,12.44,106.33
170920,엘티씨,KOSDAQ,988,181,203,8.0,5820,10564,12.0,00866062,CFS,31202999736.0,30367755192.0,-868105626.0,-1858341981.0,2.75,53.29
171010,램테크놀러지,KOSDAQ,117,5,3,-18.0,390,14298,12.0,00654272,CFS,35793291923.0,38993439766.0,-4804351652.0,-4464777420.0,-8.21,-7.61
171090,선익시스템,KOSDAQ,161,15,-213,70.0,5233,10102,12.0,00327819,CFS,515360026987.0,111833223426.0,110560882128.0,7734086293.0,360.83,1329.53
171120,라이온켐텍,KOSDAQ,366,42,55,11.0,721,35901,12.0,00317104,CFS,90609765598.0,107134715289.0,7015616364.0,7048373487.0,-15.42,-0.46
172670,에이엘티,KOSDAQ,138,-9,-24,-8.0,738,8960,12.0,00493325,CFS,42813533802.0,31866780997.0,-7925557790.0,-12391491392.0,34.35,36.04
173130,오파스넷,KOSDAQ,381,14,23,24.0,818,13046,12.0,00867849,CFS,228809954327.0,190188534515.0,15150825851.0,10300479077.0,20.31,47.09
173940,에프엔씨엔터,KOSDAQ,272,8,22,-25.0,313,15392,12.0,00925295,CFS,73520791202.0,61629222819.0,-2658584061.0,-4556830391.0,19.3,41.66
174900,앱클론,KOSDAQ,0,0,0,0.0,3964,19952,12.0,00991191,CFS,4714084167.0,2339823669.0,-17635733976.0,-15588944512.0,101.47,-13.13
175140,아고스,KOSDAQ,92,-30,-38,-42.0,528,24944,12.0,00861997,CFS,43804190295.0,36107056581.0,-6362058593.0,-3146865041.0,21.32,-102.17
175250,아이큐어,KOSDAQ,322,2,-7,-75.0,815,37558,12.0,00554352,CFS,82838066575.0,50016689657.0,-10666304478.0,-13388736926.0,65.62,20.33
176750,듀켐바이오,KOSDAQ,97,13,11,15.0,1635,28488,12.0,00867034,CFS,38572364091.0,35600990962.0,7404939387.0,5077845764.0,8.35,45.83
177350,베셀,KOSDAQ,39,-1,-12,59.0,155,19831,12.0,00813389,CFS,16551941963.0,22499875286.0,-2472007615.0,-12093446206.0,-26.44,79.56
177830,파버나인,KOSDAQ,318,1,-1,-6.0,267,11325,12.0,00429694,CFS,67566665066.0,77501740551.0,158602567.0,3715239001.0,-12.82,-95.73
177900,쓰리에이로직스,KOSDAQ,181,17,9,25.0,378,9627,12.0,00870065,CFS,14494595306.0,18114302063.0,-2686355904.0,1749439298.0,-19.98,-253.56
178320,서진시스템,KOSDAQ,2802,-330,-129,-15.0,23041,63650,12.0,00838005,CFS,368236024186.0,680983076317.0,21682623872.0,17661336735.0,-45.93,22.77
178780,일월지엠엘,KOSDAQ,17,-3,0,15.0,420,18639,12.0,00923826,CFS,32914345905.0,39262751098.0,2352615058.0,4649652623.0,-16.17,-49.4
179290,엠아이텍,KOSDAQ,167,49,47,0.0,1505,32365,12.0,00531829,CFS,67220284556.0,53753172637.0,20704829649.0,17576351038.0,25.05,17.8
179530,애드바이오텍,KOSDAQ,31,-11,-54,-73.0,490,26950,12.0,01022902,CFS,11427026764.0,10521324834.0,-2848564938.0,-2908037498.0,8.61,2.05
179900,유티아이,KOSDAQ,48,-132,-152,-69.0,581,19790,12.0,00961774,CFS,3147731512.0,3565692257.0,-16939687428.0,-19997741852.0,-11.72,15.29
180400,DXVX,KOSDAQ,67,-53,-65,-59.0,2121,98429,12.0,00995993,CFS,17167265656.0,18933541789.0,-21202793354.0,-19068988642.0,-9.33,-11.19
182360,큐브엔터,KOSDAQ,151,-52,30,-2.0,797,15549,12.0,00985686,CFS,81587107916.0,101551023741.0,-7290726613.0,12803843048.0,-19.66,-156.94
182400,엔케이젠바이오텍코리아,KOSDAQ,16,-12,-13,-7.0,2654,72342,12.0,00977650,CFS,7859202055.0,8667322015.0,-2539053296.0,-3743254409.0,-9.32,32.17
183300,코미코,KOSDAQ,1571,205,218,18.0,14217,20545,12.0,00997812,CFS,193368673376.0,159729863566.0,27824351169.0,26462288468.0,21.06,5.15
183490,엔지켐생명과학,KOSDAQ,149,-32,-19,-12.0,837,84640,12.0,00606886,CFS,22904481202.0,34171570951.0,-14397220998.0,-13181637802.0,-32.97,-9.22
184230,SGA솔루션즈,KOSDAQ,260,8,-8,45.0,339,18887,12.0,00988364,CFS,16703596063.0,12711090813.0,1755223606.0,1446871852.0,31.41,21.31
185490,아이진,KOSDAQ,13,-35,-36,-32.0,648,43229,12.0,00945457,CFS,3566784886.0,3352424039.0,-9935559505.0,-8656842262.0,6.39,-14.77
186230,그린플러스,KOSDAQ,316,4,1,-21.0,334,10920,12.0,00602279,CFS,96389432352.0,79429877088.0,3341515289.0,6908400363.0,21.35,-51.63
187220,디티앤씨,KOSDAQ,284,-19,-33,8.0,278,11524,12.0,00675594,CFS,52704523418.0,45185500109.0,6445094282.0,2131971323.0,16.64,202.31
187270,신화콘텍,KOSDAQ,134,14,20,1.0,282,10143,12.0,00925189,CFS,50568563054.0,48579720357.0,6820265205.0,6245152795.0,4.09,9.21
187420,HLB제넥스,KOSDAQ,117,10,-25,69.0,512,32644,12.0,00983916,CFS,24218649474.0,16707377208.0,1522378414.0,-1227707209.0,44.96,224.0
187660,페니트리움바이오,KOSDAQ,97,-159,-182,-118.0,2301,55466,12.0,01409022,CFS,9273012798.0,9744986676.0,-7376237084.0,-15932446161.0,-4.84,53.7
187790,나노,KOSDAQ,110,-9,-11,6.0,1150,30840,12.0,00994994,CFS,70461926418.0,56829460834.0,7574983003.0,3634615914.0,23.99,108.41
187870,디바이스,KOSDAQ,311,123,144,18.0,1721,13770,12.0,00624509,CFS,84082993642.0,47160162301.0,17594277116.0,4412799775.0,78.29,298.71
188040,바이오포트,KOSDAQ,214,8,9,0.0,238,4679,12.0,01157846,CFS,69164437799.0,72658248841.0,574240632.0,5203849333.0,-4.81,-88.97
188260,세니젠,KOSDAQ,0,0,0,0.0,278,13263,12.0,01305869,CFS,15354255261.0,15427879108.0,-4374487146.0,-5874575015.0,-0.48,25.54
189300,인텔리안테크,KOSDAQ,647,6,138,13.0,6345,10737,12.0,00664181,CFS,287809917857.0,212676160017.0,9707878065.0,-24833112946.0,35.33,139.09
189330,씨이랩,KOSDAQ,11,-19,-18,-25.0,838,9382,12.0,00991298,CFS,10272320511.0,9085176155.0,-3167155234.0,-5120952998.0,13.07,38.15
189690,포시에스,KOSDAQ,262,40,65,8.0,439,27321,6.0,00939942,CFS,32235861073.0,30416671123.0,4164980350.0,4457256724.0,5.98,-6.56
189860,서전기전,KOSDAQ,633,6,-2,4.0,368,9698,12.0,00869272,CFS,68106757182.0,63335667930.0,-8800092301.0,612300391.0,7.53,-1537.22
189980,흥국에프엔비,KOSDAQ,208,10,3,7.0,451,40137,12.0,00916516,CFS,70371079267.0,73238775061.0,6098412856.0,8415877106.0,-3.92,-27.54
190510,나무가,KOSDAQ,979,39,59,12.0,1840,14085,12.0,00819374,CFS,345652437683.0,331354761150.0,19260551992.0,12803495770.0,4.31,50.43
190650,코리아에셋투자증권,KOSDAQ,2685,103,111,8.0,424,6388,3.0,00304915,CFS,268468292390.0,217257677789.0,,,23.57,
191410,육일씨엔에쓰,KOSDAQ,108,5,7,10.0,124,11204,12.0,00843900,CFS,4395308914.0,4275298701.0,-1988106622.0,-2012157438.0,2.81,1.2
191420,테고사이언스,KOSDAQ,12,-19,-21,-17.0,498,8108,12.0,00926522,CFS,5515638375.0,6483080067.0,-4430227716.0,-1989199832.0,-14.92,-122.71
192250,케이사인,KOSDAQ,77,2,3,4.0,486,7067,12.0,01003040,CFS,,,4652540237.0,5001622405.0,,-6.98
192390,윈하이텍,KOSDAQ,143,-31,-37,-13.0,202,11032,12.0,00910840,CFS,75107019498.0,112139676392.0,-3846742044.0,11138031459.0,-33.02,-134.54
192410,오늘이엔엠,KOSDAQ,51,-4,-12,-447.0,1070,25185,12.0,00623184,CFS,14098900649.0,11663217647.0,-3518119137.0,-6701832101.0,20.88,47.51
192440,슈피겐코리아,KOSDAQ,1132,112,181,7.0,1864,6216,12.0,00917861,CFS,300714916785.0,298714147254.0,11297402390.0,6351114682.0,0.67,77.88
193250,링크드,KOSDAQ,24,-23,-16,-7.0,246,13368,12.0,01035678,CFS,4482620371.0,3593369573.0,-3576096152.0,-4855148544.0,24.75,26.34
194480,데브시스터즈,KOSDAQ,585,-174,-150,-9.0,1894,12129,12.0,01008762,CFS,294866800415.0,237321574845.0,10277337331.0,19554667890.0,24.25,-47.44
194700,노바렉스,KOSDAQ,4043,431,447,15.0,2422,18254,12.0,00811372,CFS,403042865267.0,296145357387.0,41916755031.0,21655013172.0,36.1,93.57
195500,마니커에프앤지,KOSDAQ,1077,38,36,4.0,251,15978,12.0,00770312,CFS,106758230980.0,107702390835.0,2485633089.0,3844717913.0,-0.88,-35.35
195940,HK이노엔,KOSDAQ,8971,882,717,5.0,10708,28329,12.0,01012066,CFS,1063151055391.0,897141915178.0,110876599063.0,88224439067.0,18.5,25.68
195990,루트K,KOSDAQ,79,-23,21,-54.0,205,32575,12.0,00620558,CFS,5155002885.0,18406813660.0,-6570873276.0,-5872372304.0,-71.99,-11.89
196170,알테오젠,KOSDAQ,716,393,837,30.0,146290,53586,12.0,00989619,CFS,202829023679.0,92969044752.0,114531644175.0,30629830861.0,118.17,273.92
196300,HLB펩,KOSDAQ,62,-54,-68,-85.0,353,9376,12.0,00808086,CFS,4961730622.0,6229007020.0,-7320194555.0,-5439522485.0,-20.34,-34.57
196450,코아시아씨엠,KOSDAQ,705,18,14,7.0,403,45320,12.0,01031502,CFS,43365318937.0,32341379748.0,2464847696.0,-12487379284.0,34.09,119.74
196490,디에이테크놀로지,KOSDAQ,15,-20,-19,-36100000.0,691,11351,12.0,00660121,CFS,32853430763.0,41141441254.0,-6084829708.0,-15589663180.0,-20.15,60.97
196700,웹스,KOSDAQ,102,8,9,12.0,169,14364,12.0,00864338,CFS,30915412812.0,28032723535.0,2677392914.0,3220993533.0,10.28,-16.88
197140,디지캡,KOSDAQ,320,-16,3,2.0,273,13013,12.0,00681373,CFS,66632227178.0,32013726035.0,-2530392638.0,-1597169407.0,108.14,-58.43
198080,캐프,KOSDAQ,678,74,82,15.0,458,21535,12.0,00876643,CFS,213477804254.0,185829250052.0,10625432705.0,6778804475.0,14.88,56.74
198440,강동씨앤엘,KOSDAQ,474,56,-90,-7.0,752,60931,12.0,01032583,CFS,71843117330.0,47382972250.0,7401631346.0,5550285074.0,51.62,33.36
198940,한주라이트메탈,KOSDAQ,631,12,0,-7.0,263,19909,12.0,00156600,CFS,247871094128.0,237467114367.0,480785860.0,-9907916554.0,4.38,104.85
199430,케이엔알시스템,KOSDAQ,159,-75,-79,-33.0,1024,11197,12.0,00672603,CFS,15789631241.0,18384326072.0,-7201496190.0,-7398435096.0,-14.11,2.66
199480,뱅크웨어글로벌,KOSDAQ,193,-12,-5,-8.0,275,10196,12.0,01138595,CFS,62921295573.0,49829988017.0,-1753731107.0,-12961916277.0,26.27,86.47
199550,레이저옵텍,KOSDAQ,64,-20,-11,-37.0,390,14845,12.0,01161432,CFS,25255610037.0,33818923359.0,-6404094046.0,997141467.0,-25.32,-742.25
199730,바이오인프라,KOSDAQ,238,-51,-59,-13.0,80,4864,12.0,01110058,,,,,,,
199800,툴젠,KOSDAQ,4,-46,-44,-69.0,3252,8997,12.0,00547510,CFS,1288458292.0,849905235.0,-23072817077.0,-21610802373.0,51.6,-6.77
199820,제일일렉트릭,KOSDAQ,527,25,38,5.0,1475,22220,12.0,00148470,CFS,154958390334.0,165622160241.0,11545050708.0,8694086103.0,-6.44,32.79
200130,콜마비앤에이치,KOSDAQ,1369,103,293,0.0,2376,29415,12.0,01032404,CFS,439211246450.0,469023808802.0,27307440406.0,23904006197.0,-6.36,14.24
200230,텔콘RF제약,KOSDAQ,97,-14,-115,-10.0,143,7152,12.0,00608802,CFS,41669762813.0,36211735781.0,1258772733.0,-422877952.0,15.07,397.67
200350,아티스트스튜디오,KOSDAQ,13,-4,-2,-9.0,173,9996,12.0,00990819,CFS,14618399763.0,27306791627.0,-3004720932.0,-7321434149.0,-46.47,58.96
200470,에이팩트,KOSDAQ,867,-215,-489,-66.0,2003,42362,12.0,00667425,CFS,110999185614.0,86722560746.0,5267413072.0,-21532802006.0,27.99,124.46
200670,휴메딕스,KOSDAQ,0,0,0,0.0,2734,11229,12.0,00614478,CFS,170052787103.0,161872958430.0,42329364682.0,43141324184.0,5.05,-1.88
200710,에이디테크놀로지,KOSDAQ,360,-4,7,4.0,3661,13462,12.0,00657002,CFS,124432233785.0,70994563138.0,8795232048.0,-8096243962.0,75.27,208.63
200780,비씨월드제약,KOSDAQ,198,18,9,-3.0,335,10665,12.0,00256043,CFS,67515917435.0,67338474028.0,-3947846450.0,-2206079913.0,0.26,-78.95
201490,미투온,KOSDAQ,231,39,42,0.0,643,32723,12.0,00965813,CFS,8382991496.0,8561934256.0,-383978680.0,-1526666548.0,-2.09,74.85
203400,에이비온,KOSDAQ,6,-65,-66,-63.0,591,90101,12.0,00977377,CFS,880135981.0,759683815.0,-19282766255.0,-33312229602.0,15.86,42.12
203450,유니온바이오메트릭스,KOSDAQ,114,-9,0,3.0,380,14079,12.0,00408266,CFS,50109125947.0,56564584659.0,955666314.0,2740567841.0,-11.41,-65.13
203650,드림시큐리티,KOSDAQ,1084,38,11,7.0,1978,101704,12.0,01038693,CFS,31330844845.0,30392276599.0,1318517293.0,1002929116.0,3.09,31.47
204020,그리티,KOSDAQ,384,6,0,4.0,374,19450,12.0,00671978,CFS,198347590023.0,190639131528.0,6578170755.0,9529499276.0,4.04,-30.97
204270,제이앤티씨,KOSDAQ,400,-114,-65,-29.0,7797,57848,12.0,00447575,CFS,96668785883.0,101878571741.0,8417579606.0,23900377574.0,-5.11,-64.78
204610,티쓰리,KOSDAQ,221,58,74,19.0,1612,55521,12.0,00609661,CFS,26672419895.0,24682770822.0,15030114843.0,13353102840.0,8.06,12.56
204620,글로벌텍스프리,KOSDAQ,355,58,63,26.0,3155,70283,12.0,01042711,CFS,136267459655.0,93627492088.0,25917579604.0,18617634143.0,45.54,39.21
204840,지엘팜텍,KOSDAQ,94,0,-1,-1.0,631,77549,12.0,01042359,CFS,22640402371.0,18028697071.0,-848640157.0,-1889858808.0,25.58,55.1
205100,엑셈,KOSDAQ,112,-22,57,11.0,1024,70686,12.0,01042085,CFS,44246918422.0,46350435457.0,2914937684.0,6022836850.0,-4.54,-51.6
205470,휴마시스,KOSDAQ,89,-16,33,-5.0,497,24675,12.0,01042979,CFS,4719050005.0,7255168834.0,-8478358150.0,-8873014425.0,-34.96,4.45
205500,넥써쓰,KOSDAQ,116,1,-30,-21.0,1307,81385,12.0,01042429,CFS,36485019275.0,7551040419.0,1637574767.0,-8980027793.0,383.18,118.24
206400,베노티앤알,KOSDAQ,7,-19,-38,-16.0,294,37510,12.0,01043853,CFS,3853388906.0,24752335959.0,-3178838413.0,-7542278156.0,-84.43,57.85
206560,덱스터,KOSDAQ,106,-39,-44,-16.0,262,25411,12.0,01021949,CFS,28109129718.0,24100917240.0,-3506252140.0,-8362512978.0,16.63,58.07
206640,바디텍메드,KOSDAQ,428,68,120,11.0,2282,21907,12.0,01046708,CFS,147888814936.0,125107057264.0,30034522926.0,27735152668.0,18.21,8.29
206650,유바이오로직스,KOSDAQ,960,343,185,16.0,2800,36752,12.0,00927558,CFS,149195024704.0,96035297831.0,60663218448.0,34321335803.0,55.35,76.75
207760,미스터블루,KOSDAQ,164,5,14,-44.0,353,83079,12.0,01047840,CFS,31007878383.0,30602300394.0,1333392651.0,1092179450.0,1.33,22.09
208140,정다운,KOSDAQ,325,16,17,5.0,727,32684,12.0,01047415,CFS,160817954094.0,181954646442.0,6682464478.0,15438941097.0,-11.62,-56.72
208350,지란지교시큐리티,KOSDAQ,72,-14,-8,3.0,245,8101,12.0,01047169,CFS,25912417314.0,22514852544.0,2131374909.0,2195596666.0,15.09,-2.93
208370,셀바스헬스케어,KOSDAQ,66,7,132,23.0,625,25740,12.0,01047451,CFS,28802796802.0,30045640560.0,-57138966.0,3560789289.0,-4.14,-101.6
208640,썸에이지,KOSDAQ,10,-10,-11,-50.0,170,13924,12.0,01049422,CFS,4372141273.0,10425968955.0,-4606307672.0,-6295113713.0,-58.06,26.83
208710,포톤,KOSDAQ,267,-3,8,-7.0,239,13180,12.0,01047707,CFS,118144771096.0,129854239028.0,1546304684.0,2305580446.0,-9.02,-32.93
208860,다산디엠씨,KOSDAQ,330,12,20,0.0,325,33949,12.0,01084364,CFS,30750966751.0,11214636407.0,-2531549768.0,1789120145.0,174.2,-241.5
209640,와이제이링크,KOSDAQ,147,11,33,2.0,868,28443,12.0,01023211,CFS,43036751942.0,46409510382.0,-4251065080.0,-1499936894.0,-7.27,-183.42
210120,캔버스엔,KOSDAQ,0,0,0,0.0,225,24237,12.0,00550082,CFS,3998663846.0,9623601724.0,-1476911151.0,-5117290669.0,-58.45,71.14
211050,인카금융서비스,KOSDAQ,3012,260,298,41.0,4891,49263,12.0,01013694,CFS,1011625671000.0,830755280000.0,96305663000.0,86304559000.0,21.77,11.59
211270,AP위성,KOSDAQ,586,73,134,10.0,1099,15082,12.0,00874803,CFS,47812373057.0,58631773787.0,-4301222143.0,7300333201.0,-18.45,-158.92
212560,네오오토,KOSDAQ,0,0,0,0.0,1424,13486,12.0,00876865,CFS,232116353603.0,218567206244.0,13666239562.0,12640985758.0,6.2,8.11
212710,아이에스티이,KOSDAQ,64,5,7,-17.0,874,9714,12.0,01208751,CFS,32134600245.0,41000839983.0,-5843298007.0,609459820.0,-21.62,-1058.77
213420,덕산네오룩스,KOSDAQ,729,171,207,14.0,7449,24831,12.0,01061558,CFS,202283546625.0,212252223722.0,50531700005.0,52402987248.0,-4.7,-3.57
214150,클래시스,KOSDAQ,872,372,448,27.0,28540,65235,12.0,01061327,CFS,336505017215.0,242500154766.0,171421861882.0,123166978103.0,38.76,39.18
214180,헥토이노베이션,KOSDAQ,1123,146,159,15.0,1737,12993,12.0,01013311,CFS,120283550143.0,111658010158.0,30266366950.0,34856759709.0,7.72,-13.17
214260,라파스,KOSDAQ,68,-5,-9,-14.0,762,8922,12.0,01058101,CFS,19523736750.0,20088927341.0,-1628261543.0,277468024.0,-2.81,-686.83
214270,FSN,KOSDAQ,593,19,0,-34.0,601,45254,12.0,01061497,CFS,29672046775.0,30638798179.0,-2985178349.0,-3330314949.0,-3.16,10.36
214370,케어젠,KOSDAQ,227,102,131,11.0,30348,53715,12.0,00549891,CFS,72807992793.0,82585947786.0,20407781943.0,34261751402.0,-11.84,-40.44
214430,아이쓰리시스템,KOSDAQ,1207,148,164,15.0,4070,7307,12.0,00612489,CFS,124275749815.0,120701833274.0,16458043794.0,14759928402.0,2.96,11.5
214450,파마리서치,KOSDAQ,1461,573,680,28.0,35480,10389,12.0,00970453,CFS,473789922204.0,312732023380.0,207553562681.0,122309209338.0,51.5,69.7
214610,롤링스톤,KOSDAQ,35,-63,-94,-121.0,191,8383,12.0,01049167,CFS,10884865055.0,4640103575.0,-9935154074.0,-19234571811.0,134.58,48.35
214680,디알텍,KOSDAQ,318,-6,-9,-27.0,803,83477,12.0,01062867,CFS,108147877467.0,91846036401.0,-11633271293.0,-10531167635.0,17.75,-10.47
215000,골프존,KOSDAQ,1118,141,209,5.0,2444,6275,12.0,01067516,CFS,409922658116.0,556966913844.0,96484695664.0,137533889903.0,-26.4,-29.85
215090,솔디펜스,KOSDAQ,87,-8,-6,0.0,350,23155,12.0,01063884,CFS,25822925100.0,21756567908.0,1771747340.0,3032802358.0,18.69,-41.58
215100,로보로보,KOSDAQ,28,-10,-11,-8.0,781,20348,12.0,01063990,CFS,8294596296.0,8937752877.0,-1848887940.0,-1195920308.0,-7.2,-54.6
215200,메가스터디교육,KOSDAQ,2365,260,302,18.0,3907,10365,12.0,01074862,CFS,760276222499.0,826984023270.0,103732310030.0,111241170726.0,-8.07,-6.75
215360,우리산업,KOSDAQ,1199,43,58,14.0,564,9132,12.0,01077577,CFS,517100624295.0,493778862924.0,17883135014.0,13793795007.0,4.72,29.65
215380,우정바이오,KOSDAQ,432,18,2,1.0,424,16829,12.0,01065013,CFS,37587048396.0,43199732726.0,-3904140658.0,1784598077.0,-12.99,-318.77
215480,토박스코리아,KOSDAQ,99,8,8,-1.0,175,8950,12.0,01064069,CFS,33755140241.0,32370254738.0,1528109810.0,3289841278.0,4.28,-53.55
215600,신라젠,KOSDAQ,29,-56,-49,-21.0,2798,138553,12.0,00919966,CFS,7272755099.0,3926654280.0,-21367828562.0,-21591060824.0,85.22,1.03
215790,이노인스트루먼트,KOSDAQ,79,-3,-10,-21.0,300,40283,12.0,01065679,CFS,19312927747.0,18435282865.0,-5979881695.0,-3599953032.0,4.76,-66.11
216050,인크로스,KOSDAQ,105,15,26,9.0,579,12198,12.0,00819073,CFS,43232073725.0,42859748613.0,11298870518.0,9312855463.0,0.87,21.33
216080,제테마,KOSDAQ,160,-7,-23,-7.0,1573,37287,12.0,01222867,CFS,73616988293.0,63997825311.0,7985972034.0,9374833526.0,15.03,-14.81
217190,제너셈,KOSDAQ,67,-25,-20,1.0,689,13153,12.0,00666204,CFS,56494211834.0,67409905480.0,1138093239.0,7093696794.0,-16.19,-83.96
217270,넵튠,KOSDAQ,314,17,75,-12.0,1042,46735,12.0,01067808,CFS,30182090479.0,25518258147.0,2370510545.0,2976102884.0,18.28,-20.35
217330,싸이토젠,KOSDAQ,64,-15,-13,-28.0,689,23129,12.0,01046391,CFS,12497898555.0,5269470711.0,-7772541554.0,-9163322303.0,137.18,15.18
217480,에스디생명공학,KOSDAQ,61,-11,-10,-26.0,547,109733,12.0,01099667,CFS,26082959873.0,27315022442.0,-5059067984.0,-6421791182.0,-4.51,21.22
217500,러셀,KOSDAQ,50,-3,6,-3.0,430,31812,12.0,01068348,CFS,17212798102.0,23257604567.0,-1130706120.0,2400696072.0,-25.99,-147.1
217730,강스템바이오텍,KOSDAQ,8,-46,-46,0.0,1979,94054,12.0,01025644,CFS,3572463936.0,7745823635.0,-17694780277.0,-15356648178.0,-53.88,-15.23
217820,원익피앤이,KOSDAQ,273,-61,-58,-15.0,818,47454,12.0,01020843,CFS,373765329207.0,277380278341.0,11877436686.0,-41303789675.0,34.75,128.76
218150,미래생명자원,KOSDAQ,170,4,5,-8.0,502,20415,12.0,01071944,CFS,48788596806.0,47256702139.0,602028603.0,572095829.0,3.24,5.23
218410,RFHIC,KOSDAQ,431,77,108,9.0,11564,26553,12.0,01078178,CFS,128253123681.0,71468874694.0,23456956584.0,1349815377.0,79.45,1637.79
219130,타이거일렉,KOSDAQ,618,-19,5,1.0,4792,6314,12.0,00617314,CFS,80678580109.0,61822374891.0,7219453124.0,-1917120511.0,30.5,476.58
219420,링크제니시스,KOSDAQ,39,12,26,10.0,372,11469,12.0,01109955,CFS,11748957637.0,10984996759.0,1254071283.0,524717186.0,6.95,139.0
219550,디와이디,KOSDAQ,449,-5,-137,0.0,483,38673,12.0,01089378,CFS,44903125580.0,37382987970.0,-313460518.0,-49609839.0,20.12,-531.85
219750,한국비티비,KOSDAQ,301,10,0,-1.0,252,13085,12.0,01031229,CFS,32030669908.0,30135373919.0,-2851743340.0,987995029.0,6.29,-388.64
220100,퓨쳐켐,KOSDAQ,64,-22,-20,-21.0,1699,22427,12.0,01053540,CFS,8547760075.0,8322238842.0,-10010525458.0,-10691736997.0,2.71,6.37
220180,핸디소프트,KOSDAQ,59,-5,5,2.0,321,23930,12.0,00793155,CFS,27790119067.0,24893826404.0,1147493271.0,718203110.0,11.63,59.77
220260,켐트로스,KOSDAQ,0,0,0,0.0,1024,32072,12.0,01089350,CFS,56809696904.0,50308795651.0,1048331370.0,3787073763.0,12.92,-72.32
221800,지구홀딩스,KOSDAQ,70,-16,-4,0.0,760,16318,12.0,01026616,CFS,25593121755.0,25040388758.0,-2357982614.0,-3126636515.0,2.21,24.58
221840,하이즈항공,KOSDAQ,203,12,12,6.0,343,18700,12.0,00688358,CFS,56394739603.0,54641596190.0,3357813132.0,-3106881633.0,3.21,208.08
221980,케이디켐,KOSDAQ,163,20,14,3.0,385,4034,12.0,00370918,CFS,62428850868.0,61907798844.0,6765134238.0,7034605121.0,0.84,-3.83
222040,코스맥스엔비티,KOSDAQ,933,103,113,-6.0,1691,20628,12.0,00656289,CFS,206940425100.0,209007220093.0,16721312798.0,25159675273.0,-0.99,-33.54
222080,SFA넥셀,KOSDAQ,534,22,81,4.0,5343,77780,12.0,01090471,CFS,406240741630.0,508365110521.0,33506146344.0,59584904022.0,-20.09,-43.77
222110,팬젠,KOSDAQ,147,10,10,5.0,620,13514,12.0,00962922,CFS,13416632780.0,14672686810.0,1506235749.0,1020165959.0,-8.56,47.65
222420,쎄노텍,KOSDAQ,0,0,0,0.0,407,48418,12.0,01091054,CFS,35638307740.0,31548983520.0,3169827293.0,954775109.0,12.96,232.0
222800,심텍,KOSDAQ,4224,137,234,-23.0,37801,37463,12.0,01095722,CFS,1097089873840.0,949490447607.0,13654590885.0,-39567049188.0,15.55,134.51
222980,한국맥널티,KOSDAQ,235,1,5,-1.0,241,11031,12.0,00579139,CFS,46551432496.0,49641869503.0,-1317761818.0,1641167056.0,-6.23,-180.29
223250,드림씨아이에스,KOSDAQ,174,5,-2,8.0,696,24600,12.0,00916826,CFS,49348048751.0,45284542257.0,3915911025.0,4073811640.0,8.97,-3.88
223310,사토시홀딩스,KOSDAQ,62,-14,-104,-282.0,202,5204,12.0,01075126,CFS,14458856499.0,15733892592.0,-5029965305.0,-3504866252.0,-8.1,-43.51
224060,더코디,KOSDAQ,52,-39,-40,32.0,221,5160,12.0,00530413,CFS,17512528940.0,10051563956.0,858773029.0,-488219338.0,74.23,275.9
224110,에이텍모빌리티,KOSDAQ,128,9,14,11.0,402,5080,12.0,01099861,CFS,64276763286.0,42823602334.0,6170645077.0,2831449626.0,50.1,117.93
225190,LK삼양,KOSDAQ,32,-29,-28,-66.0,429,70468,12.0,00992543,CFS,21406322851.0,32015353229.0,-16518447465.0,-3069734769.0,-33.14,-438.11
225220,제놀루션,KOSDAQ,25,-14,4,-12.0,247,19190,12.0,01062177,CFS,7768878784.0,6933975387.0,-6887629399.0,-8466601149.0,12.04,18.65
225430,케이엠제약,KOSDAQ,145,-26,-42,-13.0,77,5577,12.0,01095704,CFS,15989987109.0,14474795637.0,-2922979774.0,-2569066609.0,10.47,-13.78
225530,HC보광산업,KOSDAQ,79,-15,-18,-2.0,702,36338,12.0,00568461,CFS,38493462752.0,63877146203.0,-4637015068.0,9106904071.0,-39.74,-150.92
225570,넥슨게임즈,KOSDAQ,415,-211,-199,-30.0,5354,65860,12.0,01096341,CFS,174436770378.0,252000818561.0,-63378370553.0,35785564249.0,-30.78,-277.11
225590,패션플랫폼,KOSDAQ,271,32,32,5.0,165,5121,12.0,01101041,CFS,97941048545.0,90346253500.0,8901445939.0,8290047520.0,8.41,7.38
226330,신테카바이오,KOSDAQ,4,-35,-35,-59.0,340,24258,12.0,01344336,CFS,3423960811.0,120887133.0,-7984316977.0,-12879385157.0,2732.36,38.01
226340,본느,KOSDAQ,93,-21,-21,-34.0,121,8390,12.0,01098792,CFS,21558829324.0,40198269925.0,-3634910103.0,2553289876.0,-46.37,-242.36
226400,오스테오닉,KOSDAQ,129,23,34,14.0,945,20661,12.0,01082348,CFS,44899839612.0,33521711935.0,9109008935.0,6756052180.0,33.94,34.83
226590,엠디바이스,KOSDAQ,205,32,-106,0.0,1177,10716,12.0,01022142,CFS,96491049515.0,48305247339.0,11737218243.0,4786530564.0,99.75,145.21
226950,올릭스,KOSDAQ,36,-108,-98,-14.0,22923,20992,12.0,01113718,CFS,,,-26630120296.0,-25727988364.0,,-3.51
227610,아우딘퓨쳐스,KOSDAQ,96,-3,-5,-16.0,277,19374,12.0,01080687,CFS,42385393255.0,34578874154.0,-1763913280.0,-3568570996.0,22.58,50.57
227950,엔투텍,KOSDAQ,78,-18,-33,4.0,393,34508,12.0,01105621,CFS,20818089625.0,13424011123.0,1983660439.0,-3557495295.0,55.08,155.76
228340,동양파일,KOSDAQ,566,-44,-33,-4.0,528,20000,12.0,00993931,CFS,55925560654.0,56562644985.0,-4747883002.0,-4415778041.0,-1.13,-7.52
228670,레이,KOSDAQ,257,-34,21,5.0,726,15640,12.0,00828761,CFS,68172780774.0,56904898279.0,1900590181.0,-44803023980.0,19.8,104.24
228760,지노믹트리,KOSDAQ,4,-30,-20,-7.0,2930,24859,12.0,01108248,CFS,3817031382.0,3175302519.0,-7828366562.0,-10818098802.0,20.21,27.64
228850,레이언스,KOSDAQ,368,36,69,0.0,995,16591,12.0,00899459,CFS,78784852539.0,93801599830.0,404179420.0,8603957625.0,-16.01,-95.3
229000,젠큐릭스,KOSDAQ,51,-85,-41,-29.0,355,23428,12.0,01051472,CFS,7548219535.0,5133768897.0,-6567914795.0,-8529370119.0,47.03,23.0
230240,에치에프알,KOSDAQ,163,-57,-79,-6.0,2049,13309,12.0,01108442,CFS,81482377078.0,101524505472.0,3036992739.0,-14145481415.0,-19.74,121.47
232140,와이씨,KOSDAQ,333,40,66,6.0,7900,82045,12.0,01109539,CFS,182484836517.0,152886276710.0,393564965.0,4921828045.0,19.36,-92.0
232680,라온로보틱스,KOSDAQ,142,9,13,13.0,1100,13257,12.0,00911229,CFS,53936050640.0,49240287501.0,4315115628.0,2554124997.0,9.54,68.95
232830,아이티센피엔에스,KOSDAQ,539,-8,-21,-42.0,224,16533,12.0,01113499,CFS,22400390784.0,18649330852.0,-1765884385.0,-2315611187.0,20.11,23.74
234030,싸이닉솔루션,KOSDAQ,404,0,15,0.0,709,23605,12.0,00874168,CFS,150011381878.0,162573090196.0,2392030590.0,5099436571.0,-7.73,-53.09
234100,폴라리스세원,KOSDAQ,545,12,51,1.0,379,14601,12.0,00617998,CFS,87081775135.0,83484524361.0,1191652229.0,2526782141.0,4.31,-52.84
234300,에스트래픽,KOSDAQ,155,-43,-38,2.0,778,27207,12.0,01014055,CFS,125941973660.0,146139432279.0,5217710334.0,4027706183.0,-13.82,29.55
234340,헥토파이낸셜,KOSDAQ,575,91,98,8.0,2289,13970,12.0,00763701,CFS,164693533383.0,144172066614.0,18733891549.0,15825484943.0,14.23,18.38
234690,녹십자웰빙,KOSDAQ,491,48,-34,2.0,1410,17963,12.0,01135057,CFS,151875934232.0,127928690890.0,19337003776.0,14686482981.0,18.72,31.67
234920,자이글,KOSDAQ,121,-49,-67,-24.0,718,13530,12.0,01020524,CFS,8229529017.0,12070713092.0,-3655835248.0,-4893935821.0,-31.82,25.3
235980,메드팩토,KOSDAQ,13,-42,-38,-27.0,899,34275,12.0,01336373,CFS,3898477868.0,0.0,-13921759856.0,-21619969871.0,,35.61
236200,슈프리마,KOSDAQ,311,54,109,13.0,3298,6974,12.0,01124653,CFS,123264393658.0,99548069211.0,31825162658.0,25403238033.0,23.82,25.28
236810,엔비티,KOSDAQ,221,-16,-15,-18.0,170,16975,12.0,01051065,CFS,,,-6475135776.0,-3453850804.0,,-87.48
237690,에스티팜,KOSDAQ,670,115,177,12.0,23798,20875,12.0,00871833,CFS,293178341057.0,244072360024.0,56902077292.0,38142747956.0,20.12,49.18
237750,피앤씨테크,KOSDAQ,149,6,1,0.0,259,6496,12.0,00525864,CFS,27609157326.0,34734455092.0,20016706.0,1792227100.0,-20.51,-98.88
237820,플레이디,KOSDAQ,90,-1,4,0.0,363,12827,12.0,00862853,CFS,38555931352.0,38614111514.0,6422463389.0,4001982311.0,-0.15,60.48
237880,클리오,KOSDAQ,783,58,86,7.0,1798,18071,12.0,00957735,CFS,317427787811.0,340940959664.0,18847422135.0,25399181103.0,-6.9,-25.8
238090,앤디포스,KOSDAQ,130,13,21,3.0,650,30490,12.0,00942131,CFS,44075731252.0,48134173254.0,3261820576.0,1314751004.0,-8.43,148.09
238120,얼라인드,KOSDAQ,36,2,3,8.0,418,14218,12.0,01073678,CFS,12807256919.0,13462962155.0,1932528269.0,2511420205.0,-4.87,-23.05
238200,비피도,KOSDAQ,25,-6,-14,-4.0,199,8180,12.0,01109070,CFS,18757505839.0,12080160540.0,1493584975.0,-4278548057.0,55.28,134.91
238490,힘스,KOSDAQ,613,2,19,4.0,243,11312,12.0,00556712,CFS,,,-7530927546.0,168690245.0,,-4564.35
239340,이스트에이드,KOSDAQ,41,-19,-19,-40.0,172,26979,12.0,01128622,CFS,4631379819.0,6047395418.0,-6050720433.0,-4887594966.0,-23.42,-23.8
239610,에이치엘사이언스,KOSDAQ,21,-22,-20,-13.0,291,5392,12.0,01011438,CFS,14591439745.0,16679079908.0,-11073394778.0,-9833323914.0,-12.52,-12.61
239890,피엔에이치테크,KOSDAQ,336,25,30,7.0,335,9935,12.0,01112889,,,,,,,
240550,동방메디컬,KOSDAQ,314,61,65,11.0,1153,20933,12.0,01073261,CFS,89497153009.0,84303065815.0,15588771130.0,12299235376.0,6.16,26.75
240600,유진테크놀로지,KOSDAQ,78,-17,-11,-17.0,150,6928,12.0,01085026,CFS,21019986344.0,22835509180.0,-5882770949.0,-2373477739.0,-7.95,-147.85
240810,원익IPS,KOSDAQ,1649,107,265,12.0,56986,49083,12.0,01135941,CFS,909820766098.0,748297156681.0,73108526366.0,10021654667.0,21.59,629.51
241520,DSC인베스트먼트,KOSDAQ,124,46,46,18.0,1971,26600,12.0,01109715,CFS,38930435154.0,34682314220.0,21598631415.0,15967814584.0,12.25,35.26
241690,유니테크노,KOSDAQ,284,15,11,-2.0,606,24470,12.0,00531865,CFS,99782210000.0,99168826000.0,1938208000.0,7011215000.0,0.62,-72.36
241710,코스메카코리아,KOSDAQ,1851,219,255,23.0,8650,10680,12.0,00763473,CFS,441498750150.0,328663642736.0,48060491361.0,44466954050.0,34.33,8.08
241770,메카로,KOSDAQ,255,41,58,7.0,3062,10192,12.0,00652007,CFS,94610797133.0,62841291721.0,20644369009.0,9218991404.0,50.56,123.93
241790,티이엠씨씨엔에스,KOSDAQ,233,-36,-27,2.0,465,10002,12.0,01113754,CFS,127724280030.0,97931052116.0,15984789057.0,13504676495.0,30.42,18.36
241820,피씨엘,KOSDAQ,49,-40,-44,-179.0,168,2782,12.0,01051092,,,,,,,
241840,에이스토리,KOSDAQ,67,-12,-9,-14.0,213,9539,12.0,00975290,CFS,9617217162.0,12755374761.0,-7236465885.0,-3389587792.0,-24.6,-113.49
242040,나무기술,KOSDAQ,370,4,10,-4.0,1315,34606,12.0,01136348,CFS,39722616688.0,44423914307.0,-795369912.0,-1732691121.0,-10.58,54.1
243070,휴온스,KOSDAQ,1419,-6,6,8.0,3060,11979,12.0,01159853,CFS,521054561136.0,529039863489.0,46181434360.0,43970236366.0,-1.51,5.03
243840,신흥에스이씨,KOSDAQ,1237,16,103,2.0,1588,38558,12.0,00807379,CFS,164460221494.0,170752287902.0,9310866512.0,12580400261.0,-3.68,-25.99
244460,올리패스,KOSDAQ,1,-18,-19,0.0,134,8125,12.0,01070149,CFS,816018331.0,756033925.0,-7390044360.0,-10119335666.0,7.93,26.97
245620,EDGC,KOSDAQ,16,-13,247,376.0,1671,225531,12.0,01182550,CFS,7886099045.0,13463890849.0,-1592620147.0,-9407604707.0,-41.43,83.07
246250,에스엘에스바이오,KOSDAQ,84,3,4,3.0,302,15348,12.0,01112700,CFS,3983968955.0,8371294818.0,-4105399044.0,287619944.0,-52.41,-1527.37
246690,TS인베스트먼트,KOSDAQ,49,-27,-26,5.0,330,23778,12.0,00778235,CFS,17861916778.0,13431503712.0,,,32.99,
246710,티앤알바이오팹,KOSDAQ,87,-9,-17,-155.0,972,47664,12.0,01109937,CFS,7579626819.0,4873728487.0,-11075040361.0,-13295617591.0,55.52,16.7
246720,아스타,KOSDAQ,0,0,0,0.0,994,16381,12.0,01157235,CFS,2594819140.0,3354706693.0,-2589698780.0,-4018724616.0,-22.65,35.56
246960,SCL사이언스,KOSDAQ,77,-6,-10,-13.0,579,34017,12.0,01110182,CFS,15564429015.0,4737116055.0,-2310774845.0,-3658164479.0,228.56,36.83
247540,에코프로비엠,KOSDAQ,6054,209,124,3.0,103602,97830,12.0,01160363,CFS,964951507323.0,693442524615.0,18027054327.0,-135003566727.0,39.15,113.35
247660,나노씨엠에스,KOSDAQ,46,-89,-88,-38.0,121,4343,12.0,00660459,CFS,5289045322.0,4649686964.0,-1993106002.0,-8858163812.0,13.75,77.5
250000,보라티알,KOSDAQ,258,15,-5,0.0,354,6750,12.0,01124680,CFS,102455652297.0,91145408686.0,10495882304.0,11671762184.0,12.41,-10.07
250060,모비스,KOSDAQ,50,-24,-63,32.0,797,32171,12.0,01165155,CFS,5097704071.0,5026430528.0,-2935210411.0,-2393806350.0,1.42,-22.62
250930,예선테크,KOSDAQ,105,8,11,7.0,122,33000,12.0,01166109,CFS,17240595951.0,21390925630.0,618285691.0,-9034016929.0,-19.4,106.84
251120,바이오에프디엔씨,KOSDAQ,161,49,52,7.0,695,8695,12.0,01160974,CFS,19179051492.0,16066431824.0,6252759756.0,4852581238.0,19.37,28.85
251370,와이엠티,KOSDAQ,350,26,33,0.0,1576,18013,12.0,00602172,CFS,86250659985.0,76761660283.0,3043167675.0,-4874128370.0,12.36,162.44
251630,브이원텍,KOSDAQ,189,-48,-35,-8.0,539,15942,12.0,01027794,CFS,20107903661.0,41460953284.0,-6868162668.0,3598867608.0,-51.5,-290.84
251970,펌텍코리아,KOSDAQ,918,130,239,13.0,4898,12400,12.0,00761059,CFS,281499370717.0,254004136047.0,41927102479.0,35359661737.0,10.82,18.57
252500,세화피앤씨,KOSDAQ,88,-9,-12,0.0,190,41486,12.0,01169267,CFS,37645110414.0,43868375036.0,626800433.0,2740861244.0,-14.19,-77.13
252990,샘씨엔에스,KOSDAQ,0,0,0,0.0,8912,60217,12.0,01199727,CFS,77985021913.0,53315552043.0,14666259843.0,5200613544.0,46.27,182.01
253450,스튜디오드래곤,KOSDAQ,1553,64,85,2.0,5924,30058,12.0,01168684,CFS,525755920507.0,531693413619.0,37498299476.0,39807655653.0,-1.12,-5.8
253590,네오셈,KOSDAQ,145,6,24,5.0,4075,43869,12.0,01170865,CFS,60849545703.0,102336169426.0,4683772394.0,15209137347.0,-40.54,-69.2
253840,수젠텍,KOSDAQ,23,-47,-43,-29.0,665,16743,12.0,01063954,CFS,9261578730.0,10079032550.0,-16699459285.0,-19700895559.0,-8.11,15.24
254120,자비스,KOSDAQ,53,-8,-6,-16.0,246,30754,12.0,01174038,CFS,27443228882.0,37726287927.0,-3600247201.0,1634980745.0,-27.26,-320.2
254490,미래반도체,KOSDAQ,4876,102,76,7.0,2190,14438,12.0,00299844,CFS,635582299292.0,487630862852.0,19075676565.0,10234073750.0,30.34,86.39
255220,SG,KOSDAQ,90,-60,-100,-13.0,1327,109563,12.0,00963976,CFS,49445822622.0,51435881203.0,686206144.0,-3555720453.0,-3.87,119.3
255440,야스,KOSDAQ,326,52,55,4.0,912,13058,12.0,00875307,CFS,34069551766.0,28292660890.0,-6128781213.0,-9242472714.0,20.42,33.69
256150,한독크린텍,KOSDAQ,682,35,45,6.0,373,8395,12.0,01069736,CFS,69443700454.0,68243493085.0,2816572692.0,3495586060.0,1.76,-19.42
256630,포인트엔지니어링,KOSDAQ,58,-21,-11,-11.0,526,11599,12.0,01179608,CFS,34144221410.0,29425216656.0,808905286.0,-1329236462.0,16.04,160.85
256840,한국비엔씨,KOSDAQ,207,-15,-12,-1.0,1600,68394,12.0,01179617,CFS,70575023200.0,63861113182.0,5165045851.0,10406359044.0,10.51,-50.37
256940,킵스파마,KOSDAQ,594,-7,57,-4.0,1152,20078,12.0,01037214,CFS,32647872364.0,4977559744.0,938545140.0,-2147153305.0,555.9,143.71
257370,피엔티엠에스,KOSDAQ,262,12,14,6.0,243,12504,12.0,01144569,CFS,11082330000.0,26217506855.0,-2124801207.0,1180029330.0,-57.73,-280.06
257720,실리콘투,KOSDAQ,3466,645,717,45.0,23377,65576,12.0,00982023,CFS,1119824438302.0,663051849374.0,188281513514.0,132115366674.0,68.89,42.51
258610,케일럼,KOSDAQ,266,9,15,-4.0,369,36485,12.0,00961507,CFS,13531031150.0,23984447279.0,-2647195905.0,1645344635.0,-43.58,-260.89
258790,소프트캠프,KOSDAQ,46,-11,-12,21.0,209,4998,12.0,01182408,CFS,25247307420.0,16603879075.0,3144010330.0,-1434813876.0,52.06,319.12
258830,세종메디칼,KOSDAQ,49,9,10,-5.0,312,75786,12.0,00959229,CFS,18368659417.0,17029729244.0,2613725519.0,1164304975.0,7.86,124.49
259630,엠플러스,KOSDAQ,510,102,134,29.0,1107,12222,12.0,00833064,CFS,184589487485.0,128362494774.0,24840374984.0,9158386692.0,43.8,171.23
260660,알리코제약,KOSDAQ,0,0,0,0.0,353,15327,12.0,00447007,CFS,201203501691.0,190435818369.0,989238752.0,-5159033074.0,5.65,119.17
260930,씨티케이,KOSDAQ,245,-17,-48,-7.0,502,19341,12.0,01144028,CFS,67858176256.0,69505721686.0,3145927775.0,3566370376.0,-2.37,-11.79
260970,에스앤디,KOSDAQ,1161,201,207,22.0,1504,2892,12.0,00560849,CFS,150937281130.0,116139400246.0,23006354812.0,20115808777.0,29.96,14.37
261200,덴티스,KOSDAQ,302,31,64,-14.0,399,15809,12.0,01187494,CFS,92688935704.0,94587802962.0,925271485.0,2866133678.0,-2.01,-67.72
261520,이지스,KOSDAQ,0,0,0,0.0,419,10277,12.0,01211889,CFS,21250116427.0,30275625425.0,-6798876860.0,2387692657.0,-29.81,-384.75
261780,아리바이오랩,KOSDAQ,0,0,0,0.0,661,28013,12.0,01141599,CFS,158616000.0,370658340.0,-14271049992.0,-7696424811.0,-57.21,-85.42
262260,에이프로,KOSDAQ,439,-10,3,-10.0,413,15077,12.0,00604268,CFS,141602239991.0,197497392255.0,3109707608.0,9113651313.0,-28.3,-65.88
262840,아이퀘스트,KOSDAQ,105,6,59,15.0,315,10566,12.0,01146822,CFS,18235876146.0,15603407605.0,4079376180.0,2971453307.0,16.87,37.29
263020,디케이앤디,KOSDAQ,397,22,27,11.0,422,13836,12.0,00892526,CFS,52423367086.0,42527784484.0,5008179480.0,3124344683.0,23.27,60.3
263050,유틸렉스,KOSDAQ,13,-26,-27,-91.0,353,36834,12.0,01110678,CFS,10664415483.0,8518852727.0,-17493967433.0,-23846695367.0,25.19,26.64
263600,덕우전자,KOSDAQ,519,15,211,21.0,485,15930,12.0,00571298,CFS,159686123391.0,145426706523.0,4995403970.0,-274991261.0,9.81,1916.57
263690,디알젬,KOSDAQ,273,27,50,11.0,555,11325,12.0,00966168,CFS,99665641313.0,101444716613.0,10072069111.0,9321141436.0,-1.75,8.06
263700,케어랩스,KOSDAQ,205,7,4,-10.0,365,19414,12.0,01187148,CFS,,,-5668514921.0,-4160329801.0,,-36.25
263720,디앤씨미디어,KOSDAQ,174,35,39,9.0,816,12412,12.0,01186404,CFS,79606062082.0,75041995132.0,17694701381.0,12530338684.0,6.08,41.21
263750,펄어비스,KOSDAQ,3285,2121,2280,17.0,20958,62843,12.0,01152470,CFS,249031725520.0,250392967275.0,24152596190.0,26377526300.0,-0.54,-8.43
263770,유에스티,KOSDAQ,748,69,69,7.0,350,23700,12.0,01196313,CFS,57966763324.0,73202022857.0,2332295667.0,6724128881.0,-20.81,-65.31
263800,데이타솔루션,KOSDAQ,1101,1,3,1.0,980,16225,12.0,00877819,CFS,103815906948.0,110082857620.0,1217275135.0,58404986.0,-5.69,1984.2
263810,상신전자,KOSDAQ,355,-6,3,3.0,390,15924,12.0,00760999,CFS,119985901974.0,115335242626.0,2049119930.0,343908897.0,4.03,495.83
263860,지니언스,KOSDAQ,117,17,21,15.0,1068,9079,12.0,00962223,CFS,47178442068.0,48180802799.0,7498116968.0,10152044590.0,-2.08,-26.14
263920,휴엠앤씨,KOSDAQ,145,8,12,5.0,390,9809,12.0,01185566,CFS,52307212214.0,47228709530.0,3047187430.0,5383548712.0,10.75,-43.4
264450,유비쿼스,KOSDAQ,229,37,90,15.0,1378,14665,12.0,01203376,CFS,116437333574.0,103793093868.0,23174647432.0,12647771196.0,12.18,83.23
264660,씨앤지하이테크,KOSDAQ,171,-22,-13,12.0,1207,9721,12.0,00605328,CFS,195545245943.0,150502417041.0,24703467252.0,13377994667.0,29.93,84.66
264850,이랜시스,KOSDAQ,191,12,18,9.0,1425,30294,12.0,01199189,CFS,51881753651.0,50591135386.0,2355413231.0,2561868675.0,2.55,-8.06
265520,AP시스템,KOSDAQ,1961,180,258,11.0,2879,15050,12.0,01203808,CFS,455612373698.0,512729397507.0,34116863569.0,48044919496.0,-11.14,-28.99
265560,영화테크,KOSDAQ,244,31,98,25.0,751,10690,12.0,00659976,CFS,117804312951.0,91992587665.0,20656384351.0,15372423943.0,28.06,34.37
265740,엔에프씨,KOSDAQ,0,0,0,0.0,881,17863,12.0,01217829,CFS,71621774017.0,40225556510.0,12518073298.0,-7088436609.0,78.05,276.6
267320,나인테크,KOSDAQ,198,15,11,-17.0,1070,57415,12.0,01208849,CFS,67820312836.0,184811406732.0,-9342423557.0,3913855545.0,-63.3,-338.7
267790,배럴,KOSDAQ,101,4,0,9.0,233,7689,12.0,01182240,CFS,59141353424.0,64466115398.0,7112815985.0,9814774630.0,-8.26,-27.53
267980,매일유업,KOSDAQ,4699,188,254,11.0,2475,7663,12.0,01234507,CFS,1758440909198.0,1734621132778.0,66386311998.0,82443444352.0,1.37,-19.48
269620,시스웍,KOSDAQ,24,2,6,-36100000.0,1320,148582,12.0,01188378,CFS,7800439477.0,13007110653.0,-3820813276.0,336057954.0,-40.03,-1236.95
270520,앱튼,KOSDAQ,45,-18,-132,-55.0,565,19658,12.0,01228515,CFS,16895496082.0,18377623948.0,-9720296714.0,-10874671537.0,-8.06,10.62
270660,에브리봇,KOSDAQ,80,-18,-12,-20.0,1600,12690,12.0,01201590,CFS,32907822573.0,29716597791.0,-2516277987.0,-2112881128.0,10.74,-19.09
270870,뉴트리,KOSDAQ,259,0,4,-3.0,425,9200,12.0,01214248,CFS,91385125530.0,107594303985.0,-3882081996.0,-2794584224.0,-15.07,-38.91
271830,팸텍,KOSDAQ,51,-30,-28,-10.0,286,29490,12.0,01146220,CFS,36256948817.0,42449240380.0,-6814654552.0,-4076907420.0,-14.59,-67.15
272110,케이엔제이,KOSDAQ,349,75,67,31.0,2162,8025,12.0,00769158,CFS,83332614018.0,61187942085.0,22382787384.0,15549141259.0,36.19,43.95
272290,이녹스첨단소재,KOSDAQ,951,169,202,12.0,4007,19937,12.0,01237540,CFS,397080900924.0,399987133307.0,88191974317.0,89547578390.0,-0.73,-1.51
273060,와이즈버즈,KOSDAQ,118,29,15,8.0,418,50459,12.0,01236532,CFS,17345111813.0,11164613826.0,1507299639.0,-1915432895.0,55.36,178.69
273640,와이엠텍,KOSDAQ,140,5,5,0.0,538,10966,12.0,01215618,CFS,29109108272.0,30912078450.0,1743145251.0,4315265949.0,-5.83,-59.61
274090,켄코아에어로스페이스,KOSDAQ,292,2,17,-8.0,1234,13774,12.0,01158553,CFS,33289198397.0,50849943868.0,-14735997580.0,-9251595855.0,-34.53,-59.28
274400,이노시뮬레이션,KOSDAQ,93,-48,-60,-26.0,174,9086,12.0,00965318,CFS,14252194849.0,9336213422.0,-1989301905.0,-4813302769.0,52.65,58.67
275630,에스에스알,KOSDAQ,18,-13,-8,-8.0,211,5253,12.0,01250374,CFS,11236500799.0,10547443824.0,754182555.0,-187018166.0,6.53,503.27
276040,스코넥,KOSDAQ,7,-17,-7,-148.0,70,21630,12.0,01290248,CFS,,,-7818175274.0,-7428644852.0,,-5.24
276730,한울앤제주,KOSDAQ,33,-19,-31,-135.0,407,2284,12.0,01230255,CFS,12046627186.0,18197507858.0,-3427208397.0,-4375394380.0,-33.8,21.67
277070,린드먼아시아,KOSDAQ,23,11,11,6.0,404,13692,12.0,00616962,CFS,6453012630.0,7495970099.0,3602719383.0,4209661948.0,-13.91,-14.42
277410,인산가,KOSDAQ,100,-3,-2,1.0,214,3841,12.0,01243161,CFS,35535020799.0,32661660428.0,2885855875.0,932830237.0,8.8,209.37
277810,레인보우로보틱스,KOSDAQ,91,-16,-9,1.0,79830,19399,12.0,01261644,CFS,34010897612.0,19743355612.0,-1911576570.0,-2324960890.0,72.27,17.78
277880,티에스아이,KOSDAQ,509,38,120,9.0,599,19843,12.0,01139035,CFS,264443612193.0,271986540655.0,7897582690.0,15705362663.0,-2.77,-49.71
278280,천보,KOSDAQ,408,-34,-42,-17.0,3920,12253,12.0,00897752,CFS,68338250378.0,70870687716.0,10990883000.0,-398669463.0,-3.57,2856.89
278650,HLB바이오스텝,KOSDAQ,135,-26,-31,-18.0,329,17432,12.0,01189438,CFS,45743282887.0,34367364350.0,-5469623119.0,-10470102427.0,33.1,47.76
279600,미디어젠,KOSDAQ,120,-47,-48,-29.0,177,4684,12.0,01190124,CFS,22781312554.0,12016631514.0,-2231871542.0,-4674361271.0,89.58,52.25
281740,레이크머티리얼즈,KOSDAQ,332,42,32,9.0,7342,65730,12.0,01255652,CFS,141068662024.0,138653101693.0,11412336457.0,19947357121.0,1.74,-42.79
282720,금양그린파워,KOSDAQ,728,-80,-89,-1.0,782,12119,12.0,00872656,CFS,230924998907.0,194244967322.0,4541831111.0,-10252465764.0,18.88,144.3
282880,코윈테크,KOSDAQ,398,-10,55,3.0,1068,11694,12.0,01211232,CFS,130680711959.0,150867011957.0,8292359002.0,8794991262.0,-13.38,-5.71
284620,카이노스메드,KOSDAQ,4,-10,-13,-36100000.0,359,33086,12.0,01263527,CFS,1171631910.0,590366156.0,-4804370240.0,-7949714362.0,98.46,39.57
285490,노바텍,KOSDAQ,112,0,41,12.0,1136,10575,12.0,01259232,CFS,6995823136.0,7252689900.0,-5338811356.0,-4193497426.0,-3.54,-27.31
285800,진영,KOSDAQ,85,-1,-11,-7.0,173,17477,12.0,00816933,CFS,27992428941.0,33837761678.0,-2467359295.0,-2416845451.0,-17.27,-2.09
286750,나노실리칸첨단소재,KOSDAQ,20,-13,-14,-28.0,542,32028,12.0,01136001,CFS,5975377103.0,5294461479.0,-6173483073.0,-3462113747.0,12.86,-78.32
287840,인투셀,KOSDAQ,0,0,0,0.0,2969,15021,12.0,01374443,CFS,2299122477.0,2905033092.0,-10300409988.0,-9790200602.0,-20.86,-5.21
288180,케이피항공산업,KOSDAQ,137,6,7,0.0,557,7393,12.0,01101254,CFS,53922869222.0,50116089823.0,4916706847.0,4444061428.0,7.6,10.64
288330,파라택시스코리아,KOSDAQ,3,-21,-26,-90.0,441,106080,12.0,01227039,CFS,,,-14368034073.0,-16104074369.0,,10.78
288620,에스프리즘,KOSDAQ,24,-28,-32,-43.0,280,6979,12.0,01257872,CFS,15786204867.0,33569472002.0,-15009715917.0,-4013930568.0,-52.97,-273.94
288980,모아데이타,KOSDAQ,44,-23,-36,-84.0,285,36381,12.0,01423837,CFS,19251734346.0,32135688453.0,-5970074086.0,88899968.0,-40.09,-6815.5
289010,아이스크림에듀,KOSDAQ,683,-18,-26,-11.0,120,13945,12.0,00983934,CFS,91587213109.0,107627285871.0,1401677361.0,-1939876034.0,-14.9,172.26
289080,SV인베스트먼트,KOSDAQ,214,-27,-14,-1.0,1071,60138,3.0,00599151,CFS,19565725313.0,29732152702.0,,,-34.19,
289220,자이언트스텝,KOSDAQ,93,-56,-51,-32.0,269,22312,12.0,01264438,CFS,22546627831.0,32502205938.0,-16234817796.0,-12933325607.0,-30.63,-25.53
289930,웨이비스,KOSDAQ,294,-49,-55,-22.0,927,13149,12.0,01270749,CFS,40706149797.0,29395539959.0,627434552.0,-4858390502.0,38.48,112.91
290090,트윔,KOSDAQ,29,-17,-3,-4.0,297,7440,12.0,01217014,CFS,19880722025.0,28852581105.0,-3557478737.0,630760438.0,-31.1,-664.0
290120,DH오토리드,KOSDAQ,980,52,46,14.0,362,15825,12.0,01182578,CFS,206008253372.0,177651976287.0,5160677632.0,6999771140.0,15.96,-26.27
290270,휴네시온,KOSDAQ,52,-17,-18,11.0,243,9607,12.0,01251577,CFS,35318584380.0,35287752161.0,4570701888.0,3907493673.0,0.09,16.97
290520,신도기연,KOSDAQ,13,-13,6,6.0,238,15736,12.0,00961570,CFS,31714935745.0,10079146682.0,2416981188.0,-3405525678.0,214.66,170.97
290550,디케이티,KOSDAQ,1156,88,142,16.0,4380,20001,12.0,01137903,CFS,170134466349.0,135776987791.0,15611180480.0,14532583364.0,25.3,7.42
290560,파라택시스이더리움,KOSDAQ,0,0,0,0.0,251,22362,12.0,01130849,CFS,13997153284.0,11825525641.0,3631464763.0,2381138061.0,18.36,52.51
290650,엘앤씨바이오,KOSDAQ,303,60,30,-56.0,18015,26969,12.0,01181515,CFS,69422886562.0,56168863806.0,8463995203.0,1836289775.0,23.6,360.93
290660,다이나믹솔루션,KOSDAQ,31,-31,-59,-35.0,756,42837,12.0,01246034,CFS,3893949767.0,4436581779.0,-4331563176.0,-2298959492.0,-12.23,-88.41
290670,대보마그네틱,KOSDAQ,11,-19,-19,-106.0,393,7857,12.0,01259418,CFS,25011777955.0,28393852143.0,-10397838386.0,-9422893023.0,-11.91,-10.35
290690,소룩스,KOSDAQ,507,-66,-421,-58.0,2261,52599,12.0,00605522,CFS,38268314998.0,50689386299.0,-6717469974.0,-6618788188.0,-24.5,-1.49
290720,푸드나무,KOSDAQ,169,-70,-76,-16.0,1069,35459,12.0,01259311,CFS,77671283080.0,115054470166.0,-7369862723.0,-17688042002.0,-32.49,58.33
290740,액트로,KOSDAQ,487,-5,27,13.0,744,10065,12.0,01141942,CFS,74018464048.0,32816106416.0,4720453082.0,-1908708370.0,125.56,347.31
291230,엔피,KOSDAQ,47,-20,-21,-16.0,285,44095,12.0,01276901,CFS,,,-3476532458.0,-2946361388.0,,-17.99
291650,압타머사이언스,KOSDAQ,11,-71,-87,-43.0,579,61039,12.0,01265251,CFS,3504924224.0,1082811701.0,-7800955574.0,-7051549394.0,223.69,-10.63
291810,핀텔,KOSDAQ,106,-15,1,0.0,187,11368,12.0,01524507,CFS,5771786570.0,10643069877.0,-3232574054.0,-1528381677.0,-45.77,-111.5
293490,카카오게임즈,KOSDAQ,829,-255,-458,-9.0,8139,107245,12.0,01137383,CFS,433572148394.0,594261926473.0,15381671605.0,51068599826.0,-27.04,-69.88
293580,나우IB,KOSDAQ,67,3,4,-1.0,1177,94929,12.0,00651017,CFS,22310353998.0,28249704040.0,,,-21.02,
293780,압타바이오,KOSDAQ,10,-61,-64,-44.0,1164,28093,12.0,01251595,CFS,3151736080.0,3360980197.0,-15787181490.0,-18830842689.0,-6.23,16.16
294090,이오플로우,KOSDAQ,1,-34,-86,-36100000.0,622,41809,12.0,01274310,CFS,3669588357.0,5333909476.0,-18390926842.0,-60183417962.0,-31.2,69.44
294140,레몬,KOSDAQ,33,-21,-20,0.0,496,24914,12.0,01011395,CFS,7152139295.0,7288230562.0,-7031963592.0,-6283333118.0,-1.87,-11.91
294570,쿠콘,KOSDAQ,0,0,0,0.0,1694,10091,12.0,01311055,CFS,69459535152.0,73038223164.0,18859505780.0,16588584400.0,-4.9,13.69
294630,서남,KOSDAQ,14,-45,-39,-42.0,706,26499,12.0,00867973,CFS,3386486863.0,1405653733.0,-3857862253.0,-4466955298.0,140.92,13.64
295310,에이치브이엠,KOSDAQ,451,-68,-92,-17.0,4662,12046,12.0,01011368,CFS,66531544743.0,45140439641.0,5837442731.0,-6789016613.0,47.39,185.98
296640,이노에이엑스,KOSDAQ,71,5,6,8.0,235,5178,12.0,01341630,CFS,22351975804.0,22863001941.0,1246209915.0,2460482132.0,-2.24,-49.35
297090,씨에스베어링,KOSDAQ,288,18,28,12.0,988,27270,12.0,00765462,CFS,101255289125.0,98815632994.0,-1556845799.0,-1820898191.0,2.47,14.5
297570,아틀라스링크,KOSDAQ,166,27,28,0.0,351,34621,12.0,01309795,CFS,31032247340.0,30947059461.0,6380801734.0,4807349942.0,0.28,32.73
297890,HB솔루션,KOSDAQ,147,-11,179,15.0,1175,73140,12.0,00523936,CFS,61627839070.0,131280563789.0,4209731315.0,19153946508.0,-53.06,-78.02
298060,풍전약품,KOSDAQ,152,-15,-16,0.0,245,9637,12.0,01110474,CFS,3630834358.0,824800629.0,-4659174805.0,-11307752652.0,340.21,58.8
298380,에이비엘바이오,KOSDAQ,131,-172,-147,-15.0,38799,55987,12.0,01256864,CFS,79349848373.0,33403030159.0,-38897869497.0,-59066454640.0,137.55,34.15
298540,더네이쳐홀딩스,KOSDAQ,1128,-9,11,-1.0,899,14486,12.0,01214743,CFS,384562437416.0,427199244699.0,23908173340.0,34711504341.0,-9.98,-31.12
298830,슈어소프트테크,KOSDAQ,202,-4,-5,10.0,1975,53458,12.0,01012640,CFS,,,11004368259.0,9843637450.0,,11.79
299030,하나기술,KOSDAQ,83,-37,-37,-8.0,936,7994,12.0,00601191,CFS,92793492432.0,93262833711.0,465027702.0,-26286196742.0,-0.5,101.77
299170,더블유에스아이,KOSDAQ,119,-2,0,-8.0,516,41511,12.0,01318261,CFS,30890884163.0,32963960762.0,2415035413.0,3936110966.0,-6.29,-38.64
299660,셀리드,KOSDAQ,42,-120,-123,-27.0,304,29502,12.0,01235296,CFS,8841828282.0,4165091858.0,-11343055983.0,-11980498848.0,112.28,5.32
299900,위지윅스튜디오,KOSDAQ,137,-18,59,-16.0,398,171048,12.0,01276327,CFS,8702429802.0,10690395911.0,-1498335419.0,-2279431347.0,-18.6,34.27
300080,플리토,KOSDAQ,52,-1,2,45.0,1206,16505,12.0,01237434,CFS,30533079980.0,18612697975.0,4595222284.0,75300145.0,64.04,6002.54
300120,라온피플,KOSDAQ,399,-27,-34,-38.0,228,49504,12.0,01251489,CFS,15102074426.0,11315748762.0,-8748584434.0,-12085982107.0,33.46,27.61
301300,바이브컴퍼니,KOSDAQ,190,-38,-195,-35.0,180,13154,12.0,00403793,CFS,14725437326.0,21566716361.0,-3301548142.0,-5989311562.0,-31.72,44.88
302430,이노메트리,KOSDAQ,175,2,13,-2.0,565,9833,12.0,01258710,CFS,37045862582.0,52054946142.0,-5703408531.0,-7228086313.0,-28.83,21.09
302550,리메드,KOSDAQ,72,7,10,3.0,837,30907,12.0,01275665,CFS,23340126435.0,24673746902.0,3046736624.0,3220884335.0,-5.41,-5.41
303030,지니틱스,KOSDAQ,541,3,7,4.0,220,9157,12.0,01318933,CFS,36380023074.0,54075603095.0,-8552839558.0,282028983.0,-32.72,-3132.61
303360,프로티아,KOSDAQ,105,15,23,10.0,631,12879,12.0,01267958,CFS,15120258908.0,10514547438.0,3721214679.0,1501866324.0,43.8,147.77
303530,이노뎁,KOSDAQ,85,-36,-31,-8.0,182,7339,12.0,01264872,CFS,63106342033.0,77537570090.0,-1997400950.0,-2462479933.0,-18.61,18.89
303810,동국생명과학,KOSDAQ,1318,119,48,3.0,746,31984,12.0,01233465,CFS,130343747512.0,131816122285.0,13045359378.0,11916090535.0,-1.12,9.48
304100,솔트룩스,KOSDAQ,89,-49,-51,-15.0,1299,12593,12.0,01050738,CFS,17119408638.0,22652207953.0,-2752900915.0,634810937.0,-24.42,-533.66
304360,에스바이오메딕스,KOSDAQ,44,-30,-18,-88.0,2151,12385,12.0,01258020,CFS,106998000.0,655236147.0,-10948863628.0,-7116660578.0,-83.67,-53.85
304840,피플바이오,KOSDAQ,6,-15,-21,-84.0,212,24320,12.0,01118281,CFS,2850535918.0,2530624671.0,-8363454938.0,-8552310741.0,12.64,2.21
305090,마이크로디지탈,KOSDAQ,25,-39,-43,0.0,348,18620,12.0,01267967,CFS,12842770689.0,11533272625.0,-9171245064.0,279883032.0,11.35,-3376.81
306040,에스제이그룹,KOSDAQ,369,-39,-52,-9.0,172,9865,12.0,01222432,CFS,121235305503.0,138011931561.0,-12339798391.0,-164034378.0,-12.16,-7422.69
306620,지아이에스,KOSDAQ,139,-14,-18,-7.0,795,47942,12.0,01325429,CFS,26325015930.0,21979509708.0,325607084.0,-1637371778.0,19.77,119.89
307180,아이엘,KOSDAQ,252,2,-4,-51.0,1605,36915,12.0,01326279,CFS,20525710193.0,30028018260.0,-9473313291.0,3172540093.0,-31.64,-398.6
307280,원바이오젠,KOSDAQ,93,21,23,18.0,370,7094,12.0,01326224,CFS,31095635623.0,26263522068.0,8270474738.0,6661196458.0,18.4,24.16
307750,국전,KOSDAQ,347,27,-30,-8.0,1082,53986,12.0,01329957,CFS,130232188700.0,135952861011.0,-1347262304.0,3151975998.0,-4.21,-142.74
307870,비투엔,KOSDAQ,28,-14,-21,-31.0,634,74299,12.0,01326792,CFS,14631745174.0,25108999079.0,-5714393453.0,-2596816175.0,-41.73,-120.05
307930,컴퍼니케이,KOSDAQ,0,0,0,0.0,899,15610,12.0,00598198,CFS,21602359333.0,15072826895.0,,,43.32,
308080,바이젠셀,KOSDAQ,0,-27,-26,-20.0,1039,20499,12.0,01335790,CFS,22674300.0,278946254.0,-17108466056.0,-15330478633.0,-91.87,-11.6
308100,형지글로벌,KOSDAQ,82,6,-1,-70.0,107,24023,12.0,01181807,CFS,29342629566.0,32415882270.0,-7579120983.0,-9131908520.0,-9.48,17.0
308430,셀비온,KOSDAQ,23,-71,-73,-39.0,1557,12905,12.0,01275489,CFS,1945073476.0,2289802980.0,-8244608272.0,-7136638558.0,-15.05,-15.53
309710,아이티켐,KOSDAQ,127,-17,-43,-32.0,2684,12783,12.0,00914341,CFS,57152225641.0,48801698588.0,-120562781.0,5093211801.0,17.11,-102.37
309930,조이웍스앤코,KOSDAQ,212,34,30,-62.0,156,19255,12.0,01335453,CFS,44355488660.0,46250255338.0,-7157700438.0,-1952895185.0,-4.1,-266.52
309960,LB인베스트먼트,KOSDAQ,131,21,22,11.0,957,23217,12.0,00231901,CFS,26414967253.0,30257282656.0,9658577476.0,10814117143.0,-12.7,-10.69
310200,애니플러스,KOSDAQ,296,24,24,8.0,1272,52162,12.0,01335578,CFS,42763393513.0,37940475838.0,4442033127.0,6940415842.0,12.71,-36.0
310210,보로노이,KOSDAQ,0,-220,-220,-70.0,23247,18420,12.0,01327746,CFS,7512306000.0,0.0,-54331906815.0,-36365530139.0,,-49.4
310870,디와이씨,KOSDAQ,332,26,34,8.0,275,21922,12.0,01336443,CFS,106448956456.0,100112472400.0,5027727154.0,5354780305.0,6.33,-6.11
311320,지오엘리먼트,KOSDAQ,149,21,23,9.0,1006,12614,12.0,00668965,CFS,32560148098.0,30259363500.0,5536022945.0,5903424598.0,7.6,-6.22
311390,네오크레마,KOSDAQ,191,7,26,3.0,284,12653,12.0,01219155,CFS,29630046588.0,23821692053.0,2766588375.0,-776547579.0,24.38,456.27
311690,CJ 바이오사이언스,KOSDAQ,8,-53,-51,-38.0,479,13065,12.0,01071041,CFS,3371315802.0,3166749398.0,-24299740797.0,-32349636465.0,6.46,24.88
312610,에이에프더블류,KOSDAQ,157,-65,-56,-9.0,85,20256,12.0,01223219,CFS,13707979371.0,15744037340.0,-9520851758.0,-6475847079.0,-12.93,-47.02
313760,캐리,KOSDAQ,5,-7,-11,-38.0,52,11207,12.0,00863038,CFS,7488352962.0,8174064954.0,-4904570457.0,-4017766820.0,-8.39,-22.07
314130,지놈앤컴퍼니,KOSDAQ,58,-61,-72,-8.0,1599,45178,12.0,01276026,CFS,12188077796.0,15069435758.0,-23776169827.0,-16331251911.0,-19.12,-45.59
314140,알피바이오,KOSDAQ,1240,-7,-12,-1.0,499,8666,12.0,01182259,CFS,136218902142.0,123966689440.0,5086682831.0,-693640784.0,9.88,833.33
314930,바이오다인,KOSDAQ,9,-4,1,0.0,2449,29764,12.0,01117413,CFS,7027675925.0,5271365360.0,671332846.0,-1729805073.0,33.32,138.81
315640,딥노이드,KOSDAQ,108,-101,-91,-39.0,379,29372,12.0,01344831,CFS,7471991050.0,10847380732.0,-10557394860.0,-10095677184.0,-31.12,-4.57
317120,라닉스,KOSDAQ,16,-16,-18,-42.0,193,15260,12.0,01327092,CFS,7467068566.0,7713262716.0,-5827428353.0,-5192059738.0,-3.19,-12.24
317240,TS트릴리온,KOSDAQ,101,11,10,-3.0,233,29176,12.0,01353024,CFS,26391856111.0,30449569627.0,248771569.0,1149771168.0,-13.33,-78.36
317330,덕산테코피아,KOSDAQ,391,-104,-151,-51.0,1975,20476,12.0,01021666,CFS,106441762652.0,99401271587.0,-5284189474.0,-4901714046.0,7.08,-7.8
317530,에피소드컴퍼니,KOSDAQ,153,-2,-5,-26.0,502,17494,12.0,01267222,CFS,3636151214.0,3167488551.0,-2607728143.0,-2748830854.0,14.8,5.13
317690,퀀타매트릭스,KOSDAQ,7,-40,-47,-86.0,450,20135,12.0,01311286,CFS,3364929818.0,2420282043.0,-12535614950.0,-13256681741.0,39.03,5.44
317770,엑스페릭스,KOSDAQ,67,-8,29,-18.0,773,36644,12.0,01231786,CFS,19915511300.0,14488305783.0,224244036.0,-2359745386.0,37.46,109.5
317830,에스피시스템스,KOSDAQ,108,-16,-13,-11.0,472,10773,12.0,00624749,CFS,36251681000.0,41854432604.0,-1362742564.0,-1408986589.0,-13.39,3.28
317850,대모,KOSDAQ,117,10,15,5.0,458,8324,12.0,00450995,CFS,39718478749.0,40843897835.0,1974108662.0,1513725194.0,-2.76,30.41
317870,엔바이오니아,KOSDAQ,51,-7,-3,-24.0,325,8841,12.0,00964595,CFS,13077275616.0,12474051502.0,-3174821794.0,-1355618102.0,4.84,-134.2
318000,KBG,KOSDAQ,54,7,9,6.0,252,8740,12.0,00876166,CFS,19343968806.0,23140357548.0,2708522321.0,3656296855.0,-16.41,-25.92
318010,팜스빌,KOSDAQ,25,-1,15,5.0,292,7929,12.0,00986898,CFS,12165019450.0,16683895144.0,-789525654.0,-209770565.0,-27.09,-276.38
318020,포인트모바일,KOSDAQ,181,4,16,14.0,239,12301,12.0,00962393,CFS,84727361069.0,76948589052.0,5065144369.0,787630890.0,10.11,543.09
318060,그래피,KOSDAQ,34,-32,-28,-115.0,1972,11173,12.0,01565054,CFS,20020566966.0,16148804289.0,-11421160178.0,-9194128857.0,23.98,-24.22
318160,셀바이오휴먼텍,KOSDAQ,127,15,20,17.0,538,9337,12.0,01288410,CFS,50828446255.0,28272663841.0,3428449004.0,1698041019.0,79.78,101.91
318410,비비씨,KOSDAQ,137,21,39,7.0,321,5555,12.0,01153105,CFS,33834122840.0,30613022644.0,3266911397.0,4732370202.0,10.52,-30.97
319400,현대무벡스,KOSDAQ,750,-6,-1,7.0,21050,111376,12.0,01358463,CFS,355474623608.0,328553454726.0,18379757293.0,25926260752.0,8.19,-29.11
319660,피에스케이,KOSDAQ,1566,472,512,19.0,49243,28966,12.0,01365825,CFS,379805853308.0,336571293843.0,47935893763.0,50638004402.0,12.85,-5.34
320000,한울반도체,KOSDAQ,113,-42,-61,0.0,1029,6734,12.0,01359815,CFS,11462850473.0,9453392037.0,-5048457173.0,-4397605316.0,21.26,-14.8
321260,프로이천,KOSDAQ,67,-7,10,7.0,458,28192,12.0,01359736,CFS,31251268152.0,35751508070.0,2234049797.0,1263713547.0,-12.59,76.78
321370,센서뷰,KOSDAQ,21,-34,-42,-99.0,702,51664,12.0,01593668,CFS,9688192442.0,9551936937.0,-10125663997.0,-14955860152.0,1.43,32.3
321550,티움바이오,KOSDAQ,30,-45,-58,-36.0,1142,30038,12.0,01335930,CFS,4908797191.0,0.0,-13425254340.0,-13895574195.0,,3.38
321820,아티스트컴퍼니,KOSDAQ,74,-14,-17,3.0,327,15591,12.0,01116502,CFS,46061565511.0,19943076836.0,-2913534607.0,-2071193948.0,130.97,-40.67
322180,LS티라유텍,KOSDAQ,140,-26,-27,-16.0,788,21496,12.0,01309388,CFS,45109058130.0,41210522366.0,1698093337.0,511456965.0,9.46,232.01
322310,오로스테크놀로지,KOSDAQ,68,-68,-69,-18.0,1551,9366,12.0,01016479,CFS,50814195013.0,60604715280.0,-8209576855.0,6114113870.0,-16.15,-234.27
322510,제이엘케이,KOSDAQ,4,-34,-38,-33.0,1386,25725,12.0,01153293,CFS,3339486486.0,1427510483.0,-12614852568.0,-12739500428.0,133.94,0.98
322780,코퍼스코리아,KOSDAQ,108,-25,-5,-44.0,200,8974,12.0,01364297,CFS,7934682792.0,28312278868.0,-2855871218.0,-12053135309.0,-71.97,76.31
323280,태성,KOSDAQ,199,-9,-5,-1.0,9833,30537,12.0,01366000,CFS,27400127627.0,52417709890.0,-4186710795.0,5176267192.0,-47.73,-180.88
323350,다원넥스뷰,KOSDAQ,187,13,-42,-43.0,672,8010,12.0,01344363,CFS,26936831479.0,18702143953.0,4029710027.0,1279144925.0,44.03,215.03
323990,박셀바이오,KOSDAQ,19,-150,-106,-14.0,930,23257,12.0,01335851,CFS,7056291555.0,1898934365.0,-15498287282.0,-15037699414.0,271.59,-3.06
327260,RF머트리얼즈,KOSDAQ,200,32,41,19.0,4268,8995,12.0,01343665,CFS,25943746983.0,11865549905.0,3466481699.0,-2943692765.0,118.65,217.76
328130,루닛,KOSDAQ,240,-136,-177,-45.0,6887,74458,12.0,01397620,CFS,32822258104.0,25718636502.0,-76556335514.0,-58981984803.0,27.62,-29.8
328380,솔트웨어,KOSDAQ,180,-1,0,3.0,177,6852,12.0,01390399,CFS,62543691549.0,57497201976.0,605516913.0,-1756100798.0,8.78,134.48
330350,위더스제약,KOSDAQ,1027,57,51,5.0,828,13199,12.0,00765851,CFS,106444236309.0,102721786936.0,5662694062.0,5660615233.0,3.62,0.04
330730,스톤브릿지벤처스,KOSDAQ,142,34,34,3.0,807,18217,12.0,01305249,CFS,25549170407.0,14175207477.0,13461156317.0,3373889240.0,80.24,298.98
330860,네패스아크,KOSDAQ,1193,-26,-131,-15.0,4160,12184,12.0,01368354,CFS,114089898549.0,119261518573.0,4755777221.0,-2633901614.0,-4.34,280.56
331380,포커스에이아이,KOSDAQ,81,-26,-35,0.0,756,36560,12.0,01393721,CFS,45308322646.0,58183819225.0,-10202525900.0,-5088308912.0,-22.13,-100.51
331520,밸로프,KOSDAQ,108,10,12,10.0,202,10172,12.0,01398151,CFS,21244407918.0,19915293023.0,960299176.0,766209111.0,6.67,25.33
331740,아우토크립트,KOSDAQ,51,-47,-49,0.0,583,9750,12.0,01649620,CFS,25482583910.0,23049895276.0,-13289269562.0,-17187937323.0,10.55,22.68
331920,셀레믹스,KOSDAQ,9,-14,-60,-53.0,1095,11181,12.0,01114586,CFS,5718101065.0,6670435255.0,-3334506743.0,-1788028829.0,-14.28,-86.49
332290,누보,KOSDAQ,316,14,13,9.0,320,39904,12.0,01394669,CFS,90080576213.0,83855000176.0,4426475272.0,3407727490.0,7.42,29.9
332370,아이디피,KOSDAQ,111,23,36,17.0,699,13273,12.0,01213586,CFS,40634596241.0,41494525264.0,9659389246.0,10721293359.0,-2.07,-9.9
332570,PS일렉트로닉스,KOSDAQ,357,1,203,23.0,3106,46711,12.0,01015160,CFS,64270783899.0,87597442598.0,3378951520.0,9892243683.0,-26.63,-65.84
333050,이노테나,KOSDAQ,280,20,28,11.0,257,4924,12.0,01407158,CFS,29954275384.0,27965604534.0,1968728750.0,2031229331.0,7.11,-3.08
333430,일승,KOSDAQ,121,23,43,21.0,912,30726,12.0,01396676,CFS,8795122649.0,12373554257.0,755247933.0,1798503548.0,-28.92,-58.01
333620,엔시스,KOSDAQ,114,-16,-12,-16.0,603,10997,12.0,01310773,CFS,48679576321.0,62851277479.0,-4890540703.0,11250648490.0,-22.55,-143.47
334970,프레스티지바이오로직스,KOSDAQ,125,-337,-275,-27.0,1387,77752,6.0,01258428,CFS,12533271503.0,2169042470.0,-33681640342.0,-33429985102.0,477.83,-0.75
335810,프리시젼바이오,KOSDAQ,70,0,1,-24.0,288,21949,12.0,01137295,CFS,14439814254.0,15654151678.0,-4617144496.0,-3287850734.0,-7.76,-40.43
335870,윙스풋,KOSDAQ,465,19,15,4.0,169,16750,12.0,01405585,CFS,41955687748.0,46494380735.0,-2795720442.0,1890337522.0,-9.76,-247.9
336060,웨이버스,KOSDAQ,112,-21,-20,5.0,284,48155,12.0,01408999,CFS,62084757987.0,52108188273.0,1917399721.0,2114129572.0,19.15,-9.31
336570,원텍,KOSDAQ,402,112,124,23.0,4481,89280,12.0,01407909,CFS,151433690929.0,114562006902.0,57417598617.0,37544293519.0,32.18,52.93
336680,탑런토탈솔루션,KOSDAQ,1470,-48,-68,-1.0,927,39145,12.0,00814582,CFS,150689233913.0,123934852015.0,2788820088.0,5893776312.0,21.59,-52.68
337930,젝시믹스,KOSDAQ,530,11,12,11.0,906,29676,12.0,01391103,CFS,250342084307.0,250990651998.0,18163527343.0,24461412520.0,-0.26,-25.75
338220,뷰노,KOSDAQ,60,-41,-40,-19.0,1029,14001,12.0,01344202,CFS,34847834702.0,25869420408.0,-4611299592.0,-9579292602.0,34.71,51.86
338840,와이바이오로직스,KOSDAQ,58,-84,-64,-31.0,1413,15366,12.0,01226234,CFS,2912981882.0,5762795738.0,-9269185096.0,-8446978249.0,-49.45,-9.73
339950,아이비김영,KOSDAQ,242,3,15,38.0,1227,44946,12.0,01414422,CFS,96183760411.0,85706520408.0,19886209830.0,17474687209.0,12.22,13.8
340360,다보링크,KOSDAQ,126,-10,-42,0.0,442,52062,12.0,01416642,CFS,63190483622.0,65921266384.0,-1509771049.0,-1651019238.0,-4.14,8.56
340440,세림B&G,KOSDAQ,554,31,27,7.0,250,28378,12.0,01416572,CFS,47989768658.0,55419229158.0,913686463.0,3081847064.0,-13.41,-70.35
340450,지씨지놈,KOSDAQ,259,-12,-11,-4.0,1213,23650,12.0,01432598,CFS,31533860089.0,25887798646.0,1235615079.0,-1233500726.0,21.81,200.17
340570,티앤엘,KOSDAQ,451,183,207,20.0,4291,8128,12.0,00608440,CFS,164038841400.0,174706546485.0,49845575796.0,58246099865.0,-6.11,-14.42
340810,시선AI,KOSDAQ,33,-28,-28,-175.0,319,13644,12.0,01315042,CFS,9855713828.0,14447002396.0,-8366652829.0,-10430996938.0,-31.78,19.79
340930,성원에너텍,KOSDAQ,16,-20,-47,-67.0,555,68875,12.0,01368637,CFS,58903809608.0,58681695175.0,-2427885054.0,-16773321036.0,0.38,85.53
342870,오아,KOSDAQ,254,11,9,-12.0,220,5450,12.0,01428948,CFS,103261149773.0,96899614535.0,8310547820.0,9498726687.0,6.57,-12.51
344860,이노진,KOSDAQ,0,0,0,0.0,160,12030,12.0,01419135,CFS,8213447247.0,8944601685.0,4492321.0,630490839.0,-8.17,-99.29
347000,센코,KOSDAQ,88,-2,15,12.0,635,37810,12.0,01023318,CFS,34108770692.0,31664787470.0,3872791807.0,2783337376.0,7.72,39.14
347700,스피어,KOSDAQ,451,7,418,47.0,9093,51551,12.0,01336762,CFS,79994903773.0,85428150956.0,8323289468.0,15177749687.0,-6.36,-45.16
347740,피엔케이피부임상연구센타,KOSDAQ,62,10,18,5.0,513,30010,12.0,01290381,CFS,22020955873.0,17625910000.0,4436256824.0,3325857049.0,24.94,33.39
347770,핌스,KOSDAQ,153,-1,0,-13.0,232,22857,12.0,01405390,CFS,62876285786.0,60518179244.0,-5946782789.0,-2615713911.0,3.9,-127.35
347850,디앤디파마텍,KOSDAQ,1,-111,-103,-34.0,27960,45837,12.0,01376715,CFS,4241071688.0,8378921800.0,-16396486841.0,-10189439005.0,-49.38,-60.92
347860,알체라,KOSDAQ,20,-43,-46,-11.0,577,42153,12.0,01405451,CFS,,,-10029334104.0,-9672735892.0,,-3.69
347890,엠엑스온,KOSDAQ,360,5,19,0.0,728,17013,12.0,00670766,CFS,32545055465.0,36793434766.0,1906706785.0,5639583621.0,-11.55,-66.19
348030,모비릭스,KOSDAQ,305,-66,-64,-21.0,278,9603,12.0,01210190,CFS,39684702560.0,55879953791.0,-8922905730.0,-9391129937.0,-28.98,4.99
348080,큐라티스,KOSDAQ,4,-197,-263,-93.0,39,12827,12.0,01357765,CFS,2456943982.0,373796810.0,-10334975249.0,-19719416068.0,557.29,47.59
348150,고바이오랩,KOSDAQ,192,-27,-2,-11.0,609,19418,12.0,01399071,CFS,3781548643.0,2623042091.0,-7292482019.0,-7899603285.0,44.17,7.69
348210,넥스틴,KOSDAQ,79,-55,-27,-5.0,3682,10477,12.0,01080252,CFS,88587887483.0,115900771511.0,16428130665.0,50444002614.0,-23.57,-67.43
348340,뉴로메카,KOSDAQ,30,-43,-257,-127.0,3629,12409,12.0,01336461,CFS,18186153029.0,25222545710.0,-15282055049.0,-19192195125.0,-27.9,20.37
348350,위드텍,KOSDAQ,73,-19,25,8.0,945,9978,12.0,00925587,CFS,56830643680.0,42507653766.0,5120404851.0,827884268.0,33.7,518.49
348370,엔켐,KOSDAQ,841,-242,-154,-27.0,4331,21910,12.0,01011526,CFS,34642678246.0,40832723430.0,-32386564018.0,-69140279904.0,-15.16,53.16
351320,넥사다이내믹스,KOSDAQ,6,-18,-23,-68.0,292,29698,12.0,01440153,CFS,13012868322.0,8530280572.0,-9454812135.0,-6372668317.0,52.55,-48.37
351330,이삭엔지니어링,KOSDAQ,141,-25,-30,-24.0,290,8288,12.0,01135640,CFS,75562860311.0,66990644356.0,-6063662082.0,-4314379411.0,12.8,-40.55
351870,차이커뮤니케이션,KOSDAQ,192,-9,-13,0.0,179,11160,12.0,00909835,CFS,50245353905.0,58598232155.0,2014503721.0,3427178817.0,-14.25,-41.22
352090,스톰테크,KOSDAQ,163,23,27,12.0,944,26872,12.0,01226270,CFS,63895089264.0,62129611340.0,13889037967.0,13912481872.0,2.84,-0.17
352480,씨앤씨인터내셔널,KOSDAQ,708,30,65,5.0,2516,13629,12.0,01226410,CFS,266912286272.0,272812622654.0,18586590975.0,29030050066.0,-2.16,-35.97
352700,씨앤투스,KOSDAQ,158,-4,22,-5.0,367,26276,12.0,00875237,CFS,54680940759.0,62717358383.0,-1043083514.0,2489807102.0,-12.81,-141.89
352770,셀레스트라,KOSDAQ,0,-3,-1,-36100000.0,136,2592,12.0,01201970,CFS,1677857589.0,2606772926.0,-6336236149.0,-10712779546.0,-35.63,40.85
352910,오비고,KOSDAQ,105,-15,-14,-8.0,469,12637,12.0,00494546,CFS,14024044072.0,14420899025.0,-2092092094.0,-2693381183.0,-2.75,22.32
352940,인바이오,KOSDAQ,357,14,9,2.0,216,10867,12.0,00367871,CFS,33952962076.0,35654027534.0,917421524.0,1405316756.0,-4.77,-34.72
353190,휴럼,KOSDAQ,230,-2,-4,3.0,224,7875,12.0,01453670,CFS,72091854291.0,71667321800.0,207412665.0,-284016740.0,0.59,173.03
353590,오토앤,KOSDAQ,111,-13,-15,-29.0,196,12875,12.0,01084294,CFS,59137375125.0,56988714112.0,780276187.0,-3393878012.0,3.77,122.99
353810,이지바이오,KOSDAQ,1307,132,157,34.0,2064,33081,12.0,01480568,CFS,144883962081.0,149117424038.0,21399611075.0,20680902960.0,-2.84,3.48
354200,엔젠바이오,KOSDAQ,120,-16,-42,-38.0,163,8936,12.0,01397903,CFS,3874067886.0,3342196576.0,-6326249487.0,-9634940727.0,15.91,34.34
354320,알멕,KOSDAQ,507,28,35,1.0,1613,6391,12.0,00229030,CFS,141969724566.0,128877059992.0,9876382384.0,642489940.0,10.16,1437.2
355150,코스텍시스,KOSDAQ,142,-19,-18,-7.0,1348,7797,12.0,01476219,CFS,15220234978.0,14213293474.0,184343617.0,-1894839910.0,7.08,109.73
355390,크라우드웍스,KOSDAQ,28,-22,-29,-140.0,237,15874,12.0,01514005,CFS,9760103930.0,11766726910.0,-10593169423.0,-10232499455.0,-17.05,-3.52
355690,에이텀,KOSDAQ,261,-14,-29,-36100000.0,368,9404,12.0,01444380,CFS,2860795098.0,2586862925.0,-6968288477.0,-6476956928.0,10.59,-7.59
356680,엑스게이트,KOSDAQ,432,35,41,9.0,2919,28543,12.0,01372782,CFS,48135693935.0,43216125927.0,3753096506.0,3485043041.0,11.38,7.69
356860,티엘비,KOSDAQ,758,107,110,22.0,3293,9832,12.0,00920379,CFS,,,29939805928.0,7012671727.0,,326.94
356890,싸이버원,KOSDAQ,73,-2,2,-2.0,254,11953,12.0,01293953,CFS,28169136303.0,26208940891.0,2238665643.0,1480828979.0,7.48,51.18
357230,에이치피오,KOSDAQ,633,33,31,7.0,863,41293,12.0,01068737,CFS,110522430622.0,111630850335.0,6740454602.0,6088001836.0,-0.99,10.72
357550,석경에이티,KOSDAQ,46,13,18,8.0,1898,5455,12.0,00921916,CFS,17378777000.0,13704931349.0,3744580782.0,1912795575.0,26.81,95.76
357580,아모센스,KOSDAQ,278,5,-3,0.0,624,11789,12.0,01012987,CFS,122012294899.0,134155017976.0,7007581913.0,7163114384.0,-9.05,-2.17
357780,솔브레인,KOSDAQ,2638,447,511,8.0,21779,7778,12.0,01489648,CFS,780891546823.0,798217403675.0,116901511399.0,154902535114.0,-2.17,-24.53
357880,SKAI,KOSDAQ,32,-17,-56,-131.0,1304,52940,12.0,01381984,CFS,,,-4391455139.0,-12065103096.0,,63.6
358570,지아이이노베이션,KOSDAQ,0,-483,-590,-117.0,4432,64516,12.0,01351080,CFS,,,-40654989301.0,-48259851257.0,,15.76
359090,씨엔알리서치,KOSDAQ,148,-10,-11,5.0,218,11494,12.0,01487446,CFS,60235354863.0,58522659519.0,3812594047.0,5225829081.0,2.93,-27.04
360070,탑머티리얼,KOSDAQ,81,-27,-6,0.0,632,8192,12.0,01360875,CFS,23130641417.0,106078637083.0,-35202548419.0,-7210322259.0,-78.19,-388.22
360350,코셈,KOSDAQ,25,-11,-9,-6.0,392,5437,12.0,01493793,CFS,12373709224.0,14104675357.0,-1034846321.0,348778954.0,-12.27,-396.71
361390,제노코,KOSDAQ,0,0,0,0.0,1180,9736,12.0,01014718,CFS,59631313389.0,56830559488.0,-2085761459.0,-2170629177.0,4.93,3.91
361570,알비더블유,KOSDAQ,96,-5,2,-6.0,392,28743,12.0,01303029,CFS,23770199784.0,24619641201.0,1315788389.0,-4953030584.0,-3.45,126.57
361670,삼영에스앤씨,KOSDAQ,31,0,2,-3.0,192,5667,12.0,00405506,CFS,10975623854.0,12393769268.0,-1670424276.0,-3121113350.0,-11.44,46.48
362320,청담글로벌,KOSDAQ,483,26,101,6.0,1005,21151,12.0,01534577,CFS,148865653312.0,171638861159.0,2657581068.0,2423081060.0,-13.27,9.68
362990,드림인사이트,KOSDAQ,49,-2,-1,-1.0,204,16800,12.0,01492688,CFS,20018320351.0,18120044631.0,-464094758.0,2186118138.0,10.48,-121.23
363250,진시스템,KOSDAQ,3,-16,-16,-86.0,313,8508,12.0,01437858,CFS,318326264.0,1129800216.0,-8340951907.0,-8601829350.0,-71.82,3.03
363260,모비데이즈,KOSDAQ,96,-2,0,6.0,231,32163,12.0,01493535,CFS,15440355824.0,14544559284.0,4600582292.0,1032559678.0,6.16,345.55
364950,에이아이코리아,KOSDAQ,188,6,33,0.0,313,8296,12.0,01307593,CFS,73644877185.0,108564998162.0,944792707.0,8193348748.0,-32.17,-88.47
365270,큐라클,KOSDAQ,0,0,0,0.0,1867,22156,12.0,01397772,CFS,7101468.0,1632550301.0,-16503369291.0,-12634687980.0,-99.57,-30.62
365330,에스와이스틸텍,KOSDAQ,175,-6,-7,0.0,712,50171,12.0,01135084,CFS,97367509837.0,116983649755.0,-2562449805.0,8104394275.0,-16.77,-131.62
365340,성일하이텍,KOSDAQ,609,0,-246,-57.0,3792,12921,12.0,01274329,CFS,186268601136.0,124532639308.0,-43785509410.0,-52747610721.0,49.57,16.99
365590,하이딥,KOSDAQ,0,0,0,0.0,347,36814,12.0,01505186,CFS,1766991674.0,5889970051.0,-11733752112.0,-9120516576.0,-70.0,-28.65
365660,레몬헬스케어,KOSDAQ,0,0,0,0.0,847,13351,12.0,01424261,,,,,,,
365900,브이씨,KOSDAQ,108,-5,-5,-6.0,200,7310,12.0,01354740,CFS,37571861421.0,38924440813.0,-2629767273.0,-3093545609.0,-3.47,14.99
366030,나인앤컴퍼니,KOSDAQ,83,8,48,13.0,1079,22653,12.0,01307335,CFS,44648827047.0,48932397190.0,7455242694.0,8856200559.0,-8.75,-15.82
367000,플래티어,KOSDAQ,86,-14,-12,0.0,244,8388,12.0,01454341,CFS,36249143389.0,29798214574.0,-6876612960.0,-6974514700.0,21.65,1.4
368600,아이씨에이치,KOSDAQ,106,7,1,-51.0,157,25795,12.0,01302853,CFS,40989305940.0,61799901635.0,-12476651697.0,-5571065333.0,-33.67,-123.95
368770,파이버프로,KOSDAQ,143,48,53,30.0,3771,32854,12.0,01513440,CFS,43396320128.0,32650667976.0,10309865956.0,7121941735.0,32.91,44.76
368970,오에스피,KOSDAQ,72,5,2,-10.0,195,8740,12.0,01491607,CFS,10615032443.0,15101070726.0,-1398198310.0,-611389345.0,-29.71,-128.69
369370,블리츠웨이엔터테인먼트,KOSDAQ,71,-24,-23,-62.0,374,49871,12.0,01508855,CFS,26875132856.0,23332389525.0,-4751771176.0,-4886285963.0,15.18,2.75
370090,퓨런티어,KOSDAQ,253,-38,-8,0.0,524,8556,12.0,01357446,CFS,12143538944.0,25341103329.0,-7162779864.0,-3750655671.0,-52.08,-90.97
371950,풍원정밀,KOSDAQ,90,-30,-40,-144.0,1257,22662,12.0,00417167,CFS,29990430736.0,46242233154.0,-19970833964.0,-18335586745.0,-35.14,-8.92
372170,윤성에프앤씨,KOSDAQ,219,-15,9,-10.0,1188,7979,12.0,00925374,CFS,98684297762.0,270360884239.0,-32154871903.0,31513493028.0,-63.5,-202.04
372320,큐로셀,KOSDAQ,0,-78,-87,-204.0,3364,15225,12.0,01492651,CFS,0.0,0.0,-36274346153.0,-36618932031.0,,0.94
372800,아이티아이즈,KOSDAQ,187,-28,-30,-68.0,198,7037,12.0,01429840,CFS,68242651682.0,62002361498.0,-3821024735.0,801656699.0,10.06,-576.64
373110,엑셀세라퓨틱스,KOSDAQ,10,-29,-29,-174.0,200,17294,12.0,01492217,CFS,1948989102.0,1934344104.0,-10783411683.0,-9302495732.0,0.76,-15.92
373160,데이원컴퍼니,KOSDAQ,303,4,7,16.0,479,13807,12.0,01455492,CFS,122088922567.0,127680095673.0,4852650074.0,-360303355.0,-4.38,1446.82
373170,엠아이큐브솔루션,KOSDAQ,0,0,0,0.0,237,15113,12.0,01497142,CFS,25620442016.0,29636481104.0,885921750.0,-1069721190.0,-13.55,182.82
373200,엑스플러스,KOSDAQ,39,-11,-34,-27.0,338,25043,12.0,01514698,CFS,5777698338.0,10426581859.0,-3459600671.0,-3890823088.0,-44.59,11.08
376180,피코그램,KOSDAQ,0,0,0,0.0,257,18561,12.0,00604028,CFS,30872569046.0,32144304576.0,-704156204.0,2836750613.0,-3.96,-124.82
376270,HEM파마,KOSDAQ,49,-38,-40,-198.0,2840,7209,12.0,01480708,CFS,12816751890.0,15067336854.0,-15580852880.0,-7681695087.0,-14.94,-102.83
376290,씨유테크,KOSDAQ,434,17,51,5.0,479,17657,12.0,00575106,CFS,17033775544.0,18128890029.0,1182347999.0,1783549829.0,-6.04,-33.71
376300,디어유,KOSDAQ,234,97,155,12.0,4534,23738,12.0,01456011,CFS,83844480785.0,74866743114.0,32714884626.0,26108068535.0,11.99,25.31
376900,로킷헬스케어,KOSDAQ,81,-24,-19,13.0,8428,15873,12.0,01335143,CFS,13386314102.0,6829188244.0,-3158736684.0,-6498089628.0,96.02,51.39
376930,노을,KOSDAQ,3,-49,-47,-110.0,333,51291,12.0,01494118,CFS,5121885655.0,1601464029.0,-19559694007.0,-22177223353.0,219.83,11.8
376980,원티드랩,KOSDAQ,89,-10,-15,3.0,236,9766,12.0,01441611,CFS,35794073221.0,36536807841.0,571423974.0,26448831.0,-2.03,2060.49
377030,비트맥스,KOSDAQ,61,-11,-166,-36100000.0,211,14291,12.0,01409095,CFS,11857536986.0,363996120.0,-4001393482.0,-15926017058.0,3157.6,74.88
377220,프롬바이오,KOSDAQ,192,-33,-37,-65.0,145,28310,12.0,01217865,CFS,51553954227.0,50768810719.0,-16488522899.0,-22010551594.0,1.55,25.09
377330,이지트로닉스,KOSDAQ,14,-35,-32,-38.0,184,8139,12.0,01140837,CFS,13238656712.0,36504092010.0,-5103940859.0,-1696466242.0,-63.73,-200.86
377450,리파인,KOSDAQ,678,205,253,13.0,1901,17330,12.0,01210066,CFS,61572418310.0,67848478041.0,18941412133.0,20505136523.0,-9.25,-7.63
377460,큐에이드,KOSDAQ,700,-12,38,-42.0,2531,62055,12.0,01175499,CFS,91649492825.0,116304050890.0,-1913576661.0,-926704867.0,-21.2,-106.49
377480,마음AI,KOSDAQ,17,-21,-22,-25.0,580,7110,12.0,01297898,CFS,9756636744.0,7757429178.0,-6379364706.0,-6799558232.0,25.77,6.18
378340,필에너지,KOSDAQ,17,-39,-38,-11.0,2157,21643,12.0,01488320,CFS,32046687759.0,283324937712.0,-21065960241.0,15732581184.0,-88.69,-233.9
378800,샤페론,KOSDAQ,1,-37,-35,-92.0,239,46243,12.0,01387164,CFS,227804629.0,17704497.0,-15027334886.0,-14049823421.0,1186.7,-6.96
380540,옵티코어,KOSDAQ,119,-7,-24,-107.0,2066,24456,12.0,01506990,CFS,20606262717.0,21065351733.0,-5571130601.0,-5592283497.0,-2.18,0.38
380550,뉴로핏,KOSDAQ,5,-58,-57,0.0,923,12198,12.0,01782004,CFS,2615085161.0,2216206143.0,-16506712356.0,-14648713537.0,18.0,-12.68
381620,제닉스로보틱스,KOSDAQ,43,-31,-30,0.0,776,13117,12.0,01293485,CFS,22665261675.0,63469561784.0,-12278643586.0,4305827720.0,-64.29,-385.16
382150,온코크로스,KOSDAQ,2,-25,-26,-62.0,376,12195,12.0,01423916,CFS,,,-8805364006.0,-6919893247.0,,-27.25
382480,지아이텍,KOSDAQ,101,5,21,4.0,669,39357,12.0,01311310,CFS,31995560807.0,35603079441.0,2772722027.0,3299468596.0,-10.13,-15.96
382800,지앤비에스 에코,KOSDAQ,418,90,114,13.0,1274,31831,12.0,00958327,CFS,91354245672.0,70576022106.0,7907464734.0,11719127630.0,29.44,-32.53
382840,원준,KOSDAQ,6,-45,-22,-14.0,649,15271,12.0,01459212,CFS,149100259243.0,149851159615.0,6833047027.0,12288956098.0,-0.5,-44.4
382900,범한퓨얼셀,KOSDAQ,51,-21,-17,0.0,1301,8761,12.0,01435489,CFS,43361093941.0,36194682101.0,2296670091.0,3256834243.0,19.8,-29.48
383310,에코프로에이치엔,KOSDAQ,347,50,49,5.0,5128,20974,12.0,01566248,CFS,138247970309.0,234160195654.0,11690386037.0,24183395829.0,-40.96,-51.66
383930,디티앤씨알오,KOSDAQ,360,-113,-15,-7.0,218,12784,12.0,01437432,CFS,47747299019.0,35970935118.0,-5741675672.0,-11295168421.0,32.74,49.17
384470,코어라인소프트,KOSDAQ,13,-31,-34,-137.0,520,17946,12.0,01512575,CFS,,,-10685334736.0,-11626763554.0,,8.1
387570,파인메딕스,KOSDAQ,22,-8,-8,-9.0,219,5625,12.0,01455410,CFS,9522704304.0,9960360985.0,-2165562983.0,319104644.0,-4.39,-778.64
387690,레메디,KOSDAQ,94,33,35,0.0,917,7625,12.0,01501764,,,,,,,
388050,지투파워,KOSDAQ,192,23,25,20.0,1217,18709,12.0,01462605,CFS,77040772780.0,55078407445.0,8706629232.0,3605663152.0,39.87,141.47
388210,씨엠티엑스,KOSDAQ,441,135,141,0.0,8573,9654,12.0,01529982,CFS,160513400555.0,108430710674.0,39153765013.0,16635555052.0,48.03,135.36
388610,지에프씨생명과학,KOSDAQ,168,17,-57,-122.0,308,5325,12.0,01221752,CFS,17714780998.0,16804533739.0,386262084.0,1704603240.0,5.42,-77.34
388720,유일로보틱스,KOSDAQ,46,-41,-80,0.0,7021,11781,12.0,01152586,CFS,,,-12620478623.0,395024451.0,,-3294.86
388790,라이콤,KOSDAQ,0,0,0,0.0,1175,30614,12.0,01569102,CFS,17688068719.0,13136686476.0,582005067.0,-5342449928.0,34.65,110.89
388870,파로스아이바이오,KOSDAQ,0,-24,-22,-72.0,644,12945,12.0,01495180,CFS,,,-9537573357.0,-9952349760.0,,4.17
389020,자람테크놀로지,KOSDAQ,222,4,23,5.0,1339,6905,12.0,01365038,CFS,10643506120.0,22170389666.0,-7064553629.0,365458864.0,-51.99,-2033.06
389030,지니너스,KOSDAQ,24,-20,-20,-72.0,803,39392,12.0,01494154,CFS,6095507029.0,6445310469.0,-7662378874.0,-10229027717.0,-5.43,25.09
389140,포바이포,KOSDAQ,73,-25,-27,-31.0,658,14269,12.0,01513699,CFS,,,-5898584035.0,-9411525406.0,,37.33
389260,대명에너지,KOSDAQ,308,179,104,7.0,2357,17916,12.0,01150515,CFS,107481803449.0,45304532366.0,7149262614.0,329940079.0,137.24,2066.84
389470,인벤티지랩,KOSDAQ,4,-84,-7,4.0,4112,13307,12.0,01516456,CFS,4106773121.0,1782929379.0,-20690106746.0,-18963665933.0,130.34,-9.1
389500,에스비비테크,KOSDAQ,0,0,0,0.0,2045,6663,12.0,00567897,CFS,7198979874.0,5465590414.0,-6862597018.0,-6892852081.0,31.71,0.44
389650,넥스트바이오메디컬,KOSDAQ,95,-36,29,15.0,2810,8277,12.0,01385050,CFS,16476802680.0,9542630855.0,-719540988.0,-3574731246.0,72.67,79.87
389680,유디엠텍,KOSDAQ,61,-20,-52,-61.0,121,8320,12.0,01498576,CFS,3213108855.0,6072035307.0,-3646962261.0,-2009724761.0,-47.08,-81.47
391710,코닉오토메이션,KOSDAQ,555,0,12,4.0,453,42620,12.0,01573284,CFS,30100048633.0,55510910029.0,-2741701591.0,45433465.0,-45.78,-6134.54
393210,토마토시스템,KOSDAQ,83,2,13,0.0,322,15614,12.0,01436479,CFS,27188748631.0,21608252848.0,-1730883212.0,-3080000267.0,25.83,43.8
393890,더블유씨피,KOSDAQ,429,-205,-484,-19.0,2514,33843,12.0,01291317,CFS,110812962474.0,322073352106.0,-125110500087.0,-67835019711.0,-65.59,-84.43
393970,대진첨단소재,KOSDAQ,263,-49,-41,-56.0,504,17850,12.0,01549472,CFS,7743409976.0,9818691806.0,-14111274805.0,-6914082751.0,-21.14,-104.09
394280,오픈엣지테크놀로지,KOSDAQ,27,-90,-91,-108.0,2700,26346,12.0,01571107,CFS,15824280153.0,14940867980.0,-29587229194.0,-24557211170.0,5.91,-20.48
394420,리센스메디컬,KOSDAQ,10,-24,-19,0.0,1257,10934,12.0,01685677,CFS,7062970755.0,4435878147.0,-11120479188.0,-14224542324.0,59.22,21.82
394800,쓰리빌리언,KOSDAQ,34,-17,-15,0.0,1715,31822,12.0,01506617,CFS,11708662411.0,5772098148.0,-5880265904.0,-7419089160.0,102.85,20.74
396270,넥스트칩,KOSDAQ,323,-184,-207,-108.0,670,32887,12.0,01515864,CFS,39653511990.0,32252135197.0,-12936402244.0,-18439060319.0,22.95,29.84
396300,세아메카닉스,KOSDAQ,923,-27,13,4.0,772,26489,12.0,00534701,CFS,85827035655.0,92337581175.0,-1850263966.0,-2658884470.0,-7.05,30.41
396470,워트,KOSDAQ,43,10,14,5.0,855,16120,12.0,00866451,CFS,15220812751.0,15184253284.0,2506542949.0,2033931625.0,0.24,23.24
397030,에이프릴바이오,KOSDAQ,275,169,200,27.0,5502,23413,12.0,01375822,CFS,,,-7263930208.0,16869084717.0,,-143.06
397810,애드포러스,KOSDAQ,78,7,10,-7.0,232,5160,12.0,01551042,CFS,29106094571.0,30366399225.0,2103478706.0,2881014772.0,-4.15,-26.99
398120,에스지헬스케어,KOSDAQ,49,2,0,6.0,229,11818,12.0,01179866,CFS,24961318396.0,15206209178.0,1799912417.0,-700981794.0,64.15,356.77
399720,가온칩스,KOSDAQ,206,-39,-30,-17.0,5360,11858,12.0,01364747,CFS,68510181008.0,96492001688.0,-16977659085.0,3364543508.0,-29.0,-604.61
402030,코난테크놀로지,KOSDAQ,263,-141,-136,-53.0,1280,12517,12.0,00601988,CFS,33979970427.0,26318506558.0,-9865474602.0,-14106433041.0,29.11,30.06
402490,그린리소스,KOSDAQ,209,25,73,20.0,1136,16935,12.0,01370863,CFS,91124642533.0,13901800173.0,6573923168.0,463846928.0,555.49,1317.26
403490,우듬지팜,KOSDAQ,124,-22,-27,-17.0,229,45932,12.0,01299106,CFS,59129464070.0,62592984228.0,306926461.0,4000231825.0,-5.53,-92.33
403850,더핑크퐁컴퍼니,KOSDAQ,207,29,86,13.0,1397,14351,12.0,01138364,CFS,74422440227.0,77568969732.0,16100559080.0,19373931042.0,-4.06,-16.9
403870,HPSP,KOSDAQ,0,0,0,0.0,32179,82300,12.0,01288827,CFS,172964572189.0,181401607828.0,89902342748.0,93945693775.0,-4.65,-4.3
405000,플라즈맵,KOSDAQ,28,-22,-23,-223.0,192,3838,12.0,01575839,CFS,8433356969.0,10124552575.0,-7664757811.0,-17105747896.0,-16.7,55.19
405100,큐알티,KOSDAQ,204,30,31,6.0,1281,12289,12.0,01033591,CFS,64569554471.0,60973225324.0,6346145387.0,5870637577.0,5.9,8.1
405920,나라셀라,KOSDAQ,223,5,-2,-1.0,214,12878,12.0,01021639,CFS,82088643652.0,82697255925.0,1600723082.0,-2844733425.0,-0.74,156.27
406820,뷰티스킨,KOSDAQ,125,-15,-21,-8.0,237,14136,12.0,01147487,CFS,45507952979.0,71923869405.0,-1908200557.0,390165390.0,-36.73,-589.07
407400,꿈비,KOSDAQ,316,-2,-6,-20.0,299,14634,12.0,01586455,CFS,35835378496.0,38058971918.0,-2660468636.0,164090763.0,-5.84,-1721.34
408470,한패스,KOSDAQ,171,-7,8,0.0,543,10572,12.0,01445024,CFS,66173578563.0,55015480144.0,8547686077.0,5413845789.0,20.28,57.89
408900,스튜디오미르,KOSDAQ,35,-9,-2,-2.0,325,32752,12.0,01139965,CFS,15282537070.0,17235757629.0,292550410.0,773336336.0,-11.33,-62.17
408920,메쎄이상,KOSDAQ,166,50,54,24.0,1223,43232,12.0,01596656,CFS,68749171498.0,62526410648.0,17100468541.0,14683375898.0,9.95,16.46
411080,샌즈랩,KOSDAQ,18,-10,-6,1.0,541,15267,12.0,01242241,CFS,10097861691.0,8296932833.0,-2170243237.0,-3709115101.0,21.71,41.49
412350,레이저쎌,KOSDAQ,12,-17,-17,-68.0,626,14603,12.0,01573381,CFS,3920480651.0,3520688553.0,-11090723916.0,-8149499295.0,11.36,-36.09
412540,제일엠앤에스,KOSDAQ,155,13,-9,-36100000.0,810,20600,12.0,00528791,CFS,150911860357.0,227732994923.0,-7399469872.0,-129755527237.0,-33.73,94.3
413390,엠오티,KOSDAQ,114,2,4,6.0,683,11580,12.0,01563922,CFS,75453871276.0,84857102424.0,4427553439.0,6515936041.0,-11.08,-32.05
413630,씨피시스템,KOSDAQ,52,5,13,6.0,1229,36436,12.0,01601222,CFS,18399376151.0,20452748014.0,2000005330.0,3264452574.0,-10.04,-38.73
413640,비아이매트릭스,KOSDAQ,85,-2,-1,0.0,454,7206,12.0,01462739,CFS,31448256831.0,30866150941.0,870778532.0,2026649857.0,1.89,-57.03
415380,스튜디오삼익,KOSDAQ,1079,40,45,13.0,218,11442,12.0,01540815,CFS,95931078734.0,107928008994.0,2828880586.0,3988123144.0,-11.12,-29.07
416180,신성에스티,KOSDAQ,502,-5,-12,-2.0,1571,9039,12.0,00761183,CFS,51324086595.0,42047233645.0,-1589486182.0,2092359303.0,22.06,-175.97
417010,나노팀,KOSDAQ,98,-6,-10,1.0,853,20172,12.0,01524118,CFS,40923519034.0,33248085405.0,1247793209.0,-3834779564.0,23.09,132.54
417180,핑거스토리,KOSDAQ,50,-1,-1,0.0,138,3509,12.0,01584934,CFS,17299515760.0,18350259518.0,847055617.0,1506729855.0,-5.73,-43.78
417200,LS머트리얼즈,KOSDAQ,431,-11,-13,0.0,7292,67652,12.0,01528141,CFS,29147753781.0,28846486742.0,-4938881121.0,-1924740430.0,1.04,-156.6
417500,제이아이테크,KOSDAQ,154,39,42,11.0,1021,32784,12.0,01367586,CFS,52382771982.0,56082641798.0,12214640252.0,13648438516.0,-6.6,-10.51
417790,트루엔,KOSDAQ,0,0,0,0.0,577,10468,12.0,01134216,CFS,49113803516.0,53601363798.0,13254533775.0,15456790394.0,-8.37,-14.25
417840,저스템,KOSDAQ,177,41,46,11.0,2712,22869,12.0,01383229,CFS,47154179733.0,37786793324.0,4925499203.0,-3990820223.0,24.79,223.42
417860,오브젠,KOSDAQ,131,-5,-5,0.0,283,4706,12.0,01472930,CFS,24017071711.0,15201656072.0,267873584.0,-4149694322.0,57.99,106.46
417970,모델솔루션,KOSDAQ,765,81,84,10.0,669,6396,12.0,00657783,CFS,76502212442.0,67631367975.0,7751944654.0,4050769012.0,13.12,91.37
418250,시큐레터,KOSDAQ,14,-73,-94,-82.0,476,7271,12.0,01579570,CFS,1168573306.0,1411766617.0,-4286950415.0,-7263579966.0,-17.23,40.98
418420,라온텍,KOSDAQ,89,-70,-65,-35.0,1020,30774,12.0,00965512,CFS,8746267801.0,8902915788.0,-5810442808.0,-6988832403.0,-1.76,16.86
418470,KT밀리의서재,KOSDAQ,0,0,0,0.0,842,8565,12.0,01467451,CFS,88189777012.0,72598807189.0,14370840675.0,11001459438.0,21.48,30.63
418550,제이오,KOSDAQ,72,-20,-4,0.0,1261,32017,12.0,00411808,CFS,55173743385.0,82873665513.0,-4223565354.0,-5456610332.0,-33.42,22.6
418620,E8,KOSDAQ,4,-27,-28,-87.0,136,19850,12.0,01516890,CFS,1655496540.0,2285497728.0,-11235058631.0,-10592851817.0,-27.57,-6.06
419050,삼기에너지솔루션즈,KOSDAQ,489,11,5,-11.0,786,57196,12.0,01526806,CFS,85356929076.0,81379056415.0,2449246253.0,3004721702.0,4.89,-18.49
419080,엔젯,KOSDAQ,44,-14,-11,-20.0,417,10871,12.0,01587056,CFS,5414590946.0,6259950733.0,-6211583740.0,-6533825381.0,-13.5,4.93
419120,산돌,KOSDAQ,53,17,11,5.0,337,14223,12.0,01516368,CFS,14916952845.0,13067372065.0,4269089908.0,3752837781.0,14.15,13.76
419530,SAMG엔터,KOSDAQ,377,39,44,50.0,2924,10207,12.0,01082418,CFS,118122033819.0,96686385955.0,23214937464.0,-2139338381.0,22.17,1185.15
419540,비스토스,KOSDAQ,203,3,10,4.0,171,5958,12.0,01506848,CFS,17099549571.0,20254829230.0,-1095568229.0,311419456.0,-15.58,-451.8
420570,제이투케이바이오,KOSDAQ,111,19,19,12.0,506,5847,12.0,01553129,CFS,31077941562.0,31236916613.0,4438148606.0,4834786118.0,-0.51,-8.2
420770,기가비스,KOSDAQ,60,-10,8,0.0,18075,12675,12.0,00765569,CFS,52305388624.0,26133336219.0,11985147244.0,-1786928658.0,100.15,770.71
424760,벨로크,KOSDAQ,309,-20,-20,-5.0,178,10054,12.0,01622331,CFS,35382252329.0,30866527663.0,877307139.0,-1964998714.0,14.63,144.65
424870,이뮨온시아,KOSDAQ,0,0,0,0.0,2578,91272,12.0,01203659,CFS,111208740.0,654539170.0,-28004634036.0,-12598557314.0,-83.01,-122.28
424960,스마트레이더시스템,KOSDAQ,15,-15,-17,-9.0,565,16485,12.0,01555215,CFS,9350422602.0,4736694422.0,-4637122144.0,-6038259064.0,97.4,23.2
424980,마이크로투나노,KOSDAQ,102,-95,-107,-25.0,388,5918,12.0,00624378,CFS,22228158731.0,10151471769.0,-3409038192.0,-9548635130.0,118.96,64.3
425040,티이엠씨,KOSDAQ,495,1,9,8.0,2001,21922,12.0,01301252,CFS,102758682851.0,107219663663.0,17696443691.0,16313610181.0,-4.16,8.48
425420,티에프이,KOSDAQ,323,33,50,18.0,4395,12347,12.0,01035368,CFS,106647331107.0,69468019853.0,17344164502.0,3659771387.0,53.52,373.91
429270,시지트로닉스,KOSDAQ,122,-63,-58,-22.0,220,6449,12.0,01284751,CFS,12748957402.0,12172663876.0,-7585557629.0,-6285180565.0,4.73,-20.69
430690,한싹,KOSDAQ,35,-18,-19,-11.0,228,10895,12.0,01602638,CFS,21120517459.0,19076406931.0,-1772845171.0,-3527784647.0,10.72,49.75
431190,케이쓰리아이,KOSDAQ,30,-14,-13,-12.0,168,7486,12.0,01689266,CFS,14636322456.0,13901787278.0,-2405940352.0,-3724291749.0,5.28,35.4
432430,와이랩,KOSDAQ,128,-40,-41,-25.0,335,16508,12.0,01406265,CFS,33950541070.0,21831417521.0,-3138711806.0,-5908377903.0,55.51,46.88
432470,케이엔에스,KOSDAQ,133,13,10,-2.0,600,8771,12.0,01402995,CFS,18142901524.0,20702553159.0,-2980821048.0,514609052.0,-12.36,-679.24
432720,퀄리타스반도체,KOSDAQ,0,0,0,0.0,1099,14187,12.0,01584183,CFS,5350047190.0,6074683889.0,-24471844867.0,-22694310411.0,-11.93,-7.83
432980,엠에프씨,KOSDAQ,206,15,-13,-5.0,231,8591,12.0,01217795,CFS,20799543231.0,20604400363.0,296703541.0,1459606613.0,0.95,-79.67
434480,모니터랩,KOSDAQ,36,-7,-5,1.0,270,12310,12.0,01583652,CFS,18029553639.0,14754903653.0,1179156507.0,-293366664.0,22.19,501.94
435570,에르코스,KOSDAQ,88,-6,-9,-9.0,569,7616,12.0,01253636,CFS,33907363842.0,36460997416.0,649336429.0,3236046170.0,-7.0,-79.93
437730,삼현,KOSDAQ,188,-25,-32,4.0,8909,31707,12.0,00262266,CFS,94591115131.0,100108646618.0,3184564995.0,5672134684.0,-5.51,-43.86
438700,버넥트,KOSDAQ,38,-15,-17,-14.0,185,11144,12.0,01605529,CFS,3097045412.0,4599199409.0,-8690116720.0,-12951811741.0,-32.66,32.9
439090,마녀공장,KOSDAQ,269,61,70,10.0,2732,16393,12.0,01136977,CFS,109998123244.0,126773457716.0,9215070000.0,19032256781.0,-13.23,-51.58
439580,블루엠텍,KOSDAQ,440,-7,26,-1.0,552,33846,12.0,01559637,CFS,185740605303.0,133483285341.0,-1945026654.0,-6259429883.0,39.15,68.93
439960,코스모로보틱스,KOSDAQ,13,-27,-32,0.0,4387,32450,12.0,01802928,,,,,,,
440110,파두,KOSDAQ,595,77,102,-90.0,38878,50101,12.0,01292291,CFS,92385149457.0,43392254645.0,-61083179215.0,-92007208010.0,112.91,33.61
440290,HB인베스트먼트,KOSDAQ,0,0,0,0.0,467,27506,12.0,00309460,CFS,17401010000.0,15154239893.0,,,14.83,
440320,오픈놀,KOSDAQ,221,10,12,-16.0,199,9980,12.0,01585155,CFS,20664239134.0,21676792919.0,-2120154924.0,205913268.0,-4.67,-1129.63
441270,파인엠텍,KOSDAQ,461,-22,25,-5.0,2871,42044,12.0,01686755,CFS,88293228171.0,115458045464.0,-127405872.0,-4631047792.0,-23.53,97.25
443250,레뷰코퍼레이션,KOSDAQ,133,13,17,11.0,636,10809,12.0,01468061,CFS,42091750587.0,42405368730.0,5639224329.0,5907235293.0,-0.74,-4.54
443670,에스피소프트,KOSDAQ,129,8,11,6.0,647,24010,12.0,01381391,CFS,35131573519.0,34849362791.0,2858217358.0,2723031628.0,0.81,4.96
444530,심플랫폼,KOSDAQ,0,0,0,0.0,272,6418,12.0,01590980,CFS,10404472896.0,7227053902.0,-2664703884.0,-142923926.0,43.97,-1764.42
445090,에이직랜드,KOSDAQ,540,-30,-27,-28.0,2261,10925,12.0,01540453,CFS,72174837501.0,93444479727.0,-23838065834.0,-15985985508.0,-22.76,-49.12
445180,퓨릿,KOSDAQ,0,0,0,0.0,1292,17189,12.0,01027828,CFS,142546874717.0,122537087251.0,17217719364.0,13959158665.0,16.33,23.34
445680,큐리옥스바이오시스템즈,KOSDAQ,13,-33,-26,-54.0,5952,17203,12.0,01498974,CFS,2709294541.0,2769573874.0,-8039740274.0,-9180588408.0,-2.18,12.43
446540,메가터치,KOSDAQ,0,0,0,0.0,1942,29079,12.0,00923516,CFS,43240176069.0,52992354510.0,-4174619354.0,3996580954.0,-18.4,-204.45
446840,지슨,KOSDAQ,136,-18,-21,-35.0,382,11016,12.0,01693922,CFS,11295873816.0,13575700648.0,-6643920486.0,-1765184839.0,-16.79,-276.39
448280,에코아이,KOSDAQ,54,-37,-34,0.0,2044,29631,12.0,01218299,CFS,30827527951.0,25600542061.0,1045882080.0,322780706.0,20.42,224.02
448710,코츠테크놀로지,KOSDAQ,650,95,98,20.0,529,5285,12.0,00959210,CFS,68114262512.0,64980786918.0,8315271995.0,9479311051.0,4.82,-12.28
448900,한국피아이엠,KOSDAQ,83,-7,2,-1.0,2605,6074,12.0,00765897,CFS,31809434910.0,31616831382.0,300040964.0,4379931738.0,0.61,-93.15
450330,하스,KOSDAQ,33,-8,-9,3.0,350,8186,12.0,01663569,CFS,15640810407.0,15356590524.0,1229352453.0,1665818112.0,1.85,-26.2
450520,인스웨이브,KOSDAQ,113,-28,-26,-7.0,250,14704,12.0,01222113,CFS,38777183909.0,30412970558.0,-3640219153.0,-3277526013.0,27.5,-11.07
450950,아스테라시스,KOSDAQ,75,-18,-10,19.0,2314,37627,12.0,01590528,CFS,37903084795.0,28767244357.0,10402844898.0,6647309881.0,31.76,56.5
451220,아이엠티,KOSDAQ,122,11,8,10.0,706,7874,12.0,01546101,CFS,11533933784.0,8493715969.0,-2401178298.0,-2221935419.0,35.79,-8.07
451250,삐아,KOSDAQ,203,29,31,12.0,702,10225,12.0,01283974,CFS,65364629700.0,56487564355.0,5583612243.0,5139445761.0,15.72,8.64
451760,컨텍,KOSDAQ,182,-24,-9,-2.0,1173,16507,12.0,01685251,CFS,38996527111.0,29347590604.0,-3831157123.0,-10714117216.0,32.88,64.24
452160,제이엔비,KOSDAQ,35,-4,-7,-5.0,314,9617,12.0,01309421,CFS,14876544432.0,15958973792.0,1201070316.0,3443133106.0,-6.78,-65.12
452190,한빛레이저,KOSDAQ,63,2,2,14.0,786,23920,12.0,00607496,CFS,24179602576.0,18485764622.0,1930394738.0,-2514591339.0,30.8,176.77
452200,민테크,KOSDAQ,209,-110,-144,-63.0,304,24332,12.0,01689035,CFS,21016073455.0,20859463181.0,-8799971500.0,-10963161064.0,0.75,19.73
452280,한선엔지니어링,KOSDAQ,485,49,51,7.0,1942,19247,12.0,00958451,CFS,63216280322.0,48541119085.0,9749943247.0,4922940420.0,30.23,98.05
452300,캡스톤파트너스,KOSDAQ,97,22,22,6.0,298,14169,12.0,01497124,CFS,7473416657.0,9692753598.0,2339031606.0,2195664243.0,-22.9,6.53
452400,이닉스,KOSDAQ,266,-6,4,0.0,498,9071,12.0,00338170,CFS,102440382222.0,94376175229.0,1391318478.0,-456362310.0,8.54,404.87
452430,사피엔반도체,KOSDAQ,0,0,0,0.0,2237,8255,12.0,01676642,CFS,17312155993.0,7992172190.0,-4565205241.0,-3446378033.0,116.61,-32.46
452450,피아이이,KOSDAQ,98,-31,-16,-36.0,1039,36028,12.0,01429220,CFS,18965484659.0,65029647357.0,-17789452235.0,9739378999.0,-70.84,-282.65
453450,그리드위즈,KOSDAQ,206,-22,-20,3.0,1105,7942,12.0,01299203,CFS,59543991890.0,52440437150.0,-2381731051.0,-9380932547.0,13.55,74.61
453860,에이에스텍,KOSDAQ,0,0,0,0.0,620,6444,12.0,01538528,CFS,24560444117.0,42571531296.0,-110160686.0,8701050630.0,-42.31,-101.27
455180,케이지에이,KOSDAQ,9,-12,-16,0.0,183,13958,12.0,01638387,CFS,18123087764.0,51431679187.0,-3685407805.0,3407710999.0,-64.76,-208.15
455900,엔젤로보틱스,KOSDAQ,42,-108,-100,-41.0,2455,15392,12.0,01592049,CFS,4641312180.0,4210953924.0,-10276486752.0,-10841824608.0,10.22,5.21
456010,아이씨티케이,KOSDAQ,6,-30,-11,-14.0,2104,14502,12.0,01373709,CFS,4020136626.0,6683572584.0,-8844656772.0,-6678913648.0,-39.85,-32.43
456070,이엔셀,KOSDAQ,72,-157,-152,-35.0,646,11029,12.0,01544468,CFS,5258687306.0,7209317184.0,-17902877551.0,-15683109888.0,-27.06,-14.15
456160,지투지바이오,KOSDAQ,8,-108,-833,-36100000.0,4706,16629,12.0,01577952,CFS,423070926.0,768930985.0,-12202308190.0,-10763507974.0,-44.98,-13.37
457370,한켐,KOSDAQ,367,65,69,15.0,536,8062,12.0,01016309,CFS,33895952208.0,36697456129.0,4851744563.0,6537056387.0,-7.63,-25.78
457550,우진엔텍,KOSDAQ,0,0,0,0.0,1295,9318,12.0,01030503,CFS,44807184983.0,43958552911.0,5058171927.0,5318973279.0,1.93,-4.9
457600,벡트,KOSDAQ,157,-6,-7,-26.0,453,13707,12.0,01453944,CFS,27637449907.0,41301346260.0,-2228820471.0,-937853824.0,-33.08,-137.65
458350,에스팀,KOSDAQ,59,-6,-6,0.0,340,8683,12.0,01379563,CFS,32603319404.0,30700327843.0,2471072924.0,1993160362.0,6.2,23.98
458650,성우,KOSDAQ,239,2,18,2.0,1158,15045,12.0,00319272,CFS,71526839454.0,103723193450.0,884189111.0,7918396051.0,-31.04,-88.83
458870,씨어스,KOSDAQ,325,139,137,0.0,10637,38059,12.0,01514227,CFS,48170737719.0,8099754810.0,16761295729.0,-8681501062.0,494.72,293.07
459100,위츠,KOSDAQ,549,15,28,12.0,535,13466,12.0,01445440,CFS,93096709135.0,73059477789.0,-3325355806.0,1732374333.0,27.43,-291.95
459510,나우로보틱스,KOSDAQ,30,-26,-32,0.0,1693,12978,12.0,01594791,CFS,12526033167.0,12059591829.0,-8206292816.0,-2856450125.0,3.87,-187.29
459550,알트,KOSDAQ,181,-8,-11,0.0,255,25220,12.0,01466373,CFS,111835396314.0,127611954492.0,9676898647.0,15576243064.0,-12.36,-37.87
460470,아이빔테크놀로지,KOSDAQ,36,-43,-40,-18.0,438,15119,12.0,01678312,CFS,4375864077.0,3564282688.0,-4153030940.0,-4309493276.0,22.77,3.63
460870,에스엠씨지,KOSDAQ,546,44,-16,-12.0,476,20073,12.0,01142260,CFS,55788407335.0,54570953170.0,4942762556.0,4446809134.0,2.23,11.15
460930,현대힘스,KOSDAQ,646,85,84,9.0,4527,35510,12.0,00667373,CFS,241502084429.0,211715478367.0,28423826401.0,19596021026.0,14.07,45.05
460940,피앤에스로보틱스,KOSDAQ,9,-4,0,0.0,569,13455,12.0,01419205,CFS,7639478060.0,7105295087.0,1024520188.0,1616767299.0,7.52,-36.63
461030,아이엠비디엑스,KOSDAQ,0,0,0,0.0,425,14334,12.0,01497373,CFS,5328626310.0,3406964929.0,-8664254150.0,-10611580142.0,56.4,18.35
461300,아이스크림미디어,KOSDAQ,1522,461,394,23.0,2059,13323,12.0,00657224,CFS,195910648546.0,152180302062.0,61763104721.0,46100544112.0,28.74,33.97
462310,뉴키즈온,KOSDAQ,103,-5,-5,0.0,278,7898,12.0,01467503,CFS,45256444988.0,47829292027.0,482515618.0,4265083153.0,-5.38,-88.69
462350,이노스페이스,KOSDAQ,14,-124,-124,-142.0,2065,33811,12.0,01700587,CFS,2746488690.0,14708000.0,-72916332835.0,-32351282603.0,18573.43,-125.39
462510,라메디텍,KOSDAQ,66,-97,-95,-68.0,252,8802,12.0,01504211,CFS,7187488048.0,6576887158.0,-11843612544.0,-9661719459.0,9.28,-22.58
462860,더즌,KOSDAQ,157,39,40,17.0,1298,71756,12.0,01563667,CFS,59976707207.0,62698656963.0,14658968194.0,10332022719.0,-4.34,41.88
462980,아이지넷,KOSDAQ,87,6,6,14.0,239,18234,12.0,01728167,CFS,5262456581.0,6535181505.0,-5494186847.0,-2293670960.0,-19.47,-139.54
463020,뉴엔AI,KOSDAQ,197,4,-55,-36.0,501,8879,12.0,01639508,CFS,18819000000.0,19716000000.0,-1109000000.0,429000000.0,-4.55,-358.51
463480,모티브링크,KOSDAQ,177,-14,-11,-3.0,477,12390,12.0,00367400,CFS,67404497846.0,61755073515.0,-1772653219.0,1771642327.0,9.15,-200.06
464080,에스오에스랩,KOSDAQ,49,-128,-120,-46.0,1410,17947,12.0,01686427,CFS,6086041489.0,4935969544.0,-16131399828.0,-12830689054.0,23.3,-25.73
464280,티디에스팜,KOSDAQ,275,37,42,12.0,300,5530,12.0,01232192,CFS,27620873511.0,27518775933.0,3765191759.0,3729663529.0,0.37,0.95
464490,쿼드메디슨,KOSDAQ,3,-44,-46,-46.0,645,11482,12.0,01671285,CFS,,,-6039787375.0,-3282107523.0,,-84.02
464500,아이언디바이스,KOSDAQ,47,-10,-7,-15.0,226,13993,12.0,01706794,CFS,10127280088.0,8371607726.0,-5575714938.0,-4876811631.0,20.97,-14.33
464580,닷밀,KOSDAQ,236,10,8,6.0,252,18406,12.0,01605282,CFS,33841306055.0,23630302177.0,122524497.0,1023815806.0,43.21,-88.03
465320,교보15호스팩,KOSDAQ,0,0,0,0.0,88,3810,12.0,01781847,CFS,0.0,0.0,,,,
465480,인스피언,KOSDAQ,200,25,28,0.0,326,10137,12.0,01284876,CFS,19025889792.0,19035192738.0,2398018482.0,3784285683.0,-0.05,-36.63
466100,클로봇,KOSDAQ,81,-25,-22,-2.0,5919,25459,12.0,01784914,CFS,23382141635.0,22993917345.0,-4392704598.0,-7392240013.0,1.69,40.58
466410,사이냅소프트,KOSDAQ,133,51,64,12.0,373,5037,12.0,01207901,CFS,13472225245.0,13252818490.0,4673775543.0,5074253584.0,1.66,-7.89
466690,키움히어로제1호스팩,KOSDAQ,0,0,0,-5.0,102,5095,12.0,01784677,CFS,0.0,0.0,-29718410.0,-27622850.0,,-7.59
467930,IBKS제23호스팩,KOSDAQ,0,-1,2,1.0,89,4230,12.0,01785700,CFS,0.0,0.0,-34360160.0,-53883100.0,,36.23
468530,프로티나,KOSDAQ,23,-91,-57,-36100000.0,2400,11035,12.0,01688568,CFS,2950918349.0,2300721436.0,-11367962763.0,-9121213180.0,28.26,-24.63
468760,유진스팩10호,KOSDAQ,0,0,2,3.0,88,4240,12.0,01787072,CFS,0.0,0.0,-43336567.0,-42893810.0,,-1.03
469480,IBKS제24호스팩,KOSDAQ,0,0,1,3.0,90,4230,12.0,01792791,CFS,0.0,0.0,-36551950.0,-43366760.0,,15.71
469610,이노테크,KOSDAQ,199,30,47,0.0,1087,8942,12.0,01745173,CFS,28586584629.0,16700015165.0,7285118733.0,4181681029.0,71.18,74.22
469750,아이비젼웍스,KOSDAQ,352,24,-46,-17.0,207,34456,12.0,01516766,CFS,23001097577.0,35170486748.0,-390839029.0,2385026314.0,-34.6,-116.39
469880,하나30호스팩,KOSDAQ,0,0,4,2.0,154,7305,12.0,01791321,CFS,0.0,0.0,-33050020.0,-40745020.0,,18.89
469900,하나31호스팩,KOSDAQ,0,0,2,3.0,116,5605,12.0,01791561,CFS,0.0,0.0,-30545950.0,-45818100.0,,33.33
471050,대신밸런스제17호스팩,KOSDAQ,0,-1,2,2.0,127,6060,12.0,01792825,CFS,,,-79861950.0,-63911457.0,,-24.96
471820,셀로맥스사이언스,KOSDAQ,47,3,6,8.0,459,11302,12.0,01448544,CFS,21670230136.0,21630336194.0,2959619230.0,5500520367.0,0.18,-46.19
472220,신영스팩10호,KOSDAQ,0,0,2,3.0,98,4690,12.0,01796858,CFS,0.0,0.0,,,,
472230,에스케이증권제11호스팩,KOSDAQ,0,0,1,2.0,86,4155,12.0,01797440,CFS,,,-35756358.0,-34178077.0,,-4.62
472850,폰드그룹,KOSDAQ,1169,170,152,16.0,2181,57571,12.0,01806951,CFS,178250355421.0,182670780995.0,20233865053.0,18918750560.0,-2.42,6.95
473000,에스케이증권제12호스팩,KOSDAQ,0,0,0,2.0,67,3310,12.0,01798722,CFS,,,-33523158.0,-33506977.0,,-0.05
473050,유안타제15호스팩,KOSDAQ,0,0,3,3.0,145,7010,12.0,01798980,CFS,,,-38068960.0,-32866700.0,,-15.83
473950,에스케이증권제13호스팩,KOSDAQ,0,0,0,1.0,89,4420,12.0,01801822,CFS,,,-39522094.0,-46527857.0,,15.06
473980,노머스,KOSDAQ,186,40,41,14.0,1115,11059,12.0,01703849,CFS,75727178386.0,68914309486.0,12381000754.0,8197264783.0,9.89,51.04
474170,루미르,KOSDAQ,143,-12,-11,-2.0,1028,17817,12.0,01636565,CFS,10568518218.0,14277073160.0,-594389927.0,-1201741372.0,-25.98,50.54
474490,유안타제16호스팩,KOSDAQ,0,0,2,3.0,113,5510,12.0,01804476,CFS,0.0,0.0,-37172248.0,-41667680.0,,10.79
474610,RF시스템즈,KOSDAQ,0,0,0,0.0,802,14415,12.0,01286476,CFS,38174363248.0,32672118780.0,4056230151.0,1685721027.0,16.84,140.62
474650,링크솔루션,KOSDAQ,16,-37,-40,0.0,1164,5752,12.0,01764099,CFS,13124605399.0,11187804975.0,-7377647696.0,-3996911446.0,17.31,-84.58
474660,신한제12호스팩,KOSDAQ,0,-2,-1,-1.0,113,5520,12.0,01809569,CFS,,,-46617430.0,-242521000.0,,80.78
474930,신한제13호스팩,KOSDAQ,0,0,1,2.0,75,3620,12.0,01807747,CFS,,,-36684380.0,-33550148.0,,-9.34
475040,스트라드비젼,KOSDAQ,36,-132,-131,0.0,1693,53255,12.0,01370517,CFS,18109229713.0,11539392256.0,-59198522796.0,-62962892408.0,56.93,5.98
475230,엔알비,KOSDAQ,172,15,-33,-4.0,780,10898,12.0,01708163,CFS,59481544678.0,52801060597.0,4461258309.0,6318858480.0,12.65,-29.4
475240,하나32호스팩,KOSDAQ,0,0,1,0.0,66,3200,12.0,01807738,CFS,0.0,0.0,-34857670.0,-37569091.0,,7.22
475250,하나33호스팩,KOSDAQ,0,0,1,0.0,76,3700,12.0,01807729,CFS,,,-33264590.0,-21718900.0,,-53.16
475400,씨메스로보틱스,KOSDAQ,58,-51,-48,-26.0,1793,11806,12.0,01588189,CFS,11205778842.0,6700814956.0,-17450985035.0,-12848325074.0,67.23,-35.82
475430,키스트론,KOSDAQ,0,0,0,0.0,734,17848,12.0,00204323,CFS,69316361099.0,68954759345.0,7395126735.0,5900745440.0,0.52,25.33
475460,미트박스,KOSDAQ,343,16,10,6.0,313,5646,12.0,01374717,CFS,,,3301900721.0,3165038248.0,,4.32
475580,에이럭스,KOSDAQ,152,-25,-32,-22.0,944,13624,12.0,01641600,CFS,28199409465.0,32105042210.0,-5979709913.0,30747328.0,-12.17,-19547.9
475660,에스켐,KOSDAQ,331,22,10,6.0,273,7929,12.0,01383779,CFS,22099311758.0,33085342158.0,-2030430140.0,2243780768.0,-33.21,-190.49
475830,오름테라퓨틱,KOSDAQ,0,-181,-153,-35.0,9100,21719,12.0,01658831,CFS,23564233.0,20905620577.0,-55203589717.0,-9555816201.0,-99.89,-477.7
475960,토모큐브,KOSDAQ,27,-19,-14,-9.0,4817,13383,12.0,01573336,CFS,9579343762.0,6034466828.0,-5072567262.0,-7693477610.0,58.74,34.07
476040,오가노이드사이언스,KOSDAQ,1,-42,-44,0.0,491,6585,12.0,01626391,CFS,2407883712.0,1952346475.0,-13313666491.0,-10585773277.0,23.33,-25.77
476060,온코닉테라퓨틱스,KOSDAQ,148,-48,-99,-45.0,5221,45407,12.0,01632912,CFS,,,12619100519.0,-4797790778.0,,363.02
476080,M83,KOSDAQ,669,-26,-33,-15.0,268,8077,12.0,01704680,CFS,10801212933.0,21721077040.0,-4366619311.0,793494573.0,-50.27,-650.3
476830,알지노믹스,KOSDAQ,0,0,0,0.0,7252,28055,12.0,01596920,CFS,,,-14597361438.0,-12861965312.0,,-13.49
477340,에이치엠씨제7호스팩,KOSDAQ,0,0,2,0.0,152,7510,12.0,01813377,CFS,0.0,0.0,-31421490.0,-37853442.0,,16.99
477380,미래에셋비전스팩4호,KOSDAQ,0,0,2,0.0,166,8100,12.0,01814233,CFS,,,-40467887.0,-39106670.0,,-3.48
477470,미래에셋비전스팩5호,KOSDAQ,0,0,1,0.0,114,5480,12.0,01817249,CFS,,,-44891110.0,-37315460.0,,-20.3
477760,DB금융스팩12호,KOSDAQ,0,0,0,0.0,120,5840,12.0,01814589,CFS,0.0,0.0,-32187733.0,-56450147.0,,42.98
477850,마키나락스,KOSDAQ,30,-24,-24,0.0,3490,17754,12.0,01709065,,,,,,,
478110,이베스트스팩6호,KOSDAQ,0,0,1,0.0,102,5020,12.0,01815764,CFS,0.0,0.0,-32927200.0,-35490940.0,,7.22
478340,나라스페이스테크놀로지,KOSDAQ,43,-44,-107,-36100000.0,1200,11570,12.0,01787355,CFS,13236859805.0,4299000437.0,-5460961314.0,-4432875706.0,207.91,-23.19
478390,KB제29호스팩,KOSDAQ,0,0,2,0.0,126,6220,12.0,01816268,CFS,0.0,0.0,-38613140.0,-42154840.0,,8.4
478440,미래에셋비전스팩6호,KOSDAQ,0,0,2,0.0,141,6930,12.0,01819867,CFS,0.0,0.0,-38624560.0,-27758840.0,,-39.14
478560,블랙야크아이앤씨,KOSDAQ,167,26,16,-7.0,638,25830,12.0,01718407,CFS,40877659293.0,37685839673.0,8560224027.0,8298809997.0,8.47,3.15
479880,한국제15호스팩,KOSDAQ,0,0,2,0.0,140,6870,12.0,01818682,CFS,,,-51856326.0,-30707284.0,,-68.87
479960,위너스일렉,KOSDAQ,264,29,30,10.0,428,7126,12.0,01137860,CFS,31246643473.0,26357463329.0,5271316700.0,2925395100.0,18.55,80.19
481070,에이유브랜즈,KOSDAQ,185,20,27,16.0,2321,14330,12.0,01803927,CFS,48346424829.0,42670987828.0,7580368971.0,13180122465.0,13.3,-42.49
481890,엔에이치스팩31호,KOSDAQ,0,0,1,0.0,131,6345,12.0,01834194,CFS,0.0,0.0,-50269705.0,-35745300.0,,-40.63
482520,교보16호스팩,KOSDAQ,0,-1,0,0.0,124,6100,12.0,01845701,CFS,0.0,0.0,-97173940.0,-56214417.0,,-72.86
482630,삼양엔씨켐,KOSDAQ,0,0,0,0.0,2703,21888,12.0,00863533,CFS,125385914184.0,110516459677.0,17632099657.0,10748311512.0,13.45,64.05
482680,미래에셋비전스팩7호,KOSDAQ,0,0,1,0.0,168,8215,12.0,01841635,CFS,,,-38020290.0,-26029760.0,,-46.06
482690,대신밸런스제19호스팩,KOSDAQ,0,0,-1,0.0,116,5615,12.0,01845534,CFS,0.0,0.0,-38943610.0,-25112931.0,,-55.07
484120,도우인시스,KOSDAQ,268,18,69,6.0,1802,10957,12.0,01380578,CFS,47281418381.0,67001428122.0,-1026005694.0,11277003648.0,-29.43,-109.1
484130,하나34호스팩,KOSDAQ,0,0,0,0.0,91,4520,12.0,01847550,CFS,0.0,0.0,,,,
484590,삼양컴텍,KOSDAQ,1416,181,168,36.0,2443,41210,12.0,00141583,CFS,154607270230.0,141594663733.0,26631015664.0,18058661707.0,9.19,47.47
484810,티엑스알로보틱스,KOSDAQ,572,53,42,16.0,1491,15450,12.0,01458161,CFS,56632898384.0,57227363835.0,-771918665.0,5268076346.0,-1.04,-114.65
486630,KB제30호스팩,KOSDAQ,0,0,1,0.0,107,5310,12.0,01851650,CFS,0.0,0.0,-31331300.0,-31246340.0,,-0.27
486990,노타,KOSDAQ,36,-42,-40,0.0,3434,21346,12.0,01810477,CFS,13100933426.0,8437471458.0,-15296644162.0,-11764392551.0,55.27,-30.02
487360,신한제14호스팩,KOSDAQ,0,0,0,0.0,113,5640,12.0,01853214,CFS,,,-46918390.0,-30902990.0,,-51.82
487580,폴레드,KOSDAQ,253,45,46,27.0,945,25182,12.0,01565364,,,,,,,
487720,키움제10호스팩,KOSDAQ,0,0,0,0.0,85,4230,12.0,01877126,CFS,0.0,0.0,-14851080.0,-18682650.0,,20.51
487830,신한제15호스팩,KOSDAQ,0,0,0,0.0,87,4350,12.0,01854408,CFS,,0.0,-49577080.0,-28299118.0,,-75.19
488060,유진스팩11호,KOSDAQ,0,0,0,0.0,96,4720,12.0,01854392,CFS,0.0,0.0,,,,
488280,에스투더블유,KOSDAQ,22,-23,-20,-44.0,999,10803,12.0,01803635,CFS,10087988521.0,9611557641.0,-5384000378.0,-4270278332.0,4.96,-26.08
488900,비츠로넥스텍,KOSDAQ,304,-141,-154,-59.0,2129,28976,12.0,01194607,CFS,36790989927.0,30375898845.0,-7364263584.0,-14065489282.0,21.12,47.64
489210,교보17호스팩,KOSDAQ,0,0,0,0.0,104,5180,12.0,01866528,CFS,0.0,0.0,,,,
489460,바이오비쥬,KOSDAQ,80,26,37,0.0,989,15044,12.0,01657197,CFS,28207573482.0,29641369095.0,4289390420.0,9234675197.0,-4.84,-53.55
489480,키움제11호스팩,KOSDAQ,0,0,0,0.0,133,6600,12.0,01873272,CFS,0.0,0.0,-20343658.0,-21705380.0,,6.27
489500,엘케이켐,KOSDAQ,61,11,16,9.0,1175,6391,12.0,01747977,CFS,20166188262.0,25039914791.0,4662917805.0,10234548128.0,-19.46,-54.44
489730,디비금융제13호스팩,KOSDAQ,0,0,0,0.0,127,6332,12.0,01857991,CFS,0.0,0.0,-35646970.0,-46541850.0,,23.41
490470,세미파이브,KOSDAQ,479,1,15,0.0,5981,34025,12.0,01627363,CFS,90512387595.0,75985474639.0,-46802172759.0,-22489297335.0,19.12,-108.11
491000,리브스메드,KOSDAQ,103,-84,-59,0.0,8926,25004,12.0,01385005,CFS,52711581591.0,27143705840.0,-5274310938.0,-14810326833.0,94.19,64.39
492220,KB제31호스팩,KOSDAQ,0,0,0,0.0,124,6210,12.0,01866926,CFS,0.0,0.0,-85519389.0,-27807630.0,,-207.54
493280,아이엠바이오로직스,KOSDAQ,0,0,0,0.0,2450,14836,12.0,01859500,CFS,11618699446.0,27593912633.0,297697050.0,13998471477.0,-57.89,-97.87
493330,지에프아이,KOSDAQ,195,29,30,0.0,744,7839,12.0,01450938,CFS,42853233181.0,23070585896.0,6961096764.0,3998289502.0,85.75,74.1
493790,유안타제17호스팩,KOSDAQ,0,0,0,0.0,106,5310,12.0,01872219,CFS,,,-45503970.0,-17100790.0,,-166.09
494120,큐리오시스,KOSDAQ,11,-16,-15,-41.0,804,7629,12.0,01786958,CFS,6817768297.0,4689159285.0,-7536583473.0,-6399439976.0,45.39,-17.77
496070,신한제16호스팩,KOSDAQ,0,0,0,0.0,112,5620,12.0,01875146,CFS,,,-38495880.0,-18715335.0,,-105.69
498390,한화플러스제5호스팩,KOSDAQ,0,0,0,0.0,100,4960,12.0,01881800,CFS,,,-211944489.0,-9408000.0,,-2152.81
