종목코드,종목명,재무제표종류,유동자산_2023,유동자산_2022,유동자산_2021,유동부채_2023,유동부채_2022,유동부채_2021,부채총계_2023,부채총계_2022,부채총계_2021,자본총계_2023,자본총계_2022,자본총계_2021,매출액_2023,매출액_2022,매출액_2021,영업이익_2023,영업이익_2022,영업이익_2021,당기순이익_2023,당기순이익_2022,당기순이익_2021,ROE_2023,부채비율_2023,유동비율_2023,ROE_2022,부채비율_2022,유동비율_2022,ROE_2021,부채비율_2021,유동비율_2021,매출액성장률_2023,영업이익성장률_2023,매출액성장률_2022,영업이익성장률_2022
000020,동화약품,CFS,237700038220.0,227527470560.0,220198640064.0,106133854638.0,75562338929.0,66461302426.0,157916042874.0,82463208091.0,87671267145.0,407056365747.0,378673250961.0,360133219794.0,361108562008.0,340426327300.0,293018112028.0,18775880121.0,29915077882.0,22496350976.0,28237045586.0,21591210925.0,19582802208.0,6.94,38.79,223.96,5.7,21.78,301.11,5.44,24.34,331.32,6.08,-37.24,16.18,32.98
000040,KR모터스,CFS,48971232724.0,60741213420.0,69662862171.0,100285757703.0,93561448025.0,95521993616.0,116165786012.0,109161230426.0,118211175186.0,22404630587.0,40024015157.0,50225636296.0,78406266627.0,117058740510.0,133510437922.0,-17856852211.0,-6234392973.0,-2697618022.0,-21026668952.0,-13001279643.0,-11924557643.0,-93.85,518.49,48.83,-32.48,272.74,64.92,-23.74,235.36,72.93,-33.02,-186.42,-12.32,-131.11
000050,경방,CFS,147155592912.0,149882373163.0,125501061907.0,284315938413.0,199537522037.0,230716413570.0,468815407005.0,493309854178.0,518658698167.0,738045543935.0,755008459357.0,752146420062.0,393518958996.0,389227582838.0,383357144805.0,15968826403.0,31895306272.0,53796815200.0,-13452219151.0,4415249761.0,22281879937.0,-1.82,63.52,51.76,0.58,65.34,75.11,2.96,68.96,54.4,1.1,-49.93,1.53,-40.71
000070,삼양홀딩스,CFS,1891863242322.0,1747899297133.0,1651027117253.0,1362419052900.0,754976733224.0,1002762979206.0,2340123861992.0,2024270109926.0,2035181761099.0,2796536317013.0,2523510512180.0,2425406927582.0,3210853491794.0,3316777826141.0,3107313356762.0,94802726814.0,132324276850.0,351699774956.0,227014034818.0,105849359330.0,274086322918.0,8.12,83.68,138.86,4.19,80.22,231.52,11.3,83.91,164.65,-3.19,-28.36,6.74,-62.38
000080,하이트진로,CFS,1067666618640.0,1054944220365.0,1304322155414.0,1637599087593.0,1538466820626.0,1836774623142.0,2242471577188.0,2172409936540.0,2537892111011.0,1115875628342.0,1161028374847.0,1093159328672.0,2520181551629.0,2497554821448.0,2202903850371.0,123919983380.0,190571249139.0,174111104900.0,35511119931.0,86816258840.0,71771637523.0,3.18,200.96,65.2,7.48,187.11,68.57,6.57,232.16,71.01,0.91,-34.97,13.38,9.45
000087,하이트진로2우B,,,,,,,,,,,,,,,,,,,,,,,,,,,,,,,,,,,
000100,유한양행,CFS,1256459307871.0,1188897717371.0,1224097103095.0,583192369256.0,434154259039.0,431979507891.0,712337878463.0,464921702703.0,527922717347.0,2101732643463.0,2007806369446.0,1935889087603.0,1858983759666.0,1775846942745.0,1687810317744.0,56759795062.0,36028967211.0,48596120264.0,134031517424.0,90592526174.0,99126677873.0,6.38,33.89,215.45,4.51,23.16,273.84,5.12,27.27,283.37,4.68,57.54,5.22,-25.86
000105,유한양행우,,,,,,,,,,,,,,,,,,,,,,,,,,,,,,,,,,,
000120,CJ대한통운,CFS,2488306558137.0,2956459492592.0,2348222541961.0,2622292399933.0,3108759801795.0,2448916060807.0,5314491023876.0,5658991479602.0,4977570577451.0,4043096242871.0,4034308338662.0,4016357938933.0,11767893663269.0,12130712862374.0,11343651787492.0,480234863157.0,411786887242.0,343880765667.0,242876054885.0,196821784424.0,158279696245.0,6.01,131.45,94.89,4.88,140.27,95.1,3.94,123.93,95.89,-2.99,16.62,6.94,19.75
000140,하이트진로홀딩스,CFS,1085052800898.0,1071001299628.0,1318819854485.0,2148800130886.0,1953602947964.0,2354816512612.0,2874614630369.0,2779584712819.0,3148923131403.0,1105136518377.0,1165416251848.0,1087375061719.0,2506869281995.0,2484277054372.0,2192007504681.0,138073290650.0,202502517207.0,188406599612.0,18315800358.0,72048976158.0,67355184309.0,1.66,260.11,50.5,6.18,238.51,54.82,6.19,289.59,56.01,0.91,-31.82,13.33,7.48
000145,하이트진로홀딩스우,,,,,,,,,,,,,,,,,,,,,,,,,,,,,,,,,,,
000150,두산,CFS,11446327758199.0,9526315384836.0,9877148136531.0,11438852161739.0,9478485386427.0,12009372006886.0,17080070105878.0,16017536857154.0,17535706719844.0,11206738545707.0,10297815766057.0,8410118702245.0,19130129881903.0,16995760103010.0,12851485792017.0,1436262204451.0,1126028726422.0,921057400974.0,272073643932.0,-581168717784.0,648815499161.0,2.43,152.41,100.07,-5.64,155.54,100.5,7.71,208.51,82.25,12.56,27.55,32.25,22.25
000155,두산우,,,,,,,,,,,,,,,,,,,,,,,,,,,,,,,,,,,
000157,두산2우B,,,,,,,,,,,,,,,,,,,,,,,,,,,,,,,,,,,
000180,성창기업지주,CFS,57333168068.0,94243757784.0,73960214223.0,108459246277.0,135617637519.0,89696325348.0,195769130917.0,224541467009.0,164488267623.0,573298043999.0,595772787956.0,539251837219.0,166253799305.0,227519697624.0,197940313061.0,-16701274741.0,-11487135610.0,10471849670.0,-24022292887.0,-13134358819.0,5938031129.0,-4.19,34.15,52.86,-2.2,37.69,69.49,1.1,30.5,82.46,-26.93,-45.39,14.94,-209.7
000210,DL,CFS,2818251796605.0,3002744413405.0,2512731845125.0,3123550526270.0,2323118787433.0,1460930581946.0,7586162395568.0,7401228917375.0,3793988663859.0,4533401164317.0,4602803852867.0,4386726629996.0,5017815821242.0,5173707170177.0,2358774796779.0,150696391721.0,284470889015.0,193162085397.0,-120978168525.0,98152634753.0,728618667120.0,-2.67,167.34,90.23,2.13,160.8,129.25,16.61,86.49,172.0,-3.01,-47.03,119.34,47.27
000215,DL우,,,,,,,,,,,,,,,,,,,,,,,,,,,,,,,,,,,
000220,유유제약,CFS,101596545868.0,96357746320.0,98887921935.0,49975202561.0,64315528099.0,30014748584.0,77857871884.0,71831031376.0,64300209429.0,120355654883.0,123374041412.0,128685078168.0,137209588673.0,138881056346.0,115655484997.0,364537115.0,-592113629.0,1200168223.0,-5540581558.0,-4425392926.0,-920289067.0,-4.6,64.69,203.29,-3.59,58.22,149.82,-0.72,49.97,329.46,-1.2,161.57,20.08,-149.34
000225,유유제약1우,,,,,,,,,,,,,,,,,,,,,,,,,,,,,,,,,,,
000227,유유제약2우B,,,,,,,,,,,,,,,,,,,,,,,,,,,,,,,,,,,
000230,일동홀딩스,CFS,269741863061.0,357916641920.0,367618431062.0,531647750490.0,526724128430.0,539305409799.0,707097204368.0,693452985420.0,737422939881.0,169901850428.0,169100181474.0,183339578431.0,638447517670.0,675539717333.0,592374545924.0,-79561775827.0,-98410983144.0,-82843702401.0,-118787164570.0,-194503503708.0,-134695952279.0,-69.92,416.18,50.74,-115.02,410.08,67.95,-73.47,402.22,68.17,-5.49,19.15,14.04,-18.79
000240,한국앤컴퍼니,CFS,719088877696.0,531357795700.0,630341081664.0,461942240387.0,285271955522.0,242029427910.0,624304502331.0,445377543909.0,345760552275.0,4016691459374.0,3856441131880.0,3735469202373.0,1089668057103.0,1095895770449.0,963300354498.0,256563452628.0,245248895826.0,228305200484.0,187234321156.0,166028417720.0,200011036446.0,4.66,15.54,155.67,4.31,11.55,186.26,5.35,9.26,260.44,-0.57,4.61,13.76,7.42
000270,기아,CFS,37466302000000.0,34147147000000.0,29205483000000.0,25674105000000.0,25377803000000.0,21562636000000.0,34069591000000.0,34367884000000.0,31937441000000.0,46558235000000.0,39343081000000.0,34912556000000.0,99808420000000.0,86559029000000.0,69862366000000.0,11607873000000.0,7233120000000.0,5065685000000.0,8777817000000.0,5408976000000.0,4760311000000.0,18.85,73.18,145.93,13.75,87.35,134.56,13.63,91.48,135.44,15.31,60.48,23.9,42.79
000300,DH오토넥스,CFS,22832186627.0,244993953070.0,319733925042.0,197353624947.0,330733362911.0,340478723231.0,202256217483.0,431957816260.0,455486600368.0,-127983096130.0,111252460593.0,138907087930.0,32790275265.0,50206345165.0,464527022851.0,-29945679316.0,-3650120030.0,7907353424.0,-177163487018.0,-24285822987.0,1985111466.0,138.43,-158.03,11.57,-21.83,388.27,74.08,1.43,327.91,93.91,-34.69,-720.4,-89.19,-146.16
000320,노루홀딩스,CFS,595112644977.0,583742767450.0,495132610770.0,351623858673.0,367016107664.0,308285779935.0,495031925010.0,511163923981.0,472000054543.0,693791646520.0,660825453997.0,583537127613.0,1214616529837.0,1031734916590.0,950092196546.0,67435854564.0,29622458735.0,26621627604.0,51679439985.0,33390806659.0,10707789673.0,7.45,71.35,169.25,5.05,77.35,159.05,1.83,80.89,160.61,17.73,127.65,8.59,11.27
000325,노루홀딩스우,,,,,,,,,,,,,,,,,,,,,,,,,,,,,,,,,,,
000370,한화손해보험,CFS,,,,,,,14769484441908.0,13942309499679.0,18825405054947.0,3345779304103.0,3231202089729.0,1459583024339.0,0.0,0.0,7992553392764.0,,,,212756867457.0,187263661938.0,94867381537.0,6.36,441.44,,5.8,431.49,,6.5,1289.78,,,,-100.0,
000390,SP삼화,CFS,298301302214.0,288113092021.0,303516203271.0,214188723179.0,225145199247.0,218092920344.0,281560002691.0,287461316451.0,316175727485.0,309053611346.0,299724957682.0,295922008681.0,631381875774.0,646039531651.0,631605900694.0,25826733514.0,19854394322.0,823659928.0,16130730290.0,5498047424.0,-2425671290.0,5.22,91.1,139.27,1.83,95.91,127.97,-0.82,106.84,139.17,-2.27,30.08,2.29,2310.51
000400,롯데손해보험,CFS,,,,,,,13586751527119.0,14961508820035.0,17909167668076.0,1256231689675.0,1803031352388.0,1002022030279.0,,,,,,,301635926214.0,-99202435421.0,119877975633.0,24.01,1081.55,,-5.5,829.8,,11.96,1787.3,,,,,
000430,대원강업,CFS,415648611932.0,380159612604.0,346751429467.0,372141469780.0,376914805040.0,342470164450.0,408110668532.0,412406943010.0,406038473793.0,618192989958.0,598011882328.0,576991043541.0,1106756862193.0,1024450498787.0,862222796887.0,59171860226.0,22056715849.0,-4958511406.0,37786380416.0,23233915898.0,-2857371907.0,6.11,66.02,111.69,3.89,68.96,100.86,-0.5,70.37,101.25,8.03,168.27,18.82,544.83
000480,CR홀딩스,CFS,431029759217.0,460349348857.0,415565058720.0,710420109813.0,551300891815.0,448165791167.0,795117752139.0,793378121821.0,560656513213.0,826684106817.0,827063930862.0,788679464058.0,816904445534.0,798039613255.0,746291404630.0,39415273348.0,22597868685.0,33138447600.0,26857674151.0,49575574685.0,33396172674.0,3.25,96.18,60.67,5.99,95.93,83.5,4.23,71.09,92.73,2.36,74.42,6.93,-31.81
000490,대동,CFS,1174544147465.0,1048975028464.0,688216247809.0,1110209880220.0,925269813878.0,691723595537.0,1379316412077.0,1241782449283.0,874734548516.0,577059698865.0,471990756298.0,385904527476.0,1433390777280.0,1463737929724.0,1179193321819.0,65403445106.0,88279120517.0,38206130770.0,11919509695.0,38470968608.0,34671963023.0,2.07,239.02,105.79,8.15,263.09,113.37,8.98,226.67,99.49,-2.07,-25.91,24.13,131.06
000500,가온전선,CFS,545333236859.0,491767369545.0,401943906435.0,376758134591.0,319323694193.0,246544293099.0,470794089215.0,449261889191.0,390851138494.0,331011443000.0,303070555819.0,268115290322.0,1498606544413.0,1416454404337.0,1070383204799.0,43720038993.0,28462568691.0,16571777888.0,17898342263.0,10463889335.0,5854428912.0,5.41,142.23,144.74,3.45,148.24,154.0,2.18,145.78,163.03,5.8,53.61,32.33,71.75
000520,삼일제약,CFS,81115093239.0,74781467488.0,76710526474.0,168674681515.0,132592028750.0,121674244828.0,242852725250.0,230880901101.0,160658490541.0,127827371786.0,125819595538.0,65746492511.0,196345807846.0,179676108240.0,134246777887.0,6471027760.0,4016581828.0,399740768.0,1663539539.0,-28287010.0,-5346662644.0,1.3,189.98,48.09,-0.02,183.5,56.4,-8.13,244.36,63.05,9.28,61.11,33.84,904.8
000540,흥국화재,CFS,,,,,,,10670878000000.0,9810958000000.0,13071612000000.0,1360675000000.0,2592783000000.0,690648000000.0,,,,,,,316147000000.0,207243000000.0,62045000000.0,23.23,784.23,,7.99,378.39,,8.98,1892.66,,,,,
000545,흥국화재우,,,,,,,,,,,,,,,,,,,,,,,,,,,,,,,,,,,
000590,CS홀딩스,CFS,236509695616.0,213280099039.0,189086292937.0,25133516977.0,22982072997.0,29190455516.0,36702819606.0,33693421213.0,41521127951.0,347206891081.0,330428149572.0,312195867796.0,171965239524.0,175266452048.0,159017955309.0,19128717935.0,15632045335.0,19647701659.0,22145557927.0,18788497648.0,21065820782.0,6.38,10.57,941.01,5.69,10.2,928.03,6.75,13.3,647.77,-1.88,22.37,10.22,-20.44
000640,동아쏘시오홀딩스,CFS,413803739844.0,338341608434.0,358552483675.0,628929901050.0,566085715566.0,467281724372.0,929797048609.0,732791277454.0,706347761608.0,1027309301757.0,998660789749.0,985040574378.0,1132002860400.0,1014860897959.0,881944084032.0,76881723048.0,37854827137.0,61564188030.0,55863039721.0,7835195645.0,60511695848.0,5.44,90.51,65.79,0.78,73.38,59.77,6.14,71.71,76.73,11.54,103.1,15.07,-38.51
000650,천일고속,CFS,5021819384.0,9480877874.0,14796468264.0,8691395907.0,18006556086.0,6162509644.0,35683673324.0,28229905515.0,26777803079.0,19058948856.0,26615752815.0,35928246855.0,43998455771.0,37703179407.0,29342954504.0,-5148165928.0,-7411183633.0,-9844065237.0,-4813001445.0,-6007020421.0,-567981626.0,-25.25,187.23,57.78,-22.57,106.06,52.65,-1.58,74.53,240.1,16.7,30.54,28.49,24.71
000660,SK하이닉스,CFS,30468100000000.0,28733332000000.0,26907075000000.0,21007810000000.0,19843696000000.0,14735395000000.0,46826413000000.0,40580970000000.0,34155467000000.0,53503752000000.0,63290542000000.0,62191058000000.0,32765719000000.0,44621568000000.0,42997792000000.0,-7730313000000.0,6809417000000.0,12410340000000.0,-9137547000000.0,2241669000000.0,9616188000000.0,-17.08,87.52,145.03,3.54,64.12,144.8,15.46,54.92,182.6,-26.57,-213.52,3.78,-45.13
000670,영풍,CFS,1369894823006.0,1747077425369.0,1846657402617.0,688209207689.0,925918930294.0,1010763720625.0,1285348175271.0,1468547025489.0,1618710697773.0,4282768794784.0,4403386626977.0,3902290707844.0,3761732632263.0,4429488166601.0,3582074826364.0,-169812608768.0,68871997441.0,-26784314362.0,-83369162564.0,415564249162.0,170063546594.0,-1.95,30.01,199.05,9.44,33.35,188.69,4.36,41.48,182.7,-15.08,-346.56,23.66,357.14
000680,LS네트웍스,CFS,285499587635.0,282285964979.0,280148930102.0,597891183828.0,210966610920.0,171369784430.0,745211525600.0,748565972243.0,755744194994.0,564007596867.0,551876482818.0,553629003062.0,379631754364.0,362911031595.0,390470563901.0,11618277292.0,8016374672.0,4309069589.0,10704983628.0,-2397223065.0,60088302833.0,1.9,132.13,47.75,-0.43,135.64,133.81,10.85,136.51,163.48,4.61,44.93,-7.06,86.03
000700,유수홀딩스,CFS,323186011567.0,314536587203.0,308802612217.0,57086858829.0,63779943527.0,73853751394.0,68107152536.0,79255169817.0,93662171614.0,446364985165.0,445670895055.0,408044920590.0,341773101419.0,557607368527.0,503704317701.0,21005544102.0,29646246718.0,20347476590.0,23263597963.0,44118934136.0,39167182400.0,5.21,15.26,566.13,9.9,17.78,493.16,9.6,22.95,418.13,-38.71,-29.15,10.7,45.7
000720,현대건설,CFS,18613430000000.0,15516744000000.0,14526404000000.0,10356647000000.0,8757397000000.0,7613217000000.0,13258980000000.0,10987431000000.0,10207973000000.0,10455515000000.0,9924277000000.0,9429291000000.0,29651357000000.0,21239082000000.0,18065534000000.0,785430000000.0,574902000000.0,753504000000.0,654281000000.0,470876000000.0,554377000000.0,6.26,126.81,179.72,4.74,110.71,177.18,5.88,108.26,190.81,39.61,36.62,17.57,-23.7
000725,현대건설우,,,,,,,,,,,,,,,,,,,,,,,,,,,,,,,,,,,
000760,이화산업,CFS,44829814562.0,48156421369.0,54670129043.0,30053673395.0,27876430288.0,33733301301.0,58674386856.0,58496402565.0,66332387951.0,207278131988.0,209720843894.0,208357510384.0,47187842383.0,58633950913.0,57775111897.0,-1813616540.0,-884105121.0,-4965189508.0,-2102669509.0,864473481.0,59161557330.0,-1.01,28.31,149.17,0.41,27.89,172.75,28.39,31.84,162.07,-19.52,-105.14,1.49,82.19
000810,삼성화재,CFS,,,,,,,68874631707984.0,68272537720188.0,79441679329735.0,16144398281437.0,12523472714851.0,15492331780717.0,,,,2357283417485.0,2044658985784.0,1506861736073.0,1821614343047.0,1626701560909.0,1124710311207.0,11.28,426.62,,12.99,545.16,,7.26,512.78,,,15.29,,35.69
000815,삼성화재우,,,,,,,,,,,,,,,,,,,,,,,,,,,,,,,,,,,
000850,화천기공,CFS,188321223600.0,204833126801.0,158181676958.0,79201392082.0,85246377720.0,64984358745.0,118338768262.0,128766812502.0,117087775886.0,345546637806.0,345265803434.0,308349081430.0,225720429438.0,244093710786.0,203972289491.0,4560057509.0,8182884639.0,3322539254.0,10563122927.0,37485626338.0,9313607545.0,3.06,34.25,237.78,10.86,37.29,240.28,3.02,37.97,243.42,-7.53,-44.27,19.67,146.28
000860,강남제비스코,CFS,329042678141.0,318471402195.0,296850341524.0,220270857716.0,190999008997.0,134446267528.0,293589356337.0,278945532072.0,242083987540.0,692097370896.0,678845782760.0,661926964797.0,638789180998.0,673166188482.0,590983999981.0,23167970906.0,4405118561.0,-12719974974.0,21726050379.0,11666578220.0,47442441436.0,3.14,42.42,149.38,1.72,41.09,166.74,7.17,36.57,220.79,-5.11,425.93,13.91,134.63
000880,한화,CFS,23053899000000.0,22317004000000.0,17597982000000.0,26074591000000.0,21094631000000.0,16468961000000.0,176539410000000.0,163801018000000.0,166922332000000.0,3399738000000.0,3344110000000.0,3593748000000.0,53134813000000.0,50886731000000.0,52836069000000.0,2411920000000.0,2369638000000.0,2927888000000.0,1635515000000.0,2008961000000.0,2282069000000.0,48.11,5192.74,88.42,60.07,4898.19,105.79,63.5,4644.8,106.86,4.42,1.78,-3.69,-19.07
00088K,한화3우B,,,,,,,,,,,,,,,,,,,,,,,,,,,,,,,,,,,
000890,보해양조,CFS,56289797484.0,57906204735.0,59746784188.0,60764404535.0,49381850760.0,44291064505.0,63286857321.0,64936220688.0,68867729120.0,80013889453.0,82456280259.0,84249034543.0,93084785144.0,90858780910.0,83748910790.0,-2803701933.0,61880701.0,1053737072.0,-3555068227.0,-2828783632.0,-908719386.0,-4.44,79.09,92.64,-3.43,78.75,117.26,-1.08,81.74,134.9,2.45,-4630.82,8.49,-94.13
000910,유니온,CFS,139172431033.0,140428558016.0,133771712179.0,152236382625.0,132962186534.0,124577642149.0,206746720586.0,201552927080.0,182516607328.0,176099556371.0,174558796250.0,183648543703.0,224649755569.0,234981176780.0,215922625914.0,-1992452119.0,2897590739.0,5173428419.0,-2562126203.0,-9138513568.0,10374291668.0,-1.45,117.4,91.42,-5.24,115.46,105.62,5.65,99.38,107.38,-4.4,-168.76,8.83,-43.99
000950,전방,CFS,153530945344.0,183763559312.0,280690515577.0,38878298744.0,85022926184.0,214719979609.0,47159660314.0,104809893220.0,239288170943.0,189819477322.0,210657995414.0,144025298312.0,94772410649.0,124914049101.0,133745227330.0,-32548106506.0,-35045943284.0,7360077995.0,-19193789810.0,67453344175.0,159907246.0,-10.11,24.84,394.9,32.02,49.75,216.13,0.11,166.14,130.72,-24.13,7.13,-6.6,-576.16
000970,한국주철관,CFS,247694042814.0,233007687015.0,227709631100.0,59755226888.0,57454236920.0,62669145261.0,74562473227.0,73948278772.0,76191124416.0,359545628831.0,350660350544.0,346898827360.0,456325697481.0,484291225781.0,510185095507.0,20384146359.0,13990246944.0,48569477615.0,17420022071.0,12067999270.0,65898905421.0,4.85,20.74,414.51,3.44,21.09,405.55,19.0,21.96,363.35,-5.77,45.7,-5.08,-71.2
000990,DB하이텍,CFS,1027982955095.0,1327330066477.0,814724703271.0,220150412233.0,416099502332.0,342632555604.0,303296256385.0,507381718523.0,460954603040.0,1740082437747.0,1634784143895.0,1105159337831.0,1154223638940.0,1669476722276.0,1214682040178.0,265437456373.0,761884807377.0,389229044615.0,264149250979.0,556227095934.0,313979185521.0,15.18,17.43,466.95,34.02,31.04,318.99,28.41,41.71,237.78,-30.86,-65.16,37.44,95.74
001020,페이퍼코리아,CFS,234120860487.0,249090738796.0,241095269218.0,113378421542.0,410999661424.0,195689649970.0,196513777401.0,440215219986.0,451786535547.0,295154590745.0,61614925476.0,45381107747.0,362071696060.0,409957041438.0,435282695963.0,31156677378.0,25843738569.0,31459196423.0,15232336453.0,-1828714243.0,9246301358.0,5.16,66.58,206.5,-2.97,714.46,60.61,20.37,995.54,123.2,-11.68,20.56,-5.82,-17.85
001040,CJ,CFS,13668165559000.0,15143819806000.0,12020596817000.0,15182706675000.0,16950325414000.0,12546083570000.0,29310944319000.0,30506774819000.0,25492465688000.0,17892818574000.0,17733633488000.0,16463530116000.0,41352688159000.0,40924879773000.0,34484026554000.0,2039057889000.0,2154201790000.0,1881800099000.0,524667990000.0,686845690000.0,806961658000.0,2.93,163.81,90.02,3.87,172.03,89.34,4.9,154.84,95.81,1.05,-5.35,18.68,14.48
001045,CJ우,,,,,,,,,,,,,,,,,,,,,,,,,,,,,,,,,,,
00104K,CJ4우(전환),,,,,,,,,,,,,,,,,,,,,,,,,,,,,,,,,,,
001060,JW중외제약,CFS,378091350382.0,425457063858.0,366451501352.0,286927113694.0,380131098057.0,282677564196.0,379598339300.0,402213719428.0,444513606704.0,265440456801.0,225759035573.0,188539529698.0,748526707817.0,684351099249.0,606584944778.0,100303770111.0,62960870729.0,31199849285.0,38430259560.0,29852560173.0,-1441453468.0,14.48,143.01,131.77,13.22,178.16,111.92,-0.76,235.77,129.64,9.38,59.31,12.82,101.8
001065,JW중외제약우,,,,,,,,,,,,,,,,,,,,,,,,,,,,,,,,,,,
001067,JW중외제약2우B,,,,,,,,,,,,,,,,,,,,,,,,,,,,,,,,,,,
001070,대한방직,CFS,69357865765.0,99100925561.0,110899060188.0,31792406575.0,61689419718.0,64549223922.0,49782242505.0,75392116742.0,93144325550.0,130936272087.0,135247441132.0,139467794778.0,149403981153.0,191519691272.0,200372904619.0,-1812481976.0,-3886402441.0,5406662230.0,-3671292616.0,-5230874590.0,1555720538.0,-2.8,38.02,218.16,-3.87,55.74,160.64,1.12,66.79,171.81,-21.99,53.36,-4.42,-171.88
001080,만호제강,CFS,150928400703.0,160309290223.0,152257444065.0,21979564954.0,24484105742.0,21015970113.0,22325402295.0,25657000048.0,26383148020.0,257656264538.0,249989355282.0,247752744927.0,213296308408.0,253705017361.0,196123923305.0,-7441418493.0,-145706310.0,433732631.0,8988679029.0,2931085251.0,6356634114.0,3.49,8.66,686.68,1.17,10.26,654.75,2.57,10.65,724.48,-15.93,-5007.14,29.36,-133.59
001120,LX인터내셔널,CFS,4033775460675.0,4482204749190.0,4376547052901.0,2608427815094.0,2935026255683.0,3430948439233.0,4920385836841.0,4682532060717.0,4362644678498.0,3074954894023.0,3036475272912.0,2384244343246.0,14514349869122.0,18759549404034.0,16686532633651.0,433109594096.0,965543470335.0,656217086586.0,193358801940.0,779310807894.0,540331627454.0,6.29,160.01,154.64,25.66,154.21,152.71,22.66,182.98,127.56,-22.63,-55.14,12.42,47.14
001130,대한제분,CFS,714234907928.0,615430600543.0,683850027463.0,360098478443.0,344701427247.0,380129477789.0,407391972243.0,399078814703.0,440979863565.0,993961881817.0,919353083839.0,880617517208.0,1441458547512.0,1368170051431.0,1111341734130.0,54859482247.0,43274283090.0,24960181509.0,81242498761.0,41343753991.0,87295095400.0,8.17,40.99,198.34,4.5,43.41,178.54,9.91,50.08,179.9,5.36,26.77,23.11,73.37
001200,유진투자증권,CFS,,,,,,,7687427343652.0,7100764279436.0,8214653815670.0,1011904699588.0,975644019345.0,960811140603.0,1647662690835.0,1821576539177.0,1370747937952.0,,,,30696475248.0,15672340026.0,90685709052.0,3.03,759.7,,1.61,727.8,,9.44,854.97,,-9.55,,32.89,
001210,금호전기,CFS,27154653320.0,37080729032.0,65174960579.0,39040424174.0,43610870318.0,63023538068.0,45756810075.0,48670001850.0,65486927043.0,7148316474.0,13523730755.0,18362616731.0,53372993650.0,46015093156.0,41640597680.0,-8228668329.0,-11787966654.0,-8559664657.0,-18342317139.0,-17860161242.0,-9883907411.0,-256.6,640.11,69.56,-132.07,359.89,85.03,-53.83,356.63,103.41,15.99,30.19,10.51,-37.72
001230,동국홀딩스,CFS,919871143473.0,2774282526162.0,2682765756695.0,540823934851.0,2824096283756.0,3119195484420.0,644335386070.0,3178727259124.0,3551698513509.0,1777312951379.0,3272520537758.0,2782412405551.0,1841113699327.0,2098912392887.0,1754741621543.0,60062636095.0,86773672399.0,-8026299154.0,231577736410.0,411365431091.0,558595878971.0,13.03,36.25,170.09,12.57,97.13,98.24,20.08,127.65,86.01,-12.28,-30.78,19.61,1181.12
001250,GS글로벌,CFS,967517157946.0,1006878372309.0,1038726911531.0,769699575113.0,805649501154.0,926642821394.0,953110256832.0,1012698524738.0,1100168067127.0,447988123538.0,406714433715.0,342513753782.0,3916492566786.0,5070923117354.0,3849040520289.0,76519058573.0,70467603982.0,38846703450.0,26078650864.0,68061370179.0,22028008413.0,5.82,212.75,125.7,16.73,248.99,124.98,6.43,321.2,112.1,-22.77,8.59,31.75,81.4
001260,남광토건,CFS,296406260362.0,263129339480.0,205832874018.0,241834275993.0,216082621341.0,171179968325.0,264295801416.0,238920806341.0,186233104756.0,113032137008.0,107002078032.0,87745244191.0,547683547225.0,450379452331.0,356740019691.0,4346983076.0,11115819532.0,20804647592.0,5988599636.0,19332575729.0,21679416652.0,5.3,233.82,122.57,18.07,223.29,121.77,24.71,212.24,120.24,21.6,-60.89,26.25,-46.57
001270,부국증권,CFS,,,,,,,1012607100628.0,786574355132.0,988411106505.0,757884918859.0,694855528953.0,659012129382.0,815040553001.0,983407272978.0,741109604926.0,,,,57306543254.0,42313705537.0,77359902443.0,7.56,133.61,,6.09,113.2,,11.74,149.98,,-17.12,,32.69,
001275,부국증권우,,,,,,,,,,,,,,,,,,,,,,,,,,,,,,,,,,,
001290,상상인증권,CFS,,,,,,,1939613651597.0,374549886821.0,387709141697.0,234147787851.0,223507840089.0,194771324590.0,182188880534.0,51097917726.0,48200083960.0,,,,487236451.0,3680901132.0,8980588201.0,0.21,828.37,,1.65,167.58,,4.61,199.06,,256.55,,6.01,
001340,PKC,CFS,68116463914.0,61271070968.0,57418849425.0,143576312214.0,135827456027.0,125477096012.0,213256378678.0,194591585576.0,172997605953.0,213651817625.0,209676014934.0,188862231244.0,233521888171.0,232725146826.0,191117728512.0,17738515912.0,28274340213.0,18079442854.0,7728814098.0,22702656071.0,15001058596.0,3.62,99.81,47.44,10.83,92.81,45.11,7.94,91.6,45.76,0.34,-37.26,21.77,56.39
001360,삼성제약,CFS,29453670328.0,69571334414.0,85389948972.0,12818347194.0,14233036317.0,16697166489.0,15894485487.0,15324892000.0,18185604636.0,77584546537.0,102589916538.0,127270473689.0,51955037960.0,51832233858.0,54901130222.0,-18037069707.0,-13961176993.0,-18139831261.0,-24812021765.0,-25093031447.0,-40276343542.0,-31.98,20.49,229.78,-24.46,14.94,488.8,-31.65,14.29,511.4,0.24,-29.19,-5.59,23.04
001380,SG글로벌,CFS,57713699590.0,35078818277.0,29001076322.0,38633692570.0,43222756995.0,13114512757.0,57195063606.0,64775255814.0,64041656329.0,141051733708.0,121160192606.0,122979798064.0,96577221552.0,67661514915.0,57771768373.0,6606303384.0,-1441946513.0,-565908642.0,20175100732.0,-2445648212.0,-5550659560.0,14.3,40.55,149.39,-2.02,53.46,81.16,-4.51,52.07,221.14,42.74,558.15,17.12,-154.8
001390,KG케미칼,CFS,3213520186659.0,2561024589897.0,1885532045405.0,2378907515379.0,2303485758893.0,1815854556571.0,4181830349010.0,3761420644468.0,3097379164414.0,3636315422315.0,3315226748266.0,1787513115794.0,8933057023552.0,6607355088852.0,4826618393052.0,442583708062.0,501083594243.0,448184282061.0,350715471304.0,997422975357.0,281961177811.0,9.64,115.0,135.08,30.09,113.46,111.18,15.77,173.28,103.84,35.2,-11.67,36.89,11.8
001420,태원물산,CFS,31923884567.0,20912453087.0,22003145374.0,5975057863.0,3142665315.0,3799289627.0,8426155590.0,5374970694.0,6106381935.0,28960558405.0,29573533489.0,31332658737.0,9212314418.0,10954651040.0,9827604178.0,-810959814.0,-525103179.0,-405845565.0,-82457842.0,-1360796816.0,81272711.0,-0.28,29.1,534.29,-4.6,18.17,665.44,0.26,19.49,579.14,-15.9,-54.44,11.47,-29.38
001430,세아베스틸지주,CFS,1664235509209.0,1809109415045.0,1636018723683.0,749296026184.0,1025589889996.0,910905882900.0,1626121166492.0,1846659305036.0,1619635049491.0,2039049834129.0,1971744747023.0,1906361506004.0,4083481175925.0,4386332748546.0,3651102951303.0,196690160681.0,127856465832.0,238429625560.0,125991352125.0,88310592966.0,183668658624.0,6.18,79.75,222.11,4.48,93.66,176.4,9.63,84.96,179.6,-6.9,53.84,20.14,-46.38
001440,대한전선,CFS,1265741722000.0,1144663275000.0,939158406000.0,682343719000.0,488178116000.0,757749988000.0,925279344000.0,738060568000.0,1033109826000.0,953285756000.0,882204303000.0,387760789000.0,2843980012000.0,2450545975000.0,1997709556000.0,79823888000.0,48173734000.0,39462123000.0,71872998000.0,21830706000.0,28937337000.0,7.54,97.06,185.5,2.47,83.66,234.48,7.46,266.43,123.94,16.05,65.7,22.67,22.08
001450,현대해상,CFS,,,,,,,38032594522814.0,36744509270264.0,47809992570177.0,6055391876258.0,9508086230575.0,5008010374958.0,,,,,,,607828606638.0,1294975508162.0,432572359109.0,10.04,628.08,,13.62,386.46,,8.64,954.67,,,,,
001460,BYC,CFS,113987958313.0,120182142295.0,133338983564.0,51122092069.0,79177003824.0,130677556899.0,150742490158.0,153134740019.0,202622247604.0,534920570167.0,515737286382.0,481812264546.0,168401523886.0,169680336869.0,164445893789.0,27498394275.0,25326353051.0,26711346464.0,23666593032.0,35286502037.0,29855489397.0,4.42,28.18,222.97,6.84,29.69,151.79,6.2,42.05,102.04,-0.75,8.58,3.18,-5.19
001465,BYC우,,,,,,,,,,,,,,,,,,,,,,,,,,,,,,,,,,,
001470,삼부토건,CFS,414655102235.0,381646065800.0,413154215142.0,360355795174.0,249462038187.0,253806537896.0,411614796994.0,307702229840.0,312924661168.0,102127653423.0,191024563687.0,205209638551.0,574975687073.0,436292508722.0,357047939605.0,-78151994195.0,-80783233662.0,-4353122537.0,-111007774067.0,-89346889585.0,-2512440828.0,-108.7,403.04,115.07,-46.77,161.08,152.99,-1.22,152.49,162.78,31.79,3.26,22.19,-1755.75
001500,현대차증권,CFS,,,,,,,10307455311005.0,9008412020030.0,7645418438546.0,1277801535735.0,1224643053695.0,1160709272657.0,1582196918963.0,1186028329210.0,853770440337.0,,,,53511195192.0,87101251163.0,117749158810.0,4.19,806.66,,7.11,735.59,,10.14,658.69,,33.4,,38.92,
001510,SK증권,CFS,,,,,,,5801855293366.0,5823507502950.0,5752726008932.0,647238478234.0,641333326971.0,618676191773.0,,,,,,,3187786850.0,8609210017.0,41431656266.0,0.49,896.4,,1.34,908.03,,6.7,929.84,,,,,
001515,SK증권우,,,,,,,,,,,,,,,,,,,,,,,,,,,,,,,,,,,
001520,동양,CFS,473081782926.0,393101021243.0,413725955400.0,280122056642.0,176610018139.0,186917534361.0,311407795194.0,200018245461.0,223240278186.0,788242192402.0,783531995337.0,783993331767.0,866327008521.0,767681537593.0,699569458171.0,26548625914.0,7924864990.0,7617953056.0,18191365663.0,9954374483.0,11246410605.0,2.31,39.51,168.88,1.27,25.53,222.58,1.43,28.47,221.34,12.85,235.0,9.74,4.03
001525,동양우,,,,,,,,,,,,,,,,,,,,,,,,,,,,,,,,,,,
001527,동양2우B,,,,,,,,,,,,,,,,,,,,,,,,,,,,,,,,,,,
001530,DI동일,CFS,307955941619.0,335150513358.0,348005530391.0,290898144472.0,269797532529.0,305051437236.0,370119040311.0,378689103701.0,418166649986.0,605534194418.0,619195795350.0,573505489754.0,682872127202.0,829928717131.0,758072537827.0,6304538045.0,44754402506.0,48592979653.0,5995805541.0,57491368300.0,46334631668.0,0.99,61.12,105.86,9.28,61.16,124.22,8.08,72.91,114.08,-17.72,-85.91,9.48,-7.9
001550,조비,CFS,67424582740.0,78134326529.0,52932877178.0,54062420610.0,57328641472.0,38106395650.0,66303820470.0,68561445949.0,50521009807.0,52284944063.0,61480314176.0,53257703176.0,114718158323.0,148554917835.0,84597515362.0,-5582069275.0,11907297397.0,3077405830.0,-9037064085.0,8638057676.0,1851220426.0,-17.28,126.81,124.72,14.05,111.52,136.29,3.48,94.86,138.91,-22.78,-146.88,75.6,286.93
001560,제일연마,CFS,56303413670.0,53268101591.0,53855547633.0,8135004143.0,9637922726.0,8628601315.0,10794721777.0,11951004596.0,13575872997.0,95820362967.0,92166871301.0,92893380372.0,85239048510.0,83435241806.0,79747901283.0,7891764655.0,5129135206.0,6604428633.0,10917005887.0,2207065876.0,6095205487.0,11.39,11.27,692.11,2.39,12.97,552.69,6.56,14.61,624.15,2.16,53.86,4.62,-22.34
001570,금양,CFS,122321859157.0,141599405994.0,195111094332.0,410554172880.0,103934074100.0,127750499072.0,456932096288.0,160842410708.0,197424609095.0,246535275351.0,117757041729.0,117407475607.0,152030952048.0,202836313078.0,217583031941.0,-14608343494.0,7924631740.0,12570727010.0,-60356260825.0,-33310343621.0,13332209382.0,-24.48,185.34,29.79,-28.29,136.59,136.24,11.36,168.15,152.73,-25.05,-284.34,-6.78,-36.96
001620,케이비아이동국실업,CFS,285073874182.0,233598639427.0,213978423650.0,350135025821.0,301480202607.0,312622955976.0,426184780364.0,373187013643.0,397931073309.0,196052738011.0,180383548030.0,170074037625.0,649418493012.0,614172275827.0,521440974563.0,4502795734.0,-965285127.0,-73285371359.0,8074115473.0,4575114372.0,-23735748807.0,4.12,217.38,81.42,2.54,206.89,77.48,-13.96,233.98,68.45,5.74,566.47,17.78,98.68
001630,종근당홀딩스,CFS,419678255654.0,398595725433.0,436869440377.0,519907649344.0,399407472213.0,317712126690.0,632518933646.0,577829023460.0,527666927447.0,823484716865.0,798543946094.0,839968237466.0,879780769949.0,908962764139.0,925975076416.0,17005266704.0,-32878294931.0,34410730012.0,40575422161.0,-22663808796.0,25824890405.0,4.93,76.81,80.72,-2.84,72.36,99.8,3.07,62.82,137.5,-3.21,151.72,-1.84,-195.55
001680,대상,CFS,1757699533283.0,1721004720989.0,1523432149454.0,959788676109.0,997239386623.0,953797737556.0,1990623422846.0,1867569946984.0,1623307568831.0,1343746604632.0,1322626501384.0,1247222536837.0,4107493943805.0,4084090277577.0,3469992522829.0,123716647215.0,139998990821.0,153245195127.0,68563901324.0,82218894929.0,144949591853.0,5.1,148.14,183.13,6.22,141.2,172.58,11.62,130.15,159.72,0.57,-11.63,17.7,-8.64
001685,대상우,,,,,,,,,,,,,,,,,,,,,,,,,,,,,,,,,,,
001720,신영증권,,,,,,,,,,,,,,,,,,,,,,,,,,,,,,,,,,,
001740,SK네트웍스,CFS,2371454000000.0,2703209000000.0,3047155000000.0,3908393000000.0,3567813000000.0,3897565000000.0,6954518000000.0,7048547000000.0,7021921000000.0,2155841000000.0,2450712000000.0,2388995000000.0,9133867000000.0,9426160000000.0,10745920000000.0,237283000000.0,177552000000.0,130379000000.0,5459000000.0,90765000000.0,103540000000.0,0.25,322.59,60.68,3.7,287.61,75.77,4.33,293.93,78.18,-3.1,33.64,-12.28,36.18
001750,한양증권,CFS,,,,,,,1258029081971.0,1043504162865.0,1201053825996.0,489793772704.0,459386901440.0,432344624361.0,999032003491.0,1117144964059.0,874165603240.0,,,,35104172832.0,24033307547.0,79443581011.0,7.17,256.85,,5.23,227.15,,18.38,277.8,,-10.57,,27.8,
001755,한양증권우,,,,,,,,,,,,,,,,,,,,,,,,,,,,,,,,,,,
001770,SHD,CFS,59304477357.0,62969604391.0,46687247105.0,33089291565.0,36134907509.0,24180044034.0,33500820712.0,36836001991.0,30435746887.0,51265337416.0,51455970487.0,40600674312.0,106293829767.0,125263992621.0,104770706369.0,672776337.0,14179053153.0,5712545723.0,110299965.0,10819013577.0,5792585283.0,0.22,65.35,179.23,21.03,71.59,174.26,14.27,74.96,193.08,-15.14,-95.26,19.56,148.21
001780,알루코,CFS,401188846987.0,326840775284.0,333969217767.0,448289152359.0,465830380456.0,367456741373.0,502306306396.0,506348248906.0,487493321077.0,358843354991.0,310584717275.0,292664381636.0,591186560074.0,645412126051.0,505586030763.0,37632269602.0,34572726220.0,16666595158.0,20461689088.0,15722959250.0,2444329339.0,5.7,139.98,89.49,5.06,163.03,70.16,0.84,166.57,90.89,-8.4,8.85,27.66,107.44
001790,대한제당,CFS,606635047000.0,613796109000.0,572478087000.0,315984108000.0,390061782000.0,423333551000.0,630801051000.0,681747544000.0,671091219000.0,554590561000.0,537718752000.0,511199010000.0,1332349884000.0,1378075519000.0,1261349333000.0,47216910000.0,38051122000.0,42051836000.0,32504635000.0,25512530000.0,20190982000.0,5.86,113.74,191.98,4.74,126.79,157.36,3.95,131.28,135.23,-3.32,24.09,9.25,-9.51
001795,대한제당우,,,,,,,,,,,,,,,,,,,,,,,,,,,,,,,,,,,
001800,오리온홀딩스,CFS,1684449259398.0,1584060873911.0,1277244705780.0,514479147567.0,663512598084.0,641043985604.0,818487035311.0,977214307936.0,1090941456912.0,4319813022573.0,4124954123258.0,3870846883349.0,2953806265859.0,2934623360638.0,2415059149467.0,405463095002.0,399824809538.0,315697398867.0,290412989562.0,323574721674.0,225328340769.0,6.72,18.95,327.41,7.84,23.69,238.74,5.82,28.18,199.24,0.65,1.41,21.51,26.65
001820,삼화콘덴서,CFS,176976795817.0,162158129535.0,147851352517.0,54679259714.0,53555574870.0,52657547915.0,62806572612.0,62021312212.0,66356720529.0,245224492405.0,225432520413.0,202941938712.0,280768545013.0,263469129967.0,262159285746.0,23693227777.0,30515172659.0,33168936415.0,20925722895.0,29337123509.0,28619003326.0,8.53,25.61,323.66,13.01,27.51,302.78,14.1,32.7,280.78,6.57,-22.36,0.5,-8.0
001940,KISCO홀딩스,CFS,1376387642212.0,1302395915794.0,1258447518832.0,144829353992.0,208963844818.0,230594729369.0,203567062700.0,242025489450.0,267377534330.0,1598950141872.0,1503806758480.0,1420715554696.0,1541894306076.0,1810613446049.0,1580849338970.0,149275075244.0,197916716776.0,200741467324.0,130202530569.0,131534561899.0,178382902845.0,8.14,12.73,950.35,8.75,16.09,623.26,12.56,18.82,545.74,-14.84,-24.58,14.53,-1.41
002020,코오롱,CFS,2025631560137.0,1684980865279.0,1422824794683.0,2630756659007.0,2341085909024.0,2046790194003.0,3920885075473.0,3358709490245.0,3012006789348.0,1310533881113.0,1300329727546.0,1105306260603.0,5894231282101.0,5659922374692.0,5410414957004.0,102926776246.0,317514999494.0,334228578940.0,15387285329.0,194835466054.0,274228680412.0,1.17,299.18,77.0,14.98,258.3,71.97,24.81,272.5,69.51,4.14,-67.58,4.61,-5.0
002025,코오롱우,,,,,,,,,,,,,,,,,,,,,,,,,,,,,,,,,,,
002030,아세아,CFS,873549386331.0,881507374671.0,800688243838.0,561839258545.0,518884523788.0,482831435041.0,1291990927528.0,1317598873795.0,1399054580836.0,1980095078353.0,1864777074285.0,1716215804566.0,2115887323161.0,2072300589648.0,1846503739538.0,240394994935.0,232577852131.0,228865744338.0,175601384139.0,163508810507.0,201244923832.0,8.87,65.25,155.48,8.77,70.66,169.89,11.73,81.52,165.83,2.1,3.36,12.23,1.62
002070,비비안,CFS,86469579960.0,90886103322.0,88583995648.0,99056940356.0,98654688573.0,26916644111.0,102817066992.0,104480645980.0,94893341764.0,88265526779.0,96580534960.0,103274130689.0,217298020725.0,213052156991.0,187863421226.0,4859608010.0,5712710660.0,1419136499.0,-7900981725.0,-8169625557.0,-3210480120.0,-8.95,116.49,87.29,-8.46,108.18,92.13,-3.11,91.88,329.1,1.99,-14.93,13.41,302.55
002100,경농,CFS,259940118322.0,260765667954.0,206547236965.0,158323199430.0,156932087281.0,123054676615.0,180131701890.0,188148524944.0,151976385644.0,268461032083.0,260484164308.0,236809393822.0,347407788945.0,361604573086.0,270269449649.0,25209888376.0,40975101750.0,16758990471.0,15126191336.0,30880492625.0,16107580204.0,5.63,67.1,164.18,11.86,72.23,166.16,6.8,64.18,167.85,-3.93,-38.48,33.79,144.5
002140,고려산업,CFS,126594975013.0,127812632315.0,98974212002.0,148107726201.0,148284814914.0,117874864504.0,170990032083.0,169050032748.0,131754293786.0,106925910946.0,105653495078.0,106840607249.0,319058618654.0,278370677242.0,213486551495.0,7989269786.0,4854823595.0,4862496672.0,3135896967.0,417869202.0,4520564728.0,2.93,159.91,85.47,0.4,160.0,86.19,4.23,123.32,83.97,14.62,64.56,30.39,-0.16
002150,도화엔지니어링,CFS,288178634692.0,215628821883.0,215242647053.0,278006710806.0,215111875031.0,193006274356.0,330735948947.0,255273456899.0,233288041085.0,274364101351.0,267316818668.0,266928762112.0,574990699821.0,555824251958.0,577392660234.0,21891969353.0,11939896822.0,19985474247.0,20743987999.0,1577978719.0,15012948875.0,7.56,120.55,103.66,0.59,95.49,100.24,5.62,87.4,111.52,3.45,83.35,-3.74,-40.26
002170,SYTS,CFS,341393542247.0,344026136176.0,350096214073.0,15281799815.0,30658720857.0,40844808451.0,22832801527.0,40424121033.0,52591297103.0,431919041908.0,417112654736.0,406422489175.0,179258365881.0,178800834419.0,193958606606.0,17683937036.0,16445205668.0,36387252619.0,21640419330.0,15100585612.0,33139838177.0,5.01,5.29,2233.99,3.62,9.69,1122.12,8.15,12.94,857.14,0.26,7.53,-7.81,-54.81
002200,한국수출포장,CFS,155568917247.0,143085577838.0,125320518208.0,42690206238.0,46154487123.0,50672526185.0,61282437741.0,64604055301.0,68488033304.0,295721552336.0,280917284803.0,263358833659.0,312304377084.0,341420236472.0,319224098800.0,22880520713.0,25702536748.0,20005644083.0,19041696095.0,20317167712.0,15859236394.0,6.44,20.72,364.41,7.23,23.0,310.01,6.02,26.01,247.31,-8.53,-10.98,6.95,28.48
002210,동성제약,CFS,60814859641.0,54389189710.0,49986318169.0,44843854847.0,47571203754.0,37589208760.0,75170970298.0,64892797809.0,58141479455.0,39802313739.0,42809263159.0,46440394585.0,88593588700.0,93328194834.0,84407657781.0,596402805.0,-3096985196.0,-5299049228.0,-2073909512.0,-2121670417.0,-4312832259.0,-5.21,188.86,135.61,-4.96,151.59,114.33,-9.29,125.2,132.98,-5.07,119.26,10.57,41.56
002220,한일철강,CFS,96584584874.0,105439726347.0,109937947741.0,121158779915.0,112789046543.0,89112968596.0,157459593318.0,164622338615.0,161018233894.0,173569402408.0,174532632878.0,177760790183.0,216255460140.0,255229322550.0,248593160815.0,4859777657.0,4031740572.0,29642526663.0,430267265.0,-1327709294.0,25514603643.0,0.25,90.72,79.72,-0.76,94.32,93.48,14.35,90.58,123.37,-15.27,20.54,2.67,-86.4
002240,고려제강,CFS,1075549770909.0,1153075088455.0,1077770577004.0,446167186304.0,561483968404.0,601225850753.0,656069963664.0,805246239566.0,836162462939.0,1795210680578.0,1727522158689.0,1638109904626.0,1788877688439.0,2072550223138.0,1691354877090.0,56316856694.0,133503465388.0,98526648327.0,64526770048.0,92322769549.0,133312251875.0,3.59,36.55,241.06,5.34,46.61,205.36,8.14,51.04,179.26,-13.69,-57.82,22.54,35.5
002310,아세아제지,CFS,403603823024.0,441835691580.0,359222505286.0,153102582951.0,174449422525.0,168731264246.0,198420445505.0,230662239691.0,255172404299.0,849757319336.0,804286022003.0,714420848901.0,908334402467.0,1023392875106.0,945734471576.0,87582502735.0,109447038390.0,93875118756.0,81053175532.0,94400172513.0,90996794516.0,9.54,23.35,263.62,11.74,28.68,253.27,12.74,35.72,212.9,-11.24,-19.98,8.21,16.59
002320,한진,CFS,657966998766.0,615210708980.0,702239490148.0,1028166708551.0,799783071458.0,865858612448.0,2661786978230.0,2558814752905.0,2503649583464.0,1539576621744.0,1534382938804.0,1373971132765.0,2807528782563.0,2849420869433.0,2504131193753.0,122526979246.0,114501782947.0,99432891702.0,26107574417.0,51759790504.0,161832906995.0,1.7,172.89,63.99,3.37,166.77,76.92,11.78,182.22,81.1,-1.47,7.01,13.79,15.15
002350,넥센타이어,CFS,1556084175048.0,1442087250791.0,1476005839227.0,1329961026949.0,1431723418411.0,1041728601260.0,2527778745177.0,2348104911877.0,2223486295878.0,1704882809392.0,1596231827731.0,1599927142387.0,2701720151279.0,2597424486492.0,2079407029590.0,186991098059.0,-54253533449.0,4391879556.0,103115550054.0,-27505695404.0,4634237831.0,6.05,148.27,117.0,-1.72,147.1,100.72,0.29,138.97,141.69,4.02,444.66,24.91,-1335.31
002355,넥센타이어1우B,,,,,,,,,,,,,,,,,,,,,,,,,,,,,,,,,,,
002360,SH에너지화학,CFS,78088815011.0,81702957489.0,78260037831.0,12495368628.0,10758686692.0,13060169094.0,30661330140.0,30058823992.0,27889955545.0,90131774993.0,94101468139.0,91739102042.0,134037726894.0,167355874554.0,143762553714.0,-4115868315.0,805218302.0,74330329.0,-2582296699.0,1832403955.0,342583143.0,-2.87,34.02,624.94,1.95,31.94,759.41,0.37,30.4,599.23,-19.91,-611.15,16.41,983.3
002380,KCC,CFS,4178192966688.0,4029782763437.0,3668126354343.0,3836444032748.0,2869372542476.0,2699971576814.0,7905941668878.0,7567347802320.0,7502796337015.0,5447529409519.0,5551138505338.0,5376066871921.0,6288442613717.0,6774793651227.0,5874899292339.0,312530203929.0,467661528938.0,388769767968.0,92502625102.0,28661656966.0,-53211168479.0,1.7,145.13,108.91,0.52,136.32,140.44,-0.99,139.56,135.86,-7.18,-33.17,15.32,20.29
002390,한독,CFS,295289892016.0,354171988191.0,325526437557.0,301467891550.0,270930450534.0,277786754995.0,449706525420.0,489250127554.0,457565420779.0,340633132757.0,381856042513.0,383996411108.0,522741079531.0,543759151916.0,517641069438.0,12578832018.0,28496185960.0,28006350245.0,-28940426192.0,10595832696.0,3288807244.0,-8.5,132.02,97.95,2.77,128.12,130.72,0.86,119.16,117.19,-3.87,-55.86,5.05,1.75
002410,범양건영,CFS,79442666367.0,79479043859.0,122357950629.0,112589083552.0,90720864613.0,73104400642.0,130776898314.0,144032362262.0,112322390976.0,62133834668.0,71021899442.0,79447377953.0,120763371366.0,119750819393.0,111908019893.0,-10434014937.0,-12326103597.0,3024063646.0,-9110987152.0,-8414779933.0,5886536283.0,-14.66,210.48,70.56,-11.85,202.8,87.61,7.41,141.38,167.37,0.85,15.35,7.01,-507.6
002420,세기상사,CFS,6605762521.0,8610007524.0,2790210469.0,15356659973.0,3330747632.0,12799946180.0,23943612178.0,25060643077.0,27800152526.0,27055502112.0,26581197625.0,18588720131.0,31328511051.0,33710303333.0,17880222962.0,-815790576.0,-789291696.0,-1552340389.0,-1559060836.0,-1271122483.0,-1944921160.0,-5.76,88.5,43.02,-4.78,94.28,258.5,-10.46,149.55,21.8,-7.07,-3.36,88.53,49.15
002450,삼익악기,CFS,190271185367.0,210295390017.0,273861932311.0,136862827380.0,134468492548.0,207632311275.0,271955667078.0,260906132649.0,331393678443.0,262202613136.0,260652700315.0,253911121266.0,247929198845.0,325699587394.0,295428267821.0,6465355387.0,11556311058.0,33347125728.0,3388984566.0,15067692450.0,23763505157.0,1.29,103.72,139.02,5.78,100.1,156.39,9.36,130.52,131.9,-23.88,-44.05,10.25,-65.35
002460,HS화성,CFS,798252085597.0,544990973847.0,613674954949.0,344305774243.0,222647093288.0,223571650563.0,622246444215.0,389175292526.0,390984899166.0,369441225612.0,356952449379.0,416980891273.0,908068526965.0,645706742562.0,422231395444.0,25253673267.0,14545076827.0,28631156224.0,19208134783.0,22672300863.0,29678512725.0,5.2,168.43,231.84,6.35,109.03,244.78,7.12,93.77,274.49,40.63,73.62,52.93,-49.2
002600,조흥,CFS,228773495751.0,268968494534.0,135992011988.0,190668214256.0,275477139063.0,118931464715.0,244362080995.0,279570331873.0,121819557068.0,149640119001.0,154185144907.0,145739266262.0,405945609421.0,324035752456.0,250861244971.0,15648302437.0,14975758634.0,19072641425.0,355244125.0,11131140357.0,16074914918.0,0.24,163.3,119.99,7.22,181.32,97.64,11.03,83.59,114.34,25.28,4.49,29.17,-21.48
002620,제일파마홀딩스,CFS,384527206646.0,352916443850.0,335143722380.0,412635828783.0,358504740294.0,298023551257.0,477810922325.0,445884552551.0,392107688415.0,402186068382.0,419792459625.0,500313689876.0,804043001736.0,792964733258.0,762568056298.0,20820186238.0,-7547961141.0,-8974887678.0,-13240831932.0,-83145006102.0,-12870005197.0,-3.29,118.8,93.19,-19.81,106.22,98.44,-2.57,78.37,112.46,1.4,375.84,3.99,15.9
002630,오리엔트바이오,CFS,49249571579.0,70498286259.0,29060487101.0,3892299448.0,13644112827.0,15230436507.0,9657861933.0,21764271008.0,22973289605.0,71392358134.0,83187737513.0,48545215619.0,28819028142.0,26276462476.0,25179589559.0,1452807025.0,-3780753830.0,-5194597557.0,-12423707818.0,34198169452.0,-15633406102.0,-17.4,13.53,1265.31,41.11,26.16,516.69,-32.2,47.32,190.81,9.68,138.43,4.36,27.22
002690,동일제강,CFS,109413578909.0,101123872721.0,105242078699.0,23203916506.0,18680811170.0,23588479582.0,25996260704.0,22028247899.0,26964608783.0,153236014334.0,157680471138.0,153548172626.0,180812604441.0,196757615383.0,182235773870.0,-2912558609.0,2456929950.0,7872984392.0,-3159795782.0,3345149095.0,8250673190.0,-2.06,16.96,471.53,2.12,13.97,541.32,5.37,17.56,446.16,-8.1,-218.54,7.97,-68.79
002700,신일전자,CFS,79333118543.0,105816871898.0,82714380428.0,38648003533.0,64029490024.0,39024415021.0,43889321524.0,70989812664.0,39482254979.0,82244765768.0,81890842633.0,82606425523.0,184299576203.0,202728990445.0,193517099817.0,2010103394.0,2828953931.0,9607808334.0,1056841415.0,1041712810.0,7977952924.0,1.28,53.36,205.27,1.27,86.69,165.26,9.66,47.8,211.96,-9.09,-28.95,4.76,-70.56
002710,TCC스틸,CFS,229620812003.0,276384671735.0,201980329101.0,219768078587.0,251903595625.0,138686004598.0,324690124283.0,298677336481.0,211767465634.0,235047322207.0,208804980309.0,155229149214.0,624418627125.0,684414631381.0,536651129324.0,11250766391.0,43983210872.0,25597715868.0,-8293017782.0,29566777984.0,28723275024.0,-3.53,138.14,104.48,14.16,143.04,109.72,18.5,136.42,145.64,-8.77,-74.42,27.53,71.82
002720,국제약품,CFS,55119200302.0,48535452258.0,48197308387.0,59687458641.0,47855143190.0,54516684923.0,78309909600.0,62513602796.0,71195237941.0,84949573607.0,74079260010.0,68587808743.0,135372690530.0,126583402933.0,119745568736.0,-1989142940.0,5272527164.0,-1675903581.0,-8414888054.0,3542773665.0,-1555791280.0,-9.91,92.18,92.35,4.78,84.39,101.42,-2.27,103.8,88.41,6.94,-137.73,5.71,414.61
002760,보락,CFS,25120405586.0,26264428282.0,20693291909.0,4658790108.0,9809629438.0,4842323173.0,9149383003.0,12528504457.0,10774060414.0,48779052919.0,48383747090.0,45543908799.0,46773797129.0,48434715670.0,39763912508.0,505610730.0,3282891685.0,1692124112.0,857813413.0,3069106054.0,1694987553.0,1.76,18.76,539.2,6.34,25.89,267.74,3.72,23.66,427.34,-3.43,-84.6,21.81,94.01
002780,진흥기업,CFS,488221311452.0,332594741207.0,199532100571.0,229509306474.0,150468384840.0,104125496310.0,306441209059.0,227013990002.0,163663632831.0,267890246354.0,224732888879.0,170953528731.0,759439767128.0,628936048866.0,444244783883.0,51726034035.0,50682532747.0,43348738057.0,45310969956.0,49560577253.0,53413211910.0,16.91,114.39,212.72,22.05,101.02,221.04,31.24,95.74,191.63,20.75,2.06,41.57,16.92
002785,진흥기업우B,,,,,,,,,,,,,,,,,,,,,,,,,,,,,,,,,,,
002787,진흥기업2우B,,,,,,,,,,,,,,,,,,,,,,,,,,,,,,,,,,,
002790,아모레퍼시픽홀딩스,CFS,2750248646531.0,2566383546972.0,3015471536393.0,856205498882.0,851901945315.0,1273284869946.0,1106298749214.0,1117500460491.0,1562518153844.0,6525132028648.0,6533503340963.0,6475624778281.0,4021343038942.0,4494956806652.0,5326080007289.0,152001477210.0,271900712401.0,356171273550.0,234714547925.0,149222412761.0,291978846416.0,3.6,16.95,321.21,2.28,17.1,301.25,4.51,24.13,236.83,-10.54,-44.1,-15.6,-23.66
002795,아모레퍼시픽홀딩스우,,,,,,,,,,,,,,,,,,,,,,,,,,,,,,,,,,,
00279K,아모레퍼시픽홀딩스3우C,,,,,,,,,,,,,,,,,,,,,,,,,,,,,,,,,,,
002810,삼영무역,CFS,411192501716.0,367906365552.0,336617200484.0,103835524973.0,98086686392.0,86059949264.0,120001032866.0,112174817744.0,114637439582.0,555611487697.0,512033245129.0,464179032531.0,476810216001.0,492512781495.0,467033282055.0,17182275919.0,19352102542.0,23951912869.0,55062738980.0,57700063384.0,44918343830.0,9.91,21.6,396.0,11.27,21.91,375.08,9.68,24.7,391.14,-3.19,-11.21,5.46,-19.2
002820,SUN&L,CFS,183637309706.0,231592368174.0,272648390793.0,343191449807.0,278933732249.0,305863900652.0,396711706025.0,373988182288.0,397875440889.0,231388941227.0,150446137416.0,168301515700.0,441061876743.0,506691214360.0,465318349964.0,-30185394857.0,-17708726754.0,-21880824546.0,-159209216493.0,-19156598108.0,-35296250239.0,-68.81,171.45,53.51,-12.73,248.59,83.03,-20.97,236.41,89.14,-12.95,-70.45,8.89,19.07
002840,미원상사,CFS,196731104268.0,197197076947.0,171562461940.0,39482674198.0,48106995526.0,46649328264.0,69598936992.0,73770759382.0,76426655424.0,377967231783.0,341848565180.0,295987063654.0,421367350652.0,438188003964.0,359794982785.0,67238827320.0,77015585495.0,57154754665.0,61015747625.0,72215529158.0,57743051692.0,16.14,18.41,498.27,21.13,21.58,409.91,19.51,25.82,367.77,-3.84,-12.69,21.79,34.75
002870,신풍,CFS,86881578575.0,77923645859.0,73678457933.0,32128011514.0,27715048317.0,3833076079.0,32548430681.0,30070255666.0,4491677805.0,71642478000.0,82347640959.0,89381578676.0,26895721826.0,18781761719.0,25902411942.0,-3999446133.0,-4202051316.0,-3965236682.0,-9206169945.0,-7535495421.0,-10029697338.0,-12.85,45.43,270.42,-9.15,36.52,281.16,-11.22,5.03,1922.18,43.2,4.82,-27.49,-5.97
002880,디와이에이,CFS,112229012243.0,560727671117.0,647616453659.0,271557825138.0,865405332990.0,921827480291.0,299228350342.0,1136743952904.0,1131295315219.0,36798139893.0,238462812415.0,189701011300.0,566931442867.0,501285871581.0,416513254999.0,36096187586.0,38155704391.0,14833348539.0,-195250149119.0,-93776538801.0,-2852371609.0,-530.6,813.16,41.33,-39.33,476.7,64.79,-1.5,596.36,70.25,13.1,-5.4,20.35,157.23
002900,TYM,CFS,516796324494.0,473214647112.0,410107503614.0,395279274212.0,400434021651.0,380950566444.0,466443819251.0,447666197323.0,458227292748.0,382667086171.0,334462229231.0,249200954817.0,836475030282.0,1166138766862.0,841455916467.0,76461605327.0,122015643800.0,35264240176.0,60426831559.0,98186110279.0,39502410981.0,15.79,121.89,130.74,29.36,133.85,118.18,15.85,183.88,107.65,-28.27,-37.33,38.59,246.0
002920,유성기업,CFS,190229994310.0,201036538640.0,176816238429.0,62205277797.0,65845462322.0,51948801133.0,104498591908.0,99811962683.0,104854260807.0,335105442210.0,327234039553.0,305113780408.0,311469920690.0,296756353988.0,276391974385.0,8019390028.0,6726401302.0,7459015090.0,13754878945.0,22144843478.0,10346413405.0,4.1,31.18,305.81,6.77,30.5,305.32,3.39,34.37,340.37,4.96,19.22,7.37,-9.82
002960,한국쉘석유,CFS,159137348964.0,144822868003.0,138638222163.0,60149598770.0,57847556976.0,52840733213.0,62221361302.0,59384706208.0,56156826918.0,126150255265.0,112955747743.0,109554752787.0,320486205004.0,301642199205.0,241388074436.0,42296587917.0,35071601445.0,38045978839.0,37379114562.0,26721326526.0,29045945812.0,29.63,49.32,264.57,23.66,52.57,250.35,26.51,51.26,262.37,6.25,20.6,24.96,-7.82
002990,금호건설,CFS,1145157097104.0,1052601903018.0,989098097931.0,924764715472.0,861502417337.0,869873885033.0,1222548339400.0,1147826599507.0,1083164233858.0,469814438482.0,543337107811.0,652821434924.0,2217626015573.0,2048507174841.0,2065076215393.0,21804193710.0,55946616129.0,111591652916.0,746269594.0,20751613866.0,148124651759.0,0.16,260.22,123.83,3.82,211.25,122.18,22.69,165.92,113.71,8.26,-61.03,-0.8,-49.86
002995,금호건설우,,,,,,,,,,,,,,,,,,,,,,,,,,,,,,,,,,,
003000,부광약품,CFS,254178522748.0,218741258542.0,220095332335.0,97544074713.0,44603055930.0,36994751161.0,194752377153.0,129081732482.0,117355699917.0,234264672245.0,271847456032.0,280060883133.0,125928240771.0,190909364530.0,182491221467.0,-37496760003.0,-230635598.0,5621880941.0,-34406512167.0,-4248677024.0,-2796797665.0,-14.69,83.13,260.58,-1.56,47.48,490.42,-1.0,41.9,594.94,-34.04,-16158.01,4.61,-104.1
003010,혜인,CFS,176765036631.0,164239140493.0,115179184379.0,133606577606.0,121449714639.0,80216582203.0,139149134648.0,132475114237.0,92754854849.0,114811452331.0,108047031390.0,101983399191.0,276080698891.0,178029520688.0,206355705097.0,9142102686.0,2682218552.0,9391730485.0,7404407309.0,-2074104566.0,4900986362.0,6.45,121.2,132.3,-1.92,122.61,135.23,4.81,90.95,143.59,55.08,240.84,-13.73,-71.44
003030,세아제강지주,CFS,2433040225715.0,2127561535722.0,1711494700195.0,1143048800456.0,1092316484712.0,928499343612.0,1951857663889.0,1591270344983.0,1312346968538.0,2388898332220.0,1980797313681.0,1586652059114.0,3913342472741.0,3953834150660.0,2841722127579.0,590946429587.0,567163868807.0,298952263629.0,409652266510.0,376265181568.0,226651777025.0,17.15,81.71,212.86,19.0,80.33,194.78,14.28,82.71,184.33,-1.02,4.19,39.14,89.72
003060,에이프로젠바이오로직스,CFS,84857286038.0,240608129118.0,353474277990.0,157938368473.0,161106057927.0,9448798816.0,220705187059.0,173729691936.0,17440224078.0,368691477738.0,510410724762.0,597180878459.0,87363627712.0,65190359336.0,56481701589.0,-57477960970.0,-5430302001.0,-3799173381.0,-115330071228.0,13620685578.0,9151011432.0,-31.28,59.86,53.73,2.67,34.04,149.35,1.53,2.92,3740.94,34.01,-958.47,15.42,-42.93
003070,코오롱글로벌,CFS,1456081496381.0,1801559418189.0,1170523284069.0,1401665560479.0,1897215925506.0,1428189413252.0,2017469542758.0,2270737072633.0,1962370838378.0,553830945167.0,563410513551.0,613375133227.0,2663480259991.0,2602076874673.0,2729820699306.0,12788879964.0,166687315258.0,186862116639.0,-117145427.0,142130138551.0,136960474296.0,-0.02,364.28,103.88,25.23,403.03,94.96,22.33,319.93,81.96,2.36,-92.33,-4.68,-10.8
003075,코오롱글로벌우,,,,,,,,,,,,,,,,,,,,,,,,,,,,,,,,,,,
003080,SB성보,CFS,82853943711.0,87306335639.0,90108115517.0,24800605964.0,24401347807.0,26951186263.0,33110290058.0,33383212096.0,36424835178.0,132517081854.0,137402075241.0,135732039091.0,62612439874.0,66379257981.0,57675736223.0,201041362.0,1904947045.0,1038402940.0,1163430847.0,3936366206.0,1280616310.0,0.88,24.99,334.08,2.86,24.3,357.79,0.94,26.84,334.34,-5.67,-89.45,15.09,83.45
003090,대웅,CFS,862545145631.0,954002901339.0,843500826669.0,691004415191.0,515754225263.0,513966843662.0,922478396685.0,879409305644.0,776674438964.0,1436798777412.0,1279495801608.0,1152542386848.0,,,,195606282852.0,207334242877.0,182454302437.0,191438974294.0,120268044179.0,99784450437.0,13.32,64.2,124.82,9.4,68.73,184.97,8.66,67.39,164.12,,-5.66,,13.64
003120,일성아이에스,CFS,293943116751.0,364603754251.0,279964899894.0,34892111664.0,42557941740.0,20726994241.0,36436249470.0,49747959330.0,25472910327.0,382753680026.0,448995363416.0,345909590878.0,78053232127.0,61247846533.0,42089835817.0,-7992642135.0,1337852079.0,-1797410519.0,-20940893247.0,108669345882.0,-1367510424.0,-5.47,9.52,842.43,24.2,11.08,856.72,-0.4,7.36,1350.73,27.44,-697.42,45.52,174.43
003160,디아이,CFS,138996290352.0,132045534034.0,121089114250.0,86898503842.0,74184325454.0,63178467824.0,119340063760.0,111206586935.0,96098088340.0,161249418301.0,163379236085.0,152058573267.0,214541934868.0,231004368333.0,226567361019.0,6139629128.0,11153444246.0,16476140212.0,1960664847.0,15165290080.0,15139406764.0,1.22,74.01,159.95,9.28,68.07,178.0,9.96,63.2,191.66,-7.13,-44.95,1.96,-32.31
003200,일신방직,CFS,397420469887.0,555778028112.0,485317223817.0,125720800419.0,210161785960.0,179411425576.0,178495604004.0,272298156963.0,249710018427.0,880734785576.0,904447829099.0,794294937492.0,539409047753.0,593058768403.0,601028587672.0,-1021003237.0,-16000918451.0,60970489628.0,9719711248.0,114629330181.0,64210377493.0,1.1,20.27,316.11,12.67,30.11,264.45,8.08,31.44,270.51,-9.05,93.62,-1.33,-126.24
003220,대원제약,CFS,209293035076.0,207283824715.0,180377165780.0,182690483039.0,128146380604.0,102076350901.0,243733869786.0,204784866664.0,211176224708.0,264264472571.0,248765199157.0,218403697719.0,526952045065.0,478884656361.0,354176435161.0,32232798510.0,43006376510.0,19425905258.0,23463261382.0,30657171591.0,6610675911.0,8.88,92.23,114.56,12.32,82.32,161.76,3.03,96.69,176.71,10.04,-25.05,35.21,121.39
003230,삼양식품,CFS,492073951173.0,348640276501.0,278912194653.0,402005197765.0,225328097793.0,182419094567.0,593512454782.0,470165749462.0,357388870699.0,576790316113.0,454763741502.0,395691449960.0,1192914607980.0,909036571591.0,642030314159.0,147514090779.0,90375676138.0,65363413971.0,126591199633.0,80271060994.0,56657565902.0,21.95,102.9,122.4,17.65,103.39,154.73,14.32,90.32,152.9,31.23,63.22,41.59,38.27
003240,태광산업,CFS,1852914832457.0,1928388653674.0,2173502938130.0,420549694218.0,419114657979.0,593343898991.0,708793032453.0,698043531131.0,951548817286.0,4029499410934.0,4122700296452.0,3970912815023.0,2265489918200.0,2606596306671.0,2487979024450.0,-99370075160.0,-104464194414.0,341262053240.0,-14694447321.0,257110204294.0,317026621440.0,-0.36,17.59,440.59,6.24,16.93,460.11,7.98,23.96,366.31,-13.09,4.88,4.77,-130.61
003280,흥아해운,CFS,101272964130.0,105041636229.0,55263611296.0,57723186739.0,65840697710.0,26670340739.0,154939133840.0,181755200200.0,144358895306.0,170714205597.0,135304736370.0,102939787802.0,164811542047.0,177860078064.0,81724313869.0,24563227868.0,29679321670.0,-1874688534.0,34733504205.0,23809908600.0,16436494237.0,20.35,90.76,175.45,17.6,134.33,159.54,15.97,140.24,207.21,-7.34,-17.24,117.63,1683.16
003300,한일홀딩스,CFS,1132132616068.0,1010583778368.0,1038440575355.0,679549474109.0,760109174022.0,677272197569.0,1361965047637.0,1220879131264.0,1333699702388.0,2197825203650.0,2047162214760.0,1930132651013.0,2363057189359.0,1965611730065.0,1650343192777.0,262027026206.0,132506014100.0,117776894490.0,180328429043.0,129293981435.0,91582087557.0,8.2,61.97,166.6,6.32,59.64,132.95,4.74,69.1,153.33,20.22,97.75,19.1,12.51
003350,한국화장품제조,CFS,62408083584.0,53031404114.0,46335002237.0,33773103969.0,30824513659.0,23870726940.0,36551560496.0,35421546715.0,33557251976.0,52621954301.0,47244379389.0,42988419121.0,109337763369.0,103876968519.0,67809682461.0,9024560440.0,4318000672.0,-771314063.0,7281366199.0,4033005355.0,-1201698631.0,13.84,69.46,184.79,8.54,74.98,172.04,-2.8,78.06,194.11,5.26,109.0,53.19,659.82
003460,유화증권,CFS,,,,,,,296900932139.0,190957654664.0,248858479409.0,506052350529.0,498377514849.0,485836390597.0,,,,,,,7336575701.0,4196646538.0,9594766241.0,1.45,58.67,,0.84,38.32,,1.97,51.22,,,,,
003465,유화증권우,,,,,,,,,,,,,,,,,,,,,,,,,,,,,,,,,,,
003470,유안타증권,CFS,,,,,,,14860352268000.0,11862753297000.0,13189879725000.0,1601494422000.0,1557126540000.0,1525053921000.0,2855003316000.0,2479008315000.0,2308965076000.0,,,,64427517000.0,45073044000.0,150628495000.0,4.02,927.91,,2.89,761.84,,9.88,864.88,,15.17,,7.36,
003475,유안타증권우,,,,,,,,,,,,,,,,,,,,,,,,,,,,,,,,,,,
003480,한진중공업홀딩스,CFS,443922000000.0,555839000000.0,379459000000.0,625250000000.0,775535000000.0,558145000000.0,1497922000000.0,1629209000000.0,1489201000000.0,367799000000.0,366779000000.0,348600000000.0,,,,39375000000.0,37130000000.0,44589000000.0,7903000000.0,14935000000.0,-7510000000.0,2.15,407.27,71.0,4.07,444.19,71.67,-2.15,427.19,67.99,,6.05,,-16.73
003490,대한항공,CFS,8595169639226.0,8090936743191.0,6640996811377.0,9409864309283.0,8475183412857.0,8444926989287.0,20576567788023.0,19705240815659.0,19806214028703.0,9815208241633.0,9292460206825.0,6865689155499.0,16111796106147.0,14096094819146.0,9016824640301.0,1790089190805.0,2830586753727.0,1417968632826.0,1129105735756.0,1729502852463.0,578782033232.0,11.5,209.64,91.34,18.61,212.06,95.47,8.43,288.48,78.64,14.3,-36.76,56.33,99.62
003495,대한항공우,,,,,,,,,,,,,,,,,,,,,,,,,,,,,,,,,,,
003520,영진약품,CFS,126564018044.0,102194442940.0,89687991138.0,75055135458.0,49631665597.0,48329180388.0,136968480036.0,113212626317.0,89209750580.0,89632344152.0,89870191058.0,104885462467.0,234902460182.0,218380987421.0,196067241848.0,3117394410.0,-7363158868.0,-13877505422.0,-3875543365.0,-21961039428.0,-11582456195.0,-4.32,152.81,168.63,-24.44,125.97,205.91,-11.04,85.05,185.58,7.57,142.34,11.38,46.94
003530,한화투자증권,CFS,,,,,,,11677138582440.0,10555667496176.0,9920841050333.0,1573045025733.0,1555582022027.0,1870186364329.0,1969010048712.0,2114260269949.0,1911456443013.0,,,,9298482501.0,-54867378075.0,144126968419.0,0.59,742.33,,-3.53,678.57,,7.71,530.47,,-6.87,,10.61,
003535,한화투자증권우,,,,,,,,,,,,,,,,,,,,,,,,,,,,,,,,,,,
003540,대신증권,CFS,,,,,,,19622059968000.0,18487776170000.0,20110035373000.0,3021428824000.0,2722959293000.0,2653206536000.0,3854590575000.0,4231331899000.0,3635331998000.0,,,,135831720000.0,131743767000.0,615822762000.0,4.5,649.43,,4.84,678.96,,23.21,757.95,,-8.9,,16.39,
003545,대신증권우,,,,,,,,,,,,,,,,,,,,,,,,,,,,,,,,,,,
003547,대신증권2우B,,,,,,,,,,,,,,,,,,,,,,,,,,,,,,,,,,,
003550,LG,CFS,5199470000000.0,5083392000000.0,5547934000000.0,1937107000000.0,2524385000000.0,2819273000000.0,3236596000000.0,3399491000000.0,3729575000000.0,27016489000000.0,26234186000000.0,21940221000000.0,7445336000000.0,7185987000000.0,6859010000000.0,1589013000000.0,1941380000000.0,2460104000000.0,1414258000000.0,2115750000000.0,2683974000000.0,5.23,11.98,268.41,8.06,12.96,201.37,12.23,17.0,196.79,3.61,-18.15,4.77,-21.09
003555,LG우,,,,,,,,,,,,,,,,,,,,,,,,,,,,,,,,,,,
003570,SNT다이내믹스,CFS,586959728958.0,471157538552.0,448298673880.0,241801003194.0,183462729377.0,124298349751.0,356207738531.0,271939014842.0,226675590424.0,700696578963.0,659055290288.0,652949490955.0,485954273334.0,408024698269.0,335954012592.0,41595970398.0,25764818854.0,20587466954.0,49529807111.0,23006448479.0,58998656478.0,7.07,50.84,242.74,3.49,41.26,256.81,9.04,34.72,360.66,19.1,61.44,21.45,25.15
003580,HLB글로벌,CFS,33330699638.0,48165129978.0,60284066244.0,43565913100.0,49346761912.0,45771991420.0,58156709031.0,52237490080.0,50506519752.0,51947964180.0,68008695055.0,113358834392.0,79865665763.0,44591899196.0,45046153029.0,-12904274682.0,-14740243001.0,-13342319872.0,-25660245811.0,-15243254205.0,-13082245477.0,-49.4,111.95,76.51,-22.41,76.81,97.61,-11.54,44.55,131.71,79.1,12.46,-1.01,-10.48
003610,방림,CFS,119966699720.0,129797149800.0,175106205082.0,43315056242.0,57734881211.0,48511604415.0,49794631627.0,63058875047.0,57282434832.0,193665940357.0,202161168676.0,199797885577.0,131921584650.0,155768173455.0,130973160130.0,-4119487210.0,2149732669.0,6354469456.0,-4198833831.0,5587648543.0,7444411735.0,-2.17,25.71,276.96,2.76,31.19,224.82,3.73,28.67,360.96,-15.31,-291.63,18.93,-66.17
003620,KG모빌리티,CFS,1139590789969.0,627159379542.0,439368949330.0,885732879270.0,401956733467.0,1346125500334.0,1552700998060.0,909004171746.0,1953984621409.0,1082699001177.0,1092903122504.0,-99052586543.0,3736368968570.0,3423340873291.0,2429327700801.0,12547597407.0,-111950027111.0,-261260796567.0,8924265072.0,-60133541656.0,-265982304291.0,0.82,143.41,128.66,-5.5,83.17,156.03,268.53,-1972.67,32.64,9.14,111.21,40.92,57.15
003650,미창석유,CFS,289591646802.0,266514399188.0,260425873174.0,46598985326.0,32949978271.0,39162450696.0,51380636305.0,36181495521.0,45615051049.0,364859820231.0,321144706992.0,301981928754.0,409234735562.0,418789690050.0,406292672739.0,47989880016.0,44004543908.0,35450218335.0,47646038269.0,23383094958.0,33138438882.0,13.06,14.08,621.45,7.28,11.27,808.85,10.97,15.11,664.99,-2.28,9.06,3.08,24.13
003670,포스코퓨처엠,CFS,2411881410829.0,2037518471950.0,2084228054184.0,1396407813025.0,965792822766.0,634649798414.0,3723127307788.0,1986831501348.0,1484050371607.0,2611465990083.0,2650644638841.0,2438429932291.0,4759871486264.0,3301915805063.0,1989542181862.0,35882185999.0,165871669943.0,121675892582.0,4435219953.0,121928567124.0,133761698843.0,0.17,142.57,172.72,4.6,74.96,210.97,5.49,60.86,328.41,44.15,-78.37,65.96,36.32
003680,한성기업,CFS,133555770720.0,135930555429.0,105019874802.0,149769441279.0,126649432998.0,113751595103.0,179406070914.0,182635463144.0,155369922233.0,51403931427.0,52283432626.0,44553977570.0,320600471187.0,292150981319.0,251529273399.0,8069234468.0,7064285768.0,-5790562610.0,1221216255.0,1414198636.0,-7507898460.0,2.38,349.01,89.17,2.7,349.32,107.33,-16.85,348.72,92.32,9.74,14.23,16.15,222.0
003690,코리안리,CFS,,,,,,,8813428441680.0,8301594289101.0,10589949239003.0,3252895729256.0,2715629574160.0,2525706025520.0,,,,,,,283868821363.0,278461038434.0,153347324745.0,8.73,270.94,,10.25,305.7,,6.07,419.29,,,,,
003720,삼영,CFS,47764954578.0,54997551729.0,51301965563.0,61013052374.0,69544846448.0,56903374345.0,64933627511.0,83735128046.0,67128160214.0,67222931028.0,52098188083.0,50546455446.0,122586707813.0,135256436046.0,119593077166.0,6029549093.0,2764345470.0,3284867383.0,18633494905.0,2701761755.0,3481128678.0,27.72,96.59,78.29,5.19,160.73,79.08,6.89,132.8,90.16,-9.37,118.12,13.1,-15.85
003780,진양산업,CFS,36374924536.0,33928799916.0,30823446264.0,25848442566.0,22392612400.0,20437487365.0,33019849000.0,31490483064.0,30401132855.0,57009854398.0,51229471622.0,47470145140.0,86871531571.0,83673211023.0,76350428633.0,7569627807.0,5285312534.0,6846185155.0,8496471715.0,6136146709.0,6197904311.0,14.9,57.92,140.72,11.98,61.47,151.52,13.06,64.04,150.82,3.82,43.22,9.59,-22.8
003830,대한화섬,CFS,111689425372.0,90420132509.0,80352960661.0,17924557481.0,46727337240.0,27264558778.0,143756014747.0,122779864954.0,165770865646.0,717116739206.0,713984666695.0,742048776315.0,134407371795.0,150864212264.0,117346874657.0,2392490401.0,6382961691.0,3156867052.0,10427991011.0,33439084029.0,24376322248.0,1.45,20.05,623.11,4.68,17.2,193.51,3.29,22.34,294.72,-10.91,-62.52,28.56,102.19
003850,보령,CFS,377659484561.0,338378355243.0,437313716447.0,201083021454.0,277482940837.0,155952638573.0,366258950641.0,375969361311.0,354327078692.0,549252590413.0,516416553868.0,474314060757.0,859625585767.0,760475844693.0,627279390053.0,68267020613.0,56602877310.0,41448228314.0,40213138265.0,41938309435.0,43119260371.0,7.32,66.68,187.81,8.12,72.8,121.95,9.09,74.7,280.41,13.04,20.61,21.23,36.56
003920,남양유업,CFS,377093657795.0,456110401716.0,480016975076.0,101382083733.0,148191529280.0,96871436927.0,112447509970.0,164307809198.0,124442409140.0,678230958285.0,737951261299.0,812960709791.0,996763358982.0,964660006375.0,956084029872.0,-72354443617.0,-86806775040.0,-77853692930.0,-67099919179.0,-78442348379.0,-58891078360.0,-9.89,16.58,371.95,-10.63,22.27,307.78,-7.24,15.31,495.52,3.33,16.65,0.9,-11.5
003925,남양유업우,,,,,,,,,,,,,,,,,,,,,,,,,,,,,,,,,,,
003960,사조대림,CFS,673783052810.0,578399925027.0,525060616719.0,513498748271.0,489700196443.0,523255894644.0,552092559042.0,564420178134.0,616712557392.0,710879106964.0,603832489151.0,519013028985.0,2063074655686.0,2018752698679.0,1813694742925.0,128637166378.0,97652234741.0,102255264027.0,107150333560.0,73810464942.0,66562485727.0,15.07,77.66,131.21,12.22,93.47,118.11,12.82,118.82,100.34,2.2,31.73,11.31,-4.5
004000,롯데정밀화학,CFS,1346557688274.0,1316299182252.0,866863327609.0,282045873671.0,397000732488.0,309017089543.0,299724770490.0,415627340272.0,524823793150.0,2383205649083.0,2294218530309.0,2198629894285.0,1768621115725.0,2463759308094.0,1780293056795.0,154778355081.0,404310707357.0,244513587616.0,182031600493.0,146159072725.0,585458461667.0,7.64,12.58,477.43,6.37,18.12,331.56,26.63,23.87,280.52,-28.21,-61.72,38.39,65.35
004020,현대제철,CFS,11953568810846.0,13191046262816.0,12775842710567.0,7984156916980.0,8119176425020.0,7466844695256.0,15722841602022.0,17672412852352.0,18781894205821.0,19496000328022.0,19128542977421.0,18260404159820.0,25914760456167.0,27340601237802.0,22849920977857.0,798325068073.0,1616457125289.0,2447503013134.0,442983461011.0,1038192930309.0,1505154568208.0,2.27,80.65,149.72,5.43,92.39,162.47,8.24,102.86,171.1,-5.22,-50.61,19.65,-33.95
004060,SG세계물산,CFS,94253417810.0,99506111919.0,124497612244.0,57067547105.0,54116741964.0,60371178603.0,60692455929.0,58390585798.0,64147888831.0,242842110833.0,245425084363.0,244265014579.0,143080029866.0,161304784271.0,135746679450.0,1837793496.0,7202639035.0,-4744474966.0,-1027344833.0,1774226205.0,46959184631.0,-0.42,24.99,165.16,0.72,23.79,183.87,19.22,26.26,206.22,-11.3,-74.48,18.83,251.81
004080,신흥,CFS,51648627530.0,54919010474.0,54012998863.0,25789392379.0,33000124584.0,36155746010.0,26440643644.0,33759591792.0,37195201135.0,113890708957.0,106862957753.0,101417011345.0,112442780476.0,118176546667.0,126853440377.0,11356003801.0,10458300238.0,13042805671.0,9230504923.0,8463560875.0,13449679792.0,8.1,23.22,200.27,7.92,31.59,166.42,13.26,36.68,149.39,-4.85,8.58,-6.84,-19.82
004090,한국석유,CFS,179992533971.0,176648336642.0,178792541302.0,154066503203.0,152723074627.0,128483274023.0,176607401972.0,183328538761.0,188198135665.0,177374809664.0,163736985429.0,153928586942.0,679233435585.0,747935988449.0,628912392131.0,15186111924.0,17997729590.0,15555452409.0,14756719369.0,10997829043.0,11251505152.0,8.32,99.57,116.83,6.72,111.97,115.67,7.31,122.26,139.16,-9.19,-15.62,18.93,15.7
004100,태양금속,CFS,259575738221.0,241472047451.0,197985841323.0,307187386568.0,302516088668.0,272343040073.0,390494101128.0,378929145714.0,355310135573.0,108625698683.0,112058795117.0,92373527769.0,617171604795.0,569502769038.0,463045898125.0,22162989453.0,15873939497.0,-750631406.0,72801575.0,-532290342.0,-12264951851.0,0.07,359.49,84.5,-0.48,338.15,79.82,-13.28,384.64,72.7,8.37,39.62,22.99,2214.74
004105,태양금속우,,,,,,,,,,,,,,,,,,,,,,,,,,,,,,,,,,,
004140,동방,CFS,218284872352.0,204702355312.0,142533243220.0,256405223535.0,296862179032.0,174351148931.0,455221060483.0,437684706701.0,399799099774.0,144098260857.0,130280219393.0,131456558237.0,767794640132.0,758533281842.0,595947334152.0,35189702668.0,27567777416.0,27775163917.0,15092199973.0,1298808285.0,-359593161.0,10.47,315.91,85.13,1.0,335.96,68.96,-0.27,304.13,81.75,1.22,27.65,27.28,-0.75
004150,한솔홀딩스,CFS,205289122000.0,201194507000.0,165347429000.0,113963533000.0,110792748000.0,88405199000.0,125877734000.0,125962865000.0,104432487000.0,594227604000.0,597332919000.0,549264298000.0,443135225000.0,467211080000.0,413644137000.0,3998570000.0,19097970000.0,18378267000.0,5033306000.0,48952154000.0,23608616000.0,0.85,21.18,180.14,8.2,21.09,181.6,4.3,19.01,187.03,-5.15,-79.06,12.95,3.92
004170,신세계,CFS,2673702766608.0,2653727735541.0,1910371465465.0,4943859336449.0,4849923550154.0,3570536290009.0,8411994526638.0,8096632950057.0,7882059338197.0,6339988828490.0,6251779372631.0,5762451178886.0,6357088542148.0,7812755198909.0,6316435934254.0,639780613579.0,645448993543.0,517400647833.0,311968012608.0,547639875232.0,388866619073.0,4.92,132.68,54.08,8.76,129.51,54.72,6.75,136.78,53.5,-18.63,-0.88,23.69,24.75
004250,NPC,CFS,161044022224.0,158449777553.0,151939670224.0,155356184498.0,151332617610.0,134474402267.0,172746133735.0,182861269823.0,176774337449.0,364886720478.0,344414423651.0,323206045337.0,508721241750.0,544581475701.0,486902150978.0,29561374107.0,23483130052.0,28271810810.0,26735825055.0,28189180311.0,26181241315.0,7.33,47.34,103.66,8.18,53.09,104.7,8.1,54.69,112.99,-6.58,25.88,11.85,-16.94
004255,NPC우,,,,,,,,,,,,,,,,,,,,,,,,,,,,,,,,,,,
004270,남성,CFS,89215908149.0,102793565085.0,126452567225.0,122913655542.0,126193387362.0,119705643159.0,149998102271.0,151652660509.0,169416969431.0,108115096106.0,119499468298.0,119339940271.0,69674672020.0,98137172439.0,102320290934.0,-6078155000.0,2539944499.0,6945078322.0,-10178565109.0,3167370621.0,6870991131.0,-9.41,138.74,72.58,2.65,126.91,81.46,5.76,141.96,105.64,-29.0,-339.3,-4.09,-63.43
004310,현대약품,CFS,85473125258.0,101642697675.0,84895717680.0,65334227806.0,80695589812.0,45850372207.0,69967631960.0,94604146368.0,77257091879.0,84661467623.0,86555281442.0,86600324878.0,180762658997.0,162690046047.0,139802753089.0,6926929270.0,7970050715.0,-1571885028.0,6121759554.0,-164583306.0,-3173176169.0,7.23,82.64,130.82,-0.19,109.3,125.96,-3.66,89.21,185.16,11.11,-13.09,16.37,607.04
004360,세방,CFS,327628075997.0,351597176858.0,355171888812.0,214427492258.0,214731007148.0,229407891096.0,287005143410.0,277495007259.0,347791901690.0,1058236503181.0,1003478779341.0,897156777368.0,1141950047426.0,1290350585813.0,1057709412045.0,28656237456.0,45146617926.0,29158209219.0,69963792685.0,105527037527.0,52433874833.0,6.61,27.12,152.79,10.52,27.65,163.74,5.84,38.77,154.82,-11.5,-36.53,21.99,54.83
004365,세방우,,,,,,,,,,,,,,,,,,,,,,,,,,,,,,,,,,,
004370,농심,CFS,1419816691135.0,1208524614820.0,1088691509295.0,696493722736.0,616485543701.0,537328993494.0,793949665281.0,719378356883.0,699140508273.0,2440801761177.0,2315340178664.0,2200767285527.0,3410559367259.0,3129065208087.0,2662982988213.0,212064743455.0,112172856716.0,106139720895.0,171469224876.0,116033570018.0,99637362533.0,7.03,32.53,203.85,5.01,31.07,196.03,4.53,31.77,202.61,9.0,89.05,17.5,5.68
004380,삼익THK,CFS,224374757529.0,203694823410.0,154051792047.0,233585373747.0,188140072661.0,117106846744.0,270907976513.0,233318683388.0,180808728420.0,202697984880.0,210708900479.0,197391601953.0,315640474732.0,339133931324.0,310484619649.0,6935482797.0,20638429209.0,14809995790.0,985055837.0,16648775430.0,11812259055.0,0.49,133.65,96.06,7.9,110.73,108.27,5.98,91.6,131.55,-6.93,-66.4,9.23,39.35
004410,서울식품,CFS,24008130609.0,22137981048.0,20747899597.0,33730555400.0,32751963938.0,33019066846.0,44090116624.0,42534581355.0,46261760304.0,26724774163.0,28318780669.0,26017123477.0,64784789661.0,64349405690.0,55297650655.0,586533680.0,1310279754.0,-3630399932.0,-572589191.0,675962890.0,-5778364194.0,-2.14,164.98,71.18,2.39,150.2,67.59,-22.21,177.81,62.84,0.68,-55.24,16.37,136.09
004415,서울식품우,,,,,,,,,,,,,,,,,,,,,,,,,,,,,,,,,,,
004430,송원산업,CFS,569230000000.0,680707000000.0,628381000000.0,307693000000.0,404022000000.0,443999000000.0,384152000000.0,534689000000.0,572395000000.0,705592000000.0,682622000000.0,543254000000.0,1029975000000.0,1329509000000.0,998190000000.0,58469000000.0,185116000000.0,105714000000.0,34847000000.0,131932000000.0,71209000000.0,4.94,54.44,185.0,19.33,78.33,168.48,13.11,105.36,141.53,-22.53,-68.41,33.19,75.11
004440,삼일씨엔에스,CFS,144128288405.0,177346858131.0,127764520815.0,80078353787.0,89724618087.0,54919807623.0,85844015293.0,140597279518.0,74842756530.0,269063787528.0,270843247765.0,277031494408.0,216447816121.0,241241191453.0,226606277092.0,5170081404.0,-6978041314.0,13578850935.0,2087170237.0,-5880604781.0,-3063083815.0,0.78,31.9,179.98,-2.17,51.91,197.66,-1.11,27.02,232.64,-10.28,174.09,6.46,-151.39
004450,삼화왕관,CFS,54647218768.0,59877889564.0,50833073328.0,41325240247.0,37345393005.0,32225043235.0,95306705156.0,103072772485.0,99670369499.0,105851368212.0,119710784481.0,143645458105.0,157903566081.0,154447846282.0,149945172280.0,6945255277.0,3605485104.0,8091703884.0,-6651613355.0,-17219140050.0,1422227228.0,-6.28,90.04,132.24,-14.38,86.1,160.34,0.99,69.39,157.74,2.24,92.63,3.0,-55.44
004490,세방전지,CFS,1025193283956.0,937809203352.0,1057599217741.0,463634461162.0,416488382610.0,431560399953.0,498766534968.0,430957932473.0,472409464073.0,1342203627035.0,1246024048691.0,1211999100241.0,1684815345750.0,1473142777934.0,1352007672441.0,129915669248.0,81090384601.0,99704951541.0,118398646064.0,42678284284.0,85232535955.0,8.82,37.16,221.12,3.43,34.59,225.17,7.03,38.98,245.06,14.37,60.21,8.96,-18.67
004540,깨끗한나라,CFS,168718823493.0,178461002366.0,132324718890.0,279014027125.0,222191293067.0,163975032683.0,429919829263.0,419699356872.0,369204768817.0,211602422739.0,241347622378.0,229486531497.0,514854128376.0,606453743473.0,578743925043.0,-18914851966.0,3754759313.0,13044857715.0,-30844136630.0,-2908390769.0,8362663525.0,-14.58,203.17,60.47,-1.21,173.9,80.32,3.64,160.88,80.7,-15.1,-603.76,4.79,-71.22
004545,깨끗한나라우,,,,,,,,,,,,,,,,,,,,,,,,,,,,,,,,,,,
004560,현대비앤지스틸,CFS,441555928186.0,512455335933.0,518754937342.0,201514644664.0,146256967402.0,186144474151.0,298689554216.0,333016274702.0,271019166550.0,493860721920.0,524827566700.0,497732716061.0,1045305563220.0,1281157155278.0,855704014920.0,-35227804661.0,33466461486.0,89655269568.0,-30200206953.0,26052582523.0,69792443898.0,-6.12,60.48,219.12,4.96,63.45,350.38,14.02,54.45,278.68,-18.41,-205.26,49.72,-62.67
004690,삼천리,CFS,1739483670688.0,2273164967151.0,1551689313606.0,1187758858665.0,2012282139982.0,913522301060.0,2757736685404.0,3482673623260.0,2785181548142.0,1675029499699.0,1539278842890.0,1460127303085.0,5664041261167.0,5789104871674.0,3769310896074.0,174490517245.0,91236419550.0,71755858948.0,145238917827.0,66728900984.0,71110071514.0,8.67,164.64,146.45,4.34,226.25,112.96,4.87,190.75,169.86,-2.16,91.25,53.59,27.15
004700,조광피혁,CFS,99554474620.0,91336630037.0,84580230235.0,29596517531.0,14246771822.0,12488603080.0,69790234659.0,63994595545.0,63928944319.0,434710151011.0,378040280336.0,376981615455.0,126567009199.0,122005783226.0,104248548584.0,6344169361.0,507523554.0,10948431766.0,9045801556.0,6061277453.0,11204041994.0,2.08,16.05,336.37,1.6,16.93,641.1,2.97,16.96,677.26,3.74,1150.02,17.03,-95.36
004710,한솔테크닉스,CFS,389310521191.0,509415530336.0,467995886649.0,338847687070.0,424708759547.0,333270345696.0,479360236353.0,631895650677.0,510394100444.0,474674770896.0,440026250016.0,278276252348.0,1302679102712.0,1360770096667.0,1036215551152.0,48937418076.0,55882865715.0,-1859288552.0,38973271863.0,32627201096.0,-9345850145.0,8.21,100.99,114.89,7.41,143.6,119.94,-3.36,183.41,140.43,-4.27,-12.43,31.32,3105.6
004720,팜젠사이언스,CFS,95327308591.0,70540861359.0,77378929377.0,63171999802.0,68185322964.0,71121630270.0,107705787954.0,110275883209.0,93391562628.0,228211310648.0,207115593817.0,126932260376.0,166778825652.0,150930715377.0,109866066814.0,9126798156.0,7472363774.0,-5037919443.0,5726202308.0,70058186146.0,32414423208.0,2.51,47.2,150.9,33.83,53.24,103.45,25.54,73.58,108.8,10.5,22.14,37.38,248.32
004770,써니전자,CFS,74824097127.0,68105163819.0,60486784378.0,1035705398.0,2775569376.0,8301762636.0,1493834307.0,3286136702.0,9012295478.0,81003678066.0,73223553050.0,68172962624.0,12759842344.0,17441063486.0,15897464321.0,901749708.0,1685945860.0,1774546138.0,3864294306.0,5036812370.0,4503538293.0,4.77,1.84,7224.46,6.88,4.49,2453.74,6.61,13.22,728.6,-26.84,-46.51,9.71,-4.99
004800,효성,CFS,1766631178074.0,2060065764290.0,1906511663624.0,1708893344984.0,1811856720954.0,1561238723227.0,2312626241262.0,2369980096744.0,2265599709955.0,2776232060583.0,2897304623764.0,2989822250012.0,3436688023238.0,3719325523137.0,3536522769098.0,94366525424.0,64887143335.0,638142530054.0,-438141363.0,24807189262.0,538166288852.0,-0.02,83.3,103.38,0.86,81.8,113.7,18.0,75.78,122.12,-7.6,45.43,5.17,-89.83
004830,덕성,CFS,65116466445.0,73648119649.0,75246296015.0,21035220376.0,27500582016.0,36926559742.0,41050935730.0,41762767242.0,40299826150.0,85768161262.0,83409591549.0,84991965738.0,107932700729.0,133297779331.0,115176863547.0,5090066210.0,5248384446.0,3979104643.0,5634121715.0,2515238853.0,5922938815.0,6.57,47.86,309.56,3.02,50.07,267.81,6.97,47.42,203.77,-19.03,-3.02,15.73,31.9
004835,덕성우,,,,,,,,,,,,,,,,,,,,,,,,,,,,,,,,,,,
004840,DRB동일,CFS,508096734481.0,475692073884.0,384837852730.0,396123601545.0,400359407544.0,311773257300.0,465541738320.0,465469810224.0,356400809939.0,498109853788.0,479768684504.0,475555752470.0,737777767832.0,661814016477.0,551337199988.0,35845945523.0,12110321241.0,577562481.0,21854908375.0,3536815255.0,-2796740448.0,4.39,93.46,128.27,0.74,97.02,118.82,-0.59,74.94,123.44,11.48,196.0,20.04,1996.8
004870,티웨이홀딩스,CFS,12668977911.0,14554608205.0,125504329400.0,12823714018.0,8124210003.0,264148019730.0,48804665067.0,45987386449.0,716048792667.0,166583694677.0,164730790742.0,89229853047.0,7774124999.0,11470361300.0,12351230600.0,-3006329578.0,-1863121812.0,191758193.0,4560758532.0,53068448223.0,-163447867041.0,2.74,29.3,98.79,32.22,27.92,179.15,-183.18,802.48,47.51,-32.22,-61.36,-7.13,-1071.6
004890,동일산업,CFS,334641471806.0,337798307653.0,314195950875.0,48601077241.0,63178229577.0,61940984079.0,66058894901.0,82125521241.0,71727779886.0,410077126862.0,417277191970.0,402036822094.0,441161261164.0,498050514999.0,464419157825.0,-4238627709.0,22590867293.0,42048806893.0,-1075698296.0,21844965319.0,43781037304.0,-0.26,16.11,688.55,5.24,19.68,534.68,10.89,17.84,507.25,-11.42,-118.76,7.24,-46.27
004910,조광페인트,CFS,109471177683.0,129950150559.0,108882592239.0,106679639944.0,125528751765.0,91473584778.0,207511534859.0,216375249483.0,172513434410.0,175296462587.0,169732962577.0,174511867604.0,252818412762.0,260470737908.0,238547800177.0,3706462386.0,-1615834521.0,-8796482623.0,4760404223.0,-7251074360.0,-24392791224.0,2.72,118.38,102.62,-4.27,127.48,103.52,-13.98,98.85,119.03,-2.94,329.38,9.19,81.63
004920,씨아이테크,CFS,33615683830.0,39107953692.0,27386415934.0,26458185473.0,26687615012.0,22863435853.0,35659255979.0,41507587354.0,31715497061.0,54920681979.0,52682447978.0,47823127846.0,57050887121.0,56721432617.0,47230072502.0,-7112247389.0,73930086.0,871731347.0,-8133912644.0,-1172030746.0,-6235930125.0,-14.81,64.93,127.05,-2.22,78.79,146.54,-13.04,66.32,119.78,0.58,-9720.23,20.1,-91.52
004960,한신공영,CFS,1689917140286.0,1557208566517.0,1327337409174.0,1129792659898.0,982066539104.0,860000442727.0,1716013928089.0,1622658480432.0,1442187010014.0,752933021934.0,726739625046.0,677762116295.0,1309008523014.0,1221553531537.0,1311144762227.0,14755273986.0,39442102751.0,44647806717.0,23668931441.0,39984565308.0,44654631308.0,3.14,227.91,149.58,5.5,223.28,158.56,6.59,212.79,154.34,7.16,-62.59,-6.83,-11.66
004970,신라교역,CFS,327223227100.0,326498441328.0,298311710766.0,158737026050.0,141193243999.0,108052291313.0,178568344162.0,157356040716.0,127921320912.0,570051838845.0,559045457236.0,552535706523.0,434185755533.0,432649280569.0,346502046058.0,13925633567.0,14467242991.0,16894920312.0,17164767577.0,14194800945.0,44526706578.0,3.01,31.32,206.14,2.54,28.15,231.24,8.06,23.15,276.08,0.36,-3.74,24.86,-14.37
004980,성신양회,CFS,346588644199.0,371430350415.0,311581945499.0,515007526070.0,553738399570.0,472584143826.0,772175804487.0,791369380223.0,707589359217.0,538023248072.0,396213621807.0,414005693494.0,1113282184538.0,1030414329947.0,833543563842.0,73331934254.0,1833600738.0,30023204984.0,66955414380.0,-26470491614.0,6509058513.0,12.44,143.52,67.3,-6.68,199.73,67.08,1.57,170.91,65.93,8.04,3899.34,23.62,-93.89
004985,성신양회우,,,,,,,,,,,,,,,,,,,,,,,,,,,,,,,,,,,
004990,롯데지주,CFS,5854119649407.0,5621713796062.0,4772463498357.0,6727891073451.0,6169727343827.0,4567004950167.0,13487589138957.0,12409157931313.0,10292586180274.0,9672841607501.0,9766258734737.0,9629296923407.0,15159775895639.0,14111852309175.0,9924864014193.0,493689284141.0,489830602915.0,216401073913.0,163660188554.0,336571001704.0,150433761012.0,1.69,139.44,87.01,3.45,127.06,91.12,1.56,106.89,104.5,7.43,0.79,42.19,126.35
00499K,롯데지주우,,,,,,,,,,,,,,,,,,,,,,,,,,,,,,,,,,,
005010,휴스틸,CFS,589116787480.0,640579788285.0,411930568950.0,163667396735.0,195447062794.0,175550684050.0,318962394363.0,297193188974.0,325520951972.0,1007030906107.0,909180443075.0,626399910226.0,764841700033.0,1030923466708.0,616505522303.0,123214733009.0,289220357862.0,63214154152.0,72197667977.0,227154197055.0,37987133196.0,7.17,31.67,359.95,24.98,32.69,327.75,6.06,51.97,234.65,-25.81,-57.4,67.22,357.52
005030,부산주공,CFS,133595007850.0,129259247415.0,77436966719.0,182706824827.0,174175205944.0,176230158625.0,218282472186.0,212511513972.0,216496992293.0,14574189825.0,21420265526.0,23168289946.0,241720629111.0,230549455752.0,186826815708.0,364369139.0,-6463260656.0,-9346942299.0,-10453925848.0,-9711497542.0,-11744451098.0,-71.73,1497.73,73.12,-45.34,992.1,74.21,-50.69,934.45,43.94,4.85,105.64,23.4,30.85
005070,코스모신소재,CFS,295505274305.0,208828977849.0,119251500967.0,161698738718.0,150762393213.0,82377750336.0,193891013679.0,200117019634.0,143034110908.0,478782330149.0,251204096947.0,205448546579.0,629578773085.0,485605243552.0,305893094697.0,32324547766.0,32475176321.0,21792842464.0,27036287901.0,27697027964.0,17998487325.0,5.65,40.5,182.75,11.03,79.66,138.52,8.76,69.62,144.76,29.65,-0.46,58.75,49.02
005090,SGC에너지,CFS,1200550195529.0,1311038342017.0,829788527234.0,1630402099009.0,1623193756518.0,1115766791036.0,2098714440145.0,2187874937878.0,1852133114204.0,868796193814.0,866487238616.0,739416716353.0,3024051635225.0,2823334065836.0,1898386809603.0,106822963776.0,209400218379.0,152238223395.0,17169648910.0,148411627493.0,98486293116.0,1.98,241.57,73.64,17.13,252.5,80.77,13.32,250.49,74.37,7.11,-48.99,48.72,37.55
005110,한창,CFS,62137207473.0,77404531331.0,94017055885.0,86558354153.0,82062812987.0,89525304053.0,89140438095.0,90132832628.0,97276581394.0,1170029782.0,23348160604.0,37001816580.0,66291757351.0,89339914192.0,35217986685.0,238216782.0,9846444821.0,-4720153512.0,-31237651569.0,-1870954346.0,-28242821501.0,-2669.82,7618.65,71.79,-8.01,386.04,94.32,-76.33,262.9,105.02,-25.8,-97.58,153.68,308.6
005180,빙그레,CFS,395032407534.0,315267835364.0,313908033967.0,182124833765.0,152445670179.0,160011490125.0,249119716386.0,193497612928.0,202369499606.0,641597543475.0,575768974671.0,557875780965.0,1394316382403.0,1267685822673.0,1147435118625.0,112245218200.0,39407655268.0,26243919355.0,86218494465.0,25685517208.0,-19327115194.0,13.44,38.83,216.9,4.46,33.61,206.81,-3.46,36.28,196.18,9.99,184.83,10.48,50.16
005250,녹십자홀딩스,CFS,1361245870014.0,1261978231373.0,1424864331767.0,1513207405670.0,1052354393520.0,925912756792.0,1856165582345.0,1625017215651.0,1586104973262.0,1881541819965.0,1967043519272.0,1910728953705.0,2057935704611.0,2079559970740.0,1840558602978.0,-16437917061.0,71961626472.0,86244224819.0,-72793909756.0,58897358703.0,127657537369.0,-3.87,98.65,89.96,2.99,82.61,119.92,6.68,83.01,153.89,-1.04,-122.84,12.99,-16.56
005257,녹십자홀딩스2우,,,,,,,,,,,,,,,,,,,,,,,,,,,,,,,,,,,
005300,롯데칠성,CFS,1149579977601.0,1019994253786.0,994500442413.0,1264919959958.0,1154623005968.0,970974140682.0,2720834172686.0,2283769460026.0,2151774423248.0,1536835578135.0,1412166180284.0,1445055699930.0,3224680481809.0,2841747049867.0,2506093270200.0,210669752581.0,222858437341.0,182218380367.0,166513593085.0,131094281214.0,137076880540.0,10.83,177.04,90.88,9.28,161.72,88.34,9.49,148.91,102.42,13.48,-5.47,13.39,22.3
005305,롯데칠성우,,,,,,,,,,,,,,,,,,,,,,,,,,,,,,,,,,,
005320,온타이드,CFS,99626820196.0,109587105436.0,103105105390.0,54580829207.0,53328492035.0,52591898214.0,65127341444.0,65952316049.0,66109970105.0,110792565424.0,109055850176.0,102364580802.0,224438686442.0,329876667193.0,226076662962.0,-3581191913.0,17033935517.0,-769194716.0,-8505715135.0,1390173806.0,-7948938059.0,-7.68,58.78,182.53,1.27,60.48,205.49,-7.77,64.58,196.05,-31.96,-121.02,45.91,2314.52
005360,모나미,CFS,94995519450.0,119271179657.0,112261448585.0,89451315985.0,91158525042.0,64517529597.0,97140752588.0,111823225016.0,97960468698.0,98778063635.0,106609398706.0,104547410896.0,141452792883.0,149532210261.0,132235899435.0,-2268342309.0,6277196330.0,5064131360.0,-5722532337.0,3315766792.0,15736000491.0,-5.79,98.34,106.2,3.11,104.89,130.84,15.05,93.7,174.0,-5.4,-136.14,13.08,23.95
005380,현대차,CFS,101724717000000.0,96389273000000.0,88565366000000.0,73362103000000.0,74236472000000.0,64236787000000.0,180653915000000.0,164845917000000.0,151330626000000.0,101809440000000.0,90896545000000.0,82615789000000.0,162663579000000.0,142151469000000.0,116448159000000.0,15126901000000.0,9824928000000.0,6526521000000.0,12272301000000.0,7983614000000.0,5693077000000.0,12.05,177.44,138.66,8.78,181.36,129.84,6.89,183.17,137.87,14.43,53.96,22.07,50.54
005385,현대차우,,,,,,,,,,,,,,,,,,,,,,,,,,,,,,,,,,,
005387,현대차2우B,,,,,,,,,,,,,,,,,,,,,,,,,,,,,,,,,,,
005389,현대차3우B,,,,,,,,,,,,,,,,,,,,,,,,,,,,,,,,,,,
005420,코스모화학,CFS,377119311640.0,299634118183.0,199203462450.0,323120487326.0,301235755887.0,255220604976.0,446543561144.0,409208860809.0,378544444235.0,644489609739.0,398650035252.0,302799853671.0,798983652893.0,718194570102.0,512614348130.0,3005594005.0,41427923296.0,30483818557.0,-7469918831.0,31471670942.0,23503161026.0,-1.16,69.29,116.71,7.89,102.65,99.47,7.76,125.01,78.05,11.25,-92.75,40.1,35.9
005430,한국공항,CFS,206590264465.0,185028752660.0,177050678966.0,72927688420.0,44213126942.0,39604835438.0,128378638433.0,81818613944.0,93813700658.0,348472901998.0,339276428817.0,290074277397.0,544725137436.0,400521081627.0,345532183624.0,33969013124.0,2592551465.0,-902546870.0,31422609309.0,5774385828.0,3251006197.0,9.02,36.84,283.28,1.7,24.12,418.49,1.12,32.34,447.04,36.0,1210.25,15.91,387.25
005440,현대지에프홀딩스,CFS,1197839036000.0,1058080200000.0,990554123000.0,866095197000.0,752414076000.0,588539334000.0,1530728455000.0,990002238000.0,899515814000.0,3520953816000.0,2198879211000.0,2210470978000.0,2629493454000.0,1956998071000.0,3486080421000.0,-11033826000.0,-30815370000.0,58615990000.0,1100908213000.0,45279137000.0,41339272000.0,31.27,43.47,138.3,2.06,45.02,140.62,1.87,40.69,168.31,34.36,64.19,-43.86,-152.57
005490,POSCO홀딩스,CFS,46212298543978.0,47649465547079.0,46621630510895.0,21861518075074.0,23188189987105.0,21083623164990.0,41281496791611.0,40149380046004.0,36666670760250.0,59663897393468.0,58257400589250.0,54804943351665.0,77127197108585.0,84750203702240.0,76332345050013.0,3531422506439.0,4850053015766.0,9238089232877.0,1845849532200.0,3560483538695.0,7195889963608.0,3.09,69.19,211.39,6.11,68.92,205.49,13.13,66.9,221.13,-8.99,-27.19,11.03,-47.5
005500,삼진제약,CFS,146180494578.0,134268343120.0,139871863856.0,144550213651.0,81652160600.0,49514223526.0,154536239147.0,130692791177.0,98327946689.0,265364997650.0,275864152918.0,234168018137.0,292128533737.0,274031808452.0,250070355495.0,20484355464.0,23184322386.0,33911426198.0,18905784041.0,21900918791.0,28404155688.0,7.12,58.24,101.13,7.94,47.38,164.44,12.13,41.99,282.49,6.6,-11.65,9.58,-31.63
005610,삼립,CFS,585928490679.0,539519447906.0,445121394146.0,683473600046.0,649482563312.0,577185351183.0,874719614690.0,906290707171.0,887952393328.0,419012689858.0,389108878435.0,335030717758.0,3433322296454.0,3314547280509.0,2946653786654.0,91734322533.0,89513471496.0,66177207700.0,50228465295.0,53236796550.0,40471829217.0,11.99,208.76,85.73,13.68,232.91,83.07,12.08,265.04,77.12,3.58,2.48,12.49,35.26
005680,삼영전자,CFS,357467077593.0,374038956145.0,372337064267.0,9673972717.0,16409171235.0,29302439803.0,14416675110.0,20693875402.0,33890506702.0,529626204677.0,522913834412.0,512609711404.0,177289642415.0,227806509955.0,238877794978.0,6457447965.0,16282037403.0,15712130457.0,13835688831.0,18761577373.0,17029948872.0,2.61,2.72,3695.14,3.59,3.96,2279.45,3.32,6.61,1270.67,-22.18,-60.34,-4.63,3.63
005690,파미셀,CFS,43166152058.0,62363173419.0,65041397453.0,7763156978.0,28546176077.0,24943029954.0,12121806513.0,32982274160.0,30461552643.0,80396946327.0,76664914880.0,63871398815.0,56227378925.0,60181806979.0,51811620505.0,1295996455.0,8873366509.0,7862970352.0,3577983636.0,8261768828.0,9450907168.0,4.45,15.08,556.04,10.78,43.02,218.46,14.8,47.69,260.76,-6.57,-85.39,16.16,12.85
005720,넥센,CFS,1745855254446.0,1637750257158.0,1645487809752.0,1451193915140.0,1568455337669.0,1152901808956.0,2829351043809.0,2595712644048.0,2455495304642.0,2231606324070.0,2131183569996.0,2116797176467.0,3036061854464.0,3003950006220.0,2403881270993.0,221038045467.0,-22542977056.0,33579042980.0,100449037121.0,1776893536.0,29421638925.0,4.5,126.79,120.3,0.08,121.8,104.42,1.39,116.0,142.73,1.07,1080.52,24.96,-167.13
005725,넥센우,,,,,,,,,,,,,,,,,,,,,,,,,,,,,,,,,,,
005740,크라운해태홀딩스,CFS,230187006183.0,271727927368.0,260606644771.0,369693660129.0,405281944441.0,419398091649.0,611838013675.0,635811691855.0,626381107124.0,543948918099.0,517958395592.0,489358024573.0,1035541074592.0,979071454561.0,928177931986.0,71034057046.0,38440307559.0,39307029722.0,41312914804.0,23752044518.0,11184510484.0,7.59,112.48,62.26,4.59,122.75,67.05,2.29,128.0,62.14,5.77,84.79,5.48,-2.21
005745,크라운해태홀딩스우,,,,,,,,,,,,,,,,,,,,,,,,,,,,,,,,,,,
005750,대림바스,CFS,131792726288.0,122695057408.0,111636381313.0,128790267380.0,89151175570.0,107902239242.0,187014858007.0,179629163370.0,169194158167.0,160641169991.0,157961649402.0,157388850913.0,266280932560.0,253490953035.0,260359422259.0,4059070397.0,1454990634.0,2416118382.0,-5547637853.0,-859785598.0,915191140.0,-3.45,116.42,102.33,-0.54,113.72,137.63,0.58,107.5,103.46,5.05,178.98,-2.64,-39.78
005800,신영와코루,CFS,165709722247.0,179619782007.0,170258777542.0,27794916867.0,54155104445.0,53997739073.0,36041587402.0,63083713569.0,65750359288.0,365678215759.0,362720745342.0,322918244369.0,202775168754.0,201443944940.0,189412826757.0,2157294604.0,6613866012.0,3690487329.0,5008543200.0,23502438488.0,6491809139.0,1.37,9.86,596.19,6.48,17.39,331.68,2.01,20.36,315.31,0.66,-67.38,6.35,79.21
005810,풍산홀딩스,CFS,202981668491.0,213323193085.0,196431480901.0,110873765199.0,103482894554.0,86482433678.0,170346888480.0,178221821848.0,155681920444.0,1023904316175.0,964559570378.0,896274083149.0,406728730515.0,387671434890.0,487784677999.0,67837648307.0,80160431979.0,96828238680.0,83387284452.0,73235786439.0,173751309228.0,8.14,16.64,183.07,7.59,18.48,206.14,19.39,17.37,227.13,4.92,-15.37,-20.52,-17.21
005820,원림,CFS,99385495353.0,78165685356.0,91448899410.0,15814014566.0,18918952101.0,26662976267.0,23052297051.0,26002568470.0,34844419311.0,151917181773.0,143929258015.0,135439017833.0,84421858608.0,81927170601.0,79683129520.0,5066403417.0,3400937500.0,3192709036.0,10089058402.0,9219220479.0,2724277117.0,6.64,15.17,628.46,6.41,18.07,413.16,2.01,25.73,342.98,3.05,48.97,2.82,6.52
005830,DB손해보험,CFS,,,,,,,49736681327747.0,45510911766472.0,58019133909451.0,10303747263209.0,12124266534256.0,6732468664221.0,,,,,,,1742379224712.0,2039482230002.0,872920123813.0,16.91,482.7,,16.82,375.37,,12.97,861.78,,,,,
005850,에스엘,CFS,2070891916834.0,1773353010903.0,1601327668417.0,1116078680510.0,1092451714642.0,898523117862.0,1226615063764.0,1225627791292.0,1049018848620.0,2009119403482.0,1706009149013.0,1518474284906.0,4838846695980.0,4174537934857.0,3001142196348.0,386185752873.0,197915409993.0,110540923374.0,349266124228.0,165912606043.0,96212544698.0,17.38,61.05,185.55,9.73,71.84,162.33,6.34,69.08,178.22,15.91,95.13,39.1,79.04
005870,휴니드,CFS,226645373224.0,229090786204.0,192277737645.0,132338302899.0,154763742732.0,127257295790.0,137756656975.0,159788538743.0,134159015866.0,161578257143.0,144336818728.0,133181245779.0,228843875014.0,222470897615.0,227701907939.0,17360970116.0,12661325441.0,13294091773.0,17876181009.0,9259054398.0,13016423829.0,11.06,85.26,171.26,6.41,110.71,148.03,9.77,100.73,151.09,2.86,37.12,-2.3,-4.76
005880,대한해운,CFS,655634038156.0,560963774495.0,502296058727.0,1192523164554.0,721681757213.0,390206074573.0,2880989160205.0,2706138104863.0,2341620168689.0,1846814654142.0,1784122006765.0,1518114390148.0,1397365391874.0,1612014464184.0,1153843059443.0,249957270562.0,267671830651.0,203921089342.0,46354279593.0,172294292657.0,306589438251.0,2.51,156.0,54.98,9.66,151.68,77.73,20.2,154.25,128.73,-13.32,-6.62,39.71,31.26
005930,삼성전자,CFS,195936557000000.0,218470581000000.0,218163185000000.0,75719452000000.0,78344852000000.0,88117133000000.0,92228115000000.0,93674903000000.0,121721227000000.0,363677865000000.0,354749604000000.0,304899931000000.0,258935494000000.0,302231360000000.0,279604799000000.0,6566976000000.0,43376630000000.0,51633856000000.0,15487100000000.0,55654077000000.0,39907450000000.0,4.26,25.36,258.77,15.69,26.41,278.86,13.09,39.92,247.58,-14.33,-84.86,8.09,-15.99
005935,삼성전자우,,,,,,,,,,,,,,,,,,,,,,,,,,,,,,,,,,,
005940,NH투자증권,CFS,,,,,,,49084465000000.0,46200211000000.0,51718694000000.0,7613428000000.0,7228056000000.0,6823305000000.0,,,,,,,553048000000.0,302929000000.0,931464000000.0,7.26,644.71,,4.19,639.18,,13.65,757.97,,,,,
005945,NH투자증권우,,,,,,,,,,,,,,,,,,,,,,,,,,,,,,,,,,,
005950,이수화학,CFS,696255711975.0,648004325426.0,668558728961.0,619458505439.0,646244331679.0,521817526282.0,832802122592.0,782591483389.0,777122951530.0,260664591089.0,405485089749.0,391815624582.0,1995488453425.0,2001785794246.0,1512633282126.0,-56017930753.0,-17067101101.0,60527609578.0,-28074913226.0,26233638344.0,96522425842.0,-10.77,319.49,112.4,6.47,193.0,100.27,24.63,198.34,128.12,-0.31,-228.22,32.34,-128.2
005960,동부건설,CFS,1363719905898.0,1135812744275.0,781567740809.0,1016620678576.0,617523861899.0,410707890007.0,1226953607157.0,998112147136.0,702346281301.0,580558728890.0,583588347208.0,559654479847.0,1899979526270.0,1461208947333.0,1144872823605.0,30156163241.0,41253381219.0,61251228945.0,-4854316016.0,39355378983.0,116473370425.0,-0.84,211.34,134.14,6.74,171.03,183.93,20.81,125.5,190.3,30.03,-26.9,27.63,-32.65
005965,동부건설우,,,,,,,,,,,,,,,,,,,,,,,,,,,,,,,,,,,
006040,동원산업,CFS,3770743737259.0,3395834362543.0,3047421617801.0,3070620309109.0,2682961819501.0,2216120894829.0,4589421552831.0,4152704107718.0,4058408981430.0,3135721276463.0,2908475429741.0,2626758214077.0,8948570757964.0,9026258367482.0,7602999659514.0,464733626626.0,494432749962.0,508664037310.0,272187151018.0,296545278655.0,315039571118.0,8.68,146.36,122.8,10.2,142.78,126.57,11.99,154.5,137.51,-0.86,-6.01,18.72,-2.8
006060,화승인더,CFS,747616933377.0,874903842645.0,820293693265.0,905070999887.0,943368596899.0,854747575504.0,1039627990949.0,1119839945881.0,1002373142596.0,613649058624.0,659649543091.0,634677962718.0,1466551191174.0,1912955609700.0,1365517618369.0,24745436322.0,73297899437.0,17136189261.0,-32499380085.0,84442660.0,-4203131618.0,-5.3,169.42,82.6,0.01,169.76,92.74,-0.66,157.93,95.97,-23.34,-66.24,40.09,327.74
006090,사조오양,CFS,138289185761.0,136578328509.0,126691707365.0,118247567432.0,129264943322.0,105743802678.0,125447760254.0,137261542247.0,119243893874.0,220792416309.0,205946412848.0,196704588855.0,391537751320.0,369125207218.0,328881778560.0,16282340446.0,10201022922.0,20393329855.0,20298534633.0,8526793526.0,15770039285.0,9.19,56.82,116.95,4.14,66.65,105.66,8.02,60.62,119.81,6.07,59.61,12.24,-49.98
006110,삼아알미늄,CFS,189503583143.0,129950354050.0,99114672156.0,93699966320.0,125330581063.0,92624711844.0,149310132933.0,150214354677.0,105209850404.0,254988673514.0,137938934911.0,122028110534.0,268023420437.0,312055883421.0,252965524544.0,3770590732.0,22571051710.0,15447143092.0,3406229990.0,17206656305.0,12153040066.0,1.34,58.56,202.25,12.47,108.9,103.69,9.96,86.22,107.01,-14.11,-83.29,23.36,46.12
006120,SK디스커버리,CFS,5012296888979.0,5326431008340.0,2801640848330.0,2829893307852.0,3283276498952.0,1977474937048.0,6181138047283.0,5826776624464.0,3812564886737.0,6069572247695.0,5953321868034.0,3069308327948.0,8939216850779.0,8717115148765.0,6614328160700.0,256702034546.0,362228951564.0,74366472698.0,247822243607.0,534037722554.0,272294790887.0,4.08,101.84,177.12,8.97,97.87,162.23,8.87,124.22,141.68,2.55,-29.13,31.79,387.09
006125,SK디스커버리우,,,,,,,,,,,,,,,,,,,,,,,,,,,,,,,,,,,
006200,한국전자홀딩스,CFS,249532285927.0,203217100953.0,230494244475.0,87099655370.0,94444592137.0,112706134841.0,116991494092.0,123768339272.0,153728383077.0,386122138294.0,345331921976.0,309899469327.0,266806350932.0,323979889281.0,331176392129.0,-24677103505.0,30029847771.0,38507381292.0,-28809054750.0,31243297812.0,29177553677.0,-7.46,30.3,286.49,9.05,35.84,215.17,9.42,49.61,204.51,-17.65,-182.18,-2.17,-22.02
006220,제주은행,CFS,,,,,,,6626863000000.0,6798450000000.0,6428269000000.0,535851000000.0,521854000000.0,515945000000.0,,,,,,,5101000000.0,22820000000.0,18446000000.0,0.95,1236.7,,4.37,1302.75,,3.58,1245.92,,,,,
006260,LS,CFS,11617591000000.0,11461292000000.0,7485506000000.0,8631564000000.0,8504994000000.0,5173933000000.0,11495353000000.0,11363417000000.0,7915665000000.0,6750601000000.0,5893939000000.0,4710266000000.0,24480743000000.0,17491338000000.0,12829274000000.0,899674000000.0,669509000000.0,575315000000.0,570596000000.0,847180000000.0,352129000000.0,8.45,170.29,134.59,14.37,192.8,134.76,7.48,168.05,144.68,39.96,34.38,36.34,16.37
006280,녹십자,CFS,1039149087771.0,980437888875.0,1095620833886.0,868916638866.0,540738447304.0,552882863140.0,1103450608000.0,958895150180.0,962387714561.0,1539863309487.0,1566641931089.0,1499757017639.0,1626643815820.0,1711312739533.0,1537825750251.0,34436169536.0,81263665843.0,73661620779.0,-19808730987.0,69414784584.0,136949879241.0,-1.29,71.66,119.59,4.43,61.21,181.31,9.13,64.17,198.17,-4.95,-57.62,11.28,10.32
006340,대원전선,CFS,191351571521.0,200914428407.0,194857059590.0,122508949574.0,142834595591.0,141646044201.0,134547618320.0,154359646720.0,152928878651.0,100324043905.0,91598885754.0,87644896846.0,515401908392.0,562428058271.0,474978486706.0,13130113478.0,1346085446.0,2295663054.0,9612692059.0,1354066071.0,1304381307.0,9.58,134.11,156.19,1.48,168.52,140.66,1.49,174.49,137.57,-8.36,875.43,18.41,-41.36
006345,대원전선우,,,,,,,,,,,,,,,,,,,,,,,,,,,,,,,,,,,
006360,GS건설,CFS,9482031400336.0,9411595104509.0,8195112429919.0,8796223078467.0,8205470645448.0,6769327249756.0,12822138677201.0,11590413888307.0,10311003421948.0,4885159860812.0,5356202808591.0,4872723842820.0,13436684904471.0,12299196214752.0,9036575422803.0,-387945401071.0,554834830515.0,646485539335.0,-419500544880.0,441211560543.0,428803249577.0,-8.59,262.47,107.8,8.24,216.39,114.7,8.8,211.61,121.06,9.25,-169.92,36.1,-14.18
006370,대구백화점,CFS,24380798670.0,23612147066.0,140445368265.0,137730400952.0,189455589257.0,154555811935.0,269986052589.0,238926889458.0,232567470102.0,197437292140.0,231420373088.0,254032331575.0,61806120887.0,70060517293.0,75954895503.0,-15147326554.0,-16303455665.0,-18071441256.0,-29666182421.0,-18601405827.0,-5831920022.0,-15.03,136.75,17.7,-8.04,103.24,12.46,-2.3,91.55,90.87,-11.78,7.09,-7.76,9.78
006380,카프로,CFS,31567356492.0,94426176556.0,216792805213.0,197345539834.0,167024554287.0,207957306690.0,240136624028.0,275602853303.0,269292140892.0,-23332040485.0,26602738377.0,126006035469.0,75594416635.0,427187321496.0,582429145651.0,-39471837760.0,-122282523566.0,3603080373.0,-49109417604.0,-186206661086.0,1957933460.0,210.48,-1029.21,16.0,-699.95,1035.99,56.53,1.55,213.71,104.25,-82.3,67.72,-26.65,-3493.83
006400,삼성SDI,CFS,9187029193265.0,9651702375329.0,7444907068203.0,8518933137070.0,8006938827488.0,6461285795016.0,14131610215445.0,13040023014999.0,10636493682081.0,19907249977522.0,17217502156128.0,15196699314855.0,22708300498633.0,20124069515854.0,13553220248796.0,1633368964768.0,1808013013202.0,1067575600497.0,2066046562201.0,2039361447986.0,1250401560241.0,10.38,70.99,107.84,11.84,75.74,120.54,8.23,69.99,115.22,12.84,-9.66,48.48,69.36
006405,삼성SDI우,,,,,,,,,,,,,,,,,,,,,,,,,,,,,,,,,,,
006490,프리티,CFS,27820318280.0,28777159014.0,36939215254.0,36941334924.0,37180120332.0,42543796443.0,38133734139.0,38132316932.0,43461356421.0,38350409280.0,63051467155.0,65888588857.0,99811312707.0,76678321796.0,71665525213.0,446804037.0,-1387901650.0,-2421495654.0,-30303127067.0,-7408062517.0,5088299660.0,-79.02,99.44,75.31,-11.75,60.48,77.4,7.72,65.96,86.83,30.17,132.19,6.99,42.68
006570,대림통상,CFS,95941613928.0,97249047327.0,91795559569.0,91020270941.0,79560377493.0,81786778148.0,106152378893.0,91462722734.0,89665370599.0,70991418122.0,80329895891.0,76137060888.0,145721236338.0,174112262391.0,155229119203.0,-4932768955.0,6951768177.0,2943841594.0,-7955396540.0,3827885023.0,340647786.0,-11.21,149.53,105.41,4.77,113.86,122.23,0.45,117.77,112.24,-16.31,-170.96,12.16,136.15
006650,대한유화,CFS,502070943945.0,460924908665.0,970576200263.0,288246676637.0,222554203689.0,307502731889.0,371702112202.0,333880102156.0,449738749493.0,1824790602135.0,1861952413767.0,2029134281774.0,2499972627941.0,2222070977921.0,2514851601517.0,-62321327716.0,-214640345650.0,179414039346.0,-29040720790.0,-149053085545.0,149935944614.0,-1.59,20.37,174.18,-8.01,17.93,207.11,7.39,22.16,315.63,12.51,70.96,-11.64,-219.63
006660,삼성공조,CFS,221408500077.0,201631943530.0,158908013145.0,35223094742.0,41011848299.0,34894401040.0,42256345231.0,49783880589.0,37761206683.0,271167495213.0,258870910592.0,219752945076.0,125890836954.0,95745353970.0,79578435154.0,5439330772.0,8737465177.0,1170697408.0,14081133282.0,40961799062.0,-2479562400.0,5.19,15.58,628.59,15.82,19.23,491.64,-1.13,17.18,455.4,31.49,-37.75,20.32,646.35
006740,블루산업개발,CFS,61503210872.0,54442061424.0,85462405104.0,21850624649.0,17277788385.0,19365789929.0,79693711102.0,67139875786.0,77558898577.0,120222578181.0,136530503860.0,132037440574.0,82568024475.0,105449038864.0,120612511549.0,-2992480125.0,7804011246.0,8098496224.0,-5653312056.0,7918488493.0,6342599451.0,-4.7,66.29,281.47,5.8,49.18,315.1,4.8,58.74,441.31,-21.7,-138.35,-12.57,-3.64
006800,미래에셋증권,CFS,,,,,,,116938445976567.0,95852875159122.0,98031833902423.0,11238866114389.0,11099314721113.0,10609959411536.0,20359463366897.0,19161174666050.0,13152001580324.0,,,,337857808122.0,706131422248.0,1183438432208.0,3.01,1040.48,,6.36,863.59,,11.15,923.96,,6.25,,45.69,
006805,미래에셋증권우,,,,,,,,,,,,,,,,,,,,,,,,,,,,,,,,,,,
00680K,미래에셋증권2우B,,,,,,,,,,,,,,,,,,,,,,,,,,,,,,,,,,,
006840,AK홀딩스,CFS,1534098922327.0,1578818308431.0,1352749114609.0,2775069811528.0,2366670547012.0,1873942574814.0,4020733884275.0,3721996781791.0,3346377385610.0,1294261200121.0,1263368989571.0,1202359271295.0,4479660141625.0,3787959855335.0,3167699652090.0,279123890558.0,-21822473627.0,-165714944091.0,130395492971.0,-124858459734.0,-199326056742.0,10.07,310.66,55.28,-9.88,294.61,66.71,-16.58,278.32,72.19,18.26,1379.07,19.58,86.83
006880,신송홀딩스,CFS,35061784725.0,33746274549.0,35559458848.0,109926582057.0,56054142465.0,54138908717.0,139384802130.0,146219644364.0,152906424644.0,103552470549.0,96131077029.0,95283806748.0,193419654722.0,209403828091.0,186444266263.0,8381489448.0,8574416656.0,6867678554.0,8831541142.0,1577789162.0,7466832569.0,8.53,134.6,31.9,1.64,152.1,60.2,7.84,160.47,65.68,-7.63,-2.25,12.31,24.85
006890,태경케미컬,CFS,68938171478.0,66162897988.0,62264449704.0,12428080145.0,11658373087.0,10480650841.0,20900958071.0,20054166298.0,19762173299.0,161981348487.0,147337732507.0,140983715975.0,70748221182.0,59613478497.0,54066186889.0,17877381574.0,10400584716.0,12135092981.0,17372104698.0,8732482523.0,10914685864.0,10.72,12.9,554.7,5.93,13.61,567.51,7.74,14.02,594.09,18.68,71.89,10.26,-14.29
006980,우성,CFS,248068670570.0,255997620670.0,197622310346.0,211111514188.0,213958999643.0,152049644952.0,242808033710.0,228737289473.0,172372494247.0,182519530233.0,173231983536.0,172245246521.0,634838094173.0,612322385130.0,480475197521.0,5680812539.0,-607442610.0,912419721.0,11055745204.0,126061430.0,-5842439821.0,6.06,133.03,117.51,0.07,132.04,119.65,-3.39,100.07,129.97,3.68,1035.2,27.44,-166.57
007070,GS리테일,CFS,1857061602047.0,1366113278315.0,1183932817746.0,2664089238772.0,2173617697970.0,2055199218764.0,5608276834883.0,5412417744683.0,5041586937987.0,4433739107731.0,4420005380162.0,4414386044491.0,11612547920738.0,11031892705958.0,9517214159799.0,393955339623.0,360186160964.0,292472388224.0,22147526377.0,47609804762.0,801275553361.0,0.5,126.49,69.71,1.08,122.45,62.85,18.15,114.21,57.61,5.26,9.38,15.92,23.15
007110,일신석재,CFS,42376412854.0,61470485884.0,39497351322.0,31054628544.0,50872603656.0,29917267830.0,41333553545.0,60940446850.0,39637444370.0,56968634418.0,55227417237.0,52252635215.0,101237416801.0,137670990748.0,74742972573.0,4606467382.0,3899804285.0,826387310.0,1662404066.0,2347583898.0,-61496553.0,2.92,72.55,136.46,4.25,110.34,120.83,-0.12,75.86,132.02,-26.46,18.12,84.19,371.91
007120,미래아이앤지,CFS,9912992825.0,31591856532.0,36533717144.0,5948307655.0,4710195322.0,3265137643.0,26320541597.0,28061180087.0,28587955823.0,58141399070.0,69431663112.0,71080377235.0,13025586982.0,12828359269.0,7807921586.0,3232556343.0,3105522387.0,899375453.0,-9297695357.0,-3042386041.0,-18081302852.0,-15.99,45.27,166.65,-4.38,40.42,670.71,-25.44,40.22,1118.9,1.54,4.09,64.3,245.3
007160,사조산업,CFS,299434662900.0,338171210782.0,320683527977.0,460396159573.0,429303021755.0,384178386265.0,522283807245.0,523375978943.0,548108054331.0,647475832866.0,643235999248.0,565748439107.0,632240275627.0,660986318742.0,590393764176.0,-23912003470.0,55173554439.0,49237466179.0,9347260430.0,80131865013.0,55325013372.0,1.44,80.66,65.04,12.46,81.37,78.77,9.78,96.88,83.47,-4.35,-143.34,11.96,12.06
007210,벽산,CFS,247206760852.0,249903036374.0,207560308091.0,180636131712.0,206258902439.0,157776922899.0,289171146580.0,299532316523.0,215128919293.0,331255797285.0,302287717378.0,290311546137.0,620719684691.0,519886002844.0,471429017552.0,44748806752.0,18828034737.0,8544877436.0,36431960368.0,11698989585.0,-1495002759.0,11.0,87.3,136.85,3.87,99.09,121.16,-0.51,74.1,131.55,19.4,137.67,10.28,120.34
007280,한국특강,CFS,235482330815.0,230421748425.0,191986245290.0,241261713662.0,217425096298.0,113088565249.0,334499280052.0,348107184910.0,316723246212.0,226498155365.0,199701202749.0,140027174091.0,830391818276.0,795939630828.0,691525199712.0,47315792559.0,30643132332.0,40213158225.0,28125493377.0,40633591137.0,36985484501.0,12.42,147.68,97.6,20.35,174.31,105.98,26.41,226.19,169.77,4.33,54.41,15.1,-23.8
007310,오뚜기,CFS,1450698715577.0,1482195978641.0,1028061750193.0,904873432138.0,1219292102728.0,701330633318.0,1432941729984.0,1622240967893.0,1067386662130.0,2063540799084.0,1947519891175.0,1538452346672.0,3454548477401.0,3183314853660.0,2739036859209.0,254893843560.0,185656436842.0,166575352719.0,161681368673.0,278494298320.0,129977855166.0,7.84,69.44,160.32,14.3,83.3,121.56,8.45,69.38,146.59,8.52,37.29,16.22,11.45
007340,DN오토모티브,CFS,1740312507736.0,1775650459528.0,1077073232833.0,1404917464019.0,1358459213708.0,558066306879.0,3172968752905.0,3460082191971.0,770989552036.0,1394417748532.0,1131508559775.0,713972880627.0,3269243065116.0,3156376223570.0,930752730400.0,490389697147.0,421528485860.0,89645343410.0,283445370500.0,184899013321.0,85081181274.0,20.33,227.55,123.87,16.34,305.79,130.71,11.92,107.99,193.0,3.58,16.34,239.12,370.22
007460,에이프로젠,CFS,144207122658.0,211577633197.0,103099363353.0,125640479361.0,89933338793.0,421928721268.0,176739762369.0,138850905278.0,478452841355.0,417688000298.0,461002376463.0,-806442770.0,150577975324.0,78349308044.0,26295794076.0,-88866493684.0,-119344687080.0,-94636240572.0,-97283316172.0,-116084862495.0,-119229369806.0,-23.29,42.31,114.78,-25.18,30.12,235.26,14784.6,-59328.8,24.44,92.19,25.54,197.95,-26.11
007540,샘표,CFS,190023540407.0,205815950899.0,210015301950.0,126599533070.0,97359029055.0,84585810454.0,144770085041.0,138655949073.0,129328226708.0,329813517821.0,327263957987.0,313409922004.0,383926496950.0,371827516670.0,348963423665.0,8130901397.0,10335490908.0,21904156438.0,10634772183.0,16202363854.0,22972218582.0,3.22,43.89,150.1,4.95,42.37,211.4,7.33,41.26,248.29,3.25,-21.33,6.55,-52.81
007570,일양약품,CFS,123658680911.0,118417757290.0,136340053728.0,139262800168.0,145327719181.0,167919556593.0,162206815166.0,165131818175.0,192384799952.0,230399745264.0,237784614168.0,226875839973.0,266669003173.0,247772599350.0,242511450445.0,16379100013.0,14248917249.0,15188096773.0,-2030394390.0,19806136531.0,14751956130.0,-0.88,70.4,88.8,8.33,69.45,81.48,6.5,84.8,81.19,7.63,14.95,2.17,-6.18
007575,일양약품우,,,,,,,,,,,,,,,,,,,,,,,,,,,,,,,,,,,
007590,동방아그로,CFS,168992097474.0,161786671545.0,154285563722.0,52780547783.0,53872484126.0,45411672552.0,64434056198.0,65704820709.0,57352105712.0,159950147364.0,150823208669.0,147114820245.0,164275326108.0,146722848606.0,134065934141.0,13588672363.0,9337231210.0,8197671412.0,12160962261.0,6793365396.0,7006595602.0,7.6,40.28,320.18,4.5,43.56,300.31,4.76,38.98,339.75,11.96,45.53,9.44,13.9
007610,선도전기,CFS,21259309116.0,29871451851.0,37498185313.0,63702222739.0,68023145526.0,75603962230.0,69366338263.0,76037003476.0,88951575810.0,22956731902.0,37939349367.0,57265499137.0,41641878386.0,64020094129.0,69200326702.0,-7214331618.0,-11292685179.0,-23452460106.0,-16640943009.0,-14604818958.0,-31435580690.0,-72.49,302.16,33.37,-38.5,200.42,43.91,-54.89,155.33,49.6,-34.95,36.12,-7.49,51.85
007660,이수페타시스,CFS,383628200131.0,373857465832.0,310268447359.0,290513985554.0,286000684042.0,298215821354.0,359658155215.0,323686082261.0,324186855631.0,266778163292.0,222328078478.0,125491909633.0,675332755709.0,642920533265.0,469621094131.0,62169058401.0,116618143622.0,46875580199.0,47723051484.0,102473037692.0,-3603718792.0,17.89,134.82,132.05,46.09,145.59,130.72,-2.87,258.33,104.04,5.04,-46.69,36.9,148.78
007690,국도화학,CFS,653730561289.0,746044369391.0,804619330668.0,561181386006.0,494386760683.0,481963389160.0,662535123654.0,640905700204.0,601421179530.0,847026119089.0,858187958399.0,814945012252.0,1311776360252.0,1601774176672.0,1577111746723.0,19152808086.0,96930520486.0,204707042943.0,7489803560.0,73532423341.0,157086037851.0,0.88,78.22,116.49,8.57,74.68,150.9,19.28,73.8,166.95,-18.1,-80.24,1.56,-52.65
007700,F&F홀딩스,CFS,838490613033.0,705796956109.0,487622991613.0,493721176674.0,582270616837.0,573600967028.0,645468239044.0,706086461437.0,668029961428.0,3195056318742.0,2889031983176.0,2503909381693.0,1986296503879.0,1816814937477.0,727126345365.0,514391689043.0,486231560356.0,209186575064.0,393602925421.0,417560485966.0,2001404413752.0,12.32,20.2,169.83,14.45,24.44,121.21,79.93,26.68,85.01,9.33,5.79,149.86,132.44
007810,코리아써키트,CFS,522355070375.0,558131417900.0,616191020534.0,242749230942.0,298814701543.0,333602673813.0,526566694739.0,541835924394.0,412634244757.0,709890315967.0,751612622707.0,651986441566.0,1332234444242.0,1596875152129.0,1424168502751.0,-32101224771.0,99194841606.0,85112839470.0,-28266358679.0,85750793581.0,72195705436.0,-3.98,74.18,215.18,11.41,72.09,186.78,11.07,63.29,184.71,-16.57,-132.36,12.13,16.55
007815,코리아써우,,,,,,,,,,,,,,,,,,,,,,,,,,,,,,,,,,,
00781K,코리아써키트2우B,,,,,,,,,,,,,,,,,,,,,,,,,,,,,,,,,,,
007860,서연,CFS,1227937214614.0,1156476041727.0,907740418746.0,1237640953938.0,1105073851122.0,982570610108.0,1556642713410.0,1319636711049.0,1231606779265.0,1215227939469.0,1003906635884.0,906272611992.0,4020724761964.0,3251548681865.0,2479315038515.0,256859542763.0,188572721382.0,83677156512.0,211407356490.0,99142112917.0,44274576012.0,17.4,128.09,99.22,9.88,131.45,104.65,4.89,135.9,92.38,23.66,36.21,31.15,125.36
007980,TP,CFS,313110285789.0,351971143041.0,407148188804.0,286432285747.0,368426159787.0,325062628415.0,478794359153.0,519858775950.0,600094345016.0,207669601545.0,201367566907.0,164857486926.0,920175022485.0,1084607022822.0,892927654015.0,40575172330.0,68441024827.0,1375375954.0,6012388270.0,24808819399.0,-14021095778.0,2.9,230.56,109.31,12.32,258.16,95.53,-8.5,364.01,125.25,-15.16,-40.72,21.47,4876.17
008040,사조동아원,CFS,207392603342.0,230815046192.0,194579526142.0,201568670655.0,245773663699.0,230423829683.0,206173173409.0,250702675272.0,237036708824.0,242629195318.0,230971048179.0,211752255721.0,678497886892.0,631567233187.0,412139560765.0,38636740353.0,15251124105.0,19110101101.0,10738977757.0,1035395608.0,2275542111.0,4.43,84.97,102.89,0.45,108.54,93.91,1.07,111.94,84.44,7.43,153.34,53.24,-20.19
008060,대덕,CFS,745306646567.0,803618533878.0,726402633569.0,225999709961.0,319681860612.0,243861865753.0,340057451171.0,419083389342.0,351055476398.0,1495255174827.0,1484267679739.0,1372902714878.0,1279256573243.0,1661906969216.0,1371708882418.0,31327712975.0,196865725672.0,67199543366.0,35936036808.0,133395501651.0,54714530587.0,2.4,22.74,329.78,8.99,28.24,251.38,3.99,25.57,297.87,-23.02,-84.09,21.16,192.96
00806K,대덕1우,,,,,,,,,,,,,,,,,,,,,,,,,,,,,,,,,,,
008250,이건산업,CFS,146428768970.0,133882562867.0,116594546038.0,167732476157.0,134406680961.0,150432576597.0,250827068234.0,242273569536.0,229454183533.0,192247663198.0,200553363778.0,189839273956.0,311559747602.0,329330250975.0,276830153212.0,9115784917.0,19324775021.0,32135868698.0,-5593469801.0,5355718429.0,11662013066.0,-2.91,130.47,87.3,2.67,120.8,99.61,6.14,120.87,77.51,-5.4,-52.83,18.96,-39.87
008260,NI스틸,CFS,159229889714.0,117828393920.0,90159241918.0,187932026383.0,176853500421.0,168634421588.0,213796827395.0,209249322708.0,199203739916.0,234190235865.0,188195320194.0,141853067242.0,382911138805.0,355390202149.0,248212749463.0,,,,50209592821.0,48789612395.0,22054807252.0,21.44,91.29,84.73,25.92,111.19,66.62,15.55,140.43,53.46,7.74,,43.18,
008350,남선알미늄,CFS,170423189198.0,134740291615.0,116527738940.0,88129042434.0,49056022687.0,69337232868.0,129539387322.0,94558342251.0,119307587177.0,303168213251.0,306636801620.0,235930767817.0,310499187506.0,255740299974.0,230343536592.0,6445968577.0,-2490017943.0,-6912235686.0,-263740253.0,27929159088.0,41688591681.0,-0.09,42.73,193.38,9.11,30.84,274.67,17.67,50.57,168.06,21.41,358.87,11.03,63.98
008355,남선알미우,,,,,,,,,,,,,,,,,,,,,,,,,,,,,,,,,,,
008420,문배철강,CFS,54897665431.0,60235180840.0,84362793259.0,41677434309.0,33283391174.0,58507480580.0,47721898425.0,39013430441.0,66845641809.0,183924066261.0,167893428008.0,142993620555.0,163633902034.0,192206730661.0,204873267541.0,-3436828194.0,3006102380.0,20783114672.0,18559890622.0,26217228380.0,25376074458.0,10.09,25.95,131.72,15.62,23.24,180.98,17.75,46.75,144.19,-14.87,-214.33,-6.18,-85.54
008490,서흥,CFS,431159543682.0,399896261499.0,318602620368.0,441422214363.0,281268559520.0,236373770859.0,516668522058.0,456694418262.0,380086403113.0,477068533826.0,469724117636.0,429868450943.0,594567151213.0,634966079026.0,596733152009.0,42994972090.0,61977343251.0,69603625435.0,8884952964.0,40596746960.0,59295136504.0,1.86,108.3,97.68,8.64,97.23,142.18,13.79,88.42,134.79,-6.36,-30.63,6.41,-10.96
008600,윌비스,CFS,196177066792.0,191591300133.0,195621162114.0,160135805710.0,147789291424.0,165793277428.0,195506006150.0,172118972213.0,183381461941.0,107345725123.0,98275749591.0,104645023636.0,216118598980.0,254858078450.0,276483060881.0,-4182783563.0,193461668.0,4388624769.0,-15449994718.0,-9325313244.0,-14579095509.0,-14.39,182.13,122.51,-9.49,175.14,129.64,-13.93,175.24,117.99,-15.2,-2262.07,-7.82,-95.59
008700,아남전자,CFS,116699764.0,163760061.0,183986577.0,80064913.0,130774309.0,155191913.0,81581166.0,136362680.0,163294748.0,82645435.0,77284993.0,66108571.0,255594471.0,371831316.0,314437329.0,7179111.0,15981588.0,13225147.0,5408820.0,10753237.0,11607606.0,6.54,98.71,145.76,13.91,176.44,125.22,17.56,247.01,118.55,-31.26,-55.08,18.25,20.84
008730,율촌화학,CFS,260351010078.0,237341571056.0,269087937117.0,274039143086.0,139456750168.0,169609691671.0,372689000671.0,319324397285.0,320650272517.0,306262065981.0,333811755335.0,346066225009.0,414490610375.0,457893592811.0,493977772796.0,-16200386104.0,-5978733266.0,12003983195.0,-19085174206.0,-4149066546.0,8452589713.0,-6.23,121.69,95.01,-1.24,95.66,170.19,2.44,92.66,158.65,-9.48,-170.97,-7.3,-149.81
008770,호텔신라,CFS,1380242820708.0,1478831130035.0,1087234407447.0,1188461899961.0,1305978509577.0,1011771551491.0,2398045990017.0,2398761037870.0,2079545237446.0,608492780185.0,539783949565.0,576904674240.0,3568466181329.0,4922008727369.0,3779129065561.0,91230447816.0,78346330937.0,118811528171.0,85978496138.0,-50164252064.0,27059370238.0,14.13,394.1,116.14,-9.29,444.39,113.24,4.69,360.47,107.46,-27.5,16.45,30.24,-34.06
008775,호텔신라우,,,,,,,,,,,,,,,,,,,,,,,,,,,,,,,,,,,
008870,금비,CFS,96725499952.0,84705727453.0,92691311221.0,90344985108.0,79004754624.0,79339730693.0,173516666522.0,173724375999.0,176002340792.0,122824440729.0,133589518365.0,161870620641.0,250958272033.0,234952392835.0,228581174447.0,5890125995.0,-6480775.0,9896690530.0,-8472664859.0,-20527522367.0,5165946247.0,-6.9,141.27,107.06,-15.37,130.04,107.22,3.19,108.73,116.83,6.81,90986.14,2.79,-100.07
008930,한미사이언스,CFS,273900397168.0,245348143574.0,222559162969.0,395202031620.0,347726498635.0,220995450190.0,438697577009.0,384942964397.0,259599611967.0,787472469388.0,724747969785.0,690294824007.0,1247906379068.0,1046054210838.0,950164817343.0,124468680998.0,67626014492.0,58852290702.0,115119858471.0,69035321647.0,42939923264.0,14.62,55.71,69.31,9.53,53.11,70.56,6.22,37.61,100.71,19.3,84.05,10.09,14.91
008970,KBI동양철관,CFS,132507649547.0,100077879559.0,101747355346.0,114735748135.0,85891476001.0,92942997076.0,121668094739.0,94535470493.0,101850823126.0,87094838820.0,88547488549.0,84147304711.0,278300201937.0,266171679290.0,182021205252.0,2197941485.0,7738462210.0,-3231448525.0,-1560103188.0,3971222946.0,-3773151787.0,-1.79,139.7,115.49,4.48,106.76,116.52,-4.48,121.04,109.47,4.56,-71.6,46.23,339.47
009070,KCTC,CFS,199695369295.0,188422824354.0,158169180495.0,219074799433.0,221386023288.0,135400418254.0,380738631338.0,371680925896.0,303256153532.0,281358990864.0,258397700947.0,229089235236.0,823125429680.0,920408668737.0,694737899435.0,36821207555.0,37534026539.0,29603505899.0,28570746258.0,28097629811.0,21324908411.0,10.15,135.32,91.15,10.87,143.84,85.11,9.31,132.37,116.82,-10.57,-1.9,32.48,26.79
009140,경인전자,CFS,58280426833.0,54518303281.0,49553740456.0,2988018493.0,3117826571.0,5027688473.0,4543732473.0,4422682389.0,6287918773.0,70583523307.0,63962347912.0,59596834007.0,21136261743.0,20057915796.0,27390668647.0,215548051.0,110384573.0,1998761089.0,5784797087.0,2707450221.0,3699859217.0,8.2,6.44,1950.47,4.23,6.91,1748.6,6.21,10.55,985.62,5.38,95.27,-26.77,-94.48
009150,삼성전기,CFS,5208418321146.0,4888318770849.0,4598268758747.0,2900459629423.0,2525123479970.0,2234656820846.0,3627546626400.0,3303686219356.0,3070248395636.0,8030324975448.0,7693484679285.0,6871125642811.0,8909448483915.0,9424551868027.0,9675036127726.0,639423737120.0,1182835924271.0,1486872833804.0,450482125173.0,993519182170.0,915432452695.0,5.61,45.17,179.57,12.91,42.94,193.59,13.32,44.68,205.77,-5.47,-45.94,-2.59,-20.45
009155,삼성전기우,,,,,,,,,,,,,,,,,,,,,,,,,,,,,,,,,,,
009160,SIMPAC,CFS,643820010954.0,576766847975.0,542192190447.0,453802895303.0,339349817467.0,331370731251.0,475335057777.0,365415682268.0,356567304436.0,582578411762.0,599682756591.0,546662288635.0,609449638180.0,672228713099.0,613012779571.0,17502288607.0,118946231131.0,106401536463.0,-6463853637.0,76137343950.0,90832862627.0,-1.11,81.59,141.87,12.7,60.93,169.96,16.62,65.23,163.62,-9.34,-85.29,9.66,11.79
009180,한솔로지스틱스,CFS,166823946028.0,178161791687.0,178348726156.0,111492840401.0,156801199996.0,166532494776.0,126703696180.0,171990567169.0,188039086103.0,118416690462.0,102505681816.0,78588671415.0,726536824302.0,1015371889567.0,747044113682.0,26257482894.0,36349586827.0,30304814315.0,18533391661.0,24240799515.0,23492497187.0,15.65,107.0,149.63,23.65,167.79,113.62,29.89,239.27,107.1,-28.45,-27.76,35.92,19.95
009190,대양금속,CFS,83909792599.0,148466664448.0,116945913542.0,43254942553.0,106391762659.0,43524876525.0,53311055376.0,226378022139.0,57964910118.0,97745705110.0,174499068905.0,99577456831.0,200969628514.0,239479973130.0,203423901636.0,-2500237161.0,13725697078.0,15188009078.0,-38643397278.0,9266192176.0,15243418346.0,-39.53,54.54,193.99,5.31,129.73,139.55,15.31,58.21,268.69,-16.08,-118.22,17.72,-9.63
009200,무림페이퍼,CFS,916395077527.0,990488504312.0,788840367278.0,998949826310.0,1017158103808.0,916793582459.0,1711139618903.0,1739726817209.0,1637863898251.0,681485922730.0,689406928779.0,646553196594.0,1321885020099.0,1399139266935.0,1055273254820.0,67783686312.0,96311787654.0,29809655104.0,1401909955.0,34759091251.0,409557688.0,0.21,251.09,91.74,5.04,252.35,97.38,0.06,253.32,86.04,-5.52,-29.62,32.59,223.09
009240,한샘,CFS,367823428368.0,371956679283.0,457545895284.0,522859212511.0,463658975053.0,391732959673.0,708747064571.0,654251595301.0,624662475163.0,342770354219.0,445427945270.0,621690078268.0,1966947033819.0,2000906065724.0,2231220949302.0,1946608852.0,-21690245389.0,69264260432.0,-62155231507.0,-71320632594.0,57218186850.0,-18.13,206.77,70.35,-16.01,146.88,80.22,9.2,100.48,116.8,-1.7,108.97,-10.32,-131.32
009270,신원,CFS,337113875576.0,332378571171.0,348377783316.0,219236202336.0,208318649701.0,194782744709.0,331223040908.0,284616541652.0,292127409030.0,213786722034.0,225508352071.0,211489617046.0,834478141461.0,995439504318.0,879417586200.0,23429995620.0,33368554911.0,21639200846.0,5935016102.0,17561081263.0,10515902474.0,2.78,154.93,153.77,7.79,126.21,159.55,4.97,138.13,178.85,-16.17,-29.78,13.19,54.2
009290,광동제약,CFS,665424399775.0,605746753111.0,587818346685.0,456809868624.0,353566874753.0,325495058579.0,490018414361.0,384977525142.0,356600480140.0,588047077508.0,547046233720.0,527244817903.0,1514454148123.0,1431545255139.0,1338181554321.0,42069819369.0,38244441686.0,44935683503.0,39371762692.0,26700699296.0,25540744737.0,6.7,83.33,145.67,4.88,70.37,171.32,4.84,67.63,180.59,5.79,10.0,6.98,-14.89
009310,참엔지니어링,CFS,458178643064.0,490120687958.0,426139981659.0,557099575844.0,596874064052.0,567801715965.0,605021126641.0,653553594852.0,613458318110.0,73178884519.0,86111993721.0,85643294628.0,76255465576.0,170586353989.0,150562978171.0,-28089930204.0,1308108163.0,2623050818.0,-25955114212.0,-2268336488.0,-1134326080.0,-35.47,826.77,82.24,-2.63,758.96,82.11,-1.32,716.29,75.05,-55.3,-2247.37,13.3,-50.13
009320,아진전자부품,CFS,36289721504.0,34389415714.0,42048289136.0,53379181320.0,54072412106.0,51045732643.0,66699434604.0,65582625898.0,59430229701.0,27893784767.0,25658604045.0,34963670484.0,113444154855.0,100501934262.0,99183663204.0,2038286352.0,-5760515771.0,1078204340.0,229716397.0,-8743986978.0,-40457514.0,0.82,239.12,67.98,-34.08,255.6,63.6,-0.12,169.98,82.37,12.88,135.38,1.33,-634.27
009410,태영건설,CFS,2241268819819.0,2251456331195.0,2009714808342.0,4414397329194.0,2213048292164.0,1964052057429.0,5080708761456.0,3624753540812.0,3025556021618.0,-440220201594.0,1000971302848.0,709227173386.0,3352921775830.0,2605096732189.0,2751710633294.0,-404531815195.0,106287199762.0,174547312597.0,-1456960619972.0,-7155118986.0,65427170222.0,330.96,-1154.13,50.77,-0.71,362.12,101.74,9.23,426.6,102.32,28.71,-480.6,-5.33,-39.11
009415,태영건설우,,,,,,,,,,,,,,,,,,,,,,,,,,,,,,,,,,,
009420,한올바이오파마,CFS,113577189274.0,111788673247.0,118814675571.0,37651870142.0,28534710402.0,22119700012.0,53528622870.0,45194772072.0,34985661619.0,186218369830.0,168256460626.0,163492143709.0,134909837622.0,109995418981.0,101594443691.0,2211359603.0,1505787596.0,10099118837.0,3508607559.0,251473643.0,8896137176.0,1.88,28.75,301.65,0.15,26.86,391.76,5.44,21.4,537.14,22.65,46.86,8.27,-85.09
009440,KC그린홀딩스,CFS,619169334644.0,397856970676.0,498889364693.0,510316763335.0,430198031170.0,465205034660.0,701431383176.0,534872842836.0,646639158815.0,215147012761.0,257987835634.0,259966459612.0,698466593657.0,643354458253.0,531150793970.0,-29862667318.0,11420550397.0,22957984459.0,-55928223819.0,-17036532280.0,9793621075.0,-26.0,326.02,121.33,-6.6,207.32,92.48,3.77,248.74,107.24,8.57,-361.48,21.12,-50.25
009450,경동나비엔,CFS,554862076466.0,523037781853.0,475582013326.0,410012029950.0,423564089051.0,434731119888.0,475962722079.0,500314843682.0,483469066212.0,584595249408.0,517704584690.0,450415462565.0,1204312871752.0,1160860788602.0,1102947009588.0,105910537855.0,59770841498.0,64295519089.0,83148711338.0,53582342499.0,80657672817.0,14.22,81.42,135.33,10.35,96.64,123.48,17.91,107.34,109.4,3.74,77.19,5.25,-7.04
009460,한창제지,CFS,108408655049.0,103712969664.0,122053788151.0,132699423531.0,97228594589.0,63511426105.0,197857870801.0,172631641520.0,140052513951.0,91037618616.0,110430809643.0,108545060277.0,276033575626.0,214923504794.0,182209638870.0,-11474501616.0,1285737605.0,17762577766.0,-17494819303.0,1260744010.0,15021665983.0,-19.22,217.34,81.69,1.14,156.33,106.67,13.84,129.03,192.18,28.43,-992.45,17.95,-92.76
009470,삼화전기,CFS,79607897714.0,86861007970.0,97173356510.0,36450438351.0,40571460686.0,55544330258.0,45172483589.0,50062914992.0,71761025146.0,94066005039.0,89052354790.0,86879130636.0,202450938538.0,239112733902.0,247098495129.0,7828690534.0,13648212242.0,21822500847.0,5800702495.0,10784755608.0,15466953819.0,6.17,48.02,218.4,12.11,56.22,214.09,17.8,82.6,174.95,-15.33,-42.64,-3.23,-37.46
009540,HD한국조선해양,CFS,17735127271000.0,15775914217000.0,14562196013000.0,17497867505000.0,15033482523000.0,11286467399000.0,19872465252000.0,17571346490000.0,14879338674000.0,12370102932000.0,12312129810000.0,12413755304000.0,21296205574000.0,17302020185000.0,15493381773000.0,282260719000.0,-355560593000.0,-1384815777000.0,144930284000.0,-295177096000.0,-1141204413000.0,1.17,160.65,101.36,-2.4,142.72,104.94,-9.19,119.86,129.02,23.09,179.38,11.67,74.32
009580,무림P&P,CFS,575867112550.0,606630104461.0,456651991077.0,587649783293.0,590302744262.0,527377860455.0,992596055413.0,941368622014.0,864649854673.0,630374033983.0,662689180761.0,618941983983.0,768920159344.0,774103601234.0,613699105829.0,11609909605.0,68291305211.0,29386707735.0,-21635976438.0,45518463154.0,19729686753.0,-3.43,157.46,97.99,6.87,142.05,102.77,3.19,139.7,86.59,-0.67,-83.0,26.14,132.39
009680,모토닉,CFS,264953218135.0,371947222503.0,376573544405.0,26519716920.0,29573642756.0,25428578737.0,33085143261.0,33436780037.0,29163386445.0,447117300118.0,430657381135.0,418819258320.0,244258777569.0,223860212776.0,196083915586.0,15150182530.0,13782733618.0,14355454772.0,27476027732.0,21497074696.0,11970139406.0,6.15,7.4,999.08,4.99,7.76,1257.7,2.86,6.96,1480.91,9.11,9.92,14.17,-3.99
009770,삼정펄프,CFS,158375936844.0,135234131351.0,138564898932.0,17933307778.0,19018631757.0,20899896496.0,18538669154.0,19657538379.0,23293617870.0,224134975952.0,213006280261.0,216119610685.0,178308058944.0,174464091782.0,138137181380.0,7375339325.0,4665535399.0,1344597894.0,13973439920.0,-957080026.0,7614074852.0,6.23,8.27,883.14,-0.45,9.23,711.06,3.52,10.78,662.99,2.2,58.08,26.3,246.98
009810,플레이그램,CFS,169267010468.0,169102620939.0,113885964310.0,90884059122.0,109789303274.0,76754795771.0,99973852839.0,120092720408.0,77794237641.0,173674978838.0,183550609564.0,51726900022.0,214420293706.0,131301686660.0,40831807103.0,-2591617556.0,-6864422815.0,-1511144382.0,-43211170123.0,-3943930162.0,-18015508627.0,-24.88,57.56,186.24,-2.15,65.43,154.02,-34.83,150.39,148.38,63.3,62.25,221.57,-354.25
009830,한화솔루션,CFS,8704888457154.0,8573295434667.0,6073959931089.0,7688753631478.0,6808491430423.0,5787889702101.0,15482363318996.0,13934972874351.0,11806380996880.0,9010546154819.0,9896911559334.0,8201247119233.0,13288744762930.0,13130752887526.0,10217083016031.0,604528962904.0,923726654257.0,703514599631.0,-155257718254.0,366023151112.0,616328220396.0,-1.72,171.82,113.22,3.7,140.8,125.92,7.52,143.96,104.94,1.2,-34.56,28.52,31.3
009835,한화솔루션우,,,,,,,,,,,,,,,,,,,,,,,,,,,,,,,,,,,
009900,명신산업,CFS,646838346174.0,562797781474.0,435371071041.0,326691683512.0,375289532166.0,332069289931.0,509720440831.0,545467699718.0,422389631503.0,535155557097.0,383799554377.0,297090778845.0,1738905096629.0,1515242090552.0,1107708433619.0,208112383711.0,126853664705.0,56483430574.0,152651612715.0,85711784999.0,45336209515.0,28.52,95.25,198.0,22.33,142.12,149.96,15.26,142.18,131.11,14.76,64.06,36.79,124.59
009970,영원무역홀딩스,CFS,4200038436119.0,3589462887266.0,2619646378802.0,1220665123125.0,937917047917.0,595771679968.0,1799444219558.0,1503556312790.0,1170497824939.0,4579898926543.0,3986663398394.0,3155078341794.0,4355478262337.0,4533879205529.0,3240513827424.0,872582133502.0,1002198707249.0,570492659317.0,718736627040.0,898144561108.0,446829434889.0,15.69,39.29,344.08,22.53,37.71,382.71,14.16,37.1,439.71,-3.93,-12.93,39.91,75.67
010040,한국내화,CFS,121321541387.0,128344613909.0,124632567805.0,84581534998.0,68407611103.0,66572836926.0,127475850405.0,105655719304.0,104085579685.0,205716398028.0,220343121783.0,253862278761.0,411810116407.0,358774066756.0,271738137334.0,-7538507015.0,10520196988.0,8589133409.0,-14730463885.0,809211754.0,5684425508.0,-7.16,61.97,143.44,0.37,47.95,187.62,2.24,41.0,187.21,14.78,-171.66,32.03,22.48
010060,OCI홀딩스,CFS,3994170810000.0,4110803927000.0,3338987117000.0,879584374000.0,1577971429000.0,1236490174000.0,2141619139000.0,2734136888000.0,2580268702000.0,3814932634000.0,4011397366000.0,3123792411000.0,2649691893000.0,2768929400000.0,1825176383000.0,531217297000.0,752431942000.0,414179446000.0,710344635000.0,877756345000.0,652075833000.0,18.62,56.14,454.1,21.88,68.16,260.51,20.87,82.6,270.04,-4.31,-29.4,51.71,81.67
010100,한국무브넥스,CFS,487703648703.0,465324219954.0,401696635490.0,437477586001.0,456203652874.0,406546656081.0,533544151720.0,498148853006.0,436752216916.0,341180624348.0,301245283297.0,262599712229.0,1510805866604.0,1371353848027.0,1003927830852.0,59337787778.0,37003638271.0,26202053084.0,50489560045.0,35639746480.0,19748626389.0,14.8,156.38,111.48,11.83,165.36,102.0,7.52,166.32,98.81,10.17,60.36,36.6,41.22
010120,LS ELECTRIC,CFS,2605193022178.0,2341252236663.0,1887748202729.0,1448676924745.0,1390210307038.0,845300727437.0,2008849631067.0,1773513972232.0,1323312292962.0,1724042303163.0,1549291005666.0,1473419264652.0,4230482628448.0,3377070215838.0,2668264980253.0,324877723039.0,187524016869.0,155131916609.0,207672688149.0,91209999630.0,85310345509.0,12.05,116.52,179.83,5.89,114.47,168.41,5.79,89.81,223.32,25.27,73.25,26.56,20.88
010130,고려아연,CFS,5571656932735.0,6071090869900.0,5689044210643.0,1902819300929.0,2319116608598.0,1770527531625.0,2404068442780.0,2866186242426.0,2229814171825.0,9642002868870.0,9231732116548.0,7734234462824.0,9704521343024.0,11219358600107.0,9976776443636.0,659935424598.0,919171130822.0,1096146343693.0,533378688122.0,798264387415.0,811106029144.0,5.53,24.93,292.81,8.65,31.05,261.78,10.49,28.83,321.32,-13.5,-28.2,12.45,-16.15
010140,삼성중공업,CFS,9245491743301.0,8411943463061.0,5593582858119.0,11231917003443.0,9216046809137.0,7058249752949.0,12184181554327.0,10919760587958.0,8041328855444.0,3409207598067.0,3571937396906.0,4097267105814.0,8009429912108.0,5944667452285.0,6622001487326.0,233344768042.0,-854420950816.0,-1311956174022.0,-155556375770.0,-627411807133.0,-1452069565718.0,-4.56,357.39,82.31,-17.57,305.71,91.27,-35.44,196.26,79.25,34.73,127.31,-10.23,34.87
010400,우진아이엔에스,CFS,64151157459.0,65371218289.0,76582371312.0,17139996782.0,16929725111.0,15777477544.0,17871793910.0,18022750569.0,17562306021.0,95625892822.0,93608634447.0,97094075290.0,100168756319.0,84045560461.0,89474130717.0,-3316488890.0,-5607320231.0,-6727170261.0,1936083379.0,-3325235051.0,-3212005328.0,2.02,18.69,374.28,-3.55,19.25,386.13,-3.31,18.09,485.39,19.18,40.85,-6.07,16.65
010580,에스엠벡셀,CFS,40842465843.0,85269627983.0,9311026187.0,30154846229.0,77048365816.0,10206734866.0,36748801001.0,82605052368.0,15480171022.0,66510217307.0,66976244003.0,32357643675.0,202720700696.0,136788023955.0,73077585705.0,9471454353.0,3424548181.0,-8181785151.0,687377262.0,9220197442.0,-16605882194.0,1.03,55.25,135.44,13.77,123.33,110.67,-51.32,47.84,91.22,48.2,176.58,87.18,141.86
010640,진양폴리,CFS,11920811254.0,11294653591.0,12420767028.0,9205006922.0,7993269672.0,9834707389.0,19533006054.0,15374877852.0,18619836523.0,32215828613.0,30709642807.0,29471090001.0,54512150091.0,52720489763.0,53069415717.0,3960005024.0,3288372484.0,4715418691.0,3663580218.0,3493035703.0,3802118983.0,11.37,60.63,129.5,11.37,50.07,141.3,12.9,63.18,126.3,3.4,20.42,-0.66,-30.26
010660,화천기계,CFS,79487940440.0,78152492874.0,71096501859.0,29311045248.0,32134347538.0,29608845006.0,29955963833.0,32602283746.0,30111089586.0,137561687422.0,128824747667.0,125811582246.0,161884346555.0,189747949366.0,175911069830.0,-3037689781.0,1282311469.0,1260419572.0,768091545.0,3558562654.0,5379750673.0,0.56,21.78,271.19,2.76,25.31,243.21,4.28,23.93,240.12,-14.68,-336.89,7.87,1.74
010690,화신,CFS,677129872707.0,548104713599.0,429221933696.0,626781242442.0,541172902992.0,462971528845.0,751750658983.0,647757403677.0,582311066759.0,445063325386.0,356863590822.0,288442031388.0,1802759833241.0,1690271415164.0,1236592388393.0,83728814908.0,87362958755.0,24157220350.0,77268483097.0,74211911444.0,24367674191.0,17.36,168.91,108.03,20.8,181.51,101.28,8.45,201.88,92.71,6.66,-4.16,36.69,261.64
010770,평화홀딩스,CFS,309404017477.0,288646083401.0,264615519477.0,394726635441.0,366545852396.0,346653596786.0,432409687812.0,435879831455.0,417006666018.0,128521794266.0,122490583776.0,101116638185.0,797052502774.0,740231005480.0,627732854800.0,16770674615.0,3604505748.0,7598932267.0,10947214569.0,-11489512933.0,-15682644586.0,8.52,336.45,78.38,-9.38,355.85,78.75,-15.51,412.4,76.33,7.68,365.27,17.92,-52.57
010780,아이에스동서,CFS,2622293463452.0,2207827121057.0,2124728321487.0,1589563529981.0,1659038405092.0,1499713168776.0,2465162333779.0,2131652333747.0,2052891776603.0,1772210982308.0,1606134122300.0,1456863415339.0,2029440057224.0,2278442902307.0,1608440924896.0,340521475822.0,345076330100.0,310765130275.0,160256444657.0,204862055396.0,110673223436.0,9.04,139.1,164.97,12.75,132.72,133.08,7.6,140.91,141.68,-10.93,-1.32,41.66,11.04
010820,퍼스텍,CFS,135566849087.0,102843974656.0,102511196029.0,171944624513.0,119575891323.0,119774309632.0,202739371695.0,154647754948.0,142208454450.0,62336376759.0,56662192603.0,43404056850.0,173103350935.0,160154489954.0,136697477681.0,2508074315.0,3112927906.0,4334722379.0,4620136432.0,1794177256.0,3874217894.0,7.41,325.23,78.84,3.17,272.93,86.01,8.93,327.64,85.59,8.09,-19.43,17.16,-28.19
010950,S-Oil,CFS,9647760000000.0,9205981000000.0,8377423000000.0,9254520000000.0,8213158000000.0,8505027000000.0,12538558000000.0,11129666000000.0,11705193000000.0,9037565000000.0,8483469000000.0,6988042000000.0,35726694000000.0,42446028000000.0,27463918000000.0,1354582000000.0,3405166000000.0,2140942000000.0,948848000000.0,2104387000000.0,1378541000000.0,10.5,138.74,104.25,24.81,131.19,112.09,19.73,167.5,98.5,-15.83,-60.22,54.55,59.05
010955,S-Oil우,,,,,,,,,,,,,,,,,,,,,,,,,,,,,,,,,,,
010960,삼호개발,CFS,200164550305.0,146333598697.0,172371198009.0,87278213164.0,49462682948.0,62359296220.0,101025496385.0,63537093441.0,76141633135.0,227359519346.0,218855768768.0,220710444613.0,361917141434.0,307522114170.0,317259070619.0,10532376679.0,4469401497.0,13084673583.0,15111583635.0,5925977294.0,13927522298.0,6.65,44.43,229.34,2.71,29.03,295.85,6.31,34.5,276.42,17.69,135.66,-3.07,-65.84
011000,진원생명과학,CFS,34572884541.0,73063156234.0,134633081215.0,22867486331.0,33835688340.0,34758541470.0,39518497761.0,41395394097.0,44349792102.0,111489207551.0,181471292500.0,206506769133.0,40202911101.0,48718300179.0,38700355313.0,-48368031089.0,-40083888917.0,-27434047838.0,-77768041880.0,-38150069804.0,-15887887553.0,-69.75,35.45,151.19,-21.02,22.81,215.94,-7.69,21.48,387.34,-17.48,-20.67,25.89,-46.11
011070,LG이노텍,CFS,5349008000000.0,4713795000000.0,4113364000000.0,4219145000000.0,4270417000000.0,3310268000000.0,6489731000000.0,5527825000000.0,4427147000000.0,4714575000000.0,4265793000000.0,3314207000000.0,20605290000000.0,19589409000000.0,14945609000000.0,830824000000.0,1271752000000.0,1264222000000.0,565201000000.0,979849000000.0,888283000000.0,11.99,137.65,126.78,22.97,129.58,110.38,26.8,133.58,124.26,5.19,-34.67,31.07,0.6
011090,에넥스,CFS,61579040162.0,70384780920.0,71785451605.0,78011477480.0,64002853397.0,57499422989.0,105063306084.0,83739059135.0,66492066022.0,38971288086.0,44341097207.0,66413969758.0,230617475526.0,205956336083.0,201771691421.0,-6993449763.0,-23533540970.0,-12333342296.0,-19728244032.0,-23471392728.0,10021496262.0,-50.62,269.59,78.94,-52.93,188.85,109.97,15.09,100.12,124.85,11.97,70.28,2.07,-90.81
011150,CJ씨푸드,CFS,80537067058.0,60241701121.0,49869833901.0,86175620995.0,63686192032.0,40773010639.0,90158644701.0,67719807379.0,66278139549.0,78050323902.0,75689279256.0,67111674655.0,148348807287.0,152701471935.0,162142951631.0,4139339998.0,4135027843.0,4499170288.0,4435393624.0,7419860689.0,2204338963.0,5.68,115.51,93.46,9.8,89.47,94.59,3.28,98.76,122.31,-2.85,0.1,-5.82,-8.09
011155,CJ씨푸드1우,,,,,,,,,,,,,,,,,,,,,,,,,,,,,,,,,,,
011170,롯데케미칼,CFS,9814399965942.0,9466179970506.0,9430722837199.0,6523537562714.0,6384043035475.0,4579148533317.0,13243769644688.0,9520345523797.0,7415917897738.0,20232540579853.0,17264242286783.0,15439242916281.0,19946396629902.0,22276082763692.0,18120462422756.0,-347702499473.0,-762606983916.0,1535640888894.0,-39243085252.0,27820456953.0,1413648089227.0,-0.19,65.46,150.45,0.16,55.14,148.28,9.16,48.03,205.95,-10.46,54.41,22.93,-149.66
011200,HMM,CFS,13179709000000.0,14280104000000.0,8768021000000.0,2001371000000.0,2051767000000.0,2524663000000.0,4272550000000.0,5285543000000.0,7517806000000.0,21440813000000.0,20781116000000.0,10416396000000.0,8400969000000.0,18582770000000.0,13794148000000.0,584770000000.0,9949357000000.0,7375714000000.0,968692000000.0,10117136000000.0,5346057000000.0,4.52,19.93,658.53,48.68,25.43,695.99,51.32,72.17,347.29,-54.79,-94.12,34.71,34.89
011210,현대위아,CFS,3733083000000.0,4267463000000.0,4156485000000.0,1983908000000.0,2410435000000.0,2126275000000.0,3059151000000.0,3812800000000.0,4054243000000.0,3766754000000.0,3733651000000.0,3695264000000.0,8590316000000.0,8207614000000.0,7527739000000.0,229216000000.0,212115000000.0,102725000000.0,52548000000.0,43482000000.0,56071000000.0,1.4,81.21,188.17,1.16,102.12,177.04,1.52,109.71,195.48,4.66,8.06,9.03,106.49
011230,삼화전자,CFS,16123747155.0,17696955462.0,15853064311.0,30889478432.0,37687214131.0,35263741001.0,44398805782.0,51007477621.0,49263944386.0,28615426119.0,17734815364.0,17636384869.0,41906999638.0,48326219525.0,44342176391.0,-5003290248.0,-4295416659.0,-3986875661.0,-6371619997.0,-6062381677.0,-4123338948.0,-22.27,155.16,52.2,-34.18,287.61,46.96,-23.38,279.33,44.96,-13.28,-16.48,8.98,-7.74
011280,태림포장,CFS,178782919340.0,171430957662.0,153240342931.0,240068312487.0,186309618375.0,204562244334.0,350120774897.0,284710005647.0,257262396231.0,365835183773.0,366507769408.0,343601318211.0,719597766592.0,784022455987.0,712867124436.0,22183903893.0,30895370651.0,30179570724.0,10269631213.0,23195342302.0,20963410914.0,2.81,95.7,74.47,6.33,77.68,92.01,6.1,74.87,74.91,-8.22,-28.2,9.98,2.37
011300,우성머티리얼스,CFS,42569166285.0,40698351561.0,49637986301.0,80446076506.0,66989388325.0,66127896397.0,101383849935.0,101656694244.0,105396314118.0,27055386550.0,22215807636.0,36159242836.0,33789509695.0,52521836616.0,78886125570.0,-9330409816.0,-2773206829.0,-6111789496.0,-42898920811.0,-8008335694.0,20524947201.0,-158.56,374.73,52.92,-36.05,457.59,60.75,56.76,291.48,75.06,-35.67,-236.45,-33.42,54.63
011330,유니켐,CFS,85814299013.0,83203990276.0,99780859347.0,61951598798.0,272487900951.0,128215329260.0,73960755493.0,295710101541.0,207896480969.0,145588740930.0,139168128994.0,127961099550.0,108288136804.0,99794622882.0,123343369769.0,4743669656.0,4150503853.0,9505608489.0,-6253840152.0,1296442144.0,3527085129.0,-4.3,50.8,138.52,0.93,212.48,30.53,2.76,162.47,77.82,8.51,14.29,-19.09,-56.34
011390,부산산업,CFS,66280161646.0,61778892132.0,62254806937.0,60548303908.0,36243580254.0,43090990597.0,104333813339.0,52615151179.0,56289943316.0,173866985615.0,82063775142.0,77505680503.0,140483423894.0,152610203139.0,128014972366.0,7151160981.0,5259376581.0,397767100.0,5450934665.0,4538775456.0,-3247162150.0,3.14,60.01,109.47,5.53,64.11,170.45,-4.19,72.63,144.47,-7.95,35.97,19.21,1222.23
011420,갤럭시아에스엠,CFS,26253327493.0,13797756968.0,16287773943.0,8862837242.0,24169577522.0,7306994598.0,15296043085.0,24529479896.0,7850471270.0,74747202929.0,33333531632.0,33050242131.0,32950221500.0,30093883441.0,28899466709.0,4582163761.0,4174665075.0,3452414932.0,2674240331.0,4613111472.0,3681735226.0,3.58,20.46,296.22,13.84,73.59,57.09,11.14,23.75,222.91,9.49,9.76,4.13,20.92
011500,한농화성,CFS,98381218670.0,94400999886.0,104103203488.0,31940630238.0,31932042519.0,48893406490.0,74790088790.0,72824106640.0,69259917547.0,162579437615.0,152591076184.0,147709773437.0,212395970159.0,239432889248.0,245224646356.0,-2427541808.0,4544911205.0,18011655449.0,12399220570.0,8571221426.0,19695591321.0,7.63,46.0,308.01,5.62,47.73,295.63,13.33,46.89,212.92,-11.29,-153.41,-2.36,-74.77
011690,와이투솔루션,CFS,86736433173.0,89013981094.0,80609592235.0,18476972154.0,40215347329.0,28051593756.0,22163186277.0,44107169231.0,30945551069.0,101958444449.0,82499822092.0,87556349519.0,136937717876.0,120518463736.0,101522699260.0,1907827121.0,1782281304.0,-4529522233.0,-345354383.0,-2214111179.0,-9658224645.0,-0.34,21.74,469.43,-2.68,53.46,221.34,-11.03,35.34,287.36,13.62,7.04,18.71,139.35
011700,한신기계,CFS,67028092415.0,68795508711.0,69346208888.0,14800966950.0,21936666117.0,10890433469.0,23291240676.0,22775323313.0,15086453977.0,92564299635.0,89006168384.0,86062568180.0,61254832221.0,56039955371.0,54365248586.0,-56581282.0,-9083502590.0,5160637787.0,3730582941.0,-8673707426.0,4087463832.0,4.03,25.16,452.86,-9.75,25.59,313.61,4.75,17.53,636.76,9.31,99.38,3.08,-276.02
011760,현대코퍼레이션,CFS,1337933198382.0,1235214844762.0,1111409837552.0,1363121151916.0,977251924327.0,873785103190.0,1479068054337.0,1394707519478.0,1344552871653.0,580644518627.0,436594282075.0,362830303955.0,6580447881815.0,6126968751169.0,3782497523034.0,99330569136.0,66827508014.0,35069901698.0,83387483943.0,78686325705.0,38005996297.0,14.36,254.73,98.15,18.02,319.45,126.4,10.47,370.57,127.19,7.4,48.64,61.98,90.56
011780,금호석유화학,CFS,2571407562515.0,2739034139046.0,3441039743990.0,1529933392561.0,1453492812920.0,2353200843063.0,2145675091381.0,2038142032975.0,3000887729449.0,,,,6322528187782.0,7975625981021.0,8461841500290.0,358961881960.0,1147312056499.0,2406835526956.0,447043536116.0,1020119892577.0,1965576708770.0,,,168.07,,,188.44,,,146.23,-20.73,-68.71,-5.75,-52.33
011785,금호석유화학우,,,,,,,,,,,,,,,,,,,,,,,,,,,,,,,,,,,
011790,SKC,CFS,2081259893738.0,2526145050706.0,1820030594141.0,1845575953952.0,1870885565853.0,1720045412510.0,4507897882742.0,4151241803700.0,3897771811708.0,2524424248940.0,2241850761208.0,2282360691902.0,1570751580937.0,2386650004087.0,2007548892933.0,-216300854733.0,186194207153.0,393532680002.0,-326360017026.0,-24636826941.0,342340322117.0,-12.93,178.57,112.77,-1.1,185.17,135.02,15.0,170.78,105.81,-34.19,-216.17,18.88,-52.69
011810,STX,CFS,320667000000.0,465066000000.0,366237000000.0,397619000000.0,541861000000.0,448391000000.0,430038000000.0,639377000000.0,553619000000.0,148642000000.0,102407000000.0,122530000000.0,903772000000.0,972571000000.0,925509000000.0,-15004000000.0,-8827000000.0,9040000000.0,-50368000000.0,-18650000000.0,-23318000000.0,-33.89,289.31,80.65,-18.21,624.35,85.83,-19.03,451.82,81.68,-7.07,-69.98,5.08,-197.64
011930,신성이엔지,CFS,258486007558.0,250730389825.0,226127666166.0,249187414094.0,256892817231.0,224964984629.0,345149056054.0,366385474629.0,268618296776.0,242598485190.0,211169770649.0,208038068628.0,576519652360.0,664143679914.0,454523692263.0,7357387392.0,21021027961.0,2386598711.0,15258873765.0,34271583029.0,-15861729544.0,6.29,142.27,103.73,16.23,173.5,97.6,-7.62,129.12,100.52,-13.19,-65.0,46.12,780.79
012030,DB,CFS,315718515091.0,114707456228.0,84468030488.0,436432732565.0,110484852478.0,50552473976.0,484173981399.0,129333891166.0,164214796554.0,395210860548.0,284983493606.0,437784122800.0,458583862804.0,401345502158.0,326914604920.0,37022768314.0,23608623380.0,23472667404.0,20304876781.0,5713047702.0,21705064303.0,5.14,122.51,72.34,2.0,45.38,103.82,4.96,37.51,167.09,14.26,56.82,22.77,0.58
0120G0,삼양바이오팜,,,,,,,,,,,,,,,,,,,,,,,,,,,,,,,,,,,
012160,영흥,CFS,262428629346.0,273435838538.0,242197497838.0,250149721865.0,258920495495.0,227367769572.0,314231665850.0,337528199498.0,321035329574.0,229871161283.0,198156295843.0,197925726730.0,500010556155.0,527368738331.0,408602830681.0,1252474881.0,4226983642.0,6673541769.0,-8496706680.0,-2856624481.0,9975216972.0,-3.7,136.7,104.91,-1.44,170.33,105.61,5.04,162.2,106.52,-5.19,-70.37,29.07,-36.66
012170,아센디오,CFS,18384895502.0,48796748867.0,43957691016.0,22072971496.0,21086467111.0,21603766934.0,22163675992.0,40888846326.0,22883799888.0,26370953662.0,32269679091.0,45189017769.0,6883461279.0,12543892128.0,14404755815.0,-10352386041.0,-7886271061.0,-4195690922.0,-25921087032.0,-16916858189.0,-6577827246.0,-98.29,84.05,83.29,-52.42,126.71,231.41,-14.56,50.64,203.47,-45.12,-31.27,-12.92,-87.96
012200,계양전기,CFS,152913592307.0,154643823757.0,151757480787.0,107476287599.0,131941547098.0,91885377656.0,111667023320.0,169633025975.0,101825429113.0,120389108928.0,127921529428.0,183227701104.0,381634129995.0,365075103182.0,380174710858.0,-3894777764.0,-10631134052.0,2851793499.0,-1264724490.0,-24539071245.0,-6211393819.0,-1.05,92.76,142.28,-19.18,132.61,117.21,-3.39,55.57,165.16,4.54,63.36,-3.97,-472.79
012205,계양전기우,,,,,,,,,,,,,,,,,,,,,,,,,,,,,,,,,,,
012280,영화금속,CFS,113167877781.0,113565734719.0,96861837417.0,106496582823.0,118508610032.0,99268076331.0,142474702201.0,158037883342.0,150705229837.0,67527956250.0,62701053016.0,60855142980.0,292311699831.0,284850842623.0,235523771275.0,9395601425.0,-1121315071.0,-16352615533.0,7535978187.0,469416270.0,-18521148795.0,11.16,210.99,106.26,0.75,252.05,95.83,-30.43,247.65,97.58,2.62,937.91,20.94,93.14
012320,경동인베스트,CFS,208262735701.0,238353577485.0,232297763863.0,69571031711.0,65544892616.0,61146241941.0,141328888628.0,136105199735.0,137939973548.0,465586357833.0,450708397884.0,439753087698.0,312540940712.0,275539561544.0,298461108885.0,21204924146.0,14709420695.0,13774493797.0,20189917321.0,9356775877.0,13891393231.0,4.34,30.36,299.35,2.08,30.2,363.65,3.16,31.37,379.91,13.43,44.16,-7.68,6.79
012330,현대모비스,CFS,25565154000000.0,25659721000000.0,23552362000000.0,12052826000000.0,11476170000000.0,10076987000000.0,17930546000000.0,17599066000000.0,16125063000000.0,40655299000000.0,37807632000000.0,35357474000000.0,59254361000000.0,51906293000000.0,41702184000000.0,2295284000000.0,2026531000000.0,2040112000000.0,3423309000000.0,2487244000000.0,2362474000000.0,8.42,44.1,212.11,6.58,46.55,223.59,6.68,45.61,233.72,14.16,13.26,24.47,-0.67
012450,한화에어로스페이스,CFS,9192041562885.0,8507711423519.0,6283537818480.0,12076597878814.0,8222937467473.0,4330103216575.0,14858674607799.0,11233518424948.0,7114272103768.0,4684225317909.0,3918309618351.0,3931558526792.0,9359005981309.0,7060393209984.0,5541389141271.0,691114682400.0,400345423224.0,277093289882.0,976918345793.0,146554019200.0,301762016281.0,20.86,317.21,76.11,3.74,286.69,103.46,7.68,180.95,145.11,32.56,72.63,27.41,44.48
012510,더존비즈온,CFS,125628815212.0,143916992480.0,225058219872.0,415452939217.0,137740832182.0,385365791684.0,437989023463.0,394392969092.0,398587975843.0,445338536212.0,438499756772.0,501726226725.0,353562627173.0,304302941269.0,318746985620.0,69070239677.0,45533613298.0,71173064598.0,34328701391.0,23076078685.0,54413669533.0,7.71,98.35,30.24,5.26,89.94,104.48,10.85,79.44,58.4,16.19,51.69,-4.53,-36.02
012610,경인양행,CFS,262302066636.0,263604207552.0,325579208757.0,234716376014.0,214042008855.0,269212053516.0,287262667581.0,282098495707.0,327622550348.0,251693304847.0,266154503356.0,251869914750.0,345408240080.0,402637341238.0,403325658612.0,-2247161467.0,28060459106.0,28354678017.0,-9742504993.0,17240723264.0,27210074941.0,-3.87,114.13,111.75,6.48,105.99,123.16,10.8,130.08,120.94,-14.21,-108.01,-0.17,-1.04
012630,HDC,CFS,6590724166780.0,6762367303826.0,6451751160577.0,4179885119650.0,4356654859253.0,3920442872096.0,6606454288686.0,6759502438861.0,5846684847261.0,5014408829571.0,4832838799122.0,4804806800514.0,5908284632279.0,5044944531629.0,4779586328802.0,312643257338.0,158535478442.0,368697035249.0,212938887004.0,36958373233.0,230227330341.0,4.25,131.75,157.68,0.76,139.87,155.22,4.79,121.68,164.57,17.11,97.21,5.55,-57.0
012690,모나리자,CFS,47559248170.0,37112904348.0,30834415339.0,14218401932.0,17942328556.0,16175331603.0,15760804382.0,20179158794.0,18723654428.0,81284581098.0,77615217380.0,75231846761.0,129760048314.0,120870094114.0,106399396050.0,6485825685.0,2895379738.0,3433504342.0,9144075225.0,2335281333.0,3267784852.0,11.25,19.39,334.49,3.01,26.0,206.85,4.34,24.89,190.63,7.35,124.01,13.6,-15.67
0126Z0,삼성에피스홀딩스,,,,,,,,,,,,,,,,,,,,,,,,,,,,,,,,,,,
012750,에스원,CFS,1096505825046.0,950422185740.0,864355191815.0,469223945057.0,444737224516.0,417273343011.0,581598589518.0,552669332935.0,530076697754.0,1597906768659.0,1522989262567.0,1442895804503.0,2620810541515.0,2467960276573.0,2312489059004.0,212609320684.0,204138904290.0,179664944147.0,189480545869.0,151030832821.0,128990896403.0,11.86,36.4,233.68,9.92,36.29,213.7,8.94,36.74,207.14,6.19,4.15,6.72,13.62
012800,대창,CFS,455210728000.0,526440439454.0,496315043560.0,415691175283.0,401660729113.0,367593774543.0,509268660458.0,563437643167.0,536623949985.0,250263991946.0,276716175313.0,274114182416.0,1323045955936.0,1441272496006.0,1277635712258.0,-9266044241.0,9088699355.0,60297722374.0,-25089630031.0,3655650416.0,26232036209.0,-10.03,203.49,109.51,1.32,203.62,131.07,9.57,195.77,135.02,-8.2,-201.95,12.81,-84.93
013000,세우글로벌,CFS,47688310230.0,44255370613.0,41893560727.0,6025600582.0,4010331521.0,4342272824.0,6056708886.0,4030128778.0,4426591108.0,48451992720.0,45858591763.0,44254646794.0,36127556606.0,28065827220.0,32394255916.0,2368614961.0,1558551419.0,2614767167.0,2554578917.0,1522190823.0,1228461592.0,5.27,12.5,791.43,3.32,8.79,1103.53,2.78,10.0,964.78,28.72,51.98,-13.36,-40.39
013360,일성건설,CFS,212923747559.0,219850373057.0,212446659539.0,220994215446.0,215195990150.0,163697111897.0,284266784850.0,292815448269.0,269946371059.0,125046647659.0,120486549061.0,109341002563.0,607714578447.0,462601614581.0,416181928384.0,7265982402.0,2722459268.0,10807385076.0,4080701894.0,7417819938.0,5775869301.0,3.26,227.33,96.35,6.16,243.03,102.16,5.28,246.88,129.78,31.37,166.89,11.15,-74.81
013520,화승코퍼레이션,CFS,627452509743.0,627474797470.0,623634866200.0,767539361882.0,806733242379.0,784978042599.0,884030134462.0,926620108676.0,959344259781.0,270513263949.0,250597989684.0,224648688379.0,273585305760.0,115516620925.0,78218309698.0,78207488155.0,43168338185.0,10025213034.0,33208351746.0,15658333919.0,-36020317144.0,12.28,326.8,81.75,6.25,369.76,77.78,-16.03,427.04,79.45,136.84,81.17,47.68,330.6
013570,디와이,CFS,590153626146.0,537055426753.0,533995612349.0,345445189245.0,319588490731.0,301092729497.0,399687967327.0,356698974017.0,361846877297.0,530556785303.0,504384058940.0,498125677649.0,1191171302146.0,1094816896212.0,998349819087.0,43299144216.0,32920856088.0,46788190051.0,35412223741.0,7650979674.0,11599269198.0,6.67,75.33,170.84,1.52,70.72,168.05,2.33,72.64,177.35,8.8,31.52,9.66,-29.64
013580,계룡건설,CFS,1838954013373.0,1703568860436.0,1598100581406.0,1400845573045.0,1342285677004.0,1092193640171.0,1868729174216.0,1757274727927.0,1572714062300.0,858163461806.0,802753933081.0,754340005182.0,2977005044488.0,2949680250000.0,2561801412006.0,100697392316.0,132836469827.0,232741989538.0,51924199347.0,60339311955.0,156417920465.0,6.05,217.76,131.27,7.52,218.91,126.92,20.74,208.49,146.32,0.93,-24.19,15.14,-42.93
013700,까뮤이앤씨,CFS,164929361341.0,72079767443.0,64796105922.0,123775070069.0,88669890181.0,67006565954.0,168253109752.0,116341805653.0,96246050328.0,87295246560.0,79147588250.0,98812382658.0,278827953382.0,195140487261.0,163686602054.0,6651260920.0,-15897800139.0,-3010985732.0,2607626820.0,-15888096472.0,-3016566535.0,2.99,192.74,133.25,-20.07,146.99,81.29,-3.05,97.4,96.7,42.89,141.84,19.22,-427.99
013870,지엠비코리아,CFS,315557862691.0,294436675311.0,259210370351.0,265986353507.0,248081704876.0,222364204027.0,309489580051.0,282988578972.0,273762237351.0,269566488961.0,267831024004.0,248701587607.0,690905792852.0,610506109979.0,531332180542.0,20566629966.0,11123016383.0,8377508126.0,10813294723.0,12089848967.0,10500670215.0,4.01,114.81,118.64,4.51,105.66,118.69,4.22,110.08,116.57,13.17,84.9,14.9,32.77
013890,지누스,CFS,602440549016.0,685770417986.0,651428659770.0,330478136405.0,391306390941.0,438355378201.0,415635288230.0,488663623143.0,540408191734.0,625763571220.0,626157267727.0,478228046897.0,952282926124.0,1159605660284.0,1123843093974.0,18342039200.0,65560502229.0,74335344156.0,5297181824.0,29372131142.0,51657452375.0,0.85,66.42,182.29,4.69,78.04,175.25,10.8,113.0,148.61,-17.88,-72.02,3.18,-11.8
014130,한익스프레스,CFS,126642802404.0,143504295660.0,138589382051.0,217075636066.0,176636027467.0,244686591332.0,342926253267.0,302592347580.0,301259496387.0,84604264757.0,105354618725.0,73515343118.0,668410640663.0,858131760908.0,776251564129.0,8724985201.0,19863296336.0,5713461856.0,-15603643118.0,8543466802.0,3915122397.0,-18.44,405.33,58.34,8.11,287.21,81.24,5.33,409.79,56.64,-22.11,-56.07,10.55,247.66
014160,대영포장,CFS,77246378585.0,100263704907.0,96366397791.0,35681998520.0,69518889154.0,40556645761.0,46600849594.0,80340610405.0,78837067773.0,174536929197.0,167016272894.0,167232335925.0,283462475670.0,302554046399.0,295763691187.0,11078018260.0,11909475247.0,11523086091.0,7925125110.0,12852541546.0,10049916716.0,4.54,26.7,216.49,7.7,48.1,144.23,6.01,47.14,237.61,-6.31,-6.98,2.3,3.35
014280,금강공업,CFS,455179398404.0,443511158509.0,355324568484.0,529800865935.0,523650509725.0,405262570912.0,652973754367.0,646587484981.0,481987958589.0,477493955104.0,448214310434.0,386670789721.0,856892700510.0,728931700430.0,570535532536.0,66582089210.0,34368944960.0,25916332127.0,44788076295.0,53379796909.0,22029790838.0,9.38,136.75,85.92,11.91,144.26,84.7,5.7,124.65,87.68,17.55,93.73,27.76,32.62
014285,금강공업우,,,,,,,,,,,,,,,,,,,,,,,,,,,,,,,,,,,
014440,영보화학,CFS,78988956061.0,75676481194.0,76244763513.0,15126566142.0,21644258116.0,24608961599.0,15171620649.0,22013068492.0,24685849929.0,163864004675.0,158436328623.0,155212257366.0,90279029906.0,82988929798.0,76803020296.0,6950540599.0,4973486413.0,4369192311.0,5960794948.0,6689328943.0,3501714002.0,3.64,9.26,522.19,4.22,13.89,349.64,2.26,15.9,309.83,8.78,39.75,8.05,13.83
014530,극동유화,CFS,205772521224.0,169686700343.0,145898981055.0,158022894664.0,127554547499.0,112208708180.0,216137142605.0,147759136082.0,139852066541.0,213878094020.0,205316910692.0,182083281932.0,1157998807210.0,1242475835454.0,964831742550.0,27841803020.0,30590826516.0,20485805841.0,15093999527.0,20430242683.0,11007701446.0,7.06,101.06,130.22,9.95,71.97,133.03,6.05,76.81,130.02,-6.8,-8.99,28.78,49.33
014580,태경비케이,CFS,148954977261.0,146184796631.0,123841368096.0,63891219664.0,75674736765.0,65993127478.0,85138588296.0,96292879506.0,97539784985.0,292902443113.0,264947299130.0,234842638543.0,294162114095.0,345051212031.0,195157043546.0,40076503357.0,31945997236.0,19603002069.0,34255565024.0,28816693926.0,15491051806.0,11.7,29.07,233.14,10.88,36.34,193.18,6.6,41.53,187.66,-14.75,25.45,76.81,62.96
014680,한솔케미칼,CFS,367414633780.0,386120253270.0,411301736920.0,247816973238.0,153669789765.0,199711858483.0,409492209835.0,400814014226.0,429305067616.0,941487453306.0,852496588410.0,767869701413.0,771654641559.0,885470791861.0,768688180555.0,124144351473.0,185990108464.0,197684583161.0,108690123238.0,166977755320.0,158670881601.0,11.54,43.49,148.26,19.59,47.02,251.27,20.66,55.91,205.95,-12.85,-33.25,15.19,-5.92
014710,사조씨푸드,CFS,63068295928.0,99491937054.0,87497439240.0,93547330669.0,97974738285.0,90018090610.0,102175105518.0,111544268866.0,106936374686.0,217962944164.0,239156185753.0,229994290195.0,176023865603.0,201116169891.0,174614930293.0,-34849471003.0,13584493320.0,14004313349.0,-23096469897.0,8295233468.0,9842248327.0,-10.6,46.88,67.42,3.47,46.64,101.55,4.28,46.5,97.2,-12.48,-356.54,15.18,-3.0
014790,HL D&I,CFS,872270376607.0,766565951434.0,778188926771.0,834268033045.0,679492692355.0,650866568075.0,1268702893325.0,1240232282310.0,1104826105380.0,455597816346.0,427189513189.0,416525885145.0,1571977582483.0,1472088271680.0,1475299061534.0,50663745426.0,52621392074.0,78587300029.0,30678156227.0,25099610222.0,99926469194.0,6.73,278.47,104.56,5.88,290.32,112.81,23.99,265.25,119.56,6.79,-3.72,-0.22,-33.04
014820,동원시스템즈,CFS,557764506819.0,550242849405.0,638498500586.0,558912743064.0,420866461449.0,514873965981.0,761806993435.0,722040384353.0,826642450395.0,774050786167.0,729629597917.0,665372288857.0,1276650646414.0,1436999451562.0,1250882270311.0,80851256459.0,91839427774.0,89997435703.0,64350437874.0,72334600495.0,48134726054.0,8.31,98.42,99.79,9.91,98.96,130.74,7.23,124.24,124.01,-11.16,-11.96,14.88,2.05
014825,동원시스템즈우,,,,,,,,,,,,,,,,,,,,,,,,,,,,,,,,,,,
014830,유니드,CFS,570048574295.0,848804647592.0,670806591175.0,307904165833.0,542047732288.0,287065823533.0,356024268041.0,587712511772.0,354619998629.0,903111516380.0,901552165745.0,993090904135.0,1133715006136.0,1404902461611.0,877110344923.0,32068843108.0,147870643696.0,148855095605.0,16264874026.0,126750418660.0,182423116307.0,1.8,39.42,185.14,14.06,65.19,156.59,18.37,35.71,233.68,-19.3,-78.31,60.17,-0.66
014910,성문전자,CFS,27687352490.0,38264060991.0,34919302343.0,21959095342.0,23919722900.0,11739148959.0,24201250428.0,25167616319.0,23623581165.0,36711469969.0,32073699343.0,30762423136.0,45063801937.0,49973898725.0,49343656972.0,513645939.0,2467546877.0,3442198787.0,-1626600141.0,2083804416.0,2973542781.0,-4.43,65.92,126.09,6.5,78.47,159.97,9.67,76.79,297.46,-9.83,-79.18,1.28,-28.31
014915,성문전자우,,,,,,,,,,,,,,,,,,,,,,,,,,,,,,,,,,,
014990,인디에프,CFS,48514698051.0,54812308324.0,72232544519.0,64664753405.0,72805809780.0,71812301539.0,75965445981.0,81801083054.0,87338281443.0,39623137112.0,37944084318.0,41708437873.0,126499790341.0,135333062918.0,148698938125.0,-2698436493.0,-13021781567.0,-21761150538.0,-1654134615.0,-10174562877.0,-18350974648.0,-4.17,191.72,75.02,-26.81,215.58,75.29,-44.0,209.4,100.59,-6.53,79.28,-8.99,40.16
015020,이스타코,CFS,18875569533.0,19768810730.0,21352650376.0,33616114922.0,31094510237.0,23863645186.0,37121852831.0,34487215492.0,31761979271.0,42382566776.0,45304145559.0,50325877630.0,13270580140.0,7626732046.0,7060649411.0,-1661140792.0,-3170883298.0,-329699958.0,-2921578783.0,-5021732071.0,1497240167.0,-6.89,87.59,56.15,-11.08,76.12,63.58,2.98,63.11,89.48,74.0,47.61,8.02,-861.75
015230,대창단조,CFS,221515052129.0,230719006603.0,197022439194.0,37308575376.0,61283024353.0,52198079668.0,62213191685.0,95831169725.0,71311980778.0,272538657429.0,242397320483.0,227166438062.0,372122590244.0,421497657834.0,354439661796.0,46442960961.0,49857119260.0,29506417898.0,33910342318.0,40053758985.0,28223118436.0,12.44,22.83,593.74,16.52,39.53,376.48,12.42,31.39,377.45,-11.71,-6.85,18.92,68.97
015260,에이엔피,CFS,38092306885.0,47611035041.0,25786468773.0,57362551131.0,57564189592.0,33097270109.0,62786246737.0,76747049774.0,52058401194.0,32249152578.0,30052140226.0,29971709571.0,140906023255.0,107458778217.0,69285788506.0,-1824839750.0,-10679035041.0,-11966559122.0,-10024836016.0,-30357952707.0,-11948327703.0,-31.09,194.69,66.41,-101.02,255.38,82.71,-39.87,173.69,77.91,31.13,82.91,55.09,10.76
015360,INVENI,CFS,490272111000.0,600113682000.0,554965102000.0,533767322000.0,670344420000.0,422155970000.0,855030228000.0,971855140000.0,889444520000.0,503009253000.0,519538661000.0,533558018000.0,1430505844000.0,1470167011000.0,1290005562000.0,57486508000.0,1459528000.0,66156826000.0,34053372000.0,-2469725000.0,26557568000.0,6.77,169.98,91.85,-0.48,187.06,89.52,4.98,166.7,131.46,-2.7,3838.71,13.97,-97.79
015590,DKME,CFS,141158237723.0,130896715204.0,93777741564.0,82519903294.0,79957946686.0,62453122644.0,93839584970.0,82860308311.0,67845866319.0,126275057117.0,109826948997.0,98020237880.0,137250775712.0,105673907331.0,80705226869.0,12883589883.0,12936915150.0,-14968117999.0,12751211026.0,11278003463.0,-13018202749.0,10.1,74.31,171.06,10.27,75.45,163.71,-13.28,69.22,150.16,29.88,-0.41,30.94,186.43
015760,한국전력,CFS,29536215000000.0,29750545000000.0,22050845000000.0,61248421000000.0,44518577000000.0,31732220000000.0,202450215000000.0,192804738000000.0,145797021000000.0,37264750000000.0,42000256000000.0,65326706000000.0,88219461000000.0,71257863000000.0,60673587000000.0,-4541648000000.0,-32655153000000.0,-5846499000000.0,-4716144000000.0,-24429108000000.0,-5215581000000.0,-12.66,543.28,48.22,-58.16,459.06,66.83,-7.98,223.18,69.49,23.8,86.09,17.44,-458.54
015860,일진홀딩스,CFS,980720397638.0,891510804843.0,930249485331.0,505448276484.0,463109692059.0,532540305052.0,724215860718.0,678227620427.0,726755398999.0,940563473807.0,907886898757.0,884838120856.0,1471896022592.0,1433888289336.0,1190071995775.0,57518695514.0,44921597875.0,38724294545.0,47891954977.0,28691536536.0,33290727259.0,5.09,77.0,194.03,3.16,74.7,192.51,3.76,82.13,174.68,2.65,28.04,20.49,16.0
015890,태경산업,CFS,276002521199.0,273420877779.0,247842076191.0,161217412472.0,180874995740.0,165892107607.0,185598432442.0,204202010453.0,199247650821.0,450039500015.0,420836852104.0,385478595103.0,656027303168.0,733384357738.0,516770864906.0,44128087572.0,54916688892.0,40591835560.0,36170789418.0,37464888628.0,28276433164.0,8.04,41.24,171.2,8.9,48.52,151.17,7.34,51.69,149.4,-10.55,-19.65,41.92,35.29
016090,대현,CFS,152523206332.0,160793659166.0,159345634712.0,45953364729.0,50808069220.0,51208656714.0,48980004855.0,54998741748.0,59050547416.0,260357529064.0,242651078659.0,221030574642.0,295303511096.0,319305279593.0,287896441056.0,21331953277.0,30195181973.0,22414773991.0,23272375340.0,25431134878.0,19243108431.0,8.94,18.81,331.91,10.48,22.67,316.47,8.71,26.72,311.17,-7.52,-29.35,10.91,34.71
016360,삼성증권,CFS,,,,,,,49885200114300.0,47652352674387.0,59626558211304.0,6622709394534.0,6195908342795.0,6080928788294.0,,,,,,,547405708396.0,422405108435.0,965338208537.0,8.27,753.24,,6.82,769.09,,15.87,980.55,,,,,
016380,KG스틸,CFS,1193243551020.0,1016802407111.0,1123225414046.0,626542463507.0,648409557265.0,815570345596.0,1304937566020.0,1361342496584.0,1620934715289.0,1890576488340.0,1690164830079.0,1150163552965.0,3429848200193.0,3819689027832.0,3354789186331.0,280410835368.0,340351530549.0,296911904979.0,235222297338.0,534763543114.0,190707950937.0,12.44,69.02,190.45,31.64,80.54,156.81,16.58,140.93,137.72,-10.21,-17.61,13.86,14.63
016450,한세예스24홀딩스,CFS,1028481312223.0,1110802442650.0,1122515831303.0,1045252816478.0,1055290548647.0,1026634357409.0,1188689216686.0,1205446231945.0,1291920827286.0,963656730166.0,831517509175.0,949352232324.0,2780751628151.0,3322113533739.0,2798895736344.0,189745000099.0,192868855902.0,134681974504.0,111443389308.0,49481514456.0,75870159104.0,11.56,123.35,98.4,5.95,144.97,105.26,7.99,136.08,109.34,-16.3,-1.62,18.69,43.2
016580,환인제약,CFS,212101332439.0,197421514501.0,242411929875.0,40027750609.0,31750479508.0,30900267268.0,43019152692.0,35446435977.0,35963186455.0,358207480590.0,333928125494.0,317225685380.0,230393578986.0,198934734394.0,177775700611.0,30170287865.0,29810419721.0,31275795116.0,29774322169.0,23733586732.0,26458506063.0,8.31,12.01,529.89,7.11,10.61,621.79,8.34,11.34,784.5,15.81,1.21,11.9,-4.69
016590,신대양제지,CFS,330899042817.0,330075836941.0,318215034743.0,123366100872.0,157468802943.0,112456264343.0,189456582350.0,227229978192.0,219154383689.0,686755610418.0,657299911642.0,626797128046.0,645359891647.0,676402223828.0,681565905342.0,58513877508.0,50861766330.0,54395725480.0,51251648060.0,51281300998.0,60434795558.0,7.46,27.59,268.23,7.8,34.57,209.61,9.64,34.96,282.97,-4.59,15.04,-0.76,-6.5
016610,DB증권,CFS,,,,,,,9038074593682.0,8710072105027.0,8535236408583.0,1173885264629.0,1047298189421.0,1048436630854.0,1206986042160.0,1223166577309.0,1410732861048.0,,,,12526271139.0,10770184612.0,126818163372.0,1.07,769.93,,1.03,831.67,,12.1,814.09,,-1.32,,-13.3,
016710,대성홀딩스,CFS,516254204501.0,521682900507.0,346582912114.0,527812793456.0,496194551524.0,286509680133.0,686948614403.0,786541938665.0,647101706869.0,559034234876.0,604804139153.0,596911156179.0,1216816669863.0,1253169917697.0,938585207962.0,9963570964.0,6984420659.0,21148138997.0,159418653042.0,4902357332.0,23947536169.0,28.52,122.88,97.81,0.81,130.05,105.14,4.01,108.41,120.97,-2.9,42.65,33.52,-66.97
016740,두올,CFS,313208286021.0,296934612669.0,257977679540.0,199738111650.0,213171947750.0,148960019060.0,261501985696.0,263998120328.0,226828876123.0,215587695865.0,198173169886.0,197312678548.0,753135642653.0,565996038053.0,495632646209.0,44088244906.0,13299644433.0,25296758456.0,20831932708.0,7511336573.0,15551865628.0,9.66,121.3,156.81,3.79,133.22,139.29,7.88,114.96,173.19,33.06,231.5,14.2,-47.43
016800,퍼시스,CFS,259188806121.0,215710486345.0,280928999196.0,62519924579.0,65902722142.0,70588449223.0,67011502268.0,71851940711.0,77976680373.0,530592357564.0,472952597361.0,497507890890.0,362905625021.0,381251130841.0,326505279504.0,35235683418.0,32658637873.0,28653226539.0,66895995467.0,5876766413.0,45100864949.0,12.61,12.63,414.57,1.24,15.19,327.32,9.07,15.67,397.98,-4.81,7.89,16.77,13.98
016880,웅진,CFS,432073368991.0,481290449369.0,496564255314.0,631966521029.0,728792255569.0,588483896981.0,835453231162.0,868253314371.0,845476888061.0,191624801173.0,226164473393.0,220517482432.0,1018577151624.0,1049841292075.0,979866235586.0,22359940820.0,42327369054.0,42952922677.0,-24754798288.0,8092750248.0,34162109612.0,-12.92,435.98,68.37,3.58,383.9,66.04,15.49,383.41,84.38,-2.98,-47.17,7.14,-1.46
017040,광명전기,CFS,118880731110.0,107721627777.0,112590039911.0,53879897254.0,49661800189.0,49125546455.0,56517452848.0,53307671271.0,54791365737.0,130621136848.0,118450344003.0,114558921398.0,161220121788.0,138239355910.0,137092770026.0,-2273334035.0,4635070783.0,2865250702.0,10890754211.0,5791185979.0,5904611709.0,8.34,43.27,220.64,4.89,45.0,216.91,5.15,47.83,229.19,16.62,-149.05,0.84,61.77
017180,명문제약,CFS,81436185840.0,70706927709.0,67466131070.0,116372828055.0,110821453501.0,113087638840.0,147794261201.0,135182358858.0,137389372750.0,88754532448.0,95267464101.0,85873708987.0,169567372992.0,152134940505.0,137759902074.0,963765332.0,6433888101.0,-5880803085.0,-4874243002.0,7976055380.0,-6804256793.0,-5.49,166.52,69.98,8.37,141.9,63.8,-7.92,159.99,59.66,11.46,-85.02,10.43,209.4
017370,우신시스템,CFS,241156735969.0,150779319919.0,178217590852.0,267330019166.0,178058326845.0,194509592550.0,284056762487.0,192467200303.0,220358554970.0,96403707602.0,90048515305.0,89247153048.0,242195761152.0,254538462220.0,262337789266.0,12410190731.0,7972167440.0,-11486951348.0,7430685130.0,2816572951.0,-12911457219.0,7.71,294.65,90.21,3.13,213.74,84.68,-14.47,246.91,91.62,-4.85,55.67,-2.97,169.4
017390,서울가스,CFS,1011629402471.0,1062951374975.0,737642195366.0,446784812465.0,557406644342.0,362324422582.0,709423037097.0,818373686144.0,623830583613.0,1067796743185.0,1052968760901.0,1038771292420.0,1717423189672.0,1724452004293.0,1277844476509.0,-3200619585.0,3324640638.0,-4941094915.0,20527153332.0,17919220491.0,8540875496.0,1.92,66.44,226.42,1.7,77.72,190.7,0.82,60.05,203.59,-0.41,-196.27,34.95,167.29
017550,수산세보틱스,CFS,146167631608.0,155944008621.0,138282482439.0,80673846976.0,116508261814.0,106468384687.0,87612992058.0,123182486960.0,114040079182.0,175504537464.0,138548648213.0,122049572808.0,226540510519.0,286296769359.0,252992405856.0,16398431249.0,22598864801.0,14273592746.0,16873038022.0,15749353436.0,11393232917.0,9.61,49.92,181.18,11.37,88.91,133.85,9.33,93.44,129.88,-20.87,-27.44,13.16,58.33
017670,SK텔레콤,CFS,6585602000000.0,7219196000000.0,6352665000000.0,6993980000000.0,8046541000000.0,6960435000000.0,17890828000000.0,19153066000000.0,18576139000000.0,12228399000000.0,12155196000000.0,12335138000000.0,17608511000000.0,17304973000000.0,16748585000000.0,1753204000000.0,1612070000000.0,1387162000000.0,1145937000000.0,947831000000.0,2418989000000.0,9.37,146.31,94.16,7.8,157.57,89.72,19.61,150.6,91.27,1.75,8.75,3.32,16.21
017800,현대엘리베이터,CFS,1345816746000.0,1096309421000.0,1131485066000.0,1333818957000.0,1222898678000.0,1082405519000.0,2163866654000.0,1847719039000.0,1851191573000.0,1371566725000.0,1166752024000.0,1136202157000.0,2602099212000.0,2129301101000.0,1973426416000.0,82620343000.0,43016097000.0,129001780000.0,309851270000.0,78232444000.0,112347037000.0,22.59,157.77,100.9,6.71,158.36,89.65,9.89,162.93,104.53,22.2,92.07,7.9,-66.65
017810,풀무원,CFS,730136230683.0,752345560481.0,710996090575.0,977800752144.0,892669610735.0,803841735058.0,1650244942362.0,1502570984984.0,1379581562516.0,506544641028.0,546646770252.0,589790958576.0,2993468191302.0,2838303860365.0,2518896106070.0,61981274528.0,26331500743.0,38513882668.0,13357627680.0,-36967492015.0,304155972.0,2.64,325.78,74.67,-6.76,274.87,84.28,0.05,233.91,88.45,5.47,135.39,12.68,-31.63
017860,DS단석,CFS,351804566271.0,303351742913.0,249420778222.0,340137477914.0,317923054910.0,245905945678.0,437728925747.0,425843741880.0,328478366490.0,281175210888.0,139743427609.0,173360396450.0,1070440042557.0,1133719963759.0,900507213805.0,76240446307.0,73985310875.0,72531627708.0,39161852822.0,27181948575.0,39820713896.0,13.93,155.68,103.43,19.45,304.73,95.42,22.97,189.48,101.43,-5.58,3.05,25.9,2.0
017900,광전자,CFS,126015835164.0,124433720602.0,121048234766.0,16582702684.0,16592154606.0,21816495317.0,19655544304.0,20234706018.0,28253535695.0,231524927819.0,227620600680.0,210708019737.0,125705279635.0,152201072028.0,173773675132.0,-4405094540.0,5837058369.0,6916463299.0,-1063414462.0,13137606608.0,10469916074.0,-0.46,8.49,759.92,5.77,8.89,749.96,4.97,13.41,554.85,-17.41,-175.47,-12.41,-15.61
017940,E1,CFS,1953815462310.0,1930286688911.0,1629020624383.0,2138857009424.0,1711123011938.0,1311736229211.0,2899257176259.0,2829299481251.0,2625919365638.0,1698150469926.0,1510355704256.0,1373406945651.0,7827737066529.0,7990767897663.0,5152300897477.0,93175065859.0,278730692433.0,5575314498.0,214389244510.0,141465519787.0,138568374513.0,12.62,170.73,91.35,9.37,187.33,112.81,10.09,191.2,124.19,-2.04,-66.57,55.09,4899.37
017960,한국카본,CFS,398231471694.0,289163544215.0,247791867042.0,297365080481.0,156336842968.0,93991127594.0,337774036158.0,181165801047.0,109356563548.0,454654105515.0,404167834363.0,388999341751.0,594417384371.0,369270866021.0,367827134273.0,16465724514.0,24798059067.0,32732355547.0,-13449428136.0,20260871261.0,14348609838.0,-2.96,74.29,133.92,5.01,44.82,184.96,3.69,28.11,263.63,60.97,-33.6,0.39,-24.24
018250,애경산업,CFS,268472581367.0,275603610012.0,261862420073.0,90410809063.0,116975836193.0,74958318894.0,94745876572.0,123665920018.0,85261290651.0,387626718902.0,358973695336.0,346231354379.0,668866951127.0,610410753107.0,573923184961.0,61937813983.0,39038794156.0,24385008253.0,48604611481.0,16682112352.0,15725463056.0,12.54,24.44,296.95,4.65,34.45,235.61,4.54,24.63,349.34,9.58,58.66,6.36,60.09
018260,삼성에스디에스,CFS,8160300292307.0,8005764371670.0,7575968337003.0,2391861435547.0,2493322920021.0,2370289617955.0,3345453419084.0,3485454954575.0,3073731543176.0,8975571141939.0,8466969934914.0,7443700632071.0,13276844204872.0,17234749537662.0,13630002438924.0,808230946594.0,916074023314.0,808097771607.0,701325761022.0,1130012585621.0,633381433112.0,7.81,37.27,341.17,13.35,41.17,321.09,8.51,41.29,319.62,-22.96,-11.77,26.45,13.36
018470,조일알미늄,CFS,240564258804.0,215659159961.0,211525739717.0,159298607601.0,164284251035.0,160232629300.0,199513686428.0,180767713986.0,181069784517.0,191384682213.0,186912876356.0,166867794992.0,465783855340.0,562385283324.0,466932503112.0,8472865264.0,15831171036.0,18279237886.0,-134306200.0,17828879642.0,15675523934.0,-0.07,104.25,151.01,9.54,96.71,131.27,9.39,108.51,132.01,-17.18,-46.48,20.44,-13.39
018500,동원모빌리티,CFS,185219830046.0,154084068667.0,159156293335.0,303611966575.0,295469088481.0,312254766593.0,398156987777.0,395436339499.0,436932189046.0,89710533157.0,61434250780.0,31982123142.0,538640239424.0,387368679807.0,369490992188.0,35573266789.0,11747797604.0,-1171275967.0,18168066939.0,22660092845.0,-28119421364.0,20.25,443.82,61.01,36.89,643.67,52.15,-87.92,1366.18,50.97,39.05,202.81,4.84,1102.99
018670,SK가스,CFS,2485113138789.0,2581339370870.0,2405831848923.0,1460923784096.0,1742517071826.0,1441957908268.0,3493505643672.0,3490881745324.0,3004172079944.0,2588305767501.0,2340895146247.0,2117363391889.0,6992257390856.0,8066169118262.0,6494513185952.0,303595468730.0,390470990382.0,105462364518.0,316290608462.0,257077747972.0,249265884920.0,12.22,134.97,170.11,10.98,149.13,148.14,11.77,141.88,166.84,-13.31,-22.25,24.2,270.25
018880,한온시스템,CFS,3696903747606.0,4194764703068.0,3551728480357.0,3576141197593.0,4021078315367.0,2813484247466.0,6735917853522.0,6728917210972.0,5757074853164.0,2508486580608.0,2369866116572.0,2476658008596.0,9559328248400.0,8627727574148.0,7351423825664.0,277278601609.0,256590023453.0,325771299303.0,58886775463.0,26742650440.0,310725205709.0,2.35,268.53,103.38,1.13,283.94,104.32,12.55,232.45,126.24,10.8,8.06,17.36,-21.24
019170,신풍제약,CFS,198935275596.0,196541780854.0,232997032735.0,76384880652.0,27167237503.0,28550128611.0,79301495101.0,30777770605.0,38025374676.0,270782144698.0,330758287691.0,360324400144.0,200228582505.0,209287627763.0,189237234928.0,-47392405096.0,-34018686326.0,-14306402883.0,-57272531694.0,-35308829351.0,-11526010683.0,-21.15,29.29,260.44,-10.68,9.31,723.45,-3.2,10.55,816.1,-4.33,-39.31,10.6,-137.79
019175,신풍제약우,,,,,,,,,,,,,,,,,,,,,,,,,,,,,,,,,,,
019180,티에이치엔,CFS,202306023248.0,188883233062.0,177126134449.0,211790140496.0,194765622089.0,174819272741.0,284771236078.0,279919564485.0,252248094482.0,118206064350.0,91434393027.0,87689111508.0,586298306002.0,469666790784.0,402733099165.0,43062857026.0,1128592573.0,19836086525.0,27567226965.0,-6326755155.0,16762920164.0,23.32,240.91,95.52,-6.92,306.14,96.98,19.12,287.66,101.32,24.83,3715.62,16.62,-94.31
019490,엑시큐어하이트론,CFS,22342732651.0,4113497588.0,31051697436.0,20408180527.0,2732120543.0,23279096817.0,20490897591.0,3650178295.0,24747226242.0,7069504894.0,3232600328.0,12840092162.0,5504482588.0,7903386686.0,22437243588.0,-6550533715.0,-9751994173.0,-21353315797.0,-7037459860.0,-9465573675.0,-21257944862.0,-99.55,289.85,109.48,-292.82,112.92,150.56,-165.56,192.73,133.39,-30.35,32.83,-64.78,54.33
019680,대교,CFS,126528020752.0,125924567674.0,224924315740.0,211336839429.0,176442427157.0,183531939810.0,296001589250.0,262333648796.0,297164686139.0,308525116150.0,404390139876.0,516401846641.0,659740743270.0,683076343749.0,638394752559.0,-27779172712.0,-49959384890.0,-28312392021.0,-96293719398.0,-136174498275.0,-42448478000.0,-31.21,95.94,59.87,-33.67,64.87,71.37,-8.22,57.55,122.55,-3.42,44.4,7.0,-76.46
019685,대교우B,,,,,,,,,,,,,,,,,,,,,,,,,,,,,,,,,,,
020000,한섬,CFS,828922845505.0,1031083371680.0,881759156232.0,251356436003.0,288910944267.0,246250888288.0,329926345735.0,348223076669.0,316664864164.0,,,,1528640729242.0,1542221683428.0,1387401660671.0,100482854275.0,168315660882.0,152192853992.0,80985208567.0,120699265831.0,111523596684.0,,,329.78,,,356.89,,,358.07,-0.88,-40.3,11.16,10.59
020120,키다리스튜디오,CFS,120636489286.0,130418120361.0,79964058777.0,81837108449.0,75836738214.0,64890884912.0,135643276889.0,103123818157.0,67350906744.0,208684626600.0,274624032843.0,222771268012.0,171042237147.0,169433774760.0,119118155904.0,-5744856252.0,4262454699.0,6921869365.0,-35643071568.0,-2539662103.0,3531860296.0,-17.08,65.0,147.41,-0.92,37.55,171.97,1.59,30.23,123.23,0.95,-234.78,42.24,-38.42
020150,롯데에너지머티리얼즈,CFS,1261999605054.0,1436348000822.0,959410929424.0,332800203153.0,176543818151.0,148562451793.0,426413928090.0,440193361462.0,404284924962.0,1965832679844.0,1990086440415.0,1349280166469.0,809006057001.0,729362921828.0,688892613518.0,11805382266.0,84772900155.0,69925557744.0,-45120189148.0,48987139840.0,63175873096.0,-2.3,21.69,379.21,2.46,22.12,813.59,4.68,29.96,645.8,10.92,-86.07,5.87,21.23
020560,아시아나항공,CFS,2149808880115.0,2844322554853.0,2565299369111.0,5435521833228.0,5976436038608.0,5239252108540.0,12206400392868.0,12739695840901.0,12561568437168.0,810345388271.0,715645570898.0,521096422981.0,7623348347364.0,6206669334674.0,4339706411421.0,619928673329.0,598763774896.0,93203600406.0,180531807269.0,26525711603.0,-516809974210.0,22.28,1506.32,39.55,3.71,1780.17,47.59,-99.18,2410.6,48.96,22.83,3.53,43.02,542.43
020760,일진디스플,CFS,28618905706.0,34999130791.0,30221073526.0,81208820524.0,80757113949.0,79589553739.0,86389552370.0,88372905690.0,106734301751.0,25500102568.0,28930664804.0,10725881977.0,54334550611.0,124347842285.0,101440583884.0,-7962984896.0,1052222165.0,-35456269910.0,-14921777471.0,-3263062533.0,-43668263154.0,-58.52,338.78,35.24,-11.28,305.46,43.34,-407.13,995.11,37.97,-56.3,-856.78,22.58,102.97
021050,서원,CFS,86417612763.0,96417388929.0,126139778561.0,98057236463.0,99640406979.0,99988095136.0,123001609081.0,129996555577.0,154493744413.0,123995659472.0,136236301764.0,138872233964.0,233179269197.0,275679212522.0,261636393948.0,452953609.0,173336109.0,15126656228.0,-10159276981.0,276402475.0,14597773492.0,-8.19,99.2,88.13,0.2,95.42,96.77,10.51,111.25,126.15,-15.42,161.32,5.37,-98.85
021240,코웨이,CFS,1591625489084.0,1374501066423.0,1106454326269.0,1509014925614.0,1130229416371.0,1293177416525.0,2213210951932.0,2053106158533.0,1896190300581.0,2637754784464.0,2311968716798.0,1904437681959.0,3966519721923.0,3856132895084.0,3664259556788.0,731255078054.0,677378551681.0,640219263049.0,471011104871.0,457795616474.0,465486095093.0,17.86,83.91,105.47,19.8,88.8,121.61,24.44,99.57,85.56,2.86,7.95,5.24,5.8
021820,세원정공,CFS,371272864423.0,300912871770.0,263446625122.0,59545521134.0,50087988802.0,43707443934.0,92873801552.0,77647408546.0,70776212852.0,581208055520.0,551184435761.0,551375801026.0,159199457308.0,115215348076.0,142473811849.0,12037913130.0,-10941609997.0,150710685.0,-31272001756.0,-27859580279.0,24591307198.0,-5.38,15.98,623.51,-5.05,14.09,600.77,4.46,12.84,602.75,38.18,210.02,-19.13,-7360.01
022100,포스코DX,CFS,661855691387.0,603491896789.0,441810639746.0,421366947879.0,431131515113.0,275742799840.0,428357838257.0,437601276125.0,287766033952.0,461449382203.0,413992509859.0,359203925784.0,1485875620930.0,1152680199426.0,869274143659.0,110563784581.0,64668494002.0,-19477262841.0,92128228460.0,45850938928.0,-13923043578.0,19.96,92.83,157.07,11.08,105.7,139.98,-3.88,80.11,160.23,28.91,70.97,32.6,432.02
023000,삼원강재,CFS,193498230558.0,172700064210.0,152524445357.0,56945223537.0,58632016361.0,47757285287.0,61223758538.0,62909269440.0,51952908280.0,242511942264.0,230780833592.0,218726735664.0,359058169925.0,364111085653.0,299952544414.0,16504971399.0,16532526342.0,9549369585.0,16609053116.0,13013317992.0,8804033367.0,6.85,25.25,339.8,5.64,27.26,294.55,4.03,23.75,319.37,-1.39,-0.17,21.39,73.13
023150,MH에탄올,CFS,59884863546.0,52735464686.0,52073620403.0,183464748787.0,190941543396.0,297329930967.0,346161545199.0,352042676901.0,366757413224.0,99070017318.0,95397727490.0,84703338587.0,105484095313.0,110722401934.0,102066936941.0,18917521622.0,21924889178.0,23335312777.0,5214659931.0,11905846678.0,8688865298.0,5.26,349.41,32.64,12.48,369.03,27.62,10.26,432.99,17.51,-4.73,-13.72,8.48,-6.04
023350,한국종합기술,CFS,162580176127.0,123548693270.0,131275489149.0,188299734174.0,157452646955.0,163689178900.0,224519456426.0,183900047649.0,197119259846.0,156661859109.0,148795312079.0,142300079485.0,376919437380.0,283702516162.0,268251760974.0,3992264949.0,5425716889.0,7156139977.0,13341928319.0,3799291685.0,11038212871.0,8.52,143.31,86.34,2.55,123.59,78.47,7.76,138.52,80.2,32.86,-26.42,5.76,-24.18
023450,동남합성,CFS,28954938925.0,28224880226.0,40525938953.0,23180664813.0,26081722394.0,35057369069.0,45751505694.0,42058880063.0,44342731815.0,51817334055.0,50026346067.0,46260250410.0,166721761463.0,193400697499.0,160295973308.0,8062686149.0,13461074816.0,14906406553.0,5951154602.0,10621743195.0,11725984586.0,11.48,88.29,124.91,21.23,84.07,108.22,25.35,95.85,115.6,-13.79,-40.1,20.65,-9.7
023530,롯데쇼핑,CFS,5563803119356.0,6179514075813.0,7000185490914.0,10903416044835.0,10622585640821.0,8994249448657.0,19808248977726.0,20668459087068.0,21629527142066.0,10836449718811.0,11035116786002.0,11797006676936.0,14555863880290.0,15476035656554.0,15573550042665.0,508404731640.0,386225594610.0,207602693266.0,169180436381.0,-318692441033.0,-272964154001.0,1.56,182.79,51.03,-2.89,187.3,58.17,-2.31,183.35,77.83,-5.95,31.63,-0.63,86.04
023590,다우기술,CFS,415124432271.0,415082904768.0,327642270822.0,510051969531.0,386913646586.0,121362052054.0,47791926295211.0,44071595509884.0,41705976712451.0,5550533034939.0,5188413232629.0,4616469257342.0,9855141797134.0,9210610313082.0,6086980401897.0,639880017159.0,718687487393.0,1257233834443.0,490015745774.0,680524455388.0,914188890009.0,8.83,861.03,81.39,13.12,849.42,107.28,19.8,903.42,269.97,7.0,-10.97,51.32,-42.84
023800,인지컨트롤스,CFS,220430545503.0,228677683897.0,185038437018.0,315754010834.0,305509469084.0,246376080695.0,428904725303.0,400688873530.0,346845570399.0,220198636876.0,206221596799.0,196521604253.0,634018251095.0,570020850334.0,484855609029.0,20925835048.0,17050734417.0,2018548482.0,13037786232.0,11707604852.0,2392417371.0,5.92,194.78,69.81,5.68,194.3,74.85,1.22,176.49,75.1,11.23,22.73,17.57,744.7
023810,인팩,CFS,191823871709.0,187859476408.0,157837676941.0,248495876959.0,210046621229.0,184619476426.0,330515819641.0,273499292804.0,232862255335.0,152353906531.0,137664892084.0,121099772972.0,542893201476.0,512240488863.0,439274488177.0,23520579855.0,20813756713.0,12820102452.0,13097916100.0,6211433994.0,7510536204.0,8.6,216.94,77.19,4.51,198.67,89.44,6.2,192.29,85.49,5.98,13.0,16.61,62.35
023960,에쓰씨엔지니어링,CFS,49108963022.0,52925045646.0,76863061988.0,49255971321.0,54587759245.0,65942788559.0,60269563130.0,65881041288.0,71886044021.0,39034389682.0,40625484092.0,44540768560.0,135981756853.0,137224812696.0,75724704653.0,982905544.0,7770473400.0,-6633227964.0,-2364589340.0,6506743619.0,-7922314012.0,-6.06,154.4,99.7,16.02,162.17,96.95,-17.79,161.39,116.56,-0.91,-87.35,81.22,217.14
024070,WISCOM,CFS,53349133626.0,68374203571.0,67404348077.0,11295642917.0,14870292725.0,13563309753.0,12077939300.0,15926877005.0,15140908426.0,110912067304.0,112576389418.0,120142945248.0,112319254509.0,125682312649.0,117607135078.0,-2854535881.0,744304211.0,-34184360.0,-475564721.0,-7425221847.0,1211761877.0,-0.43,10.89,472.3,-6.6,14.15,459.8,1.01,12.6,496.96,-10.63,-483.52,6.87,2277.32
024090,디씨엠,CFS,137015487424.0,178218851906.0,168084119706.0,31583193327.0,30402368437.0,40913313298.0,34265289367.0,41595073602.0,51347298046.0,243377453637.0,265361249006.0,235548307920.0,218258669539.0,240604203356.0,250829059873.0,9056180535.0,24501431525.0,34887867459.0,-10302105359.0,37642494159.0,50754929691.0,-4.23,14.08,433.82,14.19,15.67,586.2,21.55,21.8,410.83,-9.29,-63.04,-4.08,-29.77
024110,기업은행,CFS,,,,,,,416610518000000.0,401930409000000.0,370016232000000.0,31816761000000.0,29255929000000.0,27711535000000.0,,,,,,,2675188000000.0,2674730000000.0,2425941000000.0,8.41,1309.41,,9.14,1373.84,,8.75,1335.24,,,,,
024720,콜마홀딩스,CFS,294184203556.0,343129856216.0,319849775246.0,321677119874.0,340472867793.0,301085704487.0,473544596344.0,418764073414.0,355074425236.0,816191270373.0,850337979900.0,854651752680.0,637274322590.0,649879568755.0,674006002125.0,16871130187.0,33000195009.0,88372029876.0,6049009666.0,13023596377.0,58643455893.0,0.74,58.02,91.45,1.53,49.25,100.78,6.86,41.55,106.23,-1.94,-48.88,-3.58,-62.66
024890,대원화성,CFS,69420261119.0,74098320893.0,72075850528.0,69383983089.0,62853387965.0,56549488617.0,85537345301.0,68456840367.0,64820560068.0,52837629884.0,62456606707.0,71012021570.0,122178457757.0,146805183509.0,113339078287.0,-6436352452.0,-7401035956.0,-8431253759.0,-9744851548.0,-9621844517.0,-7003647550.0,-18.44,161.89,100.05,-15.41,109.61,117.89,-9.86,91.28,127.46,-16.78,13.03,29.53,12.22
024900,디와이덕양,CFS,400452453513.0,329733949818.0,316655685680.0,444467614592.0,403210088947.0,400064093886.0,482586900409.0,431773772024.0,459786677968.0,91061754835.0,88443765005.0,63777587446.0,1875890050635.0,1542026244310.0,1348236914736.0,27728234775.0,30682700016.0,6261100580.0,4450283400.0,11489079537.0,1602088914.0,4.89,529.96,90.1,12.99,488.19,81.78,2.51,720.92,79.15,21.65,-9.63,14.37,390.05
025000,KPX케미칼,CFS,431457307996.0,396993531388.0,453336988651.0,158595607033.0,166545010125.0,188512617501.0,175893522725.0,181591489347.0,199075057541.0,646572706120.0,595186627464.0,578068145968.0,911119635067.0,983579558669.0,1020786100790.0,58387011998.0,46513085397.0,44680350533.0,65778114586.0,29568123484.0,49247707872.0,10.17,27.2,272.05,4.97,30.51,238.37,8.52,34.44,240.48,-7.37,25.53,-3.64,4.1
025530,SJM홀딩스,CFS,225952950744.0,208120718755.0,190326178890.0,53855593162.0,49351856418.0,46433517001.0,64326932876.0,65018743060.0,66104871319.0,275482584242.0,263147323893.0,263062488483.0,202841327601.0,184223689219.0,149668812660.0,14656304596.0,8227979769.0,7916703256.0,19364289450.0,3830315145.0,6148773329.0,7.03,23.35,419.55,1.46,24.71,421.71,2.34,25.13,409.89,10.11,78.13,23.09,3.93
025540,한국단자,CFS,747731087675.0,666195440073.0,551370811813.0,394189571404.0,347120935873.0,194828986220.0,493288440467.0,419492218914.0,282995896952.0,931763324987.0,870284236519.0,842167382084.0,1296939956432.0,1168134977282.0,962228396481.0,111745138186.0,64257366734.0,76226359858.0,72856236925.0,48629558500.0,62880355775.0,7.82,52.94,189.69,5.59,48.2,191.92,7.47,33.6,283.0,11.03,73.9,21.4,-15.7
025560,미래산업,CFS,49339522496.0,75437247350.0,70987742732.0,22156240845.0,33854991978.0,29987592455.0,27339221298.0,41043553919.0,34009093695.0,76442051252.0,93365955717.0,84642274975.0,21739463482.0,56171983500.0,48338413649.0,-15975202007.0,8004566211.0,8486522801.0,-31501730280.0,8023364156.0,7490277072.0,-41.21,35.76,222.69,8.59,43.96,222.82,8.85,40.18,236.72,-61.3,-299.58,16.21,-5.68
025620,차AI헬스케어,CFS,18585789736.0,22335941315.0,26690140764.0,8194404317.0,6418791460.0,19092193609.0,8368375227.0,6805876091.0,19745646519.0,39987078995.0,41581150535.0,60135928509.0,17033838985.0,6246244503.0,14977797071.0,-10186542687.0,-10667657649.0,-14611402282.0,-6797532438.0,-21703261168.0,-39805368541.0,-17.0,20.93,226.81,-52.19,16.37,347.98,-66.19,32.84,139.8,172.71,4.51,-58.3,26.99
025750,한솔홈데코,CFS,112957284034.0,108300636690.0,98188354160.0,122675409508.0,118712647336.0,101751554713.0,172328108326.0,166074493275.0,154814151821.0,139767293045.0,153422027364.0,159847109709.0,300003321949.0,283414199451.0,263249688066.0,-2112327227.0,2714713037.0,8619101420.0,-14271677809.0,-4867558243.0,5460163773.0,-10.21,123.3,92.08,-3.17,108.25,91.23,3.42,96.85,96.5,5.85,-177.81,7.66,-68.5
025820,이구산업,CFS,202939966228.0,223408617533.0,210857272384.0,170926228765.0,193360556650.0,182898861492.0,187965582995.0,209999597611.0,201231109378.0,125926034608.0,127212834534.0,122710315044.0,433373177732.0,429618752228.0,334356731952.0,10213327750.0,13690371011.0,35627429435.0,656314435.0,5720773052.0,21053901722.0,0.52,149.27,118.73,4.5,165.08,115.54,17.16,163.99,115.29,0.87,-25.4,28.49,-61.57
025860,남해화학,CFS,499607199686.0,618408758708.0,503297307117.0,272183416355.0,361477738381.0,232131563158.0,314231857276.0,380906101431.0,247508235172.0,519316742998.0,521990318459.0,471602289697.0,1588078324797.0,2169565870526.0,1451884407283.0,11053225204.0,62590109179.0,20481749724.0,11926977288.0,47307535568.0,21664019600.0,2.3,60.51,183.56,9.06,72.97,171.08,4.59,52.48,216.82,-26.8,-82.34,49.43,205.59
025890,한국주강,CFS,15572790290.0,19844244739.0,19645632265.0,6099786382.0,12787091333.0,20188551676.0,11207425095.0,18273216705.0,22132881731.0,32979507778.0,29772005519.0,28061897838.0,53811233052.0,54371102413.0,,2418860915.0,-517656122.0,,2495090209.0,1721453110.0,,7.57,33.98,255.3,5.78,61.38,155.19,,78.87,97.31,-1.03,567.27,,
026890,스틱인베스트먼트,CFS,97542270185.0,74239561850.0,196383974895.0,27892301762.0,13748659871.0,96454337534.0,32075108163.0,21647182087.0,109757180605.0,252782010635.0,232302156334.0,232235576250.0,93760178861.0,60448538379.0,144442965616.0,,,,27594774707.0,15855720534.0,58095113041.0,10.92,12.69,349.71,6.83,9.32,539.98,25.02,47.26,203.6,55.11,,-58.15,
026940,부국철강,CFS,112140780164.0,109099706598.0,114312782072.0,23628379242.0,27606064056.0,30220871140.0,23636379242.0,27614064056.0,30259504634.0,132459475439.0,126007939849.0,120424538054.0,191434539427.0,209727335869.0,195734222688.0,2416388602.0,5922305967.0,8055575084.0,3624750827.0,7102655812.0,8793809072.0,2.74,17.84,474.6,5.64,21.91,395.2,7.3,25.13,378.26,-8.72,-59.2,7.15,-26.48
026960,동서,CFS,851964860367.0,812498508803.0,780421145328.0,57996437367.0,67707637636.0,58685673847.0,71145079813.0,82302460449.0,133970703050.0,1622874727791.0,1545550258853.0,1448607177260.0,489695541569.0,556486608719.0,535327319245.0,43752486840.0,39175078067.0,38374679515.0,146302302445.0,169611048759.0,115145658677.0,9.02,4.38,1469.0,10.97,5.33,1200.01,7.95,9.25,1329.83,-12.0,11.68,3.95,2.09
027410,BGF,CFS,430684911646.0,422786609370.0,468763642007.0,129891631140.0,71497959445.0,114382730119.0,270623116664.0,201490551514.0,248858644100.0,1900643336457.0,1736523419389.0,1732763395151.0,443173612089.0,434997439995.0,150187760830.0,70546076287.0,61203792653.0,37907480279.0,69136637008.0,26176881012.0,35977028709.0,3.64,14.24,331.57,1.51,11.6,591.33,2.08,14.36,409.82,1.88,15.26,189.64,61.46
027740,마니커,CFS,57695514000.0,67103491502.0,69790935120.0,74177819500.0,88388630337.0,88881601053.0,114478213382.0,125649244999.0,149174029926.0,45895285522.0,48976891916.0,47292991048.0,339611584985.0,320551280994.0,252727006756.0,2214546910.0,-6965206428.0,-13037736353.0,-1770258825.0,655477141.0,-50153043413.0,-3.86,249.43,77.78,1.34,256.55,75.92,-106.05,315.43,78.52,5.95,131.79,26.84,46.58
027970,한국제지,CFS,385962057025.0,374470184500.0,278062228354.0,276378536450.0,253348298255.0,152150110600.0,298373445267.0,259472596932.0,167803699312.0,438476377272.0,411123501614.0,393135780545.0,712027094858.0,684782846018.0,519627683513.0,13502308684.0,21447275961.0,10185505094.0,-66630151891.0,13826414921.0,5631307900.0,-15.2,68.05,139.65,3.36,63.11,147.81,1.43,42.68,182.76,3.98,-37.04,31.78,110.57
028050,삼성E&A,CFS,5965342032534.0,5947655470530.0,4442487368675.0,4216949491567.0,5013013164226.0,3852685466439.0,4503060317148.0,5271682815759.0,4098204678539.0,3298338295974.0,2577040406955.0,1960517718335.0,10624917993595.0,10054344625186.0,7486696121177.0,993128866188.0,702942994188.0,503288807347.0,695607943011.0,595319035026.0,351071466376.0,21.09,136.53,141.46,23.1,204.56,118.64,17.91,209.04,115.31,5.67,41.28,34.3,39.67
028100,동아지질,CFS,284767307429.0,252481084265.0,239627053388.0,157129219078.0,146379277069.0,145027761163.0,162018317271.0,150642232281.0,146434993991.0,228916549467.0,221639122376.0,204393025018.0,344964131490.0,266282780286.0,289482376726.0,7693102948.0,-30570127039.0,4025454250.0,10229915443.0,-22829833590.0,4688851043.0,4.47,70.78,181.23,-10.3,67.97,172.48,2.29,71.64,165.23,29.55,125.17,-8.01,-859.42
028260,삼성물산,CFS,18977560736022.0,20312841472941.0,15144027183146.0,14759071583172.0,16413402987394.0,11675332106480.0,26229919730957.0,27017371086433.0,21892978957027.0,39897109481722.0,31964121380517.0,33352444157439.0,41895681215734.0,43161653399535.0,34455181882704.0,2870173816853.0,2528524413589.0,1195982736408.0,2719106116709.0,2544956968509.0,1829084039967.0,6.82,65.74,128.58,7.96,84.52,123.76,5.48,65.64,129.71,-2.93,13.51,25.27,111.42
02826K,삼성물산우B,,,,,,,,,,,,,,,,,,,,,,,,,,,,,,,,,,,
028670,팬오션,CFS,1757323000000.0,1834200000000.0,1358712000000.0,1294029000000.0,1226756000000.0,1149410000000.0,3140595000000.0,3056338000000.0,2891942000000.0,4713351000000.0,4492604000000.0,3596837000000.0,4360982000000.0,6420312000000.0,4616107000000.0,385854000000.0,789618000000.0,572946000000.0,245041000000.0,677081000000.0,549305000000.0,5.2,66.63,135.8,15.07,68.03,149.52,15.27,80.4,118.21,-32.08,-51.13,39.08,37.82
029460,케이씨,CFS,444429970126.0,459173328490.0,402504994206.0,136179561941.0,161319108918.0,115256085945.0,197391479176.0,213860828781.0,217210673927.0,864919790892.0,790763082874.0,747304957091.0,727022218779.0,857973655257.0,553763394521.0,66380698421.0,101194811532.0,65483256978.0,61447751633.0,118814975004.0,63756141514.0,7.1,22.82,326.36,15.03,27.04,284.64,8.53,29.07,349.23,-15.26,-34.4,54.94,54.54
029530,신도리코,CFS,903271178469.0,759235989185.0,875018622847.0,71806841263.0,66999917446.0,64940728224.0,87555410343.0,84787666360.0,73933347993.0,991227588174.0,953705781160.0,948667894840.0,395823115252.0,378186827805.0,321884369044.0,25334080155.0,-2209596552.0,4323466550.0,54984228871.0,45016566294.0,95437496353.0,5.55,8.83,1257.92,4.72,8.89,1133.19,10.06,7.79,1347.41,4.66,1246.55,17.49,-151.11
029780,삼성카드,CFS,,,,,,,20670643151573.0,21733666278870.0,19630914159653.0,8135890561802.0,7889526594331.0,7513272842370.0,4004222629932.0,3794571861592.0,3588051810386.0,,,,609438704418.0,622254073534.0,551057339253.0,7.49,254.07,,7.89,275.47,,7.33,261.28,,5.53,,5.76,
030000,제일기획,CFS,2372420112567.0,2193979019964.0,2018598231188.0,1375033434074.0,1335642465029.0,1224222284836.0,1591740851472.0,1530015562245.0,1414844027198.0,1297763755819.0,1221429565834.0,1127267387165.0,4138274796031.0,4253367260000.0,3325712307524.0,307522766415.0,311412761580.0,248179540772.0,190121613120.0,195834422990.0,167599145195.0,14.65,122.65,172.54,16.03,125.26,164.26,14.87,125.51,164.89,-2.71,-1.25,27.89,25.48
030190,NICE평가정보,CFS,239633515609.0,243660114663.0,238046495848.0,108182596843.0,122789700288.0,118482018184.0,124109919550.0,139446697557.0,132725163672.0,369599775662.0,341644764563.0,301544866142.0,485713636119.0,479868591387.0,484797305616.0,65329237352.0,71616495095.0,72604608652.0,56046652275.0,52697598208.0,54679028163.0,15.16,33.58,221.51,15.42,40.82,198.44,18.13,44.02,200.91,1.22,-8.78,-1.02,-1.36
030200,KT,CFS,14518157000000.0,12681532000000.0,11858350000000.0,13147409000000.0,10699268000000.0,10072432000000.0,24148845000000.0,22565958000000.0,20592180000000.0,18561137000000.0,18414723000000.0,16567161000000.0,26376273000000.0,25650011000000.0,24898005000000.0,1649774000000.0,1690088000000.0,1671824000000.0,988718000000.0,1387663000000.0,1459395000000.0,5.33,130.1,110.43,7.54,122.54,118.53,8.81,124.3,117.73,2.83,-2.39,3.02,1.09
030210,다올투자증권,CFS,,,,,,,8381319281247.0,8517287853460.0,8261480967609.0,830518070916.0,986415922987.0,967675656920.0,1508370888138.0,1841963668280.0,762022814736.0,-62004542741.0,106957340322.0,147624337165.0,-11367972142.0,93785712822.0,176109480069.0,-1.37,1009.17,,9.51,863.46,,18.2,853.74,,-18.11,-157.97,141.72,-27.55
030610,교보증권,CFS,,,,,,,13716088524500.0,11855462300592.0,10088893748825.0,1877274491579.0,1561798196609.0,1394930745127.0,3743018931529.0,4065850269135.0,2248077231990.0,,,,67558376656.0,43289135655.0,143342589188.0,3.6,730.64,,2.77,759.09,,10.28,723.25,,-7.94,,80.86,
030720,동원수산,CFS,82618064329.0,89214425106.0,66792448049.0,45422742379.0,31715608035.0,32269531731.0,71959495193.0,59216320085.0,43921847293.0,42652370459.0,62573282299.0,57020153926.0,141944902184.0,177038840956.0,144619089023.0,-19400162561.0,5800643290.0,6227066287.0,-17676748226.0,6065991650.0,7350567816.0,-41.44,168.71,181.89,9.69,94.64,281.3,12.89,77.03,206.98,-19.82,-434.45,22.42,-6.85
031210,서울보증보험,,,,,,,,,,,,,,,,,,,,,,,,,,,,,,,,,,,
031430,신세계인터내셔날,CFS,598157171614.0,547064855331.0,459823817817.0,326150643864.0,282263660680.0,203805218571.0,472354835583.0,445005786973.0,439493173788.0,851714749864.0,833676027661.0,719634404597.0,1354327166187.0,1553877316519.0,1450778572821.0,48733428811.0,115270511523.0,91971396487.0,39649249111.0,118792238428.0,82629049731.0,4.66,55.46,183.4,14.25,53.38,193.81,11.48,61.07,225.62,-12.84,-57.72,7.11,25.33
031440,신세계푸드,CFS,323742700333.0,337903939358.0,271780642442.0,392859723868.0,317890250765.0,177126013103.0,585580594481.0,611858315900.0,594650867030.0,289890812200.0,292068924157.0,284817106949.0,1488920671051.0,1411305169297.0,1329251660897.0,26424244975.0,20577349768.0,29951558474.0,10644913318.0,-5384404410.0,2417064385.0,3.67,202.0,82.41,-1.84,209.49,106.3,0.85,208.78,153.44,5.5,28.41,6.17,-31.3
031820,아이티센씨티에스,CFS,418131406029.0,419799819638.0,239972076816.0,309149668894.0,331092502383.0,157255200414.0,318405022078.0,358528267719.0,181589153398.0,206973162820.0,199881163831.0,167551016608.0,892572862927.0,709847221879.0,382500070059.0,15528861337.0,15878066941.0,17298658675.0,3315283911.0,33531899250.0,4655797485.0,1.6,153.84,135.25,16.78,179.37,126.79,2.78,108.38,152.6,25.74,-2.2,85.58,-8.21
032350,롯데관광개발,CFS,80886866125.0,61153935710.0,91479671292.0,1208746928929.0,1027340540479.0,240448304997.0,1698551480420.0,1571088484599.0,1249736890563.0,65559575853.0,231688109604.0,52687666051.0,313548275382.0,183670906051.0,107071758778.0,-60605788472.0,-118719752733.0,-131250266093.0,-202330590203.0,-224708158495.0,-200695718343.0,-308.62,2590.85,6.69,-96.99,678.1,5.95,-380.92,2371.97,38.05,70.71,48.95,71.54,9.55
032560,황금에스티,CFS,281840925396.0,253333399264.0,205194498557.0,100511117327.0,91455725058.0,71426026629.0,112667876114.0,108492130789.0,99055555212.0,400859399992.0,373420501177.0,332512814507.0,355142901174.0,333445663904.0,270982293281.0,29280143234.0,46505927767.0,41155778151.0,29757396830.0,46246868355.0,32952260724.0,7.42,28.11,280.41,12.38,29.05,277.0,9.91,29.79,287.28,6.51,-37.04,23.05,13.0
032640,LG유플러스,CFS,4964158000000.0,5043422000000.0,5164421000000.0,5606861000000.0,4817824000000.0,5073659000000.0,11343820000000.0,11325133000000.0,11411957000000.0,8756785000000.0,8449667000000.0,7958558000000.0,14372626000000.0,13905990000000.0,13851135000000.0,998031000000.0,1081260000000.0,979014000000.0,630241000000.0,662588000000.0,724218000000.0,7.2,129.54,88.54,7.84,134.03,104.68,9.1,143.39,101.79,3.36,-7.7,0.4,10.44
032830,삼성생명,CFS,,,,,,,270317609000000.0,254672143000000.0,301757207000000.0,44337441000000.0,41562020000000.0,39625367000000.0,,,,,,,2033709000000.0,2307597000000.0,1597702000000.0,4.59,609.68,,5.55,612.75,,4.03,761.53,,,,,
033240,자화전자,CFS,299755908312.0,198960153675.0,224326582605.0,220299313077.0,134643572358.0,137209514254.0,312897493410.0,162630931615.0,139199344515.0,379749977555.0,343157742424.0,298744498615.0,503330314586.0,292333491221.0,347854510870.0,-16355712201.0,-11740371040.0,16315874373.0,-24425683991.0,-38182504010.0,21531719998.0,-6.43,82.4,136.07,-11.13,47.39,147.77,7.21,46.59,163.49,72.18,-39.31,-15.96,-171.96
033250,체시스,CFS,35335963904.0,27529747404.0,20807672213.0,44712407312.0,40703547946.0,35400933976.0,57325992061.0,53298856790.0,47279163828.0,33242089295.0,30959620229.0,28636024773.0,49004497323.0,60534305387.0,32817107181.0,4565520723.0,2787313703.0,-7470398830.0,3296767413.0,-386139929.0,-4694341230.0,9.92,172.45,79.03,-1.25,172.16,67.63,-16.39,165.1,58.78,-19.05,63.8,84.46,137.31
033270,유나이티드제약,CFS,244734766499.0,224392334130.0,204357480230.0,72594576057.0,65880250247.0,60854571269.0,90179373467.0,80034380202.0,79323819798.0,378681044247.0,337856486362.0,300708931663.0,278943296812.0,262522022556.0,221039962913.0,54949693219.0,48213162470.0,33225316258.0,48261713568.0,45275093914.0,28648749061.0,12.74,23.81,337.13,13.4,23.69,340.61,9.53,26.38,335.81,6.26,13.97,18.77,45.11
033530,SJG세종,CFS,736035926538.0,750348258794.0,721446048015.0,635938262527.0,657081455660.0,687864936653.0,739910935731.0,748025818053.0,777174141277.0,411894487983.0,401401499584.0,402925913219.0,1792324075283.0,1858324298948.0,1548249404788.0,51864002447.0,32644276270.0,-2733378251.0,4338222081.0,195988943.0,-10771840981.0,1.05,179.64,115.74,0.05,186.35,114.19,-2.67,192.88,104.88,-3.55,58.88,20.03,1294.28
033780,KT&G,CFS,6418374000000.0,6509585000000.0,6255861000000.0,2672414000000.0,2527315000000.0,2063946000000.0,3477517000000.0,2943136000000.0,2428409000000.0,9294935000000.0,9358580000000.0,9208862000000.0,5862608000000.0,5851406000000.0,5228352000000.0,1167336000000.0,1267650000000.0,1338383000000.0,922361000000.0,1005327000000.0,971759000000.0,9.92,37.41,240.17,10.74,31.45,257.57,10.55,26.37,303.1,0.19,-7.91,11.92,-5.28
033920,무학,CFS,382745564993.0,63733624424.0,56000060302.0,91702465315.0,120757233358.0,143611277094.0,99689196854.0,125178899253.0,148103724720.0,539638320504.0,480560895761.0,498540425058.0,146573700822.0,152832444811.0,126928339596.0,16162941974.0,15643137742.0,-890929326.0,65425861817.0,-13202293134.0,-16036159365.0,12.12,18.47,417.38,-2.75,26.05,52.78,-3.22,29.71,38.99,-4.1,3.32,20.41,1855.82
034020,두산에너빌리티,CFS,9641568243182.0,8098893728490.0,8417624107978.0,9596749583047.0,8059455534052.0,10125765540983.0,13799325009099.0,12969491516052.0,14912949983920.0,10841508936525.0,10080290283869.0,8807595644721.0,17589887709510.0,15421058082388.0,10990890215857.0,1467318338124.0,1106120868237.0,869363498681.0,517521903042.0,-453149865549.0,645821146630.0,4.77,127.28,100.47,-4.5,128.66,100.49,7.33,169.32,83.13,14.06,32.65,40.31,27.23
034120,SBS,CFS,733255899285.0,782158059298.0,912734274680.0,362806159254.0,306018024781.0,515466363627.0,465277013396.0,534612151995.0,740552349472.0,881121438236.0,873276544665.0,721597358678.0,996763613264.0,1173781580894.0,1049034569606.0,58323294148.0,185603490383.0,172342279338.0,47215006482.0,156555165794.0,144824284917.0,5.36,52.81,202.11,17.93,61.22,255.59,20.07,102.63,177.07,-15.08,-68.58,11.89,7.69
034220,LG디스플레이,CFS,9503186000000.0,9444035000000.0,13187067000000.0,13885028000000.0,13961520000000.0,13994817000000.0,26988754000000.0,24366792000000.0,23392014000000.0,8770544000000.0,11319227000000.0,14762501000000.0,21330819000000.0,26151781000000.0,29878043000000.0,-2510164000000.0,-2085047000000.0,2230608000000.0,-2576729000000.0,-3195585000000.0,1333544000000.0,-29.38,307.72,68.44,-28.23,215.27,67.64,9.03,158.46,94.23,-18.43,-20.39,-12.47,-193.47
034230,파라다이스,CFS,862802346434.0,694517541841.0,698166528275.0,690669675163.0,1174093555790.0,483277821862.0,1832814279870.0,1826356918264.0,1957355763818.0,1785465087170.0,1685166887328.0,1514440486471.0,994199113643.0,587637410933.0,414466172837.0,145770072264.0,10412544286.0,-55245896594.0,80184040634.0,15811360776.0,-78564040253.0,4.49,102.65,124.92,0.94,108.38,59.15,-5.19,129.25,144.46,69.19,1299.95,41.78,118.85
034310,NICE,CFS,1985262707130.0,1846042760069.0,1697126345494.0,1945000586450.0,1828895173416.0,1510661817196.0,2166601589788.0,2058288743565.0,1763338211906.0,1317521695764.0,1320274777657.0,1320444968182.0,,,,96985264990.0,145242618665.0,144268811828.0,19000281399.0,69015234806.0,101055237965.0,1.44,164.45,102.07,5.23,155.9,100.94,7.65,133.54,112.34,,-33.23,,0.67
034590,인천도시가스,CFS,240002539394.0,226533818331.0,166400113773.0,141510961758.0,139427669743.0,87248151011.0,232331240753.0,223143901928.0,169182626916.0,211556300156.0,199999679858.0,191398011135.0,781337052475.0,728489447710.0,504206280651.0,16517707857.0,8050415265.0,3200366473.0,17521308130.0,12184262611.0,3713334737.0,8.28,109.82,169.6,6.09,111.57,162.47,1.94,88.39,190.72,7.25,105.18,44.48,151.55
034730,SK,CFS,64834622000000.0,64993579000000.0,49193206000000.0,65353291000000.0,63053204000000.0,44974859000000.0,129091214000000.0,122697070000000.0,99815712000000.0,77879050000000.0,71808790000000.0,65552651000000.0,131237878000000.0,132079354000000.0,95627973000000.0,5056378000000.0,8161266000000.0,4798897000000.0,-406387000000.0,3966176000000.0,5705926000000.0,-0.52,165.76,99.21,5.52,170.87,103.08,8.7,152.27,109.38,-0.64,-38.04,38.12,70.07
03473K,SK우,,,,,,,,,,,,,,,,,,,,,,,,,,,,,,,,,,,
034830,한국토지신탁,CFS,,,,,,,879258531337.0,693138220332.0,696633185465.0,1007337934748.0,1024932435292.0,1024815585823.0,270086082704.0,212858233033.0,225501021176.0,,,,-7659608662.0,24325037981.0,139995020801.0,-0.76,87.29,,2.37,67.63,,13.66,67.98,,26.89,,-5.61,
035000,HS애드,CFS,503633999547.0,491665825070.0,516153743925.0,356621721068.0,360596175808.0,394267159963.0,364992855173.0,368225319769.0,403733028471.0,182779848030.0,173925226334.0,157851282280.0,548333999026.0,530448053625.0,458497770493.0,26444087237.0,24787300894.0,22247918898.0,16201244480.0,18132846505.0,17049611154.0,8.86,199.69,141.22,10.43,211.71,136.35,10.8,255.77,130.91,3.37,6.68,15.69,11.41
035150,백산,CFS,208786779543.0,205877238959.0,209784107879.0,129189377903.0,145371470786.0,148198101027.0,143460405254.0,158716154786.0,183147956688.0,208460061713.0,180157317108.0,147014616544.0,417721809967.0,475895240622.0,371076932571.0,53146153914.0,50295977243.0,23245153400.0,40522031132.0,44891846143.0,19134154250.0,19.44,68.82,161.61,24.92,88.1,141.62,13.02,124.58,141.56,-12.22,5.67,28.25,116.37
035250,강원랜드,CFS,1391068809421.0,1328836088014.0,1657033996511.0,701132109319.0,687658757348.0,506759505483.0,770755021966.0,752374769957.0,574480852474.0,3677900816262.0,3415377900739.0,3252792611203.0,1388572378274.0,1270685819109.0,788432829925.0,282263014860.0,217565214200.0,-52695285784.0,340880761170.0,115612767888.0,-10582086270.0,9.27,20.96,198.4,3.39,22.03,193.24,-0.33,17.66,326.99,9.28,29.74,61.17,512.87
035420,NAVER,CFS,7028076457880.0,6439570710743.0,5527878425552.0,6305568632198.0,5480633710849.0,3923319146652.0,11499828148842.0,10448720408685.0,9663630407765.0,24237998815553.0,23450322480451.0,24027376349275.0,9670643576585.0,8220078708810.0,6817599707250.0,1488820269608.0,1304664410543.0,1325478171117.0,985017762493.0,673180300087.0,16477625559645.0,4.06,47.45,111.46,2.87,44.56,117.5,68.58,40.22,140.9,17.65,14.12,20.57,-1.57
035510,신세계 I&C,CFS,249562054118.0,280868425865.0,178685998900.0,87649039518.0,110098377297.0,69795784963.0,94320451732.0,118998739571.0,77831503244.0,382241045872.0,363935340150.0,276303438900.0,618922936014.0,596870394817.0,526089047774.0,39957882041.0,37528514949.0,35527094479.0,30441378559.0,84057402201.0,39007331343.0,7.96,24.68,284.73,23.1,32.7,255.11,14.12,28.17,256.01,3.69,6.47,13.45,5.63
035720,카카오,CFS,8943259940386.0,7755732886687.0,8102194310997.0,6766752561041.0,5210218944086.0,5657183444239.0,11321369715195.0,9447826639446.0,9216225462911.0,13858599224126.0,13515717384943.0,13568333645679.0,7557001757272.0,6798741511168.0,5910512880994.0,460857845673.0,569390445168.0,587884339202.0,-1816669011014.0,1067029037423.0,1640484195406.0,-13.11,81.69,132.16,7.89,69.9,148.86,12.09,67.92,143.22,11.15,-19.06,15.03,-3.15
036420,콘텐트리중앙,CFS,535764015991.0,659695014090.0,701128063181.0,1149281259397.0,1162321109657.0,642489759881.0,1942938338789.0,1939086869129.0,1593305427976.0,510116684156.0,649047098913.0,652334574719.0,993035799342.0,852050847599.0,677129957301.0,-68126882657.0,-71591321151.0,-57365948945.0,-171340065923.0,-76856760275.0,-49813264038.0,-33.59,380.88,46.62,-11.84,298.76,56.76,-7.64,244.25,109.13,16.55,4.84,25.83,-24.8
036460,한국가스공사,CFS,17430305322308.0,25091557359989.0,13147738252924.0,22566372249208.0,30634566494162.0,14021662940411.0,47428628235286.0,52014242784013.0,34550566518376.0,9826038102998.0,10410740312040.0,9119335805807.0,44555995015027.0,51724286632369.0,27520756430324.0,1553418857598.0,2463421952045.0,1239699333407.0,-747428633334.0,1497008012582.0,964522139121.0,-7.61,482.68,77.24,14.38,499.62,81.91,10.58,378.87,93.77,-13.86,-36.94,87.95,98.71
036530,SNT홀딩스,CFS,1649128703465.0,1504308243134.0,1327473208682.0,554654826557.0,562176526997.0,412516268841.0,748975380687.0,742131375499.0,592194060024.0,1952822453624.0,1816295611122.0,1780130380108.0,1895715059417.0,1629520924776.0,1404072098504.0,178996899903.0,144692982304.0,125567101979.0,164296062870.0,115574755703.0,151814611728.0,8.41,38.35,297.33,6.36,40.86,267.59,8.53,33.27,321.8,16.34,23.71,16.06,15.23
036570,NC,CFS,2336838507769.0,2691079974940.0,2452606472801.0,614287467808.0,515348529125.0,663360709369.0,1140771883353.0,1239083608249.0,1430662643098.0,3253028540550.0,3198548842532.0,3151226726374.0,1779832977766.0,2571792281800.0,2308817408865.0,137283512800.0,559006120606.0,375213171049.0,213914315973.0,435990309263.0,395734616139.0,6.58,35.07,380.41,13.63,38.74,522.19,12.56,45.4,369.72,-30.79,-75.44,11.39,48.98
036580,팜스코,CFS,649782213272.0,706573722222.0,613831112881.0,843260668983.0,864151912360.0,760627106150.0,878222193994.0,945322533351.0,793651852409.0,241007317785.0,277851696975.0,313958719045.0,1854547688808.0,1901506809713.0,1536856092415.0,31480472700.0,18799101788.0,36128221585.0,-33998532120.0,-34318064159.0,2130933606.0,-14.11,364.4,77.06,-12.35,340.23,81.76,0.68,252.79,80.7,-2.47,67.46,23.73,-47.97
037270,YG PLUS,CFS,151082012591.0,108897310775.0,106871975651.0,51317677328.0,53040646699.0,53384411046.0,58633550811.0,81946724778.0,77400987947.0,166900530960.0,159425169127.0,145716841789.0,223637117243.0,140221115585.0,120307935473.0,21247899838.0,10336906899.0,22018188672.0,22274990552.0,16692367320.0,22615862996.0,13.35,35.13,294.41,10.47,51.4,205.31,15.52,53.12,200.19,59.49,105.55,16.55,-53.05
037560,LG헬로비전,CFS,411275026174.0,468027206666.0,435297351594.0,372344340884.0,449526730717.0,268234438271.0,754107897938.0,802491626000.0,835732530156.0,,,,1190257448844.0,1167867997994.0,1080132280928.0,47352193560.0,53800859859.0,44492025603.0,-45352667210.0,-26024593275.0,26921862454.0,,,110.46,,,104.12,,,162.28,1.92,-11.99,8.12,20.92
037710,광주신세계,CFS,270436599099.0,251369526602.0,213501405755.0,87085808040.0,94771779386.0,91177933884.0,115259720687.0,123544314603.0,106474734847.0,819213142885.0,789909736438.0,745805464629.0,179586817869.0,184873955252.0,169971621252.0,54901376689.0,65584851127.0,60594383832.0,48259151041.0,56946614950.0,52393410923.0,5.89,14.07,310.54,7.21,15.64,265.24,7.03,14.28,234.16,-2.86,-16.29,8.77,8.24
039130,하나투어,CFS,446957657864.0,270540219474.0,166208050303.0,370078106352.0,232758647249.0,172522848891.0,485292298418.0,355727792522.0,372839457346.0,159304079247.0,99701647938.0,57756127375.0,411611609463.0,114969462998.0,40258281909.0,34047986427.0,-101184086176.0,-127293510463.0,59056762065.0,-64572425272.0,-70446259772.0,37.07,304.63,120.77,-64.77,356.79,116.23,-121.97,645.54,96.34,258.02,133.65,185.58,20.51
039490,키움증권,CFS,,,,,,,47142321220678.0,43444207177999.0,40999237946334.0,4904099124221.0,4593093934930.0,4301862730056.0,9544799999478.0,8942353665382.0,5866189220774.0,,,,440737008036.0,508170326221.0,910172830315.0,8.99,961.28,,11.06,945.86,,21.16,953.06,,6.74,,52.44,
039570,HDC랩스,CFS,301271355046.0,283879539514.0,319516460692.0,113187483781.0,106496163827.0,131703284598.0,124811384857.0,122062666858.0,145584905941.0,258521102495.0,260516725005.0,265806767153.0,606281889297.0,610731077048.0,274579528254.0,10513214237.0,12308450303.0,9666853635.0,13163298384.0,12430810524.0,9090959987.0,5.09,48.28,266.17,4.77,46.85,266.56,3.42,54.77,242.6,-0.73,-14.59,122.42,27.33
041650,상신브레이크,CFS,356063373475.0,330261007139.0,296902204586.0,320654729061.0,304792526146.0,263004783413.0,353038164661.0,346980656861.0,305186257724.0,211835213847.0,197589029086.0,188454863923.0,575491184783.0,489014822462.0,397023068047.0,27544460360.0,14080989932.0,12201673255.0,14174122306.0,864464591.0,10375223860.0,6.69,166.66,111.04,0.44,175.61,108.36,5.51,161.94,112.89,17.68,95.61,23.17,15.4
042660,한화오션,CFS,9217523943523.0,7822464527787.0,6481079243776.0,7459444078866.0,10672486378148.0,7464467860107.0,9632615571697.0,11490693372918.0,8405626102183.0,4312157120697.0,744971931958.0,2217583452890.0,7408312265643.0,4860150249534.0,4486585681366.0,-196498300366.0,-1613564533698.0,-1754651375507.0,160043854483.0,-1744778447657.0,-1699829429734.0,3.71,223.38,123.57,-234.21,1542.43,73.3,-76.65,379.04,86.83,52.43,87.82,8.33,8.04
042700,한미반도체,CFS,319391328603.0,266177446666.0,249783839880.0,105009650585.0,63044830709.0,80692131621.0,151940478614.0,65336210199.0,82473641150.0,571898625127.0,390096755786.0,346812042277.0,159008528366.0,327592058714.0,373169401913.0,34571410992.0,111859422080.0,122419465500.0,267167515858.0,92259257411.0,104438304265.0,46.72,26.57,304.15,23.65,16.75,422.2,30.11,23.78,309.55,-51.46,-69.09,-12.21,-8.63
044380,주연테크,CFS,36200581776.0,38474690494.0,47834154510.0,8182618139.0,6348479239.0,8367842297.0,8902969737.0,11699001969.0,14445524837.0,37010582594.0,41543323324.0,45268874108.0,43504587021.0,66667583595.0,88248282788.0,-4656483408.0,-6294304449.0,-542222576.0,-4445088459.0,-5645554434.0,3115174580.0,-12.01,24.06,442.41,-13.59,28.16,606.05,6.88,31.91,571.64,-34.74,26.02,-24.45,-1060.83
044450,KSS해운,CFS,133698807421.0,82531563889.0,68132507059.0,335931028343.0,378619659875.0,381598280320.0,1235554637243.0,1252892414726.0,1103404278356.0,420480242387.0,406280228275.0,342824644410.0,472602859921.0,445375789707.0,324001266815.0,88361347360.0,69511091603.0,58089120996.0,17041880092.0,45470527172.0,56071252425.0,4.05,293.84,39.8,11.19,308.38,21.8,16.36,321.86,17.85,6.11,27.12,37.46,19.66
044820,코스맥스비티아이,CFS,286997361555.0,300281651101.0,273991519801.0,560492075345.0,448910529344.0,422845123025.0,625876969916.0,610374632435.0,612768102873.0,252396259259.0,325762025027.0,341896511586.0,628597019226.0,617403775029.0,575998201641.0,20249350496.0,3400294229.0,11921606212.0,2487403702.0,-20235925074.0,4343190417.0,0.99,247.97,51.2,-6.21,187.37,66.89,1.27,179.23,64.8,1.81,495.52,7.19,-71.48
047040,대우건설,CFS,8021073414250.0,8028170447651.0,7148890216687.0,5033466227714.0,5406234804776.0,5048964447362.0,7181221069270.0,7415736590714.0,7241599093010.0,4061915414137.0,3724617161496.0,3216377897581.0,11647800864690.0,10419213132139.0,8685207679669.0,662517552616.0,760006514642.0,738313485108.0,521479149761.0,508010238954.0,484926502045.0,12.84,176.79,159.35,13.64,199.1,148.5,15.08,225.15,141.59,11.79,-12.83,19.97,2.94
047050,포스코인터내셔널,CFS,8077259886000.0,7319472229000.0,7155183542000.0,6275479255000.0,5487439570000.0,5669339170000.0,9992986028000.0,8118209853000.0,7258594219000.0,6624761980000.0,4398127078000.0,3512139928000.0,33132821374000.0,37989588330000.0,33948864785000.0,1163112035000.0,902507009000.0,585385807000.0,680419303000.0,604912380000.0,356487962000.0,10.27,150.84,128.71,13.75,184.58,133.39,10.15,206.67,126.21,-12.78,28.88,11.9,54.17
047400,유니온머티리얼,CFS,92467028124.0,95876805140.0,87198120370.0,101159167798.0,89226091587.0,66729129553.0,123358030616.0,120343646929.0,102788774092.0,63730656159.0,83821137932.0,83880737291.0,116470234149.0,126146837365.0,118261478442.0,-4667933911.0,848339698.0,-848992713.0,-18050286189.0,-214987091.0,543550735.0,-28.32,193.56,91.41,-0.26,143.57,107.45,0.65,122.54,130.67,-7.67,-650.24,6.67,199.92
047810,한국항공우주,CFS,4680966964634.0,5389183373767.0,3680987114670.0,4400307820313.0,5055361234345.0,2800069609107.0,5519636411444.0,6319189867558.0,4557779985276.0,1619940517277.0,1453216825866.0,1297444007438.0,3819344382446.0,2786888282702.0,2562283675152.0,247510483155.0,141617667318.0,58259436460.0,221401119895.0,115919395720.0,53272528569.0,13.67,340.73,106.38,7.98,434.84,106.6,4.11,351.29,131.46,37.05,74.77,8.77,143.08
049800,우진플라임,CFS,148346494709.0,135404813492.0,126568534809.0,163788645393.0,152258099045.0,160839069206.0,211957808783.0,182460324751.0,194240950584.0,106427030469.0,102784723696.0,82119740562.0,212126264262.0,254578736012.0,233989445051.0,9058740983.0,22612660782.0,16624863041.0,6051097209.0,21850156524.0,22511894621.0,5.69,199.16,90.57,21.26,177.52,88.93,27.41,236.53,78.69,-16.68,-59.94,8.8,36.02
051600,한전KPS,CFS,968483212478.0,868119118284.0,800114355860.0,318863253177.0,317589686960.0,267718458388.0,324737142894.0,346288975190.0,314925081583.0,1272596407940.0,1215733220155.0,1111995040464.0,1533850791494.0,1429074836456.0,1380553428993.0,199376381248.0,130553250828.0,123989281498.0,162677361139.0,100181910047.0,98680314610.0,12.78,25.52,303.73,8.24,28.48,273.35,8.87,28.32,298.86,7.33,52.72,3.51,5.29
051630,진양화학,CFS,5860676981.0,11971607685.0,8762062615.0,6627097689.0,6509318619.0,5124754825.0,17339845335.0,9828095608.0,8263265615.0,32568375456.0,34741191688.0,25391798467.0,28281407525.0,29090013873.0,34785240802.0,-2147215622.0,-1055629006.0,-3856327930.0,-2170695288.0,-1112807736.0,-2212662718.0,-6.67,53.24,88.44,-3.2,28.29,183.91,-8.71,32.54,170.98,-2.78,-103.41,-16.37,72.63
051900,LG생활건강,CFS,2429583603574.0,2284388637755.0,2472884295774.0,1089658847771.0,1162757522705.0,1525844759254.0,1671359345925.0,1834093663954.0,2057406606361.0,5548926465800.0,5468835988249.0,5497832811356.0,6804839370129.0,7185759184335.0,8091511297961.0,486981224742.0,711122934369.0,1289630423605.0,163524219980.0,258340046881.0,861127851880.0,2.95,30.12,222.97,4.72,33.54,196.46,15.66,37.42,162.07,-5.3,-31.52,-11.19,-44.86
051905,LG생활건강우,,,,,,,,,,,,,,,,,,,,,,,,,,,,,,,,,,,
051910,LG화학,CFS,28859296000000.0,29674369000000.0,20413820000000.0,18390839000000.0,16459563000000.0,15062096000000.0,36528509000000.0,30492696000000.0,27925314000000.0,40938185000000.0,37481127000000.0,23209988000000.0,55249785000000.0,50983251000000.0,41786573000000.0,2529196000000.0,2979354000000.0,4983592000000.0,2053425000000.0,2195518000000.0,3953904000000.0,5.02,89.23,156.92,5.86,81.35,180.29,17.04,120.32,135.53,8.37,-15.11,22.01,-40.22
051915,LG화학우,,,,,,,,,,,,,,,,,,,,,,,,,,,,,,,,,,,
052690,한전기술,CFS,452060499184.0,376375665242.0,256440278104.0,250186492890.0,244766413418.0,183566381261.0,307700361065.0,273089488378.0,192058364105.0,547308411738.0,543413813300.0,513450926881.0,545091772616.0,505290773062.0,,28562398334.0,13940025562.0,,32654447903.0,17953974302.0,,5.97,56.22,180.69,3.3,50.25,153.77,,37.41,139.7,7.88,104.89,,
053210,스카이라이프,CFS,424998754085.0,406459413604.0,408484114803.0,353797650886.0,274731028041.0,249676241577.0,478564857967.0,503764190486.0,469693812741.0,737132733094.0,857534120935.0,805951031434.0,,,,14067496354.0,63195741120.0,73018655032.0,-113745084092.0,23085655455.0,62308920273.0,-15.43,64.92,120.12,2.69,58.75,147.95,7.73,58.28,163.61,,-77.74,,-13.45
053690,한미글로벌,CFS,219266361301.0,200297138533.0,137523406868.0,108140102142.0,133279908060.0,101584298554.0,196050464261.0,178412243082.0,141130569432.0,202820591121.0,194647416439.0,144123771823.0,412914975164.0,374414323849.0,270091694797.0,29630959031.0,30651133401.0,19637903345.0,16670160431.0,26923928291.0,16010649906.0,8.22,96.66,202.76,13.83,91.66,150.28,11.11,97.92,135.38,10.28,-3.33,38.62,56.08
055490,테이팩스,CFS,65834239121.0,85225877638.0,74930070770.0,40337061859.0,24887249293.0,25968058565.0,47191194203.0,49617919916.0,49504455644.0,152690727628.0,147966941115.0,131309276423.0,145840123985.0,182261020089.0,154922980346.0,6620536446.0,25451378469.0,21254329685.0,8104139246.0,18933072271.0,18911148514.0,5.31,30.91,163.21,12.8,33.53,342.45,14.4,37.7,288.55,-19.98,-73.99,17.65,19.75
055550,신한지주,CFS,,,,,,,635473468000000.0,611009672000000.0,598613763000000.0,56321865000000.0,53423558000000.0,49538422000000.0,,,,,,,4478000000000.0,4755514000000.0,4112628000000.0,7.95,1128.29,,8.9,1143.71,,8.3,1208.38,,,,,
057050,현대홈쇼핑,CFS,1785482841455.0,1080428355527.0,975251702825.0,721683966014.0,676314151644.0,544321564365.0,850516397114.0,823288672056.0,717965791564.0,2582010751692.0,1958739320129.0,1882372484302.0,2064457266714.0,2101667569062.0,2095383848823.0,59952400171.0,110640961829.0,140099443516.0,136205234371.0,86322217345.0,101664964613.0,5.28,32.94,247.41,4.41,42.03,159.75,5.4,38.14,179.17,-1.77,-45.81,0.3,-21.03
058430,포스코스틸리온,CFS,387938310738.0,400134840380.0,432270693552.0,188619374551.0,208843889887.0,261448562457.0,192037001542.0,211361071261.0,264010907338.0,360149387575.0,343181072027.0,322422016004.0,1158539579689.0,1202120738755.0,1347273538725.0,30632298770.0,38220208854.0,143278889763.0,25201798677.0,22929664936.0,98669623199.0,7.0,53.32,205.67,6.68,61.59,191.6,30.6,81.88,165.34,-3.63,-19.85,-10.77,-73.32
058650,세아홀딩스,CFS,2722209359882.0,2869204337962.0,2824596943409.0,1646971797733.0,1800640369039.0,1737456748701.0,2681649312707.0,2915366415560.0,2674980508978.0,3107732925975.0,3004592489669.0,2862793789675.0,6419203603021.0,6745801494898.0,6005522183889.0,200772104770.0,196126337931.0,308204380275.0,131836418211.0,156073095388.0,133614656404.0,4.24,86.29,165.29,5.19,97.03,159.34,4.67,93.44,162.57,-4.84,2.37,12.33,-36.36
058730,다스코,CFS,201852697062.0,222628996150.0,158819418265.0,136257253955.0,137121632100.0,122587056901.0,165929193769.0,202891749126.0,173177982800.0,154105447193.0,143225920106.0,125349316945.0,378093139375.0,378481455313.0,363600169196.0,22478733426.0,11548783311.0,4312963481.0,14380542630.0,2234938200.0,-599608227.0,9.33,107.67,148.14,1.56,141.66,162.36,-0.48,138.16,129.56,-0.1,94.64,4.09,167.77
058850,KTcs,CFS,304508552140.0,291063634901.0,302953273394.0,187621150645.0,183249589773.0,189641476865.0,234849614972.0,224569291252.0,234171975254.0,200050480482.0,191576789148.0,182578397106.0,1035365640322.0,1029466970045.0,965721215198.0,18723573550.0,24326774606.0,21037346745.0,15803825827.0,18102989741.0,19034234222.0,7.9,117.4,162.3,9.45,117.22,158.83,10.43,128.26,159.75,0.57,-23.03,6.6,15.64
058860,KTis,CFS,111313130675.0,102120905227.0,124420074786.0,116270864133.0,103697864970.0,103927321508.0,243518966071.0,199203706481.0,177618511970.0,204090155976.0,197004362809.0,191742293580.0,592959670727.0,535783305933.0,468004263986.0,20525095481.0,19544619038.0,14405202066.0,13921786392.0,15916623698.0,24944162467.0,6.82,119.32,95.74,8.08,101.12,98.48,13.01,92.63,119.72,10.67,5.02,14.48,35.68
060980,HL홀딩스,CFS,543390903442.0,566303125531.0,475826661391.0,699611678298.0,585559869059.0,522746745833.0,1287916030163.0,1274667759293.0,1280483945194.0,1010313288869.0,1005197130550.0,1014474521517.0,1285533416647.0,1277106070054.0,1041158412406.0,92173966184.0,85846922824.0,139896491686.0,48746130036.0,2480488322.0,106178135146.0,4.82,127.48,77.67,0.25,126.81,96.71,10.47,126.22,91.02,0.66,7.37,22.66,-38.64
062040,산일전기,,,,,,,,,,,,,,,,,,,,,,,,,,,,,,,,,,,
063160,종근당바이오,CFS,111768693253.0,123464271830.0,104342018567.0,98618039571.0,81590584468.0,44310727954.0,170760623357.0,164791529446.0,137048970090.0,123024437964.0,147799465882.0,161491337792.0,160352778354.0,156042327041.0,142238418404.0,-20152520381.0,-14810343537.0,-11432270296.0,-24192519647.0,-16702615620.0,-6576601338.0,-19.66,138.8,113.33,-11.3,111.5,151.32,-4.07,84.86,235.48,2.76,-36.07,9.7,-29.55
064350,현대로템,CFS,3690167249000.0,3318550172000.0,2679753273000.0,3204670379000.0,2572729120000.0,2090669005000.0,3594508619000.0,3332399192000.0,2838937571000.0,1646976156000.0,1491470592000.0,1268245101000.0,3587382453000.0,3163343615000.0,2872511952000.0,210046594000.0,147486669000.0,80217965000.0,156778978000.0,194534253000.0,51411601000.0,9.52,218.25,115.15,13.04,223.43,128.99,4.05,223.85,128.18,13.4,42.42,10.12,83.86
064400,LG씨엔에스,CFS,3037231971000.0,2847939028000.0,2330448997000.0,1543112565000.0,2005334640000.0,1382440620000.0,2172423337000.0,2234346463000.0,1862694756000.0,1868256263000.0,1630788680000.0,1461977248000.0,5605300168000.0,4969651212000.0,4143140260000.0,464048383000.0,385394776000.0,328584939000.0,332352235000.0,264968155000.0,234946496000.0,17.79,116.28,196.83,16.25,137.01,142.02,16.07,127.41,168.57,12.79,20.41,19.95,17.29
064960,SNT모티브,CFS,799291404201.0,754907952073.0,666284030097.0,219967464725.0,289671925104.0,234674528341.0,267853621426.0,346460014011.0,292219245100.0,943327647914.0,879026675770.0,857577114045.0,1136280172201.0,1044860611248.0,941744683893.0,116628673833.0,111925067671.0,91595252246.0,86980060241.0,87508434250.0,80118858406.0,9.22,28.39,363.37,9.96,39.41,260.61,9.34,34.07,283.92,8.75,4.2,10.95,22.2
066570,LG전자,CFS,30341209000000.0,27488228000000.0,27487763000000.0,24160380000000.0,22332549000000.0,23619899000000.0,36742257000000.0,32664144000000.0,33383445000000.0,23498536000000.0,22491997000000.0,20098033000000.0,84227765000000.0,83467318000000.0,73907984000000.0,3549074000000.0,3550972000000.0,4057997000000.0,1150611000000.0,1863123000000.0,1414972000000.0,4.9,156.36,125.58,8.28,145.23,123.09,7.04,166.1,116.38,0.91,-0.05,12.93,-12.49
066575,LG전자우,,,,,,,,,,,,,,,,,,,,,,,,,,,,,,,,,,,
066970,엘앤에프,CFS,1969480525059.0,2302551789075.0,1070617278632.0,1747319185275.0,1287536919484.0,398276731074.0,2241456006787.0,1738602594287.0,897009072581.0,1109988603801.0,1285330380477.0,635190355556.0,4644090367589.0,3887293713353.0,970760874482.0,-222296651919.0,266321029961.0,44252213145.0,-194922089742.0,271012385909.0,-112263172018.0,-17.56,201.94,112.71,21.09,135.27,178.83,-17.67,141.22,268.81,19.47,-183.47,300.44,501.83
067830,세이브존I&C,CFS,127242411398.0,108548630955.0,94392546556.0,68261299687.0,67473730643.0,59742002412.0,110440386598.0,109458880496.0,106318459437.0,474358816905.0,464110667801.0,457936261778.0,123786863309.0,119350275142.0,122173235743.0,11043745814.0,9219026026.0,11023053450.0,13617966616.0,9179409944.0,7411012891.0,2.87,23.28,186.4,1.98,23.58,160.88,1.62,23.22,158.0,3.72,19.79,-2.31,-16.37
068270,셀트리온,CFS,5009357806990.0,2929792463759.0,3074470613879.0,2470579210688.0,1294097736489.0,1210479664348.0,2791739989934.0,1617448041462.0,1623747845677.0,17125794307235.0,4274204269789.0,4050374686795.0,2176431531380.0,2283967480394.0,1893401217210.0,651481422157.0,647198174586.0,744176850301.0,539706505110.0,542566233270.0,595779438812.0,3.15,16.3,202.76,12.69,37.84,226.4,14.71,40.09,253.99,-4.71,0.66,20.63,-13.03
068290,삼성출판사,CFS,27760118105.0,42688650350.0,108574220097.0,6098730251.0,6848507622.0,62500663079.0,30442277508.0,35896218317.0,115319934841.0,166128262830.0,175591419259.0,223402477993.0,41805582644.0,44923919266.0,56221694171.0,-1311944874.0,-1259376548.0,1143042682.0,8753853880.0,16441993623.0,5934976652.0,5.27,18.32,455.18,9.36,20.44,623.33,2.66,51.62,173.72,-6.94,-4.17,-20.1,-210.18
069260,TKG휴켐스,CFS,539940302830.0,514165803486.0,520470014403.0,212375603636.0,156580123016.0,183240466302.0,259255639095.0,201162048671.0,229725000213.0,840458533075.0,740190826513.0,719579334857.0,1052689288463.0,1235837871097.0,861204656420.0,121230241143.0,117135007140.0,93395046788.0,134775148834.0,81809433479.0,77566603689.0,16.04,30.85,254.24,11.05,27.18,328.37,10.78,31.92,284.04,-14.82,3.5,43.5,25.42
069460,대호에이엘,CFS,82785333809.0,89445393799.0,88007116960.0,43967957322.0,73769193265.0,67192170903.0,51150337040.0,80661977546.0,76000081956.0,94727342781.0,72880719330.0,69025180108.0,181568717221.0,174036740741.0,143401758272.0,8359024150.0,9340386983.0,1819870720.0,3485683671.0,5924964090.0,-3042735063.0,3.68,54.0,188.29,8.13,110.68,121.25,-4.41,110.1,130.98,4.33,-10.51,21.36,413.24
069620,대웅제약,CFS,574824299442.0,548968363658.0,520401448798.0,667117310302.0,472831460366.0,460659801423.0,858029763618.0,822117616379.0,712772241623.0,912281029374.0,741222997333.0,697915210166.0,1375328744877.0,1280091851013.0,1152975698170.0,122591949287.0,95797148532.0,88729320636.0,120002904220.0,39163169338.0,30084146720.0,13.15,94.05,86.17,5.28,110.91,116.1,4.31,102.13,112.97,7.44,27.97,11.03,7.97
069640,한세엠케이,CFS,140209435078.0,163580974815.0,96724829179.0,165379687765.0,171255785967.0,77685147707.0,180692520518.0,186180876919.0,82126553947.0,87779516186.0,38628827359.0,46931100209.0,316765794730.0,271479748299.0,207665255591.0,-4219075103.0,-21130809388.0,-12087443066.0,-6426244385.0,-37767478201.0,-30982030827.0,-7.32,205.85,84.78,-97.77,481.97,95.52,-66.02,174.99,124.51,16.68,80.03,30.73,-74.82
069730,DSR제강,CFS,111012055321.0,127187045613.0,122540527160.0,55679195661.0,71887478691.0,82516620280.0,67790249191.0,76302600310.0,87876177148.0,195197857716.0,183095556612.0,153834562245.0,212953620629.0,261687161748.0,207142759596.0,23494981828.0,26367413746.0,4291637467.0,12943787871.0,28926447513.0,7620490221.0,6.63,34.73,199.38,15.8,41.67,176.93,4.95,57.12,148.5,-18.62,-10.89,26.33,514.39
069960,현대백화점,CFS,3117505675000.0,3115547999000.0,1945333677000.0,3446694246000.0,3660251198000.0,1978464235000.0,5433464917000.0,5702018783000.0,3743568385000.0,6279127722000.0,6367230872000.0,5225628071000.0,4207452895000.0,5014123629000.0,3572433182000.0,303469763000.0,320928734000.0,264365188000.0,-39776206000.0,186026376000.0,233388925000.0,-0.63,86.53,90.45,2.92,89.55,85.12,4.47,71.64,98.33,-16.09,-5.44,40.36,21.4
070960,모나용평,CFS,242754623935.0,136438734752.0,100878596195.0,395993192313.0,237587420373.0,201392821939.0,619154070211.0,490578387042.0,455244977789.0,385774122939.0,377707477145.0,386254614418.0,211647596115.0,143314957207.0,236330114660.0,21404935088.0,1552325492.0,30731092865.0,10002844176.0,-12121469923.0,8673797828.0,2.59,160.5,61.3,-3.21,129.88,57.43,2.25,117.86,50.09,47.68,1278.89,-39.36,-94.95
071050,한국금융지주,CFS,,,,,,,87456133489762.0,78602833042174.0,74608457222400.0,8445052101350.0,7705741114588.0,7428120667768.0,20893370651649.0,22939529241985.0,13210885915836.0,,,,708063414580.0,639808461785.0,1764554047156.0,8.38,1035.59,,8.3,1020.06,,23.76,1004.41,,-8.92,,73.64,
071055,한국금융지주우,,,,,,,,,,,,,,,,,,,,,,,,,,,,,,,,,,,
071090,하이스틸,CFS,106588644754.0,126766299783.0,92573564706.0,103324903361.0,92989182233.0,68774868097.0,121222358101.0,143503167006.0,121886837916.0,149226506906.0,148952923097.0,137827733812.0,256655946687.0,316413941902.0,226150662388.0,3386282628.0,16870680824.0,14638314816.0,1306918155.0,11510796611.0,11512024632.0,0.88,81.23,103.16,7.73,96.34,136.32,8.35,88.43,134.6,-18.89,-79.93,39.91,15.25
071320,지역난방공사,CFS,899641455783.0,1119357783538.0,711541147882.0,2028292017268.0,1995956430903.0,1514682108287.0,5875165562413.0,5811126778301.0,4694183620876.0,2093243566865.0,1667003101357.0,1823178843481.0,3953697605651.0,4173027136426.0,2536798009719.0,314719522031.0,-403893693760.0,39686157248.0,199385845707.0,-183978919360.0,21459011218.0,9.53,280.67,44.35,-11.04,348.6,56.08,1.18,257.47,46.98,-5.26,177.92,64.5,-1117.72
071840,롯데하이마트,CFS,660763363634.0,658469714445.0,682918141954.0,714777342146.0,763903865017.0,575563371773.0,1120890821760.0,1168922511871.0,1116187301339.0,1249790124067.0,1295296562364.0,1827357591718.0,2610137030353.0,3336820850782.0,3869748651455.0,8223020506.0,-52011444171.0,106834726260.0,-35368734888.0,-527891084368.0,-57451960348.0,-2.83,89.69,92.44,-40.75,90.24,86.2,-3.14,61.08,118.65,-21.78,115.81,-13.77,-148.68
071950,코아스,CFS,27347301089.0,30927207710.0,33926678068.0,50668790741.0,50790972728.0,55625237254.0,59599078671.0,58375881363.0,60259190280.0,10847539218.0,17870243546.0,19040055661.0,73746191894.0,97886470716.0,110769785777.0,-3034190053.0,-704501535.0,-4666241262.0,-6690888544.0,-1663238571.0,-5265753179.0,-61.68,549.42,53.97,-9.31,326.67,60.89,-27.66,316.49,60.99,-24.66,-330.69,-11.63,84.9
071970,HD현대마린엔진,CFS,196470091901.0,165093772307.0,182389805124.0,206642830744.0,184789558770.0,244851204057.0,228637992918.0,224154879957.0,276445468016.0,225375915294.0,192136113895.0,153961262140.0,245020790824.0,177460633009.0,137403818447.0,17924999731.0,11120635288.0,-8032257079.0,31641504580.0,14143936944.0,-7828437540.0,14.04,101.45,95.08,7.36,116.66,89.34,-5.08,179.56,74.49,38.07,61.19,29.15,238.45
072130,유엔젤,CFS,30979584609.0,35544007776.0,38603932873.0,5993188329.0,5219751195.0,6904788519.0,8118758110.0,7242894540.0,9512538390.0,54830211281.0,53780737043.0,52204135220.0,36639038647.0,30044902862.0,29681809011.0,-1777259096.0,845798193.0,3147724544.0,1436086547.0,2207360787.0,14606475501.0,2.62,14.81,516.91,4.1,13.47,680.95,27.98,18.22,559.09,21.95,-310.13,1.22,-73.13
072710,농심홀딩스,CFS,333375108446.0,249773988834.0,229153164470.0,319919550927.0,249036398908.0,240720011726.0,380779227828.0,311863433252.0,289723336280.0,1124279984014.0,1077267430845.0,1038914395724.0,769496371794.0,674579201408.0,641495585628.0,75309845521.0,52812907521.0,55765471354.0,67264054937.0,34206190797.0,49163434609.0,5.98,33.87,104.21,3.18,28.95,100.3,4.73,27.89,95.19,14.07,42.6,5.16,-5.29
073240,금호타이어,CFS,2002202864697.0,1764940163323.0,1553028645650.0,1886332067676.0,2342835848721.0,1500526343781.0,3431924258799.0,3450429792209.0,3060638117114.0,1399056998591.0,1244555611275.0,1281567868390.0,4041412157685.0,3559158461842.0,2601223215947.0,411010498490.0,23135670517.0,-41517840259.0,171848469734.0,-77469716124.0,-71850672717.0,12.28,245.3,106.14,-6.22,277.24,75.33,-5.61,238.82,103.5,13.55,1676.52,36.83,155.72
074610,이엔플러스,CFS,68982242990.0,57415297536.0,48698471324.0,86218960725.0,54988092370.0,29072455139.0,92817664767.0,55540873039.0,30435535805.0,79342256717.0,64786770329.0,72374342668.0,44887669106.0,26895279587.0,55395307036.0,-23921334947.0,-13174840671.0,-1916356326.0,-60808657454.0,-36257081136.0,-19549396989.0,-76.64,116.98,80.01,-55.96,85.73,104.41,-27.01,42.05,167.51,66.9,-81.57,-51.45,-587.49
075180,새론오토모티브,CFS,147595062283.0,149093964941.0,150471452225.0,23565966168.0,22533193757.0,25272284828.0,27269308416.0,26237446966.0,29993561554.0,230301783101.0,229972314823.0,238384936363.0,140307231181.0,138037550411.0,127605612573.0,-7620523972.0,-3096423313.0,326215326.0,3330585962.0,-5954986070.0,14025569682.0,1.45,11.84,626.31,-2.59,11.41,661.66,5.88,12.58,595.4,1.64,-146.11,8.18,-1049.2
075580,세진중공업,CFS,125520791840.0,154824317452.0,199499601560.0,247450768256.0,245938218461.0,241375169056.0,312332840336.0,342503861017.0,367209564922.0,231686076362.0,209345312736.0,203194732371.0,384796445852.0,410053666579.0,250380851313.0,33554734501.0,24932252322.0,3715273239.0,22730327421.0,13357564878.0,14059998585.0,9.81,134.81,50.73,6.38,163.61,62.95,6.92,180.72,82.65,-6.16,34.58,63.77,571.07
077500,유니퀘스트,CFS,420677252489.0,397107859468.0,271743346847.0,240395764592.0,259498772647.0,170132481979.0,240747285701.0,262882234237.0,181823563167.0,213657095076.0,347841183941.0,308508654724.0,665926330174.0,729547548896.0,585583158915.0,33985725771.0,47307137709.0,32555669788.0,16341231290.0,44083014070.0,60395383783.0,7.65,112.68,174.99,12.67,75.58,153.03,19.58,58.94,159.72,-8.72,-28.16,24.58,45.31
077970,STX엔진,CFS,490899000000.0,468460000000.0,427101000000.0,577722000000.0,539906000000.0,490794000000.0,639500000000.0,593143000000.0,553505000000.0,259634000000.0,260245000000.0,283975000000.0,630377000000.0,544021000000.0,493455000000.0,18868000000.0,-8816000000.0,3644000000.0,5685000000.0,-26683000000.0,1005000000.0,2.19,246.31,84.97,-10.25,227.92,86.77,0.35,194.91,87.02,15.87,314.02,10.25,-341.93
078000,텔코웨어,CFS,78046273159.0,88389298441.0,78276342387.0,12180398934.0,17895877859.0,11088759115.0,14189706820.0,20552807021.0,12790697041.0,112622664084.0,111521033992.0,109384757073.0,40637609678.0,42568934878.0,34822430276.0,3042871954.0,2855339110.0,1154358790.0,5336791438.0,3869096895.0,1810715915.0,4.74,12.6,640.75,3.47,18.43,493.91,1.66,11.69,705.91,-4.54,6.57,22.25,147.35
078520,에이블씨엔씨,CFS,104272776716.0,122000890479.0,116388272149.0,66562573474.0,60523173688.0,61295420152.0,86155959163.0,79356396676.0,79159922956.0,87685530825.0,116075360229.0,114657547116.0,273645246857.0,247873188440.0,262945930671.0,11422012724.0,9975863944.0,-22379323056.0,6146524829.0,1074165022.0,-43362048445.0,7.01,98.26,156.65,0.93,68.37,201.58,-37.82,69.04,189.88,10.4,14.5,-5.73,144.58
078930,GS,CFS,5982341000000.0,5978612000000.0,5388853000000.0,6573930000000.0,6527808000000.0,5501784000000.0,16823230000000.0,17434432000000.0,16988343000000.0,17625195000000.0,16487810000000.0,14202944000000.0,25978494000000.0,28582513000000.0,20165049000000.0,3721802000000.0,5120181000000.0,2651346000000.0,1578711000000.0,2482704000000.0,1614682000000.0,8.96,95.45,91.0,15.06,105.74,91.59,11.37,119.61,97.95,-9.11,-27.31,41.74,93.12
078935,GS우,,,,,,,,,,,,,,,,,,,,,,,,,,,,,,,,,,,
079160,CJ CGV,CFS,474595169749.0,682681904094.0,620645630707.0,1032488905523.0,1238638115169.0,975423222361.0,2932973509969.0,3208379045793.0,3484207008067.0,261241200463.0,393089340695.0,301285367542.0,1545839243146.0,1273191852459.0,733257447682.0,49065796701.0,-70236132416.0,-235797697550.0,-123353396404.0,-214507519598.0,-338788006843.0,-47.22,1122.71,45.97,-54.57,816.2,55.12,-112.45,1156.45,63.63,21.41,169.86,73.64,70.21
079430,현대리바트,CFS,511898828276.0,452085667414.0,430586106427.0,454030879648.0,374995667877.0,320525539478.0,497104513997.0,415626223927.0,374591023346.0,402356810429.0,438533106520.0,489057475175.0,1585704938901.0,1495701107465.0,1406599311907.0,-19852125058.0,-27895323942.0,20240762169.0,-34135531271.0,-50771042676.0,13495394324.0,-8.48,123.55,112.75,-11.58,94.78,120.56,2.76,76.59,134.34,6.02,28.83,6.33,-237.82
079550,LIG디펜스앤에어로스페이스,CFS,2535880560459.0,1822951227868.0,1485925497598.0,2650650421124.0,1899456288192.0,1481145703317.0,2763399823997.0,2077548155320.0,1813542650473.0,1052359009288.0,935179067809.0,763304384997.0,2308571092877.0,2220751868438.0,1822194315440.0,186378438940.0,179111737872.0,97201006836.0,174962143119.0,122939587371.0,105055805629.0,16.63,262.59,95.67,13.15,222.16,95.97,13.76,237.59,100.32,3.95,4.06,21.87,84.27
079900,전진건설로봇,,,,,,,,,,,,,,,,,,,,,,,,,,,,,,,,,,,
079980,휴비스,CFS,301874456947.0,280186390814.0,341936114471.0,369208999534.0,289591977541.0,331277092580.0,511335643613.0,412487679943.0,375572102961.0,271387142946.0,381271947564.0,467843094304.0,927679169915.0,1021725981973.0,1082571526935.0,-71628570854.0,-83009289041.0,6490560612.0,-107986865065.0,-81474057070.0,3496357171.0,-39.79,188.42,81.76,-21.37,108.19,96.75,0.75,80.28,103.22,-9.2,13.71,-5.62,-1378.92
081000,일진다이아,CFS,479972969090.0,482564983960.0,525926040690.0,38484272037.0,45177478662.0,72918803258.0,62179846965.0,71340431456.0,106685386546.0,531849507648.0,527965220351.0,535076855622.0,154457870494.0,186836814030.0,187663975968.0,-4369731314.0,3272205622.0,9095705126.0,10565000347.0,-3857396672.0,10803090521.0,1.99,11.69,1247.19,-0.73,13.51,1068.15,2.02,19.94,721.25,-17.33,-233.54,-0.44,-64.02
081660,미스토홀딩스,CFS,2241652636407.0,2293320102517.0,2041130391810.0,1161274004710.0,1092677843044.0,1051388684026.0,2426230645598.0,2247238042986.0,1982367579088.0,2553918905270.0,2574563334802.0,2306489236326.0,4006627455519.0,4221750126628.0,3793958639955.0,303493542620.0,435072372234.0,492851154169.0,153056827039.0,467543841046.0,337809329714.0,5.99,95.0,193.03,18.16,87.29,209.88,14.65,85.95,194.14,-5.1,-30.24,11.28,-11.72
082640,동양생명,CFS,,,,,,,29965457519850.0,30006997132947.0,34059408798037.0,2903979870319.0,4859589804127.0,3043935891765.0,,,,,,,270645544253.0,-11358865121.0,275618795726.0,9.32,1031.88,,-0.23,617.48,,9.05,1118.93,,,,,
082740,한화엔진,CFS,655667267221.0,471073549323.0,344869456683.0,603567818478.0,498756380835.0,431103692458.0,912709874130.0,734604466698.0,586523408202.0,224148291136.0,221625827940.0,209101318087.0,854384414147.0,764242847008.0,598999092899.0,8728565174.0,-29534217363.0,-39778154646.0,-426426612.0,-40272392255.0,-39738223201.0,-0.19,407.19,108.63,-18.17,331.46,94.45,-19.0,280.5,80.0,11.79,129.55,27.59,25.75
083420,그린케미칼,CFS,82164430553.0,93549310437.0,103451539802.0,78319227043.0,67888815687.0,77813472794.0,81009098842.0,74168153281.0,88296552358.0,120368825236.0,122477181787.0,123392698882.0,282345762196.0,324927356354.0,286224270189.0,4952176367.0,17219652079.0,20850251543.0,3349835122.0,2870341147.0,15928806384.0,2.78,67.3,104.91,2.34,60.56,137.8,12.91,71.56,132.95,-13.1,-71.24,13.52,-17.41
084010,대한제강,CFS,634087784965.0,745924997777.0,811251810574.0,243862856202.0,390488522073.0,487403725481.0,271812694772.0,422049932807.0,512229905753.0,843966379889.0,798446876859.0,720207675718.0,1447832026434.0,2141616301745.0,2030305293579.0,109934599541.0,215379902495.0,201800787108.0,77048614856.0,137607060099.0,163681147068.0,9.13,32.21,260.02,17.23,52.86,191.02,22.73,71.12,166.44,-32.4,-48.96,5.48,6.73
084670,동양고속,CFS,17506049196.0,17607060819.0,17679587204.0,77785149571.0,77580062177.0,62373087396.0,99329870208.0,90255923833.0,84315063665.0,69064045409.0,75242450320.0,84514490803.0,119970715686.0,104429014786.0,81175925442.0,-287881125.0,-11216972073.0,-22023394046.0,-3093450679.0,-12794473042.0,-23943626892.0,-4.48,143.82,22.51,-17.0,119.95,22.7,-28.33,99.76,28.34,14.88,97.43,28.65,49.07
084680,이월드,CFS,40408168287.0,46776319544.0,50134099015.0,155215535939.0,123652911198.0,116778536776.0,186383287497.0,185352588241.0,194324047779.0,235283236246.0,246352426459.0,238850678162.0,115275724966.0,126461962948.0,125777554615.0,7922828646.0,14610430386.0,1934269007.0,-9443187616.0,5633003780.0,-13811440442.0,-4.01,79.22,26.03,2.29,75.24,37.83,-5.78,81.36,42.93,-8.85,-45.77,0.54,655.35
084690,대상홀딩스,CFS,2137143406101.0,2099794475095.0,1822610184658.0,1331150905892.0,1312750489105.0,1207059740276.0,2576171992995.0,2460226574943.0,2134955896798.0,1583313432652.0,1555100873867.0,1491136537267.0,5259400430149.0,5226659820074.0,4205969181748.0,114614891500.0,143809242039.0,163034063085.0,65516157066.0,78060700923.0,142732811771.0,4.14,162.71,160.55,5.02,158.2,159.95,9.57,143.18,151.0,0.63,-20.3,24.27,-11.79
084695,대상홀딩스우,,,,,,,,,,,,,,,,,,,,,,,,,,,,,,,,,,,
084870,TBH글로벌,CFS,78531513406.0,83592436433.0,71417873988.0,37927184356.0,46335440247.0,49743919023.0,47020621926.0,52145159202.0,62327748051.0,63026081285.0,60182472482.0,54694742274.0,197103368035.0,203091521251.0,188075549588.0,7860055406.0,1957768075.0,5337805554.0,6736053468.0,4927301235.0,-19619878069.0,10.69,74.61,207.06,8.19,86.65,180.41,-35.87,113.96,143.57,-2.95,301.48,7.98,-63.32
085310,엔케이,CFS,169799529022.0,85643414298.0,71679874499.0,41882694058.0,40936876556.0,26677276032.0,62956180856.0,57514392119.0,28011921563.0,184709905261.0,128231542792.0,102714606639.0,91535244729.0,76687877838.0,69091619546.0,-1104109608.0,870341567.0,1930104625.0,59156274919.0,10681446399.0,11161953014.0,32.03,34.08,405.42,8.33,44.85,209.21,10.87,27.27,268.69,19.36,-226.86,10.99,-54.91
085620,미래에셋생명,CFS,,,,,,,30181275852828.0,30954564227888.0,37248407257122.0,2910747636564.0,4086946927729.0,2678305586719.0,,,,,,,117205082184.0,124815149251.0,79085296201.0,4.03,1036.89,,3.05,757.4,,2.95,1390.75,,,,,
086280,현대글로비스,CFS,8771518130998.0,8181858080896.0,6968211360179.0,4467588471380.0,4343758217774.0,3942961992175.0,6941096283685.0,6998172212338.0,6358516107411.0,7783923620253.0,6879612287958.0,5812412135354.0,25683197164064.0,26981880971123.0,21779581931003.0,1554032510087.0,1798516596130.0,1126245705403.0,1070090664293.0,1192805576043.0,783175862240.0,13.75,89.17,196.34,17.34,101.72,188.36,13.47,109.4,176.73,-4.81,-13.59,23.89,59.69
086790,하나금융지주,CFS,,,,,,,551744278000000.0,530975132000000.0,466945930000000.0,40181717000000.0,37628148000000.0,35499340000000.0,,,,,,,3468356000000.0,3639410000000.0,3581582000000.0,8.63,1373.12,,9.67,1411.11,,10.09,1315.37,,,,,
088350,한화생명,CFS,,,,,,,132426755373738.0,126615799732833.0,150171792112671.0,15475087526211.0,19694680831182.0,13419581014660.0,,,,,,,825980778277.0,1170477624233.0,1249160234936.0,5.34,855.74,,5.94,642.89,,9.31,1119.05,,,,,
088790,진도,CFS,69679906511.0,74702031477.0,81649151267.0,15646040146.0,23708931283.0,34636861962.0,16788657567.0,25027285482.0,35781861962.0,107507976244.0,104173494389.0,100662783139.0,56370619279.0,63417016273.0,58961462990.0,3761675112.0,6093797742.0,3775884191.0,4390520650.0,4571584441.0,3568236830.0,4.08,15.62,445.35,4.39,24.02,315.08,3.54,35.55,235.73,-11.11,-38.27,7.56,61.39
089470,HDC현대EP,CFS,407081529904.0,394001263744.0,387571799503.0,244657330416.0,205485758775.0,188572816468.0,288562520329.0,289863741271.0,275234382972.0,316877870594.0,313466475616.0,307654078651.0,1008120084643.0,1038391339478.0,846749543775.0,33040068846.0,22557559038.0,29454042467.0,10854827963.0,15436443404.0,982283220.0,3.43,91.06,166.39,4.92,92.47,191.74,0.32,89.46,205.53,-2.92,46.47,22.63,-23.41
089590,제주항공,CFS,507538374899.0,563875752137.0,390602612266.0,1121502725707.0,854616060690.0,488274740101.0,1669691471708.0,1357023834316.0,1082667273848.0,311202861948.0,287651014229.0,184088787569.0,1724008542239.0,702503275808.0,273079199084.0,169792117648.0,-177502073624.0,-317159495233.0,134328659855.0,-179674354361.0,-272277860116.0,43.16,536.53,45.26,-62.46,471.76,65.98,-147.91,588.12,80.0,145.41,195.66,157.25,44.03
089860,롯데렌탈,CFS,1042066609958.0,1114873306797.0,969909893225.0,2308745355072.0,2332932577432.0,2183965095064.0,5352827789031.0,5631000169189.0,4751832763070.0,1365281271287.0,1296203936875.0,1237336411178.0,2752292105099.0,2738939589270.0,2422658838497.0,305192202982.0,308394412876.0,245494852201.0,115205052028.0,88328519054.0,113578198380.0,8.44,392.07,45.14,6.81,434.42,47.79,9.18,384.04,44.41,0.49,-1.04,13.06,25.62
090080,평화산업,CFS,159904878917.0,140723346138.0,122936942030.0,179990843871.0,143913923052.0,140985745625.0,209045458106.0,195168304315.0,194125631930.0,43366110642.0,41432301802.0,25989805786.0,564038964404.0,519932246828.0,424123466253.0,9937617006.0,5734166110.0,5916278187.0,3632456925.0,6083364529.0,205128216.0,8.38,482.05,88.84,14.68,471.05,97.78,0.79,746.93,87.2,8.48,73.31,22.59,-3.08
090350,노루페인트,CFS,318102040248.0,308281426153.0,303768289781.0,209206835810.0,217385647823.0,209944462732.0,294352124785.0,315503885865.0,325655494532.0,374279148488.0,352673416288.0,344991439338.0,780507251019.0,747090556280.0,725809849359.0,41882595839.0,25746794042.0,25487107319.0,27866551190.0,11548261970.0,14445731072.0,7.45,78.65,152.05,3.27,89.46,141.81,4.19,94.4,144.69,4.47,62.67,2.93,1.02
090355,노루페인트우,,,,,,,,,,,,,,,,,,,,,,,,,,,,,,,,,,,
090370,메타랩스,CFS,13062812352.0,29548680677.0,36359141002.0,7903693947.0,8845996179.0,25559289266.0,38453397614.0,11129379056.0,28601817313.0,73402387315.0,78887374616.0,56432227388.0,21598887656.0,22659042216.0,29344936324.0,-3860136978.0,-2047208320.0,-2114389876.0,-7437666523.0,-4146497020.0,-14647574283.0,-10.13,52.39,165.27,-5.26,14.11,334.03,-25.96,50.68,142.25,-4.68,-88.56,-22.78,3.18
090430,아모레퍼시픽,CFS,1952196456821.0,1735019347862.0,2018526858100.0,813257101661.0,831116935949.0,1157485393842.0,1013805677645.0,1022508074100.0,1372414055290.0,4872705211057.0,4779275104059.0,4744299877622.0,3673963593157.0,4134932512111.0,4863128496699.0,108171257062.0,214233255761.0,343357809050.0,173878928996.0,129264244958.0,180857693977.0,3.57,20.81,240.05,2.7,21.39,208.76,3.81,28.93,174.39,-11.15,-49.51,-14.97,-37.61
090435,아모레퍼시픽우,,,,,,,,,,,,,,,,,,,,,,,,,,,,,,,,,,,
090460,비에이치,CFS,575063094262.0,529238911435.0,505029567771.0,419181211549.0,412054834185.0,371498083286.0,438800022718.0,431683937037.0,385423568360.0,650561021927.0,577975229499.0,407976854064.0,1591992250709.0,1681053919767.0,1036962656916.0,84792055684.0,131267542314.0,71085420062.0,84855132551.0,140664719735.0,81735535426.0,13.04,67.45,137.19,24.34,74.69,128.44,20.03,94.47,135.94,-5.3,-35.41,62.11,84.66
091810,트리니티항공,CFS,454129212400.0,240567964178.0,105237465337.0,465369371202.0,411247105427.0,247979168551.0,1126731302741.0,983093107924.0,687706321881.0,157142050991.0,59402782636.0,47341367572.0,1348759428136.0,525821186068.0,214395239315.0,139411816543.0,-103929570861.0,-148326842134.0,99132288401.0,-118672293887.0,-156243779164.0,63.08,717.01,97.58,-199.78,1654.96,58.5,-330.04,1452.65,42.44,156.51,234.14,145.26,29.93
092200,디아이씨,CFS,263981943673.0,259062264516.0,217062695612.0,417110795910.0,436115678244.0,428402553774.0,523567831521.0,504681102341.0,496346184821.0,160517010036.0,143552471804.0,132520163209.0,728664902522.0,695890221570.0,590132045596.0,36108435116.0,31286785173.0,27294787166.0,21004760938.0,4736429088.0,29487084295.0,13.09,326.18,63.29,3.3,351.57,59.4,22.25,374.54,50.67,4.71,15.41,17.92,14.63
092220,KEC,CFS,220290923725.0,165155822486.0,200544236084.0,68880711409.0,76334029383.0,97809214207.0,91040501304.0,96489867891.0,121440786125.0,356705359570.0,304646644633.0,279148380991.0,206935260144.0,256171262590.0,267472591083.0,-33000542024.0,18028423745.0,26525638383.0,-37798918010.0,22270600167.0,10173157277.0,-10.6,25.52,319.82,7.31,31.67,216.36,3.64,43.5,205.04,-19.22,-283.05,-4.23,-32.03
092230,KPX홀딩스,CFS,850600644892.0,712440592151.0,775560557650.0,375113159809.0,385145633327.0,342386067150.0,465634459176.0,448980401917.0,445438442973.0,1463012190805.0,1370913400737.0,1369419596361.0,1207010159501.0,1240447444718.0,1238702229927.0,65375088832.0,55528882649.0,54144022659.0,137402456691.0,37511313045.0,82325362935.0,9.39,31.83,226.76,2.74,32.75,184.98,6.01,32.53,226.52,-2.7,17.73,0.14,2.56
092440,기신정기,CFS,121666512856.0,136973121835.0,144393688217.0,12916892376.0,14109220139.0,14480397457.0,13999939722.0,14831931489.0,15480427091.0,251146199319.0,250227255028.0,244102707028.0,144440857401.0,131329892496.0,128459666433.0,6417822420.0,9642345481.0,11356562672.0,4378917213.0,8494259121.0,9775236517.0,1.74,5.57,941.92,3.39,5.93,970.81,4.0,6.34,997.17,9.98,-33.44,2.23,-15.09
092780,DYP,CFS,191195478589.0,195354574191.0,169751356616.0,196028355896.0,180512934178.0,174633393086.0,247492713207.0,249740813399.0,249350068131.0,125141852327.0,124525221103.0,113278151185.0,421732458047.0,397883097756.0,354590526034.0,13298980181.0,7437519525.0,10313756467.0,7814446685.0,2876656062.0,7678379597.0,6.24,197.77,97.53,2.31,200.55,108.22,6.78,220.12,97.2,5.99,78.81,12.21,-27.89
092790,넥스틸,CFS,314008530263.0,287366485555.0,196143628515.0,157312312995.0,230370423611.0,248663229983.0,197535613796.0,302747491634.0,315069585339.0,444944994289.0,285264825396.0,101502812990.0,619052056916.0,668403649813.0,424718548060.0,157337247358.0,181300504021.0,16977488102.0,129580237655.0,144193113559.0,-1128019547.0,29.12,44.4,199.61,50.55,106.13,124.74,-1.11,310.4,78.88,-7.38,-13.22,57.38,967.89
093050,LF,CFS,1249422000765.0,1345770117110.0,1344328285474.0,816243783716.0,742787794617.0,613206040109.0,1042077873710.0,927192269932.0,1042768391210.0,1713549888020.0,1656848106538.0,1498369503383.0,1900725823265.0,1968540364635.0,1793103979720.0,57379138443.0,185160686386.0,158865864141.0,80053774341.0,177302502827.0,136154462569.0,4.67,60.81,153.07,10.7,55.96,181.18,9.09,69.59,219.23,-3.44,-69.01,9.78,16.55
093240,형지엘리트,CFS,70799227485.0,62186943491.0,107552178363.0,36593933717.0,25323796690.0,49551370976.0,55199612789.0,41486677550.0,70234922857.0,69926775307.0,67738955474.0,60210231155.0,94485977330.0,137271368719.0,135281634693.0,2485737507.0,3940036180.0,-259927687.0,1997534039.0,8078888548.0,-771546500.0,2.86,78.94,193.47,11.93,61.24,245.57,-1.28,116.65,217.05,-31.17,-36.91,1.47,1615.82
093370,후성,CFS,255501368173.0,345182994320.0,182189876242.0,335279574922.0,381174152613.0,161987662527.0,521907370047.0,518459264841.0,332875873872.0,331469581873.0,415296152192.0,283458550164.0,523191899192.0,610564329261.0,381256774874.0,-46105756733.0,105370138192.0,58138943581.0,-84392136579.0,112437648934.0,31279494106.0,-25.46,157.45,76.21,27.07,124.84,90.56,11.03,117.43,112.47,-14.31,-143.76,60.15,81.24
094280,효성ITX,CFS,87343649144.0,92177295184.0,65848347987.0,88062268771.0,95274397111.0,106821414945.0,106070813281.0,111070179540.0,138085361213.0,70214000455.0,65748556887.0,103319403267.0,503774955158.0,511266620347.0,475904429382.0,19190293316.0,22323153949.0,20287985472.0,14579375004.0,14921412242.0,14388125433.0,20.76,151.07,99.18,22.69,168.93,96.75,13.93,133.65,61.64,-1.47,-14.03,7.43,10.03
095570,AJ네트웍스,CFS,303255111295.0,301533703715.0,273911548846.0,675267840653.0,814364855406.0,525176778325.0,1202505532188.0,1119677498878.0,992584894057.0,419651809690.0,363691241407.0,364402562221.0,1001975993554.0,1193651665953.0,981947656833.0,78385856886.0,76418662736.0,48071717838.0,16472354950.0,8667178478.0,76737133075.0,3.93,286.55,44.91,2.38,307.86,37.03,21.06,272.39,52.16,-16.06,2.57,21.56,58.97
095720,웅진씽크빅,CFS,394803380147.0,434029833476.0,461202951368.0,372678084101.0,379836993112.0,370129439408.0,418313652447.0,425863102369.0,398095902920.0,321062631234.0,364929127793.0,373543605331.0,890054559174.0,933284596402.0,813875932203.0,5572227230.0,27552372229.0,26788937250.0,-32199314502.0,3109290078.0,44176534515.0,-10.03,130.29,105.94,0.85,116.7,114.27,11.83,106.57,124.61,-4.63,-79.78,14.67,2.85
096760,JW홀딩스,CFS,495176779272.0,509210359269.0,444986960464.0,728483025916.0,717041136150.0,495071309694.0,827511707972.0,824316934495.0,760956330503.0,348754719955.0,333262773002.0,304823144541.0,928071670924.0,864536430725.0,788936980895.0,144899316626.0,103257348706.0,68728818585.0,31025900001.0,46482142077.0,4434634082.0,8.9,237.28,67.97,13.95,247.35,71.02,1.45,249.64,89.88,7.35,40.33,9.58,50.24
096770,SK이노베이션,CFS,33279589404000.0,31966675885000.0,21481684513000.0,29399178862000.0,27557209671000.0,14512449137000.0,50815545738000.0,43976612895000.0,29924245706000.0,30019967513000.0,23242311382000.0,19620696364000.0,77288485864000.0,78056939448000.0,46853415718000.0,1903886320000.0,3917340789000.0,1741672570000.0,554894277000.0,1895179127000.0,488509884000.0,1.85,169.27,113.2,8.15,189.21,116.0,2.49,152.51,148.02,-0.98,-51.4,66.6,124.92
096775,SK이노베이션우,,,,,,,,,,,,,,,,,,,,,,,,,,,,,,,,,,,
097230,HJ중공업,CFS,1727429000000.0,1430318000000.0,948999000000.0,2125811000000.0,1418222000000.0,949994000000.0,2549673000000.0,2182707000000.0,1953231000000.0,340912000000.0,384990000000.0,432005000000.0,2162073000000.0,1788163000000.0,1706532000000.0,-108787000000.0,6625000000.0,-108991000000.0,-114319000000.0,-50160000000.0,-139844000000.0,-33.53,747.9,81.26,-13.03,566.95,100.85,-32.37,452.13,99.9,20.91,-1742.07,4.78,106.08
097520,엠씨넥스,CFS,262566944718.0,247605783091.0,277247365181.0,209611357651.0,197959395089.0,209467529963.0,212084767581.0,229823432579.0,226561392084.0,323612702499.0,309066577971.0,298966196208.0,932490110758.0,1108637950325.0,1009273639991.0,18224255538.0,10702196295.0,23878951946.0,27923690827.0,22973446783.0,39505208461.0,8.63,65.54,125.26,7.43,74.36,125.08,13.21,75.78,132.36,-15.89,70.29,9.85,-55.18
097950,CJ제일제당,CFS,8673140890000.0,9759274570000.0,7695894684000.0,9121901459000.0,9749512896000.0,7915867743000.0,17826337301000.0,18484219204000.0,16049003859000.0,11779942250000.0,11529022641000.0,10806800418000.0,29023472909000.0,30079513121000.0,26289227767000.0,1291582413000.0,1664708210000.0,1524429392000.0,559462096000.0,802674084000.0,892393213000.0,4.75,151.33,95.08,6.96,160.33,100.1,8.26,148.51,97.22,-3.51,-22.41,14.42,9.2
097955,CJ제일제당 우,,,,,,,,,,,,,,,,,,,,,,,,,,,,,,,,,,,
100090,SK오션플랜트,CFS,754790512544.0,594390293947.0,301286813979.0,687194081824.0,642506418910.0,495761277618.0,733064705288.0,694046434953.0,559312172336.0,698841961592.0,525957499199.0,180080017849.0,925835675846.0,691830139228.0,503060400073.0,75604296314.0,71940779701.0,26431994695.0,57548769236.0,28013900233.0,-86811625287.0,8.23,104.9,109.84,5.33,131.96,92.51,-48.21,310.59,60.77,33.82,5.09,37.52,172.17
100220,비상교육,CFS,142839496486.0,140300766261.0,119587165784.0,179227892266.0,83561652212.0,67485717164.0,181432555065.0,112016003859.0,71577714119.0,181188705233.0,197210083654.0,199936825820.0,252371391671.0,253028639290.0,215573813894.0,-5810962795.0,3546451200.0,7742344856.0,-12359024137.0,-1021655503.0,6033786742.0,-6.82,100.13,79.7,-0.52,56.8,167.9,3.02,35.8,177.2,-0.26,-263.85,17.37,-54.19
100250,진양홀딩스,CFS,244656502766.0,175888049046.0,165041512751.0,157817468988.0,153726030915.0,114537539670.0,216313549023.0,194455945015.0,176049121264.0,426767364095.0,402629316512.0,390040148008.0,271104256117.0,234557602802.0,224791427777.0,3515267242.0,5231538199.0,6857969366.0,38195479439.0,27888408900.0,14973552928.0,8.95,50.69,155.02,6.93,48.3,114.42,3.84,45.14,144.09,15.58,-32.81,4.34,-23.72
100840,SNT에너지,CFS,250689496206.0,253392256767.0,199665053593.0,126574846363.0,99795812834.0,66163572462.0,147149187415.0,170636295809.0,87294231899.0,276014273067.0,259136406029.0,244849256040.0,321955650203.0,202878635272.0,171088093279.0,20777120986.0,3561445020.0,13280960143.0,22727501737.0,18804694387.0,12503180650.0,8.23,53.31,198.06,7.26,65.85,253.91,5.11,35.65,301.77,58.69,483.39,18.58,-73.18
101140,인바이오젠,CFS,11331638255.0,16733498860.0,31901785510.0,2114007977.0,36361573269.0,77774503403.0,2620539622.0,37399819172.0,96452041143.0,143083249830.0,106884029240.0,178022922910.0,6240804636.0,10419522009.0,10480817714.0,-6151980412.0,-6068323461.0,-7932253132.0,11344109632.0,-117218208176.0,94124949825.0,7.93,1.83,536.03,-109.67,34.99,46.02,52.87,54.18,41.02,-40.1,-1.38,-0.58,23.5
101530,해태제과식품,CFS,133507764188.0,130960147832.0,120148929170.0,250628648726.0,272667311688.0,252505720952.0,416672704885.0,437389311669.0,395102131054.0,268298745670.0,253865643478.0,259754311997.0,624865973087.0,590266473598.0,567703451336.0,45723953375.0,23170927168.0,26022114822.0,21703503021.0,-2248226202.0,-307380904.0,8.09,155.3,53.27,-0.89,172.29,48.03,-0.12,152.11,47.58,5.86,97.33,3.97,-10.96
102260,동성케미컬,CFS,502174619253.0,457682236848.0,394351508708.0,400352534810.0,351666796315.0,316478628606.0,445611887526.0,410505252005.0,361792854334.0,525000968052.0,489006502447.0,457002898248.0,1117998853514.0,1140123619934.0,925978520043.0,81599865964.0,55370343076.0,45320054620.0,58715253362.0,46832993652.0,42391509833.0,11.18,84.88,125.43,9.58,83.95,130.15,9.28,79.17,124.61,-1.94,47.37,23.13,22.18
102460,이연제약,CFS,99813141579.0,109006467229.0,164804436048.0,125602239438.0,47951489175.0,47503064467.0,251150969113.0,236926485584.0,232741035733.0,248624544580.0,247765256067.0,245237136430.0,151071143910.0,154038839268.0,142801367549.0,4033629819.0,9633099174.0,3739195891.0,3583373124.0,7433682163.0,5537251535.0,1.44,101.02,79.47,3.0,95.63,227.33,2.26,94.9,346.93,-1.93,-58.13,7.87,157.62
103140,풍산,CFS,2239437467040.0,2013246003210.0,1859455077778.0,1352196007511.0,1117973551094.0,1108833495035.0,1694674158819.0,1553056946285.0,1462625455417.0,1965954520498.0,1842240245511.0,1685635003844.0,4125263947257.0,4372982501228.0,3509498278523.0,228636480718.0,231619553412.0,314125035707.0,156440326543.0,175261942564.0,243387043769.0,7.96,86.2,165.61,9.51,84.3,180.08,14.44,86.77,167.69,-5.66,-1.29,24.6,-26.27
103590,일진전기,CFS,433757560045.0,360680352497.0,358603605679.0,384892900350.0,321654655572.0,367087635956.0,557745967855.0,494610873687.0,514885050517.0,371142176219.0,344902375464.0,323057560316.0,1246731647188.0,1164706090212.0,932362520580.0,60756520579.0,31490877242.0,20402669112.0,31387172779.0,22259261237.0,13986184916.0,8.46,150.28,112.7,6.45,143.41,112.13,4.33,159.38,97.69,7.04,92.93,24.92,54.35
104700,한국철강,CFS,687547285696.0,650225461253.0,612203146825.0,84315666918.0,129583963953.0,166234467031.0,120716792280.0,150021131956.0,186519007034.0,851747532604.0,798528365480.0,722188490606.0,905095863024.0,1064176509409.0,886650133446.0,86552278453.0,121498017095.0,103286644200.0,68179597574.0,87395337944.0,97251554504.0,8.0,14.17,815.44,10.94,18.79,501.78,13.47,25.83,368.28,-14.95,-28.76,20.02,17.63
105560,KB금융,CFS,,,,,,,656864842000000.0,634557025000000.0,615601914000000.0,58873310000000.0,54107801000000.0,48293920000000.0,,,,6435319000000.0,5289175000000.0,6097617000000.0,4563431000000.0,3931401000000.0,4384381000000.0,7.75,1115.73,,7.27,1172.76,,9.08,1274.7,,,21.67,,-13.26
105630,한세실업,CFS,679072959856.0,772270727784.0,769983240786.0,500471619853.0,620599734973.0,641867539924.0,593553250948.0,702124695430.0,751823859857.0,643694359723.0,537086481739.0,464417140986.0,1708756427696.0,2204761177310.0,1671997051772.0,168225105469.0,179585878967.0,106694162989.0,112035180540.0,85635184928.0,67340655868.0,17.41,92.21,135.69,15.94,130.73,124.44,14.5,161.89,119.96,-22.5,-6.33,31.86,68.32
105840,우진,CFS,105364907398.0,95530996575.0,99487614470.0,29084239889.0,35100263649.0,28216461943.0,43017758395.0,50483944670.0,70225425898.0,197283317760.0,176569430992.0,159569193116.0,129059322239.0,124056658737.0,107647372733.0,15365138090.0,11894433807.0,8369873909.0,13944552349.0,11784761014.0,-6164798405.0,7.07,21.81,362.27,6.67,28.59,272.17,-3.86,44.01,352.59,4.03,29.18,15.24,42.11
107590,미원홀딩스,CFS,127762065745.0,158573166004.0,135070272422.0,104046859852.0,138171344618.0,109716812950.0,197574631444.0,229582717353.0,191049963834.0,269928526385.0,256303689726.0,235758441462.0,443162257779.0,499293421104.0,421385924191.0,15564411112.0,22840986830.0,29724423052.0,17037305526.0,26602299713.0,40232180768.0,6.31,73.2,122.79,10.38,89.57,114.77,17.07,81.04,123.11,-11.24,-31.86,18.49,-23.16
108320,LX세미콘,CFS,902885508054.0,1009649198828.0,1031063337504.0,207337013241.0,324401670974.0,363583458447.0,228301207505.0,339257893379.0,372198273673.0,976763737232.0,950360648754.0,800332708247.0,1901444975029.0,2119345363613.0,1898845716028.0,129035656339.0,310623962750.0,369621952134.0,101203533006.0,233692540409.0,296424020561.0,10.36,23.37,435.47,24.59,35.7,311.23,37.04,46.51,283.58,-10.28,-58.46,11.61,-15.96
108670,LX하우시스,CFS,1105282000000.0,1078800000000.0,1148724000000.0,1041605000000.0,1060606000000.0,1220060000000.0,1551810000000.0,1703786000000.0,1683973000000.0,832982000000.0,779943000000.0,863418000000.0,3525807000000.0,3611151000000.0,3459792000000.0,109822000000.0,14940000000.0,70452000000.0,61786000000.0,-117721000000.0,12664000000.0,7.42,186.3,106.11,-15.09,218.45,101.72,1.47,195.04,94.15,-2.36,635.09,4.37,-78.79
108675,LX하우시스우,,,,,,,,,,,,,,,,,,,,,,,,,,,,,,,,,,,
109070,주성코퍼레이션,CFS,27488558048.0,25964084655.0,21889883088.0,7924286030.0,13303132201.0,17138120531.0,11872344785.0,18158116569.0,23434918940.0,22262267153.0,14793215256.0,9609633773.0,23947360256.0,22967075806.0,39946492326.0,-1335469778.0,-4812464335.0,-1408564353.0,-1376873314.0,-9902822429.0,-1586432478.0,-6.18,53.33,346.89,-66.94,122.75,195.17,-16.51,243.87,127.73,4.27,72.25,-42.51,-241.66
111110,호전실업,CFS,183911460675.0,194844461916.0,194397839441.0,144993046248.0,148100110035.0,132833023320.0,164296054666.0,180582898935.0,182611847823.0,151689581331.0,135515238561.0,120075890501.0,441548776508.0,479999576039.0,344867583539.0,35118432806.0,40584324713.0,20619478511.0,17191428993.0,26766722348.0,11783094520.0,11.33,108.31,126.84,19.75,133.26,131.56,9.81,152.08,146.35,-8.01,-13.47,39.18,96.83
111380,동인기연,CFS,110409839253.0,100661073116.0,91412377946.0,68534456172.0,116807275604.0,127956291558.0,84551635875.0,146889417464.0,153736047206.0,132757372638.0,51605117461.0,24935570339.0,216057247215.0,250589220895.0,168382892583.0,28253714819.0,42653702422.0,18834602811.0,20625632427.0,28098801937.0,14952931606.0,15.54,63.69,161.1,54.45,284.64,86.18,59.97,616.53,71.44,-13.78,-33.76,48.82,126.46
111770,영원무역,CFS,3346930108724.0,2821445719291.0,2044753390256.0,1123291101204.0,822686884772.0,525247244441.0,1709153120150.0,1399319640332.0,1113408478688.0,3587970520506.0,3114304140479.0,2434211959092.0,3604377025404.0,3910960903824.0,2792518463435.0,637146368834.0,823027257046.0,442515129012.0,533070681256.0,743155039128.0,334303486017.0,14.86,47.64,297.96,23.86,44.93,342.95,13.73,45.74,389.29,-7.84,-22.59,40.05,85.99
112610,씨에스윈드,CFS,1352942897287.0,1005500112869.0,1072915913571.0,1417059643340.0,623838051512.0,572665722799.0,1888228795542.0,856500062309.0,827324537109.0,944418879016.0,927606916131.0,943776341816.0,1520162115494.0,1374893317788.0,1195036447011.0,104666101614.0,42121940314.0,101124410465.0,18936302304.0,-6941229042.0,64728654075.0,2.01,199.94,95.48,-0.75,92.33,161.18,6.86,87.66,187.35,10.57,148.48,15.05,-58.35
114090,GKL,CFS,344824809120.0,262720452008.0,236965182812.0,173078713466.0,161100630495.0,101123517036.0,227557871552.0,227057758258.0,147757777932.0,411810411984.0,382455408392.0,383548330363.0,396693647873.0,262110551065.0,85086860671.0,51017881015.0,-13917278200.0,-145828746668.0,43848395239.0,-22744367290.0,-113272118808.0,10.65,55.26,199.23,-5.95,59.37,163.08,-29.53,38.52,234.33,51.35,466.58,208.05,90.46
117580,대성에너지,CFS,274998084878.0,304783692464.0,232683598867.0,364453020666.0,345343379610.0,247699919884.0,483594707410.0,520696425282.0,425136420563.0,319603451088.0,313793532919.0,317343114088.0,999533749249.0,1020936453937.0,770440986512.0,20391954237.0,938738843.0,16047844903.0,14937263678.0,-755414347.0,11912931284.0,4.67,151.31,75.46,-0.24,165.94,88.26,3.75,133.97,93.94,-2.1,2072.27,32.51,-94.15
118000,메타케어,CFS,53267472656.0,73473340529.0,82433087323.0,15958644033.0,48449827516.0,53281511102.0,17600313698.0,60277758402.0,56902662749.0,137704448054.0,129579569605.0,119400404873.0,55750068754.0,19098326977.0,18613345272.0,-8903733352.0,-300469614.0,-1785310686.0,-26019814209.0,-49554716459.0,7779693790.0,-18.9,12.78,333.78,-38.24,46.52,151.65,6.52,47.66,154.71,191.91,-2863.27,2.61,83.17
119650,KC코트렐,CFS,363818557052.0,265002514123.0,291775302624.0,294167230779.0,229916925659.0,265341602034.0,372977142675.0,266719036966.0,335125784942.0,41449077749.0,56754683717.0,49951174598.0,436615281950.0,421583746860.0,355034769777.0,-21089869641.0,3629851717.0,4647615173.0,-44388516861.0,-22130142929.0,11964972231.0,-107.09,899.84,123.68,-38.99,469.95,115.26,23.95,670.91,109.96,3.57,-681.01,18.74,-21.9
120030,조선선재,CFS,123081991414.0,112016258371.0,104086173727.0,8131196275.0,8405270975.0,11267167972.0,9294843701.0,9248179273.0,13139110252.0,146243340609.0,135885117324.0,126409830887.0,66614293267.0,66976160497.0,68155874819.0,10580671009.0,9435412968.0,14137036323.0,13005386271.0,10522135281.0,14543457911.0,8.89,6.36,1513.7,7.74,6.81,1332.69,11.51,10.39,923.8,-0.54,12.14,-1.73,-33.26
120110,코오롱인더,CFS,2288259192253.0,2456933837738.0,2213219051329.0,2417412267433.0,2651217278486.0,2232369975656.0,3073061698076.0,3270361413054.0,3050719238156.0,2929657066606.0,2733101602938.0,2550566027743.0,5061157921399.0,5367473556072.0,4662050395448.0,157625474066.0,242496098882.0,252713195422.0,50777732316.0,189160141708.0,203824696413.0,1.73,104.89,94.66,6.92,119.66,92.67,7.99,119.61,99.14,-5.71,-35.0,15.13,-4.04
120115,코오롱인더우,,,,,,,,,,,,,,,,,,,,,,,,,,,,,,,,,,,
122900,아이마켓코리아,CFS,1012629090484.0,927259777473.0,834933080277.0,895581133358.0,757632502275.0,644516501590.0,973345148707.0,814780662561.0,703385717080.0,400371903894.0,410174013772.0,416774091966.0,3425595997363.0,3588174695943.0,3132491779569.0,51107089826.0,56299267838.0,45420682449.0,24300686894.0,29102928735.0,44499433381.0,6.07,243.11,113.07,7.1,198.64,122.39,10.68,168.77,129.54,-4.53,-9.22,14.55,23.95
123690,한국화장품,CFS,33683783367.0,27907151271.0,29987072741.0,21859435070.0,19362591582.0,23490380734.0,23252166199.0,21500163750.0,26536427499.0,25372122530.0,22413165800.0,21972018248.0,78712916916.0,66046677154.0,66965810085.0,3054862344.0,-23014169.0,-3193220979.0,3547260908.0,418118714.0,-7281617879.0,13.98,91.64,154.09,1.87,95.93,144.13,-33.14,120.77,127.66,19.18,13373.83,-1.37,99.28
123700,SJM,CFS,180334630210.0,165731841879.0,155406543949.0,43743754964.0,42439915983.0,36947886255.0,52699057452.0,56088466557.0,55541850784.0,198935491357.0,187186901233.0,185723937429.0,198880157404.0,180237704926.0,145725719462.0,13231441622.0,7087029001.0,7737908992.0,16986831721.0,4700617935.0,4750202488.0,8.54,26.49,412.25,2.51,29.96,390.51,2.56,29.91,420.61,10.34,86.7,23.68,-8.41
123890,한국자산신탁,CFS,,,,,,,445001934727.0,431361487905.0,415397655910.0,1035048089629.0,932432687489.0,849260643802.0,259071620425.0,232964573062.0,212527191178.0,,,,129642234144.0,108242016692.0,107460589254.0,12.53,42.99,,11.61,46.26,,12.65,48.91,,11.21,,9.62,
126560,현대퓨처넷,CFS,629281007291.0,447169041097.0,444697241509.0,65065046413.0,62050802480.0,168424251764.0,72992898487.0,70265647771.0,176346092362.0,836731591956.0,844990804152.0,857679901454.0,168614989877.0,154213235046.0,136700719148.0,2453177248.0,9517380912.0,7411747056.0,2858595444.0,-2783743962.0,85124246002.0,0.34,8.72,967.16,-0.33,8.32,720.65,9.92,20.56,264.03,9.34,-74.22,12.81,28.41
126720,수산인더스트리,CFS,345622189078.0,342710063007.0,183267009931.0,89396405533.0,60575564385.0,60306250278.0,104296849542.0,114148849591.0,123360838501.0,498947236868.0,463006581649.0,275269586155.0,324740172778.0,303539437938.0,294110712658.0,50231142470.0,50593944044.0,51306310392.0,48586664591.0,41885696489.0,53317628945.0,9.74,20.9,386.62,9.05,24.65,565.76,19.37,44.81,303.89,6.98,-0.72,3.21,-1.39
128820,대성산업,CFS,357543105762.0,407797828586.0,318496756037.0,297650632287.0,279793158375.0,246526028725.0,1119752088608.0,1197506140662.0,1206363220781.0,613554433374.0,627082173949.0,521159314222.0,1608088520653.0,1871305784976.0,1129133659980.0,29449898866.0,48301486163.0,18489525473.0,-4010450468.0,-9644371057.0,11829247191.0,-0.65,182.5,120.12,-1.54,190.96,145.75,2.27,231.48,129.19,-14.07,-39.03,65.73,161.24
128940,한미약품,CFS,730623667543.0,694158250909.0,703961594241.0,704762991483.0,676748302732.0,648938236072.0,798457731813.0,915359048755.0,1008469278529.0,1100210644155.0,1009226682083.0,928259408765.0,1490887463726.0,1331546600126.0,1203185652812.0,220691065020.0,158090311455.0,125415874751.0,165366177835.0,101558192480.0,81478223722.0,15.03,72.57,103.67,10.06,90.7,102.57,8.78,108.64,108.48,11.97,39.6,10.67,26.05
129260,인터지스,CFS,198200870186.0,195139523479.0,180548425458.0,139449960216.0,154310487269.0,153833843702.0,164660988671.0,178721965121.0,181665919506.0,263840460786.0,254445272513.0,206915646288.0,611639433548.0,719983672710.0,588882039942.0,23029106091.0,35409145996.0,19994089933.0,13971343963.0,31320676916.0,13786426550.0,5.3,62.41,142.13,12.31,70.24,126.46,6.66,87.8,117.37,-15.05,-34.96,22.26,77.1
130660,한전산업,CFS,101366415324.0,87334415601.0,88130559750.0,62927020569.0,50108380679.0,52609846902.0,100167696271.0,61835339210.0,78116901515.0,103473245094.0,95946096419.0,85203578151.0,363261295971.0,346042225300.0,321065449338.0,26038104194.0,18651295433.0,17515390232.0,15541995837.0,16285862704.0,8559250123.0,15.02,96.81,161.09,16.97,64.45,174.29,10.05,91.68,167.52,4.98,39.6,7.78,6.49
133820,화인베스틸,CFS,72783198144.0,78946829058.0,76618872759.0,119570949459.0,98773910391.0,95245463319.0,125305300906.0,101359925313.0,103741068850.0,64990661471.0,78262984556.0,79497866667.0,132197701719.0,139604226438.0,124076835252.0,-19776770069.0,719072177.0,5534587867.0,-18028351033.0,-2598981749.0,2374205660.0,-27.74,192.81,60.87,-3.32,129.51,79.93,2.99,130.5,80.44,-5.31,-2850.32,12.51,-87.01
134380,미원화학,CFS,80680105276.0,62837682419.0,54075256534.0,12114125695.0,6792037295.0,5401052836.0,20282131251.0,15155439398.0,13888347755.0,144488827195.0,132708596334.0,119954962155.0,232615760275.0,235165568356.0,197470077504.0,24913393981.0,18983200277.0,12772108235.0,21814089575.0,16260515287.0,11350187321.0,15.1,14.04,666.0,12.25,11.42,925.17,9.46,11.58,1001.2,-1.08,31.24,19.09,48.63
134790,시디즈,CFS,54172962985.0,47454536884.0,,27061618955.0,19567682588.0,,30293306682.0,21635673445.0,,64785987972.0,63427346696.0,,200135778002.0,243320658371.0,,-1927437377.0,40885780.0,,2443800601.0,2544939298.0,,3.77,46.76,200.18,4.01,34.11,242.51,,,,-17.75,-4814.2,,
136490,선진,CFS,640404859346.0,718357025915.0,657162042380.0,747882636004.0,784132676786.0,715144891726.0,815022296702.0,892994227026.0,834028357473.0,443102256325.0,440621950325.0,414864029622.0,1906005301125.0,1870781185636.0,1528749761214.0,97522940188.0,70603246898.0,83449203917.0,10457093554.0,22969775624.0,31749767666.0,2.36,183.94,85.63,5.21,202.67,91.61,7.65,201.04,91.89,1.88,38.13,22.37,-15.39
137310,에스디바이오센서,CFS,964969847624.0,2517265593414.0,2606787909425.0,320757577789.0,296979641527.0,779869185191.0,957284648030.0,315141082903.0,801724155092.0,2831546402270.0,2946781299162.0,2232208795282.0,655676513230.0,2932001440304.0,2929960839878.0,-248084569658.0,1146624395447.0,1387732869277.0,-467904096959.0,908788681400.0,1088124450280.0,-16.52,33.81,300.84,30.84,10.69,847.62,48.75,35.92,334.26,-77.64,-121.64,0.07,-17.37
138040,메리츠금융지주,CFS,,,,,,,92138657614258.0,80435428574826.0,75147647740949.0,10097185065931.0,8541970794850.0,6883289019140.0,58558358469900.0,67218346531822.0,35628566455647.0,,,,2125376583433.0,2133340042799.0,1383247331375.0,21.05,912.52,,24.97,941.65,,20.1,1091.74,,-12.88,,88.66,
138930,BNK금융지주,CFS,,,,,,,135109931812961.0,126142724245770.0,118066196869515.0,10673702081303.0,10789882683348.0,10205921524733.0,,,,,,,678904864314.0,833150496073.0,816987918729.0,6.36,1265.82,,7.72,1169.08,,8.01,1156.84,,,,,
139130,iM금융지주,CFS,,,,,,,87076229658301.0,83576192402746.0,79578661104168.0,6283554118124.0,6407727996891.0,6327329777746.0,,,,,,,412181438046.0,445398524180.0,553790494927.0,6.56,1385.78,,6.95,1304.3,,8.75,1257.7,,,,,
139480,이마트,CFS,6387789258339.0,5848734597533.0,5188352945043.0,10373853962124.0,9941710322988.0,9816971044837.0,19609634816186.0,19718359591026.0,18841829087123.0,13834230770289.0,13483361917688.0,12400253313823.0,29472247894459.0,29332413845888.0,24932680935679.0,-46935431343.0,135651681895.0,316790902379.0,-187466317757.0,1007725545174.0,1589074047501.0,-1.36,141.75,61.58,7.47,146.24,58.83,12.81,151.95,52.85,0.48,-134.6,17.65,-57.18
139990,아주스틸,CFS,404148930215.0,345921495870.0,368266026614.0,530183641923.0,369474451136.0,305603789746.0,819583798706.0,522749227264.0,390590139210.0,175822632494.0,237479258624.0,236636181995.0,956457905420.0,1056170390159.0,933409934057.0,-19057421396.0,4599028519.0,55310968330.0,-65542964592.0,-4110014852.0,32472341903.0,-37.28,466.14,76.23,-1.73,220.12,93.63,13.72,165.06,120.5,-9.44,-514.38,13.15,-91.69
143210,핸즈코퍼레이션,CFS,365999633369.0,369265021316.0,403848737910.0,618667187955.0,584579519508.0,499457729457.0,695207306418.0,667856104059.0,632933749646.0,281351811027.0,194732609944.0,262030319503.0,749497563641.0,778254509174.0,562213390676.0,-21498744514.0,-66724812599.0,-50128648018.0,-33908003159.0,-77799655028.0,-63950010068.0,-12.05,247.1,59.16,-39.95,342.96,63.17,-24.41,241.55,80.86,-3.7,67.78,38.43,-33.11
145210,다이나믹디자인,CFS,53148791876.0,51584500392.0,74856443625.0,42300707030.0,41692344690.0,56512006261.0,54233104836.0,49003936595.0,74246404103.0,52288292019.0,48843611531.0,41794573221.0,67116106722.0,58198972428.0,52653886494.0,-8774713386.0,-7232016459.0,-16716923411.0,-27102998211.0,-64686892675.0,-25761857891.0,-51.83,103.72,125.65,-132.44,100.33,123.73,-61.64,177.65,132.46,15.32,-21.33,10.53,56.74
145720,덴티움,CFS,370578237826.0,303704981317.0,240284736304.0,262957793895.0,229276664329.0,180228839679.0,309896958480.0,301420236208.0,279104016908.0,463873382410.0,373163728344.0,291098416167.0,393188581139.0,355865975045.0,291529687471.0,138279256798.0,125702600219.0,69882395499.0,96525972107.0,86143817705.0,55499402817.0,20.81,66.81,140.93,23.08,80.77,132.46,19.07,95.88,133.32,10.49,10.01,22.07,79.88
145990,삼양사,CFS,1209396625056.0,1105795695751.0,985175796787.0,824776375655.0,503590879696.0,749249161747.0,1492906504328.0,1418659358018.0,1376110131453.0,1712094550179.0,1530989770387.0,1425937024772.0,2651439171359.0,2652438535664.0,2384453623978.0,113199757649.0,82015611183.0,82553256126.0,121996688282.0,82247272600.0,56393155270.0,7.13,87.2,146.63,5.37,92.66,219.58,3.95,96.51,131.49,-0.04,38.02,11.24,-0.65
145995,삼양사우,,,,,,,,,,,,,,,,,,,,,,,,,,,,,,,,,,,
155660,DSR,CFS,155280080129.0,176061391451.0,185737507109.0,106422006756.0,139483313029.0,115595665508.0,125278828283.0,162383840472.0,124579417803.0,218202186975.0,202326546390.0,178019213626.0,291095086618.0,367456836231.0,272417651710.0,24261853627.0,35774891408.0,13454431587.0,17549961156.0,24547772313.0,12538612095.0,8.04,57.41,145.91,12.13,80.26,126.22,7.04,69.98,160.68,-20.78,-32.18,34.89,165.9
161000,애경케미칼,CFS,587429349728.0,591670033474.0,604836564872.0,480050727873.0,473849818849.0,481910755948.0,572037721924.0,505938346156.0,555841020238.0,736322931173.0,728145376555.0,689125439585.0,1793735842829.0,2176436882799.0,1570089788220.0,45060221982.0,95087063778.0,93260474911.0,32973866067.0,59364093658.0,77289491625.0,4.48,77.69,122.37,8.15,69.48,124.86,11.22,80.66,125.51,-17.58,-52.61,38.62,1.96
161390,한국타이어앤테크놀로지,CFS,6768077726453.0,6436304422676.0,5509241836761.0,2284371173267.0,2887075507092.0,1869177489179.0,3133752512020.0,3705654911026.0,3498782297830.0,9629553176340.0,8875709247979.0,8195514290191.0,8939621475507.0,8394203036511.0,7141136827775.0,1327945320791.0,705818089039.0,642192906442.0,728792952155.0,705774525978.0,594714001139.0,7.57,32.54,296.28,7.95,41.75,222.94,7.26,42.69,294.74,6.5,88.14,17.55,9.91
161890,한국콜마,CFS,898363312780.0,816296191864.0,882876429595.0,1283697060535.0,868139417222.0,888573082391.0,1590839241152.0,1463836379752.0,1246477583481.0,1418590136562.0,1469473099590.0,1359559768916.0,2155675927422.0,1865731523035.0,1586332710248.0,136143339992.0,73280441382.0,84267552991.0,25138828951.0,-4101004683.0,43534832905.0,1.77,112.14,69.98,-0.28,99.62,94.03,3.2,91.68,99.36,15.54,85.78,17.61,-13.04
163560,동일고무벨트,CFS,225091835407.0,228027492799.0,169425789907.0,130722226273.0,145491983098.0,88367844001.0,150343280092.0,163224624863.0,104787335223.0,223697552954.0,218003776714.0,209041906402.0,357776406425.0,390439849813.0,277512533269.0,13689300437.0,8078839374.0,871568800.0,8382538376.0,6892156121.0,6064529480.0,3.75,67.21,172.19,3.16,74.87,156.73,2.9,50.13,191.73,-8.37,69.45,40.69,826.93
170900,동아에스티,CFS,544298744995.0,502838961350.0,530997632140.0,387764020949.0,182707624179.0,275535583079.0,581112696489.0,467613930767.0,459606408933.0,683307891091.0,690111002837.0,656379118320.0,663980368109.0,635392682732.0,593227915741.0,11178462374.0,16672741081.0,15618958260.0,2021387961.0,12771293993.0,12816148950.0,0.3,85.04,140.37,1.85,67.76,275.22,1.95,70.02,192.71,4.5,-32.95,7.11,6.75
175330,JB금융지주,CFS,,,,,,,58288020000000.0,55065152000000.0,52068950000000.0,5115950000000.0,4763013000000.0,4326687000000.0,,,,,,,603924000000.0,618257000000.0,525412000000.0,11.8,1139.34,,12.98,1156.1,,12.14,1203.44,,,,,
178920,PI첨단소재,CFS,128135489297.0,131677920752.0,196376308245.0,87959406916.0,64535885197.0,108648085476.0,203026975016.0,157543399198.0,147070685808.0,314918934887.0,341453216519.0,325888935950.0,217639383722.0,276440430491.0,301868719484.0,-3937893712.0,52135089760.0,75857968702.0,-1795675819.0,45710485555.0,64000019268.0,-0.57,64.47,145.68,13.39,46.14,204.04,19.64,45.13,180.75,-21.27,-107.55,-8.42,-31.27
180640,한진칼,CFS,357038127193.0,537969466858.0,405787583166.0,591306739269.0,978767254448.0,1307068969128.0,931046374471.0,1339020434490.0,1930524163632.0,2853875519764.0,2576057186684.0,1824218019394.0,275726817725.0,200336082220.0,148424841934.0,42843084229.0,14487192387.0,-9927826503.0,388329013825.0,659568334244.0,-35695759409.0,13.61,32.62,60.38,25.6,51.98,54.96,-1.96,105.83,31.05,37.63,195.73,34.97,245.93
18064K,한진칼우,,,,,,,,,,,,,,,,,,,,,,,,,,,,,,,,,,,
181710,NHN,CFS,1537394896573.0,1348599755827.0,1359936387884.0,888431380539.0,746992786633.0,719698393937.0,1459885157431.0,1032762862400.0,928563861666.0,1989792118929.0,1992419158629.0,2098607644853.0,2269614866943.0,2114869816089.0,1923677420336.0,55598405513.0,39053530657.0,97869201232.0,-23094179176.0,-31751037477.0,129700556658.0,-1.16,73.37,173.05,-1.59,51.83,180.54,6.18,44.25,188.96,7.32,42.36,9.94,-60.1
183190,아세아시멘트,CFS,442211955202.0,407821475088.0,410920110394.0,408050991646.0,337683357648.0,304078712009.0,1071264422387.0,1061327445519.0,1117733667799.0,1049123493376.0,978682286906.0,919588622684.0,1200454909494.0,1040145906143.0,892569417094.0,146886630781.0,117970811813.0,128646922022.0,89435440998.0,63904277998.0,99216930747.0,8.52,102.11,108.37,6.53,108.44,120.77,10.79,121.55,135.14,15.41,24.51,16.53,-8.3
185750,종근당,CFS,946571860795.0,713614782837.0,667147151149.0,511465846744.0,374213062129.0,320229872490.0,586793266763.0,503593995766.0,480890428784.0,815635168749.0,621288802025.0,565809643395.0,1669404438769.0,1488344728646.0,1343559362914.0,246599279042.0,109906061531.0,94758694014.0,213602186975.0,79977779960.0,42356472307.0,26.19,71.94,185.07,12.87,81.06,190.7,7.49,84.99,208.33,12.17,124.37,10.78,15.99
192080,더블유게임즈,CFS,582503995024.0,572610729335.0,527871561105.0,62410016347.0,205744395688.0,102525287255.0,91075429752.0,229338873566.0,197077447691.0,1196725258764.0,1006297224416.0,1184826770572.0,582333575007.0,617262019515.0,624060773474.0,213292020378.0,183857429569.0,190364411040.0,192894646449.0,-221064092608.0,156282035070.0,16.12,7.61,933.35,-21.97,22.79,278.31,13.19,16.63,514.87,-5.66,16.01,-1.09,-3.42
192400,쿠쿠홀딩스,CFS,488962801533.0,446314893140.0,402208639474.0,113593387319.0,130651017779.0,136593425673.0,170371736663.0,181757777564.0,184150127215.0,1077736980914.0,967770930128.0,867742389942.0,772261869749.0,755648437744.0,685109273863.0,86632975985.0,87879677725.0,106992031867.0,130122011488.0,116688836925.0,129365611083.0,12.07,15.81,430.45,12.06,18.78,341.61,14.91,21.22,294.46,2.2,-1.42,10.3,-17.86
192650,드림텍,CFS,398814180980.0,466745600822.0,392828443919.0,246504592743.0,309084260231.0,333554887353.0,287299287687.0,323702374400.0,344213371123.0,508036064704.0,501654718372.0,388765720049.0,1030380773539.0,1368643532370.0,1231623290602.0,34045564038.0,96666082963.0,96104848257.0,26953357544.0,85027475219.0,79341007991.0,5.31,56.55,161.79,16.95,64.53,151.01,20.41,88.54,117.77,-24.72,-64.78,11.13,0.58
192820,코스맥스,CFS,821629081841.0,737152717216.0,792234582900.0,873814217416.0,811975090337.0,787663555399.0,1198515835534.0,952203952001.0,946544204187.0,358561439285.0,444246552661.0,465384571575.0,1777494448320.0,1600125770194.0,1591487621503.0,115685779856.0,53100853848.0,122599910142.0,37799983055.0,-16446826860.0,34336481889.0,10.54,334.26,94.03,-3.7,214.34,90.79,7.38,203.39,100.58,11.08,117.86,0.54,-56.69
194370,제이에스코퍼레이션,CFS,491789963430.0,312848636055.0,359583072466.0,277068324545.0,235632678098.0,301376033969.0,470072216553.0,278290251740.0,350394617961.0,292811741259.0,255477889432.0,201886289689.0,862765475437.0,975066240993.0,987023677957.0,84041956668.0,81475323113.0,60970128693.0,44326155084.0,64584601970.0,48293833743.0,15.14,160.54,177.5,25.28,108.93,132.77,23.92,173.56,119.31,-11.52,3.15,-1.21,33.63
195870,해성디에스,CFS,343852744816.0,371321312772.0,255955422448.0,131719091052.0,196470094856.0,154841512247.0,173676950604.0,212318527504.0,180632904766.0,515050369128.0,447295294041.0,294314928544.0,672245278175.0,839357973218.0,655373012865.0,102511938741.0,204416060360.0,86329952850.0,84426426250.0,159399505537.0,71051643499.0,16.39,33.72,261.05,35.64,47.47,189.0,24.14,61.37,165.3,-19.91,-49.85,28.07,136.78
200880,서연이화,CFS,1008713351769.0,968982841111.0,771779431641.0,1118744961151.0,986276302843.0,869150305332.0,1432265936654.0,1173445901645.0,1092786811159.0,925584964153.0,756886374526.0,697738602310.0,3574265560035.0,2845253369954.0,2180065898757.0,193109887890.0,150682128141.0,65969055459.0,164039657136.0,60474975614.0,29743240654.0,17.72,154.74,90.16,7.99,155.04,98.25,4.26,156.62,88.8,25.62,28.16,30.51,128.41
204320,HL만도,CFS,3265021481509.0,2980301901430.0,2944289899743.0,2635680688370.0,2150797625451.0,2129591136669.0,3930545236233.0,3572095295017.0,3660109900441.0,2356155155918.0,2273746112263.0,2044255959667.0,8393086800929.0,7516163841233.0,6147433112950.0,279276996280.0,248102024875.0,232312044666.0,154600073679.0,118287647376.0,178615842352.0,6.56,166.82,123.88,5.2,157.1,138.57,8.74,179.04,138.26,11.67,12.57,22.27,6.8
207940,삼성바이오로직스,CFS,5521987756539.0,6457656567077.0,2823175325351.0,4157860817418.0,4181541561220.0,1107294649465.0,6215704796851.0,7597575863329.0,2978908646183.0,9830492412345.0,8984474395157.0,4991102140680.0,3694588767068.0,3001295197683.0,1568006928039.0,1113680009715.0,983627394377.0,537309408072.0,857691298384.0,798056210082.0,393589467655.0,8.72,63.23,132.81,8.88,84.56,154.43,7.89,59.68,254.96,23.1,13.22,91.41,83.07
210540,디와이파워,CFS,201149212789.0,209865402641.0,225203036898.0,70080051138.0,84718806071.0,107103112401.0,72837530802.0,87153368942.0,116073402046.0,263890902928.0,240369030361.0,225972876002.0,430034675907.0,419018706092.0,437161571106.0,36324121241.0,26967977466.0,42159270501.0,27492331891.0,17854210169.0,31055613734.0,10.42,27.6,287.03,7.43,36.26,247.72,13.74,51.37,210.27,2.63,34.69,-4.15,-36.03
210980,SK디앤디,CFS,1543279303144.0,1279958454743.0,1179715303078.0,941816915692.0,476002531353.0,465594239957.0,1661198358797.0,1494509955164.0,1344174720287.0,761878023461.0,697066259283.0,639256047752.0,479675945477.0,563436566175.0,881836637140.0,190379796165.0,64346246785.0,209865512483.0,103078372585.0,76213182818.0,133634672833.0,13.53,218.04,163.86,10.93,214.4,268.9,20.9,210.27,253.38,-14.87,195.87,-36.11,-69.34
213500,한솔제지,CFS,866343152037.0,1007797067277.0,663677633757.0,881741662699.0,1082341518494.0,727426110540.0,1350306996746.0,1467471503690.0,1208499790521.0,724100702295.0,742544013465.0,679333181781.0,2194102551558.0,2457952593665.0,1834223977012.0,47243516765.0,130225532966.0,60727652921.0,1761168152.0,73819817785.0,13675492737.0,0.24,186.48,98.25,9.94,197.63,93.11,2.01,177.9,91.24,-10.73,-63.72,34.01,114.44
214320,이노션,CFS,2006088898040.0,1800347246478.0,1738451091183.0,1407004668788.0,1219793765097.0,1181917174030.0,1622740343199.0,1416175662135.0,1366820754118.0,,,,2092893299026.0,1750407624440.0,1502034400962.0,150018225572.0,136891845495.0,135732279008.0,116716827655.0,89736619409.0,87143789362.0,,,142.58,,,147.59,,,147.09,19.57,9.59,16.54,0.85
214330,금호에이치티,CFS,244567177921.0,214113398562.0,191766067528.0,129816898101.0,91742874858.0,104738369331.0,138647690844.0,100833283251.0,107985909519.0,303120572629.0,325800541887.0,350809714928.0,364320450865.0,277770353237.0,233985567170.0,10773829072.0,9292103935.0,6526228290.0,-20230248500.0,-22636285357.0,-17808249426.0,-6.67,45.74,188.39,-6.95,30.95,233.38,-5.08,30.78,183.09,31.16,15.95,18.71,42.38
214390,경보제약,CFS,135902170665.0,116325649599.0,111166321432.0,118261261271.0,95569005816.0,88814156343.0,121923595684.0,96840886918.0,91278422862.0,144381421229.0,143704055206.0,145700730482.0,216357481796.0,196264902088.0,170659645035.0,5544771906.0,1392651796.0,-6624844100.0,2974400463.0,610590092.0,-7495178995.0,2.06,84.45,114.92,0.42,67.39,121.72,-5.14,62.65,125.17,10.24,298.14,15.0,121.02
214420,토니모리,CFS,68861810230.0,70019472837.0,65609632926.0,67547096954.0,79125868417.0,65688740641.0,101250685664.0,101679024921.0,106805775344.0,101358382614.0,97383028812.0,95290037420.0,151091527920.0,126745016191.0,114648138200.0,9616935808.0,-7258250448.0,-13529557979.0,2987856716.0,-2378607671.0,-9230684425.0,2.95,99.89,101.95,-2.44,104.41,88.49,-9.69,112.08,99.88,19.21,232.5,10.55,46.35
217590,티엠씨,,,,,,,,,,,,,,,,,,,,,,,,,,,,,,,,,,,
226320,잇츠한불,CFS,352665233305.0,340773072215.0,358263960457.0,30510342146.0,27306435544.0,33686319450.0,31856498670.0,30243344892.0,36179263528.0,466711812939.0,455910010877.0,458487914180.0,139161722265.0,130714132788.0,140177794033.0,8054876186.0,4808880833.0,754754823.0,17392145177.0,3314665225.0,-6944270651.0,3.73,6.83,1155.89,0.73,6.63,1247.96,-1.51,7.89,1063.53,6.46,67.5,-6.75,537.14
227840,현대코퍼레이션홀딩스,CFS,90790898972.0,91593518590.0,80586176298.0,29078864701.0,21605296765.0,27130828932.0,72706509579.0,71951244118.0,48800192249.0,271307677356.0,224176322031.0,202184598311.0,188346226841.0,164345780796.0,130441768412.0,18730704078.0,14277070571.0,8146424903.0,28821672745.0,33344309917.0,11955288419.0,10.62,26.8,312.22,14.87,32.1,423.94,5.91,24.14,297.03,14.6,31.19,25.99,75.26
229640,LS에코에너지,CFS,308177177446.0,404088248826.0,381267704163.0,247178066173.0,343442230126.0,307635019759.0,252818004681.0,348670310364.0,322872794667.0,155606605043.0,158062467680.0,172382605768.0,731067866979.0,818494728195.0,750616895541.0,29489190951.0,27451816095.0,28199819675.0,4281724182.0,-9132588271.0,15871887068.0,2.75,162.47,124.68,-5.78,220.59,117.66,9.21,187.3,123.94,-10.68,7.42,9.04,-2.65
234080,JW생명과학,CFS,107833591536.0,105008263192.0,64430233086.0,94259092336.0,80043500749.0,83902304477.0,96443271382.0,112609682935.0,87974591257.0,159393121651.0,140332435137.0,131492018060.0,206860371797.0,188931165241.0,169816950012.0,30861915611.0,27089253524.0,28416710564.0,28143966408.0,14961266843.0,12913619142.0,17.66,60.51,114.4,10.66,80.24,131.19,9.82,66.9,76.79,9.49,13.93,11.26,-4.67
241560,두산밥캣,CFS,3013495040.0,2432359833.0,2231920454.0,1869727804.0,1620376477.0,1263801365.0,3425578716.0,3333069132.0,3593111478.0,4618281799.0,3964639523.0,3645099796.0,7475740778.0,6673564667.0,5082225030.0,1064722975.0,829449107.0,520209596.0,705892351.0,498514677.0,337191440.0,15.28,74.17,161.17,12.57,84.07,150.11,9.25,98.57,176.6,12.02,28.37,31.31,59.45
241590,화승엔터프라이즈,CFS,646562391148.0,757366549182.0,697620797299.0,718786094399.0,778090401020.0,695379293740.0,801186315154.0,884648845256.0,779838500509.0,559383890377.0,591182885689.0,550419810035.0,1213831937248.0,1654029582447.0,1138575157941.0,12961781973.0,52800968970.0,7099075268.0,-25283145952.0,-7540043157.0,-6848467042.0,-4.52,143.23,89.95,-1.28,149.64,97.34,-1.24,141.68,100.32,-26.61,-75.45,45.27,643.77
244920,에이플러스에셋,CFS,207397051516.0,203924789172.0,148547454117.0,102089374555.0,77880633526.0,78231783403.0,183319122046.0,159153035121.0,157987674390.0,189535578709.0,186149001984.0,127601630884.0,354607752665.0,270723518058.0,258020393571.0,7648299829.0,1355637973.0,5736591082.0,11677348868.0,65517049438.0,15413007326.0,6.16,96.72,203.15,35.2,85.5,261.84,12.08,123.81,189.88,30.99,464.18,4.92,-76.37
248070,솔루엠,CFS,653057000914.0,855701311202.0,547400118223.0,505168682791.0,679009558651.0,401555784850.0,538712266708.0,744308093817.0,442636905607.0,399932287676.0,289993946273.0,268309203234.0,1951087864184.0,1694543907800.0,1153250200869.0,154515562835.0,75604636414.0,26516420146.0,119406604562.0,45444083487.0,13323648038.0,29.86,134.7,129.28,15.67,256.66,126.02,4.97,164.97,136.32,15.14,104.37,46.94,185.12
248170,샘표식품,CFS,163554809982.0,162915218233.0,169591341072.0,124555006100.0,93574012989.0,83173455661.0,130234363511.0,122931700907.0,112576901190.0,236475375522.0,227354806467.0,214954736130.0,383426040745.0,371198280962.0,348701054310.0,9846452060.0,11131354481.0,23510478004.0,10428342986.0,13100984701.0,23691612022.0,4.41,55.07,131.31,5.76,54.07,174.1,11.02,52.37,203.9,3.29,-11.54,6.45,-52.65
249420,일동제약,CFS,235681377881.0,282034867633.0,301550233422.0,314230015650.0,316290402129.0,364140601269.0,436995279217.0,457585976912.0,548385587992.0,174265577828.0,198224237021.0,160584774613.0,600757839592.0,637714489814.0,560131626305.0,-53943619731.0,-73481142189.0,-55535279170.0,-80961049475.0,-142169549897.0,-100968468839.0,-46.46,250.76,75.0,-71.72,230.84,89.17,-62.88,341.49,82.81,-5.8,26.59,13.85,-32.31
251270,넷마블,CFS,905788023108.0,997344674257.0,1962570156096.0,1905547737533.0,2293992289893.0,3056208603922.0,2836820600756.0,3313765261202.0,4656124187351.0,5079044788538.0,5621808454658.0,6007658886345.0,2502055599771.0,2673408275832.0,2506906374110.0,-68468184309.0,-108688598689.0,151024628649.0,-303885236393.0,-886357560393.0,249178251759.0,-5.98,55.85,47.53,-15.77,58.94,43.48,4.15,77.5,64.22,-6.41,37.01,6.64,-171.97
259960,크래프톤,CFS,3964417087694.0,3892564094341.0,3653732581737.0,520690696023.0,411459589199.0,638188239035.0,881636358567.0,921378865691.0,1109583258714.0,5558820261031.0,5116405100445.0,4608244308771.0,1910576180288.0,1854016090527.0,1885351810718.0,768045608970.0,751606569542.0,650608053460.0,594060314352.0,500154032217.0,519877622732.0,10.69,15.86,761.38,9.78,18.01,946.04,11.28,24.08,572.52,3.05,2.19,-1.66,15.52
264900,크라운제과,CFS,100944500488.0,146160879714.0,146109125360.0,79037557686.0,94168048382.0,123268891509.0,133792953090.0,137897080146.0,164015182221.0,204815188861.0,192266230903.0,160554509395.0,434728792634.0,413638464749.0,381212215741.0,28440130656.0,17588318271.0,15876288553.0,23453590442.0,27057204288.0,13098370031.0,11.45,65.32,127.72,14.07,71.72,155.21,8.16,102.16,118.53,5.1,61.7,8.51,10.78
26490K,크라운제과우,,,,,,,,,,,,,,,,,,,,,,,,,,,,,,,,,,,
267250,HD현대,CFS,32083110520000.0,30130809645000.0,13555036973000.0,28532163119000.0,26274593765000.0,11685895014000.0,44750983788000.0,42307197037000.0,23926584846000.0,23231837100000.0,23263664039000.0,11852063077000.0,61331302785000.0,60849668073000.0,28353671478000.0,2031563587000.0,3387008264000.0,1036588377000.0,785832206000.0,2234955013000.0,150575823000.0,3.38,192.63,112.45,9.61,181.86,114.68,1.27,201.88,115.99,0.79,-40.02,114.61,226.75
267260,HD현대일렉트릭,CFS,1972953333108.0,1548305844287.0,1398337921716.0,1497428721709.0,1411144505503.0,1252495843373.0,1853129751520.0,1603861296111.0,1568748135135.0,1057030326170.0,831168874627.0,646222114613.0,2702799337370.0,2104499487335.0,1805991746883.0,315218290721.0,133040987326.0,9736360055.0,259455508262.0,162017992899.0,-33686739374.0,24.55,175.31,131.76,19.49,192.96,109.72,-5.21,242.76,111.64,28.43,136.93,16.53,1266.43
267270,HD건설기계,CFS,2199162255000.0,2350617095000.0,2469739869000.0,1014150486000.0,1373720575000.0,1499093241000.0,1525880042000.0,1781299828000.0,2011758293000.0,1771073331000.0,1667286942000.0,1547807571000.0,3824966876000.0,3515611921000.0,3284339623000.0,257228437000.0,170610025000.0,160708836000.0,127451683000.0,99406644000.0,126434170000.0,7.2,86.16,216.85,5.96,106.84,171.11,8.17,129.97,164.75,8.8,50.77,7.04,6.16
267290,경동도시가스,CFS,570455477365.0,690019275269.0,530447175595.0,457667483913.0,598220338526.0,451736777214.0,530531232208.0,672626336234.0,529075278966.0,420797886160.0,394988696801.0,375416486826.0,1799453797857.0,2304945009655.0,1457154328305.0,28284881618.0,25271267744.0,27131980264.0,30614836384.0,24201000345.0,22151257538.0,7.28,126.08,124.64,6.13,170.29,115.35,5.9,140.93,117.42,-21.93,11.93,58.18,-6.86
267850,아시아나IDT,CFS,112378071075.0,114136262719.0,159869067010.0,50684601507.0,37832497950.0,53531512890.0,57936999386.0,45626559675.0,66556637647.0,164804819018.0,159951223863.0,155579343424.0,188353920542.0,181365956561.0,174722677584.0,9112194550.0,10236752051.0,7289230391.0,10957999006.0,8596697646.0,26361899660.0,6.65,35.15,221.72,5.37,28.53,301.69,16.94,42.78,298.64,3.85,-10.99,3.8,40.44
268280,미원에스씨,CFS,285140082282.0,297849052417.0,292525306152.0,71025568789.0,82880700804.0,97012314823.0,88131933996.0,96877962047.0,111607730515.0,373055947068.0,378855818934.0,326520867078.0,437672918321.0,611649824176.0,531343052748.0,22527162446.0,80853449953.0,95032118064.0,18604640644.0,64824227314.0,79903361416.0,4.99,23.62,401.46,17.11,25.57,359.37,24.47,34.18,301.53,-28.44,-72.14,15.11,-14.92
271560,오리온,CFS,1628205234773.0,1470432835841.0,1146230732064.0,398919908913.0,556179578260.0,521911013697.0,565908178494.0,732455081520.0,827878188583.0,2955476949348.0,2639228832700.0,2292550472319.0,2912358051475.0,2873246771346.0,2355499705531.0,492391149504.0,466654503027.0,372909907402.0,384981955249.0,398308074971.0,263661820679.0,13.03,19.15,408.15,15.09,27.75,264.38,11.5,36.11,219.62,1.36,5.52,21.98,25.14
271940,일진하이솔루스,CFS,289215686092.0,293758323525.0,304552561624.0,17898355522.0,23684902324.0,31435509884.0,22448808838.0,27786557872.0,36385115045.0,315903986871.0,314718893049.0,307157964564.0,78740158706.0,109080826437.0,117690718877.0,-9799275704.0,2772987763.0,9802681380.0,1409437797.0,7043344617.0,8963456196.0,0.45,7.11,1615.88,2.24,8.83,1240.28,2.92,11.85,968.82,-27.81,-453.38,-7.32,-71.71
271980,제일약품,CFS,317045922670.0,291640787617.0,284672326164.0,318170457966.0,268657137216.0,221943181309.0,330294126020.0,301294319644.0,259139220266.0,157032171577.0,155597219785.0,167347197882.0,726393758032.0,722229924460.0,700693229140.0,8731379542.0,-13504334090.0,-10530151061.0,5200570313.0,-15009013754.0,-14985617755.0,3.31,210.34,99.65,-9.65,193.64,108.56,-8.95,154.85,128.26,0.58,164.66,3.07,-28.24
272210,한화시스템,CFS,1890139661377.0,2326839782700.0,2676109373359.0,1951414761805.0,1618535589452.0,1363163303302.0,2329084660742.0,1926675685540.0,1654541163154.0,2154126164004.0,2018952014723.0,2239761486828.0,2453079541922.0,2187980199396.0,2089503039125.0,92870721114.0,39087866052.0,112509192577.0,343083288939.0,-80760193717.0,97878482869.0,15.93,108.12,96.86,-4.0,95.43,143.76,4.37,73.87,196.32,12.12,137.59,4.71,-65.26
272450,진에어,CFS,491941267889.0,275073699422.0,194274479152.0,486625735046.0,392285683546.0,200741446828.0,809343859972.0,662850263536.0,428845330756.0,142987687702.0,94938755974.0,172748470776.0,1277221821965.0,593428498296.0,247191153629.0,182163416125.0,-67279707925.0,-185250423988.0,133861703576.0,-63518972226.0,-133582933240.0,93.62,566.02,101.09,-66.91,698.19,70.12,-77.33,248.25,96.78,115.23,370.76,140.07,63.68
272550,삼양패키징,CFS,142326722141.0,177390157588.0,185164145033.0,183017509260.0,81118925034.0,179584389721.0,267466066683.0,281486642027.0,291245808101.0,374574487725.0,361074362247.0,321240705447.0,421668811107.0,407352726188.0,391946196350.0,32467578424.0,23696363467.0,46146456045.0,25435266117.0,12090046769.0,30301541298.0,6.79,71.41,77.77,3.35,77.96,218.68,9.43,90.66,103.11,3.51,37.02,3.93,-48.65
278470,에이피알,CFS,219307995672.0,137024020095.0,90318935738.0,82296421377.0,76266539341.0,50064266575.0,90360619465.0,83864628095.0,60427749526.0,196948868778.0,99266311538.0,66001080624.0,523809364559.0,397698119336.0,259146144182.0,104193724865.0,39228479397.0,14273152154.0,81546050952.0,28962993115.0,11398827028.0,41.4,45.88,266.49,29.18,84.48,179.66,17.27,91.56,180.41,31.71,165.61,53.46,174.84
279570,케이뱅크,CFS,,,,,,,19554896000000.0,14833418000000.0,11595500000000.0,1866881000000.0,1797928000000.0,1738056000000.0,,,,,,,12812000000.0,83569000000.0,22547000000.0,0.69,1047.46,,4.65,825.03,,1.3,667.15,,,,,
280360,롯데웰푸드,CFS,1488887021005.0,1448968131024.0,827934641771.0,932087430502.0,921106822210.0,685643071295.0,2056459476713.0,1993627503014.0,1339676736464.0,2142636835874.0,2111631675614.0,1326971990515.0,4066391863111.0,3203264461054.0,2145407244785.0,177018020646.0,112384711475.0,108471110781.0,67771271606.0,43880019381.0,36348659698.0,3.16,95.98,159.74,2.08,94.41,157.31,2.74,100.96,120.75,26.95,57.51,49.31,3.61
281820,케이씨텍,CFS,372677828171.0,352610756590.0,321746875357.0,42090154288.0,52326466008.0,64036202934.0,47337825408.0,57327965096.0,67862265059.0,452613440707.0,425985366698.0,385163372483.0,286909703428.0,378192950172.0,344546239687.0,32703769328.0,60336560528.0,52101772598.0,31700589259.0,55385938675.0,41946593487.0,7.0,10.46,885.43,13.0,13.46,673.87,10.89,17.62,502.45,-24.14,-45.8,9.77,15.81
282330,BGF리테일,CFS,978981168666.0,889900434324.0,808328772196.0,1191297910778.0,1102246622172.0,1016456191788.0,2144625475397.0,1983607627851.0,1787059387273.0,1074453047721.0,962627643775.0,809319369409.0,8194753978897.0,7615769467741.0,6781161259022.0,253187753623.0,252407573570.0,199441703668.0,195844952003.0,193538863026.0,147642852239.0,18.23,199.6,82.18,20.11,206.06,80.74,18.24,220.81,79.52,7.6,0.31,12.31,26.56
284740,쿠쿠홈시스,CFS,460929460989.0,410913985435.0,339790706290.0,226054860124.0,189806861892.0,204264268379.0,238828611222.0,222383617986.0,276439250562.0,899281775612.0,794576672740.0,652862373665.0,954551724190.0,938072669980.0,844284505890.0,144873008354.0,119943993497.0,164120375484.0,121298841327.0,114550883045.0,131064209232.0,13.49,26.56,203.9,14.42,27.99,216.49,20.08,42.34,166.35,1.76,20.78,11.11,-26.92
285130,SK케미칼,CFS,2204426649041.0,2518693783957.0,2784058669420.0,830211385119.0,1058819027627.0,1086649251139.0,1483000847844.0,1236777050588.0,1388894985738.0,2675774055847.0,2708905829156.0,2566737408518.0,1748777740387.0,1829191322924.0,2089631876416.0,83302487079.0,230480673367.0,555185910439.0,47837893778.0,231475869672.0,268743338018.0,1.79,55.42,265.53,8.54,45.66,237.88,10.47,54.11,256.21,-4.4,-63.86,-12.46,-58.49
28513K,SK케미칼우,,,,,,,,,,,,,,,,,,,,,,,,,,,,,,,,,,,
286940,롯데이노베이트,CFS,421382346857.0,366285909491.0,348644516939.0,351253639985.0,277820826605.0,210884864289.0,492995443728.0,417980301556.0,316885705578.0,451054726654.0,453951220055.0,433244931976.0,1196722467905.0,1047704877833.0,929998711140.0,56946199405.0,34251438232.0,39966380370.0,40721529179.0,28385062388.0,34658576364.0,9.03,109.3,119.97,6.25,92.08,131.84,8.0,73.14,165.32,14.22,66.26,12.66,-14.3
293480,하나제약,CFS,102420917003.0,103527223260.0,140454968471.0,56126382443.0,44704054674.0,40844899401.0,70401293830.0,77567635819.0,51596170881.0,277984888630.0,268396920606.0,251901083556.0,224456850812.0,210844992166.0,196406570950.0,27031448543.0,31170755065.0,36010059531.0,22332770016.0,24307179317.0,28013835906.0,8.03,25.33,182.48,9.06,28.9,231.58,11.12,20.48,343.87,6.46,-13.28,7.35,-13.44
294870,IPARK현대산업개발,CFS,4987269549535.0,5442547023552.0,4955826205119.0,3147575788572.0,3459125496456.0,2846967258416.0,4008251615125.0,4434454285936.0,3681097259241.0,3008017194695.0,2901872323441.0,2885280644903.0,4190788148341.0,3298299641730.0,3363905605791.0,195313165155.0,116379700606.0,273435124620.0,172890219224.0,50219958316.0,176280916096.0,5.75,133.25,158.45,1.73,152.81,157.34,6.11,127.58,174.07,27.06,67.82,-1.95,-57.44
298000,효성화학,CFS,699213881358.0,819924444604.0,788985422173.0,2147489075108.0,1715748683152.0,1083163917367.0,3053727221219.0,3016501814422.0,2554748674581.0,61883631383.0,114617084621.0,489300783549.0,2791629366532.0,2878558180595.0,2519965285042.0,-188836196768.0,-336727239866.0,136574029923.0,-346912679351.0,-408866780552.0,58415830355.0,-560.59,4934.63,32.56,-356.72,2631.81,47.79,11.94,522.12,72.84,-3.02,43.92,14.23,-346.55
298020,효성티앤씨,CFS,1856066709152.0,2143068335976.0,2605431161824.0,1881749200828.0,2184964278981.0,2249512593825.0,2501728753176.0,2804355654281.0,2762872542817.0,1568742666020.0,1515523658191.0,1763596646276.0,7526918824216.0,8882729665188.0,8596030165373.0,213392972311.0,123593507716.0,1423650756975.0,98706200512.0,19183248249.0,1007902535415.0,6.29,159.47,98.64,1.27,185.04,98.08,57.15,156.66,115.82,-15.26,72.66,3.34,-91.32
298040,효성중공업,CFS,2351430099777.0,2221499626151.0,1561557951889.0,2811484808084.0,2504911410809.0,1944010947810.0,3537140808779.0,3590259543651.0,2985558691550.0,1224159409651.0,1103211064622.0,1037142743122.0,4300571503251.0,3510143917637.0,3094698644786.0,257836947601.0,143248629974.0,120066031213.0,131922316419.0,29129546895.0,76516679128.0,10.78,288.94,83.64,2.64,325.44,88.69,7.38,287.86,80.33,22.52,79.99,13.42,19.31
298050,HS효성첨단소재,CFS,1185155418778.0,1331264107697.0,1355008714831.0,1751303370700.0,1624968272446.0,1744511155606.0,2284308007971.0,2135155968289.0,2187093121980.0,750094583607.0,799557509705.0,721588715846.0,3202331179495.0,3841372825700.0,3597777100369.0,172374384077.0,315070313327.0,437309926236.0,47255354037.0,160238371318.0,330023237559.0,6.3,304.54,67.67,20.04,267.04,81.93,45.74,303.09,77.67,-16.64,-45.29,6.77,-27.95
298690,에어부산,CFS,248452066192.0,202750960475.0,76090894013.0,361362135670.0,357728874609.0,243211758433.0,1171269889193.0,1101224121714.0,879205856364.0,186813445077.0,126658965945.0,130531510747.0,890440348608.0,404992920145.0,176501762277.0,159754475912.0,-81307511001.0,-203964281587.0,104145078768.0,-150400645156.0,-265960609370.0,55.75,626.97,68.75,-118.74,869.44,56.68,-203.75,673.56,31.29,119.87,296.48,129.46,60.14
300720,한일시멘트,CFS,856337708561.0,630383484045.0,602918548505.0,535736987386.0,485429196799.0,492669740385.0,1148706828729.0,885820287173.0,911950414994.0,1719218535647.0,1575016584724.0,1458377492454.0,1799500983414.0,1487574712514.0,1271853626333.0,246515704341.0,117984446512.0,120397431466.0,177712230984.0,87618199438.0,86015249051.0,10.34,66.82,159.84,5.56,56.24,129.86,5.9,62.53,122.38,20.97,108.94,16.96,-2.0
302440,SK바이오사이언스,CFS,1382969483530.0,1783694210430.0,1837804230933.0,135619895892.0,380037427181.0,459952164123.0,148583863708.0,400229387487.0,508810723584.0,1703855316376.0,1741701996063.0,1601311948494.0,369505555858.0,456725871196.0,929000929909.0,-11987764772.0,115013617843.0,474219856324.0,22317719237.0,122451949931.0,355139276839.0,1.31,8.72,1019.74,7.03,22.98,469.35,22.18,31.77,399.56,-19.1,-110.42,-50.84,-75.75
306200,세아제강,CFS,839632823579.0,837441133208.0,681376605936.0,399897948204.0,419082622861.0,331976507618.0,538663132693.0,636127562772.0,548598491730.0,997250711969.0,829001866215.0,679592734674.0,1860904969919.0,1801835090460.0,1497360775818.0,231910194040.0,215165657893.0,131945673869.0,188833969221.0,159294293117.0,91395255230.0,18.94,54.01,209.96,19.22,76.73,199.83,13.45,80.72,205.25,3.28,7.78,20.33,63.07
307950,현대오토에버,CFS,1833666781000.0,1695856233000.0,1471052292000.0,922946477000.0,883697780000.0,721374123000.0,1250744682000.0,1129055501000.0,970301490000.0,1592312483000.0,1490380826000.0,1375821355000.0,3065015134000.0,2754508003000.0,2070382112000.0,181413573000.0,142362194000.0,96106277000.0,140312627000.0,116170013000.0,71368213000.0,8.81,78.55,198.68,7.79,75.76,191.9,5.19,70.53,203.92,11.27,27.43,33.04,48.13
308170,씨티알모빌리티,CFS,113969395682.0,108433064786.0,94828381186.0,148856879699.0,143795718692.0,120168397331.0,212995835832.0,193518912705.0,180182555781.0,85104081955.0,103848274799.0,97921321553.0,444173625905.0,423096556243.0,368434976308.0,524576905.0,-736093949.0,3572849129.0,-16910739183.0,1128714129.0,1427457546.0,-19.87,250.28,76.56,1.09,186.35,75.41,1.46,184.01,78.91,4.98,171.26,14.84,-120.6
316140,우리금융지주,CFS,,,,,,,464607446000000.0,448847054000000.0,418333676000000.0,33397490000000.0,31627342000000.0,28850195000000.0,,,,,,,2626894000000.0,3323982000000.0,2807371000000.0,7.87,1391.14,,10.51,1419.17,,9.73,1450.02,,,,,
317400,자이에스앤디,CFS,1129482170288.0,1512415592674.0,322493130914.0,551848947437.0,1016844837657.0,120548674980.0,775629628554.0,1230633742673.0,235999657379.0,793535252292.0,722054387805.0,308346204652.0,2374632695604.0,2479010932945.0,435730829464.0,126591961231.0,198896062736.0,50822485579.0,94998070797.0,151898862071.0,36537283010.0,11.97,97.74,204.67,21.04,170.44,148.74,11.85,76.54,267.52,-4.21,-36.35,468.93,291.35
317450,명인제약,,,,,,,,,,,,,,,,,,,,,,,,,,,,,,,,,,,
322000,HD현대에너지솔루션,CFS,361109469820.0,490181755892.0,445279417567.0,105253368902.0,237448773015.0,255777451702.0,130500000767.0,271292811162.0,285239400322.0,371556913092.0,381533148869.0,320319488368.0,546119805992.0,984812413122.0,593163581874.0,17542859732.0,90165877747.0,9494797191.0,-2863877616.0,60610132499.0,-6655574104.0,-0.77,35.12,343.09,15.89,71.11,206.44,-2.08,89.05,174.09,-44.55,-80.54,66.03,849.63
323410,카카오뱅크,CFS,,,,,,,48370463000000.0,33800969000000.0,30518698000000.0,6117694000000.0,5715110000000.0,5521370000000.0,2494045000000.0,1605801000000.0,1064933000000.0,478485000000.0,353186000000.0,256936000000.0,354912000000.0,263091000000.0,204124000000.0,5.8,790.66,,4.6,591.43,,3.7,552.74,,55.31,35.48,50.79,37.46
326030,SK바이오팜,CFS,488722241295.0,487924712746.0,471219267786.0,241618588520.0,163072636224.0,148305638282.0,402219382621.0,347680678987.0,199464892917.0,320951194568.0,316560460441.0,444187446379.0,354891555524.0,246179120020.0,418644529122.0,-37522197049.0,-131078028191.0,94958200240.0,-35379488498.0,-139430877684.0,64845640322.0,-11.02,125.32,202.27,-44.05,109.83,299.21,14.6,44.91,317.74,44.16,71.37,-41.2,-238.04
329180,HD현대중공업,CFS,8799684121000.0,8000865934000.0,7886064934000.0,9945027489000.0,9072004186000.0,7048607453000.0,11926177799000.0,11001578566000.0,9484646542000.0,5207440310000.0,5287819487000.0,5594024949000.0,11963925991000.0,9045480488000.0,8311275924000.0,178639965000.0,-289151153000.0,-800262777000.0,24689214000.0,-352064622000.0,-814227962000.0,0.47,229.02,88.48,-6.66,208.06,88.19,-14.56,169.55,111.88,32.26,161.78,8.83,63.87
336260,두산퓨얼셀,CFS,648072793252.0,675719160885.0,498231730370.0,287371274263.0,312667179970.0,77613228251.0,558190645631.0,503865290192.0,180666683063.0,512651877530.0,523064425818.0,518188257488.0,260886184003.0,312148720814.0,381412347810.0,,,,-8500099581.0,3863590126.0,8695162181.0,-1.66,108.88,225.52,0.74,96.33,216.11,1.68,34.87,641.94,-16.42,,-18.16,
33626K,두산퓨얼셀1우,,,,,,,,,,,,,,,,,,,,,,,,,,,,,,,,,,,
33626L,두산퓨얼셀2우B,,,,,,,,,,,,,,,,,,,,,,,,,,,,,,,,,,,
336370,솔루스첨단소재,CFS,564281066949.0,507979815410.0,394470443408.0,568008126724.0,422142030007.0,292593230926.0,648534252541.0,542937434917.0,489392306309.0,1058188198539.0,918102971334.0,522207439267.0,429422392943.0,418285694715.0,380330790029.0,-73207987858.0,-49673692019.0,5004010041.0,126771745557.0,-47211673456.0,154872778.0,11.98,61.29,99.34,-5.14,59.14,120.33,0.03,93.72,134.82,2.66,-47.38,9.98,-1092.68
33637K,솔루스첨단소재1우,,,,,,,,,,,,,,,,,,,,,,,,,,,,,,,,,,,
33637L,솔루스첨단소재2우B,,,,,,,,,,,,,,,,,,,,,,,,,,,,,,,,,,,
339770,교촌에프앤비,CFS,110874287124.0,111322995611.0,79621451636.0,99777594628.0,102735562443.0,57924333464.0,140790677460.0,125754598439.0,74918333469.0,185573863457.0,179218784515.0,179809579517.0,444950940517.0,517457457887.0,507628215445.0,24838126050.0,8840657464.0,40962441268.0,12801507642.0,4943478021.0,29849753012.0,6.9,75.87,111.12,2.76,70.17,108.36,16.6,41.67,137.46,-14.01,180.95,1.94,-78.42
344820,KCC글라스,CFS,912921220598.0,958080961323.0,792918296257.0,322335001511.0,445261766379.0,385816175815.0,735664746128.0,766953036714.0,489520761943.0,1488014851281.0,1442611749069.0,1388414266640.0,1680055646591.0,1443680691839.0,1175659965172.0,95020315030.0,119220614753.0,160451158221.0,81715932017.0,93975892640.0,117224619390.0,5.49,49.44,283.22,6.51,53.16,215.17,8.44,35.26,205.52,16.37,-20.3,22.8,-25.7
352820,하이브,CFS,1888752497000.0,2115847172000.0,2003133142000.0,1772168712000.0,849484677000.0,586618859000.0,2235766519000.0,1941754310000.0,1842330260000.0,3109914968000.0,2928680005000.0,2886585043000.0,2178088207000.0,1776153957000.0,1255926483000.0,295643307000.0,236907930000.0,190247657000.0,183449559000.0,48032125000.0,140834607000.0,5.9,71.89,106.58,1.64,66.3,249.07,4.88,63.82,341.47,22.63,24.79,41.42,24.53
353200,대덕전자,CFS,433050450649.0,498103203993.0,372780446028.0,176728997546.0,265030183039.0,182382542307.0,259199449761.0,336767845823.0,259131514537.0,868336080497.0,854989142336.0,681882884052.0,909651486895.0,1316163420252.0,1000931518781.0,23732043885.0,232523019093.0,72467127013.0,25377820749.0,183925142573.0,63027288650.0,2.92,29.85,245.04,21.51,39.39,187.94,9.24,38.0,204.39,-30.89,-89.79,31.49,220.87
35320K,대덕전자1우,,,,,,,,,,,,,,,,,,,,,,,,,,,,,,,,,,,
361610,SK아이이테크놀로지,CFS,894364683000.0,853496751000.0,1239411876000.0,717942082000.0,452456607000.0,500951546000.0,1672154317000.0,1322662099000.0,968322606000.0,2411660766000.0,2174673266000.0,2216201501000.0,649568305000.0,585798633000.0,603767421000.0,32027920000.0,-52295439000.0,89175689000.0,82158002000.0,-29681042000.0,95350272000.0,3.41,69.34,124.57,-1.36,60.82,188.64,4.3,43.69,247.41,10.89,161.24,-2.98,-158.64
363280,티와이홀딩스,CFS,575538776831.0,350108898373.0,271855417997.0,734759784544.0,579981783664.0,517413269999.0,1343105565076.0,736598801569.0,708502449822.0,973830564536.0,1546364261837.0,1423671832747.0,325391952440.0,332624105584.0,295210018480.0,-354083133260.0,16760555335.0,11235068662.0,-591828760879.0,94898708708.0,158600501352.0,-60.77,137.92,78.33,6.14,47.63,60.37,11.14,49.77,52.54,-2.17,-2212.6,12.67,49.18
36328K,티와이홀딩스우,,,,,,,,,,,,,,,,,,,,,,,,,,,,,,,,,,,
372910,한컴라이프케어,CFS,104062717689.0,114255369452.0,111183498703.0,53329707845.0,76537203877.0,92758789634.0,53883062751.0,80099500535.0,97308908576.0,128326940118.0,127930340521.0,116818403289.0,112779715327.0,100120112846.0,121140356659.0,1832106411.0,-1332071025.0,4787002473.0,871118626.0,9269405838.0,4835069260.0,0.68,41.99,195.13,7.25,62.61,149.28,4.14,83.3,119.86,12.64,237.54,-17.35,-127.83
373220,LG에너지솔루션,CFS,17208396000000.0,18804269000000.0,9535827000000.0,10937185000000.0,11444923000000.0,9474017000000.0,21063635000000.0,17705683000000.0,15021764000000.0,24373509000000.0,20593762000000.0,8742373000000.0,33745470000000.0,25598609000000.0,17851906000000.0,2163234000000.0,1213719000000.0,768470000000.0,1637985000000.0,779826000000.0,929868000000.0,6.72,86.42,157.34,3.79,85.98,164.3,10.64,171.83,100.65,31.83,78.23,43.39,57.94
375500,DL이앤씨,CFS,5782745971638.0,5403768957903.0,5354345946301.0,3748597999373.0,3210693538872.0,3136739509756.0,4575277542881.0,4282240934857.0,4204543036708.0,4768781215299.0,4692476509428.0,4497147166036.0,7991063616680.0,7496823679468.0,7631650898582.0,330659390232.0,496965230080.0,957257982914.0,202169475522.0,431557865893.0,635835953637.0,4.24,95.94,154.26,9.2,91.26,168.31,14.14,93.49,170.7,6.59,-33.46,-1.77,-48.08
37550K,DL이앤씨우,,,,,,,,,,,,,,,,,,,,,,,,,,,,,,,,,,,
37550L,DL이앤씨2우(전환),,,,,,,,,,,,,,,,,,,,,,,,,,,,,,,,,,,
377300,카카오페이,CFS,2385238191524.0,2259815836785.0,2292025213275.0,1108543250271.0,873830451555.0,844442925209.0,2031711008305.0,1423162601012.0,1637071183230.0,1934775610065.0,1908259719805.0,1795637761122.0,615362834408.0,521364289086.0,458646799073.0,-56589696679.0,-45483825929.0,-27227158574.0,-22906723275.0,26829839393.0,-33863310446.0,-1.18,105.01,215.17,1.41,74.58,258.61,-1.89,91.17,271.42,18.03,-24.42,13.67,-67.05
377740,바이오노트,CFS,456477758210.0,824836143679.0,640708645896.0,10800896172.0,49505015315.0,118273329758.0,36266411140.0,156849683848.0,216363048604.0,1556575913051.0,1600152081938.0,1272504224623.0,90080965589.0,479657089813.0,622355164435.0,-47041101526.0,295409547762.0,468747621538.0,-20496527310.0,307797756625.0,676600968170.0,-1.32,2.33,4226.3,19.24,9.8,1666.17,53.17,17.0,541.72,-81.22,-115.92,-22.93,-36.98
378850,화승알앤에이,CFS,196679197154.0,179634547981.0,174002073655.0,263497530809.0,294681105612.0,273770194650.0,318255571535.0,329908689839.0,343764803523.0,112518168095.0,92660510400.0,67401013131.0,680651664943.0,657927523502.0,505757693153.0,31781405221.0,15504096093.0,7963353368.0,24209219464.0,12684597839.0,8309742009.0,21.52,282.85,74.64,13.69,356.04,60.96,12.33,510.03,63.56,3.45,104.99,30.09,94.69
381970,케이카,CFS,254669593026.0,243477563033.0,286994290863.0,154886156926.0,119999831729.0,198596874798.0,319202420548.0,288535623931.0,274551592028.0,234915872409.0,245821066878.0,275472387284.0,2047566232203.0,2177261973592.0,1902394224458.0,59013290449.0,50047663225.0,71108716318.0,28365697237.0,30363688765.0,46775528905.0,12.07,135.88,164.42,12.35,117.38,202.9,16.98,99.67,144.51,-5.96,17.91,14.45,-29.62
383220,F&F,CFS,745614087218.0,601204892800.0,388466888441.0,486850150917.0,575925566738.0,563664512020.0,687356585452.0,627006736608.0,599071742826.0,1317741413518.0,943172288792.0,541258364917.0,1978495535892.0,1808894546708.0,1089172086930.0,551835228989.0,524882680312.0,322683779494.0,425017760533.0,442664517277.0,225761328128.0,32.25,52.16,153.15,46.93,66.48,104.39,41.71,110.68,68.92,9.38,5.13,66.08,62.66
383800,LX홀딩스,CFS,265887000000.0,209654000000.0,133838000000.0,21865000000.0,12449000000.0,9850000000.0,35679000000.0,23948000000.0,27878000000.0,1662848000000.0,1611093000000.0,1414669000000.0,37913000000.0,488000000.0,0.0,73176000000.0,158908000000.0,147184000000.0,78842000000.0,170140000000.0,142866000000.0,4.74,2.15,1216.04,10.56,1.49,1684.1,10.1,1.97,1358.76,7669.06,-53.95,,7.97
38380K,LX홀딩스1우,,,,,,,,,,,,,,,,,,,,,,,,,,,,,,,,,,,
402340,SK스퀘어,CFS,2288523000000.0,2864776000000.0,2967163000000.0,1380605000000.0,1819530000000.0,2517365000000.0,2153491000000.0,4997383000000.0,5783846000000.0,15816517000000.0,17163200000000.0,16855294000000.0,2276508000000.0,2370553000000.0,402881000000.0,-2339698000000.0,16052000000.0,400860000000.0,-1314834000000.0,256107000000.0,363156000000.0,-8.31,13.62,165.76,1.49,29.12,157.45,2.15,34.31,117.87,-3.97,-14675.74,488.4,-96.0
403550,쏘카,CFS,159042206323.0,170683810514.0,98013662765.0,242074818002.0,197842884707.0,147895504575.0,467284133227.0,338134836141.0,282278766924.0,211739104490.0,247578318491.0,150910237245.0,398471745542.0,397560235879.0,289000548862.0,-9690085854.0,9523634592.0,-20973219191.0,-42333536519.0,-18137502613.0,6277074920.0,-19.99,220.69,65.7,-7.33,136.58,86.27,4.16,187.05,66.27,0.23,-201.75,37.56,145.41
439260,대한조선,,,,,,,,,,,,,,,,,,,,,,,,,,,,,,,,,,,
443060,HD현대마린솔루션,,,,,,,,,,,,,,,,,,,,,,,,,,,,,,,,,,,
446070,유니드비티플러스,CFS,139250183481.0,136713797294.0,,23079781513.0,18091294473.0,,27993834428.0,21499363558.0,,191891579842.0,192131911236.0,,168785613274.0,29221282156.0,,-4071770040.0,1427051307.0,,861666713.0,959501849.0,,0.45,14.59,603.34,0.5,11.19,755.69,,,,477.61,-385.33,,
450080,에코프로머티,CFS,576305363672.0,265125163060.0,130243037364.0,267426437386.0,249084998903.0,158726086279.0,305137809602.0,320612563898.0,304283280985.0,799097396195.0,314300581291.0,68300619930.0,952523315840.0,665248278975.0,342888306397.0,8772772409.0,38988203638.0,16252651418.0,5045159766.0,15582712507.0,-22979543277.0,0.63,38.19,215.5,4.96,102.01,106.44,-33.64,445.51,82.06,43.18,-77.5,94.01,139.89
452260,한화갤러리아,CFS,360687785576.0,,,577680227051.0,,,1026407580504.0,,,828664559252.0,,,434495384619.0,,,9820592817.0,,,-30102383936.0,,,-3.63,123.86,62.44,,,,,,,,,,
45226K,한화갤러리아우,,,,,,,,,,,,,,,,,,,,,,,,,,,,,,,,,,,
453340,현대그린푸드,CFS,378556857000.0,,,224641379000.0,,,251806216000.0,,,628510987000.0,,,1826998311000.0,,,64841641000.0,,,39327155000.0,,,6.26,40.06,168.52,,,,,,,,,,
454910,두산로보틱스,CFS,426104997914.0,38836786832.0,19662534344.0,13352660263.0,14736738226.0,11808543177.0,17613986323.0,19853042743.0,13942990447.0,438808093399.0,42765361853.0,15502079945.0,53038372299.0,44953674400.0,36980223150.0,-19167549522.0,-13228333085.0,-7084713278.0,-15873538546.0,-12548180138.0,-7417405631.0,-3.62,4.01,3191.16,-29.34,46.42,263.54,-47.85,89.94,166.51,17.98,-44.9,21.56,-86.72
456040,OCI,CFS,1030706896000.0,,,861688555000.0,,,1006942846000.0,,,983528347000.0,,,1288825675000.0,,,57451316000.0,,,52204137000.0,,,5.31,102.38,119.61,,,,,,,,,,
457190,이수스페셜티케미컬,CFS,87504440407.0,,,115394317923.0,,,122971603274.0,,,94988539136.0,,,117528614931.0,,,-6119544615.0,,,-6205555775.0,,,-6.53,129.46,75.83,,,,,,,,,,
460850,동국씨엠,CFS,741102851753.0,,,687084329583.0,,,749101897755.0,,,961632609276.0,,,1266149070283.0,,,26689442862.0,,,10113300697.0,,,1.05,77.9,107.86,,,,,,,,,,
460860,동국제강,CFS,1461339860181.0,,,1531727717545.0,,,1810426229169.0,,,1721360857067.0,,,2632104129307.0,,,235489924847.0,,,142170864518.0,,,8.26,105.17,95.4,,,,,,,,,,
462520,조선내화,CFS,191014588036.0,,,208318896606.0,,,217208545827.0,,,220825237066.0,,,279366908292.0,,,31851793726.0,,,24143455808.0,,,10.93,98.36,91.69,,,,,,,,,,
462870,시프트업,,,,,,,,,,,,,,,,,,,,,,,,,,,,,,,,,,,
465770,STX그린로지스,CFS,23994396545.0,,,24246702945.0,,,43494937062.0,,,30439346267.0,,,28310433178.0,,,1847006212.0,,,1437256126.0,,,4.72,142.89,98.96,,,,,,,,,,
475150,SK이터닉스,,,,,,,,,,,,,,,,,,,,,,,,,,,,,,,,,,,
475560,더본코리아,,,,,,,,,,,,,,,,,,,,,,,,,,,,,,,,,,,
480370,씨케이솔루션,,,,,,,,,,,,,,,,,,,,,,,,,,,,,,,,,,,
483650,달바글로벌,,,,,,,,,,,,,,,,,,,,,,,,,,,,,,,,,,,
484870,엠앤씨솔루션,,,,,,,,,,,,,,,,,,,,,,,,,,,,,,,,,,,
487570,HS효성,,,,,,,,,,,,,,,,,,,,,,,,,,,,,,,,,,,
489790,한화비전,,,,,,,,,,,,,,,,,,,,,,,,,,,,,,,,,,,
499790,GS피앤엘,,,,,,,,,,,,,,,,,,,,,,,,,,,,,,,,,,,
0001A0,덕양에너젠,,,,,,,,,,,,,,,,,,,,,,,,,,,,,,,,,,,
000250,삼천당제약,CFS,163905937639.0,157749140159.0,168919766042.0,57957199035.0,38159520916.0,54019011086.0,109561750075.0,127151386518.0,93647148966.0,298460071937.0,245641663641.0,250300519222.0,192668515628.0,177335410013.0,167274903875.0,9559814333.0,12224651499.0,-15293087301.0,-4187753548.0,8831820464.0,-10360886456.0,-1.4,36.71,282.81,3.6,51.76,413.39,-4.14,37.41,312.7,8.65,-21.8,6.01,179.94
000440,중앙에너비스,CFS,14089537829.0,12084595556.0,15692197239.0,2015432445.0,2414646335.0,3482531959.0,4503843144.0,4601893188.0,4806805841.0,57029289526.0,58819859634.0,59657671971.0,55473865404.0,71620870966.0,60712577714.0,-739276625.0,811819806.0,37955693.0,-251207664.0,500081876.0,251456957.0,-0.44,7.9,699.08,0.85,7.82,500.47,0.42,8.06,450.6,-22.55,-191.06,17.97,2038.86
0004V0,엔비알모션,,,,,,,,,,,,,,,,,,,,,,,,,,,,,,,,,,,
0004Y0,디비금융제14호스팩,,,,,,,,,,,,,,,,,,,,,,,,,,,,,,,,,,,
0007C0,아크릴,,,,,,,,,,,,,,,,,,,,,,,,,,,,,,,,,,,
0007J0,인벤테라,,,,,,,,,,,,,,,,,,,,,,,,,,,,,,,,,,,
0008Z0,에스엔시스,,,,,,,,,,,,,,,,,,,,,,,,,,,,,,,,,,,
0009K0,에임드바이오,,,,,,,,,,,,,,,,,,,,,,,,,,,,,,,,,,,
001000,신라섬유,CFS,707847213.0,1132483969.0,1924040400.0,16232763340.0,16457962901.0,17310227794.0,16232763340.0,16543805287.0,17447455823.0,14732763935.0,15392324935.0,15402064410.0,3777530598.0,4429624973.0,4350723533.0,391543799.0,464547764.0,668527818.0,-671622657.0,-35839884.0,670274558.0,-4.56,110.18,4.36,-0.23,107.48,6.88,4.35,113.28,11.12,-14.72,-15.72,1.81,-30.51
0010F0,보원케미칼,,,,,,,,,,,,,,,,,,,,,,,,,,,,,,,,,,,
0010V0,제이피아이헬스케어,,,,,,,,,,,,,,,,,,,,,,,,,,,,,,,,,,,
0011A0,액스비스,,,,,,,,,,,,,,,,,,,,,,,,,,,,,,,,,,,
0011T0,채비,,,,,,,,,,,,,,,,,,,,,,,,,,,,,,,,,,,
0013V0,삼진식품,,,,,,,,,,,,,,,,,,,,,,,,,,,,,,,,,,,
001540,안국약품,CFS,135416433750.0,122009639221.0,116284604637.0,78242412566.0,61498455055.0,52212214317.0,86931890148.0,69241179340.0,66675410113.0,151665662551.0,154671254308.0,153280546960.0,233675500767.0,205388536295.0,163533830268.0,5061440940.0,9675844159.0,-1084081000.0,998280290.0,6879328322.0,3743653656.0,0.66,57.32,173.07,4.45,44.77,198.39,2.44,43.5,222.72,13.77,-47.69,25.59,992.54
0015G0,그린광학,,,,,,,,,,,,,,,,,,,,,,,,,,,,,,,,,,,
0015N0,아로마티카,,,,,,,,,,,,,,,,,,,,,,,,,,,,,,,,,,,
0015S0,페스카로,,,,,,,,,,,,,,,,,,,,,,,,,,,,,,,,,,,
0017J0,세미티에스,,,,,,,,,,,,,,,,,,,,,,,,,,,,,,,,,,,
001810,무림SP,CFS,97699902685.0,98472152155.0,96754161729.0,73093990454.0,57027947245.0,59394868824.0,115117403131.0,104810921697.0,96658758706.0,199949046412.0,207982206332.0,212252604922.0,162093712069.0,153455101045.0,132202326153.0,-7289718026.0,-7181518153.0,6100549787.0,-5732388489.0,-8673652448.0,4332058199.0,-2.87,57.57,133.66,-4.17,50.39,172.67,2.04,45.54,162.9,5.63,-1.51,16.08,-217.72
001840,이화공영,CFS,69254694469.0,57869671377.0,66775282490.0,46354239273.0,35589257247.0,49871196785.0,58733169351.0,47812889946.0,57376919310.0,46583568847.0,46957293841.0,45702034314.0,151188719378.0,194558252954.0,194935371938.0,-1086299284.0,140698232.0,-4795575273.0,-1371788180.0,571714904.0,-4679840250.0,-2.94,126.08,149.4,1.22,101.82,162.6,-10.24,125.55,133.9,-22.29,-872.08,-0.19,102.93
002230,피에스텍,CFS,104421900985.0,91863467957.0,94536175825.0,19375070828.0,10625531873.0,15749470965.0,24381487923.0,22702551165.0,22829806966.0,129918232317.0,132553044331.0,141018890951.0,69629912611.0,70976492938.0,57639776340.0,851493802.0,-1840729658.0,1291468850.0,3903923412.0,-4634531730.0,6371728682.0,3.0,18.77,538.95,-3.5,17.13,864.55,4.52,16.19,600.25,-1.9,146.26,23.14,-242.53
002290,삼일기업공사,CFS,67633555968.0,65384976129.0,64910282243.0,10407653121.0,9689626749.0,10325147865.0,11649114113.0,10963539066.0,11537436699.0,65248238284.0,62959102853.0,61704478282.0,78639206759.0,63621775713.0,73803536671.0,3104213935.0,2165696619.0,3310404047.0,3839135431.0,2494624571.0,2948494240.0,5.88,17.85,649.84,3.96,17.41,674.79,4.78,18.7,628.66,23.6,43.34,-13.8,-34.58
002680,한탑,CFS,40032170887.0,53491518600.0,37101367487.0,76482501482.0,86171455089.0,74924953491.0,93537948671.0,97158940496.0,89191572907.0,47998965113.0,49746166076.0,49145832925.0,94845849580.0,99124024129.0,78892137329.0,911746243.0,332633055.0,-4556126645.0,-10307836452.0,-4729777815.0,-4878513861.0,-21.48,194.87,52.34,-9.51,195.31,62.08,-9.93,181.48,49.52,-4.32,174.1,25.64,107.3
002800,신신제약,CFS,47107679578.0,45047531977.0,36467369991.0,51719960254.0,42327457914.0,33919034161.0,62318878216.0,61681895462.0,59506993899.0,62090423782.0,59531185616.0,54800224526.0,102585576212.0,91925822969.0,74007577820.0,6003846310.0,5426211394.0,-1342541851.0,4646161084.0,4355233565.0,-1449449717.0,7.48,100.37,91.08,7.32,103.61,106.43,-2.64,108.59,107.51,11.6,10.65,24.21,504.17
003100,선광,CFS,86754214874.0,78632924317.0,103203351746.0,64984705829.0,61235799484.0,82853758364.0,277003384434.0,293046534025.0,361428425490.0,362424664352.0,337042165027.0,327897494550.0,185300554838.0,172141436308.0,162739217097.0,39087432544.0,26761774363.0,32163554969.0,29836757952.0,10147839994.0,24033559913.0,8.23,76.43,133.5,3.01,86.95,128.41,7.33,110.23,124.56,7.64,46.06,5.78,-16.79
003310,대주산업,CFS,34503114644.0,27885071586.0,23846486741.0,21099123809.0,20704161314.0,19729515726.0,34658284670.0,36195470944.0,33635641747.0,76679356737.0,68906695693.0,64446046038.0,105014557386.0,99235803613.0,84374637752.0,7684213963.0,5525217122.0,2649231269.0,10149663332.0,4337161978.0,3806618263.0,13.24,45.2,163.53,6.29,52.53,134.68,5.91,52.19,120.87,5.82,39.08,17.61,108.56
003380,하림지주,CFS,4319465747358.0,4756365991493.0,3756713435332.0,5601961097786.0,5220519370734.0,4657380565363.0,8137558091100.0,8209604806659.0,7379577900918.0,5247513872393.0,5059383492142.0,4238664315143.0,12062362764029.0,13775295981364.0,10619103875695.0,567544768592.0,941306774707.0,741776185529.0,178306415028.0,569034806372.0,577450428413.0,3.4,155.07,77.11,11.25,162.26,91.11,13.62,174.1,80.66,-12.43,-39.71,29.72,26.9
0037T0,KB제32호스팩,,,,,,,,,,,,,,,,,,,,,,,,,,,,,,,,,,,
003800,에이스침대,CFS,145312089515.0,159792789945.0,135522054669.0,60660266068.0,66206527143.0,72466045782.0,63946798076.0,70829330788.0,79940928078.0,652717383673.0,614669914672.0,562623525642.0,306414500496.0,346240916103.0,346374761460.0,57030296238.0,65335254196.0,76751323482.0,51420218920.0,54406655264.0,63884416609.0,7.88,9.8,239.55,8.85,11.52,241.36,11.35,14.21,187.01,-11.5,-12.71,-0.04,-14.87
0039P0,매드업,,,,,,,,,,,,,,,,,,,,,,,,,,,,,,,,,,,
0041B0,교보18호스팩,,,,,,,,,,,,,,,,,,,,,,,,,,,,,,,,,,,
0041J0,엘에스스팩1호,,,,,,,,,,,,,,,,,,,,,,,,,,,,,,,,,,,
0041L0,하나35호스팩,,,,,,,,,,,,,,,,,,,,,,,,,,,,,,,,,,,
0044K0,삼성스팩10호,,,,,,,,,,,,,,,,,,,,,,,,,,,,,,,,,,,
004590,한국가구,CFS,70800165472.0,60687656213.0,56859108785.0,27222387286.0,21072581535.0,20601300423.0,45981625058.0,43390093385.0,39791862213.0,176181199670.0,168677071453.0,132702292104.0,102947090163.0,100899670225.0,93025796812.0,12426948013.0,14679524618.0,14936233953.0,11017349911.0,11782847762.0,21880852557.0,6.25,26.1,260.08,6.99,25.72,287.99,16.49,29.99,276.0,2.03,-15.35,8.46,-1.72
004650,창해에탄올,CFS,71661438528.0,62115282127.0,52354966652.0,60977647291.0,56747609022.0,49196423339.0,63334311393.0,59807358676.0,52252939228.0,128136520983.0,135277620634.0,137766851720.0,116422748457.0,109429695748.0,96990829298.0,14583452329.0,9769161677.0,14100640089.0,-3667131634.0,299415317.0,10071626349.0,-2.86,49.43,117.52,0.22,44.21,109.46,7.31,37.93,106.42,6.39,49.28,12.82,-30.72
004780,대륙제관,CFS,122270726183.0,114592944282.0,102081463477.0,38654663718.0,38877618148.0,36074319623.0,54128253328.0,54747327446.0,53175032864.0,141674942499.0,130499469012.0,121993692547.0,271101699009.0,275979619835.0,235940553891.0,15623149185.0,9675110380.0,7615540341.0,13070229189.0,9703258216.0,7607287734.0,9.23,38.21,316.32,7.44,41.95,294.75,6.24,43.59,282.98,-1.77,61.48,16.97,27.04
005160,동국산업,CFS,409195944944.0,409370153002.0,461385529117.0,301476989176.0,282582237198.0,210023682157.0,367222141854.0,320290409526.0,251783314129.0,525428485807.0,554486910870.0,557355660073.0,757010071920.0,860529534483.0,729135545402.0,-27109102145.0,1177844051.0,34929987273.0,-20641304363.0,2243412239.0,37321225442.0,-3.93,69.89,135.73,0.4,57.76,144.87,6.7,45.17,219.68,-12.03,-2401.59,18.02,-96.63
005290,동진쎄미켐,CFS,818373234035.0,826408327642.0,690201851352.0,496221734476.0,531371591554.0,458726304524.0,771106380233.0,673516166268.0,625155643773.0,835481646771.0,700787363830.0,561033499955.0,1309924437990.0,1457214808307.0,1161284077161.0,176174316058.0,216308703354.0,131814933901.0,123534360586.0,156195316180.0,102879224817.0,14.79,92.29,164.92,22.29,96.11,155.52,18.34,111.43,150.46,-10.11,-18.55,25.48,64.1
0054V0,엔에이치스팩32호,,,,,,,,,,,,,,,,,,,,,,,,,,,,,,,,,,,
005670,푸드웰,CFS,88446376671.0,76281457212.0,73471532141.0,81537259111.0,75410390504.0,50144302936.0,112285287768.0,104883563078.0,56429223240.0,108222008027.0,102019811939.0,96723985113.0,228487093117.0,183932294383.0,148290775880.0,8286725452.0,6061317355.0,6091672921.0,8183316059.0,2024165163.0,7659310890.0,7.56,103.75,108.47,1.98,102.81,101.16,7.92,58.34,146.52,24.22,36.71,24.03,-0.5
005710,대원산업,CFS,400286890999.0,396902640643.0,390752861744.0,104619450370.0,126737297050.0,151890154765.0,118935020121.0,141652096008.0,179353977652.0,445755758946.0,417662361807.0,371808415888.0,778642594157.0,737040613357.0,762636418826.0,47307118109.0,31395680385.0,30120186050.0,35740066596.0,37657871675.0,32744354130.0,8.02,26.68,382.61,9.02,33.92,313.17,8.81,48.24,257.26,5.64,50.68,-3.36,4.23
005860,한일사료,CFS,169363075614.0,119747977746.0,106060188936.0,76803551283.0,125705087946.0,95055033320.0,84736701660.0,133320215729.0,105679917798.0,156779198529.0,54568353633.0,69411232452.0,396938179132.0,408316564865.0,355783598582.0,1767518597.0,-8242501275.0,13619069878.0,115269307240.0,-14083558620.0,7361494601.0,73.52,54.05,220.51,-25.81,244.32,95.26,10.61,152.25,111.58,-2.79,121.44,14.77,-160.52
005990,매일홀딩스,CFS,740449730670.0,671943771639.0,715877497475.0,311940457657.0,361434346941.0,265604545240.0,554233736232.0,602158790641.0,589610914011.0,744496292764.0,669368393188.0,667122652898.0,2146398739613.0,1979261381048.0,1806735439065.0,82233894530.0,73433706538.0,93830177568.0,86349959740.0,16855000151.0,96445400495.0,11.6,74.44,237.37,2.52,89.96,185.91,14.46,88.38,269.53,8.44,11.98,9.55,-21.74
006050,국영지앤엠,CFS,38143037392.0,31430425719.0,29757997944.0,21842848027.0,16305638428.0,18257712403.0,23424542571.0,18143584893.0,20124923314.0,48788099795.0,48009753630.0,46152127768.0,76640521220.0,63599420068.0,55030165959.0,942168843.0,2121316409.0,-6739784124.0,778346165.0,1857625862.0,-4860435655.0,1.6,48.01,174.62,3.87,37.79,192.76,-10.53,43.61,162.99,20.51,-55.59,15.57,131.47
006140,피제이전자,CFS,82395423747.0,84454037658.0,66555817580.0,58293626294.0,43841295539.0,33737867925.0,61428061419.0,64996777037.0,54936554675.0,125268768026.0,120644754732.0,115620262337.0,166844087220.0,157729343615.0,119898403747.0,7413259937.0,6090013153.0,6831726569.0,6110513294.0,6956942395.0,8220614129.0,4.88,49.04,141.35,5.77,53.87,192.64,7.11,47.51,197.27,5.78,21.73,31.55,-10.86
006620,동구바이오제약,CFS,88364561249.0,87417110607.0,73832153640.0,73318489775.0,66043564163.0,50021523343.0,80658016725.0,69953261400.0,54662046603.0,110444888505.0,102105760513.0,100124292955.0,215686305355.0,194987764745.0,155149210803.0,14616047952.0,17039922094.0,8139375532.0,11808466179.0,6613932105.0,9326592784.0,10.69,73.03,120.52,6.48,68.51,132.36,9.32,54.59,147.6,10.62,-14.22,25.68,109.35
006730,서부T&D,CFS,137986291798.0,143107268780.0,215834715053.0,417197417600.0,789174011639.0,311857004179.0,1350736615587.0,1248905018191.0,1257108421044.0,997222014300.0,816808330127.0,801169278287.0,169161889592.0,135281001825.0,96732675316.0,37223707165.0,19185280991.0,-5333099753.0,147447527705.0,25411395953.0,39205090996.0,14.79,135.45,33.07,3.11,152.9,18.13,4.89,156.91,69.21,25.04,94.02,39.85,459.74
0068Y0,비엔케이제3호스팩,,,,,,,,,,,,,,,,,,,,,,,,,,,,,,,,,,,
006910,보성파워텍,CFS,52238859241.0,43038670089.0,61293242929.0,11282089883.0,4236383974.0,19238512074.0,11776051210.0,4681213357.0,19948502634.0,84819637705.0,80778223091.0,91592188929.0,78494668722.0,54198727500.0,68539018089.0,3348741161.0,-4492911539.0,-1489331889.0,4352089861.0,-11114358714.0,-926404068.0,5.13,13.88,463.02,-13.76,5.8,1015.93,-1.01,21.78,318.6,44.83,174.53,-20.92,-201.67
006920,모헨즈,CFS,42748108084.0,32507986227.0,25205142653.0,15476453917.0,14183886358.0,10791750317.0,26596615337.0,23319232258.0,20437269882.0,42203319621.0,32852077807.0,29990111708.0,111406314393.0,90123541702.0,72814044111.0,12140843614.0,3561139120.0,975681046.0,9939969459.0,2291376201.0,91870683.0,23.55,63.02,276.21,6.97,70.98,229.19,0.31,68.15,233.56,23.62,240.93,23.77,264.99
0071M0,삼성스팩11호,,,,,,,,,,,,,,,,,,,,,,,,,,,,,,,,,,,
0072Z0,KB제33호스팩,,,,,,,,,,,,,,,,,,,,,,,,,,,,,,,,,,,
007330,푸른저축은행,CFS,,,,,,,1116620223410.0,1099346254004.0,909151029181.0,315027470832.0,309400868380.0,296326259447.0,,,,,,,15754549588.0,20081583946.0,24264286511.0,5.0,354.45,,6.49,355.31,,8.19,306.81,,,,,
007370,진양제약,CFS,48028761395.0,46328553345.0,41004708813.0,24511035227.0,30937794255.0,27143034050.0,30323188359.0,36868551968.0,33183978999.0,89583431483.0,77575139224.0,65317781929.0,94111137951.0,76264203331.0,62839163132.0,9085104026.0,11138419573.0,6963647276.0,12659155364.0,12308388877.0,9537661079.0,14.13,33.85,195.95,15.87,47.53,149.75,14.6,50.8,151.07,23.4,-18.43,21.36,59.95
007390,네이처셀,CFS,40621895252.0,67162791210.0,42901356570.0,4214230656.0,35752449169.0,6578475252.0,6979490237.0,36862832477.0,8804814044.0,61419188332.0,57158171842.0,60845147528.0,19350887029.0,21252018179.0,20354393661.0,-10272984987.0,-8913289852.0,-7481389770.0,-11680328640.0,-6813585338.0,-32030754951.0,-19.02,11.36,963.92,-11.92,64.49,187.86,-52.64,14.47,652.15,-8.95,-15.25,4.41,-19.14
007530,와이엠,CFS,57325367743.0,60056808309.0,48927686804.0,72290316675.0,78503618327.0,74590071749.0,93523650307.0,100620123216.0,99324071505.0,43640005937.0,42527828967.0,39349952300.0,166290447686.0,146324333264.0,122874301472.0,4161939690.0,4634069020.0,1544238378.0,946982627.0,2486873489.0,553786264.0,2.17,214.31,79.3,5.85,236.6,76.5,1.41,252.41,65.6,13.65,-10.19,19.08,200.09
007680,대원,CFS,408953479684.0,479237341954.0,453997357174.0,111253194837.0,129151474161.0,144848471656.0,186996049591.0,176293293436.0,196157483558.0,299536869081.0,363093197617.0,345578026753.0,436092001499.0,358311814798.0,289296484355.0,-62074519921.0,17849130270.0,23905123051.0,-57366416559.0,19510882142.0,30209813619.0,-19.15,62.43,367.59,5.37,48.55,371.07,8.74,56.76,313.43,21.71,-447.77,23.86,-25.33
007720,소노스퀘어,CFS,134613271361.0,128477641312.0,151054076766.0,51084818794.0,50425063528.0,49419220127.0,54329130306.0,54170812357.0,53342159407.0,114457623544.0,114789505558.0,137172550379.0,159946400719.0,170972649935.0,150390721188.0,-1589433754.0,-18503823286.0,-20881940085.0,-249875137.0,-18341062909.0,-22717245224.0,-0.22,47.47,263.51,-15.98,47.19,254.79,-16.56,38.89,305.66,-6.45,91.41,13.69,11.39
007770,한일화학,CFS,55795202747.0,64700295621.0,77687745515.0,37903755025.0,34115743787.0,44776545965.0,42790761540.0,38215891281.0,48415600476.0,104450106440.0,118946028518.0,113057381635.0,121935915669.0,155560991387.0,110957582003.0,-9406372599.0,5389631360.0,938667745.0,-15202797523.0,3998103732.0,22693567845.0,-14.56,40.97,147.2,3.36,32.13,189.65,20.07,42.82,173.5,-21.62,-274.53,40.2,474.18
007820,엠엑스로보틱스,CFS,63065630505.0,90240583632.0,72697500061.0,31397159271.0,38660545329.0,22960837062.0,33139972716.0,39700548747.0,24384855824.0,48667047845.0,70238417153.0,68833634938.0,173774167026.0,115015460133.0,76358148833.0,-18809878235.0,2009033348.0,-2489244184.0,-18653186692.0,2469760732.0,-578450986.0,-38.33,68.1,200.86,3.52,56.52,233.42,-0.84,35.43,316.62,51.09,-1036.27,50.63,180.71
008290,원풍물산,CFS,17664204466.0,17059553384.0,17026770152.0,19409816375.0,16226808179.0,14890374253.0,22048640759.0,19028790174.0,17605304044.0,11396190636.0,14059506373.0,22078985928.0,28937832608.0,33300032711.0,30870988865.0,-1916462598.0,210181442.0,-1292420141.0,-2664683663.0,-3507733198.0,-9328854968.0,-23.38,193.47,91.01,-24.95,135.34,105.13,-42.25,79.74,114.35,-13.1,-1011.81,7.87,116.26
0082N0,카나프테라퓨틱스,,,,,,,,,,,,,,,,,,,,,,,,,,,,,,,,,,,
008370,원풍,CFS,59782914597.0,54433650296.0,51727237264.0,3881633945.0,4566532246.0,9658064577.0,7010332473.0,7636922159.0,12484188054.0,89217617752.0,85732789017.0,81414758872.0,73785384649.0,89490584326.0,88917969888.0,4553856379.0,7758203186.0,3932778355.0,6730910232.0,8500037909.0,5190248692.0,7.54,7.86,1540.15,9.91,8.91,1192.01,6.38,15.33,535.59,-17.55,-41.3,0.64,97.27
008470,부스타,CFS,60530327592.0,59115485095.0,62244953801.0,15355766765.0,16485525162.0,15012105504.0,17030987718.0,17520833026.0,17002199232.0,77355521576.0,78713254542.0,79776372905.0,101060228361.0,91869520499.0,98227065032.0,1540087069.0,-3307478717.0,-14005588.0,1448541830.0,-1235995462.0,2264033084.0,1.87,22.02,394.19,-1.57,22.26,358.59,2.84,21.31,414.63,10.0,146.56,-6.47,-23515.42
008830,대동기어,CFS,102617669972.0,114960771517.0,84820414640.0,126895888975.0,145742164376.0,93449165548.0,159149656619.0,171570935670.0,145858269406.0,87057306790.0,74301277978.0,69202118482.0,281237511057.0,242097571788.0,202911642071.0,8088469997.0,7589541408.0,7510515285.0,2771025745.0,4225448425.0,4761494313.0,3.18,182.81,80.87,5.69,230.91,78.88,6.88,210.77,90.77,16.17,6.57,19.31,1.05
0088D0,메리츠제1호스팩,,,,,,,,,,,,,,,,,,,,,,,,,,,,,,,,,,,
0088M0,메쥬,,,,,,,,,,,,,,,,,,,,,,,,,,,,,,,,,,,
0091W0,신영스팩11호,,,,,,,,,,,,,,,,,,,,,,,,,,,,,,,,,,,
009300,삼아제약,CFS,117992252597.0,116856233344.0,82355042322.0,21144568846.0,21558146460.0,14594445088.0,30837700577.0,22580009449.0,17147260205.0,200470212496.0,180617934694.0,172024310485.0,97211286212.0,81699539725.0,54666374874.0,23500211536.0,18253183867.0,6048214636.0,21373935570.0,11911612530.0,3391528143.0,10.66,15.38,558.03,6.59,12.5,542.05,1.97,9.97,564.29,18.99,28.75,49.45,201.79
0093G0,미래에셋비전스팩8호,,,,,,,,,,,,,,,,,,,,,,,,,,,,,,,,,,,
009520,포스코엠텍,CFS,110849020695.0,125563384822.0,134737091774.0,38971367796.0,44148112945.0,49606075403.0,39170373630.0,45114339289.0,51769384866.0,115756950789.0,114609497975.0,104564750375.0,341410235234.0,342175910791.0,323878359080.0,4487629441.0,6356472443.0,16375758805.0,4868317716.0,4825407603.0,13064109990.0,4.21,33.84,284.44,4.21,39.36,284.41,12.49,49.51,271.61,-0.22,-29.4,5.65,-61.18
009620,삼보산업,CFS,184933644058.0,179585361688.0,172952588621.0,249844383922.0,233105650285.0,198359813850.0,301926702741.0,288906499064.0,276058406444.0,39343362619.0,49536172967.0,54078695170.0,427122516114.0,455016352333.0,356025450406.0,-620207119.0,8377263593.0,14591971502.0,-16744179659.0,-10974046328.0,1874760142.0,-42.56,767.41,74.02,-22.15,583.22,77.04,3.47,510.48,87.19,-6.13,-107.4,27.8,-42.59
0096B0,삼성스팩12호,,,,,,,,,,,,,,,,,,,,,,,,,,,,,,,,,,,
0096D0,미래에셋비전스팩9호,,,,,,,,,,,,,,,,,,,,,,,,,,,,,,,,,,,
009730,이렘,CFS,41969837332.0,39121775037.0,22132508225.0,22632114202.0,16339781531.0,25478302232.0,23034597137.0,17593273649.0,30261036448.0,38094157751.0,27924017766.0,6220895351.0,76780298502.0,66612579112.0,45603510039.0,979218394.0,1987489985.0,1054013417.0,95378578.0,2915877037.0,-2513258569.0,0.25,60.47,185.44,10.44,63.0,239.43,-40.4,486.44,86.87,15.26,-50.73,46.07,88.56
009780,엠에스씨,CFS,114100673662.0,124305405733.0,92984936433.0,64492406732.0,71550981907.0,59817861979.0,73014398093.0,79058591288.0,69040862445.0,150359711450.0,133147167587.0,115718782423.0,189048296801.0,204298999216.0,162048905307.0,23703127840.0,24682798489.0,21271230007.0,18467404834.0,18124645500.0,15388488221.0,12.28,48.56,176.92,13.61,59.38,173.73,13.3,59.66,155.45,-7.46,-3.97,26.07,16.04
0097F0,미래에셋비전스팩10호,,,,,,,,,,,,,,,,,,,,,,,,,,,,,,,,,,,
0098T0,교보19호스팩,,,,,,,,,,,,,,,,,,,,,,,,,,,,,,,,,,,
0099W0,미래에셋비전스팩11호,,,,,,,,,,,,,,,,,,,,,,,,,,,,,,,,,,,
0099X0,IBKS제25호스팩,,,,,,,,,,,,,,,,,,,,,,,,,,,,,,,,,,,
010170,대한광통신,CFS,135981828196.0,149413068050.0,140184792439.0,138546568227.0,120153520176.0,72364568157.0,158780546608.0,146550449341.0,132526130499.0,76021262071.0,105528082860.0,103347715118.0,180262763737.0,190108508492.0,156610498147.0,-23223251446.0,3461490495.0,-27474553119.0,-29456645326.0,-3084071605.0,-49114496378.0,-38.75,208.86,98.15,-2.92,138.87,124.35,-47.52,128.23,193.72,-5.18,-770.9,21.39,112.6
0101C0,하나36호스팩,,,,,,,,,,,,,,,,,,,,,,,,,,,,,,,,,,,
010240,흥국,CFS,72428853332.0,70409528453.0,70076618668.0,15801630366.0,14865269001.0,21278764432.0,22960027159.0,25569569735.0,32462825927.0,99311298106.0,92061674770.0,85917282836.0,149383250987.0,134555280289.0,141813793806.0,15801950015.0,11212790775.0,13835638959.0,13179429229.0,8549998817.0,11862720124.0,13.27,23.12,458.36,9.29,27.77,473.65,13.81,37.78,329.33,11.02,40.93,-5.12,-18.96
010280,아이티센엔텍,CFS,150205047035.0,190200762046.0,81744073662.0,129727140876.0,181357765059.0,69559515554.0,136059779037.0,202046585173.0,90361934065.0,64984261170.0,61373892299.0,45576100083.0,392451834235.0,325214480599.0,242589367597.0,8408970900.0,9673301505.0,6400343987.0,4953045944.0,12241492722.0,-1144167331.0,7.62,209.37,115.79,19.95,329.21,104.88,-2.51,198.27,117.52,20.67,-13.07,34.06,51.14
010470,오리콤,CFS,149943338427.0,137707582818.0,112428357442.0,101667159025.0,91539036475.0,96469738887.0,119474710565.0,107886928424.0,114060721876.0,117779850145.0,106561490569.0,97086726676.0,218556326262.0,190089490987.0,157357863438.0,12169646947.0,14174513859.0,6595067070.0,9834734868.0,12286184879.0,6147350032.0,8.35,101.44,147.48,11.53,101.24,150.44,6.33,117.48,116.54,14.98,-14.14,20.8,114.93
0105P0,유진스팩12호,,,,,,,,,,,,,,,,,,,,,,,,,,,,,,,,,,,
011040,경동제약,CFS,89748780615.0,102981141677.0,103208391247.0,59027091132.0,50126818428.0,25363945265.0,64493723064.0,52953144963.0,31684363299.0,228477042121.0,257524763391.0,260289738916.0,162674098953.0,182718157223.0,177610830014.0,-24954556706.0,8312028513.0,15755480324.0,-20730323552.0,12112771755.0,12626858093.0,-9.07,28.23,152.05,4.7,20.56,205.44,4.85,12.17,406.91,-10.97,-400.22,2.88,-47.24
011080,형지I&C,CFS,36985652260.0,38084424368.0,43262561748.0,23452600986.0,25792591885.0,24796588032.0,30146416679.0,29926649877.0,45268589504.0,30180074765.0,28287309512.0,12016344280.0,65325502023.0,70495736693.0,65538381883.0,653434674.0,541488420.0,-2904937781.0,1861016508.0,-1435326077.0,-3970958253.0,6.17,99.89,157.7,-5.07,105.8,147.66,-33.05,376.73,174.47,-7.33,20.67,7.56,118.64
011320,유니크,CFS,122716071587.0,109332131207.0,98286516893.0,115978759164.0,113738057546.0,107926191354.0,134017031625.0,131257247637.0,119137957868.0,117319843771.0,112592395098.0,107680657614.0,328952037421.0,284078900765.0,246702384112.0,9343700254.0,5935849482.0,4387717514.0,6384161750.0,3546255393.0,6193464924.0,5.44,114.23,105.81,3.15,116.58,96.13,5.75,110.64,91.07,15.8,57.41,15.15,35.28
011370,서한,CFS,872751126207.0,890596494339.0,636567103460.0,533610482271.0,453084988302.0,284816217445.0,727534700894.0,651481803806.0,393018265246.0,400157970593.0,396325962471.0,361494944488.0,621658295698.0,730033168624.0,608817281256.0,24232110451.0,59842013346.0,55816077094.0,8540380976.0,39359336310.0,46416953200.0,2.13,181.81,163.56,9.93,164.38,196.56,12.84,108.72,223.5,-14.85,-59.51,19.91,7.21
011560,세보엠이씨,CFS,334609660512.0,373260255567.0,257114866483.0,191258184088.0,247916566289.0,144683630357.0,202895090244.0,258524337267.0,152225496462.0,210269740400.0,183368642625.0,160833415758.0,871724995143.0,1031969465597.0,432646121559.0,37561158354.0,33057021843.0,8591768646.0,30152168668.0,23596088296.0,12007762564.0,14.34,96.49,174.95,12.87,140.99,150.56,7.47,94.65,177.71,-15.53,13.63,138.53,284.75
0115H0,삼성스팩13호,,,,,,,,,,,,,,,,,,,,,,,,,,,,,,,,,,,
0117P0,피스피스스튜디오,,,,,,,,,,,,,,,,,,,,,,,,,,,,,,,,,,,
012210,삼미금속,CFS,27225445060.0,23158432408.0,23501641947.0,60338956746.0,60973307768.0,85848194795.0,95247237951.0,98848018860.0,106834099859.0,56939081229.0,50653040335.0,40495030615.0,76842784518.0,70751586238.0,53351198488.0,5964405335.0,-1486505674.0,-1093406966.0,939964950.0,-1118384891.0,-3801330791.0,1.65,167.28,45.12,-2.21,195.15,37.98,-9.39,263.82,27.38,8.61,501.24,32.61,-35.95
012340,뉴인텍,CFS,30499144772.0,38300311078.0,47364091968.0,35225778102.0,53825278808.0,44387196877.0,44388463195.0,63044183617.0,53361263411.0,31792243096.0,18386564198.0,27793097116.0,79095170753.0,75321857688.0,69071327051.0,-11092591218.0,-8215725104.0,333741174.0,-12827542067.0,-9632469826.0,355135232.0,-40.35,139.62,86.58,-52.39,342.88,71.16,1.28,191.99,106.71,5.01,-35.02,9.05,-2561.71
012620,원일특강,CFS,156336822498.0,170103489152.0,145323896040.0,104149584543.0,122906038019.0,103906496577.0,106681278669.0,125105381924.0,112080191179.0,154712215973.0,148250719808.0,137988670218.0,379986386064.0,385097179563.0,327893606447.0,13440573213.0,17021284113.0,16927230518.0,7997353459.0,10604959149.0,18771319869.0,5.17,68.95,150.11,7.15,84.39,138.4,13.6,81.22,139.86,-1.33,-21.04,17.45,0.56
012700,리드코프,CFS,64989446932.0,41364799694.0,39437903583.0,87215398836.0,88547294302.0,80619984606.0,499709105626.0,782639271893.0,914428134381.0,420312520677.0,426451820382.0,434580237477.0,490568153950.0,635215787598.0,482669032354.0,-13522408361.0,53309040369.0,57093947139.0,,,,,118.89,74.52,,183.52,46.71,,210.42,48.92,-22.77,-125.37,31.6,-6.63
012790,신일제약,CFS,68787350200.0,67279974209.0,58426607416.0,14144527951.0,15958951576.0,12023111762.0,17564556997.0,19554353404.0,15777446301.0,134895027871.0,123277306881.0,113196121083.0,89135208847.0,80007072042.0,61754169306.0,13991301307.0,13656373682.0,7981819542.0,13641351348.0,12157083331.0,6678822217.0,10.11,13.02,486.32,9.86,15.86,421.58,5.9,13.94,485.95,11.41,2.45,29.56,71.09
012860,모베이스전자,CFS,433834415418.0,380922698161.0,380725257918.0,468789481321.0,409634074959.0,471422271011.0,568546923170.0,499601207739.0,535811582496.0,220100193379.0,201774394924.0,186676085817.0,939353137800.0,922208635714.0,764573073662.0,27748942104.0,43911657945.0,15536065643.0,7702539489.0,6797750471.0,5589139416.0,3.5,258.31,92.54,3.37,247.6,92.99,2.99,287.03,80.76,1.86,-36.81,20.62,182.64
0129K0,신한제18호스팩,,,,,,,,,,,,,,,,,,,,,,,,,,,,,,,,,,,
013030,하이록코리아,CFS,334758948894.0,314733920709.0,281619182972.0,25793574146.0,27997311373.0,21327005632.0,36295857497.0,31796472661.0,31698028110.0,406859458763.0,380125957238.0,348098108931.0,188839137919.0,182851091417.0,146738571923.0,51891524969.0,40696178383.0,18915320586.0,47730254865.0,34361194102.0,19517905284.0,11.73,8.92,1297.84,9.04,8.36,1124.16,5.61,9.11,1320.48,3.27,27.51,24.61,115.15
0130D0,신한제17호스팩,,,,,,,,,,,,,,,,,,,,,,,,,,,,,,,,,,,
0130H0,엔에이치스팩33호,,,,,,,,,,,,,,,,,,,,,,,,,,,,,,,,,,,
013120,동원개발,CFS,1358573214571.0,1381002914312.0,1187283319199.0,369670637092.0,395104310055.0,121754441456.0,394698273429.0,413065668495.0,257553705211.0,1035603605478.0,1007224817577.0,953965641168.0,736557428431.0,581504179966.0,420733050196.0,30000134277.0,83922533356.0,100652144201.0,42550272755.0,66880391409.0,75234945104.0,4.11,38.11,367.51,6.64,41.01,349.53,7.89,27.0,975.15,26.66,-64.25,38.21,-16.62
0131D0,키움히어로제2호스팩,,,,,,,,,,,,,,,,,,,,,,,,,,,,,,,,,,,
0132G0,교보20호스팩,,,,,,,,,,,,,,,,,,,,,,,,,,,,,,,,,,,
013310,아진산업,CFS,381233029053.0,227903972174.0,145760707975.0,324255903781.0,214847349639.0,169488788119.0,717122850627.0,439390616699.0,384773851455.0,291915725160.0,239266646562.0,204891566604.0,764289803909.0,597770521543.0,479331850463.0,83852404913.0,47540403155.0,13660159838.0,51013403640.0,29680375924.0,-172223287.0,17.48,245.66,117.57,12.4,183.64,106.08,-0.08,187.79,86.0,27.86,76.38,24.71,248.02
0134X0,대신밸런스제20호스팩,,,,,,,,,,,,,,,,,,,,,,,,,,,,,,,,,,,
013720,청보,CFS,33142322603.0,52817397602.0,32454420460.0,24847753549.0,30669371980.0,42090385101.0,28755407435.0,31734808266.0,46595763171.0,48011396486.0,42633521924.0,30166660915.0,31359260218.0,36024332730.0,24773247642.0,787375316.0,393425760.0,-4984016873.0,-16628489059.0,-29696021886.0,-12277531327.0,-34.63,59.89,133.38,-69.65,74.44,172.22,-40.7,154.46,77.11,-12.95,100.13,45.42,107.89
013810,스페코,CFS,58132603108.0,55764887634.0,63183885155.0,26273076070.0,22331882998.0,30082828387.0,37705352670.0,35044853122.0,42332732713.0,47306722200.0,50735385573.0,53590935886.0,22987862181.0,31079586548.0,54346966645.0,-4148483505.0,-3766587275.0,2805011555.0,-2057200716.0,611187601.0,1800550565.0,-4.35,79.7,221.26,1.2,69.07,249.71,3.36,78.99,210.03,-26.04,-10.14,-42.81,-234.28
013990,아가방컴퍼니,CFS,117608626255.0,107850901496.0,96026904513.0,39345032032.0,35757715642.0,37958519489.0,51345318086.0,45935137780.0,45770187127.0,170469139371.0,162428443517.0,149343644304.0,186412760361.0,174318344068.0,150978014442.0,16576163171.0,14530167691.0,5905777500.0,12689558361.0,9851372602.0,13054794699.0,7.44,30.12,298.92,6.07,28.28,301.62,8.74,30.65,252.98,6.94,14.08,15.46,146.03
014100,메디앙스,CFS,27087711093.0,30844169300.0,39884037418.0,22269803815.0,24969232643.0,29166533086.0,34645716928.0,35421725965.0,47517308460.0,87017104313.0,80964907544.0,93135970527.0,66023045995.0,71422007545.0,71524701887.0,-1292819708.0,1609909502.0,4479265875.0,6992476041.0,-11726379609.0,4366212858.0,8.04,39.81,121.63,-14.48,43.75,123.53,4.69,51.02,136.75,-7.56,-180.3,-0.14,-64.06
014190,원익큐브,CFS,108413613212.0,105058518034.0,114499137125.0,33097413271.0,35750522802.0,50512809041.0,35299849270.0,37308953487.0,52532345157.0,104200640115.0,99487139959.0,94747045213.0,244376147023.0,245979910828.0,258381565780.0,5600959959.0,4254901005.0,13966037867.0,4952400910.0,4296750090.0,10523223353.0,4.75,33.88,327.56,4.32,37.5,293.87,11.11,55.44,226.67,-0.65,31.64,-4.8,-69.53
014470,부방,CFS,76168249259.0,118361795052.0,76177509322.0,122144645999.0,164684665327.0,149964179074.0,142502944671.0,183838660440.0,189604420431.0,157370343494.0,184681693092.0,156706650241.0,331046894011.0,338458898642.0,319767433431.0,-342355688.0,915792675.0,-4330515940.0,-26004983702.0,31262325196.0,-14580652884.0,-16.52,90.55,62.36,16.93,99.54,71.87,-9.3,120.99,50.8,-2.19,-137.38,5.85,121.15
014570,고려제약,CFS,63425721052.0,72616549926.0,70449632613.0,9902147939.0,7411697287.0,10329033515.0,12618965065.0,9803724937.0,11922708939.0,77090082740.0,84712633263.0,76689902302.0,81374983430.0,79984056441.0,74465727431.0,18025892026.0,14329019414.0,11266187438.0,-4916772792.0,11808841484.0,9042317864.0,-6.38,16.37,640.52,13.94,11.57,979.76,11.79,15.55,682.05,1.74,25.8,7.41,27.19
014620,성광벤드,CFS,293870966852.0,273411518468.0,223195939553.0,35646447524.0,43060009503.0,45736511649.0,45656936841.0,55371337984.0,59334517183.0,505416038046.0,471742715459.0,434477046736.0,254692907041.0,244025545479.0,136921765121.0,44833439099.0,26760618158.0,-8050626341.0,39169123100.0,39244701512.0,-1215049861.0,7.75,9.03,824.4,8.32,11.74,634.95,-0.28,13.66,488.0,4.37,67.54,78.22,432.4
014940,오리엔탈정공,CFS,55430486702.0,45626672007.0,43109508616.0,52290121611.0,45323002678.0,29227227893.0,110922418214.0,102050744297.0,111448017904.0,86882043727.0,84800393850.0,75236710727.0,157532717479.0,131568018289.0,115922943568.0,12763401545.0,9180181375.0,6694787246.0,8908859193.0,8371734355.0,4558175480.0,10.25,127.67,106.01,9.87,120.34,100.67,6.06,148.13,147.5,19.73,39.03,13.5,37.12
014950,삼익제약,,,,,,,,,,,,,,,,,,,,,,,,,,,,,,,,,,,
014970,삼륭물산,CFS,41957494219.0,47738429673.0,45302291345.0,36872224149.0,44120096867.0,40054794023.0,44514987516.0,52856987862.0,52098230295.0,60193769809.0,59614103602.0,62881134758.0,86280033374.0,90280280019.0,87692633489.0,1178662628.0,-1171753276.0,914318075.0,2026435971.0,-2621835777.0,-1257223166.0,3.37,73.95,113.79,-4.4,88.67,108.2,-2.0,82.85,113.1,-4.43,200.59,2.95,-228.16
015710,코콤,CFS,55314003244.0,61709462426.0,68494285215.0,12265179341.0,20593922697.0,17849336617.0,18984524907.0,29125942226.0,33093308976.0,123113752019.0,120415513933.0,124497045297.0,100488220566.0,95280775618.0,92662745478.0,1911182143.0,-2284834592.0,3914050348.0,3030553227.0,-2646292196.0,4311503107.0,2.46,15.42,450.98,-2.2,24.19,299.65,3.46,26.58,383.74,5.47,183.65,2.83,-158.38
015750,성우하이텍,CFS,1862357141670.0,1602080402854.0,1541519876362.0,1846843269297.0,1885767111853.0,1658256996897.0,2390828928961.0,2213559723081.0,2126165644483.0,1644843200394.0,1450611326732.0,1380154729783.0,4321987308635.0,3976784541043.0,3348421188752.0,256728659148.0,102793647469.0,77648473049.0,175705270904.0,38511491705.0,39036280685.0,10.68,145.35,100.84,2.65,152.59,84.96,2.83,154.05,92.96,8.68,149.75,18.77,32.38
016100,리더스코스메틱,CFS,25155223203.0,23274729793.0,31877930914.0,30279944189.0,33416540950.0,43606298691.0,35764091672.0,36189005263.0,51052755401.0,44218508476.0,43336121520.0,55718082498.0,69278802746.0,86657750918.0,87431172456.0,-4311069604.0,504936506.0,-4186161295.0,173304483.0,-758552914.0,-3963350815.0,0.39,80.88,83.08,-1.75,83.51,69.65,-7.11,91.63,73.1,-20.05,-953.78,-0.88,112.06
016250,SGC E&C,CFS,723178378520.0,793492097839.0,440800178858.0,626407585989.0,708692668861.0,357626523993.0,641642480364.0,727213982033.0,387466565470.0,218336577155.0,246311665503.0,204255461043.0,1863679592064.0,1523333467679.0,1307921662550.0,-21587161938.0,33204579097.0,69077041588.0,-34090257429.0,51995982486.0,69577003929.0,-15.61,293.88,115.45,21.11,295.24,111.97,34.06,189.7,123.26,22.34,-165.01,16.47,-51.93
0164H0,한국제16호스팩,,,,,,,,,,,,,,,,,,,,,,,,,,,,,,,,,,,
0165X0,메리츠제2호스팩,,,,,,,,,,,,,,,,,,,,,,,,,,,,,,,,,,,
016600,큐캐피탈,CFS,,,,,,,34621108325.0,13988417687.0,12064864431.0,135505525815.0,127341461969.0,133222972285.0,35968958792.0,16557788149.0,16125229210.0,,,,7066505278.0,-6738469914.0,-2829422527.0,5.21,25.55,,-5.29,10.98,,-2.12,9.06,,117.23,,2.68,
016670,디모아,CFS,69448439607.0,69118328872.0,70819260530.0,28677401519.0,30415668147.0,31023071366.0,30843294386.0,32689197476.0,33298168258.0,50021740368.0,52482123672.0,71394878849.0,31352678402.0,25643172347.0,34739693720.0,2912404483.0,2359937625.0,6502669481.0,-2498774824.0,-18866267340.0,3946144147.0,-5.0,61.66,242.17,-35.95,62.29,227.25,5.53,46.64,228.28,22.27,23.41,-26.18,-63.71
016790,현대사료,CFS,70946112844.0,91025571802.0,66186276010.0,177186574720.0,144723534439.0,29789970396.0,180581086598.0,228900391386.0,36145973055.0,-72225701823.0,32878193438.0,57628105023.0,160600796744.0,158095623136.0,110306014605.0,-9612022305.0,-2154877028.0,1249658669.0,-217652242667.0,-292244390119.0,-725293232.0,301.35,-250.02,40.04,-888.87,696.21,62.9,-1.26,62.72,222.18,1.58,-346.06,43.32,-272.44
016920,카스,CFS,72991734318.0,89951570442.0,80237053171.0,86597157809.0,98569994292.0,93574672210.0,97917496378.0,113327635163.0,111895916356.0,64557281715.0,61481517136.0,49337217013.0,156031555991.0,168362798218.0,160550729271.0,4957740460.0,4389154378.0,5788634409.0,1733608277.0,2738724725.0,-2578243921.0,2.69,151.68,84.29,4.45,184.33,91.26,-5.23,226.8,85.75,-7.32,12.95,4.87,-24.18
017000,신원종합개발,CFS,176596790996.0,169956494566.0,158175637669.0,115461652451.0,101800058395.0,61859270924.0,153559262517.0,133300677121.0,110479364650.0,101519649696.0,93836238095.0,88992004104.0,309755353209.0,188210171518.0,139060809283.0,3128726284.0,2032585973.0,5119302038.0,8253167612.0,4440252586.0,3690554665.0,8.13,151.26,152.95,4.73,142.06,166.95,4.15,124.15,255.7,64.58,53.93,35.34,-60.3
017250,인터엠,CFS,41037193241.0,37570993462.0,35547119441.0,38756091031.0,45154714886.0,46379891501.0,45698097824.0,50458913560.0,52951212249.0,38886612124.0,31353990108.0,29392373347.0,50963849828.0,58684341336.0,50625242980.0,10773303544.0,3067556701.0,-17832998396.0,8227279919.0,1006702551.0,-17123936683.0,21.16,117.52,105.89,3.21,160.93,83.21,-58.26,180.15,76.64,-13.16,251.2,15.92,117.2
017480,삼현철강,CFS,183170597743.0,185157541222.0,171091868862.0,26850104016.0,34897295822.0,36048651465.0,26850104016.0,34897295822.0,36070032422.0,194512419340.0,189392647614.0,176070744190.0,262437778010.0,340566810816.0,322146868536.0,9727719983.0,19125865555.0,33148768681.0,10414244126.0,16010830220.0,25395535406.0,5.35,13.8,682.2,8.45,18.43,530.58,14.42,20.49,474.61,-22.94,-49.14,5.72,-42.3
017510,세명전기,CFS,25227105590.0,25564434012.0,37491467376.0,2740496114.0,2104643492.0,2460783501.0,8368837677.0,8261702636.0,9102893309.0,74962897932.0,74723572070.0,73539906522.0,11835001413.0,13966161594.0,15029594450.0,1351879736.0,1022697460.0,1616527636.0,1306545862.0,2253654261.0,2327485635.0,1.74,11.16,920.53,3.02,11.06,1214.67,3.16,12.38,1523.56,-15.26,32.19,-7.08,-36.73
017650,대림제지,CFS,89896126540.0,80677236858.0,63989720584.0,18444395229.0,20809566722.0,28029191626.0,49794959811.0,50524376010.0,56287448241.0,262976449589.0,246937705258.0,207497360467.0,164383300566.0,187353234547.0,181256328710.0,21826803766.0,29197579672.0,26119679266.0,18797086089.0,24416419932.0,21523802124.0,7.15,18.94,487.39,9.89,20.46,387.69,10.37,27.13,228.3,-12.26,-25.24,3.36,11.78
017890,한국알콜,CFS,242630066725.0,180686786262.0,222414143598.0,100789432465.0,56678991699.0,84486766127.0,127157495072.0,113623990822.0,138152948572.0,526012589299.0,467413575103.0,430241666616.0,438274113703.0,512698074574.0,501662554630.0,21881585998.0,25203198397.0,53978904427.0,14333901531.0,33791353288.0,48514873599.0,2.73,24.17,240.73,7.23,24.31,318.79,11.28,32.11,263.25,-14.52,-13.18,2.2,-53.31
018000,유니슨,CFS,66571407464.0,78787368785.0,90531146397.0,118929989995.0,121587435774.0,178273988146.0,204074971552.0,194798803953.0,194191179437.0,58970975563.0,67207541130.0,77390045777.0,107739239966.0,239179015771.0,149659495176.0,-19569724064.0,1898507511.0,4992579308.0,-26137213270.0,-13091547265.0,-1294431181.0,-44.32,346.06,55.98,-19.48,289.85,64.8,-1.67,250.93,50.78,-54.95,-1130.8,59.82,-61.97
018120,진로발효,CFS,61313096245.0,60180385628.0,61859856144.0,11702788801.0,16763404410.0,15423712925.0,12258161825.0,17261397627.0,15683480445.0,78474696608.0,75762580458.0,79193603690.0,100068186172.0,99586810696.0,90344610305.0,8055864375.0,3788872244.0,11348953189.0,6475436103.0,3604548151.0,9529144075.0,8.25,15.62,523.92,4.76,22.78,359.0,12.03,19.8,401.07,0.48,112.62,10.23,-66.61
018290,브이티,CFS,155301258916.0,119240321076.0,106743278117.0,101729037294.0,99203209388.0,77492480109.0,109308015301.0,117948797560.0,97556949272.0,147316710889.0,102748243157.0,110090648911.0,295501383553.0,240241305569.0,226769601349.0,45546613453.0,23552825229.0,26390742456.0,31690464312.0,13204953213.0,17497574991.0,21.51,74.2,152.66,12.85,114.79,120.2,15.89,88.62,137.75,23.0,93.38,5.94,-10.75
018310,삼목에스폼,CFS,317606991467.0,233389549063.0,172944031286.0,141380202781.0,180866902084.0,119791980022.0,165168410431.0,205640206804.0,157965690388.0,574988112788.0,447460064838.0,390409840980.0,439386985136.0,337690604147.0,209927695422.0,124131729083.0,68098389379.0,3709426165.0,119380219211.0,58543171663.0,30278696605.0,20.76,28.73,224.65,13.08,45.96,129.04,7.76,40.46,144.37,30.12,82.28,60.86,1735.82
018620,우진비앤지,CFS,41837439983.0,39443891043.0,31156469720.0,30578600296.0,17760435402.0,22376827211.0,49252200877.0,26956028883.0,31943757058.0,72330379918.0,64566447557.0,44564066742.0,57919354665.0,43703465297.0,39347387678.0,713664789.0,1155423595.0,266657254.0,-1186831624.0,1012603381.0,-1038911104.0,-1.64,68.09,136.82,1.57,41.75,222.09,-2.33,71.68,139.24,32.53,-38.23,11.07,333.3
018680,서울제약,CFS,25608950953.0,26011922518.0,24813908337.0,20531904761.0,13890764087.0,28804687711.0,24741265839.0,27006390954.0,43292371020.0,38564140968.0,35421678748.0,18957654080.0,52458517117.0,50056724915.0,40462650387.0,1212776458.0,1738725291.0,-5713492211.0,3517329275.0,855093541.0,-9688581587.0,9.12,64.16,124.73,2.41,76.24,187.26,-51.11,228.36,86.15,4.8,-30.25,23.71,130.43
018700,졸스,CFS,34583106519.0,32853790412.0,48446667108.0,20143768849.0,24561845766.0,6561733908.0,25950633333.0,30030710404.0,11299583097.0,42691471397.0,58897988647.0,67509861060.0,61503408544.0,58667142079.0,35640949057.0,-5691954909.0,-5160401668.0,-5308518930.0,-15962045694.0,-25250348276.0,15675114596.0,-37.39,60.79,171.68,-42.87,50.99,133.76,23.22,16.74,738.32,4.83,-10.3,64.61,2.79
019010,베뉴지,CFS,148856634684.0,106589916369.0,138613824136.0,207705526757.0,186220214116.0,194487339657.0,279664379375.0,268629588213.0,286470365444.0,360698279853.0,351542286244.0,341324659791.0,65047220575.0,58927664725.0,50929154965.0,9216525312.0,11290659528.0,2868271528.0,12289414663.0,-17531276551.0,44135390627.0,3.41,77.53,71.67,-4.99,76.41,57.24,12.93,83.93,71.27,10.38,-18.37,15.71,293.64
019210,와이지-원,CFS,478610575794.0,477189017933.0,390506390001.0,433728149493.0,456722508122.0,381955396863.0,606795336232.0,601068612285.0,520868539251.0,355727701783.0,339798458106.0,322544512357.0,553181695854.0,549800690069.0,457813194133.0,54685648371.0,72644206360.0,42992374863.0,24353077644.0,33428996271.0,22061757913.0,6.85,170.58,110.35,9.84,176.89,104.48,6.84,161.49,102.24,0.61,-24.72,20.09,68.97
019540,일지테크,CFS,196257937346.0,184332791216.0,149944126343.0,295526966081.0,281314760272.0,264851102597.0,404874893413.0,288169216067.0,281592467349.0,122665876218.0,93171915901.0,99791902505.0,628485714969.0,229144511634.0,195847448312.0,35416248406.0,616400443.0,-5261187438.0,32300041824.0,-9094490726.0,-607781446.0,26.33,330.06,66.41,-9.76,309.29,65.53,-0.61,282.18,56.61,174.27,5645.66,17.0,111.72
019550,SBI인베스트먼트,CFS,40859511096.0,21568271006.0,15350954253.0,5557794849.0,10165326278.0,7984960950.0,6353032390.0,12249758959.0,11638080869.0,126127403150.0,117623745674.0,132018645434.0,29276094479.0,16919391372.0,38388753408.0,,,,8318470367.0,-15010141892.0,22239400828.0,6.6,5.04,735.17,-12.76,10.41,212.17,16.85,8.82,192.25,73.03,,-55.93,
019570,플루토스,CFS,18670454478.0,28775336997.0,52114813147.0,1912405474.0,11806666602.0,35297431343.0,1919291800.0,15286814533.0,39528357649.0,31280056021.0,33337090407.0,51576092735.0,,,,-10314460930.0,-17269386147.0,-8606506144.0,-11550830828.0,-18304318972.0,-9221470991.0,-36.93,6.14,976.28,-54.91,45.86,243.72,-17.88,76.64,147.64,,40.27,,-100.66
019660,글로본,CFS,8784634046.0,7823284968.0,43591577390.0,2617094739.0,12077183569.0,42192672722.0,2854627246.0,12959685314.0,45136803383.0,10513976648.0,14920648209.0,17896508441.0,20311948431.0,18479329687.0,5178622017.0,-3991779002.0,-4089214506.0,-6722353258.0,-4492882561.0,-6404702784.0,-12590993258.0,-42.73,27.15,335.66,-42.93,86.86,64.78,-70.35,252.21,103.32,9.92,2.38,256.84,39.17
019770,서연탑메탈,CFS,95221399483.0,85501918241.0,77043357233.0,55984270028.0,54421761320.0,46272264439.0,56970747412.0,55438115468.0,48964141272.0,84625309260.0,77010560545.0,75382546117.0,173052825577.0,164178182253.0,153501081951.0,6949154558.0,2807000983.0,6799607217.0,8094037350.0,2557421566.0,3801680465.0,9.56,67.32,170.09,3.32,71.99,157.11,5.04,64.95,166.5,5.41,147.57,6.96,-58.72
019990,에너토크,CFS,21759773534.0,24946431476.0,22991610376.0,4730079790.0,6741144959.0,3233249185.0,5605776757.0,7340244038.0,6937807798.0,40178308557.0,44399758924.0,44243456733.0,26943911903.0,26287076336.0,22574208001.0,-881692461.0,1011710533.0,1417520715.0,-939423866.0,1544296333.0,1081015747.0,-2.34,13.95,460.03,3.48,16.53,370.06,2.44,15.68,711.1,2.5,-187.15,16.45,-28.63
020180,대신정보통신,CFS,70400166517.0,58050718973.0,43245769266.0,55301503334.0,44438474973.0,32401022281.0,56496625370.0,55109525329.0,43154284007.0,28585215976.0,29017862289.0,27352302849.0,228487621631.0,180570933137.0,193750021378.0,4175255751.0,2283442332.0,2341315392.0,-48357163.0,2049848590.0,1689726707.0,-0.17,197.64,127.3,7.06,189.92,130.63,6.18,157.77,133.47,26.54,82.85,-6.8,-2.47
020400,대동금속,CFS,28776378116.0,30929858692.0,33179804749.0,36150074088.0,41850960498.0,47088872010.0,50236316857.0,54197945746.0,62202949869.0,52438294792.0,46843303092.0,43735358936.0,133065161759.0,146930756753.0,134276161981.0,1301329207.0,2335666701.0,2637926896.0,830402461.0,2182030396.0,2566294321.0,1.58,95.8,79.6,4.66,115.7,73.9,5.87,142.23,70.46,-9.44,-44.28,9.42,-11.46
020710,시공테크,CFS,68426242014.0,54719410512.0,68334969541.0,36276815097.0,33307356880.0,37086329063.0,44405673610.0,38545003142.0,40151005436.0,132020451544.0,124107397405.0,114620582560.0,134871392216.0,100207500673.0,92591768737.0,5608277410.0,-5203968932.0,-955387991.0,8314649221.0,6924232028.0,2833846409.0,6.3,33.64,188.62,5.58,31.06,164.29,2.47,35.03,184.26,34.59,207.77,8.23,-444.7
021040,대호특수강,CFS,137951833340.0,135427996406.0,131603486491.0,125315025893.0,124219029612.0,115541132032.0,150100378683.0,165218323021.0,163395638530.0,51586679452.0,52744968900.0,55903002484.0,300559957997.0,306845564412.0,212211461939.0,1660919750.0,901712482.0,7768392197.0,-3555644391.0,-4218971785.0,7619823837.0,-6.89,290.97,110.08,-8.0,313.24,109.02,13.63,292.28,113.9,-2.05,84.2,44.59,-88.39
021045,대호특수강우,,,,,,,,,,,,,,,,,,,,,,,,,,,,,,,,,,,
021080,에이티넘인베스트,CFS,82326331072.0,40201444792.0,57606615818.0,24448388126.0,15961469898.0,32333764478.0,45423688238.0,27611284504.0,47097559971.0,177308325899.0,166985095251.0,151705828279.0,135789250846.0,100987678722.0,117619456870.0,24779485522.0,35151287454.0,83214680545.0,20080843033.0,28207750262.0,65995111502.0,11.33,25.62,336.74,16.89,16.54,251.87,43.5,31.05,178.16,34.46,-29.51,-14.14,-57.76
021320,KCC건설,CFS,843728991599.0,786408337496.0,715907429539.0,567632947575.0,587328187978.0,491119901317.0,794813854224.0,747474269742.0,647274466274.0,446170183217.0,450654223297.0,442499761326.0,1909591995353.0,1893077679119.0,1363965385622.0,18146940552.0,-1091838620.0,31880777428.0,10350678017.0,4438156398.0,47190335111.0,2.32,178.14,148.64,0.98,165.86,133.9,10.66,146.28,145.77,0.87,1762.05,38.79,-103.42
021650,한국큐빅,CFS,111623030220.0,100182326281.0,77340619197.0,81834327958.0,76162993069.0,53743180572.0,86798137225.0,78478293069.0,63054331952.0,86496301389.0,79860158356.0,74486027852.0,252096865048.0,210049895609.0,172101995255.0,10647846417.0,9058282896.0,9100089379.0,8263592527.0,6529074801.0,7531552116.0,9.55,100.35,136.4,8.18,98.27,131.54,10.11,84.65,143.91,20.02,17.55,22.05,-0.46
021880,메이슨캐피탈,,,,,,,,,,,,,,,,,,,,,,,,,,,,,,,,,,,
022220,티케이지애강,CFS,65392434496.0,65826737296.0,66815719941.0,14579544378.0,14125243596.0,12110254737.0,16580732022.0,15898895009.0,14361963136.0,100050742903.0,94479685690.0,90143391722.0,78148269266.0,76051374316.0,66615076119.0,4439727684.0,4532290386.0,6692723102.0,5455628599.0,4576739881.0,4575592130.0,5.45,16.57,448.52,4.84,16.83,466.02,5.08,15.93,551.73,2.76,-2.04,14.17,-32.28
023160,태광,CFS,303514704040.0,312707863420.0,234559227842.0,34017824369.0,52478259759.0,28727048930.0,50903812971.0,69762409007.0,52105612740.0,575391432513.0,524232736859.0,453080837034.0,312067468098.0,249742674195.0,185147913272.0,57724095747.0,45350048019.0,13530787202.0,58128426139.0,36783440070.0,18549460527.0,10.1,8.85,892.22,7.02,13.31,595.88,4.09,11.5,816.51,24.96,27.29,34.89,235.16
023410,유진기업,CFS,622425622568.0,485500705339.0,860320285958.0,987297110503.0,698285824430.0,1094053442183.0,1218270550111.0,1092825611169.0,1383280299651.0,1067945492634.0,937596247581.0,893540153242.0,1473426055245.0,1407717459055.0,1345328206053.0,84442700646.0,54719955238.0,55400228501.0,69312226665.0,31131586255.0,78253165126.0,6.49,114.08,63.04,3.32,116.56,69.53,8.76,154.81,78.64,4.67,54.32,4.64,-1.23
023440,제이스코홀딩스,CFS,34107715860.0,35922045973.0,67280630430.0,59123575006.0,62428988959.0,50069844032.0,65145719325.0,73428637872.0,59587663462.0,62779004730.0,63171564035.0,80801525482.0,55349435845.0,84143041881.0,84471062506.0,-8360586051.0,-6191488893.0,5261547592.0,-24383417124.0,-27157810158.0,-1300408886.0,-38.84,103.77,57.69,-42.99,116.24,57.54,-1.61,73.75,134.37,-34.22,-35.03,-0.39,-217.67
023600,삼보판지,CFS,261799163429.0,214202277679.0,218951016772.0,93298268872.0,66355314281.0,102856535770.0,152358601309.0,153502888976.0,189480649409.0,609419895796.0,555903491225.0,492314260928.0,555628853462.0,582010939428.0,534022104242.0,67368809282.0,67586885009.0,70234764724.0,60829313458.0,63514561627.0,60161993732.0,9.98,25.0,280.6,11.43,27.61,322.81,12.22,38.49,212.87,-4.53,-0.32,8.99,-3.77
023760,한국캐피탈,CFS,,,,,,,3288174129416.0,3011679758406.0,2895019738245.0,612033993762.0,456648274238.0,404228581328.0,,,,,,,66185070496.0,65094593013.0,53138157430.0,10.81,537.25,,14.25,659.52,,13.15,716.18,,,,,
023770,플레이위드,CFS,20997298391.0,18860581170.0,86411552063.0,13506128063.0,3543465180.0,72726887206.0,17505838506.0,4657965466.0,74212232234.0,25933868316.0,29274918816.0,28915374886.0,28552255519.0,14505487825.0,13264691357.0,-6647064613.0,-7185076798.0,474743607.0,-5993718873.0,-878846205.0,1844729746.0,-23.11,67.5,155.46,-3.0,15.91,532.26,6.38,256.65,118.82,96.84,7.49,9.35,-1613.46
023790,동일스틸럭스,CFS,20471959627.0,20514216954.0,27835790992.0,39465608615.0,40207087102.0,46575691152.0,55143755756.0,59333757206.0,61986101100.0,18137193618.0,36691624114.0,37413590855.0,21471427299.0,32221196756.0,34359397512.0,-3313257599.0,901676894.0,4349764137.0,-22297885966.0,-15634632651.0,-25109527090.0,-122.94,304.04,51.87,-42.61,161.71,51.02,-67.11,165.68,59.76,-33.36,-467.46,-6.22,-79.27
023900,풍국주정,CFS,51205195810.0,48731156851.0,60029758312.0,16402851312.0,21890588259.0,25180797640.0,17230001935.0,24524641846.0,28738882751.0,175955246892.0,166230790446.0,161270978175.0,168467096763.0,153988455865.0,127698088867.0,11667462369.0,3766400980.0,7241538375.0,10826675534.0,5479850998.0,8900824729.0,6.15,9.79,312.17,3.3,14.75,222.61,5.52,17.82,238.39,9.4,209.78,20.59,-47.99
023910,대한약품,CFS,159904570224.0,155885923714.0,147538815225.0,41300251759.0,42685523171.0,46118721092.0,46278381107.0,51581827211.0,69734205691.0,247974088049.0,225398085203.0,202808016528.0,195911458889.0,184267548195.0,171462787332.0,35795371698.0,32968049140.0,29067651277.0,28426315296.0,24960546385.0,22670411836.0,11.46,18.66,387.18,11.07,22.88,365.2,11.18,34.38,319.91,6.32,8.58,7.47,13.42
024060,흥구석유,CFS,6598784922.0,8668126676.0,26514522961.0,3650674783.0,4679282771.0,2902084019.0,12651521692.0,13848316797.0,3751075983.0,79095399275.0,80086299356.0,78896032760.0,126695388352.0,146717690495.0,132213730186.0,86981150.0,1360244467.0,-28815236.0,1129186202.0,2657025500.0,1398831419.0,1.43,16.0,180.76,3.32,17.29,185.24,1.77,4.75,913.64,-13.65,-93.61,10.97,4820.57
024120,KB오토시스,CFS,97471720734.0,94454673255.0,84000875730.0,81130100020.0,71403678838.0,44789149738.0,116128617012.0,103900507749.0,57854236275.0,108776621734.0,100515560505.0,102122596132.0,203726077936.0,178041889332.0,130124357015.0,4044593163.0,2437247196.0,-5122507760.0,1062706995.0,1101359982.0,-405411162.0,0.98,106.76,120.14,1.1,103.37,132.28,-0.4,56.65,187.55,14.43,65.95,36.82,147.58
024740,한일단조,CFS,119082287682.0,119261419675.0,85710862715.0,117963944467.0,127500533461.0,102856920576.0,133939428178.0,142746444104.0,121586561402.0,123667798176.0,115459177366.0,102419332691.0,178166776876.0,177364538405.0,152471478934.0,15168146222.0,14579806106.0,-3353121692.0,7759017223.0,7213556464.0,-8675809923.0,6.27,108.31,100.95,6.25,123.63,93.54,-8.47,118.71,83.33,0.45,4.04,16.33,534.81
024800,유성티엔에스,CFS,46156106533.0,59378413076.0,64716606201.0,126699216130.0,149264526322.0,153656169710.0,167170209056.0,172307637327.0,202388455715.0,465004288523.0,381058459865.0,326004469237.0,237322795454.0,276770975513.0,280539019947.0,2095347531.0,2692150214.0,1759204848.0,69537753934.0,55486725492.0,43637899533.0,14.95,35.95,36.43,14.56,45.22,39.78,13.39,62.08,42.12,-14.25,-22.17,-1.34,53.03
024830,세원물산,CFS,245824408292.0,121686594086.0,89100429381.0,72777740030.0,44946526270.0,43393742946.0,105729475569.0,67255492440.0,67332068391.0,356738255896.0,243314792516.0,233661182570.0,193044822258.0,171133634720.0,210094466852.0,5906879018.0,14982919221.0,15202968726.0,12732951871.0,16276122211.0,26976887435.0,3.57,29.64,337.77,6.69,27.64,270.74,11.55,28.82,205.33,12.8,-60.58,-18.54,-1.45
024840,KBI메탈,CFS,154754259863.0,171288593550.0,178405136430.0,99064795409.0,111861932755.0,97909609297.0,112360099862.0,123620933893.0,128560067028.0,122041087118.0,105806299552.0,100791973951.0,685035268666.0,710479838197.0,683020943070.0,7819137792.0,5359242952.0,13520846480.0,665696051.0,2365151884.0,-715926658.0,0.55,92.07,156.22,2.24,116.84,153.13,-0.71,127.55,182.21,-3.58,45.9,4.02,-60.36
024850,HLB이노베이션,CFS,61792745495.0,84244151907.0,26717766710.0,32932168854.0,4236472093.0,13777171140.0,35133745815.0,34869388809.0,23020785674.0,57062108450.0,57431959163.0,14996836856.0,20581331304.0,31429330620.0,34402799467.0,-937587555.0,402391856.0,2583034293.0,-755407667.0,13960167324.0,-843881224.0,-1.32,61.57,187.64,24.31,60.71,1988.54,-5.63,153.5,193.93,-34.52,-333.0,-8.64,-84.42
024880,케이피에프,CFS,380416635975.0,387535583788.0,346651715054.0,374485802914.0,393525831329.0,352381326249.0,419152588993.0,454756690145.0,443515131798.0,234014768285.0,207457455589.0,177188380165.0,809653196526.0,819025640763.0,522424050106.0,47252640807.0,39593823755.0,1240289620.0,22184693204.0,22964142345.0,-6547141107.0,9.48,179.11,101.58,11.07,219.2,98.48,-3.7,250.31,98.37,-1.14,19.34,56.77,3092.3
024910,경창산업,CFS,184144704565.0,180073932666.0,168771588750.0,243559074028.0,241594892987.0,244992889661.0,356822542403.0,370925491050.0,401978561043.0,149914846824.0,137115652310.0,104981220756.0,667253963817.0,615579626824.0,563663197817.0,21036204670.0,19184253102.0,15300171505.0,8828533627.0,19267463106.0,3588929651.0,5.89,238.02,75.61,14.05,270.52,74.54,3.42,382.91,68.89,8.39,9.65,9.21,25.39
024940,PN풍년,CFS,37741385209.0,36160030051.0,35831652286.0,6820453559.0,7721103293.0,8648962926.0,7407806443.0,8163190802.0,9300389211.0,48019054609.0,46084846730.0,44710791837.0,57230803245.0,57639296614.0,58410347708.0,2091164821.0,1318667622.0,2296284646.0,2169174879.0,1706783829.0,2107915761.0,4.52,15.43,553.36,3.7,17.71,468.33,4.71,20.8,414.29,-0.71,58.58,-1.32,-42.57
024950,삼천리자전거,CFS,140346459698.0,56619288434.0,36734877512.0,103200863936.0,46077224570.0,20061151660.0,113999836979.0,49245854713.0,23859608899.0,157350843465.0,93421112243.0,99006334872.0,106783297522.0,113103904244.0,122921271283.0,-6290389338.0,2127873334.0,11939583736.0,6200377346.0,-5040427448.0,4355666002.0,3.94,72.45,135.99,-5.4,52.71,122.88,4.4,24.1,183.11,-5.59,-395.62,-7.99,-82.18
025320,시노펙스,CFS,83567925255.0,94460382264.0,84866578834.0,54301246671.0,96228580360.0,106763095877.0,67188342427.0,109975340078.0,113927785820.0,134125280347.0,104889857923.0,88685950233.0,262172878615.0,244769214357.0,231510360049.0,24177306064.0,12861584537.0,5212921320.0,14552474098.0,8298947423.0,9935257772.0,10.85,50.09,153.9,7.91,104.85,98.16,11.2,128.46,79.49,7.11,87.98,5.73,146.73
025440,DH오토웨어,CFS,68846671925.0,87987858100.0,70622068690.0,75189382466.0,55242229281.0,54597403815.0,107744859035.0,82875662902.0,93943198911.0,69546501070.0,62073869822.0,34464123587.0,393131714023.0,381809993242.0,333101577545.0,2775900843.0,2321107281.0,-4534956686.0,650913185.0,-4498993744.0,-10703734207.0,0.94,154.92,91.56,-7.25,133.51,159.28,-31.06,272.58,129.35,2.97,19.59,14.62,151.18
025550,한국선재,CFS,136603806563.0,133702016871.0,128783582067.0,93290642116.0,118720101020.0,124211409326.0,126693388619.0,137582868745.0,145850970998.0,144027875725.0,117276832579.0,103917423864.0,248447837494.0,245485561063.0,214156345937.0,5122217251.0,11285220408.0,17973452074.0,-1448912760.0,14964728705.0,11961754290.0,-1.01,87.96,146.43,12.76,117.31,112.62,11.51,140.35,103.68,1.21,-54.61,14.63,-37.21
025770,한국정보통신,CFS,357122003000.0,312308264000.0,315520300000.0,167189930000.0,148143804000.0,169062186000.0,171546187000.0,156061925000.0,179010294000.0,271223701000.0,244370476000.0,220568668000.0,725118196000.0,595450481000.0,540243819000.0,35677366000.0,27120718000.0,23559172000.0,30055752000.0,21799953000.0,10696136000.0,11.08,63.25,213.6,8.92,63.86,210.81,4.85,81.16,186.63,21.78,31.55,10.22,15.12
025870,신라에스지,CFS,25504220791.0,24016079665.0,20741096222.0,20261450959.0,24423362968.0,16119034793.0,31902772340.0,30174598674.0,28888838465.0,17470996836.0,17680372707.0,15913358091.0,88377059730.0,73421934268.0,71298676479.0,1688008975.0,2252248416.0,2238199821.0,297908852.0,1134077562.0,1429373212.0,1.71,182.6,125.88,6.41,170.67,98.33,8.98,181.54,128.67,20.37,-25.05,2.98,0.63
025880,케이씨피드,CFS,44107412315.0,50256101948.0,51664367194.0,30391079486.0,33907986099.0,32643298316.0,32449685394.0,36235746966.0,37990257319.0,66216719623.0,60992970168.0,57251339344.0,92576838916.0,88477418720.0,75742976488.0,6049004344.0,4867543602.0,4474868746.0,6709822680.0,4223897638.0,4314930183.0,10.13,49.01,145.13,6.93,59.41,148.21,7.54,66.36,158.27,4.63,24.27,16.81,8.78
025900,동화기업,CFS,380654828460.0,421219490339.0,453522503503.0,681061964960.0,598325035262.0,515464119955.0,1334923566178.0,1074761149038.0,966604294302.0,986832993427.0,771347084169.0,804272467585.0,963223225281.0,1100415112505.0,932394259945.0,-16571978650.0,72435427545.0,104927241386.0,-108411591175.0,43302676402.0,56031157936.0,-10.99,135.27,55.89,5.61,139.34,70.4,6.97,120.18,87.98,-12.47,-122.88,18.02,-30.97
025950,동신건설,CFS,86241720094.0,78426182450.0,63173620127.0,14524599998.0,12176027400.0,11937011027.0,21195938366.0,23709113847.0,24451565359.0,96697553081.0,89577557133.0,84214132617.0,82743779233.0,50301558593.0,57432513542.0,6340785950.0,1366400188.0,3081287403.0,7825488098.0,6068916666.0,-291679086.0,8.09,21.92,593.76,6.78,26.47,644.1,-0.35,29.03,529.22,64.5,364.05,-12.42,-55.65
025980,아난티,CFS,169626114974.0,525676438032.0,466549492388.0,414079608931.0,749253093649.0,565777199207.0,841067756663.0,1224152226029.0,984579930996.0,703837793368.0,510634607865.0,400555479427.0,897296641579.0,325346438455.0,219820294987.0,267047733935.0,115222889272.0,59730733449.0,210408476713.0,33987271560.0,16681634105.0,29.89,119.5,40.96,6.66,239.73,70.16,4.16,245.8,82.46,175.8,131.77,48.01,92.9
026040,제이에스티나,CFS,33964365740.0,36748699940.0,44461956741.0,8763596776.0,9298741984.0,12757090783.0,11354771469.0,12641518166.0,16179957925.0,43226632598.0,46545182142.0,48769497422.0,75362474833.0,77880466417.0,67234075374.0,-582699119.0,2580912695.0,1594029193.0,792213904.0,1307771554.0,17615824499.0,1.83,26.27,387.56,2.81,27.16,395.2,36.12,33.18,348.53,-3.23,-122.58,15.83,61.91
026150,특수건설,CFS,107186047768.0,110319800814.0,99832251369.0,81904814747.0,67211796318.0,54506365292.0,93695222963.0,77734881219.0,76854634094.0,103614332563.0,106136156112.0,103754376257.0,232863674296.0,202958033834.0,232010360221.0,2490709395.0,2684562756.0,-711715450.0,-2274301049.0,1749662481.0,-6811810268.0,-2.19,90.43,130.87,1.65,73.24,164.14,-6.57,74.07,183.16,14.73,-7.22,-12.52,477.2
026910,광진실업,CFS,32330231052.0,31249457505.0,21133892227.0,37331513855.0,35142215508.0,11771521975.0,72708166628.0,48819081233.0,16450749738.0,21950374529.0,27461847589.0,25964922560.0,53679071672.0,59139993833.0,54585774335.0,-7043841565.0,585221907.0,1116268626.0,-5139724500.0,1145921388.0,1156395325.0,-23.42,331.24,86.6,4.17,177.77,88.92,4.45,63.36,179.53,-9.23,-1303.62,8.34,-47.57
027040,서울전자통신,CFS,39180141176.0,40292158907.0,42008829963.0,65625229308.0,42225782293.0,47791055631.0,72040222981.0,74893608869.0,61748670894.0,38933916521.0,54311469502.0,90136560054.0,34586691657.0,51836203952.0,69119405634.0,-3756620550.0,-7727186324.0,-118614240.0,-14548947347.0,-10364260116.0,58498646.0,-37.37,185.03,59.7,-19.08,137.9,95.42,0.06,68.51,87.9,-33.28,51.38,-25.0,-6414.55
027050,코리아나,CFS,38293474692.0,35681731835.0,41128567841.0,18758819905.0,14184087021.0,21675729099.0,26686326034.0,22780360687.0,30567508833.0,85804319951.0,82748405805.0,82931632581.0,86049461423.0,80393939400.0,87050014999.0,935688865.0,876082758.0,3439945794.0,1767236217.0,1500042306.0,3305901565.0,2.06,31.1,204.14,1.81,27.53,251.56,3.99,36.86,189.74,7.03,6.8,-7.65,-74.53
027360,아주IB투자,CFS,,,,,,,96109647468.0,129853432578.0,147316419438.0,258504751513.0,243435887100.0,252878871935.0,,,,,,,16601630818.0,2039024790.0,39333565433.0,6.42,37.18,,0.84,53.34,,15.55,58.26,,,,,
027580,상보,CFS,73672946432.0,70847977834.0,92652866456.0,47954378265.0,41139955661.0,71102486271.0,55095046360.0,46593967271.0,76437339221.0,62634571959.0,65679141240.0,56784008393.0,66156769308.0,67412484219.0,72389120845.0,2254501294.0,2541236225.0,5676576671.0,438470872.0,8786646050.0,1984263489.0,0.7,87.96,153.63,13.38,70.94,172.21,3.49,134.61,130.31,-1.86,-11.28,-6.87,-55.23
027710,팜스토리,CFS,631069914339.0,683678462789.0,539016905989.0,636573780521.0,693576365731.0,508555287578.0,682697963677.0,726567989077.0,585622424223.0,255055185300.0,249388172521.0,255561356630.0,1500248272338.0,1426450944874.0,1033917621051.0,26245499824.0,31455456699.0,25114462686.0,9773128133.0,-7550762243.0,4931599495.0,3.83,267.67,99.14,-3.03,291.34,98.57,1.93,229.15,105.99,5.17,-16.56,37.97,25.25
027830,대성창투,CFS,39216753520.0,20839024051.0,26540313234.0,1190935080.0,1415032747.0,3249550153.0,1388535684.0,1492832547.0,3698559314.0,84933427076.0,59529176278.0,58858456599.0,12363265555.0,13656850879.0,21876151455.0,2052559665.0,1018910881.0,9530660689.0,2178250798.0,792423997.0,7637569617.0,2.56,1.63,3292.94,1.33,2.51,1472.69,12.98,6.28,816.74,-9.47,101.45,-37.57,-89.31
028080,휴맥스홀딩스,CFS,372735869869.0,474166796156.0,537510674276.0,367152645655.0,452757564734.0,409314675484.0,595139127598.0,697237364444.0,600569066578.0,247311866092.0,323635043564.0,377685603269.0,659801361563.0,697380534227.0,7756131191.0,11771026795.0,-4099794705.0,-13883429782.0,-80282914595.0,-50555937442.0,-23015706423.0,-32.46,240.64,101.52,-15.62,215.44,104.73,-6.09,159.01,131.32,-5.39,387.11,8891.35,70.47
028300,HLB,CFS,144406832382.0,343614513503.0,188141790615.0,86332423578.0,200369576030.0,121819304371.0,169475199911.0,268287104470.0,231507461398.0,582246430180.0,698978330322.0,512184802697.0,42900561196.0,179707913112.0,69825991454.0,-125024740610.0,-74664893059.0,-101018424284.0,-206042537607.0,-98603344338.0,-111606825948.0,-35.39,29.11,167.27,-14.11,38.38,171.49,-21.79,45.2,154.44,-76.13,-67.45,157.37,26.09
029480,광무,CFS,94663140619.0,115584266855.0,83816980460.0,15066425267.0,54993555930.0,50644186641.0,15898878531.0,55875956034.0,53084090522.0,113777872119.0,80095780307.0,50960245576.0,24240060004.0,78221398794.0,18919929734.0,-2607263511.0,2375618399.0,-724747537.0,7280899975.0,-7366384107.0,-758184748.0,6.4,13.97,628.31,-9.2,69.76,210.18,-1.49,104.17,165.5,-69.01,-209.75,313.43,427.79
030350,드래곤플라이,CFS,9969986234.0,31189383127.0,35381939805.0,8509269964.0,8530012080.0,13888996501.0,9258062770.0,10015464649.0,15343963112.0,28364034652.0,56006728461.0,48710441466.0,16617929586.0,7096803674.0,6296994451.0,-13327228938.0,-9596096565.0,-3816769561.0,-28045503869.0,-14429623321.0,-15314264038.0,-98.88,32.64,117.17,-25.76,17.88,365.64,-31.44,31.5,254.75,134.16,-38.88,12.7,-151.42
030520,한글과컴퓨터,CFS,288442474896.0,313627880990.0,360806962576.0,104042583057.0,162891358673.0,203911609613.0,161199361669.0,213922218166.0,296946967899.0,470580017996.0,480965246115.0,549716781076.0,271099772341.0,242008402693.0,241729786330.0,34150052679.0,25023371169.0,39592733559.0,-27497127633.0,16708892290.0,4371304748.0,-5.84,34.26,277.24,3.47,44.48,192.54,0.8,54.02,176.94,12.02,36.47,0.12,-36.8
030530,원익홀딩스,CFS,307924934631.0,363309799710.0,504588828038.0,344245698551.0,462128565778.0,512981106473.0,507448061336.0,494371508160.0,623762016411.0,1317600355976.0,1321154474643.0,1331503946582.0,749527050135.0,881011689232.0,667945595130.0,45774773657.0,104998891405.0,90479025181.0,-23801700755.0,128758921016.0,142889402929.0,-1.81,38.51,89.45,9.75,37.42,78.62,10.73,46.85,98.36,-14.92,-56.4,31.9,16.05
030960,양지사,CFS,145323438178.0,131430364500.0,146832157032.0,8690617554.0,8803058411.0,19910317547.0,9264864861.0,10009176413.0,20515413640.0,185477215065.0,184445697722.0,189469413592.0,62134749172.0,44897819851.0,44398508791.0,-6918702465.0,-594793557.0,-2060594428.0,1218541611.0,-4087992679.0,1318637564.0,0.66,5.0,1672.19,-2.22,5.43,1493.01,0.7,10.83,737.47,38.39,-1063.21,1.12,71.13
031310,아이즈비전,CFS,124089200133.0,133164631508.0,129966178947.0,57424220101.0,79417196847.0,71508462894.0,62029741582.0,82054067514.0,81051711009.0,182872662866.0,164473192642.0,166252721300.0,190968431347.0,191621557326.0,145025330102.0,6785523313.0,6344360283.0,8588728700.0,-807962640.0,-5391275234.0,20530251571.0,-0.44,33.92,216.09,-3.28,49.89,167.68,12.35,48.75,181.75,-0.34,6.95,32.13,-26.13
031330,에스에이엠티,CFS,559135678003.0,604743440194.0,503071304979.0,285682584380.0,333392017085.0,240150562593.0,294596263083.0,342503933011.0,249027131361.0,377309612714.0,361082088960.0,312114815415.0,2145067678998.0,2544385766501.0,2231975831703.0,53542641950.0,78764500521.0,84470411777.0,32941534857.0,57790206549.0,60141224395.0,8.73,78.08,195.72,16.0,94.85,181.39,19.27,79.79,209.48,-15.69,-32.02,14.0,-6.75
031510,오스템,CFS,90870470298.0,99309100271.0,83567211719.0,53497700144.0,86459158007.0,94096514315.0,59045844395.0,91943080346.0,100746219404.0,100356144538.0,95313984827.0,110367742564.0,141975544188.0,110892575490.0,112783537605.0,9903944411.0,-4658942088.0,-332450200.0,7445336182.0,-13660860841.0,-12292207620.0,7.42,58.84,169.86,-14.33,96.46,114.86,-11.14,91.28,88.81,28.03,312.58,-1.68,-1301.4
031860,디에이치엑스컴퍼니,CFS,21739350832.0,23686559130.0,25457357877.0,5503431358.0,22300463182.0,25737101254.0,6333663136.0,23066897644.0,26671460498.0,59749053243.0,59860865937.0,38235966642.0,11308943767.0,8348605577.0,22049905802.0,-13071378512.0,-6474345726.0,-7693528908.0,-32501586699.0,-15192557773.0,-16055232401.0,-54.4,10.6,395.01,-25.38,38.53,106.22,-41.99,69.75,98.91,35.46,-101.89,-62.14,15.85
031980,피에스케이홀딩스,CFS,165192022075.0,128409189488.0,126622572632.0,35094335258.0,22197474143.0,23242307233.0,60129472727.0,46254379594.0,54300013379.0,341312404466.0,282176616066.0,251539081531.0,94716683944.0,72790993366.0,81623934759.0,26970755131.0,16902902739.0,22626646738.0,42696378649.0,40757933000.0,46616689014.0,12.51,17.62,470.71,14.44,16.39,578.49,18.53,21.59,544.79,30.12,59.56,-10.82,-25.3
032080,아즈텍WB,CFS,66670449854.0,82839033454.0,74079374249.0,16109472855.0,31336386282.0,24285136584.0,16201877395.0,32043710418.0,34023348303.0,108367550166.0,109988449248.0,110692105176.0,37089482391.0,45473797756.0,36353883394.0,-75126221.0,2148865471.0,-376930693.0,-1317589604.0,-1420658249.0,11540949293.0,-1.22,14.95,413.86,-1.29,29.13,264.35,10.43,30.74,305.04,-18.44,-103.5,25.09,670.1
032190,다우데이타,CFS,729978531146.0,733022206820.0,738105562764.0,833158320740.0,678124143565.0,496834516368.0,48223589793288.0,44437568870718.0,42134095985742.0,5716273414165.0,5437356810860.0,4867369126930.0,10334025110546.0,9747210930928.0,6580054062920.0,667942798550.0,776695601049.0,1315452190595.0,442895796585.0,733829683806.0,901828775494.0,7.75,843.62,87.62,13.5,817.26,108.1,18.53,865.64,148.56,6.02,-14.0,48.13,-40.96
032280,삼일,CFS,14761626236.0,12890284018.0,11034461962.0,38886052432.0,33025212704.0,28108161678.0,44443699363.0,41462750693.0,40277718868.0,62647116343.0,60094257637.0,59152467133.0,99668556013.0,91979315853.0,85368837193.0,1721681269.0,1796436109.0,-2759129858.0,2828019091.0,1232107745.0,-2603996704.0,4.51,70.94,37.96,2.05,69.0,39.03,-4.4,68.09,39.26,8.36,-4.16,7.74,165.11
032300,한국파마,CFS,85384803659.0,98083251141.0,97236118681.0,33299954415.0,69535318881.0,25498395203.0,52721842145.0,71131716248.0,71934144979.0,68581531119.0,59815439793.0,57467206812.0,83240454815.0,81029421374.0,79576699842.0,6269393301.0,6187122199.0,5014072753.0,83763705.0,-1119052124.0,6368339890.0,0.12,76.87,256.41,-1.87,118.92,141.06,11.08,125.17,381.34,2.73,1.33,1.83,23.4
032500,케이엠더블유,CFS,126916970265.0,187314625105.0,241121174011.0,90323882537.0,93925086925.0,107695371360.0,101149421739.0,105571185872.0,115906840300.0,174865189826.0,240292628165.0,250502780338.0,100068287667.0,179462379726.0,205159021050.0,-62858228046.0,-44987885991.0,-27882426750.0,-65286675524.0,-26686462958.0,-3729376178.0,-37.34,57.84,140.51,-11.11,43.93,199.43,-1.49,46.27,223.89,-44.24,-39.72,-12.53,-61.35
032540,TJ미디어,CFS,54866426993.0,59360392273.0,38285233647.0,26708123513.0,32734258293.0,17938460879.0,41482880061.0,49484040118.0,33649034062.0,86088812046.0,85298143128.0,80555410126.0,96398616294.0,85911499261.0,61854165085.0,6331171872.0,4141688797.0,2825653678.0,4704446606.0,4497197063.0,3209896142.0,5.46,48.19,205.43,5.27,58.01,181.34,3.98,41.77,213.43,12.21,52.86,38.89,46.57
032580,피델릭스,CFS,53161670874.0,51829635137.0,44012846318.0,7463702735.0,7479238838.0,8829775943.0,7463702735.0,8700926916.0,11880787840.0,49963549023.0,49066283806.0,40614140649.0,52783978412.0,72559081230.0,77636822646.0,710092106.0,6281389514.0,3812174087.0,1061919010.0,8246655718.0,2900401397.0,2.13,14.94,712.27,16.81,17.73,692.98,7.14,29.25,498.46,-27.25,-88.7,-6.54,64.77
032620,GC메디아이,CFS,68421406350.0,75278175606.0,89852165105.0,24254934004.0,24550463436.0,19195523700.0,41459738938.0,38374297465.0,28252907396.0,113536458785.0,123506905057.0,121007936727.0,154040837400.0,133343230209.0,111761629334.0,3509125932.0,7547744702.0,9973077658.0,-961234912.0,4107190518.0,13614475445.0,-0.85,36.52,282.09,3.33,31.07,306.63,11.25,23.35,468.09,15.52,-53.51,19.31,-24.32
032680,소프트센,CFS,59922432321.0,64064072422.0,64315354943.0,32171770067.0,26656631539.0,32658556183.0,37171565448.0,43204764258.0,37436571050.0,65396418307.0,78925112592.0,64278807525.0,61085045079.0,73373050121.0,92500127100.0,-1418785527.0,16284103976.0,20571461479.0,-9968876097.0,11587270444.0,15798405562.0,-15.24,56.84,186.26,14.68,54.74,240.33,24.58,58.24,196.93,-16.75,-108.71,-20.68,-20.84
032685,소프트센우,,,,,,,,,,,,,,,,,,,,,,,,,,,,,,,,,,,
032750,삼진,CFS,70774160490.0,70778003918.0,80486087829.0,23120963941.0,21060439490.0,19691665550.0,24476165099.0,22550291377.0,21933779927.0,92340082962.0,92645781178.0,91646192736.0,156407806151.0,155138532129.0,128730961186.0,1887196131.0,1655448106.0,1165091906.0,116048502.0,1887900528.0,9619149966.0,0.13,26.51,306.1,2.04,24.34,336.07,10.5,23.93,408.73,0.82,14.0,20.51,42.09
032790,엠젠솔루션,CFS,42824805035.0,50253770225.0,50158021499.0,26718459742.0,26413763869.0,27458520710.0,30301695050.0,29472551033.0,31300059694.0,36987328011.0,46484953391.0,44524001982.0,90534369618.0,109791176701.0,71450088518.0,-6309133102.0,2912963494.0,91733457.0,-21492769083.0,-435391170.0,7845512334.0,-58.11,81.92,160.28,-0.94,63.4,190.26,17.62,70.3,182.67,-17.54,-316.59,53.66,3075.46
032800,판타지오,CFS,37869370884.0,50003764241.0,24556865104.0,34330683861.0,44128944238.0,26048919536.0,35755800134.0,45731030061.0,27390404896.0,42707827379.0,31702668004.0,31217261197.0,38527506388.0,15259393021.0,23455295407.0,-4913262869.0,1252832300.0,1831076344.0,-18458038424.0,-6762436766.0,-20682549859.0,-43.22,83.72,110.31,-21.33,144.25,113.31,-66.25,87.74,94.27,152.48,-492.17,-34.94,-31.58
032820,우리기술,CFS,66053868963.0,65775971470.0,61916104123.0,41542865065.0,50477611968.0,44113256987.0,86764913284.0,66541800413.0,69685218393.0,103420278634.0,95472396278.0,78415306475.0,63166127548.0,49494570488.0,52141052240.0,6678853804.0,4801125334.0,7245494022.0,5032187322.0,3368733524.0,3695895648.0,4.87,83.9,159.0,3.53,69.7,130.31,4.71,88.87,140.36,27.62,39.11,-5.08,-33.74
032850,비트컴퓨터,CFS,35667083252.0,28243756094.0,25989351103.0,11933030146.0,7022238899.0,8183633256.0,13892787589.0,11157918043.0,12757452171.0,66214265693.0,63126429227.0,58974376543.0,33458508904.0,35134664621.0,36433517678.0,6219477487.0,6145733812.0,6408586655.0,5598840253.0,4925063054.0,4892226931.0,8.46,20.98,298.89,7.8,17.68,402.2,8.3,21.63,317.58,-4.77,1.2,-3.56,-4.1
032860,더라미,CFS,30013348632.0,11065522023.0,19770860031.0,13252288141.0,2841364381.0,12362487116.0,13948916741.0,3022536592.0,12538886920.0,51727101531.0,25311787470.0,30900701021.0,50977133773.0,62566412210.0,47260489522.0,-3542638080.0,-3179470531.0,784260070.0,-3293960804.0,-5606375146.0,-16312187503.0,-6.37,26.97,226.48,-22.15,11.94,389.44,-52.79,40.58,159.93,-18.52,-11.42,32.39,-505.41
032940,원익,CFS,44357326347.0,38153742346.0,28285235666.0,62990190503.0,60670243606.0,39427384846.0,119771366469.0,121824089979.0,99869174943.0,251644584518.0,255184729500.0,216193086586.0,129877118817.0,108088691543.0,94674873475.0,12485502745.0,7405021167.0,6642380416.0,-2630408185.0,38309366662.0,28432204483.0,-1.05,47.6,70.42,15.01,47.74,62.89,13.15,46.19,71.74,20.16,68.61,14.17,11.48
032960,동일기연,CFS,56055254224.0,54019022424.0,51429209817.0,2504053044.0,2686188836.0,3689635831.0,3778647167.0,4267791095.0,4946458604.0,64201050239.0,62159718006.0,61318696936.0,25234856762.0,26699392928.0,26109333285.0,422580762.0,1101722833.0,75149058.0,2184904681.0,1046846747.0,7766279615.0,3.4,5.89,2238.58,1.68,6.87,2010.99,12.67,8.07,1393.88,-5.49,-61.64,2.26,1366.05
033050,제이엠아이,CFS,48262785327.0,50836114534.0,47091899606.0,33499560607.0,38113452423.0,38730129083.0,38458201511.0,43236187512.0,43932323155.0,51199542603.0,42231409048.0,38020820733.0,74566785312.0,64925485182.0,48406359069.0,4445290729.0,4728101014.0,1482316586.0,2449720275.0,2480814002.0,1895808995.0,4.78,75.11,144.07,5.87,102.38,133.38,4.99,115.55,121.59,14.85,-5.98,34.13,218.97
033100,제룡전기,CFS,134532536812.0,66481409443.0,54942254902.0,33147964831.0,16579144601.0,18008605943.0,33868881681.0,17061308094.0,18258395730.0,124804397368.0,70829943784.0,59153165424.0,183941144839.0,86061155911.0,48783124675.0,70151892797.0,15983347808.0,117080075.0,56383814934.0,12479898810.0,1173473287.0,45.18,27.14,405.85,17.62,24.09,400.99,1.98,30.87,305.09,113.73,338.91,76.42,13551.64
033130,디지틀조선,CFS,48027123613.0,53629206921.0,48131848538.0,7756525551.0,6730732315.0,7705136486.0,10719723032.0,8822046478.0,10207562992.0,85169357553.0,82132660037.0,82963355054.0,36571550723.0,34714775588.0,33451533740.0,2174982408.0,2060791123.0,2127993458.0,3324754728.0,2748803667.0,2678488395.0,3.9,12.59,619.18,3.35,10.74,796.78,3.23,12.3,624.67,5.35,5.54,3.78,-3.16
033160,엠케이전자,CFS,277683975817.0,270790225161.0,265365370449.0,398472782282.0,355965738911.0,348282573248.0,1330782091949.0,1152566694717.0,1158577597080.0,977115242539.0,1017450472456.0,1025884751344.0,1116974657530.0,1023209675666.0,958025517025.0,46451135024.0,80280886914.0,108518074699.0,-39145066304.0,3124782379.0,118706651800.0,-4.01,136.19,69.69,0.31,113.28,76.07,11.57,112.93,76.19,9.16,-42.14,6.8,-26.02
033170,시그네틱스,CFS,49483313940.0,91867606977.0,105482153888.0,31821096782.0,57924874951.0,53766085557.0,35447149386.0,61897064699.0,58822120328.0,117935343728.0,131312734118.0,123493898202.0,185484580200.0,287600045582.0,269880765944.0,-14999228872.0,8884748083.0,19276699259.0,-15429078420.0,7531878953.0,16991615719.0,-13.08,30.06,155.5,5.74,47.14,158.6,13.76,47.63,196.19,-35.51,-268.82,6.57,-53.91
033200,모아텍,CFS,54332576476.0,54141920049.0,54517043500.0,5434773495.0,4604721181.0,4195722019.0,6575319170.0,5722795971.0,5699210983.0,71097156423.0,72046295951.0,73300108846.0,31956939380.0,28964480456.0,24552325303.0,-2257322923.0,-1647028171.0,-1813281335.0,-1443812539.0,-1410219529.0,-1421440086.0,-2.03,9.25,999.72,-1.96,7.94,1175.79,-1.94,7.78,1299.35,10.33,-37.05,17.97,9.17
033230,인성정보,CFS,204172573168.0,199424454846.0,158392185437.0,128126041920.0,142317455241.0,99467927304.0,164212643862.0,156038691059.0,117495936812.0,75861349612.0,76437814436.0,74407798861.0,365240558331.0,314506299406.0,258308330450.0,5213314477.0,2910287935.0,1987821577.0,-807384630.0,854652562.0,765850392.0,-1.06,216.46,159.35,1.12,204.14,140.13,1.03,157.91,159.24,16.13,79.13,21.76,46.41
033290,로젠,CFS,124505840910.0,276491928002.0,281286627129.0,237110331258.0,235539743950.0,238838714524.0,542255709034.0,571242059846.0,588065321794.0,343595229942.0,496313200770.0,442895015127.0,808042562443.0,822018406601.0,288445216934.0,34427006952.0,39045813664.0,18382479160.0,45123294555.0,64875428389.0,65176698241.0,13.13,157.82,52.51,13.07,115.1,117.39,14.72,132.78,117.77,-1.7,-11.83,184.98,112.41
033310,엠투엔,CFS,29479342631.0,49104524098.0,70464252536.0,24647738787.0,39061113825.0,54151619158.0,41057777376.0,43698473486.0,56573457059.0,142778918738.0,140472516400.0,139345741451.0,76995441504.0,28450754786.0,27642410757.0,3209549957.0,-4844418207.0,-4590886167.0,3239297722.0,4875439432.0,-58416160984.0,2.27,28.76,119.6,3.47,31.11,125.71,-41.92,40.6,130.12,170.63,166.25,2.92,-5.52
033320,제이씨현시스템,CFS,85448167557.0,104160457918.0,121776314796.0,28079012580.0,35804812389.0,38532217474.0,36916659794.0,48027187022.0,48062884578.0,109553640016.0,112613714431.0,114304704998.0,211562471795.0,200564472355.0,265435921149.0,-5577757014.0,-2369792019.0,18440481332.0,-2580074415.0,387124043.0,15961356216.0,-2.36,33.7,304.31,0.34,42.65,290.91,13.96,42.05,316.04,5.48,-135.37,-24.44,-112.85
033340,좋은사람들,CFS,43928793690.0,49466499718.0,41252710531.0,13163521806.0,14683041594.0,23231070077.0,20773903084.0,20363762023.0,35683042492.0,56305235670.0,53567785000.0,23257680105.0,82568061629.0,80470105663.0,94382871918.0,1288396956.0,-4314766827.0,-4996421304.0,2779833091.0,-6233028839.0,-19060417341.0,4.94,36.9,333.72,-11.64,38.01,336.9,-81.95,153.42,177.58,2.61,129.86,-14.74,13.64
033500,동성화인텍,CFS,229757277039.0,225834524902.0,178475051034.0,185158341587.0,178546402834.0,135108410864.0,195423074355.0,195394788188.0,152770952268.0,168856538026.0,148615651842.0,142042200029.0,531408738039.0,434151552353.0,365039209420.0,37339851391.0,15277453449.0,30179089426.0,28746230576.0,8421767028.0,26463866950.0,17.02,115.73,124.09,5.67,131.48,126.49,18.63,107.55,132.1,22.4,144.41,18.93,-49.38
033540,파라텍,CFS,105683600508.0,131523428863.0,86160988380.0,71359717056.0,74911864053.0,37898293106.0,106761951897.0,112870332530.0,54728622217.0,98682663075.0,96764297170.0,81497803409.0,218410558493.0,214050649673.0,112946688188.0,-16022379951.0,-1805755451.0,-463247349.0,-15241244085.0,-5523964641.0,610954218.0,-15.44,108.19,148.1,-5.71,116.64,175.57,0.75,67.15,227.35,2.04,-787.3,89.51,-289.8
033560,블루콤,CFS,31617299113.0,35953331729.0,43687945946.0,12484472417.0,12512460454.0,17442708601.0,16983924284.0,14995091152.0,20482059710.0,157472383038.0,160357894917.0,159948803712.0,32770353181.0,58618047325.0,71492337713.0,-7712405819.0,-1325831876.0,1420737157.0,-2745537561.0,-264689347.0,64506574.0,-1.74,10.79,253.25,-0.17,9.35,287.34,0.04,12.81,250.47,-44.1,-481.7,-18.01,-193.32
033640,네패스,CFS,267494850200.0,254753833223.0,339571303357.0,377308173099.0,350963304429.0,299359137187.0,679952137538.0,739611151367.0,838039683427.0,283166320172.0,392322207827.0,266820870591.0,480111639417.0,588039209962.0,418366537537.0,-70002734472.0,-6714005791.0,-16401042931.0,-109458165882.0,94546157588.0,-29152270603.0,-38.66,240.12,70.9,24.1,188.52,72.59,-10.93,314.08,113.43,-18.35,-942.64,40.56,59.06
033790,피노,CFS,12666029060.0,13647794930.0,13237432676.0,2129254662.0,1593849091.0,3052637350.0,2424233703.0,1757551148.0,3427901064.0,21540992762.0,23530670661.0,21665045839.0,6967041262.0,11406060324.0,11254669398.0,-2124130241.0,1462672613.0,1923486251.0,-1942923931.0,1726255822.0,2240401666.0,-9.02,11.25,594.86,7.34,7.47,856.28,10.34,15.82,433.64,-38.92,-245.22,1.35,-23.96
033830,티비씨,CFS,84836282246.0,83477289676.0,78773231923.0,7112488109.0,6500693336.0,8447714221.0,7854020250.0,7146543184.0,9708953292.0,126363358471.0,121591758295.0,117199675612.0,43505868968.0,42483287221.0,42842548188.0,4137402175.0,4052343613.0,4330542169.0,6194310171.0,4927772175.0,4628244368.0,4.9,6.22,1192.78,4.05,5.88,1284.13,3.95,8.28,932.48,2.41,2.1,-0.84,-6.42
034810,해성산업,CFS,1110606293956.0,1153374889359.0,899147506707.0,807124962422.0,902561389555.0,653422605075.0,1151024499892.0,1232637424600.0,1031221245746.0,1366350426466.0,1390702210838.0,1282290435494.0,2308405711864.0,2531646680380.0,1872899717019.0,106286094900.0,210386941652.0,93413922428.0,2515935451.0,106416568394.0,81310676772.0,0.18,84.24,137.6,7.65,88.63,127.79,6.34,80.42,137.61,-8.82,-49.48,35.17,125.22
03481K,해성산업1우,,,,,,,,,,,,,,,,,,,,,,,,,,,,,,,,,,,
034940,조아제약,CFS,42156850629.0,48199873778.0,46504081096.0,29177887844.0,27327775766.0,24262547993.0,35463609527.0,34231202185.0,32128768315.0,38757865953.0,51408206786.0,48383324258.0,62973743089.0,68879662118.0,57560933140.0,-6834978363.0,-482207989.0,-7002665054.0,-11132861890.0,515252087.0,-8042585093.0,-28.72,91.5,144.48,1.0,66.59,176.38,-16.62,66.4,191.67,-8.57,-1317.43,19.66,93.11
034950,한국기업평가,CFS,109126867212.0,117965830422.0,122554818339.0,25576325150.0,27584690699.0,32337924332.0,34096377339.0,34077799505.0,40736021846.0,121002458789.0,127232796822.0,120602044934.0,95594059688.0,101576018426.0,104519672283.0,25839533932.0,29929805340.0,36219070401.0,24171464057.0,25488331090.0,26749657899.0,19.98,28.18,426.67,20.03,26.78,427.65,22.18,33.78,378.98,-5.89,-13.67,-2.82,-17.36
035080,그래디언트,CFS,1173303875414.0,1144150480893.0,1210850734057.0,928116421034.0,763627550198.0,967700372931.0,1063628720501.0,887158413041.0,1065128833386.0,833929949568.0,882241958396.0,589088804496.0,3423866580408.0,3584845793132.0,3115778496432.0,2909640608.0,14581382704.0,2487628369.0,-6023332663.0,338864154278.0,-4593076104.0,-0.72,127.54,126.42,38.41,100.56,149.83,-0.78,180.81,125.13,-4.49,-80.05,15.05,486.16
035200,프럼파스트,CFS,28878175532.0,28374495218.0,27800243699.0,2714661887.0,3428867519.0,4027842609.0,3421073301.0,3953370182.0,4444590088.0,37741699765.0,36830090628.0,36271349187.0,29481472717.0,30227839370.0,29564006703.0,1442763516.0,1529339366.0,2335457435.0,1416560787.0,1324351207.0,2133333352.0,3.75,9.06,1063.79,3.6,10.73,827.52,5.88,12.25,690.2,-2.47,-5.66,2.25,-34.52
035290,골드앤에스,CFS,13670185707.0,11689949184.0,12783253505.0,2822399276.0,2525925770.0,3771648020.0,3424842510.0,4169436272.0,10968859178.0,12226072261.0,14551482876.0,15175954160.0,9949791745.0,9488858046.0,8138481247.0,-1365862741.0,-1144159584.0,632495135.0,-2959689601.0,-6253681196.0,770698315.0,-24.21,28.01,484.35,-42.98,28.65,462.8,5.08,72.28,338.93,4.86,-19.38,16.59,-280.9
035460,기산텔레콤,CFS,68509274103.0,56999427205.0,54011408548.0,32430622527.0,27394104957.0,24921607583.0,44084421553.0,34775858599.0,36117463406.0,43558676309.0,39672780683.0,34478586823.0,73884674502.0,67802637797.0,61875159635.0,4410201203.0,4615718774.0,-992643976.0,3796639092.0,3641874694.0,-679313644.0,8.72,101.21,211.25,9.18,87.66,208.07,-1.97,104.75,216.73,8.97,-4.45,9.58,564.99
035600,KG이니시스,CFS,738629131225.0,603965268301.0,623076765325.0,782208164541.0,751637882115.0,620552027517.0,1016709892786.0,847320423017.0,916916340731.0,695435433593.0,605659712056.0,513172813558.0,1344791853182.0,1177624552737.0,1011974554186.0,106275402446.0,106512396728.0,106647236661.0,97102941766.0,70372595607.0,62089717150.0,13.96,146.2,94.43,11.62,139.9,80.35,12.1,178.68,100.41,14.2,-0.22,16.37,-0.13
035610,솔본,CFS,145369803049.0,117752934302.0,122242407512.0,34065464064.0,29604960806.0,28822367893.0,44854893682.0,38247330896.0,35509018010.0,230981098312.0,182424394974.0,220561397231.0,123382776486.0,93816087048.0,100199408929.0,31759409160.0,-26845562593.0,15663181185.0,48895126694.0,-41916606098.0,29967230965.0,21.17,19.42,426.74,-22.98,20.97,397.75,13.59,16.1,424.12,31.52,218.3,-6.37,-271.39
035620,바른손이앤에이,CFS,9153314425.0,12412931785.0,11901754965.0,28383775986.0,21845521837.0,20906626045.0,53215504229.0,42405037706.0,31484769176.0,71647241684.0,85669406179.0,109377852489.0,,,,-4824155195.0,-4223014991.0,-1322252018.0,-13926418308.0,-13319475177.0,8534083816.0,-19.44,74.27,32.25,-15.55,49.5,56.82,7.8,28.79,56.93,,-14.23,,-219.38
035760,CJ ENM,CFS,2782355786459.0,3108038802501.0,2660431406281.0,3400941997109.0,4269198302324.0,2322867570128.0,5772095217523.0,5987918870682.0,3737319022978.0,4177764497896.0,4344327774901.0,4203305795543.0,4368360656512.0,4792237788876.0,3552396542302.0,-14600377588.0,137375904912.0,296876105378.0,-396774722680.0,-176815032777.0,227562448542.0,-9.5,138.16,81.81,-4.07,137.83,72.8,5.41,88.91,114.53,-8.85,-110.63,34.9,-53.73
035810,이지홀딩스,CFS,1287639845907.0,1441036534217.0,1142489087532.0,1136847844471.0,1326239248883.0,959921157396.0,1499241307051.0,1638407921136.0,1383165969553.0,1028981455311.0,1017883519185.0,930230953809.0,3119160305224.0,3010255248617.0,1984045508989.0,103781080293.0,99922519563.0,100417145072.0,54489016848.0,26917170536.0,9207549180.0,5.3,145.7,113.26,2.64,160.96,108.66,0.99,148.69,119.02,3.62,3.86,51.72,-0.49
035890,서희건설,CFS,988686976873.0,1027034109514.0,918188003769.0,590063060790.0,711603988281.0,704000923227.0,695168687177.0,860191630774.0,853692780130.0,843672006788.0,755851873052.0,666968992533.0,1441907750436.0,1437668988542.0,1329960715695.0,228215359127.0,206067723959.0,206790324507.0,126686472990.0,100104506234.0,137282158161.0,15.02,82.4,167.56,13.24,113.8,144.33,20.58,128.0,130.42,0.29,10.75,8.1,-0.35
035900,JYP Ent.,CFS,368755808500.0,237105821049.0,159186900028.0,154345051751.0,101383995470.0,58331683486.0,173490775206.0,106621208896.0,66768917247.0,398042670936.0,304501101236.0,250649388836.0,566500542871.0,345892110215.0,193899561773.0,169443909949.0,96631539970.0,57903761113.0,105016740741.0,67501258494.0,67500729976.0,26.38,43.59,238.92,22.17,35.02,233.87,26.93,26.64,272.9,63.78,75.35,78.39,66.88
036000,예림당,CFS,62007793511.0,62450518532.0,76480454284.0,15019574263.0,11244500132.0,19324514382.0,25288303939.0,24440107588.0,38913698017.0,201457425251.0,187053863232.0,205037553692.0,20547570037.0,26372507705.0,28189131111.0,-2748546902.0,291404552.0,2293205862.0,18123216785.0,-22968555251.0,-13635397635.0,9.0,12.55,412.85,-12.28,13.07,555.39,-6.65,18.98,395.77,-22.09,-1043.21,-6.44,-87.29
036010,아비코전자,CFS,75532001720.0,85684376687.0,96715651730.0,20421345345.0,25753451254.0,29427570031.0,31790384569.0,30461065489.0,36242054047.0,113274877836.0,116989538323.0,105450912403.0,125029847788.0,164696756994.0,147677122947.0,-4711554747.0,11291045446.0,3054500170.0,-2373030276.0,9358568386.0,3705201062.0,-2.09,28.06,369.87,8.0,26.04,332.71,3.51,34.37,328.66,-24.08,-141.73,11.52,269.65
036030,케이티알파,CFS,316820921179.0,284234959352.0,261707220621.0,179691123479.0,167882313563.0,159696972314.0,187557029387.0,179472221704.0,173340134070.0,244315660444.0,225743019271.0,218212373170.0,430447191438.0,464167290246.0,423664289413.0,12297116726.0,9817493917.0,3432498815.0,16271007952.0,6774544273.0,-8913078746.0,6.66,76.77,176.31,3.0,79.5,169.31,-4.08,79.44,163.88,-7.26,25.26,9.56,186.02
036090,위지트,CFS,105239092401.0,29242990976.0,32238530885.0,70281712535.0,18110456561.0,21362392928.0,73480064661.0,21263210780.0,30402538017.0,183753964412.0,138414470165.0,126134363655.0,35232358333.0,35218638086.0,31161255660.0,3654906386.0,2169215617.0,95114655.0,-24058585535.0,13679863714.0,10131211564.0,-13.09,39.99,149.74,9.88,15.36,161.47,8.03,24.1,150.91,0.04,68.49,13.02,2180.63
036120,서울평가정보,CFS,19651606308.0,24854086766.0,23780331112.0,3617728979.0,4906119875.0,5573993929.0,5779908848.0,8420080308.0,8568177566.0,29109456407.0,30399872929.0,29439421239.0,34374009972.0,40899238308.0,50369344431.0,401056866.0,4581125564.0,10140263114.0,438984978.0,2343972890.0,5859622796.0,1.51,19.86,543.2,7.71,27.7,506.59,19.9,29.1,426.63,-15.95,-91.25,-18.8,-54.82
036170,에이치엠넥스,CFS,37888479540.0,17068468350.0,82058546754.0,1124067732.0,1405649377.0,1389866018.0,2380505237.0,2653279581.0,2837485072.0,118667938148.0,110674992849.0,105137716099.0,14523739748.0,13418819175.0,15858694120.0,14416773.0,-1074633601.0,1314347866.0,8203000379.0,4178060330.0,1518323648.0,6.91,2.01,3370.66,3.78,2.4,1214.28,1.44,2.7,5904.06,8.23,101.34,-15.39,-181.76
036190,금화피에스시,CFS,232117274009.0,212544954666.0,165325061697.0,71435716962.0,61371709219.0,24514054740.0,100132481282.0,104917863167.0,33363542996.0,330340453390.0,302168774037.0,274385594528.0,337610294221.0,248347893901.0,238745391815.0,43458261238.0,27900351420.0,25617281491.0,38001459036.0,32285231723.0,23129568714.0,11.5,30.31,324.93,10.68,34.72,346.32,8.43,12.16,674.41,35.94,55.76,4.02,8.91
036200,유니셈,CFS,163069284845.0,176038759617.0,177803861547.0,26919165193.0,33218406195.0,48056205595.0,28979641845.0,35290989030.0,49903208697.0,214384514026.0,199436342702.0,183037076177.0,232111743013.0,253229086343.0,296076523708.0,17388081940.0,29036650994.0,43689319047.0,18230112881.0,19588906763.0,38156333733.0,8.5,13.52,605.77,9.82,17.7,529.94,20.85,27.26,369.99,-8.34,-40.12,-14.47,-33.54
036220,오상헬스케어,CFS,185385994187.0,158410261385.0,115012276252.0,26878549926.0,49150508027.0,10626585249.0,27256040100.0,49291065099.0,10895590704.0,293290668466.0,199892506201.0,178479283561.0,355846882565.0,193893072828.0,132326879204.0,142827493353.0,49300174288.0,-7083727446.0,116664689672.0,40660749810.0,1473132550.0,39.78,9.29,689.72,20.34,24.66,322.3,0.83,6.1,1082.31,83.53,189.71,46.53,795.96
036480,대성미생물,CFS,28717021954.0,28690269393.0,23722143354.0,10398313601.0,10610934147.0,5314657799.0,26941660234.0,26271895162.0,25616477092.0,37348624962.0,38837410070.0,37003613113.0,25562323134.0,25500064652.0,23997251522.0,-689011929.0,-327522927.0,337105723.0,,,,,72.14,276.17,,67.65,270.38,,69.23,446.35,0.24,-110.37,6.26,-197.16
036540,SFA반도체,CFS,182721303416.0,271876331548.0,249648865535.0,48736699211.0,89214692681.0,95205691082.0,139749351905.0,190956704120.0,223536653541.0,470160714693.0,483917637617.0,425858682975.0,437586077155.0,699412110637.0,641108819687.0,-16710120338.0,62881247628.0,66496309132.0,-14043612067.0,45445008142.0,55099304854.0,-2.99,29.72,374.92,9.39,39.46,304.74,12.94,52.49,262.22,-37.44,-126.57,9.09,-5.44
036560,KZ정밀,CFS,94061494310.0,77424118656.0,78595010721.0,25376371859.0,30459489373.0,16796595132.0,59903006583.0,71656711563.0,58462307947.0,336447687443.0,340550766940.0,319849116514.0,138702144854.0,89066055501.0,78742909156.0,20810009383.0,11969856632.0,8533482207.0,29214391153.0,15509594197.0,11755080055.0,8.68,17.8,370.67,4.55,21.04,254.19,3.68,18.28,467.92,55.73,73.85,13.11,40.27
036620,감성코퍼레이션,CFS,96096691517.0,65913604528.0,30405008237.0,30867635139.0,21643896676.0,12277807736.0,36579881076.0,33016078507.0,15517289141.0,77933864566.0,50896171453.0,29129600425.0,177948652720.0,117401158387.0,48936589545.0,32243349866.0,16247551642.0,1160109341.0,24172542710.0,15082983952.0,281383557.0,31.02,46.94,311.32,29.63,64.87,304.54,0.97,53.27,247.64,51.57,98.45,139.9,1300.52
036630,세종텔레콤,CFS,333300859416.0,250671992866.0,342400427925.0,169669385090.0,78737872081.0,90488802703.0,200023805865.0,116241788005.0,130236636970.0,320351275693.0,315567161280.0,385723128026.0,339300781424.0,324268447254.0,295682604822.0,-3114263444.0,-5481772508.0,-7533739468.0,44289357836.0,-38212513569.0,32415147722.0,13.83,62.44,196.44,-12.11,36.84,318.36,8.4,33.76,378.39,4.64,43.19,9.67,27.24
036640,HRS,CFS,64164329228.0,55187107907.0,63764095865.0,9206110082.0,6511329556.0,17070562837.0,10999061294.0,10425858635.0,21240157409.0,114507188074.0,106450249192.0,99471637371.0,78169020610.0,86095840519.0,84061099648.0,12521004402.0,11438460937.0,17942444421.0,12106559396.0,10033129614.0,20820918902.0,10.57,9.61,696.98,9.43,9.79,847.56,20.93,21.35,373.53,-9.21,9.46,2.42,-36.25
036670,삼양케이씨아이,CFS,71258627603.0,74376524947.0,51965282606.0,12550280127.0,24697373232.0,13766614993.0,12878898221.0,24943833965.0,14796198585.0,106426921490.0,98186202402.0,82572640915.0,109946107606.0,109605027221.0,81501152546.0,10271822174.0,21877282357.0,12443152363.0,11000382558.0,17816309653.0,10155281742.0,10.34,12.1,567.79,18.15,25.4,301.15,12.3,17.92,377.47,0.31,-53.05,34.48,75.82
036690,코맥스,CFS,65615503515.0,61696173804.0,81347107274.0,53083772625.0,42059387389.0,56532207790.0,58018506402.0,46734979002.0,62312228877.0,40282070152.0,48674484788.0,54499210177.0,137009128290.0,155998634081.0,141425991081.0,-6446909139.0,-5079546128.0,-12184065352.0,-7720568814.0,-5229220160.0,-14129896304.0,-19.17,144.03,123.61,-10.74,96.02,146.69,-25.93,114.34,143.9,-12.17,-26.92,10.3,58.31
036710,심텍홀딩스,CFS,329381934845.0,535492212439.0,298352615980.0,639265289153.0,544825331656.0,354719364953.0,891702876069.0,783354665925.0,514099842632.0,418902842679.0,633029078947.0,463598881200.0,1092958281242.0,1710417170744.0,1366128529444.0,-206310593777.0,299874298926.0,170757570465.0,-196307441993.0,186450198780.0,106567914869.0,-46.86,212.87,51.53,29.45,123.75,98.29,22.99,110.89,84.11,-36.1,-168.8,25.2,75.61
036800,나이스정보통신,CFS,1007453729720.0,835948046191.0,684191633899.0,832073824708.0,675989879538.0,540075553435.0,844879609112.0,684103815937.0,543143841040.0,366274107236.0,347185562984.0,277660209883.0,891628591940.0,804861396536.0,670455156708.0,36733568866.0,48081669001.0,46822537909.0,29750845323.0,40207614740.0,39614831710.0,8.12,230.67,121.08,11.58,197.04,123.66,14.27,195.61,126.68,10.78,-23.6,20.05,2.69
036810,에프에스티,CFS,105157817768.0,102142383708.0,109161242711.0,100462910914.0,90073320602.0,74028814298.0,169060375099.0,149006341683.0,137183124822.0,239774504268.0,245753464315.0,208693645181.0,197608619262.0,219624173035.0,207048959204.0,-10782402895.0,6333914544.0,22739057534.0,-18103402115.0,40839358558.0,28215983271.0,-7.55,70.51,104.67,16.62,60.63,113.4,13.52,65.73,147.46,-10.02,-270.23,6.07,-72.15
036830,솔브레인홀딩스,CFS,356074504485.0,349057791497.0,298440492119.0,360221953315.0,301572152117.0,252703885896.0,520758178125.0,507496360946.0,419074295825.0,1264179720417.0,1181784706228.0,1104441524194.0,661555097819.0,565106276036.0,417194970875.0,120961316226.0,73497317893.0,54441548055.0,83427195418.0,59539287272.0,29996155345.0,6.6,41.19,98.85,5.04,42.94,115.75,2.72,37.94,118.1,17.07,64.58,35.45,35.0
036890,진성티이씨,CFS,294872118419.0,292201738866.0,251849695235.0,149786206752.0,170582127567.0,180623745797.0,170722141792.0,193183284635.0,192241163452.0,232139878541.0,209485385462.0,168513033821.0,485118584952.0,541014045943.0,438323707778.0,39589010073.0,66316216444.0,25292627399.0,28407293386.0,45431101006.0,17081212132.0,12.24,73.54,196.86,21.69,92.22,171.3,10.14,114.08,139.43,-10.33,-40.3,23.43,162.2
036930,주성엔지니어링,CFS,239031396471.0,290340647014.0,230168927198.0,61548330782.0,127276917375.0,134866258610.0,290513573540.0,348454879955.0,342264093986.0,514747817845.0,484608319076.0,369635316368.0,284745246660.0,437938720318.0,377294631076.0,28937462812.0,123884000542.0,102611062636.0,34000802285.0,106171290850.0,145503481733.0,6.61,56.44,388.36,21.91,71.9,228.12,39.36,92.6,170.66,-34.98,-76.64,16.07,20.73
037030,파워넷,CFS,80677814352.0,80833907650.0,90952539367.0,52949623801.0,38503805437.0,50118674610.0,54646534512.0,51178308480.0,72852200718.0,93667678890.0,91050684984.0,84292904471.0,186158775836.0,211087434269.0,207856484629.0,7145653724.0,5672049840.0,5462317594.0,-196760382.0,1658736039.0,2378475425.0,-0.21,58.34,152.37,1.82,56.21,209.94,2.82,86.43,181.47,-11.81,25.98,1.55,3.84
037070,파세코,CFS,77952964948.0,86972271342.0,75483828842.0,28133359666.0,40062742646.0,36947641215.0,30815426586.0,43003290234.0,40512416260.0,102984372765.0,106618825788.0,101369297073.0,147540869348.0,200475253164.0,227184947641.0,-1237803585.0,15791923119.0,22863943944.0,778287253.0,9191496080.0,19085942910.0,0.76,29.92,277.08,8.62,40.33,217.09,18.83,39.97,204.3,-26.4,-107.84,-11.76,-30.93
037230,한국팩키지,CFS,80372846800.0,73721503313.0,58422991791.0,103216836281.0,102873092311.0,71476250945.0,119728591521.0,118492783203.0,104219205187.0,107832187183.0,67057901645.0,77735379332.0,228068585477.0,217319292042.0,56223518386.0,8550618324.0,585960544.0,-2104043009.0,4089789989.0,-10602748604.0,-504442585.0,3.79,111.03,77.87,-15.81,176.7,71.66,-0.65,134.07,81.74,4.95,1359.25,286.53,127.85
037330,인지디스플레,CFS,149195140110.0,148645940957.0,166403525962.0,245122548165.0,237292711815.0,255500563879.0,268788541305.0,272169786368.0,286604391168.0,201113124566.0,193685050959.0,200221635566.0,687269080649.0,700955627901.0,617204053099.0,5257045876.0,11369165894.0,2413313819.0,11293287529.0,-1326649591.0,46014618.0,5.62,133.65,60.87,-0.68,140.52,62.64,0.02,143.14,65.13,-1.95,-53.76,13.57,371.1
037350,성도이엔지,CFS,460829474182.0,339710916675.0,291269783828.0,292991682247.0,214425002868.0,155228108139.0,384127509314.0,245392537392.0,187790435848.0,261423553508.0,256208460946.0,256126822296.0,678599013645.0,705803485232.0,555617543445.0,12314577967.0,-4985258685.0,16883775550.0,4632891365.0,733160844.0,20321573617.0,1.77,146.94,157.28,0.29,95.78,158.43,7.93,73.32,187.64,-3.85,347.02,27.03,-129.53
037370,EG,CFS,18757421485.0,37669747180.0,36808706044.0,29935043200.0,20575088350.0,22303701121.0,116424640808.0,103538950746.0,86951641886.0,33034482357.0,50605521776.0,58655113788.0,61797981915.0,70189076829.0,95693333644.0,-14353005712.0,-8562134701.0,7577496321.0,-20564802530.0,-11271838485.0,4245281212.0,-62.25,352.43,62.66,-22.27,204.6,183.08,7.24,148.24,165.03,-11.95,-67.63,-26.65,-212.99
037400,우리엔터프라이즈,CFS,465388177900.0,425224982773.0,510636398293.0,326431953218.0,313566630270.0,432064567324.0,360125263524.0,354894206314.0,483511402538.0,320286444192.0,297587073657.0,248476946710.0,1287955420194.0,1379502838155.0,1567879463099.0,26492122902.0,34755229252.0,44224962674.0,18999248402.0,25242565416.0,54506292196.0,5.93,112.44,142.57,8.48,119.26,135.61,21.94,194.59,118.19,-6.64,-23.78,-12.01,-21.41
037440,희림,CFS,140312866272.0,153852354143.0,132394411051.0,103785446685.0,112605002660.0,94974135459.0,120217837288.0,131057305364.0,111272173795.0,73289489307.0,68069600888.0,62816178174.0,228652275391.0,221067225133.0,212092470146.0,7376354550.0,10127169151.0,8283915220.0,6377486209.0,7141381054.0,6181726288.0,8.7,164.03,135.2,10.49,192.53,136.63,9.84,177.14,139.4,3.43,-27.16,4.23,22.25
037460,삼지전자,CFS,770775496504.0,770787811141.0,638215416939.0,449010085635.0,471571368825.0,331053326689.0,468966213537.0,495205154084.0,390498743849.0,546576467385.0,498033577306.0,425762516659.0,2526207927918.0,2918903060210.0,2480428445690.0,78343445249.0,88562973589.0,95099855875.0,51262488157.0,77998504635.0,61318977343.0,9.38,85.8,171.66,15.66,99.43,163.45,14.4,91.72,192.78,-13.45,-11.54,17.68,-6.87
037760,쎄니트,CFS,95754079700.0,93815538228.0,80808805863.0,81082785228.0,84206158371.0,69035702391.0,102405815230.0,98335194107.0,87289435064.0,101771442479.0,99282779834.0,90894041929.0,140357557191.0,160097408657.0,126055102040.0,4922899481.0,9997374529.0,7301318696.0,3809519283.0,9487616402.0,9472835155.0,3.74,100.62,118.09,9.56,99.05,111.41,10.42,96.03,117.05,-12.33,-50.76,27.01,36.93
037950,엘컴텍,CFS,30546842196.0,29515460590.0,16473249701.0,6926599144.0,5842949423.0,4043921296.0,7827937060.0,8859123423.0,8431972493.0,68193496001.0,66355254080.0,58249631064.0,56635889299.0,41602729478.0,45211941219.0,2126026610.0,4769705068.0,3870203604.0,2203840185.0,7344863322.0,3258779222.0,3.23,11.48,441.01,11.07,13.35,505.15,5.59,14.48,407.36,36.14,-55.43,-7.98,23.24
038010,제일테크노스,CFS,99008789915.0,95755050702.0,70732920886.0,64028504549.0,85661753387.0,75761706070.0,81700928079.0,100357308972.0,89372069023.0,113749623335.0,84526109547.0,72657021199.0,267641196279.0,215637952017.0,179327760007.0,36225506696.0,19412158410.0,714557697.0,26048029783.0,10881152154.0,745661053.0,22.9,71.83,154.63,12.87,118.73,111.78,1.03,123.01,93.36,24.12,86.61,20.25,2616.67
038060,루멘스,CFS,123885337165.0,125122467998.0,137197032795.0,47327960273.0,42423379807.0,107290052067.0,48651958356.0,43923272104.0,108894027068.0,97803951319.0,93676767562.0,73783314077.0,171236881677.0,166304887331.0,172339104209.0,2742020759.0,1189859515.0,790753994.0,4005286642.0,15889721031.0,-29425786652.0,4.1,49.74,261.76,16.96,46.89,294.94,-39.88,147.59,127.87,2.97,130.45,-3.5,50.47
038070,서린바이오,CFS,72954684030.0,87286645050.0,104982596183.0,28030185168.0,46364634208.0,59439991711.0,28860665933.0,46700791922.0,60063564503.0,85239244091.0,88785245623.0,76502473287.0,89569472309.0,104708360149.0,80538785016.0,2494508388.0,9197165421.0,7451181655.0,-2323066287.0,10594534389.0,15768284348.0,-2.73,33.86,260.27,11.93,52.6,188.26,20.61,78.51,176.62,-14.46,-72.88,30.01,23.43
038110,에코플라스틱,CFS,427489705894.0,375747538375.0,306510686260.0,533776103960.0,525377621138.0,460080866939.0,770529644599.0,654427253668.0,554423014707.0,217828773658.0,156503283455.0,129064186842.0,2160621914515.0,1821519312265.0,1517574986027.0,72420507238.0,38516830106.0,15774824600.0,43313989565.0,23595092778.0,5428884898.0,19.88,353.73,80.09,15.08,418.16,71.52,4.21,429.57,66.62,18.62,88.02,20.03,144.17
038290,마크로젠,CFS,74033755510.0,90568243223.0,100215597721.0,57598929334.0,57572487324.0,76546414105.0,96859761146.0,99166857974.0,99025194576.0,160958259907.0,180958806269.0,202151283088.0,132803131511.0,138617489348.0,129174635687.0,-423115234.0,5289492369.0,11792982396.0,-16750535421.0,-22005353199.0,2312091030.0,-10.41,60.18,128.53,-12.16,54.8,157.31,1.14,48.99,130.92,-4.19,-108.0,7.31,-55.15
038390,레드캡투어,CFS,107127249094.0,65235715083.0,47400398316.0,279763107446.0,210714037040.0,171447831053.0,538514978192.0,429129490715.0,311580596518.0,204247526037.0,192726432715.0,178104706401.0,338183142415.0,262064785478.0,228932661347.0,38770681338.0,36321615765.0,20469193641.0,16636270975.0,21235274767.0,12091045735.0,8.15,263.66,38.29,11.02,222.66,30.96,6.79,174.94,27.65,29.05,6.74,14.47,77.45
038460,바이오스마트,CFS,135287075360.0,129646805575.0,118956726805.0,120304920970.0,131180533651.0,91458492349.0,138430849671.0,144877945180.0,134219777810.0,121632083727.0,92305261647.0,91631435908.0,456164440535.0,391821770039.0,189183025056.0,10085424100.0,10150504780.0,8031744108.0,16179096192.0,-1181772172.0,633794501.0,13.3,113.81,112.45,-1.28,156.96,98.83,0.69,146.48,130.07,16.42,-0.64,107.11,26.38
038500,삼표시멘트,CFS,318200836488.0,283443135474.0,219447748602.0,405727399602.0,290168489932.0,343942387420.0,814483922837.0,765292464745.0,756248687736.0,706001382639.0,687498907800.0,656082502495.0,823729443914.0,721115587886.0,568987710995.0,84701114941.0,71098446532.0,52671399557.0,33807860692.0,30182787524.0,20335297394.0,4.79,115.37,78.43,4.39,111.32,97.68,3.1,115.27,63.8,14.23,19.13,26.74,34.98
038530,케이바이오랩스,CFS,73632844828.0,50788054988.0,64697401254.0,12056922203.0,15556078143.0,24238409195.0,14592408372.0,15674171811.0,24404596950.0,128330723949.0,66797886640.0,62984337200.0,27324874182.0,31128632370.0,4818177648.0,-561250505.0,453405116.0,-2064435728.0,-12674439432.0,-7665100733.0,-19466291331.0,-9.88,11.37,610.71,-11.48,23.47,326.48,-30.91,38.75,266.92,-12.22,-223.79,546.07,121.96
038540,상상인,CFS,4110768187645.0,3821477793509.0,3277645653468.0,4168639497818.0,2569034131224.0,4250997359232.0,5916512387476.0,5452931988622.0,4943807816111.0,797881567633.0,849135316466.0,801595663011.0,936962706826.0,764621201141.0,569033843506.0,-64717139541.0,64850625855.0,132130238376.0,-62168774849.0,42250752817.0,102255771542.0,-7.79,741.53,98.61,4.98,642.17,148.75,12.76,616.75,77.1,22.54,-199.79,34.37,-50.92
038620,위즈코프,CFS,35564754322.0,28495252705.0,29100905117.0,20042888523.0,1074874389.0,2057979764.0,30389685361.0,9149935024.0,10469253003.0,86815036888.0,78364811947.0,75850221146.0,56065934824.0,41213941237.0,33197754302.0,647813712.0,1447122656.0,1153947444.0,1594172742.0,2600962049.0,-5745617928.0,1.84,35.01,177.44,3.32,11.68,2651.03,-7.57,13.8,1414.05,36.04,-55.23,24.15,25.41
038680,에스넷,CFS,234601215074.0,217995945383.0,168828586342.0,178966607234.0,190455335811.0,147577095066.0,184904997491.0,196323675732.0,155652896556.0,107842565793.0,74652748801.0,69472688467.0,477140534215.0,389493924037.0,321223558832.0,14463119767.0,2227867198.0,-1243499962.0,21100236482.0,-4072813916.0,-7964854164.0,19.57,171.46,131.09,-5.46,262.98,114.46,-11.46,224.05,114.4,22.5,549.19,21.25,279.16
038870,에코심플렉스,CFS,35141138375.0,42715802952.0,40869668129.0,22850830663.0,26335812398.0,24280097686.0,23459363605.0,26335812398.0,24280097686.0,86093918556.0,69485748206.0,72415836671.0,15790408546.0,16783759222.0,16116313166.0,-2601797272.0,-146748552.0,823571661.0,2353149044.0,-4701770213.0,5803046870.0,2.73,27.25,153.78,-6.77,37.9,162.2,8.01,33.53,168.33,-5.92,-1672.96,4.14,-117.82
038880,아이에이,CFS,29043337740.0,41109178608.0,53545351279.0,41035809152.0,40517352780.0,28722620058.0,57868186344.0,53316696245.0,48019577249.0,89875744582.0,112319146441.0,116312772323.0,59179508587.0,74214714559.0,81228449889.0,-10219010515.0,-2536734510.0,6701245261.0,-18619524039.0,-1050575442.0,9195051024.0,-20.72,64.39,70.78,-0.94,47.47,101.46,7.91,41.28,186.42,-20.26,-302.84,-8.63,-137.85
038950,파인디지털,CFS,80938716335.0,81745997238.0,84613179744.0,5721072047.0,8168182395.0,9990452016.0,9424407198.0,12636170138.0,13946377845.0,97526442341.0,92473813299.0,95006922117.0,87726787052.0,91100767728.0,100334206436.0,-660156613.0,-3702893461.0,2466250496.0,1971061225.0,-2112558013.0,2223787275.0,2.02,9.66,1414.75,-2.28,13.66,1000.79,2.34,14.68,846.94,-3.7,82.17,-9.2,-250.14
039010,현대에이치티,CFS,67909934160.0,52165197007.0,58423337510.0,36899249742.0,25927519080.0,20861476966.0,37241546307.0,26421233592.0,21363740527.0,87842564483.0,90949416494.0,92997973291.0,131416440859.0,104942242488.0,95928421882.0,-819792305.0,1279709107.0,4851354537.0,-1263936525.0,1993768124.0,9038905401.0,-1.44,42.4,184.04,2.19,29.05,201.2,9.72,22.97,280.05,25.23,-164.06,9.4,-73.62
039020,이건홀딩스,CFS,190984771635.0,187107797994.0,180652221231.0,258310202123.0,217203983024.0,269636679914.0,422775689722.0,396833890121.0,397108316447.0,371300728273.0,308349882089.0,295778329890.0,458516755984.0,507557619792.0,474876484190.0,3234973770.0,22087536646.0,38681839042.0,-10820215245.0,5463662678.0,14429886449.0,-2.91,113.86,73.94,1.77,128.7,86.14,4.88,134.26,67.0,-9.66,-85.35,6.88,-42.9
039030,이오테크닉스,CFS,429338086912.0,423736681537.0,370725059377.0,47021471576.0,76183627401.0,80666358264.0,49219483901.0,76752866702.0,81264752770.0,562459514548.0,539114525299.0,484779830689.0,316384019477.0,447157589742.0,390860189675.0,28334755251.0,92798680886.0,78136358339.0,36393252840.0,77243298170.0,72349781263.0,6.47,8.75,913.07,14.33,14.24,556.2,14.92,16.76,459.58,-29.25,-69.47,14.4,18.77
039200,오스코텍,CFS,102428703640.0,107871877882.0,16990417074.0,34849044308.0,18574495837.0,14442310769.0,37860914026.0,21914692257.0,17778798890.0,94717486056.0,121821006022.0,31188515679.0,4950929999.0,5062376493.0,3902734752.0,-32655289595.0,-28638371344.0,-28096765516.0,-28489780658.0,-27773705664.0,-28589754575.0,-30.08,39.97,293.92,-22.8,17.99,580.75,-91.67,57.0,117.64,-2.2,-14.03,29.71,-1.93
039240,경남스틸,CFS,111742002915.0,118175847045.0,109667423087.0,53389176701.0,64593530317.0,68995633908.0,53872478312.0,64598881503.0,69317258328.0,107882238048.0,103522894939.0,92710788960.0,390306288912.0,415312784536.0,342291290905.0,10725528763.0,11396109298.0,6897980369.0,8552078509.0,9660233517.0,6129868043.0,7.93,49.94,209.3,9.33,62.4,182.95,6.61,74.77,158.95,-6.02,-5.88,21.33,65.21
039290,인포뱅크,CFS,38384324255.0,36275915207.0,38905972086.0,20985672226.0,23543729655.0,22112802387.0,22905482654.0,24841333606.0,24445333260.0,77867357020.0,64294824818.0,65502842660.0,136861270491.0,140174469340.0,138594963267.0,-2199591258.0,-345659638.0,3927716925.0,5947155161.0,1293212228.0,8848977063.0,7.64,29.42,182.91,2.01,38.64,154.08,13.51,37.32,175.94,-2.36,-536.35,1.14,-108.8
039310,세중,CFS,79769424106.0,82846449908.0,85565593973.0,22419040096.0,35461159238.0,40104914615.0,29772172974.0,41017950742.0,44659995070.0,101259310243.0,88717783934.0,87381956561.0,36300830203.0,38087691405.0,38367926365.0,1181250873.0,-2169441372.0,-1448617891.0,13761016071.0,3684111969.0,4456476747.0,13.59,29.4,355.81,4.15,46.23,233.63,5.1,51.11,213.35,-4.69,154.45,-0.73,-49.76
039340,한국경제TV,CFS,102744205198.0,95711185622.0,114561110218.0,14664023076.0,14430104163.0,32937259161.0,26131260503.0,26813424393.0,35804877831.0,175135120781.0,168037199995.0,154994618944.0,,,,4663688185.0,8435826362.0,26534790009.0,10713481063.0,13807948422.0,25364748686.0,6.12,14.92,700.65,8.22,15.96,663.27,16.36,23.1,347.82,,-44.72,,-68.21
039420,케이엘넷,CFS,31047445613.0,27981279711.0,22765647239.0,5381785472.0,8037579823.0,5578092248.0,6610789256.0,9690874689.0,7536991436.0,55979004707.0,51075025604.0,45196764571.0,50929305246.0,50302532476.0,49634479753.0,8308199713.0,7929309727.0,6796747260.0,8140484550.0,7448983649.0,6521883556.0,14.54,11.81,576.9,14.58,18.97,348.13,14.43,16.68,408.13,1.25,4.78,1.35,16.66
039440,에스티아이,CFS,217026789134.0,225532008861.0,233609158038.0,77929175202.0,108905909521.0,139599162105.0,78523176264.0,109597092758.0,141692414265.0,237680507026.0,219280083803.0,195151017810.0,319462564774.0,422418753947.0,319513983576.0,23946351563.0,34766478075.0,25565657171.0,24075406070.0,29845982191.0,23197033694.0,10.13,33.04,278.49,13.61,49.98,207.09,11.89,72.61,167.34,-24.37,-31.12,32.21,35.99
039560,다산네트웍스,CFS,112175521384.0,147439343471.0,365203984892.0,76729536804.0,55522404358.0,174721363860.0,87207795627.0,86404912682.0,231591227920.0,301425718531.0,382756736094.0,288682002286.0,92292591370.0,80714212760.0,73782946408.0,-1251908380.0,-565053588.0,548330977.0,-92872344591.0,148791006817.0,-33875962501.0,-30.81,28.93,146.2,38.87,22.57,265.55,-11.73,80.22,209.02,14.34,-121.56,9.39,-203.05
039610,화성밸브,CFS,77498230238.0,75563062943.0,63054070608.0,24479056574.0,32572434470.0,7068502083.0,41804329358.0,42982483090.0,27560021024.0,88520680631.0,80493641768.0,77711590955.0,91550544835.0,85525543688.0,71961904341.0,10029597192.0,3702458229.0,2626030122.0,8066489164.0,2980333411.0,2388372353.0,9.11,47.23,316.59,3.7,53.4,231.98,3.07,35.46,892.04,7.04,170.89,18.85,40.99
039740,한국정보공학,CFS,39366285224.0,47799517966.0,43235831934.0,23141364308.0,30943202996.0,27979072956.0,28140568457.0,36202797491.0,32596701801.0,47426253817.0,45123656189.0,41142424672.0,115565226996.0,105375235088.0,171847373504.0,60322203.0,1838007687.0,3472006657.0,2267419086.0,3754648791.0,4884182964.0,4.78,59.34,170.11,8.32,80.23,154.48,11.87,79.23,154.53,9.67,-96.72,-38.68,-47.06
039830,오로라,CFS,159239349642.0,168608234343.0,118317346391.0,279971011642.0,205101792587.0,152820697935.0,383187688998.0,329479439502.0,262907484817.0,139765602745.0,134485224091.0,127890435000.0,232555065538.0,231694259743.0,178075764619.0,28430933871.0,18349623439.0,10606169157.0,6054823653.0,7562417767.0,9483004064.0,4.33,274.16,56.88,5.62,244.99,82.21,7.41,205.57,77.42,0.37,54.94,30.11,73.01
039840,디오,CFS,176450279803.0,169840755650.0,201218653645.0,164628715763.0,150211263680.0,140520805932.0,173205686938.0,163066339902.0,160627778255.0,194427200576.0,167252015639.0,187541179529.0,155817892643.0,131306346755.0,150037237084.0,20896358522.0,-4405388586.0,34800123350.0,2619040355.0,-20107713587.0,28121155631.0,1.35,89.09,107.18,-12.02,97.5,113.07,14.99,85.65,143.19,18.67,574.34,-12.48,-112.66
039860,나노엔텍,CFS,39602818055.0,40571384951.0,38281545557.0,4241975366.0,4847877253.0,7379710913.0,4985363438.0,5627996929.0,10114071117.0,53592936323.0,57648792699.0,52341162562.0,26836556528.0,35200667312.0,35784197910.0,-2229194130.0,4380965003.0,5236289176.0,-3678073247.0,4664909299.0,7320536717.0,-6.86,9.3,933.59,8.09,9.76,836.89,13.99,19.32,518.74,-23.76,-150.88,-1.63,-16.33
039980,폴라리스AI,CFS,76207104891.0,80280874264.0,79542980249.0,18926970163.0,27331591191.0,14565591346.0,22139686817.0,28578027792.0,20267140400.0,73402149267.0,69761748683.0,71802029855.0,59435979925.0,80853888097.0,85919851224.0,1458860744.0,-2360088791.0,1468689021.0,611301755.0,-2833125729.0,996525552.0,0.83,30.16,402.64,-4.06,40.97,293.73,1.39,28.23,546.1,-26.49,161.81,-5.9,-260.69
040160,누리플렉스,CFS,105486540969.0,97556553461.0,103096663471.0,62303007855.0,70290120635.0,67015361310.0,69848146921.0,74327268172.0,83070947331.0,82414633066.0,79471369363.0,78865738217.0,132719404842.0,124719605117.0,85582604459.0,1980004088.0,10395532523.0,5512244188.0,2497486550.0,476527684.0,8741135055.0,3.03,84.75,169.31,0.6,93.53,138.79,11.08,105.33,153.84,6.41,-80.95,45.73,88.59
040300,YTN,CFS,167676645913.0,173858659244.0,177461705285.0,20494602296.0,26645349126.0,41109123333.0,109352836791.0,104834571113.0,126092948040.0,243414325918.0,255296935573.0,241883699050.0,130469560840.0,152191296037.0,145150366530.0,-9298901588.0,5310356129.0,3368004839.0,-4183934473.0,5514292781.0,51930646684.0,-1.72,44.92,818.15,2.16,41.06,652.49,21.47,52.13,431.68,-14.27,-275.11,4.85,57.67
040350,크레오에스지,CFS,30134020352.0,14153053493.0,15887729687.0,17161680278.0,24295825149.0,25254561424.0,21408029951.0,33379964598.0,29503243538.0,32188397770.0,36689202224.0,48358372194.0,9756217845.0,9781170888.0,8635341612.0,-3734725216.0,-6139169945.0,-4543547972.0,-13494194703.0,-13061221467.0,-16456761863.0,-41.92,66.51,175.59,-35.6,90.98,58.25,-34.03,61.01,62.91,-0.26,39.17,13.27,-35.12
040420,정상제이엘에스,CFS,21937120547.0,15080019035.0,29401065034.0,18639640943.0,18188681549.0,35647558714.0,23520434519.0,21897108157.0,39512169367.0,83943620319.0,77785795963.0,72036891160.0,113358989517.0,110791763102.0,101714282687.0,16377319938.0,16725943893.0,16986218996.0,13314592399.0,13301754187.0,13633314404.0,15.86,28.02,117.69,17.1,28.15,82.91,18.93,54.85,82.48,2.32,-2.08,8.92,-1.53
040610,SG&G,CFS,35858590529.0,34500113584.0,35647856929.0,43710137794.0,43957626715.0,45633785708.0,65028660275.0,64642587342.0,89435995983.0,345773485129.0,313570308945.0,270475100913.0,41898698934.0,42719402704.0,35748782555.0,2952730625.0,1868901710.0,-531582839.0,19973349922.0,51641578712.0,12578983725.0,5.78,18.81,82.04,16.47,20.62,78.48,4.65,33.07,78.12,-1.92,57.99,19.5,451.57
040910,아이씨디,CFS,122024965596.0,113203176618.0,135061884914.0,71423536501.0,43015837672.0,57261875883.0,78885098376.0,49254330355.0,64912218034.0,130646377105.0,153246033985.0,167936709855.0,62273750997.0,150944906368.0,115769377778.0,-37213580426.0,-5051610239.0,1710641109.0,-37407373008.0,-5419303169.0,761807004.0,-28.63,60.38,170.85,-3.54,32.14,263.17,0.45,38.65,235.87,-58.74,-636.67,30.38,-395.31
041020,폴라리스오피스,CFS,221184063807.0,26791920943.0,16334656991.0,49726480008.0,8003059105.0,12983440744.0,60519019801.0,11281684177.0,13009608725.0,257114129685.0,64399636160.0,40473074355.0,,,,6248070155.0,1656776182.0,2354835542.0,22449288765.0,12756335428.0,-286514838.0,8.73,23.54,444.8,19.81,17.52,334.77,-0.71,32.14,125.81,,277.12,,-29.64
041190,우리기술투자,CFS,,,,,,,110298372917.0,82623388928.0,195094672278.0,521127678370.0,399029952531.0,727895264613.0,170741464684.0,35352148402.0,824156954553.0,,,,121984148418.0,-327824767285.0,619422529993.0,23.41,21.17,,-82.16,20.71,,85.1,26.8,,382.97,,-95.71,
041440,현대에버다임,CFS,212900885118.0,214319000144.0,188162578832.0,111238966027.0,112552000576.0,80076808899.0,114926762301.0,113418150237.0,81916784690.0,182611181934.0,178928677282.0,165337904391.0,358052339749.0,374439995976.0,317864136385.0,11983008868.0,15696393563.0,-95587186.0,6390961040.0,10713137354.0,-18354317688.0,3.5,62.94,191.39,5.99,63.39,190.42,-11.1,49.55,234.98,-4.38,-23.66,17.8,16521.02
041460,한국전자인증,CFS,23276164658.0,29092849920.0,33445473439.0,17757203852.0,20960174796.0,18027422890.0,19371479775.0,21864525190.0,18353797934.0,53768698184.0,46854807961.0,44400381777.0,38340871020.0,38522794762.0,34664171677.0,3140593441.0,4960327256.0,5525878170.0,2374830638.0,3493242776.0,4136631998.0,4.42,36.03,131.08,7.46,46.66,138.8,9.32,41.34,185.53,-0.47,-36.69,11.13,-10.23
041510,에스엠,CFS,858315612315.0,841444752217.0,769460806649.0,519297109950.0,467445334456.0,400685603408.0,631575864424.0,576891434654.0,526500165835.0,909398072974.0,886132057820.0,788441908038.0,961069716545.0,850769309133.0,701563172148.0,113463014394.0,91007611263.0,67520136401.0,82683480181.0,82028551863.0,133225196705.0,9.09,69.45,165.28,9.26,65.1,180.01,16.9,66.78,192.04,12.96,24.67,21.27,34.79
041520,이엘씨,CFS,131530058383.0,164326975740.0,180756636775.0,14182230373.0,29437742110.0,36646346093.0,21440127428.0,34172639147.0,45086541885.0,184174994567.0,198698748579.0,209028227217.0,87041126630.0,137571424568.0,186293002556.0,-15367519037.0,-9503011032.0,-5089752424.0,-7844638993.0,-5784252997.0,2478058400.0,-4.26,11.64,927.43,-2.91,17.2,558.22,1.19,21.57,493.25,-36.73,-61.71,-26.15,-86.71
041590,플래스크,CFS,8596764428.0,46300690132.0,17128044464.0,31658258380.0,45796132739.0,27283173374.0,34061662318.0,50617807947.0,37258859187.0,31789340910.0,71598862481.0,66768932753.0,22759609054.0,37366932674.0,24070561688.0,-22962238594.0,-13521038415.0,-4245519518.0,-39111886872.0,-24271911189.0,-19903249257.0,-123.03,107.15,27.15,-33.9,70.7,101.1,-29.81,55.8,62.78,-39.09,-69.83,55.24,-218.48
041830,인바디,CFS,148963799153.0,135489178141.0,110109705960.0,17451048122.0,19204628349.0,16252909295.0,24621262147.0,26625933670.0,19977754864.0,249834875848.0,216039393702.0,183782288340.0,170351229733.0,160003774093.0,137836961994.0,38348312615.0,40704069762.0,35851757987.0,36560883655.0,33826239706.0,33982299655.0,14.63,9.86,853.61,15.66,12.32,705.5,18.49,10.87,677.48,6.47,-5.79,16.08,13.53
041910,폴라리스AI파마,CFS,64341814083.0,67730983423.0,84163821533.0,4870727309.0,7036462906.0,9036578038.0,6266010563.0,8229890580.0,11062036649.0,115632727351.0,116089117025.0,123298790740.0,64214830710.0,62036332957.0,60400509532.0,5343807014.0,3161738705.0,4205376900.0,3823642695.0,-6363853296.0,6874812746.0,3.31,5.42,1320.99,-5.48,7.09,962.57,5.58,8.97,931.37,3.51,69.01,2.71,-24.82
041920,메디아나,CFS,81718453895.0,75976212226.0,70179327178.0,9055794766.0,11591728590.0,9741367585.0,11284088983.0,13384006579.0,11433176263.0,100638278892.0,90061320106.0,78737153728.0,78421203014.0,68346731750.0,56802196319.0,9402286818.0,10610097890.0,8259725752.0,8893421851.0,10597920980.0,8774275601.0,8.84,11.21,902.39,11.77,14.86,655.43,11.14,14.52,720.43,14.74,-11.38,20.32,28.46
041930,SY동아,CFS,195579980457.0,158882061167.0,160371579712.0,147687651287.0,126160218541.0,124105079090.0,154085382724.0,134764886171.0,135300887866.0,153973358117.0,141977005706.0,136333523734.0,368722029928.0,349639091506.0,288755249257.0,21636085181.0,14440946148.0,16057816962.0,14364167395.0,15339126941.0,13131137113.0,9.33,100.07,132.43,10.8,94.92,125.94,9.63,99.24,129.22,5.46,49.82,21.08,-10.07
041960,코미팜,CFS,50011513260.0,42628667794.0,41452146151.0,52228261696.0,41047473669.0,25684609445.0,58582669205.0,46103957092.0,42855825154.0,60015137874.0,65647019444.0,72405718241.0,42647034864.0,39800517852.0,35847403531.0,-6273087670.0,-3803782875.0,-5290699078.0,-5910605452.0,-7479698717.0,-5934355768.0,-9.85,97.61,95.76,-11.39,70.23,103.85,-8.2,59.19,161.39,7.15,-64.92,11.03,28.1
042000,카페24,CFS,119119814460.0,107322559444.0,111556348457.0,121259077121.0,127265723511.0,93752421693.0,147254353122.0,171728534932.0,144783411284.0,174580990707.0,169389675679.0,271374666450.0,278111824577.0,266066215853.0,257406832826.0,-3105122123.0,-21273269917.0,-11937206346.0,1983311308.0,-49863959686.0,-18050181576.0,1.14,84.35,98.24,-29.44,101.38,84.33,-6.65,53.35,118.99,4.53,85.4,3.36,-78.21
042040,케이피엠테크,CFS,33668172448.0,35213437397.0,24543196399.0,40598503238.0,27034760095.0,33321068046.0,49061791741.0,31327509571.0,37730135637.0,125390566287.0,97350478720.0,93816183767.0,45501203395.0,41285686236.0,35915264725.0,-14460083741.0,-448350232.0,-8052609433.0,-8941162078.0,-12052466476.0,-41916200593.0,-7.13,39.13,82.93,-12.38,32.18,130.25,-44.68,40.22,73.66,10.21,-3125.18,14.95,94.43
042110,에스씨디,CFS,132009965761.0,129433635486.0,121909124172.0,44997323891.0,47530610177.0,43972097914.0,45130413513.0,47676226005.0,52444783683.0,121558955546.0,119283912299.0,111618545703.0,193993189983.0,218908713885.0,202170386377.0,5747990585.0,11333428799.0,9122290645.0,4842340331.0,8297048611.0,6931607469.0,3.98,37.13,293.37,6.96,39.97,272.32,6.21,46.99,277.24,-11.38,-49.28,8.28,24.24
042370,비츠로테크,CFS,298305328293.0,295412087713.0,246395231285.0,109476034751.0,135757865616.0,96772014108.0,143634428018.0,180415629329.0,139020680546.0,364480486802.0,333701538444.0,316357532289.0,352892509069.0,347689372623.0,323802581306.0,28836092306.0,32727587117.0,26075204578.0,22355245678.0,19494508215.0,23602526274.0,6.13,39.41,272.48,5.84,54.06,217.6,7.46,43.94,254.61,1.5,-11.89,7.38,25.51
042420,네오위즈홀딩스,CFS,384338532736.0,357211652157.0,390030134035.0,146305114184.0,123949151466.0,75232676831.0,188715799137.0,146612343360.0,134280657148.0,703211854175.0,657808673768.0,749826394817.0,366584640067.0,297977284307.0,269321818107.0,17377536173.0,7005408342.0,19381382953.0,37533104711.0,-61330825298.0,103675996050.0,5.34,26.84,262.7,-9.32,22.29,288.19,13.83,17.91,518.43,23.02,148.06,10.64,-63.85
042500,링네트,CFS,116421501129.0,139122801326.0,107675786595.0,55737666667.0,77401235311.0,56074132122.0,55823929320.0,77489174594.0,56175193279.0,96119462834.0,83421543248.0,74572045949.0,217699382445.0,204003748249.0,214783844830.0,16347719605.0,10877118076.0,10622226143.0,12788780412.0,10055707915.0,8669445593.0,13.31,58.08,208.87,12.05,92.89,179.74,11.63,75.33,192.02,6.71,50.29,-5.02,2.4
042510,라온시큐어,CFS,34499773926.0,56647662528.0,56677340000.0,21719726870.0,31451546439.0,12361921148.0,29709808858.0,31795926332.0,38196784216.0,45884951073.0,45095494365.0,36102876402.0,51841445278.0,46823337387.0,43349961509.0,-1653091109.0,4291104685.0,-988511242.0,6047265641.0,8305276543.0,-4926591922.0,13.18,64.75,158.84,18.42,70.51,180.11,-13.65,105.8,458.48,10.72,-138.52,8.01,534.1
042520,한스바이오메드,CFS,50392855126.0,54371071482.0,51113062891.0,65252588097.0,74443342362.0,60990828809.0,72419026834.0,84231206403.0,81863108187.0,49948930889.0,47454999688.0,47581425473.0,78032037342.0,74458999045.0,59098032809.0,-4154876285.0,1292765426.0,-19777650117.0,-24091716023.0,4922704606.0,-22125664941.0,-48.23,144.99,77.23,10.37,177.5,73.04,-46.5,172.05,83.8,4.8,-421.39,25.99,106.54
042600,새로닉스,CFS,71966061751.0,67485811870.0,66065607254.0,107606193571.0,92894641628.0,93376747323.0,148301896441.0,143874223866.0,121898860810.0,174671538974.0,204368696312.0,110461240787.0,201701546184.0,218666962658.0,192047433394.0,389601220.0,472202217.0,-629487987.0,-29513780446.0,91689419941.0,28952315381.0,-16.9,84.9,66.88,44.86,70.4,72.65,26.21,110.35,70.75,-7.76,-17.49,13.86,175.01
042940,상지건설,CFS,197330970280.0,176348052061.0,89125003539.0,113058413096.0,141884880800.0,38928255650.0,121898866316.0,159024138941.0,74754940069.0,107661699930.0,64919318636.0,60359224946.0,173869290148.0,53794404397.0,25252398288.0,32464309346.0,5403269253.0,-11345540975.0,37164662294.0,-8080366468.0,-36484537159.0,34.52,113.22,174.54,-12.45,244.96,124.29,-60.45,123.85,228.95,223.21,500.83,113.03,147.62
043090,더테크놀로지,CFS,49861689531.0,67314449559.0,25014732355.0,19745762696.0,14912407829.0,18200566590.0,22406831561.0,17411751626.0,24689039822.0,45566165044.0,55484097942.0,32793934286.0,15894717014.0,3896571513.0,8848173418.0,-10878883880.0,-5053807571.0,536687499.0,-26974953601.0,-3355191868.0,-2698143820.0,-59.2,49.17,252.52,-6.05,31.38,451.4,-8.23,75.29,137.44,307.92,-115.26,-55.96,-1041.67
043100,알파AI,CFS,24290654496.0,30673910987.0,29678239149.0,26042844332.0,14284188367.0,22203980137.0,32462479821.0,24419615212.0,24016483553.0,18214471483.0,31015652377.0,37289327548.0,26878178866.0,23396367880.0,23951090786.0,-14129480657.0,-6048919738.0,-6164084182.0,-21598146874.0,-10909546114.0,509811109.0,-118.58,178.22,93.27,-35.17,78.73,214.74,1.37,64.41,133.66,14.88,-133.59,-2.32,1.87
043150,바텍,CFS,319461667543.0,270358765241.0,246374312230.0,114470096899.0,100870052358.0,97321435275.0,172705995941.0,147680630914.0,135420086341.0,414191689112.0,363433483152.0,284556091637.0,384945119813.0,395055994504.0,338980362249.0,64041668323.0,79637704891.0,65531156799.0,52968694667.0,78611880187.0,55387699368.0,12.79,41.7,279.08,21.63,40.63,268.03,19.46,47.59,253.16,-2.56,-19.58,16.54,21.53
043200,파루,CFS,31919386443.0,24966339546.0,40004883955.0,36067793020.0,26225382969.0,39061993828.0,38594112518.0,30378981645.0,41184536207.0,28927622165.0,23554669961.0,27559980954.0,42204969570.0,40544635509.0,48915234419.0,-1915962080.0,-2332815790.0,-3458807389.0,-1030056716.0,-4634113032.0,-3930016443.0,-3.56,133.42,88.5,-19.67,128.97,95.2,-14.26,149.44,102.41,4.1,17.87,-17.11,32.55
043220,티에스넥스젠,CFS,41655455711.0,51529462351.0,61423352078.0,19920797876.0,19705897603.0,45059811195.0,25468767492.0,26808611247.0,53795431236.0,48628710714.0,47772355530.0,45312310485.0,26545557983.0,25502545498.0,18537583328.0,-1724481556.0,-2616799816.0,-5317171707.0,39148357.0,-9679788655.0,-6532492885.0,0.08,52.37,209.11,-20.26,56.12,261.49,-14.42,118.72,136.32,4.09,34.1,37.57,50.79
043260,성호전자,CFS,166800638556.0,153252733651.0,124804885301.0,142854598458.0,98699485128.0,80274299683.0,167819325251.0,149130896613.0,105970193334.0,102055289483.0,82989704715.0,92892257044.0,208061479027.0,153575649263.0,133217506628.0,25857169613.0,2045667031.0,1230300206.0,17583612418.0,-4192458477.0,3169688848.0,17.23,164.44,116.76,-5.05,179.7,155.27,3.41,114.08,155.47,35.48,1164.0,15.28,66.27
043340,에쎈테크,CFS,34224772950.0,34087521876.0,36578959954.0,29525756613.0,26906153240.0,28222996226.0,51696254345.0,59342744702.0,62559633567.0,28455396905.0,23965480238.0,24163058462.0,47640536056.0,62571779539.0,56595680699.0,-7219558488.0,1970446458.0,-547262533.0,-9547067333.0,369522576.0,-2713402129.0,-33.55,181.67,115.91,1.54,247.62,126.69,-11.23,258.91,129.61,-23.86,-466.39,10.56,460.06
043360,디지아이,CFS,22656911941.0,22102447126.0,21850990418.0,3446867430.0,2916980994.0,3122841692.0,4575706048.0,2916980994.0,4097749496.0,42722598906.0,44687998847.0,45451533819.0,16680293089.0,16077851490.0,14589088159.0,-2670806473.0,221617365.0,-1424224145.0,-2152865565.0,687623653.0,-626193213.0,-5.04,10.71,657.32,1.54,6.53,757.72,-1.38,9.02,699.71,3.75,-1305.14,10.2,115.56
043370,피에이치에이,CFS,562525056977.0,590481694991.0,562765133917.0,246064818830.0,284366412857.0,292177260194.0,264347345321.0,306777450192.0,311348334602.0,720990060924.0,673099593120.0,645764121355.0,1134618152654.0,1024435467138.0,927613739033.0,48293293917.0,22872220991.0,6584022198.0,61505451409.0,28261284607.0,37580148557.0,8.53,36.66,228.61,4.2,45.58,207.65,5.82,48.21,192.61,10.76,111.14,10.44,247.39
043590,웰킵스하이텍,CFS,35979926616.0,20842948078.0,16428813190.0,3413644118.0,2560164202.0,4011792600.0,3438230692.0,3015175596.0,4766494564.0,42644456907.0,33414406121.0,28587520226.0,20230592910.0,20896933146.0,33132709863.0,293147974.0,-159772668.0,2062052139.0,9122489288.0,-739440279.0,6305886341.0,21.39,8.06,1054.0,-2.21,9.02,814.13,22.06,16.67,409.51,-3.19,283.48,-36.93,-107.75
043610,KT지니뮤직,CFS,229571429133.0,172978563773.0,165296306760.0,163274834805.0,119441745867.0,166776867298.0,169794185697.0,158930776532.0,199309435741.0,237826236609.0,181171913458.0,107751560599.0,307040865232.0,286106152010.0,252006950035.0,15360755595.0,13820761140.0,10501531906.0,21732575666.0,18691572923.0,-4887813493.0,9.14,71.39,140.6,10.32,87.72,144.82,-4.54,184.97,99.11,7.32,11.14,13.53,31.61
043650,국순당,CFS,89673980962.0,102024431443.0,80208041991.0,8976688008.0,12739008827.0,12964429118.0,17707249928.0,19493670338.0,24343365947.0,227088760591.0,234352560683.0,242822099230.0,70483966911.0,74619184834.0,65221439846.0,4464546772.0,9145079697.0,8467426184.0,-3876168794.0,-4569045131.0,21549453714.0,-1.71,7.8,998.97,-1.95,8.32,800.88,8.87,10.03,618.68,-5.54,-51.18,14.41,8.0
043710,코스리거글로벌,CFS,13932245526.0,23818965375.0,20535201149.0,4853720317.0,3417090628.0,7964728468.0,10477000564.0,8061184145.0,12542460995.0,26912382591.0,30103185725.0,25927350004.0,22559469460.0,10106936539.0,14873652754.0,-7541411780.0,-6592229607.0,2852079375.0,-6839928760.0,-3766066610.0,-7000686612.0,-25.42,38.93,287.04,-12.51,26.78,697.05,-27.0,48.38,257.83,123.21,-14.4,-32.05,-331.14
043910,자연과환경,CFS,48986709622.0,46082224586.0,41554376037.0,36824468958.0,32145849549.0,35499253828.0,49289614874.0,46377292958.0,49798146908.0,78150509494.0,74137631090.0,55204008820.0,69712373567.0,73865814434.0,55056210219.0,4532296408.0,463930257.0,-6194677125.0,3980147171.0,103261808.0,-11526318250.0,5.09,63.07,133.03,0.14,62.56,143.35,-20.88,90.21,117.06,-5.62,876.93,34.16,107.49
044180,KD,CFS,198419081620.0,195177459954.0,96124213954.0,113924422469.0,64873368555.0,46275434737.0,262208274597.0,258406752314.0,165907921007.0,32557293068.0,35252209456.0,39208471142.0,179411227278.0,97140112830.0,19927877859.0,4402139918.0,-2263730874.0,-11569032637.0,-3768463583.0,-3980990316.0,-14564982275.0,-11.57,805.37,174.17,-11.29,733.02,300.86,-37.15,423.14,207.72,84.69,294.46,387.46,80.43
044340,위닉스,CFS,149580138269.0,191585741504.0,197649924311.0,138676469788.0,167825361530.0,187677476101.0,154263685536.0,208986285207.0,206781048629.0,209562112219.0,202094880910.0,198793756333.0,375301296669.0,328990631593.0,400233479027.0,6520613635.0,3752291090.0,25564756337.0,10001085199.0,2179572820.0,19982071922.0,4.77,73.61,107.86,1.08,103.41,114.16,10.05,104.02,105.31,14.08,73.78,-17.8,-85.32
044480,빌리언스,CFS,86661401276.0,89448304144.0,76499218000.0,96473593240.0,65190951416.0,46894600321.0,107149906725.0,65716693466.0,75368430884.0,92465165430.0,103009049268.0,102549360276.0,96991027126.0,70648737315.0,25763954047.0,-7494524517.0,-3072984971.0,-5557326867.0,-30845827660.0,-24666268556.0,-31762640787.0,-33.36,115.88,89.83,-23.95,63.8,137.21,-30.97,73.49,163.13,37.29,-143.88,174.22,44.7
044490,태웅,CFS,329498765838.0,330180996866.0,334557847602.0,99090855405.0,106909813971.0,112536949533.0,230795291971.0,277512084161.0,296436583929.0,512425919783.0,481394649086.0,475564451156.0,443760096450.0,393866356422.0,322331646673.0,39527227608.0,2928441656.0,5077214615.0,34152304712.0,547310295.0,7145041904.0,6.66,45.04,332.52,0.11,57.65,308.84,1.5,62.33,297.29,12.67,1249.77,22.19,-42.32
044780,에이치케이,CFS,53369450473.0,54398491176.0,56865508627.0,15661506182.0,26456185381.0,31455136163.0,23327767206.0,27098324819.0,32164035980.0,60528746505.0,59117177576.0,55439242853.0,66637115087.0,81378633384.0,71783044048.0,841585044.0,5810468081.0,4357189514.0,1897983026.0,4273038938.0,5467676775.0,3.14,38.54,340.77,7.23,45.84,205.62,9.86,58.02,180.78,-18.11,-85.52,13.37,33.35
044960,이글벳,CFS,26350250654.0,26242417686.0,26715777430.0,9844972270.0,8206610690.0,8328063086.0,13136322515.0,11912161501.0,11771361283.0,45343016348.0,42954280174.0,40829581899.0,42793696742.0,43539693973.0,40436845316.0,3325250849.0,3555156850.0,4193318909.0,2975898312.0,2643394338.0,3637834183.0,6.56,28.97,267.65,6.15,27.73,319.77,8.91,28.83,320.79,-1.71,-6.47,7.67,-15.22
044990,에이치엔에스하이텍,CFS,60156538168.0,57198782220.0,54659721916.0,6910471973.0,26955407160.0,28995998551.0,8945416934.0,29200257384.0,37565745759.0,87023079181.0,58593998387.0,37791330361.0,80551938241.0,97202608083.0,87343539847.0,13956323764.0,21602582540.0,10070097561.0,30138955001.0,19341645078.0,10278328382.0,34.63,10.28,870.51,33.01,49.83,212.2,27.2,99.4,188.51,-17.13,-35.4,11.29,114.52
045060,오공,CFS,73114147471.0,72523063676.0,71744206943.0,21709228616.0,24660107585.0,30883341747.0,28166218518.0,32963533473.0,39417646550.0,111359863941.0,103812905868.0,96248164345.0,158428134529.0,170423569561.0,169944294868.0,10179683278.0,8607685081.0,9376670742.0,8967177614.0,7543983915.0,9411277728.0,8.05,25.29,336.79,7.27,31.75,294.09,9.78,40.95,232.31,-7.04,18.26,0.28,-8.2
045100,한양이엔지,CFS,540177678704.0,463371028853.0,396252195031.0,290978294750.0,256641339576.0,208748800520.0,294401205985.0,259202612534.0,212049721044.0,533280349987.0,472346996996.0,412871040861.0,1026166723740.0,1162892663583.0,891031858796.0,85109617536.0,75253663052.0,55086701161.0,77392350866.0,69772979266.0,45844963844.0,14.51,55.21,185.64,14.77,54.88,180.55,11.1,51.36,189.82,-11.76,13.1,30.51,36.61
045300,성우테크론,CFS,28691372606.0,32468555287.0,42122881934.0,21393377531.0,17313755063.0,22522014525.0,24607485804.0,22598453761.0,25728110993.0,68758953206.0,69995179860.0,61931723542.0,33775629980.0,44409948471.0,43897687212.0,-808211684.0,4833191541.0,5474222599.0,-1051808342.0,4811753389.0,5631200455.0,-1.53,35.79,134.11,6.87,32.29,187.53,9.09,41.54,187.03,-23.95,-116.72,1.17,-11.71
045340,토탈소프트,CFS,24106203044.0,18039988675.0,16063750589.0,6738175689.0,4823913987.0,5744455526.0,13121683640.0,9899473200.0,10520894787.0,21851054730.0,18817423388.0,16224648816.0,16054188977.0,13877625991.0,14091536413.0,3606002868.0,2583997718.0,3035572317.0,3778710831.0,2642213970.0,3014899661.0,17.29,60.05,357.76,14.04,52.61,373.97,18.58,64.85,279.64,15.68,39.55,-1.52,-14.88
045390,대아티아이,CFS,94435544869.0,59108327128.0,109924721660.0,85021856738.0,40543869174.0,63299742069.0,129734770689.0,89697434481.0,88415804015.0,121755391179.0,109921387424.0,104938826429.0,112334976960.0,105547717079.0,116252752112.0,3561685564.0,9547831795.0,9699486017.0,10700893397.0,8368988432.0,5311973717.0,8.79,106.55,111.07,7.61,81.6,145.79,5.06,84.25,173.66,6.43,-62.7,-9.21,-1.56
045510,정원엔시스,CFS,68198959368.0,71532296457.0,65652150122.0,44761486970.0,49356871837.0,44534171764.0,48833455110.0,54155518330.0,48591913124.0,43026075554.0,41325322516.0,40810883143.0,179751794283.0,166266658017.0,166333184772.0,2845827453.0,676742328.0,1063706989.0,1700753038.0,1201037812.0,833403805.0,3.95,113.5,152.36,2.91,131.05,144.93,2.04,119.07,147.42,8.11,320.52,-0.04,-36.38
045520,크린앤사이언스,CFS,45843088504.0,44779871887.0,58330403138.0,41676294350.0,37603935856.0,41044104453.0,66330491992.0,67342611310.0,74548213638.0,27836482539.0,27179126938.0,43195431451.0,92497051974.0,86034564156.0,121656086161.0,938086282.0,-10900237959.0,-2686239221.0,902672602.0,-16301374461.0,-7253056154.0,3.24,238.29,110.0,-59.98,247.77,119.08,-16.79,172.58,142.12,7.51,108.61,-29.28,-305.78
045660,에이텍,CFS,32821667167.0,39412810602.0,39440617933.0,8203349944.0,7035140349.0,8634598229.0,12270260806.0,9879579909.0,10393492885.0,91831190909.0,88931041123.0,87761481655.0,71934894017.0,94331778484.0,72912494573.0,919260645.0,2703961483.0,4888255537.0,4797327164.0,5360129627.0,6136235012.0,5.22,13.36,400.1,6.03,11.11,560.23,6.99,11.84,456.77,-23.74,-66.0,29.38,-44.68
045970,코아시아,CFS,149798495548.0,169308228303.0,186367188246.0,185922485109.0,193390590023.0,174322210412.0,215182439320.0,247266163970.0,222262329070.0,139760032142.0,163159988163.0,185727008348.0,377629884303.0,459701513173.0,380704248695.0,-25491183071.0,-22572658741.0,-13347472838.0,-40077871037.0,-30614748386.0,-11049867743.0,-28.68,153.97,80.57,-18.76,151.55,87.55,-5.95,119.67,106.91,-17.85,-12.93,20.75,-69.12
046070,코다코,CFS,150896261528.0,163488703925.0,109792568256.0,417512959965.0,392747446507.0,133348891393.0,453414440801.0,440894399016.0,339932813639.0,-20473839378.0,13047943955.0,24164195339.0,296109530148.0,309738210323.0,251510173615.0,-28157263341.0,9415134942.0,5483045795.0,-47417642589.0,-17952467845.0,6274830169.0,231.6,-2214.6,36.14,-137.59,3379.03,41.63,25.97,1406.76,82.33,-4.4,-399.06,23.15,71.71
046120,오르비텍,CFS,50786891098.0,68373335408.0,66185768662.0,35649836986.0,47723083475.0,59764963870.0,48719452718.0,61068617493.0,78055161249.0,52326751244.0,57286953357.0,58884084139.0,64010931712.0,59220236561.0,78176335981.0,-4331619364.0,-11752392101.0,10137370171.0,-2208721273.0,-13410584781.0,5521467809.0,-4.22,93.11,142.46,-23.41,106.6,143.27,9.38,132.56,110.74,8.09,63.14,-24.25,-215.93
046210,HLB파나진,CFS,82900265238.0,26013527442.0,23444410168.0,27134496446.0,1418797724.0,794423311.0,27340872741.0,2984183441.0,2065804771.0,63572923436.0,31689245446.0,29843597293.0,12252030565.0,14171271710.0,15600833696.0,-1839301535.0,1579214309.0,4164846714.0,-4815635557.0,2240498316.0,4967428711.0,-7.57,43.01,305.52,7.07,9.42,1833.49,16.64,6.92,2951.12,-13.54,-216.47,-9.16,-62.08
046310,백금T&A,CFS,116523120920.0,98977255677.0,90044390152.0,36176051295.0,32370268573.0,31536523680.0,41296296720.0,38044954127.0,38822440971.0,98048651155.0,81005377557.0,64463507207.0,170733617690.0,147603183932.0,156463304257.0,17094548304.0,15339889216.0,9952773877.0,18683426462.0,11263503569.0,9811887194.0,19.06,42.12,322.1,13.9,46.97,305.77,15.22,60.22,285.52,15.67,11.44,-5.66,54.13
046390,삼화네트웍스,CFS,40925815723.0,47853729424.0,50472763942.0,20100010094.0,19886563219.0,21868594411.0,27208931846.0,25393695700.0,36685614367.0,56295148099.0,57875495567.0,44100507028.0,62368852039.0,82311425331.0,32924849512.0,-1822762592.0,10766774371.0,6750170051.0,-1241295451.0,13848283220.0,6408964000.0,-2.2,48.33,203.61,23.93,43.88,240.63,14.53,83.19,230.8,-24.23,-116.93,150.0,59.5
046440,KG파이낸셜,CFS,393838939512.0,325603553581.0,328956109305.0,172414382826.0,122236498493.0,185947678932.0,179670317356.0,157786435557.0,194447856753.0,349724771474.0,316402413155.0,296773003354.0,279579831420.0,276116842169.0,306463829244.0,32980603114.0,40290909338.0,47500748499.0,41335603180.0,26880832298.0,29378687839.0,11.82,51.37,228.43,8.5,49.87,266.37,9.9,65.52,176.91,1.25,-18.14,-9.9,-15.18
046890,서울반도체,CFS,529106549052.0,550449970337.0,729650947465.0,404814156676.0,305104421601.0,458843569301.0,531203052260.0,514302591299.0,660981119915.0,687873414180.0,775569363947.0,852073542621.0,1032380637430.0,1109427463605.0,1301040816362.0,-49351836734.0,-33437894990.0,63212273964.0,-74472892087.0,-54325725131.0,61502200763.0,-10.83,77.22,130.7,-7.0,66.31,180.41,7.22,77.57,159.02,-6.94,-47.59,-14.73,-152.9
046940,우원개발,CFS,102506532167.0,79333040261.0,69467956795.0,60858814412.0,48949232644.0,45049050750.0,88246329358.0,61255735691.0,59246567591.0,103249669859.0,103840009874.0,99904180025.0,252508569423.0,196292051694.0,174303666003.0,1357980797.0,577978892.0,394322033.0,1475092795.0,3738368375.0,1180548994.0,1.43,85.47,168.43,3.6,58.99,162.07,1.18,59.3,154.21,28.64,134.95,12.61,46.58
046970,우리로,CFS,45759704430.0,45944280426.0,45402371635.0,12905696921.0,21106924628.0,20591417387.0,15106762273.0,23316377217.0,24305705533.0,45083677788.0,37658654174.0,37720969113.0,54609819824.0,99006594857.0,107379819886.0,-3450045913.0,1345952432.0,3819534215.0,-4785013092.0,-3468908992.0,13576285011.0,-10.61,33.51,354.57,-9.21,61.92,217.67,35.99,64.44,220.49,-44.84,-356.33,-7.8,-64.76
047080,한빛소프트,CFS,26257268570.0,38991038756.0,39438463881.0,14818605953.0,17687469068.0,21288835566.0,16116053308.0,19089976228.0,25620153763.0,15547283724.0,24859645733.0,21554370367.0,,,,-6524096635.0,3536564112.0,-713057804.0,-9555432098.0,3319108150.0,1774592305.0,-61.46,103.66,177.19,13.35,76.79,220.44,8.23,118.86,185.25,,-284.48,,595.97
047310,파워로직스,CFS,243816573149.0,166568906385.0,245631398035.0,184468142851.0,135702978511.0,211427017920.0,192021141941.0,145849023713.0,235969827220.0,193173355958.0,169593172026.0,214431773130.0,773181124037.0,743873288849.0,908324009919.0,15579853751.0,-39144784838.0,-14082275639.0,16137075320.0,-49688658934.0,-10657175022.0,8.35,99.4,132.17,-29.3,86.0,122.75,-4.97,110.04,116.18,3.94,139.8,-18.1,-177.97
047560,이스트소프트,CFS,95235854683.0,111428829702.0,100157836266.0,72193804715.0,41722676611.0,49992773672.0,101498605461.0,101507404011.0,87809104180.0,87153662909.0,83518988156.0,89678379746.0,,,,-8907053307.0,-5668272734.0,10123450055.0,-11644670471.0,-8224780167.0,3476891962.0,-13.36,116.46,131.92,-9.85,121.54,267.07,3.88,97.92,200.34,,-57.14,,-155.99
047770,코데즈컴바인,CFS,40350776247.0,40990994430.0,26162403184.0,12173365948.0,16377473852.0,18591276998.0,19553285328.0,21798020171.0,25680140082.0,65974166525.0,62263391412.0,54632493045.0,41956462583.0,39052752807.0,38263528456.0,2930364339.0,3858954591.0,4267015691.0,3710775113.0,7630898367.0,6625725682.0,5.62,29.64,331.47,12.26,35.01,250.29,12.13,47.01,140.72,7.44,-24.06,2.06,-9.56
047820,초록뱀미디어,CFS,219711046790.0,154704562133.0,207002041335.0,110639185891.0,124022410433.0,108459512085.0,123230325680.0,158798163068.0,180787488242.0,342544780708.0,323112197302.0,370238428069.0,241315820444.0,192542189138.0,149110041457.0,-297207783.0,5588111600.0,4190456683.0,-90043121382.0,-50506937298.0,-24978479922.0,-26.29,35.97,198.58,-15.63,49.15,124.74,-6.75,48.83,190.86,25.33,-105.32,29.13,33.35
047920,HLB제약,CFS,71574514881.0,59945909397.0,51467637858.0,48896085760.0,52856815902.0,45507258155.0,53198231806.0,56248554148.0,49247719127.0,88153400353.0,85928555504.0,78384589096.0,135952754160.0,107481871523.0,62852783788.0,-19542188127.0,-6436308218.0,486237463.0,-19427452535.0,-11776739949.0,-13225622111.0,-22.04,60.35,146.38,-13.71,65.46,113.41,-16.87,62.83,113.1,26.49,-203.62,71.01,-1423.7
048410,현대바이오,CFS,15162589130.0,24012071104.0,34850763816.0,6946760083.0,8384034661.0,16652363239.0,7520748749.0,9091422389.0,18957443929.0,45271012269.0,58235388532.0,61570771904.0,9481384632.0,7851578107.0,9241494499.0,-9785148630.0,-26354165991.0,-9770057431.0,-14499357710.0,-15807267634.0,-20051086939.0,-32.03,16.61,218.27,-27.14,15.61,286.4,-32.57,30.79,209.28,20.76,62.87,-15.04,-169.74
048430,유라테크,CFS,110146766907.0,83145703268.0,81426820747.0,27213702093.0,21725360832.0,21829598505.0,31341018110.0,25121136038.0,24726508455.0,133923591947.0,118376268764.0,118591904420.0,209704070807.0,190072028203.0,184268819398.0,6031551193.0,-438926717.0,1142954833.0,17263249540.0,866467097.0,2720484395.0,12.89,23.4,404.75,0.73,21.22,382.71,2.29,20.85,373.01,10.33,1474.16,3.15,-138.4
048470,대동스틸,CFS,83177035076.0,75276900001.0,89090749498.0,19246626178.0,20074339401.0,29637429075.0,23847811347.0,24006794291.0,31676064852.0,71553688435.0,71502449150.0,76759433388.0,137634680158.0,182452648537.0,165415928585.0,-2423860142.0,-6081345442.0,17583078651.0,-2189485193.0,-4592250172.0,14518211964.0,-3.06,33.33,432.16,-6.42,33.57,374.99,18.91,41.27,300.6,-24.56,60.14,10.3,-134.59
048530,인트론바이오,CFS,60979800362.0,113928084251.0,125512978591.0,785968186.0,32217637009.0,33253832590.0,1880362151.0,34777367138.0,52016232592.0,96734229011.0,106181199120.0,101349174742.0,9585444181.0,14006978010.0,29308005128.0,-3284959245.0,-1479118779.0,10077487401.0,-9695411846.0,5711907970.0,9728023597.0,-10.02,1.94,7758.56,5.38,32.75,353.62,9.6,51.32,377.44,-31.57,-122.09,-52.21,-114.68
048550,SM C&C,CFS,252919654241.0,250660528634.0,240119046915.0,208623440278.0,213177980162.0,207903492077.0,221481951706.0,226771483221.0,222196775618.0,98191296042.0,106569021931.0,99385755370.0,127310867881.0,157913247222.0,139748707149.0,2085732506.0,2004857058.0,1233965509.0,-9915368209.0,5328118277.0,-8761771980.0,-10.1,225.56,121.23,5.0,212.79,117.58,-8.82,223.57,115.5,-19.38,4.03,13.0,62.47
048770,TPC로보틱스,CFS,56907067076.0,65441498756.0,70081823322.0,53982590020.0,56907035935.0,64414393138.0,68469142075.0,70361436158.0,73829692871.0,45677572998.0,42740036800.0,38892904350.0,86177095415.0,94279860991.0,86950519367.0,-5157696134.0,908602572.0,2106756431.0,-7129220884.0,295294735.0,2046432819.0,-15.61,149.9,105.42,0.69,164.63,115.0,5.26,189.83,108.8,-8.59,-667.65,8.43,-56.87
048830,엔피케이,CFS,24095243635.0,23379271530.0,20043648550.0,14028571029.0,19052040102.0,19348405984.0,23662596664.0,28586446438.0,32722998810.0,44450659555.0,43803360903.0,42968301061.0,62987939899.0,65200996343.0,64566020109.0,1868758249.0,1436748657.0,2356236732.0,1712939506.0,1479598833.0,1994959217.0,3.85,53.23,171.76,3.38,65.26,122.71,4.64,76.16,103.59,-3.39,30.07,0.98,-39.02
048870,시너지이노베이션,CFS,147747008870.0,87420972069.0,72399054790.0,61184028135.0,52224094447.0,59050826319.0,63313773458.0,55711716159.0,64424745511.0,222587290342.0,171664125779.0,138274530296.0,83214793566.0,86539071427.0,80964297298.0,14984595606.0,22927197270.0,13417959565.0,7546245742.0,22815646806.0,9668366398.0,3.39,28.44,241.48,13.29,32.45,167.4,6.99,46.59,122.6,-3.84,-34.64,6.89,70.87
048910,대원미디어,CFS,117276159532.0,105458066692.0,79994968494.0,70501459613.0,60268227432.0,40248339923.0,78688200819.0,65408323772.0,45425559341.0,134256343506.0,126917831251.0,118702009105.0,316061909775.0,303453855521.0,299832921140.0,13806865689.0,14269892845.0,12252412072.0,8893323684.0,7218346343.0,8537085445.0,6.62,58.61,166.35,5.69,51.54,174.98,7.19,38.27,198.75,4.15,-3.24,1.21,16.47
049070,인탑스,CFS,425922497638.0,489335232678.0,487230710944.0,97940226089.0,126204308073.0,169214318317.0,110855666028.0,139180532052.0,186541710743.0,748491855542.0,731299925603.0,634440377940.0,577375550276.0,1097963276695.0,1038198496363.0,18305655096.0,141756839023.0,86914065066.0,38442004663.0,118191391928.0,80783012386.0,5.14,14.81,434.88,16.16,19.03,387.73,12.73,29.4,287.94,-47.41,-87.09,5.76,63.1
049080,기가레인,CFS,40187180351.0,51562279105.0,56100850807.0,21481386911.0,24373562592.0,27796600171.0,29187474545.0,30791098568.0,36616070120.0,55223833035.0,60946856087.0,62207215878.0,44294520242.0,54726444533.0,71623429312.0,-11774175563.0,-7101225896.0,4099278921.0,-11236781231.0,-8318195723.0,3646955693.0,-20.35,52.85,187.08,-13.65,50.52,211.55,5.86,58.86,201.83,-19.06,-65.8,-23.59,-273.23
049120,파인디앤씨,CFS,21699716013.0,33628115582.0,24870002258.0,62289434939.0,58763567113.0,42511943468.0,78519298181.0,80137673777.0,71110096639.0,29722753275.0,27109174602.0,44138191436.0,43483821914.0,58295915837.0,29503430084.0,-9622396864.0,-3970664059.0,-8998269841.0,-10154869634.0,-25309227891.0,-18838519929.0,-34.17,264.17,34.84,-93.36,295.61,57.23,-42.68,161.11,58.5,-25.41,-142.34,97.59,55.87
049180,셀루메드,CFS,50057098243.0,65553833603.0,73358243940.0,39462966082.0,33898463026.0,42815584127.0,43452929527.0,38126577588.0,47317267409.0,23017700223.0,55129354214.0,49053159480.0,95552959605.0,122085263074.0,99917911293.0,-10457800920.0,-2728013074.0,4745850269.0,-37944614549.0,-5387316360.0,8429884173.0,-164.85,188.78,126.85,-9.77,69.16,193.38,17.19,96.46,171.34,-21.73,-283.35,22.19,-157.48
049430,코메론,CFS,102840927733.0,79737537460.0,93546951359.0,4103867408.0,10672268958.0,14092619271.0,4506479490.0,13204012049.0,17725626613.0,207237847167.0,194515184268.0,182112210766.0,70580550198.0,82710338752.0,77819354644.0,8974525316.0,15337972136.0,16621225798.0,15319484327.0,15815699212.0,19943519747.0,7.39,2.17,2505.95,8.13,6.79,747.15,10.95,9.73,663.8,-14.67,-41.49,6.29,-7.72
049470,비트플래닛,CFS,15515655313.0,25515476742.0,26895178282.0,29418818760.0,12513589499.0,14114450183.0,29726968671.0,26975420868.0,18822218358.0,37600775039.0,46175133116.0,47269243355.0,43394810189.0,54959963627.0,57113767642.0,-6836136966.0,-2210559758.0,3287265453.0,-8550147988.0,-7003035325.0,4035763646.0,-22.74,79.06,52.74,-15.17,58.42,203.9,8.54,39.82,190.55,-21.04,-209.25,-3.77,-167.25
049480,오픈베이스,CFS,111079865643.0,95309724645.0,107574760481.0,69371155514.0,57588631787.0,75198392583.0,76102607820.0,62046328495.0,79547798091.0,94598967274.0,88696559970.0,81249788157.0,204046578956.0,193094510460.0,175900047481.0,6605459348.0,7980311392.0,5402347945.0,5761787731.0,6829011688.0,5048176015.0,6.09,80.45,160.12,7.7,69.95,165.5,6.21,97.91,143.05,5.67,-17.23,9.78,47.72
049520,유아이엘,CFS,141622931182.0,125727606190.0,124505538912.0,58720936692.0,49138319034.0,59404796776.0,68180325589.0,60756627172.0,70242581344.0,159483579302.0,148357853779.0,139871553691.0,332145486183.0,332931159910.0,266589411851.0,8676527801.0,5770126034.0,-6639792463.0,11315635866.0,6831686433.0,-16412596564.0,7.1,42.75,241.18,4.6,40.95,255.86,-11.73,50.22,209.59,-0.24,50.37,24.89,186.9
049550,잉크테크,CFS,37039251305.0,32405292797.0,27861884125.0,18093872229.0,19953569908.0,19509176439.0,63985226272.0,41955524677.0,40927087467.0,73242511395.0,69997559092.0,58488948552.0,62809011384.0,61537390212.0,55167562208.0,3845772380.0,5820573369.0,6687651921.0,3712235622.0,3962508983.0,1674867159.0,5.07,87.36,204.71,5.66,59.94,162.4,2.86,69.97,142.81,2.07,-33.93,11.55,-12.97
049630,재영솔루텍,CFS,52933687940.0,55170553347.0,53735830807.0,105899421637.0,104572051608.0,95321161450.0,130914022743.0,138992482835.0,130881454006.0,63364088180.0,62394584808.0,60545461968.0,107194986341.0,119577087481.0,93067600472.0,4897310336.0,5444232626.0,-3982369663.0,976236768.0,-11701042220.0,-3287196061.0,1.54,206.61,49.98,-18.75,222.76,52.76,-5.43,216.17,56.37,-10.35,-10.05,28.48,236.71
049720,고려신용정보,CFS,50807907873.0,46418456200.0,40410873057.0,35277173807.0,39496580368.0,36839415854.0,45541844079.0,47943307227.0,48318601699.0,45635320856.0,39292144493.0,33111241457.0,158214357320.0,146766810274.0,145222360868.0,13070357375.0,11990816137.0,12459467876.0,11769759879.0,10592337133.0,9850961632.0,25.79,99.8,144.02,26.96,122.02,117.53,29.75,145.93,109.69,7.8,9.0,1.06,-3.76
049830,승일,CFS,81598560651.0,78170804764.0,73565943568.0,23074691974.0,24851592551.0,28149381015.0,27703493220.0,31309987191.0,35908923909.0,145468335980.0,145523365121.0,144984141060.0,141948416534.0,158939395096.0,147274736531.0,597884268.0,1286649592.0,3858105628.0,417448069.0,1312374310.0,3879078148.0,0.29,19.04,353.63,0.9,21.52,314.55,2.68,24.77,261.34,-10.69,-53.53,7.92,-66.65
049950,미래컴퍼니,CFS,84612023186.0,106151092033.0,105121036827.0,20418642347.0,37120505060.0,55474238120.0,22044959281.0,38066077305.0,56645832781.0,133249755442.0,132881565790.0,104041683060.0,109474293439.0,154857082271.0,116380646887.0,-1745963585.0,25522241546.0,4595755580.0,3538825159.0,29293724901.0,6426767073.0,2.66,16.54,414.39,22.04,28.65,285.96,6.18,54.45,189.5,-29.31,-106.84,33.06,455.34
049960,쎌바이오텍,CFS,81928879990.0,75655066275.0,67519484915.0,4821286224.0,7388900612.0,5765941407.0,5755453548.0,7746690864.0,6189428455.0,111885220764.0,108091949806.0,106687281323.0,53787388529.0,50525748850.0,46873312425.0,2195388266.0,6051491931.0,7256551585.0,6303719062.0,8280650359.0,10383409717.0,5.63,5.14,1699.32,7.66,7.17,1023.9,9.73,5.8,1171.01,6.46,-63.72,7.79,-16.61
050090,비케이홀딩스,CFS,16269071352.0,22691210564.0,22242509767.0,3654182079.0,5848191166.0,15355409911.0,4617273515.0,6712074425.0,17098754369.0,17204514882.0,22245048024.0,25074407140.0,11335961846.0,8486017926.0,,-685448423.0,187092619.0,,-4419397299.0,-3057060907.0,-3043129276.0,-25.69,26.84,445.22,-13.74,30.17,388.0,-12.14,68.19,144.85,33.58,-466.37,,
050110,캠시스,CFS,155478034852.0,217238019386.0,216955039696.0,153336181334.0,198579543835.0,190326040343.0,177488603353.0,221222551592.0,232773800248.0,82727358510.0,130011788297.0,109743377213.0,500586465075.0,721676700314.0,520993224671.0,6862406040.0,25805440157.0,-13307515933.0,-14107550361.0,7649625646.0,-22594757504.0,-17.05,214.55,101.4,5.88,170.16,109.4,-20.59,212.11,113.99,-30.64,-73.41,38.52,293.92
050120,ES큐브,CFS,34543555416.0,41310245855.0,556635090988.0,2837401255.0,8558923877.0,957088370442.0,5267023017.0,11306160216.0,966876861975.0,82525973843.0,110399253266.0,115855193600.0,63333992892.0,75213651998.0,51701347375.0,10789653339.0,15343412140.0,6787418727.0,-27938425125.0,24682689107.0,5375801078.0,-33.85,6.38,1217.44,22.36,10.24,482.66,4.64,834.56,58.16,-15.79,-29.68,45.48,126.06
050760,에스폴리텍,CFS,57176315025.0,56308881487.0,54777469424.0,46679575296.0,39445914413.0,35821146015.0,49388028480.0,43204921060.0,41042445575.0,59997095713.0,65433189705.0,68055727517.0,73218466053.0,82459528154.0,109764344266.0,-2588276959.0,-1589921950.0,4436047285.0,-5476224470.0,-2838746359.0,5295338983.0,-9.13,82.32,122.49,-4.34,66.03,142.75,7.78,60.31,152.92,-11.21,-62.79,-24.88,-135.84
050860,아세아텍,CFS,114986815860.0,87669584025.0,80452873185.0,39280518481.0,21179702445.0,19548401595.0,43917189124.0,26120022290.0,22537082836.0,130550074148.0,121782743980.0,102631541569.0,123630723741.0,137718679157.0,106540796260.0,11873245292.0,13864660992.0,5932317239.0,9589973230.0,11763794858.0,4770432652.0,7.35,33.64,292.73,9.66,21.45,413.93,4.65,21.96,411.56,-10.23,-14.36,29.26,133.71
050890,쏠리드,CFS,217528460679.0,216472641760.0,159714695780.0,134591820422.0,194527482322.0,158670386441.0,184221247469.0,205460154959.0,174066553469.0,273027046409.0,228875014938.0,195477676177.0,321364602371.0,279785548725.0,212258023378.0,36268131817.0,28591491789.0,6129746237.0,40881471295.0,29841317960.0,23735435397.0,14.97,67.47,161.62,13.04,89.77,111.28,12.14,89.05,100.66,14.86,26.85,31.81,366.44
050960,수산아이앤티,CFS,43058473206.0,28318119964.0,32122028284.0,12899176034.0,11011458415.0,10672563744.0,13170341771.0,12766534696.0,13937949896.0,85016979454.0,82075093812.0,82211222551.0,23886469827.0,21815921863.0,25018478599.0,6465621370.0,5988500969.0,2288392970.0,4713704925.0,1175355474.0,378424112.0,5.54,15.49,333.81,1.43,15.55,257.17,0.46,16.95,300.98,9.49,7.97,-12.8,161.69
051160,지어소프트,CFS,193880267173.0,190285529363.0,148320552344.0,61949592608.0,61021299578.0,81878260617.0,96848815787.0,108381396883.0,122833950461.0,198807256929.0,183099995099.0,106159597407.0,508904596429.0,454632456423.0,378603667067.0,15207009272.0,-3078363053.0,6660812145.0,15688210625.0,-4387212504.0,8000882535.0,7.89,48.71,312.96,-2.4,59.19,311.83,7.54,115.71,181.15,11.94,594.0,20.08,-146.22
051360,토비스,CFS,272081223901.0,208589671289.0,214946845977.0,234480440417.0,142586224595.0,159336062411.0,276401464410.0,209179765769.0,170250166559.0,212507897758.0,190322724926.0,198887094164.0,447392253958.0,328219116598.0,263392928228.0,25655751176.0,7039753536.0,-880851093.0,12895757017.0,-4958798114.0,1101465612.0,6.07,130.07,116.04,-2.61,109.91,146.29,0.55,85.6,134.9,36.31,264.44,24.61,899.2
051370,인터플렉스,CFS,150329521560.0,123540412972.0,176315347505.0,75955068609.0,83677882991.0,161074661315.0,81009764747.0,89077018617.0,176992311644.0,220482198612.0,197806496365.0,179232145616.0,438157696595.0,442709958327.0,446995490354.0,21645848892.0,26073737309.0,3197400702.0,27320804010.0,15309187110.0,-238986176.0,12.39,36.74,197.92,7.74,45.03,147.64,-0.13,98.75,109.46,-1.03,-16.98,-0.96,715.47
051380,피씨디렉트,CFS,82441821023.0,82396585816.0,90342663932.0,47014124125.0,45025255348.0,41184077796.0,48553450344.0,45792670993.0,41840424797.0,42783481523.0,44831288092.0,53212670428.0,304742791071.0,312262587729.0,364850958687.0,3282612470.0,805881873.0,18800146968.0,765698199.0,-4144494805.0,13001630323.0,1.79,113.49,175.36,-9.24,102.14,183.0,24.43,78.63,219.36,-2.41,307.33,-14.41,-95.71
051390,YW,CFS,46000912007.0,41791738830.0,50573789713.0,8333883523.0,4903335665.0,6626353950.0,17693677203.0,21224330796.0,19968887777.0,79878666158.0,76598391994.0,74387500069.0,36985666180.0,20283592154.0,15047725520.0,6475058909.0,3056402006.0,3133403052.0,5339132030.0,3028178292.0,2652550074.0,6.68,22.15,551.97,3.95,27.71,852.31,3.57,26.84,763.22,82.34,111.85,34.8,-2.46
051490,나라엠앤디,CFS,160266158988.0,151639211589.0,140461655155.0,141842152478.0,136253927789.0,135108599318.0,144059865192.0,139355202118.0,140743257482.0,105125029162.0,96556129675.0,88312418540.0,231000548728.0,218222444013.0,194746862228.0,10711609456.0,10540207687.0,5852991266.0,8917757016.0,9527611854.0,3705651653.0,8.48,137.04,112.99,9.87,144.33,111.29,4.2,159.37,103.96,5.86,1.63,12.05,80.08
051500,CJ프레시웨이,CFS,540757294343.0,673967665437.0,502157512435.0,677708170767.0,795630613919.0,607807422183.0,1005243973827.0,1080671194761.0,873849328572.0,369500066327.0,404055698335.0,342634598497.0,3074242286759.0,2747691651727.0,2291433979355.0,99255535636.0,97840086516.0,55629220994.0,59700224939.0,52243125151.0,31105478910.0,16.16,272.06,79.79,12.93,267.46,84.71,9.08,255.04,82.62,11.88,1.45,19.91,75.88
051780,큐로홀딩스,CFS,36275239970.0,43055768912.0,27984245547.0,33331510984.0,24910653618.0,18764838723.0,42753861216.0,43613597486.0,28364545379.0,32698742613.0,36330975969.0,39470823634.0,83889908322.0,67536187305.0,61004238222.0,-2592005868.0,1485540687.0,2014981806.0,-9775870235.0,-4893007204.0,-2376510846.0,-29.9,130.75,108.83,-13.47,120.05,172.84,-6.02,71.86,149.13,24.21,-274.48,10.71,-26.28
051980,중앙첨단소재,CFS,79114641300.0,17121861855.0,25061156809.0,47986556887.0,11249943455.0,12534523549.0,67032732741.0,13741804199.0,14974165766.0,63485739992.0,21109189821.0,36752232798.0,26295374091.0,26605839008.0,13031342088.0,46944494.0,-5061044925.0,-4639200884.0,-48424231219.0,-18274553750.0,-17214531992.0,-76.28,105.59,164.87,-86.57,65.1,152.2,-46.84,40.74,199.94,-1.17,100.93,104.17,-9.09
052020,에스티큐브,CFS,39928502282.0,56425638359.0,21834509647.0,4277294555.0,4359835252.0,5343251318.0,10649014880.0,9849767657.0,9696432069.0,35308187455.0,51219671334.0,16164436828.0,5827090761.0,6302336682.0,7926018248.0,-26040976824.0,-18910659422.0,-18950232263.0,-24499001254.0,-18891877945.0,-21529904686.0,-69.39,30.16,933.5,-36.88,19.23,1294.21,-133.19,59.99,408.64,-7.54,-37.71,-20.49,0.21
052220,iMBC,CFS,32310938250.0,21556256110.0,21571562985.0,11487967008.0,10765439353.0,12692634045.0,13611010517.0,12321239163.0,14755604228.0,60397488583.0,57772852292.0,56968366870.0,46303655129.0,47460159206.0,46832866825.0,1156866116.0,2558248419.0,2341141221.0,2136461793.0,1785803939.0,1343660665.0,3.54,22.54,281.26,3.09,21.33,200.24,2.36,25.9,169.95,-2.44,-54.78,1.34,9.27
052260,현대바이오랜드,CFS,79780730237.0,71216130569.0,63973521393.0,46983704451.0,46143911346.0,46720872823.0,48084933604.0,46810705161.0,47394338751.0,135983995947.0,129286620562.0,125349805747.0,101690823732.0,99153525127.0,102801832230.0,7084856487.0,9054708903.0,10656917749.0,8056171301.0,4764326518.0,-11686160416.0,5.92,35.36,169.81,3.69,36.21,154.33,-9.32,37.81,136.93,2.56,-21.76,-3.55,-15.03
052300,오션인더블유,CFS,499791378321.0,186284277601.0,224062139767.0,127438833027.0,136227940428.0,132392910192.0,128014280450.0,239575347578.0,248055864482.0,410262462373.0,429296868291.0,539220587942.0,11863305356.0,13463832637.0,10401175038.0,-683178514.0,-217585987.0,-606772521.0,-105441462766.0,-142115101467.0,65616663987.0,-25.7,31.2,392.18,-33.1,55.81,136.74,12.17,46.0,169.24,-11.89,-213.98,29.45,64.14
052330,코텍,CFS,329146142452.0,335118940793.0,190822134304.0,121253392679.0,126364379220.0,57809082757.0,123560211867.0,130003656132.0,61634503466.0,338627130627.0,341662737654.0,288714610486.0,327107490760.0,428553036782.0,212907743558.0,4795531701.0,27331888869.0,-14660982463.0,7685696049.0,29037826690.0,-13431977756.0,2.27,36.49,271.45,8.5,38.05,265.2,-4.65,21.35,330.09,-23.67,-82.45,101.29,286.43
052400,코나아이,CFS,353777868454.0,318145220527.0,983013458250.0,283199972039.0,250568992480.0,920940814426.0,288442575163.0,254495157550.0,923455011927.0,173103926979.0,145611634915.0,135045044354.0,280222091498.0,242182949921.0,194500104691.0,33683780235.0,48834313273.0,48150048696.0,28878226439.0,34295979631.0,52541825461.0,16.68,166.63,124.92,23.55,174.78,126.97,38.91,683.81,106.74,15.71,-31.02,24.52,1.42
052420,오성첨단소재,CFS,111273567068.0,121107147973.0,136988508939.0,16724073885.0,29271654276.0,32877147779.0,62095845245.0,80660200266.0,102701418553.0,227524676182.0,200189679551.0,202252571567.0,104942717935.0,117107874693.0,92123812220.0,12725755629.0,12933407246.0,4138817505.0,12011849160.0,2417831783.0,-11497429200.0,5.28,27.29,665.35,1.21,40.29,413.74,-5.68,50.78,416.67,-10.39,-1.61,27.12,212.49
052460,아이크래프트,CFS,57101026335.0,72253166658.0,63443873622.0,31813471887.0,47538667373.0,39611086800.0,37525247049.0,56094693249.0,48374385602.0,37893738811.0,33301992948.0,33576734688.0,138664496786.0,112898330825.0,105292847244.0,5149045968.0,247175358.0,2099545973.0,4591745863.0,323155060.0,2349524443.0,12.12,99.03,179.49,0.97,168.44,151.99,7.0,144.07,160.17,22.82,1983.16,7.22,-88.23
052600,한네트,CFS,33256086858.0,33572833110.0,32649850230.0,12372277860.0,12095749475.0,12735541662.0,13555885165.0,12416218687.0,13834327098.0,36621921271.0,35796764546.0,35024310388.0,24893455015.0,21962274512.0,23084315959.0,3332116674.0,2490505606.0,1465278352.0,2464394752.0,1962277121.0,1425653726.0,6.73,37.02,268.8,5.48,34.69,277.56,4.07,39.5,256.37,13.35,33.79,-4.86,69.97
052710,아모텍,CFS,177562473171.0,185975200969.0,194041673298.0,186888381695.0,162417858951.0,163865936767.0,211048880134.0,207239226004.0,234170631996.0,164956839279.0,176753123081.0,185362850301.0,186814458731.0,215714387212.0,198577334943.0,-25972729250.0,-4271806956.0,-23746702484.0,-14683054807.0,-9209534492.0,-4669473459.0,-8.9,127.94,95.01,-5.21,117.25,114.5,-2.52,126.33,118.41,-13.4,-508.0,8.63,82.01
052770,아이톡시,CFS,6742628675.0,9683021599.0,9561462713.0,2991798880.0,6841416217.0,6931315160.0,3392507024.0,6841416217.0,7439981929.0,11191832542.0,7325984559.0,5247212155.0,21646147033.0,28138644556.0,11663131542.0,-4395913554.0,718430530.0,-5266601265.0,-4425876712.0,-407422732.0,-7833423672.0,-39.55,30.31,225.37,-5.56,93.39,141.54,-149.29,141.79,137.95,-23.07,-711.88,141.26,113.64
052790,액토즈소프트,CFS,262268050973.0,190582419446.0,186818918909.0,104183339631.0,105510952151.0,95292990625.0,109500266294.0,112047480640.0,97280355011.0,248737368705.0,205093385955.0,195504598233.0,89363311393.0,59056348976.0,58275218642.0,42439379218.0,23442554941.0,25383870235.0,34035088213.0,2536396195.0,37408606117.0,13.68,44.02,251.74,1.24,54.63,180.63,19.13,49.76,196.05,51.32,81.04,1.34,-7.65
052860,아이앤씨,CFS,35790060645.0,31643567424.0,28346190902.0,21312762573.0,15820771626.0,20602908060.0,22747496214.0,21074827571.0,21950230020.0,44505586945.0,44322265740.0,42971306864.0,64285596112.0,39384695654.0,29944561068.0,1433685935.0,2449098030.0,-3472645950.0,46912304.0,1029325811.0,-5439679422.0,0.11,51.11,167.93,2.32,47.55,200.01,-12.66,51.08,137.58,63.22,-41.46,31.53,170.53
052900,KX하이텍,CFS,79469707794.0,71201759359.0,64923285182.0,55785007250.0,57694773199.0,60508696838.0,77979473727.0,73441437417.0,76241691871.0,117169796465.0,113883824783.0,104250582630.0,154677245205.0,156410515223.0,104897371301.0,8121158891.0,12266224138.0,8653494675.0,4738525433.0,14479505419.0,4924945273.0,4.04,66.55,142.46,12.71,64.49,123.41,4.72,73.13,107.3,-1.11,-33.79,49.11,41.75
053030,바이넥스,CFS,73694185800.0,108951866607.0,108305485461.0,67443062648.0,98263803577.0,32708671561.0,75686034725.0,106127186856.0,91313897162.0,181325401230.0,192282751891.0,181174275105.0,154824775515.0,156677024474.0,134399279256.0,1042263178.0,17179140962.0,13108552650.0,4583698556.0,12365379674.0,19030203802.0,2.53,41.74,109.27,6.43,55.19,110.88,10.5,50.4,331.12,-1.18,-93.93,16.58,31.05
053050,지에스이,CFS,64758779168.0,63467794640.0,39003803490.0,52076993053.0,55820168412.0,40958661418.0,116790565002.0,116047332536.0,96476306454.0,92608584705.0,88619992671.0,83233239199.0,168759675446.0,172618318203.0,128702990834.0,4381368023.0,4625408345.0,4629409029.0,5588427804.0,5902330514.0,4075223874.0,6.03,126.11,124.35,6.66,130.95,113.7,4.9,115.91,95.23,-2.24,-5.28,34.12,-0.09
053060,세동,CFS,44919185810.0,37832037124.0,38131811796.0,41970521511.0,46915416872.0,54460140097.0,80445018581.0,81155637307.0,93341468469.0,37423893504.0,28479545295.0,17107839062.0,169895212565.0,156051328239.0,128432250424.0,12554831007.0,12725623531.0,2315872413.0,9802166185.0,12369585016.0,-695009880.0,26.19,214.96,107.03,43.43,284.96,80.64,-4.06,545.61,70.02,8.87,-1.34,21.5,449.5
053080,케이엔솔,CFS,248112750542.0,200936910523.0,156752685207.0,196710817815.0,115405626124.0,105734653795.0,226961284973.0,161493371550.0,134822571262.0,169498257363.0,159233082769.0,145753839781.0,417441558585.0,388809234312.0,311097344645.0,18467923097.0,21958984857.0,13714126358.0,11265591096.0,15994985173.0,8779905420.0,6.65,133.9,126.13,10.05,101.42,174.11,6.02,92.5,148.25,7.36,-15.9,24.98,60.12
053160,프리엠스,CFS,41346144658.0,42039022934.0,46956294978.0,2776686497.0,3877085755.0,4807448455.0,4950524172.0,5855597431.0,7039563583.0,59555853917.0,57693875700.0,57015798377.0,22943695630.0,29631566510.0,25196719426.0,-12327579.0,659127660.0,805360722.0,733953593.0,1337752614.0,1216331584.0,1.23,8.31,1489.05,2.32,10.15,1084.29,2.13,12.35,976.74,-22.57,-101.87,17.6,-18.16
053260,금강철강,CFS,116041106302.0,119929930729.0,109569383963.0,24749807998.0,33908448425.0,28527008622.0,25589985236.0,35192651935.0,31312522359.0,126163570464.0,124725341724.0,119599624775.0,225362561244.0,244220990730.0,236219889560.0,5290275022.0,4891451957.0,9069143627.0,4517373997.0,5397306465.0,10194833085.0,3.58,20.28,468.86,4.33,28.22,353.69,8.52,26.18,384.09,-7.72,8.15,3.39,-46.06
053270,구영테크,CFS,99378445437.0,90564384596.0,75209559029.0,155392538475.0,122321445005.0,100598695731.0,210493412482.0,156693973254.0,146619436025.0,106572543729.0,83425564459.0,76271999495.0,357438435431.0,274207754755.0,203398451836.0,28953283159.0,7695775160.0,3994765934.0,18644442897.0,3975738329.0,3129413158.0,17.49,197.51,63.95,4.77,187.82,74.04,4.1,192.23,74.76,30.35,276.22,34.81,92.65
053280,예스24,CFS,108281460646.0,98214075797.0,112227750779.0,196717930267.0,183106385265.0,182331422080.0,229360710004.0,204008852949.0,254739018892.0,219960671676.0,183632273169.0,333416577685.0,657843989388.0,663771316495.0,653695996510.0,5847355950.0,15710131972.0,12596251838.0,-4207721581.0,879795408.0,18266152084.0,-1.91,104.27,55.04,0.48,111.1,53.64,5.48,76.4,61.55,-0.89,-62.78,1.54,24.72
053290,NE능률,CFS,76248073355.0,79325797177.0,77574033324.0,17369637021.0,23287633544.0,26369138471.0,19535784284.0,26984340993.0,32470579947.0,85462548590.0,85441619678.0,81387000256.0,79198082671.0,80229930792.0,77824167015.0,1113115849.0,6769802931.0,5133695363.0,1067106324.0,4542241460.0,4221359721.0,1.25,22.86,438.97,5.32,31.58,340.63,5.19,39.9,294.18,-1.29,-83.56,3.09,31.87
053300,한국정보인증,CFS,154882182441.0,146246931898.0,154867854986.0,94742561255.0,59708778984.0,47733545591.0,105017376033.0,67070004996.0,57812234191.0,221801246981.0,213755839365.0,207532915665.0,92218769214.0,87825669753.0,58870575735.0,13967404091.0,15710866017.0,11671314207.0,10077338597.0,6684450764.0,12550957163.0,4.54,47.35,163.48,3.13,31.38,244.93,6.05,27.86,324.44,5.0,-11.1,49.18,34.61
053350,이니텍,CFS,106898048440.0,112486449089.0,128087252899.0,6710907187.0,6666819330.0,17410420094.0,7263068785.0,6261061224.0,18495356392.0,112284330928.0,116716281694.0,120405329087.0,45650974077.0,53834114790.0,50255619333.0,-3543879108.0,-2504137009.0,-271244500.0,-302406969.0,201011359.0,5304427064.0,-0.27,6.47,1592.9,0.17,5.36,1687.26,4.41,15.36,735.69,-15.2,-41.52,7.12,-823.2
053450,세코닉스,CFS,144991026989.0,145234062850.0,149347797778.0,142465268570.0,153279384093.0,165379613879.0,162210920578.0,191944421581.0,213015382995.0,123265087134.0,110402055165.0,99027477014.0,502361137353.0,479616173505.0,442672147913.0,16166026744.0,6155839009.0,10821080114.0,11379208943.0,-2164115453.0,4133276906.0,9.23,131.6,101.77,-1.96,173.86,94.75,4.17,215.11,90.31,4.74,162.61,8.35,-43.11
053580,웹케시,CFS,36046723329.0,33848580481.0,47756607019.0,12008719865.0,18834951192.0,26415078129.0,18425499797.0,25884963066.0,36865472719.0,103320930843.0,103028046258.0,99229425259.0,73580456491.0,87866522470.0,81898870314.0,13716962105.0,20598237408.0,18675448229.0,5607155360.0,11534003590.0,14865034902.0,5.43,17.83,300.17,11.2,25.12,179.71,14.98,37.15,180.79,-16.26,-33.41,7.29,10.3
053610,프로텍,CFS,228087557047.0,214362534288.0,176526036580.0,41060912339.0,40355832072.0,33107776478.0,47924003839.0,42957403204.0,34564151711.0,314401685932.0,303200976749.0,251065003737.0,156071199156.0,198772415105.0,173996810089.0,17432961864.0,60067389685.0,50332600007.0,17091144488.0,42288774910.0,47074768147.0,5.44,15.24,555.49,13.95,14.17,531.18,18.75,13.77,533.19,-21.48,-70.98,14.24,19.34
053620,태양,CFS,101196102863.0,93487570340.0,91527900544.0,28267693984.0,30208065852.0,34427285502.0,34844682126.0,37542114356.0,43022665015.0,178639851898.0,173641263979.0,168443730124.0,157015527356.0,174237674427.0,150034798924.0,6539290228.0,7433521597.0,2524636728.0,7311246954.0,6584321728.0,4805710297.0,4.09,19.51,357.99,3.79,21.62,309.48,2.85,25.54,265.86,-9.88,-12.03,16.13,194.44
053700,삼보모터스,CFS,504005206269.0,428149697548.0,404097530201.0,535881210750.0,522065826776.0,437216948329.0,718621177575.0,600725465231.0,554635472429.0,318844674836.0,263794203632.0,235065946610.0,1440557265080.0,1199512963508.0,1029815041427.0,51648116490.0,24045241099.0,16607755088.0,29804014257.0,21354908783.0,12151046457.0,9.35,225.38,94.05,8.1,227.73,82.01,5.17,235.95,92.42,20.1,114.8,16.48,44.78
053800,안랩,CFS,198493975471.0,243723256373.0,226944722266.0,82386040201.0,75121156415.0,76382580791.0,90668208851.0,85667243409.0,83518898391.0,284716086934.0,259345208908.0,254689438434.0,239201057076.0,227975280500.0,207272160249.0,26422531585.0,26987237453.0,22930036754.0,34702787067.0,14174781497.0,42037337329.0,12.19,31.85,240.93,5.47,33.03,324.44,16.51,32.79,297.12,4.92,-2.09,9.99,17.69
053950,경남제약,CFS,71197684940.0,77328948756.0,54920272566.0,66932701211.0,43886547898.0,25411118355.0,76776858469.0,44497957960.0,52777595457.0,89832324827.0,93770775129.0,72528940396.0,68445262603.0,59000422763.0,64623469015.0,-6744931922.0,-3391107888.0,-7725189635.0,-22227795040.0,-7828206407.0,-3413095694.0,-24.74,85.47,106.37,-8.35,47.45,176.2,-4.71,72.77,216.13,16.01,-98.9,-8.7,56.1
053980,오상자이엘,CFS,59014846409.0,48831833430.0,46365613395.0,34723109962.0,27521602258.0,30287033753.0,37542175295.0,27719421286.0,30314916290.0,95845375038.0,71965631492.0,64509183614.0,103285811808.0,95845829750.0,90479359542.0,6343563755.0,3670865696.0,5439420356.0,23869358371.0,8438510335.0,4572448123.0,24.9,39.17,169.96,11.73,38.52,177.43,7.09,46.99,153.09,7.76,72.81,5.93,-32.51
054040,한국컴퓨터,CFS,106554703127.0,91567093358.0,85296298108.0,29849866146.0,28190338804.0,27272699960.0,31439032151.0,29560043020.0,28681136453.0,142254353178.0,126879882538.0,115205541973.0,371742901465.0,423660370243.0,194528869906.0,23801779319.0,18824801736.0,13767292472.0,21694707920.0,16767790628.0,15185069257.0,15.25,22.1,356.97,13.22,23.3,324.82,13.18,24.9,312.75,-12.25,26.44,117.79,36.74
054050,NH농우바이오,CFS,201719594082.0,201066327633.0,179397638388.0,61794505889.0,72910220292.0,61468663962.0,,,,,,,135843611785.0,133399761839.0,132842717112.0,8944808701.0,11130852379.0,6823572896.0,10321401300.0,9821132155.0,6953223342.0,,,326.44,,,275.77,,,291.85,1.83,-19.64,0.42,63.12
054090,삼진엘앤디,CFS,99893552139.0,122004836036.0,118863253972.0,93832014156.0,91563951788.0,84366665733.0,110423934149.0,110665430532.0,101945231350.0,70983045811.0,92940649319.0,95227508696.0,212735144757.0,256482274502.0,,-14446647071.0,-1520787922.0,,-22942983065.0,-1612685986.0,,-32.32,155.56,106.46,-1.74,119.07,133.25,,107.05,140.89,-17.06,-849.94,,
054180,메디콕스,CFS,30036830360.0,43389201271.0,26272504814.0,30638940785.0,44154044309.0,33417434238.0,34455094631.0,47194368974.0,36278583912.0,63304443950.0,63239760094.0,66200665748.0,26875194687.0,20295920949.0,17449008689.0,-10658205039.0,-11520600908.0,-9346566522.0,-34426666729.0,-42618622800.0,-23937681036.0,-54.38,54.43,98.03,-67.39,74.63,98.27,-36.16,54.8,78.62,32.42,7.49,16.32,-23.26
054210,이랜텍,CFS,248166128411.0,335326099444.0,322980363807.0,249683079905.0,306366715525.0,289121332853.0,287344238448.0,346996119813.0,313692740637.0,273780996901.0,260052397313.0,215591409887.0,751165179019.0,997936950212.0,761905991604.0,30443364028.0,79787499608.0,35487502869.0,16695940666.0,54713638358.0,33929176692.0,6.1,104.95,99.39,21.04,133.43,109.45,15.74,145.5,111.71,-24.73,-61.84,30.98,124.83
054220,비츠로시스,CFS,13920361965.0,22364357383.0,15751692382.0,22449851406.0,16215356253.0,7088468759.0,23387746496.0,16353501999.0,7368100124.0,17322488778.0,11847855123.0,14076735952.0,19552896164.0,8988875448.0,16797820397.0,-7056918833.0,-2359243704.0,356557803.0,-6342052544.0,-2381209822.0,5322941726.0,-36.61,135.01,62.01,-20.1,138.03,137.92,37.81,52.34,222.22,117.52,-199.12,-46.49,-761.67
054300,팬스타엔터프라이즈,CFS,34603400490.0,35112344014.0,27777296650.0,31492328691.0,31174920156.0,16945245129.0,43040623088.0,44081574895.0,34920397125.0,52635301329.0,47521189497.0,46280337637.0,69113153048.0,66992658446.0,53330417417.0,1627809942.0,1949019175.0,1050960045.0,275201691.0,536922363.0,2246714072.0,0.52,81.77,109.88,1.13,92.76,112.63,4.85,75.45,163.92,3.17,-16.48,25.62,85.45
054410,케이피티유,CFS,19845066476.0,21854998736.0,15668399908.0,37961504405.0,35657256331.0,20690765839.0,45041667624.0,42429593835.0,35827429439.0,47295906497.0,40002981055.0,37839296076.0,34871199766.0,36870058888.0,31487005476.0,846737754.0,1387679090.0,1159428077.0,2859808434.0,2019877448.0,6067632132.0,6.05,95.23,52.28,5.05,106.07,61.29,16.04,94.68,75.73,-5.42,-38.98,17.1,19.69
054450,텔레칩스,CFS,162366894669.0,119729294352.0,89544157443.0,66418108694.0,101987544373.0,41944684703.0,128593931575.0,140502519150.0,100981979393.0,246197060651.0,169669935915.0,106276727465.0,191094718185.0,150404311782.0,136412498512.0,16777001456.0,9180253639.0,8077364494.0,62638246233.0,45897422695.0,7031402158.0,25.44,52.23,244.46,27.05,82.81,117.4,6.62,95.02,213.48,27.05,82.75,10.26,13.65
054540,삼영엠텍,CFS,67455225942.0,61900876884.0,66115275943.0,42256955559.0,36855524149.0,35307107991.0,43217179669.0,37873184476.0,37348556277.0,68364154816.0,63428434498.0,73033468515.0,95749467252.0,90676947922.0,69812139404.0,5993640463.0,-3181086714.0,821438396.0,6211629419.0,-8723170466.0,-7734487117.0,9.09,63.22,159.63,-13.75,59.71,167.96,-10.59,51.14,187.26,5.59,288.41,29.89,-487.26
054620,APS,CFS,51228375558.0,97455971979.0,100483770397.0,92469779056.0,102125322783.0,68972709797.0,141705881287.0,155030448682.0,149823302982.0,224655106911.0,212607149715.0,187269274364.0,41047387923.0,40821934034.0,39415521257.0,-18603977383.0,-15269627833.0,-3963571695.0,14042768425.0,6392559695.0,23585855545.0,6.25,63.08,55.4,3.01,72.92,95.43,12.59,80.0,145.69,0.55,-21.84,3.57,-285.25
054670,대한뉴팜,CFS,98484803258.0,102641392573.0,76033022769.0,61757919131.0,58583501274.0,45048608600.0,67571299904.0,66399748497.0,75177942162.0,109355896475.0,102958904892.0,82465301820.0,204222610934.0,197957348852.0,166586408636.0,18809277041.0,27577625403.0,26707242974.0,12541893733.0,24317205060.0,15693779753.0,11.47,61.79,159.47,23.62,64.49,175.21,19.03,91.16,168.78,3.16,-31.8,18.83,3.26
054780,키이스트,CFS,37119155442.0,34329785105.0,39091772288.0,24507895786.0,26095104214.0,17501340976.0,24552156363.0,26550396417.0,17919908912.0,58600776236.0,59072974317.0,45648104237.0,52023895531.0,62044179229.0,46525413577.0,-1475031245.0,-2403490312.0,1015064003.0,-5389544597.0,-1666743650.0,-236417931.0,-9.2,41.9,151.46,-2.82,44.95,131.56,-0.52,39.26,223.36,-16.15,38.63,33.36,-336.78
054800,아이디스홀딩스,CFS,785246094358.0,756455370977.0,591100478663.0,259715481930.0,249294397898.0,236404042931.0,352125045027.0,341694922250.0,253813211438.0,832464392556.0,748338478867.0,683701058740.0,748555977151.0,874051270582.0,544386775822.0,44718268391.0,94274859182.0,19337282762.0,51045377389.0,89402968448.0,3446398976.0,6.13,42.3,302.35,11.95,45.66,303.44,0.5,37.12,250.04,-14.36,-52.57,60.56,387.53
054920,한컴위드,CFS,28540132982.0,45603255009.0,45714311917.0,68109755100.0,78865888139.0,64333021359.0,69302268969.0,81009553554.0,82625260736.0,144513289579.0,143937533246.0,139391646316.0,410144584863.0,28706102052.0,26233452047.0,-2462794238.0,-689473310.0,-155142128.0,-546111830.0,6078289712.0,5462481812.0,-0.38,47.96,41.9,4.22,56.28,57.82,3.92,59.28,71.06,1328.77,-257.2,9.43,-344.41
054930,유신,CFS,188288611877.0,158154260639.0,157956426354.0,104837195613.0,99809446414.0,113833564046.0,109980709501.0,108557420585.0,126165645174.0,126955852855.0,109737587728.0,94300841415.0,341055308847.0,303961301436.0,262235681971.0,18309702869.0,20901452578.0,7991487391.0,20095002637.0,18323521091.0,12105576518.0,15.83,86.63,179.6,16.7,98.92,158.46,12.84,133.79,138.76,12.2,-12.4,15.91,161.55
054940,엑사이엔씨,CFS,89845881199.0,97471621639.0,125217139828.0,58553401067.0,67835701104.0,99190582914.0,65186005718.0,77851174067.0,112117536658.0,72775556467.0,73426522230.0,66699199901.0,179914719863.0,226759501862.0,218516911093.0,3684850794.0,9316731733.0,-3049789227.0,-892219336.0,7924188182.0,-3699012265.0,-1.23,89.57,153.44,10.79,106.03,143.69,-5.55,168.09,126.24,-20.66,-60.45,3.77,405.49
054950,제이브이엠,CFS,147604953486.0,119483111378.0,99451943422.0,74642078718.0,70303179287.0,63905705921.0,78030231968.0,73591962361.0,67550257673.0,179492261206.0,158121467743.0,143490002714.0,157085342969.0,141977630092.0,115826299716.0,29770728060.0,21991342719.0,12494617124.0,26243571574.0,15756495119.0,8950514043.0,14.62,43.47,197.75,9.96,46.54,169.95,6.24,47.08,155.62,10.64,35.37,22.58,76.01
056080,유진로봇,CFS,38104201296.0,39778365855.0,30489724019.0,15128622590.0,11391356662.0,7246467355.0,19954805760.0,17102756662.0,13954456620.0,38895172445.0,44071524945.0,39130850543.0,30417114433.0,44501666554.0,27646299082.0,-4676140066.0,4453702357.0,-6412514245.0,-5176352500.0,4877087012.0,-1434545813.0,-13.31,51.3,251.87,11.07,38.81,349.2,-3.67,35.66,420.75,-31.65,-204.99,60.97,169.45
056090,시지메드텍,CFS,33555819251.0,94820886974.0,39693879209.0,8736750002.0,72689556325.0,22261056116.0,19198148466.0,83760164043.0,46284365225.0,59899715023.0,57679008438.0,28777539586.0,34968541350.0,41168961921.0,38055373522.0,-1622255971.0,424014690.0,-815921140.0,1305628012.0,-18808361871.0,-5214867008.0,2.18,32.05,384.08,-32.61,145.22,130.45,-18.12,160.84,178.31,-15.06,-482.59,8.18,151.97
056190,SFA,CFS,1787317356793.0,1189685406742.0,1126475081944.0,865070106922.0,413043302543.0,377508998732.0,1207555754160.0,512535734431.0,504089534792.0,1617782494656.0,1412811097137.0,1400354849449.0,1881198625677.0,1684366385602.0,1564937169822.0,85475264988.0,160920342192.0,188938460989.0,47617527226.0,105952691236.0,148323794109.0,2.94,74.64,206.61,7.5,36.28,288.03,10.59,36.0,298.4,11.69,-46.88,7.63,-14.83
056360,코위버,CFS,106247977903.0,111476875669.0,97313955633.0,33409277314.0,36001100333.0,29148766842.0,34031017375.0,37193425163.0,31450398252.0,131938420851.0,131700944666.0,127972797377.0,83354203788.0,89638154238.0,85732205955.0,-2603185111.0,296798885.0,5682727660.0,798680040.0,4493107897.0,7012006146.0,0.61,25.79,318.02,3.41,28.24,309.65,5.48,24.58,333.85,-7.01,-977.09,4.56,-94.78
056700,신화인터텍,CFS,67123338504.0,69031445914.0,68277125725.0,77659397359.0,80329764239.0,64826384529.0,90267264331.0,80450118167.0,74879789523.0,91497445183.0,92370921343.0,100415983219.0,177452861811.0,201246037086.0,246412910103.0,-15543220654.0,-2774529103.0,2032386848.0,-16210719341.0,-8405420356.0,1122550180.0,-17.72,98.66,86.43,-9.1,87.09,85.94,1.12,74.57,105.32,-11.82,-460.21,-18.33,-236.52
056730,CNT85,CFS,75902090604.0,22781385457.0,23093823775.0,33615405377.0,27698371321.0,43260136726.0,35288590987.0,29614778933.0,45743315011.0,72299188422.0,20274516674.0,18229890737.0,50169908998.0,32080799484.0,38625451420.0,881111019.0,1527966021.0,-214726600.0,8366913761.0,1376363902.0,-5014115163.0,11.57,48.81,225.8,6.79,146.07,82.25,-27.5,250.92,53.38,56.39,-42.33,-16.94,811.59
057030,YBM넷,CFS,40005378852.0,44419862082.0,32776660795.0,22338258337.0,30906391942.0,30795325516.0,30226244610.0,38865919785.0,40245680636.0,51732464691.0,49191728403.0,42905752871.0,60480863497.0,62562529887.0,58331472718.0,5121862757.0,4781298295.0,3634171515.0,5066856947.0,7633315424.0,2549052104.0,9.79,58.43,179.09,15.52,79.01,143.72,5.94,93.8,106.43,-3.33,7.12,7.25,31.57
057540,옴니시스템,CFS,51949903851.0,51149992820.0,56325284470.0,16391961770.0,17481479233.0,22341918114.0,18049933443.0,19679911644.0,25236255664.0,103383570970.0,87719069750.0,87475248544.0,91429089280.0,98047986004.0,91100694010.0,305260364.0,1862430081.0,-3844165126.0,587883688.0,463018968.0,-12407847520.0,0.57,17.46,316.92,0.53,22.44,292.6,-14.18,28.85,252.11,-6.75,-83.61,7.63,148.45
057680,티사이언티픽,CFS,31036672328.0,45728469930.0,30898304640.0,40734765692.0,45016679493.0,32136395639.0,43429634925.0,81921688240.0,74392502839.0,130550947194.0,180616652346.0,221892765445.0,26769235396.0,8694332588.0,10083529018.0,-5616484986.0,-2488445475.0,1001501714.0,-48736959127.0,-11808381494.0,-3161872495.0,-37.33,33.27,76.19,-6.54,45.36,101.58,-1.42,33.53,96.15,207.89,-125.7,-13.78,-348.47
058110,멕아이씨에스,CFS,30912387858.0,51743873501.0,64947278271.0,14135748413.0,13429107243.0,8931198595.0,18874170940.0,18875263805.0,25145436413.0,49809955063.0,67883948680.0,71592302173.0,13261391997.0,28753861806.0,49296023356.0,-13873749795.0,-1768562776.0,10642513600.0,-16270616241.0,-2834727675.0,9080209272.0,-32.67,37.89,218.68,-4.18,27.81,385.31,12.68,35.12,727.2,-53.88,-684.46,-41.67,-116.62
058400,KNN,CFS,55424426465.0,56362074500.0,67926718262.0,12211968374.0,12558963788.0,12856089595.0,14606204611.0,15476143402.0,15779519371.0,215469110394.0,207474889009.0,206156555398.0,66077800047.0,65959982382.0,64977971322.0,6091666941.0,6737900636.0,9879827448.0,8448732785.0,7381244846.0,9193621216.0,3.92,6.78,453.85,3.56,7.46,448.78,4.46,7.65,528.36,0.18,-9.59,1.51,-31.8
058450,한주에이알티,CFS,16699796277.0,6917756494.0,16661070735.0,17036269803.0,12666262133.0,16049569284.0,19780183812.0,15236089997.0,18532375925.0,19102663857.0,4529023044.0,12513232192.0,10500794559.0,5581476636.0,5262263902.0,-2928750062.0,-5607422546.0,-4552727665.0,-3195387807.0,-8015367436.0,-4222413218.0,-16.73,103.55,98.02,-176.98,336.41,54.62,-33.74,148.1,103.81,88.14,47.77,6.07,-23.17
058470,리노공업,CFS,372372898847.0,377024805599.0,335723022270.0,23110842940.0,36383168010.0,45990326198.0,25795267228.0,38304546606.0,48667847133.0,557074198066.0,493183582826.0,417703187103.0,255573034656.0,322422803089.0,280166833067.0,114378400291.0,136634729982.0,117104353242.0,110923015440.0,114363791327.0,103805815149.0,19.91,4.63,1611.25,23.19,7.77,1036.26,24.85,11.65,729.99,-20.73,-16.29,15.08,16.68
058610,에스피지,CFS,240766038580.0,244137631538.0,255679938559.0,119409420927.0,130861125017.0,151229967566.0,128084871753.0,140851045915.0,171999762039.0,218901833401.0,213492763697.0,193091258545.0,393785730793.0,440476416653.0,416334206457.0,15969877847.0,25478930710.0,23536436082.0,10995238460.0,19682611034.0,22918185562.0,5.02,58.51,201.63,9.22,65.97,186.56,11.87,89.08,169.07,-10.6,-37.32,5.8,8.25
058630,엠게임,CFS,106796324795.0,87181056635.0,55922309230.0,26424519924.0,17406406216.0,8112312768.0,34307434148.0,23303340301.0,11721324519.0,113905135701.0,93124769312.0,73717122909.0,81633381472.0,73654249904.0,55705082553.0,21314431594.0,30149731370.0,18382829603.0,21768758250.0,22576363682.0,21496592051.0,19.11,30.12,404.16,24.24,25.02,500.86,29.16,15.9,689.35,10.83,-29.3,32.22,64.01
058820,CMG제약,CFS,115737108368.0,135069968711.0,125482012706.0,24529311932.0,21902548926.0,13728982194.0,51865516477.0,28307360844.0,14472098819.0,190232688061.0,184953014851.0,184702494215.0,93906675105.0,82197409668.0,69475495579.0,3036940781.0,2981395714.0,1660476360.0,6455349074.0,-388139911.0,3165485154.0,3.39,27.26,471.83,-0.21,15.31,616.69,1.71,7.84,913.99,14.25,1.86,18.31,79.55
058970,엠로,CFS,27471795885.0,18016768844.0,32915001100.0,59542546903.0,11428881975.0,12032830194.0,62748412113.0,22706824214.0,14031820621.0,28856169311.0,50964605535.0,41728570369.0,63173674058.0,58623051381.0,47014722809.0,4662825133.0,6485396117.0,6731754516.0,-26454245481.0,6584156830.0,5364676303.0,-91.68,217.45,46.14,12.92,44.55,157.64,12.86,33.63,273.54,7.76,-28.1,24.69,-3.66
059090,미코,CFS,371223182196.0,302343352339.0,287546072339.0,271729403586.0,189169817256.0,187679069363.0,467811187649.0,354853046152.0,345796484879.0,366083933670.0,376300039996.0,372477992952.0,387340942797.0,414832269255.0,365490680610.0,21111259627.0,64273149352.0,69667993298.0,-2036721583.0,-31225946867.0,14966514404.0,-0.56,127.79,136.62,-8.3,94.3,159.83,4.02,92.84,153.21,-6.63,-67.15,13.5,-7.74
059100,아이컴포넌트,CFS,23758227840.0,27785296975.0,24479800206.0,13861616734.0,16189022412.0,15623311200.0,21850664432.0,21264176206.0,18760383902.0,36102028402.0,34951481385.0,31763137096.0,27349339969.0,35305746404.0,35296018927.0,-2149500566.0,2934887624.0,2001564571.0,-2687949203.0,3249581738.0,2711679063.0,-7.45,60.52,171.4,9.3,60.84,171.63,8.54,59.06,156.69,-22.54,-173.24,0.03,46.63
059120,아진엑스텍,CFS,29540377136.0,32408670996.0,35035379270.0,4407028094.0,6263236236.0,6534234924.0,4899866706.0,6769693801.0,6732812089.0,42833397663.0,43638381295.0,44577714874.0,24884104476.0,35691515631.0,41649797849.0,-912692556.0,2059438358.0,5159267561.0,494231750.0,1629981298.0,4291733594.0,1.15,11.44,670.3,3.74,15.51,517.44,9.63,15.1,536.18,-30.28,-144.32,-14.31,-60.08
059210,메타바이오메드,CFS,49923649271.0,50975807645.0,48203481656.0,44471257288.0,44817324300.0,38161169549.0,57462375611.0,57633122299.0,43029514810.0,72661881957.0,63439269173.0,60098612480.0,83100721820.0,68941504014.0,58780469815.0,10747626419.0,5365035767.0,4942171014.0,9815413323.0,3599985669.0,9661987768.0,13.51,79.08,112.26,5.67,90.85,113.74,16.08,71.6,126.32,20.54,100.33,17.29,8.56
059270,해성에어로보틱스,CFS,19525786354.0,19551954760.0,23358713273.0,2262301912.0,2393910857.0,7617982807.0,3763698146.0,3689919899.0,9045991121.0,39890235852.0,40669744927.0,40924100823.0,13683022145.0,13913931783.0,15227941611.0,-1495253980.0,-1269958376.0,-1079953355.0,-778286866.0,-1026924139.0,-1145276454.0,-1.95,9.44,863.09,-2.53,9.07,816.74,-2.8,22.1,306.63,-1.66,-17.74,-8.63,-17.59
060150,인선이엔티,CFS,124386475825.0,146930916567.0,145117599476.0,101944922201.0,125862555697.0,103370265069.0,201385983718.0,208374441965.0,155780957970.0,343604585591.0,341844167993.0,337556517208.0,220959199628.0,237616653525.0,246411620542.0,25808068439.0,33230165818.0,41852794968.0,1711848050.0,21896167133.0,24907414614.0,0.5,58.61,122.01,6.41,60.96,116.74,7.38,46.15,140.39,-7.01,-22.34,-3.57,-20.6
060230,제이케이시냅스,CFS,85838877016.0,68701986035.0,40809513803.0,83922050971.0,61081748350.0,64088284537.0,91141900489.0,70146373766.0,75007851531.0,151189519877.0,76874884116.0,70882896001.0,49519154769.0,40123713030.0,29325732544.0,-9321643715.0,-4428369611.0,-673535774.0,-41047506357.0,-11720801815.0,-3009009899.0,-27.15,60.28,102.28,-15.25,91.25,112.48,-4.25,105.82,63.68,23.42,-110.5,36.82,-557.48
060240,스타코링크,CFS,22787580074.0,29041117458.0,49729015298.0,3554653298.0,5405261276.0,10269869247.0,3772381510.0,5602889172.0,12849950573.0,25224568188.0,36780030097.0,62765027582.0,10387748369.0,29086009233.0,36830817077.0,-6086499713.0,-17568271181.0,-10094301173.0,-11621864492.0,-29857175243.0,-8691302116.0,-46.07,14.96,641.06,-81.18,15.23,537.27,-13.85,20.47,484.22,-64.29,65.36,-21.03,-74.04
060250,NHN KCP,CFS,430112096835.0,376590155671.0,327332799931.0,294110629160.0,267142512847.0,244210931076.0,298383164800.0,269629997569.0,248055950167.0,223624925187.0,198554456445.0,162791644500.0,972016222465.0,822763112832.0,745418208065.0,41958924937.0,44208183594.0,43162129841.0,35215581398.0,34854543461.0,30338297024.0,15.75,133.43,146.24,17.55,135.8,140.97,18.64,152.38,134.04,18.14,-5.09,10.38,2.42
060260,뉴보텍,CFS,18780282522.0,19269981292.0,26452300102.0,28836032325.0,30906013299.0,30845973571.0,34142871495.0,35435713117.0,40850329942.0,13146361297.0,16942670299.0,12629268522.0,48892913831.0,45983827244.0,46970620099.0,-703531470.0,714798738.0,-2501242237.0,-4757267441.0,-2701200357.0,-8092851405.0,-36.19,259.71,65.13,-15.94,209.15,62.35,-64.08,323.46,85.76,6.33,-198.42,-2.1,128.58
060280,큐렉소,CFS,90831323842.0,75951519920.0,50470877162.0,4932862877.0,16588731455.0,18270579852.0,6941053161.0,16717330584.0,18404311086.0,100428580223.0,81680537481.0,42901667378.0,72882216212.0,64990650977.0,42794971254.0,1135441826.0,1110696832.0,-1817085895.0,-4856019331.0,-3040884942.0,-2341879864.0,-4.84,6.91,1841.35,-3.72,20.47,457.85,-5.46,42.9,276.24,12.14,2.23,51.87,161.13
060310,3S,CFS,27434449836.0,28885012539.0,18070667851.0,19090034053.0,24423671313.0,15766999142.0,21680745544.0,26788875680.0,18068427911.0,45954754301.0,38338988847.0,36546324438.0,41857755025.0,27110628415.0,23477908383.0,2180508808.0,1452134065.0,-1408265950.0,1431602721.0,1171369995.0,695334883.0,3.12,47.18,143.71,3.06,69.87,118.27,1.9,49.44,114.61,54.4,50.16,15.47,203.12
060370,LS마린솔루션,CFS,66766809090.0,88573490664.0,67919973667.0,23890964406.0,7573052788.0,8358511605.0,24097545990.0,7884451310.0,10736198790.0,122630218294.0,112370190406.0,99653440829.0,70779250390.0,42787326607.0,29876633529.0,13086945968.0,-6606262413.0,-5132157799.0,11617864038.0,-12126087000.0,-3182787532.0,9.47,19.65,279.46,-10.79,7.02,1169.59,-3.19,10.77,812.58,65.42,298.1,43.21,-28.72
060380,동양에스텍,CFS,93988511512.0,89085541051.0,107239468096.0,60671790345.0,58836006798.0,74741719262.0,64172609510.0,63230260227.0,82364290153.0,85475062580.0,80266023791.0,75854754070.0,210467132054.0,232458876752.0,242448362174.0,5986309318.0,6761513410.0,22798454577.0,5474741279.0,5819728631.0,19230290280.0,6.41,75.08,154.91,7.25,78.78,151.41,25.35,108.58,143.48,-9.46,-11.46,-4.12,-70.34
060480,국일신동,CFS,18456375233.0,19944687744.0,23139116318.0,858555124.0,1322347880.0,2465944753.0,3643685294.0,4255993192.0,5500952722.0,46171188719.0,47948396503.0,47521888323.0,19639701107.0,26883136547.0,28137778587.0,-2191984516.0,385392950.0,950586822.0,-1221030329.0,1006345773.0,867990172.0,-2.64,7.89,2149.7,2.1,8.88,1508.28,1.83,11.58,938.35,-26.94,-668.77,-4.46,-59.46
060540,에스에이티,CFS,65643102979.0,80662127598.0,61845938906.0,54073759505.0,57771364236.0,46739031547.0,63543703504.0,65713253137.0,56947806852.0,102723342597.0,103026499843.0,94693971446.0,152150451912.0,174365922924.0,163095355331.0,4710762930.0,11094289090.0,7066181177.0,1381080363.0,9016191587.0,6386218732.0,1.34,61.86,121.4,8.75,63.78,139.62,6.74,60.14,132.32,-12.74,-57.54,6.91,57.01
060560,HC홈센타,CFS,134690220652.0,121534639801.0,121306563147.0,137145981631.0,135956054184.0,121342156212.0,214316328169.0,198489864732.0,199292914045.0,230442745341.0,208620677279.0,198787957544.0,427496922550.0,432056654804.0,325002404747.0,39719633111.0,23653111731.0,16574191766.0,31027488204.0,18787077341.0,13677106318.0,13.46,93.0,98.21,9.01,95.14,89.39,6.88,100.25,99.97,-1.06,67.93,32.94,42.71
060570,드림어스컴퍼니,CFS,145134290803.0,212620455643.0,199080198796.0,68630373996.0,100776108636.0,172798677782.0,71571467930.0,104063881260.0,175265354702.0,164877230857.0,167783577323.0,79639214477.0,270330896112.0,274372337086.0,244189264502.0,-3493557752.0,-8667349352.0,4848508839.0,-2901527269.0,27270183922.0,-16103093025.0,-1.76,43.41,211.47,16.25,62.02,210.98,-20.22,220.07,115.21,-1.47,59.69,12.36,-278.76
060590,씨티씨바이오,CFS,84118518890.0,89836284227.0,70693859259.0,74315911239.0,74658466590.0,60156331714.0,90417497450.0,92423440557.0,83213403466.0,75444321166.0,93902956340.0,85012712510.0,137878037215.0,165205513710.0,140317988434.0,-4578130667.0,11229682544.0,-2937855124.0,-15587896686.0,4703798909.0,-7978479802.0,-20.66,119.85,113.19,5.01,98.42,120.33,-9.39,97.88,117.52,-16.54,-140.77,17.74,482.24
060720,KH바텍,CFS,133389030903.0,181964679579.0,200351294632.0,93906595034.0,113555768665.0,118180640931.0,95475808630.0,115409514005.0,165261250770.0,247041671603.0,229351248316.0,216590009019.0,363572099173.0,336098444945.0,304798270329.0,33607563323.0,35320949492.0,26388600662.0,30935074981.0,25010837941.0,33108323624.0,12.52,38.65,142.04,10.91,50.32,160.24,15.29,76.3,169.53,8.17,-4.85,10.27,33.85
060850,영림원소프트랩,CFS,41076844103.0,44035183024.0,37719832227.0,10743845406.0,12981450453.0,9125006720.0,14521112308.0,17632335848.0,18673515229.0,44458297296.0,43735676905.0,37389861990.0,55510670316.0,57528932353.0,47705702483.0,2890955672.0,6412757370.0,4338313484.0,3768556802.0,7149287011.0,4937242811.0,8.48,32.66,382.33,16.35,40.32,339.22,13.2,49.94,413.37,-3.51,-54.92,20.59,47.82
060900,에이전트AI,CFS,27306374931.0,32308619705.0,36023759030.0,13113276073.0,33069031715.0,45218538672.0,17144937422.0,37725726356.0,64206901741.0,54571090816.0,32844891296.0,41826394820.0,18200387994.0,33536559912.0,21800883525.0,-4755192917.0,-2837392510.0,3109653668.0,-7190024640.0,-18055164428.0,-6895828781.0,-13.18,31.42,208.23,-54.97,114.86,97.7,-16.49,153.51,79.67,-45.73,-67.59,53.83,-191.24
061040,알에프텍,CFS,199751743350.0,190323893374.0,163308522320.0,119429546348.0,91149517266.0,48008944348.0,190507492849.0,141817066092.0,56572605792.0,235145871484.0,235536201100.0,216072981177.0,314378116170.0,360554334131.0,325824061418.0,5039500595.0,20936852313.0,12322173772.0,1527784712.0,12008711592.0,17457181157.0,0.65,81.02,167.25,5.1,60.21,208.8,8.08,26.18,340.16,-12.81,-75.93,10.66,69.91
061090,세나테크놀로지,,,,,,,,,,,,,,,,,,,,,,,,,,,,,,,,,,,
061250,화일약품,CFS,136628963554.0,138067562349.0,148833400442.0,11025895298.0,7940868656.0,12071270748.0,11547841151.0,10023751272.0,12488941094.0,174453635220.0,175573363603.0,181657732928.0,122541219912.0,132052748929.0,106989513992.0,2047403532.0,4772215632.0,4263681358.0,3863241674.0,-6326962618.0,2842176718.0,2.21,6.62,1239.16,-3.6,5.71,1738.7,1.56,6.87,1232.96,-7.2,-57.1,23.43,11.93
061970,LB세미콘,CFS,225115638011.0,207335454411.0,229529809278.0,268262635481.0,216354907140.0,215830594424.0,425050149575.0,385945616683.0,364873717668.0,366147511353.0,381148543507.0,335445660842.0,416870535040.0,524605333976.0,496236973449.0,-12705033605.0,56796897447.0,44225236880.0,-16597167174.0,44715224326.0,38312183476.0,-4.53,116.09,83.92,11.73,101.26,95.83,11.42,108.77,106.35,-20.54,-122.37,5.72,28.43
062970,한국첨단소재,CFS,10319894388.0,13756515463.0,11324312164.0,14131301828.0,11926494194.0,9616074981.0,17090340389.0,18128066773.0,18038276557.0,7303818039.0,4778030673.0,3562221096.0,14413036040.0,21300638514.0,13458885814.0,-3022997841.0,827152649.0,-11814911419.0,-4027424144.0,504778223.0,-14696317737.0,-55.14,233.99,73.03,10.56,379.4,115.34,-412.56,506.38,117.76,-32.34,-465.47,58.26,107.0
063080,컴투스홀딩스,CFS,51183607655.0,41361797748.0,36944338990.0,179567598634.0,172536299669.0,141271719469.0,322266227358.0,297993126638.0,199525292212.0,274367791087.0,291123701687.0,375708128553.0,,,,-3351588285.0,-26428837731.0,37808785511.0,-14377051568.0,-70606522807.0,29794842850.0,-5.24,117.46,28.5,-24.25,102.36,23.97,7.93,53.11,26.15,,87.32,,-169.9
063170,서울옥션,CFS,113833047259.0,124629824229.0,115063192219.0,30405438717.0,46031932771.0,81937034335.0,79506073760.0,70175112067.0,86290339673.0,116763183075.0,124166380116.0,87188804844.0,,,,-3547805936.0,7708465822.0,19728868607.0,-7969020389.0,4542280004.0,16044149556.0,-6.82,68.09,374.38,3.66,56.52,270.75,18.4,98.97,140.43,,-146.02,,-60.93
063440,SM Life Design,CFS,36708679989.0,40631526211.0,44132017077.0,5354207023.0,13427536896.0,8985380370.0,6477943192.0,15402903839.0,11568115465.0,57007605133.0,52268757016.0,48517221319.0,47318501515.0,40732157232.0,37740878397.0,2685360549.0,3509202785.0,1244897056.0,4738244746.0,2487730793.0,1784406318.0,8.31,11.36,685.6,4.76,29.47,302.6,3.68,23.84,491.15,16.17,-23.48,7.93,181.89
063570,NICE인프라,CFS,179660205097.0,190792622488.0,189540442728.0,256969315609.0,244076329554.0,226383585570.0,336126481136.0,322118727469.0,322248776461.0,183922810371.0,175778384084.0,166504264665.0,365516532866.0,288913245504.0,238364363650.0,27993203084.0,18891094654.0,14287632791.0,14443808625.0,8664856247.0,9041487708.0,7.85,182.75,69.92,4.93,183.25,78.17,5.43,193.54,83.73,26.51,48.18,21.21,32.22
063760,이엘피,CFS,18725796798.0,30622075406.0,45561698975.0,6404815446.0,12847321199.0,8054534922.0,7207767011.0,20440364937.0,15949201022.0,64718206335.0,64283820361.0,67268471422.0,21412070653.0,23611630790.0,26181340766.0,-5633682955.0,-3220697057.0,-3031968280.0,567883940.0,-1606349539.0,-710891957.0,0.88,11.14,292.37,-2.5,31.8,238.35,-1.06,23.71,565.67,-9.32,-74.92,-9.82,-6.22
064090,인크레더블버즈,CFS,59552339631.0,8459767715.0,18689160436.0,23696829108.0,4846767253.0,9867777475.0,23944740441.0,4933659624.0,9999762427.0,36292846437.0,3706727952.0,12330019918.0,6900744761.0,29367045498.0,30300618072.0,-568633743.0,-13229119702.0,-8168015028.0,-6989588143.0,-14994780346.0,1171814572.0,-19.26,65.98,251.31,-404.53,133.1,174.54,9.5,81.1,189.4,-76.5,95.7,-3.08,-61.96
064240,홈캐스트,CFS,69041489941.0,53601134824.0,60629956260.0,27195978536.0,1990529926.0,7690020278.0,28196026416.0,2315663973.0,7706177034.0,99443350512.0,95345908085.0,96369214513.0,63698211791.0,73304174993.0,17068079766.0,-10191709757.0,380169404.0,-4558163920.0,-11451646952.0,-725942206.0,19801034231.0,-11.52,28.35,253.87,-0.76,2.43,2692.81,20.55,8.0,788.42,-13.1,-2780.83,329.48,108.34
064260,다날,CFS,581226244928.0,585055776128.0,651504511514.0,245361080086.0,215436711211.0,197952558155.0,474318769770.0,416662689792.0,449527733827.0,295492703966.0,332732185367.0,364679075929.0,295468234107.0,294948282762.0,285550121673.0,3497746253.0,-2755768464.0,15959749229.0,-40614620289.0,-33844823562.0,66337389426.0,-13.74,160.52,236.89,-10.17,125.22,271.57,18.19,123.27,329.12,0.18,226.92,3.29,-117.27
064290,인텍플러스,CFS,99219137291.0,87305013341.0,89569226629.0,54342997741.0,48653047780.0,51959421292.0,76010927801.0,49031051590.0,56553679983.0,55872580309.0,67184675194.0,50810412158.0,74802246295.0,118836726448.0,119661105867.0,-11091735610.0,19363287600.0,27531343673.0,-10791254820.0,16335037757.0,22642787938.0,-19.31,136.04,182.58,24.31,72.98,179.44,44.56,111.3,172.38,-37.05,-157.28,-0.69,-29.67
064480,브리지텍,CFS,40723759313.0,32463752484.0,35255105863.0,18328309896.0,12059995186.0,18906860091.0,23366669775.0,18172828542.0,19353542996.0,50551044284.0,51750347670.0,39780735459.0,53543737975.0,58935626488.0,54363053720.0,4162931035.0,3920387898.0,3135620551.0,3573686700.0,3380873831.0,2819217341.0,7.07,46.22,222.19,6.53,35.12,269.19,7.09,48.65,186.47,-9.15,6.19,8.41,25.03
064520,테크엘,CFS,71293193141.0,59147361653.0,32170229974.0,27419310911.0,11575400486.0,15259508171.0,29204304512.0,37047969291.0,18470115974.0,80841200570.0,52389595812.0,45185416551.0,21928276515.0,19133735872.0,44159958685.0,-4543780279.0,-4553351128.0,828021741.0,5504254842.0,-6027822555.0,810118520.0,6.81,36.13,260.01,-11.51,70.72,510.97,1.79,40.88,210.82,14.61,0.21,-56.67,-649.91
064550,바이오니아,CFS,147679827483.0,134085503468.0,136388381817.0,53739235759.0,36237286976.0,50784752815.0,80610453913.0,55197726752.0,54826480986.0,234876815089.0,243539618432.0,207591626721.0,263236802636.0,218394453243.0,223743694062.0,791752829.0,11539662692.0,47064261523.0,-6918602585.0,15122016180.0,29198768040.0,-2.95,34.32,274.81,6.21,22.66,370.02,14.07,26.41,268.56,20.53,-93.14,-2.39,-75.48
064760,티씨케이,CFS,334493109270.0,343235703465.0,274927628093.0,35178759849.0,62254946331.0,48768265224.0,37233039232.0,63669414182.0,50193523554.0,458270711744.0,416873645081.0,339512447083.0,226652881531.0,319562836196.0,270766567696.0,66702958305.0,127026641350.0,103400361685.0,61244566663.0,94056447998.0,81890628054.0,13.36,8.12,950.84,22.56,15.27,551.34,24.12,14.78,563.74,-29.07,-47.49,18.02,22.85
064800,포니링크,CFS,122371839860.0,131825012923.0,196222575470.0,37816760915.0,24476677816.0,44980021601.0,49425476669.0,36327784551.0,48733205744.0,148233395549.0,169442787696.0,189313104771.0,71463724854.0,95536623105.0,109579283171.0,-9331191935.0,-1197881889.0,1732019303.0,-10535436181.0,-19347595873.0,34549583320.0,-7.11,33.34,323.59,-11.42,21.44,538.57,18.25,25.74,436.24,-25.2,-678.97,-12.82,-169.16
064820,케이프,CFS,61631623908.0,48179988614.0,37533168214.0,84509178031.0,62814200212.0,140892237065.0,1986990800067.0,2092305299126.0,1966307429620.0,253983013033.0,236541292136.0,246816216482.0,590659693241.0,609700362459.0,427666283641.0,40953906753.0,2358280958.0,47381129304.0,27101327960.0,-538866608.0,35818384727.0,10.67,782.33,72.93,-0.23,884.54,76.7,14.51,796.67,26.64,-3.12,1636.6,42.56,-95.02
064850,에프앤가이드,CFS,45825727127.0,29049742417.0,27634575209.0,34164582156.0,20467853426.0,9397547004.0,34942735132.0,42427474057.0,45614536529.0,59010403472.0,56107226484.0,50621658265.0,29582881176.0,28422917679.0,25524250434.0,6069159870.0,6072307916.0,5110121355.0,7710482576.0,7944169868.0,5468769602.0,13.07,59.21,134.13,14.16,75.62,141.93,10.8,90.11,294.06,4.08,-0.05,11.36,18.83
065060,지엔코,CFS,91192813603.0,91631913936.0,86714019724.0,78867753691.0,72419545450.0,90093853120.0,104219062390.0,103009944490.0,95315222437.0,131597005420.0,123954261310.0,133917031537.0,146952545704.0,143276086145.0,135409305421.0,7903539626.0,-2901525154.0,-798433811.0,1454615686.0,-9443559842.0,-20020583208.0,1.11,79.2,115.63,-7.62,83.1,126.53,-14.95,71.17,96.25,2.57,372.39,5.81,-263.4
065130,탑엔지니어링,CFS,351562964074.0,282936680058.0,356975017139.0,223616050144.0,202480865442.0,263826552824.0,232048661852.0,213937353882.0,297119798227.0,330002709644.0,298677710121.0,332376401203.0,959380436380.0,936444840669.0,1084807143452.0,21906235140.0,-28505023131.0,-20448923154.0,22088083412.0,-42969626728.0,-25186094723.0,6.69,70.32,157.22,-14.39,71.63,139.74,-7.58,89.39,135.31,2.45,176.85,-13.68,-39.4
065150,대산F&B,CFS,27355721958000.0,37596136764000.0,32143919360000.0,23799362472000.0,28907343713000.0,19537130522000.0,33491838503000.0,41291511955000.0,27884949795000.0,23225320472000.0,32675743877000.0,40331681202000.0,128819482459000.0,121302188368000.0,104305802113000.0,-634869097000.0,-4018213545000.0,-894487828000.0,-8080143052000.0,-5583783431000.0,10405961248000.0,-34.79,144.2,114.94,-17.09,126.37,130.06,25.8,69.14,164.53,6.2,84.2,16.29,-349.22
065170,비엘팜텍,CFS,16915224239.0,32611820331.0,42300948698.0,7964556927.0,48979060154.0,36999546441.0,13002438493.0,62604396406.0,64831825651.0,31799361482.0,41082112317.0,65509614353.0,24525172959.0,22522930342.0,84439769622.0,-6793361869.0,-4447168449.0,-3430273625.0,141624798.0,-13649416018.0,-20106816523.0,0.45,40.89,212.38,-33.22,152.39,66.58,-30.69,98.97,114.33,8.89,-52.76,-73.33,-29.64
065350,신성델타테크,CFS,383666955711.0,331626901834.0,273952674104.0,349667116736.0,355595903922.0,284252238905.0,384771077102.0,413358161001.0,321661519286.0,307573599697.0,214490056158.0,195537154456.0,833704098779.0,793424019846.0,737488102514.0,29867445100.0,32055395246.0,43947732045.0,20060610922.0,23919701899.0,32688237227.0,6.52,125.1,109.72,11.15,192.72,93.26,16.72,164.5,96.38,5.08,-6.83,7.58,-27.06
065370,위세아이텍,CFS,7582968424.0,11858206703.0,0.0,17192777282.0,11484481650.0,0.0,17837768382.0,21039189650.0,0.0,32630927576.0,27986825012.0,0.0,27625153460.0,37892065422.0,0.0,-2868674786.0,1304673381.0,0.0,-3293743948.0,3870234650.0,0.0,-10.09,54.67,44.11,13.83,75.18,103.25,,,,-27.1,-319.88,,
065420,에스아이리소스,CFS,4806625888.0,12358993635.0,12763443942.0,2386736398.0,1224343263.0,1675967242.0,3612351764.0,2390729600.0,1720828366.0,9790445117.0,17659179699.0,18467194022.0,7041912337.0,4717220355.0,21003250973.0,-8594306168.0,-2274037825.0,2002251727.0,-9274263535.0,-963295258.0,3903137993.0,-94.73,36.9,201.39,-5.45,13.54,1009.44,21.14,9.32,761.56,49.28,-277.93,-77.54,-213.57
065440,이루온,CFS,50624306545.0,50823200852.0,47257449667.0,18324671745.0,21224125174.0,19793404917.0,19309299181.0,22728605770.0,22769272900.0,45087845505.0,41831910150.0,38762926869.0,56033528386.0,56561772027.0,56185382635.0,3034532431.0,941363556.0,2821093246.0,3732909406.0,1704289258.0,1811497861.0,8.28,42.83,276.26,4.07,54.33,239.46,4.67,58.74,238.75,-0.93,222.35,0.67,-66.63
065450,빅텍,CFS,37266233397.0,50591687486.0,54998231863.0,24188196310.0,16353089098.0,28703696719.0,41229721803.0,35168431167.0,34574950110.0,55585148111.0,61043595847.0,58292666373.0,54928577801.0,74374891497.0,102466113395.0,-4338006419.0,1652772174.0,7132930977.0,-4189360606.0,-231659193.0,5264507187.0,-7.54,74.17,154.07,-0.38,57.61,309.37,9.03,59.31,191.61,-26.15,-362.47,-27.42,-76.83
065500,오리엔트정공,CFS,40979667722.0,54145775168.0,41597898450.0,42286335189.0,54120187296.0,54129824582.0,56699920182.0,74832272968.0,70051875360.0,37596113390.0,50170500528.0,39707497664.0,162809370321.0,111979485019.0,114867580122.0,1976608644.0,355706593.0,351980926.0,-5683606424.0,-6681118118.0,-711810921.0,-15.12,150.81,96.91,-13.32,149.16,100.05,-1.79,176.42,76.85,45.39,455.69,-2.51,1.06
065510,휴비츠,CFS,77606625657.0,70418666231.0,53699906285.0,67595299179.0,55303864717.0,42617064208.0,84546315373.0,67767973941.0,58396319901.0,116598356452.0,109443983699.0,95000149219.0,117736981654.0,108781729913.0,95018598450.0,16380287595.0,20094166561.0,9672632166.0,9580936152.0,16627974661.0,9101866335.0,8.22,72.51,114.81,15.19,61.92,127.33,9.58,61.47,126.01,8.23,-18.48,14.48,107.74
065530,와이어블,CFS,50350203984.0,43966807545.0,56854590939.0,52625614678.0,36424596983.0,50735256610.0,67055007910.0,49884232016.0,64904318104.0,75288833134.0,75614565738.0,75521159344.0,72569201277.0,64283541128.0,78495698553.0,2884007077.0,3404993661.0,3684625378.0,2340417818.0,2435230319.0,2513750028.0,3.11,89.06,95.68,3.22,65.97,120.71,3.33,85.94,112.06,12.89,-15.3,-18.11,-7.59
065570,삼영이엔씨,CFS,54484827361.0,64720890199.0,62281387354.0,35777815745.0,23167815532.0,19682114792.0,39902647065.0,43160486939.0,19893168932.0,33744180800.0,37053194895.0,75220201153.0,33338252948.0,31901368198.0,40113737849.0,-6125614406.0,-20145835588.0,1140806517.0,-16223274401.0,-41768936559.0,622281165.0,-48.08,118.25,152.29,-112.73,116.48,279.36,0.83,26.45,316.44,4.5,69.59,-20.47,-1865.93
065650,하이퍼코퍼레이션,CFS,31879995601.0,36494234098.0,19348114548.0,17197119770.0,2358325591.0,6244821374.0,18892784944.0,24661658443.0,6806902877.0,36892838009.0,31091015752.0,42290372930.0,52042005467.0,45289903870.0,49250938078.0,-1348575862.0,-4058292294.0,861076458.0,-1960393378.0,-12024819721.0,-6758922264.0,-5.31,51.21,185.38,-38.68,79.32,1547.46,-15.98,16.1,309.83,14.91,66.77,-8.04,-571.3
065660,안트로젠,CFS,56380300570.0,62449414128.0,65364839117.0,10758759428.0,15037067002.0,13723829099.0,19986739890.0,17341328248.0,19834171923.0,129444937057.0,106791384883.0,116866595777.0,6500249535.0,6591010796.0,8121552704.0,-5073842629.0,-4648213293.0,-2624116306.0,-2840849743.0,-6837097549.0,-553984075.0,-2.19,15.44,524.04,-6.4,16.24,415.3,-0.47,16.97,476.29,-1.38,-9.16,-18.85,-77.13
065680,우주일렉트로,CFS,203364101352.0,193891164427.0,180462605146.0,73870792659.0,67013964833.0,61760794351.0,74533269314.0,67369648581.0,62034660856.0,223924851066.0,225535606214.0,215499012770.0,159897623025.0,186384259092.0,204851560560.0,8014187683.0,20547097627.0,27709390686.0,5615967439.0,12219357336.0,16699077730.0,2.51,33.28,275.3,5.42,29.87,289.33,7.75,28.79,292.2,-14.21,-61.0,-9.01,-25.85
065690,파커스,CFS,45424388405.0,58030166527.0,61125320789.0,62402838584.0,32242898986.0,22562679998.0,69484452252.0,75217413297.0,65549002985.0,48590458883.0,64548512636.0,81085981207.0,63616324294.0,73121511677.0,93681678892.0,-9535740999.0,-15191703582.0,1199616977.0,-15592440638.0,-11900755815.0,9549106992.0,-32.09,143.0,72.79,-18.44,116.53,179.98,11.78,80.84,270.91,-13.0,37.23,-21.95,-1366.38
065710,서호전기,CFS,56374418136.0,55029166940.0,65909694150.0,8030650439.0,10761916818.0,14888494814.0,9819985519.0,11666358209.0,15753696259.0,94060724028.0,90138282394.0,85942507670.0,66169002063.0,60170515020.0,74305951810.0,12980216204.0,12465917949.0,14828937436.0,15456209684.0,11303465518.0,17406871422.0,16.43,10.44,701.99,12.54,12.94,511.33,20.25,18.33,442.69,9.97,4.13,-19.02,-15.94
065770,CS,CFS,16246121829.0,29005084679.0,29574491886.0,3119852041.0,15782915318.0,12591616149.0,3147808710.0,15952607530.0,13114939968.0,17509403460.0,18164712584.0,21333463982.0,33661402007.0,35182635211.0,41091897059.0,-1576925628.0,-4133560963.0,228076588.0,-681616999.0,-3480289733.0,-2383876876.0,-3.89,17.98,520.73,-19.16,87.82,183.78,-11.17,61.48,234.87,-4.32,61.85,-14.38,-1912.36
065950,웰크론,CFS,151439126738.0,200799075556.0,153955378658.0,123762309141.0,187424610050.0,94115902774.0,158783985563.0,210309011056.0,129011021980.0,122803953909.0,128920817278.0,126062708173.0,425883974254.0,445710106509.0,388605882339.0,4848405004.0,6297133053.0,13219047116.0,-8643580613.0,-840611264.0,7757985692.0,-7.04,129.3,122.36,-0.65,163.13,107.14,6.15,102.34,163.58,-4.45,-23.01,14.69,-52.36
066130,하츠,CFS,80037042402.0,74544470332.0,61282809354.0,23723412136.0,20406825966.0,18123805109.0,42267051648.0,37515176665.0,23177737387.0,101765594941.0,97104115605.0,94627995795.0,154622787162.0,143130132137.0,137185085797.0,6282289333.0,7183438566.0,10002548784.0,6004414153.0,4594237701.0,8082741457.0,5.9,41.53,337.38,4.73,38.63,365.29,8.54,24.49,338.13,8.03,-12.54,4.33,-28.18
066310,큐에스아이,CFS,30894238408.0,30463195859.0,34987711246.0,3543619082.0,2763369648.0,5752898415.0,5255229501.0,4723669229.0,6946437510.0,82474951356.0,81264942459.0,73896037857.0,18687093091.0,22699451677.0,29379599348.0,-4243012697.0,1845150544.0,2705150295.0,2711545378.0,7008373110.0,1558611923.0,3.29,6.37,871.83,8.62,5.81,1102.39,2.11,9.4,608.18,-17.68,-329.95,-22.74,-31.79
066360,체리부로,CFS,93761315149.0,93521239698.0,97079245745.0,149041705958.0,154434800262.0,183948272221.0,173979701549.0,192510995862.0,229220859509.0,109773777204.0,84222462761.0,47061681706.0,399000340104.0,402390021653.0,363566839915.0,21020113354.0,16475578410.0,2086717969.0,15002486690.0,9145106027.0,-27949779253.0,13.67,158.49,62.91,10.86,228.57,60.56,-59.39,487.06,52.78,-0.84,27.58,10.68,689.55
066410,버킷스튜디오,CFS,18476530520.0,61536340856.0,98445700409.0,127402973369.0,128941144847.0,89635454480.0,129752641458.0,179848798141.0,157008435184.0,127141386458.0,136162896034.0,145306382294.0,18890365556.0,24369046148.0,26399116481.0,-6521048976.0,-6020543726.0,-2084640421.0,3816357907.0,-188694041283.0,50868341429.0,3.0,102.05,14.5,-138.58,132.08,47.72,35.01,108.05,109.83,-22.48,-8.31,-7.69,-188.8
066430,아이로보틱스,CFS,29259134148.0,33756234894.0,17714254568.0,10188321111.0,17462835004.0,17933592156.0,12543916887.0,18698484483.0,19921699977.0,42976277466.0,37648356787.0,19167939930.0,35778569046.0,37411357602.0,37301461684.0,125627765.0,219378636.0,419639275.0,2799955819.0,575800311.0,394962551.0,6.52,29.19,287.18,1.53,49.67,193.3,2.06,103.93,98.78,-4.36,-42.73,0.29,-47.72
066590,스모트로닉,CFS,116302633484.0,129183982461.0,102095702880.0,141062012913.0,175508048913.0,164786619118.0,167654556551.0,204659182651.0,189423750781.0,82339541703.0,72910162407.0,79197172958.0,347995612773.0,325340615018.0,310386892174.0,8384697540.0,3828724837.0,-713173579.0,10205843113.0,-17517650684.0,-10229323840.0,12.39,203.61,82.45,-24.03,280.7,73.61,-12.92,239.18,61.96,6.96,118.99,4.82,636.86
066620,국보디자인,CFS,238989748673.0,187874020683.0,117673013464.0,123648543615.0,126104771924.0,101979835398.0,126924813952.0,127754640757.0,117860064531.0,210544497983.0,145726796637.0,227447156573.0,401268154696.0,378387843965.0,323028432200.0,32409587505.0,28764824075.0,25746456454.0,27637070850.0,20867524038.0,19541504067.0,13.13,60.28,193.28,14.32,87.67,148.98,8.59,51.82,115.39,6.05,12.67,17.14,11.72
066670,디티씨,CFS,78217626456.0,99114093027.0,125667358051.0,984352902.0,11817004077.0,42684120197.0,5201266974.0,15493707550.0,45797298655.0,160769044466.0,158322173594.0,152746533838.0,34642468435.0,69066166779.0,135974077514.0,1995972667.0,3081984547.0,3594144004.0,3652036386.0,6833405894.0,5445891004.0,2.27,3.24,7946.1,4.32,9.79,838.74,3.57,29.98,294.41,-49.84,-35.24,-49.21,-14.25
066700,테라젠이텍스,CFS,115389914373.0,106961890466.0,96954234033.0,85720603268.0,74839437578.0,74693106756.0,90202681263.0,88884075471.0,115752044876.0,152932537660.0,157669141663.0,234321123575.0,221724623723.0,190769019281.0,166566624783.0,11559997329.0,11823920885.0,-7440744088.0,28391891575.0,10950899742.0,-11384710780.0,18.56,58.98,134.61,6.95,56.37,142.92,-4.86,49.4,129.8,16.23,-2.23,14.53,258.91
066790,씨씨에스,CFS,16546180830.0,14739974776.0,12184317781.0,2931128608.0,3136255049.0,3398299269.0,4013018555.0,7178057699.0,4674769214.0,27539470090.0,24914268551.0,24299555953.0,19211399837.0,19355942259.0,18535195424.0,453727360.0,648839089.0,-299143453.0,2534148486.0,734417501.0,1188117631.0,9.2,14.57,564.5,2.95,28.81,469.99,4.89,19.24,358.54,-0.75,-30.07,4.43,316.9
066900,디에이피,CFS,104601529644.0,86762904656.0,87034298285.0,142064464319.0,95698866960.0,77469341001.0,231734838297.0,153250431019.0,110350877235.0,96925893115.0,111161890788.0,114418635805.0,403492017530.0,333660003026.0,307896911866.0,-13064221797.0,8971771392.0,7692729104.0,-12543777266.0,5325675912.0,8155242531.0,-12.94,239.08,73.63,4.79,137.86,90.66,7.13,96.44,112.35,20.93,-245.61,8.37,16.63
066910,손오공,CFS,32214167018.0,34192667676.0,38753754845.0,26765189894.0,32538474176.0,29013695532.0,27227063284.0,33584371766.0,30565652940.0,21810933267.0,18831214473.0,25871176794.0,50347819486.0,66683494889.0,75450508230.0,-9498690286.0,-5991087663.0,1154456130.0,-11876739598.0,-7645984521.0,3376239148.0,-54.45,124.83,120.36,-40.6,178.34,105.08,13.05,118.15,133.57,-24.5,-58.55,-11.62,-618.95
066980,한성크린텍,CFS,145203960216.0,152887558116.0,103787186416.0,136266535410.0,162099489756.0,136723155376.0,149516302798.0,183218891850.0,158993772288.0,133520202411.0,118160313707.0,97614427869.0,368427650987.0,322542207888.0,168287499305.0,1361500813.0,5594051824.0,3994439009.0,1176485459.0,-3941179222.0,19220234016.0,0.88,111.98,106.56,-3.34,155.06,94.32,19.69,162.88,75.91,14.23,-75.66,91.66,40.05
067000,조이시티,CFS,60917489646.0,55688649380.0,74292941019.0,63157034402.0,64800655368.0,65512182406.0,134567284519.0,148778315777.0,140353435799.0,107687927891.0,98876262762.0,97195700145.0,,,,25330688881.0,7400674611.0,21801229180.0,7750177349.0,3193578816.0,7059433598.0,7.2,124.96,96.45,3.23,150.47,85.94,7.26,144.4,113.4,,242.28,,-66.05
067010,이씨에스,CFS,78524270246.0,69832783691.0,62035878015.0,27341634201.0,21228811887.0,16598063288.0,28804559975.0,22372414905.0,18819595403.0,55790862724.0,52163219021.0,48483004054.0,100614785931.0,80205503054.0,74770792738.0,4233937407.0,4996511571.0,4751309182.0,4641905713.0,5248281421.0,4909838332.0,8.32,51.63,287.2,10.06,42.89,328.95,10.13,38.82,373.75,25.45,-15.26,7.27,5.16
067080,대화제약,CFS,65220103475.0,51212556542.0,56138734803.0,127947713608.0,83259700454.0,75335033973.0,141809467301.0,117365188413.0,93960124203.0,77353149453.0,81691284606.0,83415714768.0,141359215372.0,131911692836.0,117158831459.0,1963837396.0,5848093540.0,3283983665.0,-514320521.0,1221158031.0,1962439267.0,-0.66,183.33,50.97,1.49,143.67,61.51,2.35,112.64,74.52,7.16,-66.42,12.59,78.08
067160,SOOP,CFS,480797840927.0,370259685206.0,313041678404.0,274084873864.0,217402142629.0,193391539998.0,284722352753.0,223950840265.0,198723010089.0,293346003262.0,241174630522.0,209426750558.0,344016008889.0,289087250014.0,260479480423.0,90309374651.0,82418820782.0,88822009755.0,74623795681.0,59513056225.0,70868748330.0,25.44,97.06,175.42,24.68,92.86,170.31,33.84,94.89,161.87,19.0,9.57,10.98,-7.21
067170,오텍,CFS,386835221021.0,433075606740.0,477333594169.0,353624230207.0,395412074628.0,332994071990.0,445626038304.0,469311864145.0,452549467641.0,162727131537.0,142142993504.0,192947127725.0,959746785770.0,1019469837238.0,1017614175929.0,-9765027665.0,-19061314378.0,6404268684.0,-20694574767.0,-38775825926.0,-121682512.0,-12.72,273.85,109.39,-27.28,330.17,109.53,-0.06,234.55,143.35,-5.86,48.77,0.18,-397.63
067280,멀티캠퍼스,CFS,210639232846.0,168207549301.0,135207494328.0,74039047478.0,70852237023.0,72446482790.0,114400645171.0,119379682772.0,117016269803.0,197384602590.0,172369983995.0,139966656428.0,358598251427.0,357486847902.0,308281591459.0,,,,31940210131.0,30539661944.0,20556266648.0,16.18,57.96,284.5,17.72,69.26,237.41,14.69,83.6,186.63,0.31,,15.96,
067290,JW신약,CFS,44920360225.0,33866545789.0,32108697777.0,46688165189.0,37896791771.0,21326540072.0,49174210385.0,38401736664.0,36820979580.0,16444347344.0,55692210687.0,55183216883.0,104234950412.0,102710439010.0,100966106272.0,5627697721.0,4287385271.0,3426120278.0,-37402206978.0,1378413531.0,837181610.0,-227.45,299.03,96.21,2.48,68.95,89.37,1.52,66.72,150.56,1.48,31.26,1.73,25.14
067310,하나마이크론,CFS,431596263534.0,383477863614.0,330074313004.0,644682194150.0,442084130909.0,339179845890.0,1180702762437.0,920833274905.0,602627869530.0,544387369437.0,488215520054.0,448412026842.0,967971484717.0,894395892458.0,669511962324.0,57904676214.0,103548271876.0,104938649978.0,963094987.0,58230571627.0,67157827803.0,0.18,216.89,66.95,11.93,188.61,86.74,14.98,134.39,97.32,8.23,-44.08,33.59,-1.32
067370,선바이오,CFS,12258787279.0,16112462669.0,11416288699.0,18740196954.0,18034554018.0,2717435417.0,19558016698.0,19059503595.0,4323208182.0,28105454889.0,23839291192.0,15396516533.0,12291883598.0,7420394142.0,9964993948.0,5192339957.0,190910321.0,3377483888.0,4606741847.0,869325809.0,284736643.0,16.39,69.59,65.41,3.65,79.95,89.34,1.85,28.08,420.11,65.65,2619.78,-25.54,-94.35
067390,아스트,CFS,209171275991.0,131730463659.0,125832707554.0,288239741438.0,317972335725.0,293903788944.0,440735251981.0,406163168094.0,409525719878.0,28396289794.0,-14665518763.0,-10086733882.0,168484017802.0,162125182794.0,79884431060.0,-36383148675.0,-13382603453.0,-15599875871.0,-40327657463.0,-13250577207.0,-48034173356.0,-142.02,1552.09,72.57,90.35,-2769.51,41.43,476.21,-4060.04,42.81,3.92,-171.87,102.95,14.21
067570,엔브이에이치코리아,CFS,565335598708.0,477110264238.0,384744073572.0,720171683915.0,562160544876.0,488004897709.0,946708000857.0,766699928087.0,673415444597.0,358471036486.0,298485555489.0,288885870338.0,1371412851857.0,1230006651563.0,1068809423659.0,62917271907.0,53154104872.0,42784729861.0,10563619788.0,7592088462.0,19611491890.0,2.95,264.1,78.5,2.54,256.86,84.87,6.79,233.11,78.84,11.5,18.37,15.08,24.24
067630,HLB생명과학,CFS,147043191219.0,160775696115.0,156822300278.0,135456989572.0,26784511102.0,13535842180.0,192287513269.0,175723722598.0,24187699603.0,231212934288.0,236066648867.0,246611869666.0,97990440681.0,99591375508.0,53494248129.0,-24532796122.0,-20161281928.0,-18480404264.0,-5913047188.0,-54359670302.0,-49291549934.0,-2.56,83.16,108.55,-23.03,74.44,600.26,-19.99,9.81,1158.57,-1.61,-21.68,86.17,-9.1
067730,로지시스,CFS,16190854740.0,15558463632.0,18648628828.0,6609682230.0,5769791518.0,5435480775.0,7657247528.0,7019709179.0,7460621975.0,17022462908.0,17067726284.0,18787437371.0,36454449393.0,32820905268.0,34193506217.0,545439693.0,136780736.0,1052928913.0,516014131.0,204379127.0,2068744164.0,3.03,44.98,244.96,1.2,41.13,269.65,11.01,39.71,343.09,11.07,298.77,-4.01,-87.01
067770,세진티에스,CFS,33432267180.0,33913715222.0,34573212615.0,1312761900.0,1862009948.0,2688267363.0,1353883846.0,1939358100.0,2986289954.0,43522074597.0,44994552145.0,45329823157.0,10294388815.0,16525057618.0,27001637664.0,-2577140264.0,-1897791595.0,2127319825.0,-1443038156.0,-640529274.0,2866871777.0,-3.32,3.11,2546.71,-1.42,4.31,1821.35,6.32,6.59,1286.08,-37.7,-35.8,-38.8,-189.21
067900,와이엔텍,CFS,66538106831.0,44281097643.0,31835488290.0,50605334197.0,57125390316.0,64347811341.0,112942015533.0,81310904559.0,102840220000.0,250838163345.0,199778106119.0,191673018881.0,121396161273.0,123802551618.0,111788910608.0,32121342170.0,33495881696.0,32418072765.0,24073206710.0,24633946113.0,23241545823.0,9.6,45.03,131.48,12.33,40.7,77.52,12.13,53.65,49.47,-1.94,-4.1,10.75,3.32
067920,이글루,CFS,39357575194.0,39596815185.0,37967540826.0,17342464278.0,18480131052.0,20982033183.0,18072860450.0,20303454856.0,22872779980.0,76369944189.0,70728388801.0,64647585485.0,,,,5716998998.0,8007600293.0,5664304116.0,7277688440.0,7555317308.0,7524515946.0,9.53,23.66,226.94,10.68,28.71,214.27,11.64,35.38,180.95,,-28.61,,41.37
067990,도이치모터스,CFS,364701688410.0,276381885366.0,184388472275.0,789377161176.0,714718876946.0,479746528300.0,1140342989250.0,875203810205.0,769442729041.0,432474345771.0,395305914456.0,351769953755.0,2195954335686.0,1957078960881.0,1703307058226.0,42771890724.0,64842909912.0,56357845960.0,11365704080.0,38560030967.0,36709934716.0,2.63,263.68,46.2,9.75,221.4,38.67,10.44,218.73,38.43,12.21,-34.04,14.9,15.06
068050,팬엔터테인먼트,CFS,28203610779.0,38009382597.0,31954702516.0,26750935188.0,35562276849.0,31120959047.0,30238963684.0,44047033500.0,38706606504.0,80772598114.0,72358595734.0,72655934101.0,123810641441.0,25320813537.0,30404771218.0,4374570966.0,926964239.0,1493706141.0,7575647925.0,-622261774.0,4001012660.0,9.38,37.44,105.43,-0.86,60.87,106.88,5.51,53.27,102.68,388.97,371.92,-16.72,-37.94
068100,케이웨더,CFS,6696811596.0,7785584333.0,8216334853.0,3156895478.0,1586541587.0,7040092114.0,6353744128.0,5340536518.0,11669281146.0,8427716110.0,10797557211.0,5280623011.0,14688005816.0,17398754684.0,11728856090.0,-2468833010.0,768643625.0,210467803.0,-2436410266.0,708681523.0,-1402142802.0,-28.91,75.39,212.13,6.56,49.46,490.73,-26.55,220.98,116.71,-15.58,-421.19,48.34,265.21
068240,다원시스,CFS,351257299958.0,351616078260.0,401776375133.0,344609903584.0,376169405635.0,318700773140.0,454201097137.0,467395937130.0,408279235109.0,211184116550.0,205482096687.0,268296990169.0,357843609890.0,209188579520.0,295454156585.0,19270866071.0,-159266398763.0,-14491737838.0,2898651008.0,-151929556818.0,-18254959033.0,1.37,215.07,101.93,-73.94,227.46,93.47,-6.8,152.17,126.07,71.06,112.1,-29.2,-999.02
068330,일신바이오,CFS,46527707352.0,41175085077.0,38171311308.0,3444511426.0,4424566418.0,5950061665.0,3554043522.0,4631875252.0,6358789824.0,57063990371.0,53819218480.0,50080195961.0,16437046608.0,20433366777.0,24378935412.0,6214358152.0,5139860436.0,7337415805.0,6232490537.0,3815053907.0,5857552090.0,10.92,6.23,1350.78,7.09,8.61,930.6,11.7,12.7,641.53,-19.56,20.91,-16.18,-29.95
068760,셀트리온제약,CFS,364831000307.0,311917984745.0,331139865450.0,249345550155.0,211998455481.0,259914245498.0,264977832531.0,242938002116.0,305915566512.0,376665735603.0,356786547007.0,331968798908.0,388794335490.0,386039612595.0,398738209298.0,36070715954.0,38169582298.0,47797892085.0,21264988852.0,25959948294.0,34578715489.0,5.65,70.35,146.32,7.28,68.09,147.13,10.42,92.15,127.4,0.71,-5.5,-3.18,-20.14
068790,DMS,CFS,183901449609.0,276666474078.0,254321460179.0,114416255596.0,95424576474.0,134194460550.0,115113614308.0,96104848580.0,135689125629.0,356269031467.0,330229133479.0,284788993527.0,164525351844.0,317047865401.0,225393632210.0,28921463099.0,53542181519.0,32010203266.0,29309166938.0,32502031622.0,35211009511.0,8.23,32.31,160.73,9.84,29.1,289.93,12.36,47.65,189.52,-48.11,-45.98,40.66,67.27
068930,디지털대성,CFS,57631522418.0,51510944653.0,48232752450.0,66503727315.0,66630101781.0,61709550313.0,78851310352.0,80206389099.0,79531197554.0,168731322912.0,165147696303.0,153101544745.0,211548803002.0,210817584023.0,196904398152.0,25023413731.0,28384356792.0,25244242088.0,16994148544.0,21255393492.0,20037869006.0,10.07,46.73,86.66,12.87,48.57,77.31,13.09,51.95,78.16,0.35,-11.84,7.07,12.44
068940,셀피글로벌,CFS,21205073634.0,25606871622.0,31354820553.0,12636923176.0,16338378470.0,22130842802.0,14305660962.0,18700808030.0,32036668708.0,18629823105.0,19297882233.0,7888729655.0,34548050084.0,37586755718.0,27797305155.0,2059022012.0,484788964.0,-9893029563.0,234658557.0,2937701847.0,-12052605279.0,1.26,76.79,167.8,15.22,96.91,156.73,-152.78,406.11,141.68,-8.08,324.73,35.22,104.9
069080,웹젠,CFS,382363462297.0,366112107482.0,355238931980.0,72676037731.0,62738273288.0,96733374902.0,79165051927.0,72507694485.0,109353438828.0,623898768247.0,574359707496.0,505911241552.0,196290414665.0,242140239949.0,284782541747.0,49903098281.0,83005140896.0,102997236878.0,57568756475.0,72393876276.0,86850897264.0,9.23,12.69,526.12,12.6,12.62,583.55,17.17,21.62,367.24,-18.94,-39.88,-14.97,-19.41
069140,누리플랜,CFS,55546967559.0,79294889369.0,68011438323.0,82645662372.0,87611645189.0,62970496661.0,108944533140.0,111454132570.0,96598586843.0,42504678963.0,31022268851.0,39557881031.0,122181435860.0,131152943054.0,132796498222.0,-24645655286.0,-6062774385.0,3672363377.0,-28358003426.0,-8531560196.0,1023807479.0,-66.72,256.31,67.21,-27.5,359.27,90.51,2.59,244.2,108.01,-6.84,-306.51,-1.24,-265.09
069330,유아이디,CFS,16508341426.0,12571379004.0,10555387981.0,15744232439.0,13227548117.0,18603920816.0,24651900991.0,14245050066.0,18913084210.0,18827777140.0,22844572663.0,18049285155.0,52968921282.0,62484795893.0,73698612055.0,-325392074.0,3867134237.0,6023033337.0,-3308651536.0,3769614778.0,5073383561.0,-17.57,130.93,104.85,16.5,62.36,95.04,28.11,104.79,56.74,-15.23,-108.41,-15.22,-35.79
069410,엔텔스,CFS,45669735366.0,52476007974.0,54355655290.0,7702353252.0,12589549124.0,14588581951.0,8736592378.0,13895123618.0,14747706009.0,51142251319.0,52283631190.0,53058854500.0,44886674889.0,53582322397.0,57500385664.0,-3214254023.0,-395053828.0,2446137285.0,-1329871873.0,114745818.0,4176307619.0,-2.6,17.08,592.93,0.22,26.58,416.82,7.87,27.79,372.59,-16.23,-713.62,-6.81,-116.15
069510,에스텍,CFS,217614390316.0,205292395792.0,197512910961.0,105771005319.0,110247040296.0,118805104671.0,111996760858.0,114946830657.0,122658548613.0,155775482563.0,139489498952.0,126893864531.0,414594047319.0,468448513891.0,330654772310.0,24554774339.0,8722320295.0,-45928041253.0,21659965015.0,9536360575.0,-34836696526.0,13.9,71.9,205.74,6.84,82.41,186.21,-27.45,96.66,166.25,-11.5,181.52,41.67,118.99
069540,빛과전자,CFS,33500414627.0,57686557586.0,48438430118.0,19195088659.0,31182109825.0,16401934778.0,20705344881.0,34495413364.0,19744089081.0,49297428600.0,55273580632.0,53465282076.0,21694145951.0,52557973659.0,44140528668.0,-9353647216.0,1220278731.0,-4520145490.0,-19623249295.0,-717943763.0,-8484984496.0,-39.81,42.0,174.53,-1.3,62.41,185.0,-15.87,36.93,295.32,-58.72,-866.52,19.07,127.0
069920,엑시온그룹,CFS,36929346504.0,42730720050.0,63186758208.0,3199127416.0,4507670212.0,15751174806.0,3367775132.0,4667670212.0,18203048536.0,41838676469.0,57128679044.0,66294130354.0,4646744806.0,5475493823.0,9515109502.0,-11567051829.0,-12084881499.0,-7797477692.0,-15290002575.0,-11099128736.0,28441564359.0,-36.55,8.05,1154.36,-19.43,8.17,947.96,42.9,27.46,401.16,-15.14,4.28,-42.45,-54.98
070300,엑스큐어,CFS,27109131438.0,20039915505.0,19428120083.0,23180937530.0,1020229650.0,1887977809.0,24018143271.0,1487098049.0,2112666697.0,24930288834.0,24533006308.0,23522920924.0,34762870874.0,10275641565.0,11006593756.0,-118173951.0,324729576.0,458911527.0,-2787452493.0,890575255.0,1125355481.0,-11.18,96.34,116.95,3.63,6.06,1964.26,4.78,8.98,1029.04,238.3,-136.39,-6.64,-29.24
070590,인티큐브,CFS,17174368011.0,25186277383.0,32455629742.0,11021524189.0,14137590889.0,18248055876.0,13879529083.0,16550904014.0,20008711216.0,17147434509.0,23265038196.0,28786576445.0,41680901949.0,59146536247.0,59462033386.0,-6033030272.0,-3972562951.0,-243794041.0,-5868584413.0,-5805874289.0,156877035.0,-34.22,80.94,155.83,-24.96,71.14,178.15,0.54,69.51,177.86,-29.53,-51.87,-0.53,-1529.48
071200,인피니트헬스케어,CFS,140995218033.0,113219819323.0,111776296725.0,33222577487.0,28925113790.0,27272568399.0,40677328393.0,34671015122.0,30504822272.0,131349684417.0,114837079223.0,113297054010.0,89402766622.0,88286336638.0,78169939464.0,3087240567.0,7689443407.0,7417328410.0,16787517438.0,160928999.0,22638834767.0,12.78,30.97,424.4,0.14,30.19,391.42,19.98,26.92,409.85,1.26,-59.85,12.94,3.67
071280,로체시스템즈,CFS,77783250947.0,76727329474.0,70069386370.0,25148604500.0,27099678761.0,33749182461.0,25151419340.0,29299678761.0,39981813429.0,111629594572.0,104463453941.0,83567227514.0,105268915966.0,144576199490.0,110200154977.0,11926044601.0,26435799764.0,13317744743.0,8866161027.0,20251025219.0,9457161902.0,7.94,22.53,309.29,19.39,28.05,283.13,11.32,47.84,207.62,-27.19,-54.89,31.19,98.5
071670,에이테크솔루션,CFS,175835195008.0,146563267808.0,112078834668.0,171686405846.0,145780399939.0,112159700132.0,183341618969.0,159222585635.0,121382826013.0,86466087040.0,83511539734.0,78336045710.0,268503739331.0,249523034399.0,259943746099.0,3937259380.0,6463155024.0,6659448766.0,1358564860.0,4716060975.0,5589762311.0,1.57,212.04,102.42,5.65,190.66,100.54,7.14,154.95,99.93,7.61,-39.08,-4.01,-2.95
071850,캐스텍코리아,CFS,121269967655.0,138772668812.0,107584409354.0,139631685136.0,156636932417.0,137858424511.0,152993733460.0,167543247800.0,156418265669.0,73938725703.0,90335146121.0,95272336113.0,172901541864.0,182019080085.0,141243567304.0,-9205389585.0,-10763713221.0,-17614992211.0,-16101857829.0,-6180291122.0,-15325546707.0,-21.78,206.92,86.85,-6.84,185.47,88.6,-16.09,164.18,78.04,-5.01,14.48,28.87,38.89
072020,중앙백신,CFS,50561011341.0,39590156953.0,39843608229.0,12652854901.0,13312940676.0,14361172119.0,19788298776.0,19554133565.0,19976154349.0,99804215413.0,95304449445.0,92976021421.0,41867966000.0,39299158624.0,40913902571.0,6993692576.0,4282862471.0,4541344822.0,5998119686.0,4044456006.0,7601859488.0,6.01,19.83,399.6,4.24,20.52,297.38,8.18,21.49,277.44,6.54,63.29,-3.95,-5.69
072470,우리산업홀딩스,CFS,243604731412.0,193876339027.0,203975577169.0,243719051016.0,186474979253.0,138036882994.0,282337228973.0,216191613788.0,179806027846.0,196411418989.0,185637961574.0,222091086176.0,575273528400.0,495522375288.0,384335568467.0,21263010301.0,-19804367631.0,-2451690316.0,15174927692.0,-18306238008.0,-325424403.0,7.73,143.75,99.95,-9.86,116.46,103.97,-0.15,80.96,147.77,16.09,207.37,28.93,-707.78
072770,멤레이비티,CFS,97492586713.0,90172828962.0,58207873973.0,51502869390.0,54726566491.0,29830620350.0,73686972552.0,65397597719.0,36673936682.0,73018624674.0,57806415696.0,52055058415.0,89999273324.0,109581823524.0,90439385838.0,-2250906635.0,3240569592.0,2478952607.0,-9127435828.0,-93289913.0,2135672882.0,-12.5,100.92,189.3,-0.16,113.13,164.77,4.1,70.45,195.13,-17.87,-169.46,21.17,30.72
072870,메가스터디,CFS,137735997682.0,197118357878.0,176320894907.0,98643788912.0,42464379216.0,62299657134.0,144584044352.0,63248274790.0,87216810157.0,347991277683.0,340533947545.0,333151147469.0,107784882028.0,121600615468.0,133624054633.0,10359518258.0,12185701430.0,15896886462.0,20285736626.0,20472831472.0,29801075767.0,5.83,41.55,139.63,6.01,18.57,464.2,8.95,26.18,283.02,-11.36,-14.99,-9.0,-23.35
072950,빛샘전자,CFS,52871175489.0,51475967517.0,52197924234.0,9173764810.0,13350615070.0,14259046625.0,11528021594.0,15421105355.0,16557139472.0,71680145895.0,68097063575.0,66856614792.0,74104681649.0,93008781370.0,81783273565.0,3667606421.0,2517704911.0,4042477866.0,4110965601.0,2195696334.0,4189019993.0,5.74,16.08,576.33,3.22,22.65,385.57,6.27,24.77,366.07,-20.33,45.67,13.73,-37.72
072990,에이치시티,CFS,37003484120.0,35606736723.0,34011047536.0,39944688486.0,33439386599.0,26462327736.0,57346175798.0,56353183301.0,50906426197.0,83744359907.0,76219659511.0,69251988328.0,74110894233.0,67114744562.0,63270616346.0,8012436386.0,6458406430.0,11058214781.0,6206847837.0,5508704960.0,10491882568.0,7.41,68.48,92.64,7.23,73.94,106.48,15.15,73.51,128.53,10.42,24.06,6.08,-41.6
073010,케이에스피,CFS,44908971721.0,31844687243.0,25613446016.0,28675545110.0,23310521115.0,19012434140.0,29061253754.0,26366545034.0,23258725605.0,46260330106.0,34031333905.0,26199067861.0,81626661943.0,63668531914.0,43826656221.0,11838275252.0,3481311711.0,2021349171.0,12769190419.0,3963972702.0,2258519867.0,27.6,62.82,156.61,11.65,77.48,136.61,8.62,88.78,134.72,28.21,240.05,45.27,72.23
073110,엘엠에스,CFS,67210356024.0,127741207740.0,118128389325.0,57849981414.0,105085945894.0,98661302238.0,74478676352.0,132322986342.0,123416051944.0,82584343410.0,96626692580.0,103608352198.0,75763936341.0,98900190650.0,95727571590.0,-8603018728.0,1464924001.0,-6446806132.0,-13058262669.0,267235615.0,2051742165.0,-15.81,90.18,116.18,0.28,136.94,121.56,1.98,119.12,119.73,-23.39,-687.27,3.31,122.72
073190,듀오백,CFS,8091635167.0,9963862747.0,11263909176.0,7337100355.0,5595531619.0,4164651584.0,8326691557.0,6564801806.0,4470860107.0,16340893725.0,20571162162.0,24159831715.0,23744735677.0,31570718625.0,38648443901.0,-3946237673.0,-4222827583.0,-3243643895.0,-3773418125.0,-3665701750.0,-4061652097.0,-23.09,50.96,110.28,-17.82,31.91,178.07,-16.81,18.51,270.46,-24.79,6.55,-18.31,-30.19
073490,LIG아큐버,CFS,160541413488.0,132319869980.0,87909547423.0,50017726587.0,50676628137.0,20630789124.0,52960434774.0,54565835719.0,22350182426.0,165944317886.0,130907149662.0,118595819418.0,137371054434.0,132854144114.0,90668655852.0,10281601531.0,14339851562.0,13424767483.0,10841477092.0,13450729705.0,15161541742.0,6.53,31.91,320.97,10.28,41.68,261.11,12.78,18.85,426.11,3.4,-28.3,46.53,6.82
073540,에프알텍,CFS,33391714095.0,76143405944.0,12036839914.0,14491159727.0,44758857520.0,18228492595.0,20149102489.0,56573681993.0,32559068387.0,58433632874.0,56151426242.0,44220034983.0,24805176748.0,18648483465.0,21621261151.0,-501460799.0,-4486494279.0,-3043181177.0,2288831466.0,8054026250.0,233774491.0,3.92,34.48,230.43,14.34,100.75,170.12,0.53,73.63,66.03,33.01,88.82,-13.75,-47.43
073560,우리손에프앤지,CFS,195225926863.0,192329563390.0,189643987780.0,152069475545.0,169073964681.0,142850056380.0,224124455946.0,215288539162.0,193313595059.0,259778689633.0,261921342417.0,238677369590.0,279274037619.0,286864964322.0,253842256647.0,4633067463.0,28473151761.0,37977146616.0,1708959906.0,26506935993.0,28496842278.0,0.66,86.28,128.38,10.12,82.2,113.75,11.94,80.99,132.76,-2.65,-83.73,13.01,-25.03
073570,리튬포어스,CFS,92661095774.0,24777933283.0,37774232211.0,34564216753.0,34092881399.0,20328740589.0,40205008232.0,61564824488.0,21943048617.0,117324919386.0,185931113989.0,31686063364.0,15633542239.0,20721222981.0,17911455666.0,-6808746053.0,-3749508769.0,-5372811798.0,-182829935436.0,89591513030.0,-13258577969.0,-155.83,34.27,268.08,48.19,33.11,72.68,-41.84,69.25,185.82,-24.55,-81.59,15.69,30.21
073640,테라사이언스,CFS,38721243823.0,55602579725.0,66710351643.0,16200429947.0,25798067034.0,46150921351.0,18858009611.0,28521418086.0,48341147868.0,75595503369.0,55237888750.0,49372038605.0,23076476627.0,22809072889.0,21990446549.0,-3467292394.0,-918874962.0,-2123959766.0,-2852185664.0,5143545988.0,-3207957741.0,-3.77,24.95,239.01,9.31,51.63,215.53,-6.5,97.91,144.55,1.17,-277.34,3.72,56.74
074430,아미노로직스,CFS,45248837444.0,43569079908.0,38679493550.0,2667525390.0,3428598552.0,5381382095.0,3257060208.0,4178089491.0,5849408985.0,54411009074.0,51404094260.0,59393107798.0,20886622718.0,27336928096.0,22848959782.0,1462016016.0,7034645185.0,4103891652.0,2436162713.0,-7281655556.0,5359831439.0,4.48,5.99,1696.29,-14.17,8.13,1270.75,9.02,9.85,718.77,-23.6,-79.22,19.64,71.41
074600,원익QnC,CFS,367920377161.0,351908541684.0,245698455772.0,335725953377.0,241956732269.0,175395417016.0,866898414395.0,765842669140.0,443810532622.0,509604639380.0,469908152242.0,379794958647.0,805948142955.0,783178805875.0,624119007652.0,82983414760.0,115127050949.0,86750053571.0,50998911602.0,58239208581.0,62504561771.0,10.01,170.11,109.59,12.39,162.98,145.44,16.46,116.86,140.08,2.91,-27.92,25.49,32.71
075130,플랜티넷,CFS,39467439537.0,42135518066.0,35497967685.0,10623095157.0,10865881228.0,9267606716.0,13584146046.0,14045224805.0,12463114292.0,78309478833.0,77354933221.0,81708979593.0,33066451624.0,31385362362.0,28556417809.0,1271312159.0,1474583223.0,580493974.0,2386066846.0,-1709446131.0,8854685494.0,3.05,17.35,371.52,-2.21,18.16,387.78,10.84,15.25,383.03,5.36,-13.78,9.91,154.02
075970,동국알앤에스,CFS,67266337644.0,73464641933.0,64837938238.0,39998438073.0,44234443562.0,43160376431.0,45624063330.0,48860616540.0,50191531169.0,80714697916.0,82451597271.0,79854163674.0,108390541218.0,118181742675.0,104140900057.0,2084942034.0,4205681903.0,2770196728.0,679539151.0,3934490375.0,2963883889.0,0.84,56.53,168.17,4.77,59.26,166.08,3.71,62.85,150.23,-8.28,-50.43,13.48,51.82
076080,웰크론한텍,CFS,113788323332.0,156520398772.0,95588368969.0,85314365445.0,135134709507.0,54784363594.0,87188033446.0,136197837718.0,64214368694.0,63794143187.0,64734851755.0,66940938026.0,333203378938.0,326740331841.0,269161115700.0,1224035352.0,1351212213.0,-249884219.0,-4607406315.0,-2580955852.0,-69627195.0,-7.22,136.67,133.38,-3.99,210.39,115.83,-0.1,95.93,174.48,1.98,-9.41,21.39,640.74
076610,해성옵틱스,CFS,52256282300.0,36478243625.0,70529362628.0,55801383536.0,37736215147.0,53430348122.0,72680221092.0,41260328999.0,53851628160.0,43421082080.0,36526301529.0,45595373359.0,121168837228.0,163806220242.0,140844995312.0,3992341370.0,-5119277444.0,-11443942023.0,-2139561015.0,-17374331464.0,-42108333665.0,-4.93,167.38,93.65,-47.57,112.96,96.67,-92.35,118.11,132.0,-26.03,177.99,16.3,55.27
077360,덕산하이메탈,CFS,196299813053.0,109546796516.0,81703654802.0,101413771200.0,48874446061.0,37578116776.0,320775491815.0,59414728372.0,51242434773.0,421359744194.0,304123915253.0,272426758380.0,144452975904.0,164401247778.0,86341685117.0,-10965930533.0,-3724972959.0,5257789567.0,3326072521.0,6104855689.0,31734264931.0,0.79,76.13,193.56,2.01,19.54,224.14,11.65,18.81,217.42,-12.13,-194.39,90.41,-170.85
078020,LS증권,CFS,,,,,,,6851763331999.0,5250382412000.0,6003552338083.0,935420573720.0,919537257399.0,928380240792.0,1322207670950.0,1348600743673.0,1544545436005.0,,,,28660804236.0,29709033982.0,160829586520.0,3.06,732.48,,3.23,570.98,,17.32,646.67,,-1.96,,-12.69,
078070,유비쿼스홀딩스,CFS,292339658115.0,262051117877.0,246052738517.0,35593151622.0,33697843634.0,38623967282.0,44783269099.0,41396348919.0,45815966176.0,346721259310.0,323518740132.0,306566590858.0,171599705010.0,151583235829.0,150995968469.0,32598433001.0,27409294612.0,32924692468.0,29037154778.0,26781128940.0,37012848882.0,8.37,12.92,821.34,8.28,12.8,777.65,12.07,14.94,637.05,13.2,18.93,0.39,-16.75
078130,국일제지,CFS,143306014889.0,48594632471.0,55890101219.0,75935943748.0,61248692532.0,54332191913.0,87075753737.0,81889635739.0,73386346414.0,137741720002.0,49007318825.0,67722856890.0,80712561700.0,112499512605.0,95450777784.0,-7440382730.0,-11050253296.0,-6274654866.0,-21279286741.0,-18540141851.0,-8235569552.0,-15.45,63.22,188.72,-37.83,167.1,79.34,-12.16,108.36,102.87,-28.26,32.67,17.86,-76.11
078140,대봉엘에스,CFS,113183602566.0,130218025434.0,100230202454.0,40850681748.0,34838634923.0,18572383863.0,41693560002.0,37696424216.0,25708483805.0,153226362940.0,148440479978.0,137529012787.0,87622205173.0,93504353114.0,82957177173.0,3800763406.0,8174396525.0,9685603580.0,6181779860.0,11793863338.0,10041827934.0,4.03,27.21,277.07,7.95,25.39,373.77,7.3,18.69,539.67,-6.29,-53.5,12.71,-15.6
078150,HB테크놀러지,CFS,104701870000.0,83657858910.0,106088528601.0,63593118905.0,70281619326.0,40383083218.0,92959340373.0,102973008657.0,98450624931.0,311282170884.0,206229408153.0,180503790034.0,111647444745.0,148054514258.0,158891163240.0,-22063146792.0,6859430052.0,-22453000633.0,79299801033.0,27209250902.0,9331405462.0,25.48,29.86,164.64,13.19,49.93,119.03,5.17,54.54,262.71,-24.59,-421.65,-6.82,130.55
078160,메디포스트,CFS,193511415828.0,151810654877.0,81079602428.0,63321097480.0,154588011920.0,41395264356.0,135735223440.0,215213128830.0,91900308386.0,313657362619.0,182577774157.0,162193430208.0,68642987374.0,64200627638.0,54856207358.0,-25130694461.0,-17416421411.0,-5210702255.0,4950616137.0,2105569273.0,-966419067.0,1.58,43.27,305.6,1.15,117.87,98.2,-0.6,56.66,195.87,6.92,-44.29,17.03,-234.24
078340,컴투스,CFS,448621042469.0,597580860207.0,644908681594.0,346002349909.0,320098801943.0,175250887329.0,479246437694.0,576012278314.0,445864299550.0,1236766084088.0,1322833809169.0,1403428613817.0,739638721494.0,677312281269.0,558680670101.0,-33190425674.0,-15118046908.0,52622753512.0,42091849090.0,-9324717900.0,121537267341.0,3.4,38.75,129.66,-0.7,43.54,186.69,8.66,31.77,367.99,9.2,-119.54,21.23,-128.73
078350,한양디지텍,CFS,123780592409.0,120980226278.0,90327565130.0,109437269203.0,101499220870.0,78795150000.0,117793832373.0,111888104944.0,84155607924.0,133188166081.0,121858465757.0,83994795327.0,478837673371.0,484769790412.0,303399341636.0,19096846275.0,52822812634.0,30015790316.0,12640873336.0,37180356466.0,24243410420.0,9.49,88.44,113.11,30.51,91.82,119.19,28.86,100.19,114.64,-1.22,-63.85,59.78,75.98
078590,휴림에이텍,CFS,32915838292.0,34297023550.0,18221467591.0,9745706123.0,7377277725.0,10661313943.0,10771637873.0,9326067927.0,14323283170.0,43420174591.0,34696259252.0,16691906111.0,63663274097.0,43538763389.0,42609779117.0,4814018015.0,2588627982.0,1377704443.0,8202050323.0,9733818592.0,-86700569685.0,18.89,24.81,337.75,28.05,26.88,464.9,-519.42,85.81,170.91,46.22,85.97,2.18,87.89
078600,대주전자재료,CFS,112826280950.0,128041011549.0,116634646697.0,246992902265.0,195973478515.0,80529391692.0,256530037596.0,207199235333.0,166476198434.0,156880996885.0,120689685872.0,131911023266.0,184988881822.0,174098407326.0,198707699319.0,6208941102.0,11970916445.0,17596082568.0,628120911.0,797710887.0,22969305215.0,0.4,163.52,45.68,0.66,171.68,65.34,17.41,126.2,144.83,6.26,-48.13,-12.38,-31.97
078860,아이오케이이엔엠,CFS,25256963700.0,30727266896.0,77611083670.0,33976386632.0,35315278259.0,14387172446.0,35323314009.0,37410200900.0,15100544612.0,76651100406.0,98280760903.0,151406468132.0,22401905047.0,18966224254.0,21391218524.0,-7673728875.0,-10813506356.0,-8340657905.0,-21648765344.0,-58390933815.0,-36108285938.0,-28.24,46.08,74.34,-59.41,38.06,87.01,-23.85,9.97,539.45,18.11,29.04,-11.34,-29.65
078890,가온그룹,CFS,428041636503.0,384532696851.0,341178900012.0,269715911208.0,213242793024.0,199324744318.0,315920374330.0,244055437441.0,200681768277.0,172286797000.0,188078089347.0,182723074737.0,536374631144.0,611235272392.0,533118640853.0,-18858458417.0,14355003664.0,28380970996.0,-18630121481.0,11028897728.0,18805853948.0,-10.81,183.37,158.7,5.86,129.76,180.33,10.29,109.83,171.17,-12.25,-231.37,14.65,-49.42
079000,와토스코리아,CFS,66602400129.0,65094030058.0,57778700605.0,2773038642.0,3545439256.0,3417499121.0,4135990882.0,4912856917.0,4535304225.0,79281396639.0,77902907416.0,73993874409.0,17677716367.0,19511073058.0,20027004133.0,-90314143.0,136819436.0,404889549.0,2666638908.0,5312081247.0,1421423465.0,3.36,5.22,2401.78,6.82,6.31,1835.99,1.92,6.13,1690.67,-9.4,-166.01,-2.58,-66.21
079170,한창산업,CFS,57964356785.0,47817464438.0,40907532100.0,17388298329.0,6009804374.0,4186501686.0,23723917113.0,13254261820.0,11111074426.0,61794496160.0,61805619670.0,56304207370.0,66951087089.0,99300011205.0,73739923344.0,1568850912.0,7107463717.0,3245497259.0,1554356985.0,6120358014.0,3972386920.0,2.52,38.39,333.35,9.9,21.45,795.66,7.06,19.73,977.13,-32.58,-77.93,34.66,118.99
079190,케스피온,CFS,29691601737.0,21081268319.0,24998018003.0,11730311300.0,26484980163.0,26700299219.0,15679894142.0,36235633510.0,34933572133.0,23058426372.0,15420780390.0,24239566696.0,63213111684.0,55573936751.0,38949658749.0,1070684499.0,-3782785329.0,-4040784840.0,2724899265.0,-10857357220.0,-2916178515.0,11.82,68.0,253.12,-70.41,234.98,79.6,-12.03,144.12,93.62,13.75,128.3,42.68,6.38
079370,제우스,CFS,427647885524.0,419997516124.0,328348628386.0,209325757639.0,252189365519.0,226693792542.0,278560587783.0,333093942851.0,279416430382.0,343135608736.0,279163380393.0,250322181888.0,402871359940.0,509015893148.0,400762249538.0,7144645762.0,46299494647.0,24914149736.0,10025149672.0,35211362358.0,16258183010.0,2.92,81.18,204.3,12.61,119.32,166.54,6.49,111.62,144.84,-20.85,-84.57,27.01,85.84
079650,서산,CFS,83099449220.0,79110881120.0,78308997203.0,7118458897.0,6774847133.0,9796593533.0,7600380823.0,6872284734.0,10313169106.0,106318584145.0,104758793793.0,102822951168.0,41252744468.0,49163419144.0,,-1576866107.0,-490722601.0,,1534293585.0,1260451886.0,,1.44,7.15,1167.38,1.2,6.56,1167.71,,10.03,799.35,-16.09,-221.34,,
079810,APS이노베이션,CFS,177961839469.0,49011644615.0,30373714806.0,83164250391.0,57279507315.0,23385029436.0,89255104736.0,65599289243.0,33639258455.0,145331798494.0,23452677033.0,26228093740.0,127353695998.0,50156594629.0,42257960103.0,1747811023.0,-4537959489.0,1191452041.0,1014837778.0,-5573784693.0,909175117.0,0.7,61.41,213.99,-23.77,279.71,85.57,3.47,128.26,129.89,153.91,138.52,18.69,-480.88
079940,가비아,CFS,217800223679.0,204914878801.0,155727188807.0,90931011362.0,73461222530.0,58783389703.0,170914794592.0,125577658253.0,98368306710.0,291751442268.0,242745470233.0,204589577336.0,261590696584.0,239153945319.0,199463114810.0,42602627160.0,41205974132.0,33630472476.0,34640454389.0,41594514256.0,24998708890.0,11.87,58.58,239.52,17.14,51.73,278.94,12.22,48.08,264.92,9.38,3.39,19.9,22.53
079950,인베니아,CFS,35260980040.0,60874912528.0,84845153407.0,45158705203.0,54860214076.0,83133725515.0,52841080412.0,61229197090.0,88006869373.0,34852993958.0,52457591184.0,53835868659.0,22697492921.0,56861987347.0,134316870549.0,-14143409167.0,-12684287628.0,9277755360.0,-17484959629.0,-1013728422.0,12371141762.0,-50.17,151.61,78.08,-1.93,116.72,110.96,22.98,163.47,102.06,-60.08,-11.5,-57.67,-236.72
079960,동양이엔피,CFS,271581309757.0,244774976261.0,216317205037.0,81143954821.0,90534481517.0,78945124795.0,98050118825.0,107463994146.0,93868723621.0,326233811455.0,278661793342.0,262596526938.0,536914173334.0,559811298016.0,519420958620.0,42958412627.0,27751409294.0,14817419407.0,46963597785.0,22957023437.0,17711477074.0,14.4,30.06,334.69,8.24,38.56,270.37,6.74,35.75,274.01,-4.09,54.8,7.78,87.29
079970,투비소프트,CFS,51303643002.0,76885223229.0,53580213150.0,45110609070.0,51013993221.0,43244200118.0,46857118461.0,60089953861.0,48971816120.0,34767307863.0,44962925361.0,33093214324.0,43016191966.0,43214170891.0,37795433501.0,-3482953259.0,-3788338061.0,-6167531858.0,-16671310991.0,-15660632347.0,-16717018022.0,-47.95,134.77,113.73,-34.83,133.64,150.71,-50.51,147.98,123.9,-0.46,8.06,14.34,38.58
080010,이상네트웍스,CFS,77546021987.0,61615508349.0,61354470714.0,22434620049.0,25312183928.0,21572082837.0,35182446106.0,38345879438.0,36411546683.0,145158023694.0,125793434038.0,117573965353.0,82291210125.0,69962205388.0,57155970394.0,15142638295.0,13301535533.0,10075774846.0,8314837916.0,11918948044.0,7640460924.0,5.73,24.24,345.65,9.48,30.48,243.42,6.5,30.97,284.42,17.62,13.84,22.41,32.02
080160,모두투어,CFS,229193748075.0,109997230401.0,89067300413.0,173521119112.0,177745962942.0,109277448438.0,199635181643.0,181424287647.0,156517321654.0,99526283610.0,88980831662.0,101697132966.0,178584867440.0,29449596995.0,3740124487.0,11557464055.0,-22104274713.0,-22997574923.0,13187601474.0,-12040997510.0,18492670499.0,13.25,200.59,132.08,-13.53,203.89,61.88,18.18,153.91,81.51,506.41,152.29,687.4,3.88
080220,제주반도체,CFS,152547922968.0,129143684068.0,114576801922.0,37603017368.0,31957699666.0,45712512004.0,40104977649.0,33296879479.0,50856121687.0,158568405147.0,142701993193.0,117098919409.0,145899793599.0,158258062887.0,176599277559.0,17838425308.0,26316133964.0,18848017337.0,16919765330.0,24706325265.0,12801281459.0,10.67,25.29,405.68,17.31,23.33,404.11,10.93,43.43,250.65,-7.81,-32.21,-10.39,39.62
080420,모다이노칩,CFS,250460982500.0,253312787446.0,232024855175.0,425957845249.0,371935331283.0,305363117493.0,615418500849.0,629323099794.0,575527026448.0,368293318676.0,378329359016.0,377163010039.0,390033884588.0,411288014985.0,399500954687.0,16227308107.0,23150739615.0,30151833641.0,-9848998086.0,-370017942.0,11234208899.0,-2.67,167.1,58.8,-0.1,166.34,68.11,2.98,152.59,75.98,-5.17,-29.91,2.95,-23.22
080470,성창오토텍,CFS,71799176982.0,61248210063.0,55030701911.0,81255422930.0,59272667913.0,54654988673.0,104916360119.0,74973286775.0,69760122840.0,54138024788.0,48905468196.0,45608419311.0,169274188884.0,184784543631.0,144578592423.0,4058130289.0,6954638923.0,4490823922.0,6394278884.0,2581561348.0,4561479062.0,11.81,193.79,88.36,5.28,153.3,103.33,10.0,152.95,100.69,-8.39,-41.65,27.81,54.86
080520,오디텍,CFS,65884581202.0,68501538028.0,73405737394.0,14009732610.0,11727777859.0,8087894857.0,15002203919.0,12092344928.0,17662589700.0,123035390142.0,123478677724.0,127781121232.0,34964165951.0,40389289878.0,46897937751.0,-4252771289.0,-3371639793.0,2634637726.0,2950848792.0,-4054767542.0,4104485697.0,2.4,12.19,470.28,-3.28,9.79,584.1,3.21,13.82,907.6,-13.43,-26.13,-13.88,-227.97
080530,코디,CFS,28517433353.0,19692637351.0,31003565180.0,10044114630.0,32210238330.0,7956564204.0,38358390903.0,35805910958.0,31945826029.0,25506312864.0,24141742225.0,36693812629.0,79243448771.0,55200192117.0,49250446536.0,-772367784.0,-5199913119.0,-2181876430.0,-6216049943.0,-12955280124.0,-7330903756.0,-24.37,150.39,283.92,-53.66,148.32,61.14,-19.98,87.06,389.66,43.56,85.15,12.08,-138.32
080580,오킨스전자,CFS,41804891237.0,33880639208.0,35781076244.0,29453420888.0,37553390983.0,23506148697.0,55536544019.0,49585907833.0,41716087259.0,35961436325.0,32973527900.0,35671971454.0,56850074934.0,64176500340.0,59303792764.0,374277956.0,2609217138.0,2579711532.0,1050590618.0,3008466956.0,1686083223.0,2.92,154.43,141.94,9.12,150.38,90.22,4.73,116.94,152.22,-11.42,-85.66,8.22,1.14
080720,한국유니온제약,CFS,49682549878.0,54569920468.0,58782153184.0,59009458425.0,58992210027.0,44477491455.0,64101317609.0,63910476451.0,66703088930.0,30323978638.0,48612287124.0,52340903595.0,63169009710.0,61293490389.0,48303582549.0,-5232981270.0,1271423011.0,-10614555225.0,-18156298294.0,-932022078.0,-11109450142.0,-59.87,211.39,84.19,-1.92,131.47,92.5,-21.23,127.44,132.16,3.06,-511.58,26.89,111.98
081150,티플랙스,CFS,108922626352.0,110394312810.0,84413497006.0,60015521421.0,57334845486.0,42783880242.0,77338769351.0,79035045549.0,64329164228.0,157685266832.0,158892677083.0,144888401417.0,251061348197.0,257740285760.0,189544183775.0,-1532496395.0,21294823441.0,16821458054.0,-2234754466.0,15648186653.0,10431503924.0,-1.42,49.05,181.49,9.85,49.74,192.54,7.2,44.4,197.3,-2.59,-107.2,35.98,26.59
081180,쎄크,,,,,,,,,,,,,,,,,,,,,,,,,,,,,,,,,,,
081580,성우전자,CFS,67209779825.0,80676955788.0,76388079679.0,34876488060.0,39136142986.0,34511872547.0,42058416435.0,50715523007.0,45308825793.0,107641500379.0,109551430789.0,107483056432.0,149212401734.0,165924786547.0,143583265928.0,-4460396786.0,2805113897.0,980570643.0,-490479253.0,3298790395.0,5475238167.0,-0.46,39.07,192.71,3.01,46.29,206.14,5.09,42.15,221.34,-10.07,-259.01,15.56,186.07
082210,옵트론텍,CFS,99954600779.0,80943820601.0,111804592872.0,205314317325.0,233170473481.0,187956655340.0,217019350807.0,241616607113.0,226552940542.0,35400353122.0,30440676631.0,107899242941.0,232096085057.0,198227684661.0,200898005930.0,14995293004.0,-49472326092.0,-5025111268.0,8733064705.0,-78272901502.0,-2575242340.0,24.67,613.04,48.68,-257.13,793.73,34.71,-2.39,209.97,59.48,17.09,130.31,-1.33,-884.5
082270,젬백스,CFS,33730789998.0,60136300936.0,52612382952.0,25989082637.0,15824358744.0,16139965989.0,27134775003.0,16791610787.0,18351938260.0,115985719360.0,135551453175.0,164057366236.0,72208573285.0,75804115614.0,60370607820.0,-7868210684.0,-3945420701.0,-3628359407.0,-27176637525.0,-19603750133.0,12057889957.0,-23.43,23.39,129.79,-14.46,12.39,380.02,7.35,11.19,325.98,-4.74,-99.43,25.56,-8.74
082660,코스나인,CFS,23522129536.0,16484925589.0,24473284539.0,17105237138.0,23846650768.0,27038616430.0,17442563836.0,24767752494.0,29732312998.0,34666123728.0,23391974425.0,22518274113.0,9608034644.0,8998368517.0,12544990249.0,-6528555949.0,-7693778357.0,-5263239989.0,-5878202869.0,-10767929003.0,-17039623606.0,-16.96,50.32,137.51,-46.03,105.88,69.13,-75.67,132.04,90.51,6.78,15.14,-28.27,-46.18
082800,비보존 제약,CFS,45138325321.0,47561761933.0,96333115977.0,64778543608.0,79261202473.0,89023314350.0,69579685034.0,83608554279.0,107928373849.0,104067052073.0,103465834941.0,86542321574.0,71317790873.0,51564307027.0,57559898921.0,2585441663.0,-5436627572.0,-17597526591.0,-3357006376.0,-40677364204.0,-71015137218.0,-3.23,66.86,69.68,-39.31,80.81,60.01,-82.06,124.71,108.21,38.31,147.56,-10.42,69.11
082850,우리바이오,CFS,452664450711.0,412972558908.0,498980686374.0,317144498114.0,304306831427.0,425438805902.0,334437555341.0,332208561065.0,464894163232.0,251102846685.0,226728721696.0,199436755651.0,1263943782342.0,1355056482797.0,1543311500722.0,25996237350.0,34383109721.0,42831912045.0,18946395938.0,25126218107.0,44041475812.0,7.55,133.19,142.73,11.08,146.52,135.71,22.08,233.1,117.29,-6.72,-24.39,-12.2,-19.73
082920,비츠로셀,CFS,170255758871.0,145305922935.0,117630159530.0,22357010305.0,49103607676.0,35514054461.0,24544935080.0,51477370738.0,39504964163.0,231746217967.0,185704149895.0,166742239773.0,176220480964.0,140980940372.0,113249924593.0,37690323911.0,28825464743.0,17422339204.0,36054568905.0,23111882465.0,17021473137.0,15.56,10.59,761.53,12.45,27.72,295.92,10.21,23.69,331.22,25.0,30.75,24.49,65.45
083310,엘오티베큠,CFS,226105050063.0,185646939886.0,149603091959.0,98632098259.0,97359755426.0,60901916485.0,107944601183.0,112151613541.0,70438906928.0,260115210812.0,211522202200.0,193364364863.0,473028421100.0,374197462933.0,259596872143.0,67151350020.0,29819849955.0,26361892393.0,50291025533.0,22075762514.0,20697118455.0,19.33,41.5,229.24,10.44,53.02,190.68,10.7,36.43,245.65,26.41,125.19,44.15,13.12
083450,GST,CFS,183765737893.0,178862203312.0,142215175118.0,40415843527.0,43245956020.0,50358905379.0,46679663926.0,50483188213.0,54879817695.0,233100798715.0,201348272807.0,151363606820.0,279215395450.0,312847806399.0,304487495915.0,42538138186.0,56941198199.0,46406987615.0,36937263561.0,47601992003.0,38970170642.0,15.85,20.03,454.69,23.64,25.07,413.59,25.75,36.26,282.4,-10.75,-25.29,2.75,22.7
083470,이엠앤아이,CFS,14086346437.0,13734051994.0,11997115029.0,7068667523.0,6616562609.0,10262005978.0,7959007585.0,7113488072.0,10549694773.0,13714881872.0,12484625728.0,7031312831.0,26311911772.0,34472979660.0,24059028591.0,-1290663885.0,688619290.0,-596354306.0,-386667305.0,-122437316.0,-1568386424.0,-2.82,58.03,199.28,-0.98,56.98,207.57,-22.31,150.04,116.91,-23.67,-287.43,43.29,215.47
083500,에프엔에스테크,CFS,45094981365.0,28321931045.0,36225746871.0,33456916821.0,15996617236.0,20581093699.0,43447030049.0,28379947419.0,39303546931.0,65150598998.0,63986438611.0,60489678345.0,38883827391.0,67642003556.0,66085795000.0,2282069656.0,5815829219.0,2356433619.0,1439084726.0,4049584294.0,930878486.0,2.21,66.69,134.79,6.33,44.35,177.05,1.54,64.98,176.01,-42.52,-60.76,2.35,146.81
083550,케이엠,CFS,78572069879.0,94497673402.0,93010022234.0,40898457295.0,42648822849.0,41667582430.0,46894394681.0,51753573078.0,54363647216.0,127903008806.0,133012826776.0,125588728434.0,127779372841.0,151648508473.0,143246155935.0,-7742068380.0,6915810542.0,8317785507.0,-3658022973.0,7690467522.0,7419893953.0,-2.86,36.66,192.11,5.78,38.91,221.57,5.91,43.29,223.22,-15.74,-211.95,5.87,-16.86
083640,인콘,CFS,47194892367.0,74935161289.0,51412383786.0,6782494342.0,18175202416.0,22370813180.0,9217538064.0,20886839368.0,22863824249.0,83150517148.0,107392714567.0,90046268345.0,63428790860.0,55309108266.0,56485578759.0,2556841276.0,1060869191.0,-3266437400.0,-31584160352.0,3550021427.0,-1876239941.0,-37.98,11.09,695.83,3.31,19.45,412.29,-2.08,25.39,229.82,14.68,141.01,-2.08,132.48
083650,비에이치아이,CFS,188080477207.0,202231017437.0,135163000368.0,321135148953.0,309895251954.0,249756301739.0,351746541706.0,399835782572.0,325836039640.0,73702999852.0,49538551747.0,64403192696.0,367399208640.0,330197109400.0,234883716342.0,15086698166.0,8108054114.0,-30610880045.0,7463782053.0,-19117755790.0,-34587106118.0,10.13,477.25,58.57,-38.59,807.12,65.26,-53.7,505.93,54.12,11.27,86.07,40.58,126.49
083660,CSA 코스믹,CFS,35832739057.0,27371297481.0,36645352754.0,20388658138.0,30732588148.0,30025841139.0,20989869458.0,31710202105.0,31926357144.0,21305211484.0,2913834201.0,14251332515.0,44586544406.0,61199059267.0,60297016695.0,-5907776504.0,-9265722999.0,1999698281.0,-6602745124.0,-12252148637.0,-393070577.0,-30.99,98.52,175.75,-420.48,1088.26,89.06,-2.76,224.02,122.05,-27.15,36.24,1.5,-563.36
083790,CG인바이츠,CFS,56651954130.0,98853917480.0,144965453463.0,55547658800.0,80836746175.0,66513390354.0,97822548338.0,129190035455.0,118300626728.0,145292993240.0,193423028183.0,214626183247.0,4878663471.0,4321329651.0,42376294297.0,-30912972988.0,-23046289720.0,-5050083361.0,-50041783082.0,-25568275560.0,-18340448280.0,-34.44,67.33,101.99,-13.22,66.79,122.29,-8.55,55.12,217.95,12.9,-34.13,-89.8,-356.35
083930,아바코,CFS,252202451770.0,194164687421.0,193344997017.0,155323226077.0,107276092531.0,104915544596.0,160754093554.0,109629847675.0,107262479951.0,184176568475.0,168806346781.0,156486335554.0,186852149260.0,217264065504.0,179808229406.0,4408460446.0,13571251704.0,9810452690.0,4257020941.0,18105724498.0,12536848757.0,2.31,87.28,162.37,10.73,64.94,181.0,8.01,68.54,184.29,-14.0,-67.52,20.83,38.33
084110,휴온스글로벌,CFS,591195517819.0,611225979949.0,618519429354.0,301139639915.0,367562228300.0,347001250822.0,407287216717.0,457233625951.0,432627247486.0,910677183193.0,785875593850.0,851120463935.0,758379660587.0,664364718200.0,574647694739.0,113949992836.0,86475529116.0,74301891633.0,92628240412.0,-33463130894.0,32070878938.0,10.17,44.72,196.32,-4.26,58.18,166.29,3.77,50.83,178.25,14.15,31.77,15.61,16.38
084180,수성웹툰,CFS,59724731045.0,47827012095.0,38798740472.0,62464025376.0,45482603061.0,31176778533.0,72434715483.0,48645637196.0,55553033771.0,76900637669.0,50135765847.0,37720899819.0,41276921129.0,52344332244.0,37026545168.0,-4094670678.0,-4322058163.0,-333999937.0,-9029101982.0,-6739813032.0,-10709263260.0,-11.74,94.19,95.61,-13.44,97.03,105.15,-28.39,147.27,124.45,-21.14,5.26,41.37,-1194.03
084370,유진테크,CFS,299911803748.0,297304073244.0,240979230283.0,56762313792.0,77570179279.0,61800466412.0,68514428187.0,87311770380.0,72151255240.0,368475409140.0,346702038418.0,310740586788.0,276533350776.0,310632917779.0,324575857261.0,24325728964.0,53640954367.0,73911986136.0,25397015593.0,42595162228.0,63193771953.0,6.89,18.59,528.36,12.29,25.18,383.27,20.34,23.22,389.93,-10.98,-54.65,-4.3,-27.43
084440,유비온,CFS,15066050107.0,10819562289.0,7136080955.0,13347501447.0,13997921354.0,10852339616.0,13635133255.0,14449534989.0,11946827478.0,9194480249.0,4377982495.0,2225227009.0,31831832251.0,31461108081.0,28067132003.0,385118878.0,2344664758.0,1724098342.0,-601260006.0,2150767807.0,1441309387.0,-6.54,148.3,112.88,49.13,330.05,77.29,64.77,536.88,65.76,1.18,-83.57,12.09,35.99
084650,랩지노믹스,CFS,160378416177.0,174482683213.0,170930673192.0,65054918731.0,19895506360.0,40683093339.0,85314336888.0,40142378194.0,45865313404.0,228142698615.0,210510338830.0,158421278132.0,73126594647.0,144772745632.0,202407363611.0,-6794086299.0,66205859914.0,104518298192.0,-5245806989.0,47925960228.0,83854993826.0,-2.3,37.4,246.53,22.77,19.07,877.0,52.93,28.95,420.15,-49.49,-110.26,-28.47,-36.66
084730,팅크웨어,CFS,275677085253.0,231723488991.0,190941799430.0,176907076572.0,133483650738.0,116247807366.0,187045799307.0,163431290871.0,120687881632.0,209290271582.0,184569492797.0,164890724978.0,420618988206.0,336709080088.0,225386525806.0,35436036530.0,4462159936.0,12482115142.0,24578921470.0,4514397728.0,7113246532.0,11.74,89.37,155.83,2.45,88.55,173.6,4.31,73.19,164.25,24.92,694.15,49.39,-64.25
084850,아이티엠반도체,CFS,227475558221.0,248697841590.0,263382561071.0,371737064490.0,374478519330.0,286883539668.0,414122152182.0,456973303715.0,348722121337.0,186237883100.0,197780858231.0,258112023650.0,580535283001.0,633477432853.0,512507433346.0,-14879697539.0,-16157288816.0,5365515411.0,-33001895879.0,-21340469698.0,6250222385.0,-17.72,222.36,61.19,-10.79,231.05,66.41,2.42,135.1,91.81,-8.36,7.91,23.6,-401.13
084990,헬릭스미스,CFS,147730292018.0,109211228413.0,164001196675.0,71599392932.0,33196191207.0,35835033780.0,73557534707.0,37583550701.0,57368412918.0,153721752635.0,216478275323.0,225132505943.0,4201622674.0,2799607474.0,2316243855.0,-35245452809.0,-52579212448.0,-48518323592.0,-64180411041.0,-43064614533.0,-52648378043.0,-41.75,47.85,206.33,-19.89,17.36,328.99,-23.39,25.48,457.66,50.08,32.97,20.87,-8.37
085660,차바이오텍,CFS,538221938715.0,520266602078.0,576915742465.0,646170685315.0,477748000923.0,421538231528.0,1069236413865.0,955071931840.0,742012787468.0,656333969528.0,651936327502.0,793112271075.0,953951423132.0,844582867317.0,727476086769.0,-9567468724.0,-47076070730.0,7712977339.0,-5559913651.0,-69659072395.0,-21843533305.0,-0.85,162.91,83.29,-10.68,146.5,108.9,-2.75,93.56,136.86,12.95,79.68,16.1,-710.35
085670,뉴프렉스,CFS,70894324990.0,75701960164.0,66733528255.0,80842884248.0,98937561349.0,102634241207.0,88935086229.0,108340504765.0,112313370098.0,73123882467.0,66762467982.0,52329866126.0,195106479561.0,260296708056.0,171664202136.0,10326596687.0,17899112577.0,1536000753.0,6786904308.0,14412228454.0,2645778528.0,9.28,121.62,87.69,21.59,162.28,76.51,5.06,214.63,65.02,-25.04,-42.31,51.63,1065.31
085810,알티캐스트,CFS,10325095091.0,9873584189.0,33804118945.0,13132945298.0,12683540646.0,6932839027.0,29593556326.0,22875308644.0,18427776167.0,20592540436.0,47085945910.0,64747738231.0,,,,-6275764600.0,-8888502707.0,2752237425.0,-26508742613.0,-18134983249.0,-4911074781.0,-128.73,143.71,78.62,-38.51,48.58,77.85,-7.58,28.46,487.59,,29.39,,-422.96
085910,네오티스,CFS,62891658512.0,74035142541.0,67293874552.0,53817603175.0,63416280982.0,54934111807.0,59700691913.0,66832892775.0,69814766703.0,71402819371.0,77934212170.0,74156890824.0,58471916067.0,80372128697.0,65982605251.0,-741768503.0,11682036856.0,9651549182.0,-3309148318.0,6717066021.0,7719107805.0,-4.63,83.61,116.86,8.62,85.76,116.74,10.41,94.14,122.5,-27.25,-106.35,21.81,21.04
086040,바이오톡스텍,CFS,64692236364.0,49129837510.0,37746103468.0,75118525473.0,59527934760.0,45776626840.0,98801411149.0,81333510340.0,48891533499.0,48234830494.0,44366867016.0,41849361472.0,32630975729.0,37291741895.0,32717393081.0,-8187050049.0,800048038.0,4631726834.0,-8950335753.0,1511670222.0,6979793252.0,-18.56,204.83,86.12,3.41,183.32,82.53,16.68,116.83,82.46,-12.5,-1123.32,13.98,-82.73
086060,진바이오텍,CFS,49281216346.0,46269472620.0,42175436774.0,14513176989.0,15920095311.0,14138518611.0,17712144989.0,18314887311.0,16422574611.0,48304747597.0,45726044279.0,43945205999.0,79476916086.0,82758506105.0,62813558554.0,3952505473.0,1670481016.0,-208147487.0,2591395931.0,1523305044.0,-484399552.0,5.36,36.67,339.56,3.33,40.05,290.64,-1.1,37.37,298.3,-3.97,136.61,31.75,902.55
086390,유니테스트,CFS,118905443534.0,107111004989.0,116738813907.0,36654444409.0,33724407262.0,23474039402.0,48858453058.0,46551588334.0,52557615357.0,148159907232.0,143150890509.0,153311820656.0,167769309722.0,123779966545.0,114578529607.0,7142809006.0,-5992092759.0,-9049613719.0,6109494576.0,-6213810957.0,-6597715811.0,4.12,32.98,324.4,-4.34,32.52,317.61,-4.3,34.28,497.31,35.54,219.2,8.03,33.79
086450,동국제약,CFS,419197357951.0,385321451873.0,420225974901.0,231153366472.0,198539154920.0,242600629311.0,263361423873.0,237265679685.0,268430884950.0,576173702471.0,531064404391.0,481645056227.0,730993597323.0,661647492300.0,594193122293.0,66873304070.0,73940574560.0,63219302357.0,48871386212.0,54756767281.0,52916446647.0,8.48,45.71,181.35,10.31,44.68,194.08,10.99,55.73,173.22,10.48,-9.56,11.35,16.96
086520,에코프로,CFS,3977045752111.0,3162551112304.0,1619673745793.0,2743576237480.0,2082665018806.0,967353222621.0,4070843048271.0,2824001949335.0,1703531144978.0,3486135726801.0,2521780653709.0,1696913828426.0,7260200345722.0,5639741327318.0,1504191410850.0,298172334242.0,613226487106.0,85956918350.0,135268663790.0,220591650311.0,278561242483.0,3.88,116.77,144.96,8.75,111.98,151.85,16.42,100.39,167.43,28.73,-51.38,274.94,613.41
086670,비엠티,CFS,122633363995.0,124648910325.0,100364004241.0,87276208914.0,79490866744.0,60637031774.0,128065256246.0,131538860414.0,105293393379.0,121267170309.0,106363481152.0,81017025844.0,149605878145.0,142089682435.0,107948865273.0,17432433899.0,23031433331.0,4618606421.0,16724890339.0,14916198532.0,5728829234.0,13.79,105.61,140.51,14.02,123.67,156.81,7.07,129.96,165.52,5.29,-24.31,31.63,398.67
086710,선진뷰티사이언스,CFS,39838568382.0,56803101350.0,36079921655.0,26923797143.0,32590745976.0,16678286905.0,52936188744.0,68703934949.0,59039455258.0,72835763403.0,66867107954.0,48578255638.0,72622359560.0,64332226652.0,48702984011.0,9043651973.0,5320882252.0,3701978012.0,6668125849.0,20104595647.0,1623454779.0,9.16,72.68,147.97,30.07,102.75,174.29,3.34,121.53,216.33,12.89,69.97,32.09,43.73
086820,바이오솔루션,CFS,44299113298.0,79158848018.0,87055199631.0,47055084811.0,45852577401.0,48860847839.0,50217819492.0,47955451542.0,49390986049.0,42190126159.0,43775099282.0,45012966004.0,12461714311.0,10101642600.0,11802259024.0,-5031913380.0,-5288829779.0,-1571997377.0,-1249012363.0,-8087231575.0,-1684780911.0,-2.96,119.03,94.14,-18.47,109.55,172.64,-3.74,109.73,178.17,23.36,4.86,-14.41,-236.44
086890,이수앱지스,CFS,159049933512.0,77773620375.0,68816701757.0,72969925301.0,68595073248.0,5836445261.0,129550749905.0,72859650268.0,79140557151.0,77187682302.0,64410871098.0,71950197902.0,54305557874.0,41169946647.0,28018475239.0,3886085129.0,-16032148457.0,-8980213115.0,3610667200.0,-7246774111.0,829928350.0,4.68,167.84,217.97,-11.25,113.12,113.38,1.15,109.99,1179.09,31.91,124.24,46.94,-78.53
086900,메디톡스,CFS,166232131380.0,135133971840.0,160958849291.0,126556432404.0,135262308111.0,107946510254.0,137140514991.0,162672839659.0,174133759260.0,474482206410.0,433615605387.0,403564620530.0,221120682597.0,195096220132.0,184869547955.0,17322328805.0,46664445394.0,34491517174.0,9689821433.0,36595835601.0,93262649042.0,2.04,28.9,131.35,8.44,37.52,99.91,23.11,43.15,149.11,13.34,-62.88,5.53,35.29
086960,MDS테크,CFS,142386334809.0,123595749983.0,150567940519.0,53485224532.0,50302473100.0,60002374993.0,55465449209.0,51925318735.0,97660797084.0,118635726503.0,107542611117.0,107151090625.0,155313875325.0,153521746198.0,149345000088.0,8717565821.0,8153963974.0,5080859175.0,500106319.0,-7126233405.0,-7912972083.0,0.42,46.75,266.22,-6.63,48.28,245.71,-7.38,91.14,250.94,1.17,6.91,2.8,60.48
086980,쇼박스,CFS,74095202488.0,98945572834.0,110635961591.0,25205587929.0,24944376264.0,20922511894.0,27018160313.0,28009279170.0,22997768000.0,104920986947.0,135164795608.0,137146903889.0,40170208807.0,56684307302.0,50933935065.0,-28295165725.0,-3194257528.0,1924376679.0,-30299585774.0,-2124882555.0,2248106076.0,-28.88,25.75,293.96,-1.57,20.72,396.66,1.64,16.77,528.79,-29.13,-785.81,11.29,-265.99
087010,펩트론,CFS,7965055475.0,23283354801.0,32671927076.0,6884783643.0,10771947151.0,6603222279.0,16368962307.0,15165197545.0,15586163240.0,36127012881.0,53109372080.0,62282790571.0,3341893572.0,5813995537.0,6624511963.0,-15883908215.0,-15226653745.0,-15658525764.0,-15921881877.0,-15062790476.0,-15041985237.0,-44.07,45.31,115.69,-28.36,28.55,216.15,-24.15,25.02,494.79,-42.52,-4.32,-12.24,2.76
087260,모바일어플라이언스,CFS,57473014432.0,48478523100.0,57682954533.0,32029194400.0,25352588702.0,36369514969.0,32850320604.0,25993741443.0,37304702004.0,48264931127.0,46064398522.0,43736670804.0,49804458554.0,52471269387.0,47775376076.0,452468274.0,-717208120.0,2293411481.0,2110182819.0,2110183010.0,2501196424.0,4.37,68.06,179.44,4.58,56.43,191.22,5.72,85.29,158.6,-5.08,163.09,9.83,-131.27
087600,픽셀플러스,CFS,47374474244.0,53937932402.0,48504889991.0,7942585015.0,5148646633.0,7575866087.0,21756253350.0,10225676610.0,8299187127.0,84009589263.0,84688001902.0,84321836103.0,50670581353.0,62862344389.0,50603998186.0,-6280835584.0,2905270079.0,3350669414.0,-429659133.0,247812458.0,3746156315.0,-0.51,25.9,596.46,0.29,12.07,1047.61,4.44,9.84,640.26,-19.39,-316.19,24.22,-13.29
088130,동아엘텍,CFS,192139630278.0,204002761640.0,165478004897.0,98552763548.0,90378679092.0,47876508118.0,103720967859.0,94986040198.0,52306473420.0,188798258756.0,211372146182.0,209655016379.0,165117482966.0,213773717730.0,173681310801.0,2242034538.0,13196346509.0,5601012969.0,-10882919476.0,11337765.0,-390230948.0,-5.76,54.94,194.96,0.01,44.94,225.72,-0.19,24.95,345.64,-22.76,-83.01,23.08,135.61
088280,쏘닉스,CFS,37065966838.0,15341854891.0,18440569894.0,7187960651.0,5388430348.0,48149893296.0,14311487769.0,13856750408.0,106409778174.0,44277656891.0,23051588918.0,-66024234189.0,13813256246.0,15839004968.0,21976760922.0,-5165198707.0,-3403228196.0,-2217897363.0,-5118917407.0,-29510193610.0,-5110677395.0,-11.56,32.32,515.67,-128.02,60.11,284.72,7.74,-161.17,38.3,-12.79,-51.77,-27.93,-53.44
088290,이원컴포텍,CFS,17054595055.0,27553934991.0,35743075168.0,28644526260.0,47267286622.0,22973228601.0,29988542570.0,48350244182.0,25295876288.0,49721240930.0,49526003035.0,48951992304.0,47118903098.0,47777326424.0,38060141046.0,879838240.0,1704210986.0,1156788369.0,-2402682489.0,-9644584261.0,-2950780496.0,-4.83,60.31,59.54,-19.47,97.63,58.29,-6.03,51.67,155.59,-1.38,-48.37,25.53,47.32
088340,유라클,,,,,,,,,,,,,,,,,,,,,,,,,,,,,,,,,,,
088390,이녹스,CFS,103612200307.0,58840011407.0,68140630839.0,54842344839.0,42363708912.0,38928957802.0,102429714899.0,71345101976.0,74591997765.0,235637465257.0,230149373065.0,214202867070.0,61697133222.0,80422380010.0,75142445345.0,5139441784.0,21643406303.0,24193044986.0,-14014259351.0,13637039410.0,54518801697.0,-5.95,43.47,188.93,5.93,31.0,138.89,25.45,34.82,175.04,-23.28,-76.25,7.03,-10.54
088800,에이스테크,CFS,154798045771.0,235745883633.0,230900555993.0,227573722695.0,239615092518.0,250831696761.0,237924479567.0,311712410525.0,312396642275.0,21579981334.0,67809147532.0,70272050733.0,140047443096.0,240405466099.0,232778818210.0,-62290644674.0,-20058514812.0,-35461164093.0,-78848427413.0,-30197983571.0,-31747573073.0,-365.38,1102.52,68.02,-44.53,459.69,98.39,-45.18,444.55,92.05,-41.75,-210.54,3.28,43.44
088910,동우팜투테이블,CFS,132210437745.0,142312837459.0,115456809385.0,48321207985.0,75966872415.0,49778348041.0,71456218202.0,93418152485.0,87891663023.0,219770652881.0,193758677844.0,177259230642.0,349164108766.0,336847473051.0,295684933081.0,21126989607.0,11931138087.0,1866745132.0,26412957543.0,16166130290.0,-10920304587.0,12.02,32.51,273.61,8.34,48.21,187.34,-6.16,49.58,231.94,3.66,77.07,13.92,539.14
089010,켐트로닉스,CFS,251650250512.0,247249638886.0,230105177582.0,237743124638.0,261469965765.0,228026356176.0,310924469311.0,320647868777.0,277420857325.0,182161699911.0,148874080448.0,145196063673.0,542256796298.0,620963393855.0,563381507703.0,19115114801.0,22460647821.0,38542299447.0,-7160258786.0,6177274592.0,28529402668.0,-3.93,170.69,105.85,4.15,215.38,94.56,19.65,191.07,100.91,-12.67,-14.9,10.22,-41.72
089030,테크윙,CFS,143794835264.0,181278223634.0,229483476972.0,139213885144.0,176912624630.0,146870848691.0,270300485244.0,242694770306.0,278333001237.0,215586935429.0,245557585185.0,230438974498.0,133604260260.0,267491091324.0,255915216713.0,3160487054.0,57672910686.0,36219406193.0,-11097331447.0,33237861105.0,17110463460.0,-5.15,125.38,103.29,13.54,98.83,102.47,7.43,120.78,156.25,-50.05,-94.52,4.52,59.23
089140,넥스턴앤롤코리아,CFS,46777264184.0,43965822802.0,50945965209.0,93672160093.0,19702027101.0,43217584276.0,105980575830.0,91982532014.0,46213615549.0,138013718152.0,108273986801.0,92734997331.0,41257657896.0,23463259048.0,16972440217.0,1267041584.0,-3605569718.0,-2389556051.0,9680993019.0,-4688260552.0,-4432725121.0,7.01,76.79,49.94,-4.33,84.95,223.15,-4.78,49.83,117.88,75.84,135.14,38.24,-50.89
089150,케이씨티,CFS,2371011885.0,3563781325.0,5522611661.0,14013223491.0,14185376063.0,9163676928.0,18972149811.0,18859131766.0,21528413952.0,34111476434.0,34764715781.0,35212560748.0,16147530629.0,14566711259.0,13779099775.0,2169315930.0,1096384265.0,394351502.0,1156287172.0,675450890.0,239109674.0,3.39,55.62,16.92,1.94,54.25,25.12,0.68,61.14,60.27,10.85,97.86,5.72,178.02
089230,THE E&M,CFS,16545836440.0,23157352636.0,53484820944.0,54921608352.0,21230085905.0,38541889486.0,55480174362.0,42297027349.0,59510167748.0,29194588601.0,61842456121.0,84986937339.0,31702033259.0,46601511930.0,53883827810.0,-7717794327.0,-2309018889.0,4498923623.0,-33573882013.0,-22595130455.0,-12047991882.0,-115.0,190.04,30.13,-36.54,68.39,109.08,-14.18,70.02,138.77,-31.97,-234.25,-13.51,-151.32
089600,KT나스미디어,CFS,411774589044.0,435360834272.0,409344559831.0,251206748297.0,261380996163.0,248648283943.0,262336185028.0,275583655118.0,268617837517.0,250975231047.0,242441426323.0,221776072712.0,146769140183.0,152393542122.0,124160713120.0,20516812349.0,33052555800.0,32875303239.0,17703119011.0,28918010639.0,27119737906.0,7.05,104.53,163.92,11.93,113.67,166.56,12.23,121.12,164.63,-3.69,-37.93,22.74,0.54
089790,제이티,CFS,67345510115.0,59941470911.0,55224317737.0,29466892842.0,26016887840.0,25989393099.0,29692934958.0,26235678859.0,30475415845.0,59789991736.0,54602358366.0,46051681548.0,47160458803.0,81858814170.0,65644973675.0,2959841947.0,15070504342.0,11195868055.0,5492095891.0,15039626198.0,13912330187.0,9.19,49.66,228.55,27.54,48.05,230.39,30.21,66.18,212.49,-42.39,-80.36,24.7,34.61
089850,유비벨록스,CFS,343841560168.0,288301287817.0,257630504598.0,246691072942.0,191449249958.0,169107145714.0,284485268387.0,228913266702.0,185086901383.0,244455779295.0,213858338521.0,209644285552.0,543627601474.0,449332240723.0,323287060227.0,49345273375.0,14783421578.0,24409179808.0,31021929101.0,2823260924.0,16224758165.0,12.69,116.37,139.38,1.32,107.04,150.59,7.74,88.29,152.35,20.99,233.79,38.99,-39.43
089890,코세스,CFS,59188029148.0,35226678074.0,37295037555.0,30374901702.0,12935767133.0,21098671754.0,32662803252.0,14567998044.0,23168574641.0,66440394847.0,59949964349.0,51301581681.0,95650538591.0,72931360641.0,77180373944.0,8017318466.0,8546470484.0,13846592556.0,6964669912.0,7880853243.0,11127915571.0,10.48,49.16,194.86,13.15,24.3,272.32,21.69,45.16,176.76,31.15,-6.19,-5.51,-38.28
089970,브이엠,CFS,140750658594.0,145183788731.0,133754567520.0,26999626258.0,37285419916.0,28298087133.0,28751247311.0,38722432406.0,31529068696.0,122174359927.0,117911662666.0,114103214100.0,26008551330.0,141385258259.0,178054009170.0,-10962872787.0,30932088487.0,54019004804.0,-6975273692.0,27878178036.0,46458261444.0,-5.71,23.53,521.31,23.64,32.84,389.38,40.72,27.63,472.66,-81.6,-135.44,-20.59,-42.74
089980,상아프론테크,CFS,158469612721.0,159483128801.0,163664102734.0,92982747246.0,134824475290.0,95787553215.0,155926222179.0,150973300609.0,137966529163.0,193026085627.0,184985819345.0,181600045883.0,183599147402.0,181155503171.0,178480531677.0,8958369872.0,12905637676.0,11966531891.0,11994182126.0,7425752405.0,9298652736.0,6.21,80.78,170.43,4.01,81.61,118.29,5.12,75.97,170.86,1.35,-30.59,1.5,7.85
090150,아이윈,CFS,60118098635.0,63818056832.0,61822210692.0,88055896601.0,92506846864.0,43414053417.0,94917466679.0,100938110968.0,52993168014.0,44766775254.0,78789855444.0,73853426144.0,108275071416.0,94425491702.0,90626244365.0,6353994073.0,2258539282.0,2489232126.0,-35265657306.0,-3624332798.0,2255031540.0,-78.78,212.03,68.27,-4.6,128.11,68.99,3.05,71.75,142.4,14.67,181.33,4.19,-9.27
090360,로보스타,CFS,74275605027.0,94581676302.0,84828155411.0,25746737092.0,46199505179.0,38101690092.0,25980999097.0,46536515025.0,38614390784.0,89949938518.0,89910588242.0,86085239399.0,102679156147.0,143240218469.0,142465023658.0,1135968686.0,1794247604.0,224034106.0,693544237.0,3281878090.0,1634178209.0,0.77,28.88,288.49,3.65,51.76,204.72,1.9,44.86,222.64,-28.32,-36.69,0.54,700.88
090410,덕신이피씨,CFS,107735175265.0,72874311040.0,84487561177.0,61141484606.0,41410319452.0,59939658647.0,64336545968.0,48247128202.0,70257666717.0,113952501527.0,90865877091.0,81052176859.0,218078494407.0,201608200221.0,152883867652.0,28946846479.0,20194992054.0,4048067553.0,24087745660.0,10155394125.0,3520993756.0,21.14,56.46,176.21,11.18,53.1,175.98,4.34,86.68,140.95,8.17,43.34,31.87,398.88
090470,제이스로보틱스,CFS,57683155061.0,100060659598.0,70780483861.0,11670556323.0,38962704349.0,21418099884.0,12735796735.0,40239650093.0,38449001485.0,167522860360.0,150073857533.0,122082307181.0,72087353783.0,143939697377.0,81838114605.0,-371089927.0,37493691695.0,-1484326586.0,-1518248345.0,27797689960.0,5350889136.0,-0.91,7.6,494.26,18.52,26.81,256.81,4.38,31.49,330.47,-49.92,-100.99,75.88,2625.97
090710,휴림로봇,CFS,53883168919.0,49339351956.0,26214970934.0,23590780685.0,28568220474.0,11988255764.0,24669399372.0,33533181493.0,25118318188.0,92184780809.0,80951021326.0,72210826817.0,82665225759.0,55474362631.0,27316055223.0,-1862126821.0,-7468016309.0,-2973849330.0,681571531.0,-11939139936.0,-39221439944.0,0.74,26.76,228.41,-14.75,41.42,172.71,-54.32,34.78,218.67,49.02,75.07,103.08,-151.12
090850,현대이지웰,CFS,139336105287.0,123407026450.0,125994805632.0,96091417169.0,96759558186.0,71483129218.0,109709252300.0,110501096439.0,71836532284.0,87475286700.0,92260362471.0,80818612555.0,117951671998.0,112460358280.0,96521903819.0,18340862426.0,18514406014.0,15934149269.0,-532191494.0,15167617948.0,15393676457.0,-0.61,125.42,145.0,16.44,119.77,127.54,19.05,88.89,176.26,4.88,-0.94,16.51,16.19
091120,이엠텍,CFS,190726812634.0,188585833883.0,178992507203.0,65767105593.0,61954398953.0,93901123306.0,161933342548.0,151116719047.0,131126557693.0,247640127451.0,262872083328.0,234798334593.0,263450794415.0,415827231872.0,400226889098.0,-14598659948.0,33934594543.0,37116066112.0,-12176030579.0,32942041546.0,34140463933.0,-4.92,65.39,290.0,12.53,57.49,304.39,14.54,55.85,190.62,-36.64,-143.02,3.9,-8.57
091340,S&K폴리텍,CFS,155963792640.0,159050027412.0,183365053348.0,121173065513.0,124862435632.0,124439482654.0,137092038077.0,144226568608.0,162330343908.0,113941311607.0,122069875288.0,125951289148.0,251085148599.0,336087453599.0,330997088798.0,2840405265.0,193581133.0,6746720401.0,-5980401731.0,-1727258621.0,5145383796.0,-5.25,120.32,128.71,-1.41,118.15,127.38,4.09,128.88,147.35,-25.29,1367.29,1.54,-97.13
091440,한울소재과학,CFS,29138660198.0,18141399273.0,34713444843.0,14805581922.0,20342527850.0,26162970550.0,20584634115.0,27915224220.0,33305715226.0,22344516371.0,16848596021.0,14161603442.0,37597363642.0,23045775227.0,34590886535.0,-4053331724.0,-9357511297.0,-4772001922.0,-5763316678.0,-15003052369.0,-6392525148.0,-25.79,92.12,196.81,-89.05,165.68,89.18,-45.14,235.18,132.68,63.14,56.68,-33.38,-96.09
091580,상신이디피,CFS,153363853825.0,127261451470.0,93532047746.0,129649589165.0,108188927797.0,85521520480.0,143603282078.0,122054205623.0,99243371153.0,147079484933.0,122436423306.0,101449624326.0,301635718758.0,290811126688.0,197509167045.0,30203143040.0,32756372592.0,19652064899.0,26222817165.0,24497581835.0,17523005291.0,17.83,97.64,118.29,20.01,99.69,117.63,17.27,97.83,109.37,3.72,-7.79,47.24,66.68
091590,남화토건,CFS,45233585374.0,86482574553.0,67459596506.0,21446778749.0,18370076355.0,16029208656.0,25314015104.0,31325889361.0,29024344417.0,159988339658.0,173941397169.0,154869740363.0,71796422978.0,90791512388.0,109139618545.0,-4374625832.0,4468708150.0,8825826352.0,-11231268787.0,20750055300.0,13103492362.0,-7.02,15.82,210.91,11.93,18.01,470.78,8.46,18.74,420.85,-20.92,-197.89,-16.81,-49.37
091700,파트론,CFS,322887325739.0,345399168541.0,352868312041.0,143693970742.0,182283223256.0,194815046702.0,145684637549.0,184546399465.0,199476320535.0,505688770713.0,501068231815.0,480534551279.0,1172405320789.0,1221910786963.0,1312658128819.0,41681019126.0,56802242235.0,78708841559.0,30156905108.0,42933730047.0,78310212416.0,5.96,28.81,224.7,8.57,36.83,189.48,16.3,41.51,181.13,-4.05,-26.62,-6.91,-27.83
091970,LSK아이로봇,CFS,27487064418.0,24618377586.0,50783106319.0,22698587531.0,17583196330.0,35583024194.0,22854738047.0,18964589242.0,35738482742.0,31938454092.0,28054250339.0,45072421384.0,42401462051.0,50163614732.0,47065982998.0,-1843750735.0,-1892597281.0,-10485419926.0,-6114538212.0,-17151783171.0,-13754901664.0,-19.14,71.56,121.1,-61.14,67.6,140.01,-30.52,79.29,142.72,-15.47,2.58,6.58,81.95
092040,아미코젠,CFS,156063159013.0,143947296587.0,123658944129.0,174883135501.0,205169421949.0,160470364463.0,248124178136.0,259874018775.0,178350975920.0,218973832303.0,169777938037.0,232873521346.0,159904289100.0,144295727345.0,124880967146.0,2056140831.0,-4899462026.0,-4613989737.0,-20689758261.0,-45790641852.0,4740596369.0,-9.45,113.31,89.24,-26.97,153.07,70.16,2.04,76.59,77.06,10.82,141.97,15.55,-6.19
092070,디엔에프,CFS,60938241131.0,77983789053.0,80653589788.0,10052310661.0,28337635491.0,40969206084.0,10577475539.0,32776469547.0,46084098643.0,155009615215.0,157768192720.0,145622987382.0,84232727799.0,96891781342.0,127056106754.0,-2862629573.0,16101381752.0,11138529825.0,5173530483.0,5799667020.0,11775310793.0,3.34,6.82,606.21,3.68,20.78,275.2,8.09,31.65,196.86,-13.07,-117.78,-23.74,44.56
092130,이크레더블,CFS,46832844609.0,49862296181.0,66796472478.0,8540282949.0,10085006728.0,10560338408.0,8710308444.0,10317664262.0,10720664002.0,45471180908.0,46248368512.0,63347435067.0,41099194540.0,47130065587.0,45703148455.0,12605818935.0,19286893039.0,18222470771.0,11748156396.0,15659525445.0,13926281024.0,25.84,19.16,548.38,33.86,22.31,494.42,21.98,16.92,632.52,-12.8,-34.64,3.12,5.84
092190,서울바이오시스,CFS,212412127131.0,219085309992.0,219237416925.0,469308239206.0,298911164657.0,268994029210.0,640478073512.0,588482789441.0,518263806665.0,92945671478.0,167512347836.0,257371487549.0,503960846284.0,438791591285.0,488676724768.0,-72949875244.0,-62117967238.0,22269724367.0,-101695477014.0,-93690297846.0,20888475660.0,-109.41,689.09,45.26,-55.93,351.31,73.29,8.12,201.37,81.5,14.85,-17.44,-10.21,-378.93
092300,현우산업,CFS,97930566972.0,95149292827.0,89738305412.0,76054452473.0,85507232996.0,72448290226.0,102280881595.0,110299620087.0,106006102372.0,100485208125.0,92238886205.0,84693941108.0,237301218620.0,209867814847.0,184284185278.0,13909700885.0,8325096083.0,4119218359.0,10385847756.0,4658947077.0,-534597413.0,10.34,101.79,128.76,5.05,119.58,111.28,-0.63,125.16,123.87,13.07,67.08,13.88,102.1
092460,한라IMS,CFS,117547765837.0,59772594906.0,58184557027.0,49793889737.0,48476303042.0,42806986576.0,59319007569.0,81687593167.0,84926012098.0,162256347686.0,97168003707.0,93626234181.0,78944495370.0,98637116561.0,56517915715.0,5365190297.0,8815403057.0,152752669.0,71621038171.0,8067754332.0,4001928951.0,44.14,36.56,236.07,8.3,84.07,123.3,4.27,90.71,135.92,-19.96,-39.14,74.52,5671.03
092600,앤씨앤,CFS,95855949994.0,96734701591.0,86541813389.0,31323929992.0,31753896454.0,28876497490.0,71292448535.0,40699056727.0,39126825586.0,55058047637.0,74108427839.0,72571018979.0,61682037944.0,92593551509.0,114680131208.0,-35722413241.0,-32085591690.0,-15233787057.0,-34267039672.0,-36318430235.0,-19951581623.0,-62.24,129.49,306.02,-49.01,54.92,304.64,-27.49,53.92,299.7,-33.38,-11.33,-19.26,-110.62
092730,네오팜,CFS,134502290787.0,131270043971.0,121483815435.0,16944787108.0,13136622381.0,12940760030.0,17432565201.0,13136622381.0,13103096004.0,160025953685.0,142210804545.0,130304932550.0,97104890499.0,85033138232.0,87930719731.0,25307304739.0,21438790396.0,22430845313.0,23212796117.0,17027039733.0,17713275765.0,14.51,10.89,793.77,11.97,9.24,999.27,13.59,10.06,938.77,14.2,18.04,-3.3,-4.42
092870,엑시콘,CFS,58275296622.0,69872785910.0,47967187574.0,15886774921.0,19917102730.0,16477077462.0,20027338600.0,24832895770.0,20942704410.0,145957832632.0,144785237404.0,132536810690.0,82296331600.0,91157419461.0,66186071338.0,1464663636.0,10251794199.0,6280543174.0,4886128432.0,15211386618.0,34025754657.0,3.35,13.72,366.82,10.51,17.15,350.82,25.67,15.8,291.11,-9.72,-85.71,37.73,63.23
093190,빅솔론,CFS,112979837510.0,139054432925.0,136337535839.0,18200210552.0,29190514327.0,19319656275.0,24353303382.0,37947880807.0,28509795451.0,207416761597.0,205666064586.0,199762358078.0,108128067036.0,134893966814.0,100389818944.0,9271877123.0,25137065857.0,14012407399.0,10539369275.0,10281829432.0,25857297635.0,5.08,11.74,620.76,5.0,18.45,476.37,12.94,14.27,705.69,-19.84,-63.11,34.37,79.39
093320,케이아이엔엑스,CFS,121934408477.0,113461972019.0,98532376409.0,40037468767.0,25745618597.0,17246295068.0,70088521881.0,37796133531.0,30739682118.0,184718838111.0,159642054100.0,136470970189.0,122686237442.0,110928475556.0,84460348323.0,26565751313.0,25865716233.0,19734224882.0,26942191935.0,27337059778.0,16402645361.0,14.59,37.94,304.55,17.12,23.68,440.7,12.02,22.52,571.32,10.6,2.71,31.34,31.07
093380,풍강,CFS,40783503288.0,39576655553.0,35859067522.0,13522480010.0,15121474875.0,16768199855.0,17628311507.0,19913071198.0,23553332459.0,73368268375.0,69313318021.0,65263067137.0,97322976980.0,83422538833.0,76805148961.0,5238490101.0,3012329509.0,4220266899.0,5625015653.0,4349914434.0,4362836981.0,7.67,24.03,301.6,6.28,28.73,261.72,6.69,36.09,213.85,16.66,73.9,8.62,-28.62
093520,매커스,CFS,281219567277.0,273926403422.0,135935982605.0,186614634789.0,192421375773.0,64572100554.0,191307910572.0,193200234710.0,65538278116.0,102384342962.0,93358591063.0,79432837084.0,175414376276.0,193763490633.0,140726734643.0,26349934797.0,31451798059.0,26018645884.0,20350760929.0,22236241725.0,25010097168.0,19.88,186.85,150.7,23.82,206.94,142.36,31.49,82.51,210.52,-9.47,-16.22,37.69,20.88
093640,케이알엠,CFS,151664793799.0,56293823448.0,62217274134.0,71944785846.0,16137153164.0,24705193829.0,113382730528.0,16288626683.0,24935877725.0,99664478614.0,46482582157.0,53794164481.0,12411674184.0,12880116767.0,11368085052.0,-5866353133.0,184493310.0,738733315.0,-14092149757.0,-9519086989.0,2793014338.0,-14.14,113.76,210.81,-20.48,35.04,348.85,5.19,46.35,251.84,-3.64,-3279.71,13.3,-75.03
093920,서원인텍,CFS,189143382504.0,196245916857.0,173634260931.0,26886456883.0,41073157228.0,37140002247.0,27054690928.0,41355257723.0,37398340411.0,204908548760.0,197713715825.0,181001249673.0,262811619114.0,316789922430.0,288547884243.0,9986462505.0,22560152834.0,13455266970.0,14514188510.0,23199065224.0,16684001131.0,7.08,13.2,703.49,11.73,20.92,477.8,9.22,20.66,467.51,-17.04,-55.73,9.79,67.67
094170,동운아나텍,CFS,73583504820.0,47983945659.0,46840751871.0,13873509331.0,26616383447.0,29045011208.0,25705405428.0,41889276249.0,42783363677.0,60711547241.0,21156162298.0,20415067696.0,111486613090.0,50138173079.0,50661220735.0,25107570805.0,-6259568862.0,-15794804610.0,26235769898.0,-8410181305.0,-14870706956.0,43.21,42.34,530.39,-39.75,198.0,180.28,-72.84,209.57,161.27,122.36,501.11,-1.03,60.37
094360,칩스앤미디어,CFS,53655235044.0,41483820634.0,27151189361.0,5319682162.0,18880565248.0,4556010841.0,7525284132.0,21104837589.0,7966666527.0,70464015297.0,41970882397.0,37971514311.0,27627400828.0,24092742406.0,19979567098.0,7769441247.0,7303027730.0,5199382483.0,-26697996137.0,9962898287.0,6268250917.0,-37.89,10.68,1008.62,23.74,50.28,219.72,16.51,20.98,595.94,14.67,6.39,20.59,40.46
094480,갤럭시아머니트리,CFS,307915440301.0,287562017571.0,269815083118.0,244597521329.0,215141008290.0,184636699942.0,247739597232.0,222881720612.0,207694904642.0,113356325879.0,115083694175.0,109221125160.0,132389824802.0,112286441928.0,94461899630.0,9240639992.0,8597547351.0,7873663623.0,-351488724.0,5416216124.0,-282266686.0,-0.31,218.55,125.89,4.71,193.67,133.66,-0.26,190.16,146.13,17.9,7.48,18.87,9.19
094820,일진파워,CFS,96215468314.0,107628419318.0,97330165716.0,41831220153.0,45340448526.0,44233633074.0,62342539353.0,65140236619.0,64889817006.0,130700501889.0,125429710242.0,112595870962.0,190826764234.0,196015491303.0,185899334919.0,13120377484.0,17902701235.0,18808965746.0,9580223266.0,15675414957.0,15322751583.0,7.33,47.7,230.01,12.5,51.93,237.38,13.61,57.63,220.04,-2.65,-26.71,5.44,-4.82
094840,슈프리마에이치큐,CFS,67495011318.0,81573074218.0,81993564965.0,13760778333.0,5304973274.0,4825954692.0,19960281430.0,9427251404.0,12658646883.0,209137617127.0,195110012002.0,182189964712.0,20386641334.0,17325402965.0,30866937590.0,-2677599728.0,3555599812.0,6667813176.0,37469896066.0,13715785467.0,12086697440.0,17.92,9.54,490.49,7.03,4.83,1537.67,6.63,6.95,1699.01,17.67,-175.31,-43.87,-46.68
094850,참좋은여행,CFS,100281202038.0,71140484085.0,63438482860.0,56617613692.0,31943927363.0,6086009442.0,58853571328.0,33036379015.0,6545599112.0,84529311745.0,77006424312.0,90242902053.0,,,,6419133670.0,-15793523418.0,-18701389948.0,7210677391.0,-12226654385.0,-14404158092.0,8.53,69.63,177.12,-15.88,42.9,222.7,-15.96,7.25,1042.37,,140.64,,15.55
094860,네오리진,CFS,23491938109.0,27140588519.0,38424896690.0,10816921907.0,8867321070.0,9526086044.0,11584616669.0,9371238399.0,10294618461.0,34638556531.0,40053348513.0,42178998753.0,25511836781.0,26086111649.0,20645100318.0,-2588390404.0,-1158370741.0,-2455105448.0,-6296205257.0,-1525666295.0,-2035253366.0,-18.18,33.44,217.18,-3.81,23.4,306.07,-4.83,24.41,403.36,-2.2,-123.45,26.35,52.82
094940,푸른로보틱스,CFS,27151060098.0,23882184307.0,25453446770.0,11261973329.0,5580871252.0,6687477939.0,12131048001.0,9857989479.0,11182167465.0,38313833096.0,32600029243.0,33057713684.0,32289721635.0,34082924527.0,30829787036.0,1851969768.0,1023917243.0,78736520.0,2594065276.0,192417254.0,1610642149.0,6.77,31.66,241.09,0.59,30.24,427.93,4.87,33.83,380.61,-5.26,80.87,10.55,1200.43
094970,제이엠티,CFS,152298130219.0,108147742719.0,99142008831.0,57761039569.0,34473396478.0,42356282870.0,63642163792.0,34805588623.0,49775222894.0,158150354173.0,103525754597.0,75294861448.0,122737483734.0,90599833501.0,79684622622.0,14826526543.0,20006878222.0,15717505143.0,23247725390.0,29418678178.0,15174250451.0,14.7,40.24,263.67,28.42,33.62,313.71,20.15,66.11,234.07,35.47,-25.89,13.7,27.29
095190,신화프리텍,CFS,85273455721.0,60652854997.0,55068546361.0,109757273966.0,61612419234.0,43284509136.0,142811916915.0,92849491436.0,93204942447.0,76539605579.0,80441069432.0,88840067212.0,102239443703.0,95528614343.0,98025956106.0,882373796.0,-2285191824.0,-951125572.0,-2249013074.0,-9456104743.0,-2990768715.0,-2.94,186.59,77.69,-11.76,115.43,98.44,-3.37,104.91,127.22,7.02,138.61,-2.55,-140.26
095270,웨이브일렉트로,CFS,61235803247.0,73839011109.0,81199580199.0,22649428509.0,23753152953.0,18968923389.0,26417196771.0,27239297620.0,20857787063.0,57392006879.0,68689476079.0,77338629148.0,77983771830.0,59176828811.0,47468344901.0,2351681126.0,-5936607966.0,1005900498.0,610224448.0,-8857172919.0,58022140221.0,1.06,46.03,270.36,-12.89,39.66,310.86,75.02,26.97,428.07,31.78,139.61,24.67,-690.18
095340,ISC,CFS,361800586509.0,161742958401.0,98338761170.0,58252321706.0,81385857030.0,34848239520.0,68360512034.0,90405304450.0,39149163367.0,473452647667.0,268027133632.0,222575497306.0,140221939908.0,178871264564.0,144669824213.0,10736706776.0,55881597782.0,37517372870.0,13583247114.0,43936651357.0,30084735108.0,2.87,14.44,621.09,16.39,33.73,198.74,13.52,17.59,282.19,-21.61,-80.79,23.64,48.95
095500,미래나노텍,CFS,411676255376.0,285871637554.0,266202087331.0,328855713975.0,208847585957.0,128651851319.0,352443490812.0,248598563755.0,174431837878.0,272425525927.0,239363928235.0,246327334908.0,694025815289.0,490327663439.0,458244377896.0,13703818450.0,9700155485.0,23639141676.0,803936429.0,-7165661549.0,23419614401.0,0.3,129.37,125.18,-2.99,103.86,136.88,9.51,70.81,206.92,41.54,41.27,7.0,-58.97
095610,테스,CFS,194321555888.0,188969635836.0,207079013713.0,20856890855.0,27789255768.0,39839191220.0,22931149578.0,29847950093.0,41999577651.0,298898674679.0,306670205959.0,294945161307.0,146938072263.0,357991682573.0,375194330803.0,-5861866998.0,55898658621.0,62184554759.0,1565979353.0,46766672131.0,73988020802.0,0.52,7.67,931.69,15.25,9.73,680.01,25.09,14.24,519.79,-58.95,-110.49,-4.58,-10.11
095660,네오위즈,CFS,297611084329.0,253547138099.0,271917375103.0,113217299930.0,87336191850.0,67202961328.0,143808323008.0,101331086165.0,105815937884.0,527620335596.0,458756308479.0,468875466733.0,365593726744.0,294567075580.0,261199905958.0,31593317823.0,19559295517.0,21249585884.0,46423501000.0,13201983634.0,56661888520.0,8.8,27.26,262.87,2.88,22.09,290.31,12.08,22.57,404.62,24.11,61.53,12.77,-7.95
095700,제넥신,CFS,92159744347.0,52384073857.0,57274162731.0,54526283856.0,78933215367.0,59153810542.0,79682984297.0,111386617270.0,117405687212.0,296903615688.0,277394490231.0,519459135427.0,4426626990.0,16139032166.0,36828454645.0,-41240886624.0,-33679063951.0,-19373191031.0,-66860297233.0,-56831170416.0,-48876299276.0,-22.52,26.84,169.02,-20.49,40.15,66.37,-9.41,22.6,96.82,-72.57,-22.45,-56.18,-73.84
095910,에스에너지,CFS,214149112624.0,223038152748.0,217223869110.0,170853316941.0,160292087816.0,156783560157.0,219666779426.0,235314827766.0,208893113057.0,109148347537.0,114248862166.0,135662194805.0,169855953418.0,208744895034.0,246125894594.0,3138342766.0,-8907502025.0,-18490312123.0,-6988297829.0,-22168877602.0,-21746506577.0,-6.4,201.26,125.34,-19.4,205.97,139.14,-16.03,153.98,138.55,-18.63,135.23,-15.19,51.83
096240,크레버스,CFS,55043704197.0,60463234513.0,83299518152.0,108908696368.0,109055064630.0,80642654684.0,170332593345.0,177236410665.0,126823819024.0,45515644998.0,46914009004.0,103036710996.0,233485121718.0,227499581732.0,210735912095.0,25216689470.0,25653163787.0,31194760607.0,15336827670.0,4826304143.0,18534687076.0,33.7,374.23,50.54,10.29,377.79,55.44,17.99,123.09,103.29,2.63,-1.7,7.95,-17.76
096250,와이즈넛,CFS,47908098865.0,42633995957.0,38797261013.0,6110509330.0,6319079717.0,5924519109.0,6668353225.0,6667211938.0,6276071193.0,48740402203.0,43808155843.0,49742866470.0,35172218324.0,34466435911.0,,3456887664.0,3046747475.0,,4267209666.0,-5902403194.0,,8.75,13.68,784.03,-13.47,15.22,674.69,,12.62,654.86,2.05,13.46,,
096350,대창솔루션,CFS,33319963456.0,32748227542.0,24556462355.0,66860168239.0,80830488207.0,63474642239.0,93059260511.0,95237188837.0,82707186173.0,35762324305.0,28941164605.0,36851422158.0,71715102822.0,52756099362.0,49234175333.0,5596489348.0,-4741415531.0,-8221312699.0,2800892925.0,-7827098228.0,-14997997125.0,7.83,260.22,49.84,-27.04,329.07,40.51,-40.7,224.43,38.69,35.94,218.03,7.15,42.33
096530,씨젠,CFS,783486389029.0,902505570560.0,1053587651557.0,162153145537.0,170193575730.0,286778139404.0,221052938078.0,240498582648.0,406122212823.0,1030398975557.0,1150278974828.0,1083596367747.0,367375048980.0,853561091243.0,1370833012026.0,-30053478765.0,196492262649.0,666658312398.0,733203514.0,182432359251.0,537560661012.0,0.07,21.45,483.18,15.86,20.91,530.28,49.61,37.48,367.39,-56.96,-115.29,-37.73,-70.53
096610,알에프세미,CFS,16317084305.0,50961012388.0,43562675315.0,12207807065.0,42547417708.0,36890489142.0,16037257539.0,47176716398.0,52689277860.0,14582223426.0,30185727786.0,34511250773.0,27071406964.0,33238398440.0,36785321279.0,-17281628410.0,-10492504057.0,-11027069925.0,-43594615705.0,-13724435005.0,-9210895035.0,-298.96,109.98,133.66,-45.47,156.29,119.77,-26.69,152.67,118.09,-18.55,-64.7,-9.64,4.85
096630,에스코넥,CFS,136789302543.0,107507443382.0,78669220164.0,115784596526.0,116680758013.0,83542172228.0,130363838982.0,118848823137.0,101395806126.0,75753839327.0,47218876990.0,41601787433.0,275313638771.0,200357859731.0,181350412327.0,7965692062.0,5823347423.0,-8966863422.0,-1327048278.0,2712159860.0,-16586716535.0,-1.75,172.09,118.14,5.74,251.7,92.14,-39.87,243.73,94.17,37.41,36.79,10.48,164.94
096690,에이루트,CFS,65999115964.0,125804946464.0,110248490437.0,40465750361.0,49006855542.0,40102609982.0,43149991839.0,51233713938.0,41183967895.0,163941394746.0,174779510556.0,158950737279.0,62225691206.0,64887675060.0,45891025090.0,-7070245032.0,346816277.0,-4781368454.0,-13246183446.0,14381864901.0,-98266836837.0,-8.08,26.32,163.1,8.23,29.31,256.71,-61.82,25.91,274.92,-4.1,-2138.61,41.4,107.25
096870,엘디티,CFS,13077076008.0,11913075928.0,9614760035.0,2694950485.0,1482421278.0,1367481890.0,3151382034.0,1768265203.0,1608483050.0,15273916833.0,15414390784.0,13460198996.0,8926707509.0,11730311728.0,12384959098.0,-348855996.0,1483920084.0,1859542127.0,-140473951.0,1954191788.0,2230020762.0,-0.92,20.63,485.24,12.68,11.47,803.62,16.57,11.95,703.1,-23.9,-123.51,-5.29,-20.2
097780,에코볼트,CFS,171193732086.0,161301914665.0,165236209649.0,66234761047.0,63931583001.0,81219913142.0,68920413648.0,66861860392.0,84451025624.0,265487223226.0,234395387691.0,299159232427.0,180164482428.0,155274811685.0,112691082415.0,-19154127312.0,-8699516593.0,-19699838185.0,15275721402.0,-63096776888.0,-49046458689.0,5.75,25.96,258.47,-26.92,28.53,252.3,-16.39,28.23,203.44,16.03,-120.17,37.79,55.84
097800,윈팩,CFS,21466940679.0,29840177120.0,25412238245.0,66114421928.0,73169703594.0,79678033087.0,102782750114.0,102390571494.0,89660796327.0,46724273483.0,76152137358.0,65854400449.0,86205142343.0,152635430740.0,101442175549.0,-22857360132.0,1924029253.0,-6445662390.0,-33297722051.0,-1571476880.0,-8266036395.0,-71.26,219.98,32.47,-2.06,134.46,40.78,-12.55,136.15,31.89,-43.52,-1287.99,50.47,129.85
097870,효성오앤비,CFS,32795384761.0,34557862994.0,43826383956.0,12865398991.0,10197501948.0,9934358147.0,14169137931.0,11747374118.0,11258513455.0,73753155765.0,72870935162.0,73732057453.0,29660837674.0,34026098710.0,30143893021.0,719539173.0,4251941940.0,1590432146.0,1234203965.0,3831297698.0,2295942146.0,1.67,19.21,254.91,5.26,16.12,338.89,3.11,15.27,441.16,-12.83,-83.08,12.88,167.35
098070,한텍,,,,,,,,,,,,,,,,,,,,,,,,,,,,,,,,,,,
098120,마이크로컨텍솔,CFS,37973920488.0,34021660686.0,30147945276.0,5760028597.0,7156258430.0,7363854860.0,7855863058.0,8314920669.0,9746631952.0,55128326340.0,49033183804.0,41856342221.0,64817181265.0,61054715702.0,61382432205.0,7428799024.0,7894186276.0,7933450389.0,7387998878.0,7046162834.0,7572126967.0,13.4,14.25,659.27,14.37,16.96,475.41,18.09,23.29,409.4,6.16,-5.9,-0.53,-0.49
098460,고영,CFS,272289910658.0,286509847894.0,272142026690.0,39821272426.0,58305668638.0,47498158914.0,61894392837.0,86511583085.0,87929904850.0,305317864968.0,305174909938.0,280399362317.0,225630691398.0,275359587202.0,247301342081.0,20372226090.0,44258682098.0,41351274821.0,21925959777.0,39283548838.0,39586268577.0,7.18,20.27,683.78,12.87,28.35,491.39,14.12,31.36,572.95,-18.06,-53.97,11.35,7.03
098660,에스티오,CFS,32478242299.0,32772538030.0,35336404213.0,22744235993.0,25322530055.0,21731210582.0,37545371670.0,30500122013.0,32329402827.0,30251830481.0,29915661261.0,29340618650.0,74045039700.0,73162090467.0,64487015798.0,3549717637.0,3046585148.0,298784961.0,2020447127.0,1601513030.0,337119506.0,6.68,124.11,142.8,5.35,101.95,129.42,1.15,110.19,162.61,1.21,16.51,13.45,919.66
099190,아이센스,CFS,207526024894.0,217187117224.0,207653668592.0,139305012345.0,74562926863.0,38390963908.0,195321340414.0,144814029282.0,144439371550.0,303494921735.0,304756150342.0,284740300950.0,265120260375.0,264837131105.0,232934791026.0,10929438236.0,19807041920.0,34826754603.0,3404496867.0,15907551228.0,25150572055.0,1.12,64.36,148.97,5.22,47.52,291.28,8.83,50.73,540.89,0.11,-44.82,13.7,-43.13
099220,SDN,CFS,84277625067.0,82508951988.0,75028726575.0,55040420146.0,57252466311.0,51241107882.0,93161943289.0,75457894880.0,70912287853.0,93202018442.0,102164005455.0,97365386407.0,75692041591.0,104471108041.0,92816027115.0,-7646386868.0,281747384.0,5311272216.0,-8692189897.0,760743530.0,-2699279211.0,-9.33,99.96,153.12,0.74,73.86,144.11,-2.77,72.83,146.42,-27.55,-2813.92,12.56,-94.7
099320,쎄트렉아이,CFS,166337582530.0,193789417295.0,184525469979.0,81995185851.0,63220144047.0,27069602719.0,95572165701.0,137614754857.0,112054528510.0,218255795490.0,121165551758.0,118056306357.0,125433494958.0,91357563655.0,73449328696.0,-4353750903.0,-7728225536.0,1269234022.0,41465966732.0,-2809411045.0,-12646852205.0,19.0,43.79,202.86,-2.32,113.58,306.53,-10.71,94.92,681.67,37.3,43.66,24.38,-708.89
099390,브레인즈컴퍼니,CFS,43275964347.0,42253162580.0,40213472972.0,5355089653.0,3450911976.0,3586294583.0,7687700368.0,4102114403.0,4399865086.0,48186025337.0,43137975575.0,40441854530.0,25819289874.0,18252937748.0,17691442129.0,3338149750.0,4782130107.0,5308435625.0,5088493669.0,5039200998.0,4939541329.0,10.56,15.95,808.13,11.68,9.51,1224.41,12.21,10.88,1121.31,41.45,-30.2,3.17,-9.91
099410,동방선기,CFS,17350754809.0,15284880868.0,14708878431.0,10700156141.0,12195801019.0,3943088724.0,10756095924.0,14018495053.0,6088296320.0,35087554489.0,30296730044.0,28699446471.0,27307982909.0,24859836856.0,22981429138.0,3414161413.0,1399147607.0,490190517.0,4796478572.0,1280289910.0,1059098652.0,13.67,30.66,162.15,4.23,46.27,125.33,3.69,21.21,373.03,9.85,144.02,8.17,185.43
099430,바이오플러스,CFS,97336413172.0,106059470734.0,54416447918.0,10964251396.0,9477178751.0,7499185786.0,34745358340.0,31557510776.0,7936944436.0,138061396595.0,114960536369.0,80524996438.0,65042901061.0,56718818557.0,37418198215.0,28025617245.0,25271435156.0,18226355983.0,27421992294.0,20707913444.0,10673022989.0,19.86,25.17,887.76,18.01,27.45,1119.1,13.25,9.86,725.63,14.68,10.9,51.58,38.65
099440,스맥,CFS,140371141555.0,119549114810.0,116008152068.0,92532574080.0,109019778857.0,118106962192.0,100542856032.0,118764258538.0,131796007647.0,106807511329.0,74814571042.0,58456314119.0,176628631520.0,159473204075.0,128499940215.0,22035848534.0,11745651889.0,-10990413438.0,16680552004.0,9682109800.0,-16397975866.0,15.62,94.13,151.7,12.94,158.74,109.66,-28.05,225.46,98.22,10.76,87.61,24.1,206.87
099520,DGI,CFS,24276732257.0,17894193687.0,18282579591.0,1476204057.0,2995508028.0,12671194313.0,2909496778.0,4398191718.0,14995683500.0,25487496835.0,18670697904.0,8994631302.0,13391973891.0,25873130375.0,27428788078.0,-4392338334.0,422357578.0,-6556101643.0,-5034579008.0,1141790006.0,-10004001028.0,-19.75,11.42,1644.54,6.12,23.56,597.37,-111.22,166.72,144.28,-48.24,-1139.96,-5.67,106.44
099750,이지케어텍,CFS,36051745659.0,30977047348.0,29924037509.0,21892596402.0,20508523831.0,11828704983.0,25103239859.0,23774209929.0,19005623623.0,34161070395.0,31639054557.0,33880878472.0,73187504449.0,92072127032.0,76903899718.0,-4120069782.0,591155033.0,-3965510047.0,-9586318172.0,-3190472273.0,-7918870348.0,-28.06,73.48,164.68,-10.08,75.14,151.04,-23.37,56.1,252.98,-20.51,-796.95,19.72,114.91
100030,인지소프트,CFS,41149861624.0,28424861352.0,27694495961.0,9584328719.0,9273580475.0,17448227874.0,10171235459.0,10911502567.0,20238967628.0,53293130601.0,50072966858.0,46590926168.0,24205105067.0,23560257909.0,21100956999.0,3809480517.0,4861579243.0,4449598695.0,5351637807.0,4308653500.0,9574090953.0,10.04,19.09,429.35,8.6,21.79,306.51,20.55,43.44,158.72,2.74,-21.64,11.65,9.26
100120,뷰웍스,CFS,184652939482.0,189322037252.0,156720145067.0,72387166864.0,76007575481.0,49595762432.0,77028895370.0,79090397531.0,52608487388.0,215644538127.0,209318872954.0,188234088200.0,220250538558.0,237928812618.0,193139356525.0,18736462535.0,43658033657.0,34808871022.0,14759288697.0,26459378200.0,33500097523.0,6.84,35.72,255.09,12.64,37.78,249.08,17.8,27.95,316.0,-7.43,-57.08,23.19,25.42
100130,동국S&C,CFS,213797840709.0,219603177276.0,283437495157.0,213878087794.0,216894830534.0,151080755190.0,223262991133.0,222991249472.0,157648735812.0,249338999169.0,280031252527.0,293466327936.0,398256036328.0,477142893660.0,378775972995.0,-31751419911.0,-11395530339.0,18346300211.0,-30266271436.0,-8329417290.0,24072735197.0,-12.14,89.54,99.96,-2.97,79.63,101.25,8.2,53.72,187.61,-16.53,-178.63,25.97,-162.11
100590,머큐리,CFS,88374235489.0,88969346229.0,110349866581.0,33060322346.0,44046450785.0,59024836850.0,37447678379.0,46299253730.0,62995719934.0,100702172095.0,90254712181.0,86704915769.0,153627118426.0,163074227992.0,121604103517.0,4941134141.0,4883867876.0,5643021782.0,3306709387.0,535476094.0,5657066478.0,3.28,37.19,267.31,0.59,51.3,201.99,6.52,72.66,186.95,-5.79,1.17,34.1,-13.45
100660,서암기계공업,CFS,52714717409.0,54124440322.0,51725678138.0,10108969604.0,11508924482.0,10616164540.0,10108969604.0,11513724482.0,10648162288.0,65693871503.0,64132904603.0,62343012124.0,45836974166.0,50418205177.0,44874160526.0,613607689.0,1610872010.0,565876509.0,1926790260.0,2177351739.0,1273084279.0,2.93,15.39,521.46,3.4,17.95,470.28,2.04,17.08,487.24,-9.09,-61.91,12.35,184.67
100700,세운메디칼,CFS,107929060371.0,91588092394.0,82818524485.0,8297259493.0,6697231202.0,8159617202.0,8918878973.0,7454733905.0,8803819835.0,137692773711.0,125023946199.0,115921112241.0,68246934042.0,60116115365.0,62579463507.0,16920173786.0,12187019080.0,15386395959.0,15473940920.0,10639099637.0,12762153106.0,11.24,6.48,1300.78,8.51,5.96,1367.55,11.01,7.59,1014.98,13.53,38.84,-3.94,-20.79
100790,미래에셋벤처투자,CFS,,,,,,,767518446401.0,744782699271.0,615753668218.0,342356661462.0,298224522407.0,245953088479.0,217046631995.0,217962576104.0,274825054994.0,,,,20938521707.0,41386370894.0,65900657046.0,6.12,224.19,,13.88,249.74,,26.79,250.35,,-0.42,,-20.69,
101000,KS인더스트리,CFS,18136217382.0,26887142239.0,26377333678.0,27540690681.0,42714353345.0,20865722145.0,27926975475.0,43162428297.0,22327513523.0,15629926852.0,11013492056.0,24571418159.0,86351394044.0,74429394553.0,51155337034.0,10864027236.0,-14552082087.0,-3556959723.0,3679867950.0,-13870016140.0,-5141038569.0,23.54,178.68,65.85,-125.94,391.91,62.95,-20.92,90.87,126.41,16.02,174.66,45.5,-309.12
101160,월덱스,CFS,216255848713.0,162287937565.0,134488101181.0,49190966682.0,48229846672.0,51786777667.0,74191632356.0,75905443769.0,68466966070.0,239510376143.0,185892024621.0,143414417327.0,288087193001.0,255929775545.0,190057368425.0,64828878115.0,50701951182.0,40300789625.0,53849755426.0,41497460909.0,33432517485.0,22.48,30.98,439.63,22.32,40.83,336.49,23.31,47.74,259.7,12.56,27.86,34.66,25.81
101170,우림피티에스,CFS,46021297096.0,48183748501.0,45884876563.0,16126112964.0,8839457849.0,9835205860.0,16534535897.0,9039457849.0,10641302571.0,89542802113.0,86177728698.0,81992700248.0,57344901360.0,68321538257.0,60544381004.0,2473145469.0,5380206002.0,2027793002.0,5037601234.0,5094342354.0,3521620476.0,5.63,18.47,285.38,5.91,10.49,545.1,4.3,12.98,466.54,-16.07,-54.03,12.85,165.32
101240,씨큐브,CFS,42629792118.0,45923977705.0,41739043854.0,8186054617.0,12651162190.0,18026047606.0,15100622449.0,21523371605.0,24026206957.0,77045053160.0,64852037925.0,59611533568.0,51101481903.0,46284761435.0,40002344966.0,5030755309.0,6506493593.0,4087094517.0,3425389123.0,5383779353.0,3514129854.0,4.45,19.6,520.76,8.3,33.19,363.0,5.9,40.3,231.55,10.41,-22.68,15.71,59.2
101330,모베이스,CFS,552539649166.0,511929490898.0,507151009461.0,498032257089.0,462415444977.0,529739770969.0,622089503792.0,584939362094.0,649825482087.0,435831478971.0,407323995125.0,361792908530.0,1262831655164.0,1326886043820.0,1171801185591.0,40278032257.0,70623947018.0,14544188726.0,20439594740.0,24393349220.0,7647289796.0,4.69,142.74,110.94,5.99,143.61,110.71,2.11,179.61,95.74,-4.83,-42.97,13.23,385.58
101360,에코앤드림,CFS,55516919205.0,69583717105.0,76932520320.0,17623538401.0,31380718159.0,14471703145.0,53351974155.0,59925865030.0,48577920291.0,100890203969.0,79523357166.0,71617245415.0,51455287308.0,60522326102.0,77443553598.0,-2967415404.0,2252730403.0,7639012152.0,-10150669449.0,95215243.0,10029196032.0,-10.06,52.88,315.02,0.12,75.36,221.74,14.0,67.83,531.61,-14.98,-231.73,-21.85,-70.51
101400,엔시트론,CFS,34524514691.0,26734043054.0,29173303660.0,7836426515.0,7714123376.0,14469121993.0,8409858102.0,8123340041.0,15220312933.0,37474809979.0,29079770719.0,19867107683.0,35869230492.0,24846936261.0,15794482679.0,420783780.0,-175380519.0,652341287.0,1067997958.0,-217891817.0,-840190881.0,2.85,22.44,440.56,-0.75,27.93,346.56,-4.23,76.61,201.62,44.36,339.93,57.31,-126.88
101490,에스앤에스텍,CFS,118042480687.0,94153446461.0,99177643521.0,29187220783.0,30461127018.0,17092412291.0,35959971560.0,36358827310.0,23013583392.0,220798777193.0,190391469119.0,174425177332.0,150320408224.0,123506695451.0,98842798689.0,25039402690.0,16012815858.0,12610883776.0,25854851119.0,17464205801.0,11499406880.0,11.71,16.29,404.43,9.17,19.1,309.09,6.59,13.19,580.24,21.71,56.37,24.95,26.98
101670,하이드로리튬,CFS,63678643171.0,130333965205.0,25241670039.0,5625110614.0,9272350050.0,7782665595.0,33232750974.0,85286898841.0,9159364607.0,68948563471.0,55188804931.0,25412303063.0,22859151303.0,8492131009.0,15509086575.0,-35826848486.0,-3213350403.0,1435895080.0,-40551893222.0,-3475259900.0,-94549894.0,-58.81,48.2,1132.04,-6.3,154.54,1405.62,-0.37,36.04,324.33,169.18,-1014.94,-45.24,-323.79
101680,한국정밀기계,CFS,75423303973.0,78799441451.0,66376217063.0,45035579650.0,39677342660.0,31349332552.0,47603902331.0,43220152671.0,33648926519.0,40703434868.0,49028272175.0,48388827276.0,43727516189.0,42292335646.0,14782212483.0,-7015040631.0,1517355664.0,-10909355502.0,-7792165721.0,514204253.0,-10884095972.0,-19.14,116.95,167.47,1.05,88.15,198.6,-22.49,69.54,211.73,3.39,-562.32,186.1,113.91
101730,위메이드맥스,CFS,68212986455.0,102158190835.0,31552183141.0,44014460717.0,31971304324.0,10422256342.0,47987320524.0,43090492809.0,26105860870.0,81908847726.0,79678296146.0,27327631689.0,69763645185.0,86235273013.0,35521769802.0,3764265342.0,25281845048.0,291599387.0,2208079977.0,22559470537.0,-1502391402.0,2.7,58.59,154.98,28.31,54.08,319.53,-5.5,95.53,302.74,-19.1,-85.11,142.77,8570.06
101930,인화정공,CFS,74798440976.0,85858046592.0,101723744876.0,143470041815.0,158686201310.0,169586868261.0,150505493360.0,170371104528.0,175075129646.0,168685117566.0,170350605939.0,189624550573.0,103951073738.0,107304356811.0,110475018706.0,4885929293.0,8425026072.0,3629936675.0,2495128905.0,-10771026339.0,15263197737.0,1.48,89.22,52.14,-6.32,100.01,54.11,8.05,92.33,59.98,-3.13,-42.01,-2.87,132.1
101970,우양에이치씨,CFS,102510082384.0,97953704389.0,80662821396.0,85695830112.0,101937429822.0,89956127354.0,109076213383.0,131609853446.0,127569621387.0,146034174146.0,124645277326.0,121804821843.0,200055393194.0,120652726573.0,99851983058.0,25271416847.0,5227117874.0,215964334.0,21805463572.0,2135780152.0,134059370.0,14.93,74.69,119.62,1.71,105.59,96.09,0.11,104.73,89.67,65.81,383.47,20.83,2320.36
102120,어보브반도체,CFS,109505921106.0,127473142993.0,58830567677.0,108876239011.0,127749153276.0,20457920197.0,147690807918.0,158462978855.0,22183164030.0,140625984177.0,173068584293.0,111828760258.0,232436389092.0,242576796583.0,167498755290.0,-14643077325.0,25825288073.0,17622418239.0,-33443728959.0,12654577621.0,13707442319.0,-23.78,105.02,100.58,7.31,91.56,99.78,12.26,19.84,287.57,-4.18,-156.7,44.82,46.55
102370,케이옥션,CFS,63312342246.0,84611000512.0,44983269950.0,12751662321.0,17406058166.0,18110595477.0,87607022111.0,91373432666.0,24128144495.0,118743118052.0,126178632502.0,71029009556.0,12154926530.0,27716194318.0,38300247393.0,-4203376952.0,5819678380.0,13627268160.0,-6154263398.0,4027200837.0,10492541949.0,-5.18,73.78,496.5,3.19,72.42,486.1,14.77,33.97,248.38,-56.15,-172.23,-27.63,-57.29
102710,이엔에프테크놀로지,CFS,221277355155.0,259136755722.0,215618837847.0,221079522672.0,187596594139.0,185960815751.0,292358799664.0,270602941282.0,236554070163.0,366241945473.0,391676181644.0,346248370671.0,574762367332.0,680206980850.0,521795722530.0,24700466058.0,64645433271.0,26004269421.0,-23244757125.0,45002267196.0,18036326458.0,-6.35,79.83,100.09,11.49,69.09,138.14,5.21,68.32,115.95,-15.5,-61.79,30.36,148.6
102940,코오롱생명과학,CFS,105045244427.0,110184254209.0,98020932755.0,128341446112.0,109577506517.0,95469232343.0,171763575658.0,146394637797.0,135248149958.0,137671975689.0,167723249581.0,99410156636.0,124639034557.0,161583789633.0,132266924026.0,-24095033091.0,2641694089.0,1511821514.0,-30726340421.0,2133314840.0,-1374920968.0,-22.32,124.76,81.85,1.27,87.28,100.55,-1.38,136.05,102.67,-22.86,-1012.11,22.16,74.74
103230,에스앤더블류,CFS,42550996123.0,38407881960.0,16928948826.0,13902760093.0,13414468444.0,5366015280.0,21338938914.0,19507685682.0,14515889727.0,45429618806.0,42527273435.0,38735648996.0,43633590030.0,36015871826.0,29962986771.0,3232674061.0,2499623094.0,-305878811.0,3466819341.0,2325140936.0,-1278559630.0,7.63,46.97,306.06,5.47,45.87,286.32,-3.3,37.47,315.48,21.15,29.33,20.2,917.19
103840,우양,CFS,68553614952.0,64715324358.0,49525591706.0,88282628365.0,77150066687.0,66758015540.0,108966405532.0,110953726955.0,92891903398.0,41938092246.0,40068862057.0,41689507705.0,191294814010.0,163412927036.0,139168265812.0,1300007010.0,95871062.0,2056287770.0,-3919886806.0,-2998797807.0,1280447028.0,-9.35,259.83,77.65,-7.48,276.91,83.88,3.07,222.82,74.19,17.06,1256.0,17.42,-95.34
104040,디에스엠,CFS,25619164298.0,25442744607.0,28545948938.0,23419533765.0,24754553076.0,27129099792.0,25175441425.0,28405941870.0,28641060787.0,49632237444.0,51688531009.0,54774780879.0,29404450802.0,27255182909.0,32850559765.0,-2019748251.0,-2322588214.0,1070834765.0,-2056293565.0,-3086249870.0,953347390.0,-4.14,50.72,109.39,-5.97,54.96,102.78,1.74,52.29,105.22,7.89,13.04,-17.03,-316.9
104200,NHN벅스,CFS,28609612224.0,25640252418.0,29969341937.0,16387599945.0,17202086560.0,19117006312.0,21653285204.0,19860700320.0,20872699936.0,68985905841.0,73835692072.0,70903059822.0,56843263266.0,65845522202.0,64954327977.0,803513553.0,2082383800.0,5584180224.0,-5071080902.0,2527088599.0,-1258929820.0,-7.35,31.39,174.58,3.42,26.9,149.05,-1.78,29.44,156.77,-13.67,-61.41,1.37,-62.71
104460,디와이피엔에프,CFS,145636845027.0,74179809613.0,72998386798.0,140198190652.0,61382049529.0,35989580979.0,179314276979.0,103391558032.0,73013291835.0,111943685498.0,106874261657.0,96073798937.0,144055577245.0,113114608120.0,99632689614.0,8325039533.0,-11784582503.0,3784173836.0,5701141419.0,-11201325755.0,4628674038.0,5.09,160.18,103.88,-10.48,96.74,120.85,4.82,76.0,202.83,27.35,170.64,13.53,-411.42
104480,티케이케미칼,CFS,156978361631.0,222563578665.0,254653792908.0,343518012344.0,339231976638.0,323524730890.0,422880082353.0,483514905473.0,480900780691.0,949362679060.0,947929864901.0,667838398953.0,416317359659.0,620982174347.0,565548876045.0,-32001572627.0,22933282699.0,88042300672.0,-8916267156.0,275231355241.0,350832727696.0,-0.94,44.54,45.7,29.03,51.01,65.61,52.53,72.01,78.71,-32.96,-239.54,9.8,-73.95
104540,코렌텍,CFS,115465868511.0,114222645371.0,84893480705.0,93408421349.0,66231301988.0,22176462457.0,101006385110.0,96562492166.0,62268239005.0,86121178399.0,75254415256.0,56634887007.0,92046040615.0,63908978499.0,44629700360.0,7052267458.0,5845001049.0,3778545248.0,5134788012.0,2651185656.0,763944031.0,5.96,117.28,123.61,3.52,128.31,172.46,1.35,109.95,382.81,44.03,20.65,43.2,54.69
104620,노랑풍선,CFS,52295278000.0,37598418716.0,36992794174.0,64400465448.0,60124782535.0,43657382900.0,64990569262.0,60317235911.0,44448585232.0,40289799862.0,32682264283.0,43505018599.0,98612582467.0,22004644714.0,2928455618.0,6616430893.0,-20911540681.0,-14717001105.0,5694821504.0,-24316354657.0,-10105010390.0,14.13,161.31,81.2,-74.4,184.56,62.53,-23.23,102.17,84.73,348.14,131.64,651.41,-42.09
104830,원익머트리얼즈,CFS,133049048177.0,246955278704.0,137372514280.0,47541951867.0,136389983817.0,68771025257.0,49969021497.0,137651227352.0,70656710261.0,448262198627.0,445366959345.0,392274633324.0,391674584740.0,581258025083.0,310729301325.0,24689972889.0,88797905994.0,50511405163.0,13844926017.0,57731833051.0,52797680988.0,3.09,11.15,279.86,12.96,30.91,181.07,13.46,18.01,199.75,-32.62,-72.2,87.06,75.8
105330,케이엔더블유,CFS,64850370981.0,54242228215.0,65569820996.0,22419464690.0,47207545846.0,63453857440.0,26714947169.0,64346370697.0,97577500887.0,125108652407.0,78465943776.0,57858150931.0,95369711653.0,99581713544.0,71831826399.0,5220758004.0,15288528632.0,7720856379.0,2052430873.0,18066710742.0,1019976892.0,1.64,21.35,289.26,23.02,82.01,114.9,1.76,168.65,103.33,-4.23,-65.85,38.63,98.02
105550,엣지파운드리,CFS,38970647619.0,33472559069.0,61848043905.0,45086156659.0,42584217572.0,53083868193.0,48168048296.0,46068274799.0,56693453246.0,56134877719.0,68097309760.0,60181250330.0,37040201905.0,36001329061.0,39640750370.0,-4835961140.0,-2047021565.0,6436167948.0,-21329840306.0,-5417374181.0,-10045030308.0,-38.0,85.81,86.44,-7.96,67.65,78.6,-16.69,94.2,116.51,2.89,-136.24,-9.18,-131.8
105740,디케이락,CFS,99391160563.0,88877012754.0,71470189568.0,51683540603.0,54402157842.0,29700498063.0,58505568027.0,60125460630.0,54486530619.0,132885926579.0,112732121791.0,98938529259.0,111449391562.0,109938203104.0,85547048248.0,11788299787.0,11418619280.0,8356072352.0,11552198451.0,5845398783.0,8998352676.0,8.69,44.03,192.31,5.19,53.33,163.37,9.09,55.07,240.64,1.37,3.24,28.51,36.65
105760,포스뱅크,CFS,40995204682.0,42733356620.0,38963888851.0,17473051236.0,18978869540.0,25059075409.0,21688130032.0,31521357175.0,36088334994.0,40145417672.0,32369661156.0,17031103781.0,79284386397.0,91488384999.0,91496346476.0,8430180763.0,11992232752.0,9436568051.0,7530047880.0,6967992579.0,8609153489.0,18.76,54.02,234.62,21.53,97.38,225.16,50.55,211.9,155.49,-13.34,-29.7,-0.01,27.08
106080,케이이엠텍,CFS,15912641388.0,15632138082.0,13615425441.0,9586701734.0,2539295368.0,5880484332.0,10655624955.0,3017222604.0,6905069541.0,11935929330.0,15602913553.0,9938122604.0,4994194351.0,16828216399.0,4269512680.0,-3681648939.0,681911680.0,-3001486828.0,-11288617056.0,789574954.0,-8754924512.0,-94.58,89.27,165.99,5.06,19.34,615.61,-88.09,69.48,231.54,-70.32,-639.9,294.15,122.72
106190,하이텍팜,CFS,56571250510.0,52040400443.0,40488432432.0,22785320219.0,31738264181.0,22702926972.0,28063663960.0,32263083649.0,29051927692.0,106994353345.0,99938902322.0,93884933755.0,76772140714.0,102947209339.0,73287282221.0,10088910954.0,4927317429.0,-412023756.0,8076496177.0,5872932393.0,-1225400562.0,7.55,26.23,248.28,5.88,32.28,163.97,-1.31,30.94,178.34,-25.43,104.75,40.47,1295.88
106240,파인테크닉스,CFS,43129375200.0,48115617268.0,196746668045.0,36805571294.0,34990121674.0,103110254566.0,68116579366.0,59311362190.0,175582041924.0,102868554431.0,104241532461.0,159690075014.0,59576122521.0,51459059482.0,50358674682.0,1247614307.0,724352897.0,2838703632.0,-6007477378.0,251398664399.0,53547268427.0,-5.84,66.22,117.18,241.17,56.9,137.51,33.53,109.95,190.81,15.77,72.24,2.19,-74.48
107600,새빗켐,CFS,50923148526.0,69588385849.0,13507038742.0,19165912509.0,10979617321.0,6707864679.0,35527916081.0,26447013598.0,9239494801.0,63069932435.0,63145228920.0,14646397536.0,45990061261.0,48126170903.0,33388663651.0,-4902529763.0,10199488063.0,5540032480.0,-1174895745.0,7701034860.0,4422891976.0,-1.86,56.33,265.7,12.2,41.88,633.8,30.2,63.08,201.36,-4.44,-148.07,44.14,84.11
107640,한중엔시에스,CFS,42477531188.0,49304117876.0,44584370168.0,64618760102.0,58198890436.0,59977668780.0,109107248013.0,89163100435.0,75341330355.0,13495605278.0,28300405108.0,18008261252.0,121551317604.0,88517278283.0,89564029580.0,-12672781604.0,-13924873767.0,1688714197.0,-18648295992.0,-20264027789.0,-1858831247.0,-138.18,808.47,65.74,-71.6,315.06,84.72,-10.32,418.37,74.33,37.32,8.99,-1.17,-924.58
108230,톱텍,CFS,592591579833.0,289189548007.0,230966640445.0,362415721126.0,130264096823.0,77585626878.0,385026554042.0,148533080500.0,82995688040.0,392680649063.0,329638722756.0,320398236011.0,601655992697.0,344978629562.0,164876776741.0,68950679380.0,20844214093.0,-88639251010.0,48145459802.0,5968779137.0,-106288778237.0,12.26,98.05,163.51,1.81,45.06,222.0,-33.17,25.9,297.69,74.4,230.79,109.23,123.52
108380,대양전기공업,CFS,152193846769.0,127196709298.0,114662747994.0,70905912984.0,41386238914.0,32079870118.0,72272462333.0,42643345113.0,33313327791.0,225677809604.0,218469177704.0,226690062095.0,154347176318.0,130396027254.0,136604762213.0,3734425846.0,-9885634582.0,7259306665.0,8378787832.0,-7496350570.0,8836987665.0,3.71,32.02,214.64,-3.43,19.52,307.34,3.9,14.7,357.43,18.37,137.78,-4.55,-236.18
108490,로보티즈,CFS,81163877545.0,90710133440.0,50051550296.0,18766996278.0,16469367459.0,9093308071.0,19154455762.0,38136875373.0,9916796980.0,95840881737.0,84657805401.0,70210408851.0,29127949488.0,25856449323.0,22358193241.0,-5298796747.0,-2160534050.0,-928967630.0,-1299719460.0,-224151043.0,728852501.0,-1.36,19.99,432.48,-0.26,45.05,550.78,1.04,14.12,550.42,12.65,-145.25,15.65,-132.57
108860,셀바스AI,CFS,123610574610.0,47671620907.0,53539901807.0,17195015950.0,19004025269.0,24590010736.0,24271465951.0,35105427917.0,42393229778.0,168519458520.0,72401013822.0,56012390731.0,53011546842.0,50869207977.0,48578321915.0,4086696337.0,5154506648.0,5594283545.0,-125084596.0,7888821991.0,4810732485.0,-0.07,14.4,718.87,10.9,48.49,250.85,8.59,75.69,217.73,4.21,-20.72,4.72,-7.86
109080,옵티시스,CFS,42720819718.0,44130698983.0,39468742779.0,5270407191.0,4993948324.0,4955870126.0,5646715433.0,5665399859.0,5515160581.0,52430677657.0,51091414369.0,44732105514.0,21994615123.0,28704721599.0,24166396128.0,831109475.0,7735860693.0,4243688108.0,2307328888.0,7392987805.0,5796982374.0,4.4,10.77,810.58,14.47,11.09,883.68,12.96,12.33,796.4,-23.38,-89.26,18.78,82.29
109610,에스와이,CFS,233248848982.0,227788007302.0,207966095811.0,183883202904.0,200548884045.0,167550091404.0,230686364567.0,229220220205.0,204702063885.0,195741981913.0,189204563855.0,182714984631.0,553670148803.0,537202459035.0,424097800251.0,13557446896.0,14015573975.0,14110179718.0,-9536409950.0,8047906301.0,9018442236.0,-4.87,117.85,126.85,4.25,121.15,113.58,4.94,112.03,124.12,3.07,-3.27,26.67,-0.67
109670,씨싸이트,CFS,82385023600.0,76284833088.0,79087138271.0,40556256347.0,40956572791.0,48805524616.0,44907447190.0,44832841776.0,51865898353.0,53661979954.0,49910248932.0,43645979031.0,152290472951.0,185575942387.0,174681034953.0,780412614.0,13172869197.0,12669210848.0,-4245995655.0,8888049664.0,10962264295.0,-7.91,83.69,203.14,17.81,89.83,186.26,25.12,118.83,162.05,-17.94,-94.08,6.24,3.98
109740,디에스케이,CFS,82365200945.0,99678111812.0,105727570101.0,19915657744.0,44243752921.0,29462249249.0,21340056984.0,46773467226.0,32994123304.0,149529570101.0,147055252631.0,158091770034.0,71500309073.0,48231988775.0,49791112178.0,-9707377173.0,-13124132223.0,-6460371783.0,3575821124.0,-9618652931.0,-3966279304.0,2.39,14.27,413.57,-6.54,31.81,225.29,-2.51,20.87,358.86,48.24,26.03,-3.13,-103.15
109820,진매트릭스,CFS,19404565894.0,21279575701.0,21112639467.0,4519236240.0,5006383357.0,5343442713.0,8205695292.0,7716614588.0,7211197184.0,23148242027.0,24185697216.0,32320896824.0,9814502688.0,11214478726.0,12106152777.0,-2548038790.0,-1522926015.0,-1225046037.0,-894937562.0,-8111332377.0,-987676789.0,-3.87,35.45,429.38,-33.54,31.91,425.05,-3.06,22.31,395.11,-12.48,-67.31,-7.37,-24.32
109860,동일금속,CFS,74932809190.0,77966640435.0,50457638897.0,10503812642.0,19407529458.0,14422113977.0,11406005582.0,23589132617.0,20745025039.0,150584456845.0,153590621583.0,141812283198.0,110445489877.0,111439113384.0,69383015106.0,12368057822.0,13932278391.0,1995504694.0,318836223.0,14029922792.0,15065863977.0,0.21,7.57,713.39,9.13,15.36,401.73,10.62,14.63,349.86,-0.89,-11.23,60.61,598.18
109960,앱토크롬,CFS,20231526331.0,107987910489.0,112237991697.0,27310074124.0,12004886286.0,3115136681.0,29292206444.0,13955799426.0,4501911211.0,287264870277.0,207474192679.0,222240192375.0,16006600520.0,9597995160.0,8416313292.0,188594164.0,-930460042.0,-2579442554.0,4171316164.0,2430508954.0,2647323868.0,1.45,10.2,74.08,1.17,6.73,899.53,1.19,2.03,3602.99,66.77,120.27,14.04,63.93
110020,전진바이오팜,CFS,7766689019.0,4756101715.0,16157878539.0,11212759049.0,7947088453.0,13979220162.0,11484009185.0,8358976609.0,14021559666.0,6219660916.0,9565426482.0,10795655811.0,15680552055.0,7794175890.0,3214363898.0,-1244871755.0,-3135915724.0,-3029817431.0,-6439821104.0,-3113030365.0,-2108187585.0,-103.54,184.64,69.27,-32.54,87.39,59.85,-19.53,129.88,115.58,101.18,60.3,142.48,-3.5
110790,크리스에프앤씨,CFS,271308843409.0,240409109955.0,259595338262.0,179270750830.0,176428869334.0,119419902165.0,318694811959.0,285281050632.0,120322446278.0,371336241438.0,315960902762.0,305977822482.0,367042824810.0,380916686435.0,375939070154.0,46109132297.0,78487509910.0,87103244505.0,23232945009.0,26362620669.0,68131426551.0,6.26,85.82,151.34,8.34,90.29,136.26,22.27,39.32,217.38,-3.64,-41.25,1.32,-9.89
110990,디아이티,CFS,168030064732.0,200308838931.0,270936967626.0,24624679312.0,76191158845.0,150144208626.0,25724443546.0,77060507770.0,150844204532.0,186126703465.0,177781960437.0,168250476995.0,107061292801.0,132874920170.0,76092185278.0,8644231654.0,5534308739.0,-5895216999.0,13163567178.0,9269367569.0,-1456401469.0,7.07,13.82,682.36,5.21,43.35,262.9,-0.87,89.65,180.45,-19.43,56.19,74.62,193.88
111710,남화산업,CFS,58174904894.0,59190668951.0,45816572889.0,2303567007.0,4272988938.0,4400269903.0,13348928568.0,14162953451.0,15107995998.0,179722931969.0,168517073106.0,151874774976.0,24670582732.0,30435802726.0,25893224088.0,11794142261.0,17721459369.0,13828657220.0,17655540121.0,20643476480.0,13736701601.0,9.82,7.43,2525.43,12.25,8.4,1385.23,9.04,9.95,1041.22,-18.94,-33.45,17.54,28.15
112040,위메이드,CFS,421994164740.0,405362214973.0,399201209864.0,889482394092.0,722669210953.0,355036031436.0,1016961075732.0,895502859674.0,383599172258.0,400778285482.0,534328321556.0,643700927035.0,605252428314.0,463491566220.0,334983131724.0,-110440776864.0,-84938285329.0,97350931326.0,-206682445625.0,-185755765680.0,308090969487.0,-51.57,253.75,47.44,-34.76,167.59,56.09,47.86,59.59,112.44,30.59,-30.02,38.36,-187.25
112290,와이씨켐,CFS,47462576744.0,50572503670.0,18187648333.0,41643397532.0,35566496579.0,39106370451.0,59082674475.0,48541169392.0,53998065560.0,60485923405.0,67546944291.0,27713363908.0,62271679259.0,82350140227.0,66430133756.0,-7826006885.0,5314562193.0,2236050235.0,-6051969111.0,4164612028.0,-813866771.0,-10.01,97.68,113.97,6.17,71.86,142.19,-2.94,194.84,46.51,-24.38,-247.26,23.97,137.68
113810,디젠스,CFS,39618574616.0,33360169570.0,41150676144.0,33073670679.0,33131277995.0,35239849956.0,43032452088.0,39233107673.0,47831516393.0,17659503395.0,16289671973.0,16903703764.0,86034323901.0,64951916649.0,64847839848.0,2994699131.0,217718512.0,2694198778.0,2962835703.0,-2100083007.0,3761931990.0,16.78,243.68,119.79,-12.89,240.85,100.69,22.26,282.96,116.77,32.46,1275.49,0.16,-91.92
114190,강원에너지,CFS,121019624897.0,47413444640.0,31351053153.0,108055058298.0,43851138091.0,11615852912.0,129008631526.0,52121351305.0,12944572211.0,42520244089.0,32317888559.0,28593603474.0,139211241785.0,71379940397.0,44163151085.0,6927849462.0,2618432436.0,1916422292.0,5262049560.0,3456098463.0,5795693948.0,12.38,303.41,112.0,10.69,161.28,108.12,20.27,45.27,269.9,95.03,164.58,61.63,36.63
114450,그린생명과학,CFS,21712228319.0,26443405641.0,26892374686.0,7393532542.0,9436509646.0,15241565588.0,7874427156.0,9792757954.0,15678907355.0,35954000899.0,52638974575.0,56298331801.0,22369480277.0,36504906975.0,25337689222.0,-4643025625.0,-3958046716.0,-4648268142.0,-16357737235.0,-3525567796.0,-3135871535.0,-45.5,21.9,293.67,-6.7,18.6,280.22,-5.57,27.85,176.44,-38.72,-17.31,44.07,14.85
114630,폴라리스우노,CFS,81293212527.0,83362569812.0,83535332213.0,25352537723.0,24678819324.0,38226923830.0,26331952555.0,25097659532.0,38295297352.0,101754387709.0,86747182279.0,76564628245.0,78051382009.0,97046339631.0,66957794021.0,5472293412.0,7478790709.0,5839153000.0,7637406631.0,3706974726.0,4721920089.0,7.51,25.88,320.65,4.27,28.93,337.79,6.17,50.02,218.52,-19.57,-26.83,44.94,28.08
114810,한솔아이원스,CFS,72240554870.0,99779371310.0,58214012507.0,44306012166.0,70826461348.0,93029026673.0,69020318711.0,76552162587.0,98042189744.0,151877715855.0,150815226841.0,81222496695.0,123932727886.0,163912364523.0,163667400665.0,8216796871.0,36072901461.0,38460899939.0,2131749985.0,28291077995.0,27603596494.0,1.4,45.44,163.05,18.76,50.76,140.88,33.99,120.71,62.58,-24.39,-77.22,0.15,-6.21
114840,아이패밀리에스씨,CFS,65766739122.0,48152686221.0,49256710634.0,10674981583.0,12124450880.0,10787344222.0,20838610964.0,22129450880.0,11441955204.0,68994279177.0,50204175100.0,41532632651.0,148685912955.0,85335168954.0,71618219782.0,23996195140.0,9508401029.0,5599387454.0,19997096910.0,7639365495.0,3644727400.0,28.98,30.2,616.08,15.22,44.08,397.15,8.78,27.55,456.62,74.24,152.37,19.15,69.81
115160,휴맥스,CFS,371324868534.0,470767510028.0,542153033857.0,357458343558.0,441351704349.0,405242669395.0,584535876183.0,685054658593.0,592866788304.0,247901935452.0,322512169690.0,377346890746.0,652633704041.0,689475252984.0,643887901732.0,11209323507.0,-5263657510.0,-50272259520.0,-78416381505.0,-51083132051.0,-40934434347.0,-31.63,235.79,103.88,-15.84,212.41,106.66,-10.85,157.11,133.78,-5.34,312.96,7.08,89.53
115180,큐리언트,CFS,44387750152.0,34232063550.0,53882589803.0,2327928085.0,2952240920.0,2763023829.0,2612112693.0,3275403934.0,3545267802.0,47148846791.0,35136260479.0,54076235065.0,9031807070.0,8468552823.0,4885914304.0,-23213207544.0,-27474716001.0,-24242893650.0,-22248991298.0,-27118103413.0,-23680819850.0,-47.19,5.54,1906.75,-77.18,9.32,1159.53,-43.79,6.56,1950.13,6.65,15.51,73.33,-13.33
115310,인포바인,CFS,84680343145.0,77316335053.0,77118831020.0,8154232383.0,7739289372.0,2756586585.0,8547712928.0,8182771339.0,3443273222.0,106242177052.0,102021182204.0,95629358957.0,22791114590.0,20905709137.0,19485736337.0,7757251226.0,6859257458.0,6370597284.0,7157275748.0,6010939147.0,5705506262.0,6.74,8.05,1038.48,5.89,8.02,999.01,5.97,3.6,2797.62,9.02,13.09,7.29,7.67
115440,우리넷,CFS,89984859755.0,81670935484.0,77821790128.0,41930170090.0,50904802764.0,36145150214.0,46189226647.0,52458125239.0,36304570247.0,76375473694.0,59629389908.0,61695063212.0,119069644043.0,62265973516.0,60410288476.0,8480464711.0,-6948319778.0,2367343254.0,5693282759.0,-9750878724.0,1929923408.0,7.45,60.48,214.61,-16.35,87.97,160.44,3.13,58.85,215.3,91.23,222.05,3.07,-393.51
115450,HLB테라퓨틱스,CFS,49824757382.0,80011653445.0,113252822464.0,26790663522.0,58627728110.0,56716797449.0,29275990847.0,59527711982.0,59671893469.0,171518861900.0,128115546300.0,130039316737.0,53749062575.0,42402741736.0,43586410995.0,-8700260456.0,-7506563227.0,-11086954548.0,-3079320239.0,-12104142578.0,-17764300601.0,-1.8,17.07,185.98,-9.45,46.46,136.47,-13.66,45.89,199.68,26.76,-15.9,-2.72,32.29
115480,씨유메디칼,CFS,34426160111.0,31235168004.0,53591265993.0,27504214343.0,10831387941.0,16403796327.0,31429449500.0,29151113848.0,23821574751.0,54221024253.0,59260795243.0,49019382464.0,41803052141.0,46957359252.0,35402267064.0,4940532433.0,11117955163.0,7184031902.0,-8135967945.0,9511267417.0,-14141200708.0,-15.01,57.97,125.17,16.05,49.19,288.38,-28.85,48.6,326.7,-10.98,-55.56,32.64,54.76
115500,케이씨에스,CFS,17455839310.0,28582480998.0,23870960119.0,6989378814.0,20501085618.0,9967854730.0,7111166509.0,20761310846.0,12344227335.0,19427365571.0,18281203200.0,20578800329.0,47725941122.0,41688296303.0,39548973022.0,3154888846.0,544992865.0,4163619792.0,2769225118.0,829033742.0,2681799134.0,14.25,36.6,249.75,4.53,113.57,139.42,13.03,59.99,239.48,14.48,478.89,5.41,-86.91
115530,씨엔플러스,CFS,24993828729.0,25412199268.0,14093506421.0,20147527829.0,23200747537.0,10896190552.0,22752666764.0,23302078207.0,13090004611.0,11291653224.0,11608188300.0,9898659023.0,36261410433.0,43042658055.0,31621537030.0,961055940.0,1382532301.0,-140540518.0,391812326.0,1737035104.0,-1085297433.0,3.47,201.5,124.05,14.96,200.74,109.53,-10.96,132.24,129.34,-15.75,-30.49,36.12,1083.73
115570,스타플렉스,CFS,41235300349.0,50536919298.0,54088740170.0,27869782396.0,36701995545.0,47631057037.0,29732349883.0,38178853072.0,49178404059.0,63143560677.0,77868107538.0,71218050069.0,70700646378.0,104072501016.0,84992037898.0,-3406826203.0,3963756222.0,-3751488732.0,-14742876603.0,6537004317.0,6958283171.0,-23.35,47.09,147.96,8.39,49.03,137.7,9.77,69.05,113.56,-32.07,-185.95,22.45,205.66
115610,이미지스,CFS,19051986852.0,14035322004.0,9627527366.0,14652222905.0,4693334908.0,2925525891.0,16053358968.0,6059888333.0,3011492730.0,6283354595.0,10512001477.0,8583549315.0,16100183610.0,21917076908.0,21320668621.0,-2313092777.0,1551363628.0,560614984.0,-4610901786.0,1806425437.0,882717282.0,-73.38,255.49,130.03,17.18,57.65,299.05,10.28,35.08,329.09,-26.54,-249.1,2.8,176.73
117670,알파칩스,CFS,23173370370.0,31397500422.0,45843403843.0,18230371060.0,34458973266.0,55060300140.0,23060264322.0,37427967447.0,66268642324.0,34716692225.0,50487295681.0,82132677923.0,79873110316.0,89824586672.0,74448361724.0,-2778151380.0,-3226870797.0,-5004237081.0,-23028082927.0,-51180836997.0,-13853743760.0,-66.33,66.42,127.11,-101.37,74.13,91.12,-16.87,80.68,83.26,-11.08,13.91,20.65,35.52
117730,티로보틱스,CFS,87879494510.0,44288672739.0,34627617249.0,93220763052.0,43054800623.0,48917469687.0,102291002029.0,63376349954.0,61016093382.0,30701563778.0,24138507842.0,24776611499.0,66716568313.0,56729389196.0,44123037871.0,-8210044979.0,-2339634861.0,-6569915231.0,-49702180376.0,-1312960041.0,-11253198144.0,-161.89,333.18,94.27,-5.44,262.55,102.87,-45.42,246.26,70.79,17.6,-250.91,28.57,64.39
118990,모트렉스,CFS,269815654925.0,268764237950.0,207899829679.0,207860857980.0,174975168214.0,161330495175.0,325748740135.0,331584711563.0,319736288359.0,205401625205.0,176073850532.0,133232115343.0,531030803840.0,568500868925.0,436702260922.0,53191037304.0,58815201894.0,35319058856.0,31609201449.0,38499185399.0,11558803584.0,15.39,158.59,129.81,21.87,188.32,153.6,8.68,239.98,128.87,-6.59,-9.56,30.18,66.53
119500,포메탈,CFS,24155461129.0,24022537749.0,20001944710.0,14699243096.0,15293832938.0,13071371312.0,16325734700.0,18904485655.0,17449155648.0,49221639572.0,48240799931.0,47026010325.0,71095183868.0,69599538303.0,62089298680.0,2143509737.0,2017778037.0,2108558142.0,1909472645.0,1726543563.0,2012075543.0,3.88,33.17,164.33,3.58,39.19,157.07,4.28,37.11,153.02,2.15,6.23,12.1,-4.31
119610,인터로조,CFS,159651694377.0,136488014986.0,125536498588.0,79226274675.0,75025490395.0,41214813965.0,91005204245.0,79998826350.0,57312125851.0,187757903838.0,179306370057.0,173180035949.0,121842779445.0,117822392382.0,107534829800.0,18315172070.0,24173707659.0,22640919915.0,13785558092.0,18622225721.0,14720312288.0,7.34,48.47,201.51,10.39,44.62,181.92,8.5,33.09,304.59,3.41,-24.24,9.57,6.77
119830,아이텍,CFS,121599018468.0,105162768379.0,68228047669.0,63016977992.0,27763308931.0,25755530865.0,73153968454.0,37305846762.0,39808349597.0,147468841448.0,141710240241.0,108332640712.0,83264313856.0,76653831108.0,64741204760.0,-7176006243.0,717822628.0,3196386781.0,-10538172914.0,21662247063.0,-8132390799.0,-7.15,49.61,192.96,15.29,26.33,378.78,-7.51,36.75,264.91,8.62,-1099.69,18.4,-77.54
119850,지엔씨에너지,CFS,109354769625.0,103198206348.0,109860369553.0,63946773404.0,53488053804.0,49775383381.0,64280333511.0,53726055513.0,50090772049.0,122812034554.0,117038808123.0,115298793435.0,166417408343.0,148546394356.0,122487908387.0,11022900658.0,6093453058.0,6912099456.0,11704975205.0,25993510083.0,3755776680.0,9.53,52.34,171.01,22.21,45.9,192.94,3.26,43.44,220.71,12.03,80.9,21.27,-11.84
120240,대정화금,CFS,89488914269.0,74362558735.0,71304992566.0,22721582843.0,23139515774.0,23914030489.0,29707151148.0,27165323583.0,27907714938.0,166621380350.0,146634090203.0,135063064252.0,93282650935.0,96607882674.0,88928805830.0,10995939901.0,11592433055.0,7898935273.0,12959127696.0,13742269137.0,8445026040.0,7.78,17.83,393.85,9.37,18.53,321.37,6.25,20.66,298.17,-3.44,-5.15,8.64,46.76
121440,골프존홀딩스,CFS,144453432380.0,146047574957.0,126109076177.0,152987209502.0,138243291520.0,206206721368.0,324104225967.0,323534142558.0,338057963739.0,712627637950.0,685290151767.0,601359597644.0,427096092866.0,488754684014.0,417687053096.0,53112519604.0,94445934139.0,73192953769.0,37647583403.0,88010331449.0,135856900525.0,5.28,45.48,94.42,12.84,47.21,105.65,22.59,56.22,61.16,-12.62,-43.76,17.01,29.04
121600,나노신소재,CFS,332260551629.0,163349612569.0,83060564366.0,18434810362.0,12045975919.0,15769708255.0,190539608600.0,14866317449.0,21428792651.0,239501924329.0,198894647651.0,99819922203.0,83170197743.0,79912146327.0,61068879919.0,11892080207.0,16822813569.0,5721638898.0,16774215500.0,19180163937.0,7429567940.0,7.0,79.56,1802.35,9.64,7.47,1356.05,7.44,21.47,526.71,4.08,-29.31,30.86,194.02
121800,비덴트,CFS,69719396865.0,113980927017.0,250995078966.0,77009156562.0,116840220209.0,182346167915.0,79849263095.0,182000583531.0,308945959319.0,568760444017.0,591461649625.0,672884174362.0,10016939696.0,15845457360.0,17686241397.0,-9887229423.0,-2711623825.0,772428692.0,-25906500192.0,-161741414629.0,232275437555.0,-4.55,14.04,90.53,-27.35,30.77,97.55,34.52,45.91,137.65,-36.78,-264.62,-10.41,-451.05
121850,코이즈,CFS,14517064636.0,23856232844.0,8241551826.0,14174942415.0,16635748259.0,10596621849.0,18657395207.0,21364739471.0,21892163620.0,14993787311.0,19151870983.0,4511608538.0,16392594426.0,9702666379.0,16187125981.0,-4103033489.0,-7209998290.0,-9411009382.0,-4436056343.0,-8978718383.0,-13361589070.0,-29.59,124.43,102.41,-46.88,111.55,143.4,-296.16,485.24,77.78,68.95,43.09,-40.06,23.39
121890,에스디시스템,CFS,9704533155.0,8328713699.0,10044195106.0,2513751407.0,3870134579.0,6057677933.0,2592383039.0,3961945828.0,6259247545.0,12018690353.0,9376584564.0,7970952983.0,21295259282.0,22496607372.0,21417406015.0,1026101676.0,-730035431.0,1670521438.0,2637243723.0,-602631970.0,2408783097.0,21.94,21.57,386.06,-6.43,42.25,215.2,30.22,78.53,165.81,-5.34,240.56,5.04,-143.7
122310,제노레이,CFS,69046814897.0,68446611149.0,71869523344.0,22677072516.0,17472828834.0,19473045803.0,28736501348.0,18234660297.0,20555081244.0,95533182650.0,87963466279.0,78816903829.0,97897440573.0,82604106563.0,74290405220.0,12757041199.0,14917969338.0,14967736890.0,12356204108.0,13900299511.0,14322855375.0,12.93,30.08,304.48,15.8,20.73,391.73,18.17,26.08,369.07,18.51,-14.49,11.19,-0.33
122350,삼기,CFS,217796240392.0,208650641955.0,199335962899.0,293368283762.0,237762074254.0,254190467076.0,423885237583.0,358365135607.0,371148837051.0,171181121739.0,120615902444.0,150238872142.0,537441450272.0,524145243101.0,504511907918.0,7809072777.0,11468310897.0,-4147554896.0,8267468161.0,-27607667576.0,-12068121648.0,4.83,247.62,74.24,-22.89,297.11,87.76,-8.03,247.04,78.42,2.54,-31.91,3.89,376.51
122450,KX,CFS,424687818927.0,219755802714.0,209721520159.0,526871917290.0,199906052113.0,171558685866.0,687350256221.0,539460450623.0,513683381256.0,350243370412.0,339606522733.0,323669722449.0,403052353616.0,326266098023.0,288948790879.0,62019517372.0,78631717079.0,74114719791.0,26600421613.0,37918026479.0,64130826116.0,7.59,196.25,80.61,11.17,158.85,109.93,19.81,158.71,122.24,23.53,-21.13,12.91,6.09
122640,예스티,CFS,80258031219.0,44521301572.0,68652792272.0,99846605789.0,71928317143.0,83442109571.0,132180150057.0,107751529517.0,129924791908.0,77420595585.0,81988801271.0,85058907118.0,79808251218.0,75993760726.0,72405194962.0,-411044492.0,-16881819932.0,-11102089873.0,-28720010401.0,-5229521023.0,-21632449542.0,-37.1,170.73,80.38,-6.38,131.42,61.9,-25.43,152.75,82.28,5.02,97.57,4.96,-52.06
122690,서진오토모티브,CFS,554901875556.0,487421129517.0,398906908440.0,701193185299.0,648473281266.0,596994582092.0,985539423108.0,834665770110.0,729528210734.0,260623799479.0,212512005922.0,181980933503.0,2451930583574.0,2093667836219.0,1761584870866.0,73758587434.0,46358890455.0,21649870870.0,38345370639.0,23455126326.0,6046442820.0,14.71,378.15,79.14,11.04,392.76,75.16,3.32,400.88,66.82,17.11,59.1,18.85,114.13
122870,와이지엔터테인먼트,CFS,341155416879.0,311016637294.0,239933810655.0,141893103401.0,143804432005.0,100109078066.0,157044777911.0,186584445794.0,138720463804.0,585158756834.0,526288054590.0,482763052260.0,569195078742.0,391174512956.0,321636184178.0,86932081062.0,46639449138.0,47008181050.0,76984258248.0,46774637912.0,22861681902.0,13.16,26.84,240.43,8.89,35.45,216.28,4.74,28.73,239.67,45.51,86.39,21.62,-0.78
122990,와이솔,CFS,176377968706.0,192515687879.0,196190041089.0,45436058028.0,56182096954.0,59730083378.0,49225130442.0,58899982365.0,61667449622.0,347900656510.0,342485792806.0,365117232708.0,369736286348.0,345885430881.0,370910101924.0,13484696786.0,-12970736720.0,13922153398.0,13209326806.0,-14776424576.0,27035739160.0,3.8,14.15,388.19,-4.31,17.2,342.66,7.4,16.89,328.46,6.9,203.96,-6.75,-193.17
123010,알엔티엑스,CFS,39179406114.0,48667652723.0,28472028038.0,28984694894.0,23573946211.0,10509893394.0,30271026033.0,24768325651.0,17502595012.0,45534706824.0,55180992573.0,27128887871.0,32289441722.0,12009259381.0,8616228599.0,-10123065895.0,-6002443643.0,-3294165138.0,-12225996329.0,-5253368446.0,-4819589536.0,-26.85,66.48,135.17,-9.52,44.89,206.45,-17.77,64.52,270.91,168.87,-68.65,39.38,-82.21
123040,엠에스오토텍,CFS,896481183229.0,757050924942.0,583057908138.0,851836802759.0,747712793011.0,642112203474.0,1095888306426.0,1080294310168.0,961516972287.0,569253200198.0,461907026356.0,346890874846.0,2081763599500.0,1857606402358.0,1521785885237.0,174843700115.0,139119111947.0,51281868214.0,91656537648.0,113026933064.0,20153474442.0,16.1,192.51,105.24,24.47,233.88,101.25,5.81,277.18,90.8,12.07,25.68,22.07,171.28
123330,제닉,CFS,9447206452.0,15452057137.0,29541354558.0,11698848829.0,14253899319.0,15700015106.0,11870394406.0,14413429809.0,26113477311.0,11531444976.0,15942873615.0,19297227379.0,28069766610.0,31448829338.0,38408413629.0,-4023185937.0,-3173315075.0,-3943884181.0,-4410613010.0,-3340027694.0,-4330612246.0,-38.25,102.94,80.75,-20.95,90.41,108.41,-22.44,135.32,188.16,-10.74,-26.78,-18.12,19.54
123410,코리아에프티,CFS,241085661531.0,214918450990.0,185632554382.0,191435142441.0,193094440431.0,162361336257.0,237807649313.0,245235117810.0,233507023777.0,177353236697.0,148866537829.0,139966778844.0,679542505142.0,561043636760.0,465656454377.0,33927539705.0,19446713015.0,9492947158.0,30335231231.0,8273445536.0,4785090209.0,17.1,134.09,125.94,5.56,164.73,111.3,3.42,166.83,114.33,21.12,74.46,20.48,104.85
123420,위메이드플레이,CFS,61394837088.0,77615717315.0,126414100234.0,19603592735.0,27115496142.0,17558109882.0,163418705543.0,181811632281.0,25669649127.0,228172745344.0,222323381246.0,165487100325.0,121678519778.0,134045125478.0,105734197125.0,-436034591.0,892993172.0,8478267043.0,4328399509.0,-532578590.0,14172554724.0,1.9,71.62,313.18,-0.24,81.78,286.24,8.56,15.51,719.98,-9.23,-148.83,26.78,-89.47
123570,이엠넷,CFS,94381424587.0,91881802742.0,93369056088.0,23781104781.0,27515439324.0,31764298861.0,32404935546.0,34389280708.0,42505514700.0,93763769598.0,93833023868.0,92467599326.0,35018281188.0,44211307834.0,35239063687.0,3665773146.0,9327837585.0,9895420067.0,3916975656.0,7333560297.0,26329671951.0,4.18,34.56,396.88,7.82,36.65,333.93,28.47,45.97,293.94,-20.79,-60.7,25.46,-5.74
123750,알톤,CFS,37650311652.0,33946770400.0,37344508297.0,17308258885.0,14294031802.0,17438929145.0,18188062299.0,14536974594.0,17889897999.0,26469466627.0,27088282043.0,27647794773.0,42402825314.0,51317871455.0,49991547253.0,649776075.0,2086327179.0,4943252151.0,-362890743.0,-706951049.0,4846031663.0,-1.37,68.71,217.53,-2.61,53.67,237.49,17.53,64.71,214.14,-17.37,-68.86,2.65,-57.79
123840,뉴온,CFS,8174276612.0,12594792839.0,28381233213.0,21396832791.0,22995979994.0,26933713726.0,25920333326.0,23908728874.0,28729671154.0,33745617758.0,37623431158.0,90274316358.0,4821046542.0,6907587085.0,10084902430.0,-10481415137.0,-7955817362.0,-7418350020.0,-23918960603.0,-60734620030.0,-41537466780.0,-70.88,76.81,38.2,-161.43,63.55,54.77,-46.01,31.82,105.37,-30.21,-31.75,-31.51,-7.25
123860,아나패스,CFS,102180200976.0,94260982401.0,91355397051.0,55230802918.0,63537800761.0,53740609382.0,58064536546.0,65367957543.0,59176875660.0,53806531286.0,37832326059.0,48352039105.0,71466090073.0,43291922796.0,48382080501.0,4469540613.0,-7015267470.0,7811109135.0,2679677306.0,-13117480721.0,12652396016.0,4.98,107.91,185.01,-34.67,172.78,148.35,26.17,122.39,169.99,65.08,163.71,-10.52,-189.81
124500,아이티센글로벌,CFS,562633063301.0,578454964042.0,440495596795.0,481328669084.0,495237726143.0,337920864325.0,492957813642.0,556057237858.0,445789913829.0,284410590885.0,274445276827.0,240927551634.0,2815145201364.0,2621054378127.0,3280884490810.0,30518767988.0,30445407072.0,31538468377.0,-6202603892.0,31183106015.0,-2729009946.0,-2.18,173.33,116.89,11.36,202.61,116.8,-1.13,185.03,130.35,7.41,0.24,-20.11,-3.47
124560,태웅로직스,CFS,262260184156.0,260308609561.0,272728408022.0,171293342120.0,141658635143.0,193770503193.0,190732952585.0,165878868673.0,207698975228.0,224516596882.0,209470779847.0,121734042624.0,770338854461.0,1328207332062.0,939002259674.0,36036019361.0,116585477290.0,79291619959.0,27124922143.0,93716326166.0,63853203335.0,12.08,84.95,153.11,44.74,79.19,183.76,52.45,170.62,140.75,-42.0,-69.09,41.45,47.03
125020,티씨머티리얼즈,,,,,,,,,,,,,,,,,,,,,,,,,,,,,,,,,,,
125210,아모그린텍,CFS,85616929612.0,62826692848.0,61522967825.0,85341914519.0,59130862630.0,54162511929.0,103732668713.0,87250893335.0,72266110658.0,68772918855.0,55894422773.0,42028913619.0,147600020643.0,142128437632.0,122067716364.0,12286582302.0,8835373822.0,1764863519.0,13021008448.0,11415403120.0,2684870477.0,18.93,150.83,100.32,20.42,156.1,106.25,6.39,171.94,113.59,3.85,39.06,16.43,400.63
125490,한라캐스트,,,,,,,,,,,,,,,,,,,,,,,,,,,,,,,,,,,
126340,비나텍,CFS,46717590093.0,55507247261.0,35647645379.0,41438230800.0,44639348007.0,24675541885.0,65748908554.0,72349234047.0,48246822232.0,64263635695.0,60976128349.0,50241110395.0,54964094324.0,70656753558.0,48958076351.0,3036206471.0,9351006048.0,5625405971.0,1976945237.0,11670288452.0,7495331220.0,3.08,102.31,112.74,19.14,118.65,124.35,14.92,96.03,144.47,-22.21,-67.53,44.32,66.23
126600,BGF에코머티리얼즈,CFS,262081334883.0,253180273368.0,259475465427.0,92405382526.0,117764418740.0,148913982375.0,133708342036.0,150198660555.0,150630439138.0,436750804142.0,201945072094.0,156133065197.0,285658919446.0,263301590668.0,203453887026.0,17193108658.0,15925460652.0,22268262640.0,-9806448688.0,28879581735.0,793287805.0,-2.25,30.61,283.62,14.3,74.38,214.99,0.51,96.48,174.25,8.49,7.96,29.42,-28.48
126640,화신정공,CFS,100424047617.0,75683094815.0,73809233877.0,73953924848.0,56698039847.0,52574167317.0,79099695358.0,59731905551.0,56073633325.0,118135945781.0,101647253189.0,97780497273.0,359878250345.0,317941978708.0,254741944167.0,8707274170.0,9295111992.0,5452163152.0,9032825243.0,7077084377.0,4545920073.0,7.65,66.96,135.79,6.96,58.76,133.48,4.65,57.35,140.39,13.19,-6.32,24.81,70.48
126700,하이비젼시스템,CFS,266098834317.0,223254741570.0,170640530587.0,93313737856.0,84540490431.0,55684885441.0,95353827747.0,86240128170.0,57037017237.0,264897704841.0,223128960934.0,186644779550.0,348281451045.0,197677984273.0,272896325078.0,58796177634.0,25087168126.0,43489448397.0,49741192485.0,24608385751.0,45336177794.0,18.78,36.0,285.17,11.03,38.65,264.08,24.29,30.56,306.44,76.19,134.37,-27.56,-42.31
126730,코칩,,,,,,,,,,,,,,,,,,,,,,,,,,,,,,,,,,,
126880,제이엔케이글로벌,CFS,199616309301.0,162383043852.0,128752947850.0,154305081732.0,105883132396.0,84573800042.0,178767911883.0,126312230737.0,96500640014.0,114224682526.0,113160043976.0,107410915220.0,166706283422.0,197104167668.0,131258487411.0,4137698750.0,6927168613.0,1341172623.0,3784089620.0,7389298992.0,3330269737.0,3.31,156.51,129.36,6.53,111.62,153.36,3.1,89.84,152.24,-15.42,-40.27,50.16,416.5
127120,제이에스링크,CFS,14486203411.0,18698303670.0,33375258653.0,8923972659.0,10501761747.0,9331930169.0,12479999703.0,15616676885.0,10657054273.0,26277552342.0,27890286716.0,30359927361.0,21948990482.0,16981077512.0,22991546533.0,-4342056425.0,-5147247988.0,-5152362148.0,-5595933744.0,-8077710734.0,-6191213508.0,-21.3,47.49,162.33,-28.96,55.99,178.05,-20.39,35.1,357.65,29.26,15.64,-26.14,0.1
127710,아시아경제,CFS,170858296773.0,246601067882.0,117741564484.0,290484883968.0,325727060295.0,43506745004.0,384741200319.0,530065854807.0,78968902844.0,168912034018.0,190050857062.0,158354862303.0,93135610392.0,85242477459.0,42841714702.0,-28489053783.0,-1144008257.0,4306674871.0,-23452151830.0,17467316868.0,25366772212.0,-13.88,227.78,58.82,9.19,278.91,75.71,16.02,49.87,270.63,9.26,-2390.28,98.97,-126.56
127980,화인써키트,CFS,62036513012.0,28226039706.0,28509639116.0,44017896549.0,15641738571.0,12737621880.0,57542716323.0,18742641302.0,20679590655.0,48223115451.0,31253743065.0,27521584358.0,69222343617.0,64370929731.0,66058951375.0,4317041782.0,4116471652.0,4702073115.0,5207564915.0,3587093322.0,4380084253.0,10.8,119.33,140.93,11.48,59.97,180.45,15.92,75.14,223.82,7.54,4.87,-2.56,-12.45
128540,에코캡,CFS,90446335522.0,92259876531.0,59063850924.0,62305302540.0,50530437990.0,50744878231.0,68690955714.0,65199364543.0,65628137113.0,89945220213.0,88575112410.0,48914446795.0,135901878758.0,121663336913.0,,3950847298.0,-1924041613.0,,2078833952.0,-3223590387.0,,2.31,76.37,145.17,-3.64,73.61,182.58,,134.17,116.39,11.7,305.34,,
128660,피제이메탈,CFS,69881407362.0,70906222796.0,61051441056.0,49003217524.0,47674890297.0,22474191789.0,58999336906.0,52038346170.0,25542027886.0,75241819636.0,61056962711.0,58632288875.0,229349317992.0,269048598652.0,246172067096.0,6013093241.0,10373344511.0,25184273971.0,13387158971.0,5782322160.0,18350248383.0,17.79,78.41,142.61,9.47,85.23,148.73,31.3,43.56,271.65,-14.76,-42.03,9.29,-58.81
129890,앱코,CFS,53861304181.0,61135674188.0,94420576117.0,15399976594.0,17916283204.0,32776988484.0,37811042333.0,43588078019.0,51087994793.0,57913084843.0,56138926685.0,73109736892.0,98938963953.0,82663362781.0,101831877627.0,2154943774.0,-15494887356.0,-9216869752.0,1808299189.0,-17628609150.0,-7106999218.0,3.12,65.29,349.75,-31.4,77.64,341.23,-9.72,69.88,288.07,19.69,113.91,-18.82,-68.11
129920,대성하이텍,CFS,110379785593.0,102461403476.0,89705609986.0,85389842117.0,64310783599.0,96528787057.0,114771598264.0,88330550538.0,119835037872.0,74099084362.0,68184526665.0,25040589813.0,92797688898.0,128372242344.0,112578599501.0,-6581048283.0,11477824071.0,12024066076.0,-7485693014.0,2139410055.0,7412217476.0,-10.1,154.89,129.27,3.14,129.55,159.32,29.6,478.56,92.93,-27.71,-157.34,14.03,-4.54
130500,GH신소재,CFS,54479714621.0,37401526015.0,28864052025.0,67356010675.0,44113755703.0,28102359261.0,91692179855.0,48170888157.0,35545264596.0,88404625719.0,82973675793.0,74164052773.0,88767723394.0,86852635796.0,66701916607.0,4696517331.0,3221779529.0,2204127351.0,2731482896.0,4414302800.0,2382341182.0,3.09,103.72,80.88,5.32,58.06,84.78,3.21,47.93,102.71,2.2,45.77,30.21,46.17
130580,나이스디앤비,CFS,75754194509.0,72354659504.0,75187577541.0,20156288745.0,21017929104.0,21536650309.0,21540596737.0,22690288796.0,24108904355.0,90685561937.0,83897799157.0,79353378295.0,87910545223.0,92189888726.0,88684390851.0,14191689686.0,15496053408.0,16937263600.0,10376813930.0,14260795333.0,14027322866.0,11.44,23.75,375.83,17.0,27.05,344.25,17.68,30.38,349.11,-4.64,-8.42,3.95,-8.51
130740,티피씨글로벌,CFS,58434568940.0,57329267503.0,66921158437.0,36574153870.0,30829337889.0,43016564085.0,38331415585.0,36867267888.0,52657594161.0,79071575518.0,81722775257.0,79214201792.0,79495864095.0,81344275889.0,80394390816.0,-2818722194.0,-1608652657.0,476856722.0,-6399107984.0,2216264698.0,-4929959099.0,-8.09,48.48,159.77,2.71,45.11,185.96,-6.22,66.47,155.57,-2.27,-75.22,1.18,-437.35
131030,옵투스제약,CFS,91772191023.0,81386212231.0,91017007535.0,13072250936.0,9760307908.0,11375133621.0,15009466334.0,11772805559.0,13017634001.0,134450876221.0,124467496994.0,127020778842.0,72426447150.0,58657537976.0,57316372205.0,8186594736.0,5258041794.0,10471810794.0,10760361468.0,5011989964.0,9891511278.0,8.0,11.16,702.04,4.03,9.46,833.85,7.79,10.25,800.14,23.47,55.7,2.34,-49.79
131090,시큐브,CFS,43304230107.0,40434011011.0,36083277953.0,3569597049.0,4686025112.0,2964014360.0,4069633650.0,4988273346.0,3596412221.0,44845315325.0,41762825842.0,37886785443.0,14445671814.0,13702794762.0,13198408789.0,4453118488.0,5304365069.0,5497867443.0,5786793032.0,4825964033.0,4859881424.0,12.9,9.07,1213.14,11.56,11.94,862.86,12.83,9.49,1217.38,5.42,-16.05,3.82,-3.52
131100,티엔엔터테인먼트,CFS,36166461398.0,29543598902.0,57314281435.0,54945245663.0,59435001646.0,70233298194.0,59800202304.0,65809762178.0,78214579835.0,63010001830.0,76979517289.0,79780730134.0,150268840513.0,71907402901.0,58742551987.0,13524360041.0,3250496402.0,-1938049460.0,-17847696964.0,-2378767829.0,-14491605691.0,-28.33,94.91,65.82,-3.09,85.49,49.71,-18.16,98.04,81.61,108.98,316.07,22.41,267.72
131180,딜리,CFS,25838563256.0,34537189990.0,29943284054.0,7523732732.0,9774858439.0,11551603443.0,8732382211.0,11746840813.0,12263858645.0,57673935606.0,58382880587.0,57074635753.0,25705183783.0,37178543017.0,35276379998.0,-890645382.0,2279442515.0,2037810571.0,688445078.0,2620852971.0,3046216694.0,1.19,15.14,343.43,4.49,20.12,353.33,5.34,21.49,259.21,-30.86,-139.07,5.39,11.86
131220,대한과학,CFS,44423841537.0,38962778519.0,36288794010.0,14708734540.0,11922216626.0,13328016121.0,15301333934.0,15024013787.0,16000613655.0,48695162082.0,44428758093.0,38919241104.0,73702238899.0,72279688057.0,66280825526.0,6167121379.0,7224466955.0,5864721294.0,5221914108.0,6242495907.0,5015014629.0,10.72,31.42,302.02,14.05,33.82,326.81,12.89,41.11,272.27,1.97,-14.64,9.05,23.19
131290,티에스이,CFS,207346004049.0,228247078200.0,192217152225.0,65333454048.0,71583964725.0,75619756227.0,95297803409.0,105060114214.0,101610635830.0,347823537586.0,330775724540.0,270178699986.0,249147689845.0,339264169508.0,,-2380122294.0,56626172882.0,,-2095147625.0,53365190430.0,,-0.6,27.4,317.37,16.13,31.76,318.85,,37.61,254.19,-26.56,-104.2,,
131370,알서포트,CFS,35701210114.0,49813878022.0,48237581681.0,8753206463.0,9671087230.0,9435843367.0,9818491973.0,10241484173.0,10522139636.0,92656462692.0,85919371139.0,83378388858.0,50411451721.0,48599235514.0,52469273022.0,7927568472.0,7246745357.0,17455957407.0,7287209640.0,4215520969.0,24519445929.0,7.86,10.6,407.86,4.91,11.92,515.08,29.41,12.62,511.22,3.73,9.39,-7.38,-58.49
131400,이브이첨단소재,CFS,33563114532.0,33092076528.0,34890075105.0,9390796472.0,44482782650.0,67054724914.0,13984078691.0,49614277031.0,72252602222.0,120428984931.0,70937784997.0,50725511814.0,62797170564.0,58070355128.0,63507396502.0,-5770212015.0,-2861439150.0,2298169444.0,1560226018.0,-10696976801.0,-9292183944.0,1.3,11.61,357.4,-15.08,69.94,74.39,-18.32,142.44,52.03,8.14,-101.65,-8.56,-224.51
131760,파인텍,CFS,39168572169.0,41112886685.0,41418267016.0,35459487525.0,36161873569.0,44341878878.0,39693940918.0,43110968362.0,50580365996.0,30651363613.0,34573395700.0,27612225663.0,44755330657.0,81411384326.0,66570972757.0,-4227096017.0,6667476994.0,1851340503.0,-7721167667.0,5913666350.0,-7205888016.0,-25.19,129.5,110.46,17.1,124.69,113.69,-26.1,183.18,93.41,-45.03,-163.4,22.29,260.14
131970,두산테스나,CFS,125288352988.0,107927202623.0,78605424427.0,139355059870.0,275679314425.0,159228833215.0,359477895356.0,457182712027.0,271083697692.0,403637414864.0,309834022109.0,262410872806.0,338652254525.0,277655937555.0,207584466664.0,60778799323.0,67169269292.0,54062137444.0,49077381672.0,52333033783.0,47166344546.0,12.16,89.06,89.91,16.89,147.56,39.15,17.97,103.31,49.37,21.97,-9.51,33.76,24.24
133750,메가엠디,CFS,48970938489.0,50645033160.0,65459304096.0,18541104424.0,22177340763.0,43685903607.0,22467422753.0,27811103317.0,47971937758.0,62244149884.0,65741695807.0,66595227623.0,36041389502.0,64468046391.0,79434903990.0,-3939064553.0,2000608357.0,7690985752.0,-3197186339.0,2112779377.0,6650303615.0,-5.14,36.1,264.12,3.21,42.3,228.36,9.99,72.04,149.84,-44.09,-296.89,-18.84,-73.99
134060,이퓨쳐,CFS,16636750211.0,16972491585.0,16548312737.0,1429030667.0,1067592683.0,1419282843.0,4562714605.0,2751416781.0,3269293218.0,21604737172.0,21656930833.0,19475082536.0,10499382224.0,11104511185.0,10845632526.0,1001035378.0,1824142922.0,1366551312.0,1383158021.0,2859073644.0,1700442772.0,6.4,21.12,1164.2,13.2,12.7,1589.79,8.73,16.79,1165.96,-5.45,-45.12,2.39,33.49
134580,탑코미디어,CFS,22725266664.0,38253531287.0,54254300749.0,4411840996.0,22942383286.0,32342166066.0,4639034747.0,23721177629.0,32369363431.0,37231816875.0,35146716416.0,22925209326.0,19178342271.0,11703036733.0,22256958341.0,-2653050366.0,1402451075.0,-4826955807.0,-11865220642.0,-3028958668.0,-3893845588.0,-31.87,12.46,515.1,-8.62,67.49,166.74,-16.98,141.2,167.75,63.87,-289.17,-47.42,129.05
136150,원일티엔아이,,,,,,,,,,,,,,,,,,,,,,,,,,,,,,,,,,,
136410,아셈스,CFS,46411221561.0,49422924433.0,31332639878.0,34055775992.0,21712205344.0,21499936296.0,39462438291.0,40404125311.0,38531396450.0,61288371015.0,58893725823.0,37014880843.0,47734640838.0,53052773971.0,42027211286.0,6008991810.0,8685735334.0,6108793422.0,3266063362.0,7252016556.0,5697669855.0,5.33,64.39,136.28,12.31,68.61,227.63,15.39,104.1,145.73,-10.02,-30.82,26.23,42.18
136480,하림,CFS,336011742482.0,397405599817.0,324153762753.0,438582972834.0,530725212392.0,503133913865.0,533580769459.0,608732162785.0,544149964343.0,308556529358.0,301100559718.0,298452831837.0,1410837724581.0,1342909403482.0,1118053875000.0,40446934176.0,46819347142.0,32076709761.0,13028118636.0,5001809745.0,13492756333.0,4.22,172.93,76.61,1.66,202.17,74.88,4.52,182.32,64.43,5.06,-13.61,20.11,45.96
136540,윈스테크넷,CFS,153922057910.0,140451887927.0,119829587993.0,25984613568.0,26049626281.0,24501522510.0,29545140121.0,29150711546.0,26121961086.0,191280702788.0,176459793395.0,162743262581.0,106854537551.0,101423912391.0,96432485454.0,23089927104.0,21978671617.0,20967767509.0,21083973197.0,19238533871.0,18786552968.0,11.02,15.45,592.36,10.9,16.52,539.17,11.54,16.05,489.07,5.35,5.06,5.18,4.82
137080,나래나노텍,CFS,65212740606.0,80732340459.0,60522998076.0,64215679855.0,71950284346.0,81822536418.0,79498678630.0,77476223974.0,86947906205.0,93554411953.0,107968699406.0,62573857050.0,52925517541.0,88040460887.0,135152540052.0,-14991082577.0,1956020616.0,23123056534.0,-13283478372.0,2521937374.0,17471980263.0,-14.2,84.98,101.55,2.34,71.76,112.21,27.92,138.95,73.97,-39.89,-866.41,-34.86,-91.54
137400,피엔티,CFS,1269203899683.0,915394201910.0,437391814296.0,1093594786601.0,809004959612.0,363026068556.0,1136627277397.0,854697424462.0,398652931080.0,464702755515.0,233195039230.0,177706384078.0,545413968484.0,417814489256.0,377728397182.0,76924220008.0,77765165313.0,54408331244.0,68474478926.0,59671803839.0,52703180758.0,14.74,244.59,116.06,25.59,366.52,113.15,29.66,224.33,120.48,30.54,-1.08,10.61,42.93
137940,넥스트아이,CFS,63880400003.0,76737860400.0,87525896419.0,26196977708.0,25459824481.0,37462048850.0,27284562450.0,28387438999.0,41296675334.0,83601958675.0,100740753940.0,105653376427.0,17749092561.0,32196308607.0,28691886506.0,-12168438546.0,-4699065279.0,-11526412507.0,-17532913081.0,-4084908568.0,-21170339633.0,-20.97,32.64,243.85,-4.05,28.18,301.41,-20.04,39.09,233.64,-44.87,-158.95,12.21,59.23
137950,제이씨케미칼,CFS,117935648179.0,127727111255.0,141809657649.0,109003587448.0,126794806000.0,154048043058.0,139407382220.0,164926930533.0,192275198711.0,160730994322.0,143117435933.0,128530128173.0,439247116474.0,511666317990.0,392923291184.0,32297170191.0,42649484762.0,39777174272.0,21125249743.0,19186527476.0,33372075457.0,13.14,86.73,108.19,13.41,115.24,100.74,25.96,149.6,92.06,-14.15,-24.27,30.22,7.22
138070,신진에스엠,CFS,52679766257.0,57905983589.0,58095883188.0,20481936988.0,20017328034.0,18473000463.0,29144722836.0,34063707929.0,37222998234.0,78322941184.0,76914239432.0,73196266304.0,59704217015.0,66325154097.0,61085578003.0,3954600202.0,6717903253.0,4132037435.0,4027889802.0,4451738168.0,4591438798.0,5.14,37.21,257.2,5.79,44.29,289.28,6.27,50.85,314.49,-9.98,-41.13,8.58,62.58
138080,오이솔루션,CFS,74832773642.0,99267375565.0,106937517370.0,39476725889.0,38920720129.0,40745231380.0,40545818529.0,40264324019.0,42539273118.0,111422974745.0,147655506645.0,159299272537.0,46002760622.0,76953984689.0,98680738387.0,-31080650276.0,-8705147021.0,1654881565.0,-33817287395.0,-5976773303.0,14371772005.0,-30.35,36.39,189.56,-4.05,27.27,255.05,9.02,26.7,262.45,-40.22,-257.04,-22.02,-626.03
138360,앤로보틱스,CFS,39729318552.0,39546446502.0,41243980244.0,14736923231.0,12284152178.0,24433443994.0,15196924938.0,12720052992.0,25770951345.0,37440007732.0,39404478348.0,45451495065.0,10281647279.0,14954069869.0,8598684058.0,-2297709099.0,898763246.0,686416399.0,-1886417461.0,-6062322702.0,1472157720.0,-5.04,40.59,269.59,-15.38,32.28,321.93,3.24,56.7,168.8,-31.25,-355.65,73.91,30.94
138610,나이벡,CFS,40959307767.0,44648710272.0,26953867751.0,31175555910.0,13959407809.0,5876606154.0,37959108738.0,37917518796.0,25933115951.0,28843158562.0,33070488822.0,27344201249.0,15703946248.0,21670439547.0,13625370978.0,-2230481871.0,645669182.0,-2108202529.0,-6284177530.0,-3765862625.0,-5739766946.0,-21.79,131.61,131.38,-11.39,114.66,319.85,-20.99,94.84,458.66,-27.53,-445.45,59.04,130.63
139670,키네마스터,CFS,18480088906.0,15358550694.0,22983656756.0,2500734743.0,1136592161.0,1700734341.0,2970833704.0,6790751420.0,2474203749.0,16676527866.0,9534631123.0,23858945410.0,16773679386.0,19429769494.0,23616289944.0,1861579740.0,-16016522670.0,-1238639087.0,2623248143.0,-15346335761.0,-1280387635.0,15.73,17.81,738.99,-160.95,71.22,1351.28,-5.37,10.37,1351.4,-13.67,111.62,-17.73,-1193.07
140070,서플러스글로벌,CFS,201572111749.0,221545212592.0,143260277226.0,108964265950.0,119062633501.0,61738232900.0,155076180016.0,181847682356.0,114677688209.0,189123599423.0,186501978785.0,162005350103.0,166034852561.0,234921237463.0,206636522341.0,13032683453.0,31905194432.0,30752145929.0,5556667415.0,25823425552.0,27874647803.0,2.94,82.0,184.99,13.85,97.5,186.07,17.21,70.79,232.04,-29.32,-59.15,13.69,3.75
140410,메지온,CFS,74243516264.0,45897006835.0,64174204948.0,29615262759.0,26080010640.0,18496574941.0,30704991008.0,27781788650.0,21141075417.0,61444362867.0,26240052807.0,62793498257.0,,,,-3521464031.0,-7810324077.0,-5652053249.0,,,,,49.97,250.69,,105.88,175.99,,33.67,346.95,,54.91,,-38.19
140430,카티스,,,,,,,,,,,,,,,,,,,,,,,,,,,,,,,,,,,
140520,대창스틸,CFS,179899408957.0,173940891825.0,120092642469.0,95118902587.0,64308302948.0,153466169440.0,106677372273.0,73022046073.0,157440211557.0,151785446944.0,166888457845.0,107723088158.0,419753133733.0,398516324784.0,296203272275.0,5729081726.0,5069913564.0,9855834276.0,2110280841.0,62382358006.0,15410342294.0,1.39,70.28,189.13,37.38,43.76,270.48,14.31,146.15,78.25,5.33,13.0,34.54,-48.56
140670,알에스오토메이션,CFS,51997302735.0,64617439237.0,50919423310.0,35163145489.0,42211134643.0,29740672479.0,39036513890.0,47811765396.0,34733293626.0,35851589505.0,41594694849.0,40302987955.0,81275080014.0,102029573569.0,113189200808.0,-2977651178.0,1772939762.0,2783528152.0,-5697190752.0,724658763.0,2470703260.0,-15.89,108.88,147.87,1.74,114.95,153.08,6.13,86.18,171.21,-20.34,-267.95,-9.86,-36.31
140860,파크시스템스,CFS,148106824176.0,126306643129.0,106680855452.0,49664629592.0,39687594282.0,26669689068.0,58187914053.0,47586061071.0,43772547088.0,143484613955.0,119463077702.0,90142467176.0,144806376321.0,124522011401.0,85250257554.0,27560237095.0,32648280440.0,17580876116.0,24562474113.0,27984365814.0,9085205707.0,17.12,40.55,298.21,23.43,39.83,318.25,10.08,48.56,400.01,16.29,-15.58,46.07,85.7
141000,비아트론,CFS,102027925528.0,105213609020.0,86226019423.0,20342431748.0,24745718070.0,29975217431.0,21783407942.0,26033579708.0,31039262439.0,165765669021.0,169419546297.0,158686218946.0,28014037151.0,70975044017.0,79868088602.0,-1682742208.0,13967392089.0,11459871290.0,1907296012.0,16196611240.0,15543322128.0,1.15,13.14,501.55,9.56,15.37,425.18,9.8,19.56,287.66,-60.53,-112.05,-11.13,21.88
141080,리가켐바이오,CFS,134618752842.0,191618909904.0,228950581545.0,37071716407.0,28602844482.0,17018029722.0,41280911655.0,32931523513.0,34458706029.0,148221267204.0,219598926036.0,258774750791.0,34145640069.0,33412042600.0,32157006379.0,-80822342649.0,-50375099038.0,-27706660419.0,-73703570475.0,-45091793579.0,-23391227602.0,-49.73,27.85,363.13,-20.53,15.0,669.93,-9.04,13.32,1345.34,2.2,-60.44,3.9,-81.82
142210,유니트론텍,CFS,204750999889.0,231521247979.0,153760937562.0,118757942693.0,144388566814.0,101299233977.0,135194326849.0,161692921580.0,135285351300.0,113314505211.0,96270885779.0,64833779519.0,598093762212.0,525048561043.0,378401220876.0,30923836146.0,30871376670.0,17593206826.0,20038355461.0,13503288617.0,5152713297.0,17.68,119.31,172.41,14.03,167.96,160.35,7.95,208.66,151.79,13.91,0.17,38.75,75.47
142280,녹십자엠에스,CFS,43345331731.0,50136885013.0,52351115596.0,46527717119.0,39487675277.0,48870256654.0,53605865713.0,60820133549.0,57693072310.0,36923477377.0,35650537598.0,37935861052.0,94010675488.0,113109118702.0,101674780041.0,1800722614.0,-1262531609.0,-20163832822.0,1876754309.0,-3058695883.0,-21138103500.0,5.08,145.18,93.16,-8.58,170.6,126.97,-55.72,152.08,107.12,-16.88,242.63,11.25,93.74
142760,모아라이프플러스,CFS,29837057388.0,71771340598.0,97138993571.0,12525696728.0,64968540169.0,46697754630.0,13278407541.0,81095770784.0,90533842309.0,35794050183.0,67320890451.0,98316029941.0,18245316126.0,22004336370.0,101169654239.0,-5163851157.0,-9732839847.0,-14480923916.0,8074472533.0,-33738602577.0,-35765924414.0,22.56,37.1,238.21,-50.12,120.46,110.47,-36.38,92.08,208.02,-17.08,46.94,-78.25,32.79
143160,아이디스,CFS,275859010585.0,218712769412.0,210291437114.0,92371953963.0,60954096606.0,54460853403.0,107462220491.0,74006295268.0,60510685467.0,336677732999.0,256490631892.0,244542113615.0,278189278977.0,269923346993.0,204054825005.0,22645779197.0,27843659994.0,18255043901.0,25277086689.0,14288291075.0,24326761978.0,7.51,31.92,298.64,5.57,28.85,358.82,9.95,24.74,386.13,3.06,-18.67,32.28,52.53
143240,사람인,CFS,64662864883.0,67435526949.0,55742499645.0,26569821226.0,34243116485.0,41168956791.0,30912662076.0,37565642884.0,41770247685.0,175056061960.0,172606163097.0,151828455925.0,,,,25264492961.0,40588145787.0,39086102635.0,18617909074.0,29266991113.0,31821611244.0,10.64,17.66,243.37,16.96,21.76,196.93,20.96,27.51,135.4,,-37.75,,3.84
143540,영우디에스피,CFS,42961164189.0,52398355070.0,54101832545.0,40818417057.0,28607481148.0,20323690746.0,42417319053.0,41867078150.0,26389165257.0,28688524971.0,40244008346.0,62754226697.0,47814660587.0,49532401438.0,79638087311.0,-11093300758.0,-16372791501.0,8483677225.0,-12902152107.0,-25689309977.0,8828146474.0,-44.97,147.85,105.25,-63.83,104.03,183.16,14.07,42.05,266.2,-3.47,32.25,-37.8,-292.99
144510,지씨셀,CFS,63887519167.0,93326480660.0,96842176340.0,76816032313.0,88115470759.0,84041718725.0,123691620129.0,130783671643.0,129890836515.0,541481756503.0,545746957005.0,515683681463.0,187544189442.0,236120072863.0,168309996622.0,4076768549.0,44281788453.0,36342975184.0,79104926.0,24168869998.0,30063648149.0,0.01,22.84,83.17,4.43,23.96,105.91,5.83,25.19,115.23,-20.57,-90.79,40.29,21.84
144960,뉴파워프라즈마,CFS,303573849317.0,305806613388.0,233802443311.0,329382271977.0,257236888612.0,182345650788.0,396425001392.0,367372870549.0,289109381483.0,277200025906.0,265906834808.0,245637009618.0,350666770950.0,352878764242.0,310050535632.0,16088546345.0,14124593851.0,24461381067.0,16264716420.0,20263943320.0,27299029403.0,5.87,143.01,92.16,7.62,138.16,118.88,11.11,117.7,128.22,-0.63,13.9,13.81,-42.26
145020,휴젤,CFS,567772402738.0,617863083758.0,616103778057.0,57425431475.0,177312675459.0,54049532824.0,149572606527.0,200328493261.0,180569259363.0,779678035474.0,849454435253.0,829167889098.0,319699941151.0,281675135067.0,231859108191.0,117781785955.0,101378493271.0,95611343317.0,97660299628.0,60681761506.0,60393105236.0,12.53,19.18,988.71,7.14,23.58,348.46,7.28,21.78,1139.89,13.5,16.18,21.49,6.03
145170,노브랜드,,,,,,,,,,,,,,,,,,,,,,,,,,,,,,,,,,,
146060,율촌,CFS,49265570804.0,34449626176.0,30912420690.0,39885376305.0,43747029509.0,38215721736.0,45290956863.0,50787008031.0,48747583400.0,45916434987.0,23358294077.0,19281082628.0,72612466182.0,75822696549.0,56882015976.0,4119945246.0,5149878984.0,3613012522.0,-17891808600.0,3249415585.0,1722680699.0,-38.97,98.64,123.52,13.91,217.43,78.75,8.93,252.83,80.89,-4.23,-20.0,33.3,42.54
146320,비씨엔씨,CFS,38153556199.0,35704960224.0,25172943751.0,41835540750.0,26441498144.0,28097953709.0,59642982697.0,37556546756.0,39841165606.0,74774455600.0,73275263875.0,29865364432.0,65312042853.0,82050451303.0,64278026361.0,-41858607.0,11579293454.0,9232485665.0,1273170250.0,10125721798.0,7401830504.0,1.7,79.76,91.2,13.82,51.25,135.03,24.78,133.4,89.59,-20.4,-100.36,27.65,25.42
147760,피엠티,CFS,26285561012.0,22570464891.0,34210831412.0,17937196412.0,8568371066.0,11242327496.0,23085008745.0,9897633877.0,14426193178.0,45342451484.0,51632379921.0,55697030068.0,33042724100.0,38244471105.0,60501218907.0,-5266408445.0,-5229422480.0,10241953345.0,-5550874255.0,-5446811213.0,7858305762.0,-12.24,50.91,146.54,-10.55,19.17,263.42,14.11,25.9,304.3,-13.6,-0.71,-36.79,-151.06
147830,제룡산업,CFS,71168578900.0,73527401565.0,64536740165.0,4329003125.0,8429314510.0,5416754248.0,5308160715.0,9112903986.0,6101388467.0,76165368399.0,73736069990.0,67556523502.0,40895901213.0,59307568567.0,37415966099.0,5561701012.0,9608333299.0,6802717740.0,7289384309.0,9125141418.0,7537423597.0,9.57,6.97,1643.99,12.38,12.36,872.28,11.16,9.03,1191.43,-31.04,-42.12,58.51,41.24
148150,세경하이테크,CFS,172091456278.0,70386566158.0,118117920512.0,99270719662.0,29408780490.0,100339940558.0,102386579989.0,34614022468.0,104261975947.0,201893863587.0,174185794801.0,157783850088.0,304477120594.0,260647147230.0,268330853849.0,36183441126.0,7998634087.0,17351344523.0,8659317557.0,12614241066.0,11810496605.0,4.29,50.71,173.36,7.24,19.87,239.34,7.49,66.08,117.72,16.82,352.37,-2.86,-53.9
148250,알엔투테크놀로지,CFS,23890826167.0,31402228882.0,45508534365.0,8995701679.0,16011861861.0,26778836810.0,10761056847.0,18321714233.0,30517940992.0,38876631588.0,43149148998.0,45216216495.0,14686648669.0,23280614528.0,25214601474.0,-1449819927.0,3280227771.0,1844457275.0,-3685946907.0,-119317844.0,1566493187.0,-9.48,27.68,265.58,-0.28,42.46,196.12,3.46,67.49,169.94,-36.91,-144.2,-7.67,77.84
148780,비큐AI,CFS,14781181347.0,13955490412.0,8621862898.0,3850368394.0,3754391826.0,6581893715.0,4126531111.0,4492811443.0,7104892617.0,12315987878.0,11905553268.0,2411757098.0,16892288214.0,16258637264.0,17018222585.0,240282775.0,-1128517592.0,-942291729.0,733030521.0,-46044220.0,-746018827.0,5.95,33.51,383.89,-0.39,37.74,371.71,-30.93,294.59,130.99,3.9,121.29,-4.46,-19.76
148930,에이치와이티씨,CFS,49737885204.0,41787629331.0,17248889410.0,4832797799.0,4955899003.0,6414005985.0,11438813542.0,12405693937.0,19169172308.0,60056353135.0,55101748821.0,16995513467.0,40628539637.0,34213303589.0,35745325285.0,3567640026.0,1979077610.0,7358783978.0,5604619686.0,1966187298.0,7479105747.0,9.33,19.05,1029.17,3.57,22.51,843.19,44.01,112.79,268.93,18.75,80.27,-4.29,-73.11
149950,아바텍,CFS,55510733726.0,56308215235.0,43378694220.0,7422167085.0,12795237176.0,10678973312.0,7808788601.0,13129609353.0,11862234516.0,142394564864.0,136755691046.0,141454808876.0,75771249556.0,73183893397.0,80747035238.0,2199978697.0,-5351206969.0,-2391370948.0,4800902670.0,-4320494730.0,87867288.0,3.37,5.48,747.9,-3.16,9.6,440.07,0.06,8.39,406.21,3.54,141.11,-9.37,-123.77
149980,하이로닉,CFS,45672321271.0,41888288129.0,37599898626.0,3822970394.0,4389253857.0,3091136092.0,6694743636.0,9768726237.0,7519980414.0,72402865755.0,59836615920.0,56412822040.0,33731985488.0,27567596629.0,21781038529.0,5270588753.0,3581104785.0,4630758092.0,8246188046.0,3640305666.0,6860427943.0,11.39,9.25,1194.68,6.08,16.33,954.34,12.16,13.33,1216.38,22.36,47.18,26.57,-22.67
150900,파수AI,CFS,27084496574.0,33308047231.0,27515870561.0,6762182056.0,11730665165.0,9987791632.0,11933783551.0,19261713427.0,18404854430.0,34994086298.0,32396848925.0,26366452943.0,42663565494.0,44123812663.0,42174716141.0,3814974790.0,5196974333.0,4229246699.0,4471762763.0,5273931495.0,4106888081.0,12.78,34.1,400.53,16.28,59.46,283.94,15.58,69.8,275.5,-3.31,-26.59,4.62,22.88
151860,KG에코솔루션,CFS,2364322324532.0,1708939356443.0,1171196751859.0,1573191303759.0,1219835414834.0,942569422005.0,3005928862059.0,2522824112612.0,1831557233163.0,2835220883339.0,2663794670822.0,1235906148461.0,7257169608818.0,4944241256184.0,3412499198026.0,309777861059.0,356188977348.0,306613111206.0,219616203835.0,949544625856.0,192610284609.0,7.75,106.02,150.29,35.65,94.71,140.1,15.58,148.2,124.26,46.78,-13.03,44.89,16.17
153460,네이블,CFS,26206151362.0,27889736155.0,24885228932.0,2418324178.0,3501297955.0,3405205130.0,2940434911.0,3998858296.0,3838271299.0,31302783808.0,32628175468.0,27306228605.0,13443862679.0,18298809095.0,16263919570.0,-2100774254.0,3361839487.0,2474649691.0,-1435198081.0,5277657521.0,2738160630.0,-4.58,9.39,1083.65,16.18,12.26,796.55,10.03,14.06,730.8,-26.53,-162.49,12.51,35.85
153490,우리이앤엘하루틴,CFS,99781798427.0,87205041358.0,100513044387.0,37227500507.0,32272384156.0,50372838691.0,38837754610.0,33399190988.0,52240685440.0,81713194860.0,75435997666.0,70931718415.0,141964383578.0,136162092611.0,155736782930.0,5046830682.0,2744307922.0,13510019164.0,5416636846.0,5296397020.0,17913833422.0,6.63,47.53,268.03,7.02,44.27,270.22,25.26,73.65,199.54,4.26,83.9,-12.57,-79.69
153710,옵티팜,CFS,20475820438.0,21547877316.0,25866887298.0,11600889384.0,9263653439.0,7850892373.0,14131027831.0,12170971762.0,10213140868.0,25144342754.0,29011304664.0,30955163748.0,17372567556.0,16008196853.0,14258440006.0,-2630945406.0,-2188283694.0,-3144639822.0,-2436687425.0,-2044630879.0,-3079657962.0,-9.69,56.2,176.5,-7.05,41.95,232.61,-9.95,32.99,329.48,8.52,-20.23,12.27,30.41
153890,져스텍,,,,,,,,,,,,,,,,,,,,,,,,,,,,,,,,,,,
154030,아시아종묘,CFS,23683122222.0,24422067693.0,23261665005.0,16710694161.0,13336465348.0,14404679052.0,20143063374.0,18762071328.0,20696268786.0,22293090790.0,24763208772.0,21945164863.0,26395658878.0,24047390439.0,24378112827.0,-545738261.0,-1595951716.0,2214149155.0,-2450871656.0,-604854448.0,5786997.0,-10.99,90.36,141.72,-2.44,75.77,183.12,0.03,94.31,161.49,9.77,65.8,-1.36,-172.08
154040,다산솔루에타,CFS,52524412810.0,51582012756.0,47496545487.0,83136083634.0,70325464237.0,91163211816.0,112374407210.0,111228565931.0,117480633065.0,70165157425.0,40127174416.0,44554645565.0,158770415307.0,157872423305.0,134549173118.0,-149102626.0,5668516677.0,1263809714.0,26505987961.0,4025318789.0,6486461018.0,37.78,160.16,63.18,10.03,277.19,73.35,14.56,263.68,52.1,0.57,-102.63,17.33,348.53
155650,와이엠씨,CFS,82611236634.0,82023106060.0,71887845673.0,41449845552.0,25795245598.0,22935337985.0,46346854472.0,26557128742.0,23229563637.0,122689499340.0,115527197917.0,100244968889.0,204633201126.0,235381355565.0,179111178790.0,15769934518.0,23075646705.0,14041646518.0,14806555748.0,20482792716.0,11809319240.0,12.07,37.78,199.3,17.73,22.99,317.98,11.78,23.17,313.44,-13.06,-31.66,31.42,64.34
156100,엘앤케이바이오,CFS,44416890524.0,36146815998.0,37963598404.0,22763224980.0,37980728499.0,12612569281.0,32175314100.0,41901615436.0,34498562369.0,30586924007.0,10761718190.0,24786892800.0,29904806625.0,19767459566.0,15372574660.0,2034331044.0,-13058488369.0,-15398275417.0,-5239238609.0,-16232882299.0,-13646366510.0,-17.13,105.19,195.13,-150.84,389.36,95.17,-55.05,139.18,301.0,51.28,115.58,28.59,15.2
158430,아톤,CFS,69621606652.0,54378082609.0,62052464320.0,52795128023.0,36624617077.0,36131887147.0,61847249773.0,48263480095.0,44977894189.0,83153975135.0,70771119645.0,52878744949.0,55030886112.0,44743476684.0,43281463183.0,11412710566.0,8046838457.0,9142113693.0,10193342856.0,17237744712.0,1523272651.0,12.26,74.38,131.87,24.36,68.2,148.47,2.88,85.06,171.74,22.99,41.83,3.38,-11.98
159010,아스플로,CFS,79949749958.0,61438858665.0,46963204394.0,61706876201.0,50421519311.0,42239460400.0,72685086264.0,57432572107.0,48145077105.0,57474227642.0,53927305418.0,46631410775.0,86873727999.0,88655767575.0,58894552605.0,6353099941.0,10502786502.0,3964291117.0,3574931894.0,9053357515.0,3978550131.0,6.22,126.47,129.56,16.79,106.5,121.85,8.53,103.25,111.18,-2.01,-39.51,50.53,164.93
159580,제로투세븐,CFS,42211985817.0,51281842046.0,46059176402.0,7291404206.0,18626755925.0,17636735693.0,7880863231.0,19831610128.0,23713318237.0,81537381780.0,79558361586.0,74263232302.0,69412990004.0,90391450843.0,86373685782.0,2324081274.0,9334742187.0,7185587258.0,963997669.0,4127129858.0,1164197889.0,1.18,9.67,578.93,5.19,24.93,275.31,1.57,31.93,261.15,-23.21,-75.1,4.65,29.91
159910,에코글로우,CFS,12536656324.0,24090130833.0,34717154663.0,6877480718.0,7337228952.0,6785071429.0,9226239588.0,7868679632.0,7217803571.0,18027212637.0,27460713991.0,37485828346.0,13924448038.0,13261873900.0,27611573040.0,-7727652128.0,-6322564269.0,958607215.0,-9438493811.0,-10095848663.0,1183250884.0,-52.36,51.18,182.29,-36.76,28.65,328.33,3.16,19.25,511.67,5.0,-22.22,-51.97,-759.56
160190,하이젠알앤엠,,,,,,,,,,,,,,,,,,,,,,,,,,,,,,,,,,,
160550,NEW,CFS,186597699548.0,190783593991.0,207942900332.0,126143765693.0,134645314492.0,140321981628.0,168296307049.0,170168619803.0,172721497084.0,145143931459.0,162750204254.0,174818636840.0,129147737184.0,155617110146.0,141527556760.0,-5582630804.0,7215470726.0,1761215948.0,-17506374625.0,-21117979053.0,-38177741361.0,-12.06,115.95,147.92,-12.98,104.56,141.69,-21.84,98.8,148.19,-17.01,-177.37,9.96,309.69
160980,싸이맥스,CFS,128169756308.0,148064514673.0,130258261476.0,48420368101.0,69975187249.0,66494672433.0,50078579995.0,71952538965.0,69469994648.0,162525409117.0,154095940044.0,150408666807.0,156626583125.0,195055846091.0,242256446340.0,7112986673.0,21161006038.0,32412226691.0,11826612218.0,7808543452.0,24158533098.0,7.28,30.81,264.7,5.07,46.69,211.6,16.06,46.19,195.89,-19.7,-66.39,-19.48,-34.71
161580,필옵틱스,CFS,296218125991.0,196766878538.0,151021648780.0,207355199548.0,173617475763.0,143821235798.0,274054933670.0,241763000970.0,190702398661.0,176856436271.0,81585555097.0,86318114691.0,300001066109.0,303987727889.0,230791827975.0,10265296884.0,18085152488.0,-10525310027.0,-43359457048.0,-5154412365.0,-10288532930.0,-24.52,154.96,142.86,-6.32,296.33,113.33,-11.92,220.93,105.01,-1.31,-43.24,31.72,271.83
162300,신스틸,CFS,129805879339.0,124739360837.0,101694152086.0,76041646431.0,87303810382.0,86375865081.0,113579121984.0,98641464211.0,97028382173.0,71389274485.0,62934598029.0,39495474643.0,323817908414.0,381031986592.0,343324060807.0,13051719126.0,15869285462.0,23861315255.0,6418329247.0,5887782591.0,17051808486.0,8.99,159.1,170.7,9.36,156.74,142.88,43.17,245.67,117.73,-15.02,-17.75,10.98,-33.49
163280,에어레인,,,,,,,,,,,,,,,,,,,,,,,,,,,,,,,,,,,
163730,핑거,CFS,40278474780.0,40967707096.0,52315460374.0,11120076249.0,11504954301.0,20740386077.0,12867733399.0,15929390364.0,25403887882.0,49810831366.0,45414865019.0,46079591471.0,83127054173.0,90102336029.0,94787590937.0,3669784550.0,5399405891.0,7425039236.0,4463862198.0,1916854467.0,872654313.0,8.96,25.83,362.21,4.22,35.08,356.09,1.89,55.13,252.24,-7.74,-32.03,-4.94,-27.28
166090,하나머티리얼즈,CFS,140029524760.0,147840935407.0,118238952348.0,135866224944.0,103016931164.0,109592095572.0,272869288131.0,182053856699.0,186703043948.0,399694212949.0,297572258664.0,256975469704.0,233576716299.0,307324400689.0,271100564703.0,41282810386.0,93739279403.0,82270294505.0,34193789438.0,80134902808.0,66671855849.0,8.55,68.27,103.06,26.93,61.18,143.51,25.94,72.65,107.89,-24.0,-55.96,13.36,13.94
166480,코아스템켐온,CFS,10721293647.0,15206490492.0,76521625564.0,41591586817.0,27871595945.0,62161897649.0,58990694040.0,38419865284.0,70989349567.0,19600629786.0,38634176444.0,65419126066.0,33657156172.0,45877628499.0,30240039388.0,-19675632871.0,-6352419193.0,-10549814047.0,-17671634878.0,702263912.0,-4996381858.0,-90.16,300.96,25.78,1.82,99.45,54.56,-7.64,108.51,123.1,-26.64,-209.73,51.71,39.79
168330,내츄럴엔도텍,CFS,10674675670.0,13095036360.0,21003267832.0,4248477171.0,2455415545.0,4757005980.0,6259978794.0,3229212581.0,5376481115.0,30942986935.0,36579994921.0,45368196985.0,18790261455.0,13950826981.0,14695674000.0,-4081101947.0,-8437324446.0,-5911974815.0,-5633398813.0,-10692447953.0,-6989131350.0,-18.21,20.23,251.26,-29.23,8.83,533.31,-15.41,11.85,441.52,34.69,51.63,-5.07,-42.72
168360,펨트론,CFS,38349663109.0,43444194888.0,30494368515.0,28984170900.0,40237095577.0,32866497073.0,42228561394.0,46621157314.0,45423551056.0,32468464379.0,26140675230.0,11517341326.0,73715799864.0,61158301940.0,57870932268.0,8061885812.0,6352849380.0,4049506082.0,7100354288.0,5240363309.0,4499450990.0,21.87,130.06,132.31,20.05,178.35,107.97,39.07,394.39,92.78,20.53,26.9,5.68,56.88
169330,엠브레인,CFS,30445695572.0,34595414907.0,26998906935.0,10154089854.0,13951157099.0,8777141290.0,11285265467.0,16144003334.0,11818416866.0,30880759625.0,29494748961.0,25727277391.0,54943864075.0,51268071630.0,43761437494.0,4711681708.0,7396045251.0,6248560476.0,3944041216.0,6053755978.0,4886833446.0,12.77,36.54,299.84,20.52,54.74,247.98,18.99,45.94,307.6,7.17,-36.29,17.15,18.36
170030,현대공업,CFS,145426317600.0,128936094387.0,112805441125.0,82912951336.0,68283225745.0,50534695327.0,85647380695.0,70000096210.0,52365235088.0,143827879628.0,136497024160.0,126335959329.0,307539845202.0,278495503526.0,249322151465.0,15398581275.0,15055330506.0,13137797469.0,13113866217.0,11402126148.0,12610074077.0,9.12,59.55,175.4,8.35,51.28,188.83,9.98,41.45,223.22,10.43,2.28,11.7,14.6
170790,파이오링크,CFS,70826704098.0,75171580589.0,60222508045.0,10786572665.0,10852157607.0,10533362987.0,12604460967.0,22175366966.0,21873685075.0,80582111825.0,72560303960.0,61910275745.0,59017753144.0,61637231707.0,54333902646.0,9004175813.0,11405606181.0,10944521187.0,10571460055.0,12145167814.0,11168484211.0,13.12,15.64,656.62,16.74,30.56,692.69,18.04,35.33,571.73,-4.25,-21.05,13.44,4.21
170920,엘티씨,CFS,161131471043.0,146550536765.0,76918789676.0,184184425932.0,107439760132.0,62896381124.0,189607366268.0,178197116665.0,75427299625.0,109750190176.0,93287217346.0,83867450410.0,113358801071.0,219427343415.0,78285335654.0,-16045371389.0,10782148304.0,-8395564793.0,-27953305947.0,3026880895.0,-9064556264.0,-25.47,172.76,87.48,3.24,191.02,136.4,-10.81,89.94,122.29,-48.34,-248.81,180.29,228.43
171010,램테크놀러지,CFS,34425975648.0,36062627366.0,26675945459.0,33502418088.0,29355047108.0,25620742734.0,43810496579.0,31106236618.0,26618268816.0,48588203889.0,51615655036.0,43195179502.0,42975926481.0,67022778731.0,48582859654.0,-2952414219.0,6904440941.0,4472505756.0,-2869461764.0,6059215871.0,3160788432.0,-5.91,90.17,102.76,11.74,60.27,122.85,7.32,61.62,104.12,-35.88,-142.76,37.96,54.38
171090,선익시스템,CFS,95127697180.0,80240999201.0,58194251509.0,59972055600.0,42465698199.0,20771592311.0,63904609148.0,45567661526.0,21950536773.0,70872953417.0,79302258474.0,80244812791.0,62412802428.0,74052657060.0,46229294491.0,-4057386187.0,4434988604.0,-7116042001.0,-9230697152.0,-3235990282.0,-10217216774.0,-13.02,90.17,158.62,-4.08,57.46,188.95,-12.73,27.35,280.16,-15.72,-191.49,60.19,162.32
171120,라이온켐텍,CFS,76931271978.0,77645653966.0,69716091225.0,41660994720.0,29024148832.0,23498266810.0,41748163134.0,29287285320.0,24917081100.0,129206180950.0,122550741605.0,115893191429.0,130782710870.0,152000680610.0,150416279224.0,7794782921.0,10986424208.0,9430758755.0,4987742388.0,8698097141.0,8519754064.0,3.86,32.31,184.66,7.1,23.9,267.52,7.35,21.5,296.69,-13.96,-29.05,1.05,16.5
172670,에이엘티,CFS,21743185393.0,13507731122.0,10129062747.0,31717946506.0,62708027046.0,17707910162.0,90352233544.0,114526768259.0,56882465312.0,107680749347.0,69353166571.0,55849343040.0,47687929129.0,44318854365.0,41841806894.0,4895328861.0,8025839545.0,5591579336.0,5022563707.0,14260090631.0,5681903898.0,4.66,83.91,68.55,20.56,165.14,21.54,10.17,101.85,57.2,7.6,-39.01,5.92,43.53
173130,오파스넷,CFS,98843021379.0,100240728753.0,64942596898.0,68024236418.0,74022417242.0,39019795109.0,79280265503.0,83962037811.0,47877064955.0,46713504488.0,35329323399.0,29010050908.0,224980562132.0,170585406981.0,121756063316.0,13950555536.0,8523778870.0,5796708441.0,10460499457.0,6068542107.0,6230927077.0,22.39,169.72,145.31,17.18,237.66,135.42,21.48,165.04,166.44,31.89,63.67,40.1,47.05
173940,에프엔씨엔터,CFS,58730947879.0,44404496747.0,62079624957.0,33088033694.0,39504440809.0,35270822044.0,75774662897.0,51225237898.0,72668377340.0,36019724025.0,44409167938.0,58012349812.0,92154263323.0,65786471717.0,74189472530.0,-7568800920.0,-13183189634.0,-4192207812.0,-8280174528.0,-17600437229.0,-9416052486.0,-22.99,210.37,177.5,-39.63,115.35,112.4,-16.23,125.26,176.01,40.08,42.59,-11.33,-214.47
174900,앱클론,CFS,19339371775.0,24955671803.0,11888053657.0,17618476328.0,8579502615.0,10043142889.0,18208365620.0,17284275601.0,10468683068.0,27227307543.0,36736988564.0,19358867584.0,2877031419.0,3404207999.0,3018054129.0,-11644913069.0,-8739802885.0,-10229162674.0,-12904282435.0,-9243793594.0,-10237783903.0,-47.39,66.88,109.77,-25.16,47.05,290.88,-52.88,54.08,118.37,-15.49,-33.24,12.79,14.56
175140,아고스,CFS,28806208558.0,53080838211.0,34726075342.0,7974352724.0,27875494413.0,24964484579.0,8426820612.0,28731457675.0,27330432122.0,42150321632.0,41361560733.0,14672175204.0,38503045776.0,35536737811.0,46673243555.0,-7993587338.0,-6615652988.0,-2652042991.0,-14836196965.0,-10251035433.0,-6159700970.0,-35.2,19.99,361.24,-24.78,69.46,190.42,-41.98,186.27,139.1,8.35,-20.83,-23.86,-149.45
175250,아이큐어,CFS,31811755806.0,80704854655.0,58796105970.0,95438914567.0,109980866031.0,54817574833.0,106544590225.0,132261971561.0,116744340406.0,59592906811.0,91858577429.0,98704051357.0,56806335194.0,59367111183.0,64282851849.0,-22656494901.0,-26771353853.0,-28283201852.0,-32298851206.0,-42548549286.0,-38384458450.0,-54.2,178.79,33.33,-46.32,143.98,73.38,-38.89,118.28,107.26,-4.31,15.37,-7.65,5.35
176750,듀켐바이오,,,,,,,,,,,,,,,,,,,,,,,,,,,,,,,,,,,
177350,베셀,CFS,28425282945.0,31755026832.0,32012339302.0,42686197790.0,42486201380.0,46311352735.0,46089699431.0,53929314336.0,54679289381.0,26712223782.0,30352745057.0,38672798857.0,26135468474.0,44128091436.0,24634415940.0,-13127082607.0,-6980251012.0,-7461373986.0,-24163657025.0,-14460355788.0,5600352872.0,-90.46,172.54,66.59,-47.64,177.68,74.74,14.48,141.39,69.12,-40.77,-88.06,79.13,6.45
177830,파버나인,CFS,49369402231.0,66213207294.0,59811967396.0,49079725771.0,64916877613.0,43728501394.0,56945619268.0,65661290685.0,65479914662.0,74253031095.0,76031515674.0,71399660911.0,120684709193.0,118037938315.0,126264806691.0,1691733621.0,10341723515.0,5882203973.0,145831901.0,6342231716.0,6942967003.0,0.2,76.69,100.59,8.34,86.36,102.0,9.72,91.71,136.78,2.24,-83.64,-6.52,75.81
177900,쓰리에이로직스,,,,,,,,,,,,,,,,,,,,,,,,,,,,,,,,,,,
178320,서진시스템,CFS,780088738374.0,728789631079.0,530955257907.0,920013040523.0,663136656073.0,438435489492.0,1022021038730.0,845244135390.0,689826248786.0,498095317755.0,539569713614.0,360183200497.0,778694260990.0,735988528835.0,606146777369.0,48998367201.0,59685469635.0,57999788641.0,10810694880.0,27563465086.0,13846253649.0,2.17,205.19,84.79,5.11,156.65,109.9,3.84,191.52,121.1,5.8,-17.91,21.42,2.91
178780,일월지엠엘,CFS,27164926979.0,8817674471.0,12082431592.0,24504946491.0,4494088693.0,5195032481.0,24944320834.0,5649594993.0,6009505670.0,13378941795.0,6316920759.0,10205374876.0,28812419144.0,13122276435.0,17527364265.0,-851330146.0,-3192545411.0,-9816132925.0,-6577475613.0,-4079133602.0,-10527574382.0,-49.16,186.44,110.85,-64.57,89.44,196.21,-103.16,58.89,232.58,119.57,73.33,-25.13,67.48
179290,엠아이텍,CFS,77575793950.0,76189002031.0,53187004362.0,4639968420.0,8820665160.0,11073160874.0,5903374068.0,10500564224.0,13764267388.0,92937461081.0,83547970589.0,64760890741.0,46387389200.0,56220138285.0,45887926355.0,14066004271.0,22286193685.0,14616558958.0,12797534891.0,19147857949.0,12245439662.0,13.77,6.35,1671.9,22.92,12.57,863.76,18.91,21.25,480.32,-17.49,-36.88,22.52,52.47
179530,애드바이오텍,CFS,13417375081.0,14122832060.0,8672354770.0,12989633622.0,11792678701.0,12625914009.0,17246118019.0,14832854851.0,15853735469.0,10847110244.0,16185278710.0,5105608328.0,10471949613.0,10631575436.0,11840173054.0,-4762402527.0,-4938351845.0,-1554598008.0,-5431863549.0,2696279850.0,-2664465394.0,-50.08,158.99,103.29,16.66,91.64,119.76,-52.19,310.52,68.69,-1.5,3.56,-10.21,-217.66
179900,유티아이,CFS,45498545859.0,62158528564.0,42209443865.0,83275292291.0,20380629845.0,31472421167.0,83611367761.0,67969344530.0,32963682613.0,17215221507.0,47305737142.0,60725089760.0,19361163288.0,36443362536.0,45199738788.0,-19731810602.0,-4640515978.0,-2221320479.0,-29567648376.0,-12053014147.0,1273759866.0,-171.75,485.68,54.64,-25.48,143.68,304.99,2.1,54.28,134.12,-46.87,-325.21,-19.37,-108.91
180400,DXVX,CFS,28786581879.0,38664986857.0,5750420353.0,57506141571.0,31663134042.0,5625318328.0,71139418758.0,51600077648.0,7476787865.0,28796493316.0,34350696944.0,33777768245.0,46745087441.0,32184379157.0,7470297103.0,-12084041763.0,2634286404.0,-3713129401.0,-27836035041.0,-969805407.0,-7884203324.0,-96.66,247.04,50.06,-2.82,150.22,122.11,-23.34,22.14,102.22,45.24,-558.72,330.83,170.95
182360,큐브엔터,CFS,75479619516.0,74496630368.0,31970013240.0,64035274729.0,64105732333.0,18774802682.0,73598839660.0,66613826823.0,23953501534.0,79621130423.0,39297374203.0,36777091377.0,142272172633.0,120637928352.0,71943559242.0,15423770911.0,6927857971.0,1182398157.0,11223257792.0,6110261110.0,-2858693139.0,14.1,92.44,117.87,15.55,169.51,116.21,-7.77,65.13,170.28,17.93,122.63,67.68,485.92
182400,엔케이젠바이오텍코리아,CFS,8881178804.0,24902891865.0,29837895066.0,60026080267.0,71192888972.0,42668983111.0,63782391653.0,86473968000.0,60698811676.0,-9337158059.0,83221089937.0,119901982426.0,10528426204.0,11055733893.0,11252167180.0,-67323456909.0,-49653047361.0,-47440426375.0,-153434090142.0,-55607367453.0,-51078962327.0,1643.26,-683.1,14.8,-66.82,103.91,34.98,-42.6,50.62,69.93,-4.77,-35.59,-1.75,-4.66
183300,코미코,CFS,236241103871.0,141948984584.0,148702312870.0,150976519884.0,85941139516.0,88331903105.0,305922619817.0,130129928564.0,154068927663.0,287980197096.0,257666575978.0,222018078607.0,307266896921.0,288376003971.0,257041930051.0,33028446745.0,55397524906.0,58833840737.0,45511244117.0,41966780348.0,47150017421.0,15.8,106.23,156.48,16.29,50.5,165.17,21.24,69.39,168.34,6.55,-40.38,12.19,-5.84
183490,엔지켐생명과학,CFS,174475031331.0,220312757517.0,109783111978.0,14154097238.0,42284411133.0,53620511593.0,16918865199.0,45810906530.0,58422235975.0,194626642118.0,201744080194.0,74661898230.0,76038893905.0,26637631236.0,22975498508.0,-14356144695.0,-14661777782.0,-20753516316.0,-9402652311.0,-25093109710.0,-27864832842.0,-4.83,8.69,1232.68,-12.44,22.71,521.03,-37.32,78.25,204.74,185.46,2.08,15.94,29.35
184230,SGA솔루션즈,CFS,33289357236.0,44928934056.0,38472719688.0,31386868473.0,34365428960.0,26810355536.0,34776783841.0,37840718830.0,27427224009.0,57069941362.0,57066484036.0,36537537358.0,54733280066.0,37323741652.0,21938829933.0,1276890415.0,3840867866.0,3313757801.0,64437134.0,4823085325.0,1599308658.0,0.11,60.94,106.06,8.45,66.31,130.74,4.38,75.07,143.5,46.64,-66.76,70.13,15.91
185490,아이진,CFS,56877429101.0,68830323329.0,88643507584.0,6098410318.0,4919539448.0,9609227848.0,13768696741.0,11425514454.0,16021969002.0,64334046639.0,68955716239.0,88969175722.0,3125394060.0,5293453594.0,3242116197.0,-27085530763.0,-24088859112.0,-35003744404.0,-22430389809.0,-26489473158.0,-34568955021.0,-34.87,21.4,932.66,-38.42,16.57,1399.12,-38.85,18.01,922.48,-40.96,-12.44,63.27,31.18
186230,그린플러스,CFS,34348078768.0,48454951040.0,62126344424.0,39882293296.0,31128213698.0,23786567902.0,51145221626.0,45253820475.0,40850463444.0,46100968488.0,60720614207.0,60808874136.0,58874226647.0,83007100959.0,83237751431.0,-8208007400.0,3596836213.0,5095574901.0,-15330090789.0,-3517011919.0,-4744140724.0,-33.25,110.94,86.12,-5.79,74.53,155.66,-7.8,67.18,261.18,-29.07,-328.2,-0.28,-29.41
187220,디티앤씨,CFS,56780336964.0,77227101605.0,56427222165.0,88159778782.0,86785075967.0,78391179614.0,111375421956.0,96761289893.0,99190976498.0,106792970362.0,130471675859.0,100573958090.0,96737112186.0,110535011703.0,97790760166.0,-20664997259.0,4543052094.0,2028039415.0,-25689288702.0,2751410113.0,228922768.0,-24.06,104.29,64.41,2.11,74.16,88.99,0.23,98.62,71.98,-12.48,-554.87,13.03,124.01
187270,신화콘텍,CFS,50850675210.0,48676092045.0,41742604589.0,32869680686.0,31003717219.0,32162333637.0,33676722417.0,35221469947.0,40009255027.0,60816959294.0,57176598033.0,51070411080.0,51942907903.0,44947291912.0,43877902025.0,4913326276.0,3950942568.0,2356960563.0,3890941578.0,4657274231.0,3355252250.0,6.4,55.37,154.7,8.15,61.6,157.0,6.57,78.34,129.79,15.56,24.36,2.44,67.63
187420,HLB제넥스,CFS,43053680129.0,55430596936.0,37312635443.0,60416674761.0,93853499986.0,51983663141.0,71501106171.0,106839740801.0,79717186266.0,26361794715.0,27074474915.0,38805329220.0,27008338286.0,27801755545.0,25873630109.0,-9463584731.0,-6224291882.0,-3834264355.0,-721746907.0,-13373143566.0,-8526135637.0,-2.74,271.23,71.26,-49.39,394.61,59.06,-21.97,205.43,71.78,-2.85,-52.04,7.45,-62.33
187660,페니트리움바이오,CFS,25555266153.0,40589451279.0,35449587354.0,15296655852.0,14207021960.0,4490963031.0,17086611378.0,15582607334.0,4908145351.0,27127582349.0,30709797878.0,33456578987.0,13790195699.0,14882555787.0,13977771687.0,-3464613885.0,-754740449.0,2090550559.0,-3363294388.0,-58882743.0,1726994313.0,-12.4,62.99,167.06,-0.19,50.74,285.7,5.16,14.67,789.35,-7.34,-359.05,6.47,-136.1
187790,나노,CFS,40389850663.0,44789520123.0,38107929952.0,64242731133.0,67696833646.0,54832972904.0,67185829420.0,68658359198.0,56192648753.0,599190765.0,1266378600.0,14871006203.0,88076437797.0,66804959543.0,51270341352.0,1622778490.0,-3548846665.0,876675222.0,-5878569121.0,-15756003088.0,-15263992932.0,-981.08,11212.76,62.87,-1244.18,5421.63,66.16,-102.64,377.87,69.5,31.84,145.73,30.3,-504.81
187870,디바이스,CFS,108293354674.0,117850640781.0,151460899007.0,33977967392.0,15267783991.0,39261451497.0,44099589146.0,33920465408.0,56865621571.0,138504394586.0,134426040356.0,129388958276.0,57152091930.0,72739749682.0,125067663773.0,4309204331.0,13323082965.0,35803534235.0,7197193606.0,10799812591.0,31452062978.0,5.2,31.84,318.72,8.03,25.23,771.89,24.31,43.95,385.78,-21.43,-67.66,-41.84,-62.79
188040,바이오포트,,,,,,,,,,,,,,,,,,,,,,,,,,,,,,,,,,,
188260,세니젠,CFS,16309445021.0,10007424744.0,15388437797.0,2647527762.0,25191494447.0,24391590181.0,7581258418.0,28558702905.0,26511141859.0,13396545502.0,-12923714173.0,-9166366627.0,20186588315.0,26757764411.0,25221185490.0,-6476009361.0,-4082410663.0,-2865818388.0,-9245744321.0,-4064852572.0,-4281021324.0,-69.02,56.59,616.03,31.45,-220.98,39.73,46.7,-289.22,63.09,-24.56,-58.63,6.09,-42.45
189300,인텔리안테크,CFS,283330105830.0,214268216964.0,155257001278.0,101749213445.0,134703605469.0,67404786837.0,178656859354.0,191672834052.0,99476592869.0,275032308474.0,178704301467.0,161998338044.0,305042847051.0,239465349593.0,137999647178.0,10725550527.0,15342554581.0,2230007517.0,5532426372.0,16029204390.0,5992080320.0,2.01,64.96,278.46,8.97,107.26,159.07,3.7,61.41,230.34,27.38,-30.09,73.53,588.0
189330,씨이랩,CFS,14080116330.0,24291182753.0,26075562121.0,1447277247.0,5903464121.0,3816374497.0,3202372807.0,8071370877.0,6829452044.0,14814323210.0,20728764544.0,24528535409.0,3663438456.0,9896926397.0,5777875740.0,-6910776281.0,-4926220793.0,-2006225746.0,-6459128318.0,-4544584658.0,-2135629303.0,-43.6,21.62,972.87,-21.92,38.94,411.47,-8.71,27.84,683.25,-62.98,-40.29,71.29,-145.55
189690,포시에스,CFS,25745727956.0,25527116382.0,24734385466.0,2916614738.0,3556698473.0,2649557718.0,3316829990.0,3978929354.0,2941746319.0,70691214853.0,66326813871.0,60395758247.0,33247383815.0,29613557712.0,23704777222.0,5159258368.0,6656578450.0,4733386523.0,5214042224.0,6566452460.0,4257236639.0,7.38,4.69,882.73,9.9,6.0,717.72,7.05,4.87,933.53,12.27,-22.49,24.93,40.63
189860,서전기전,CFS,23405980013.0,19793401983.0,19218962582.0,16752151689.0,15577644634.0,12317562934.0,24247643553.0,16914618038.0,13344967072.0,30352827008.0,34095195401.0,37288115306.0,43269003267.0,50705101233.0,52454376545.0,-3459108384.0,-2909881446.0,-2598895109.0,-3742368393.0,-3192919905.0,-2432245078.0,-12.33,79.89,139.72,-9.36,49.61,127.06,-6.52,35.79,156.03,-14.67,-18.87,-3.33,-11.97
189980,흥국에프엔비,CFS,61597534316.0,58467009821.0,51701936077.0,34878737190.0,39785122943.0,46086707989.0,113464411433.0,117618994714.0,50533753135.0,98960039044.0,92925886227.0,81407616791.0,101121012105.0,97251566947.0,71531049300.0,10258667370.0,10482425626.0,6695133134.0,8685706175.0,11895839816.0,6320226693.0,8.78,114.66,176.6,12.8,126.57,146.96,7.76,62.07,112.18,3.98,-2.13,35.96,56.57
190510,나무가,CFS,143349633602.0,141960613774.0,88512199522.0,57707913478.0,93822092777.0,115246393790.0,58495197171.0,94592018853.0,116479258912.0,147100940035.0,124505361676.0,57127179639.0,365609176662.0,519342981244.0,502902887746.0,22724926461.0,32376700042.0,22967486098.0,23522307584.0,31338093214.0,15989540360.0,15.99,39.77,248.41,25.17,75.97,151.31,27.99,203.89,76.8,-29.6,-29.81,3.27,40.97
190650,코리아에셋투자증권,,,,,,,,,,,,,,,,,,,,,,,,,,,,,,,,,,,
191410,육일씨엔에쓰,CFS,20779895121.0,22791266739.0,41917447160.0,10744519414.0,17291136793.0,25415613219.0,13061780912.0,19644229783.0,25884289470.0,26069780405.0,21537866282.0,19582310116.0,29019810938.0,33151032021.0,30856482354.0,914356112.0,-1734506575.0,-11349179892.0,-201043327.0,671600839.0,2980403976.0,-0.77,50.1,193.4,3.12,91.21,131.81,15.22,132.18,164.93,-12.46,152.72,7.44,84.72
191420,테고사이언스,CFS,28231331422.0,27451609824.0,26532795712.0,2180633000.0,2607186439.0,2483731575.0,2584660414.0,2883807997.0,2638405805.0,46325615337.0,48479026062.0,48365480171.0,7772408575.0,7678386222.0,8299613165.0,-1187951702.0,209630597.0,-98006268.0,-2343049936.0,256008817.0,47548739.0,-5.06,5.58,1294.64,0.53,5.95,1052.92,0.1,5.46,1068.26,1.22,-666.69,-7.49,313.9
192250,케이사인,CFS,80515342725.0,51839519141.0,55788721064.0,15299946373.0,19389937972.0,11262745886.0,77325821860.0,69482211860.0,11822318408.0,108670779501.0,69619687343.0,69881830423.0,,,,4264060017.0,9164465999.0,6428427820.0,4782669676.0,5874099286.0,6033520360.0,4.4,71.16,526.25,8.44,99.8,267.35,8.63,16.92,495.34,,-53.47,,42.56
192390,윈하이텍,CFS,86231391450.0,74430916214.0,72548785873.0,76359202846.0,82333707038.0,53778229400.0,76698447998.0,83657688816.0,63160217633.0,69730949839.0,62318917946.0,56039549075.0,153794945013.0,116775846633.0,94497839269.0,18361474569.0,9730008059.0,1908078664.0,6536889264.0,6291865220.0,-131642317.0,9.37,109.99,112.93,10.1,134.24,90.4,-0.23,112.71,134.9,31.7,88.71,23.58,409.94
192410,오늘이엔엠,CFS,17531019260.0,57189301527.0,51271638356.0,10090400456.0,10351824686.0,38591206306.0,11132415594.0,11790610313.0,39104014108.0,44747546424.0,58333529334.0,39982799646.0,17449952618.0,21100099144.0,25984088210.0,-8487404646.0,-16038534895.0,3253502795.0,-13904002454.0,-19341164419.0,2947838869.0,-31.07,24.88,173.74,-33.16,20.21,552.46,7.37,97.8,132.86,-17.3,47.08,-18.8,-592.96
192440,슈피겐코리아,CFS,226626245196.0,243340934770.0,256083552336.0,37385316569.0,40681664582.0,49172172384.0,45929158803.0,49086080060.0,61937560929.0,469592711643.0,424890090604.0,398300144609.0,447398859445.0,445896426301.0,385751210664.0,35316027360.0,51987480410.0,44581442213.0,41920708265.0,32771942346.0,45690106359.0,8.93,9.78,606.19,7.71,11.55,598.16,11.47,15.55,520.79,0.34,-32.07,15.59,16.61
193250,링크드,CFS,31664737556.0,33558841956.0,38531739729.0,8216648980.0,10879302857.0,21158334738.0,8352265126.0,10941407629.0,26373997987.0,75696066286.0,83910429838.0,75205400857.0,20171254674.0,30233618983.0,38394217330.0,-4428502767.0,-2430395776.0,-2271492217.0,-12693679942.0,6238856563.0,-2580254280.0,-16.77,11.03,385.37,7.44,13.04,308.47,-3.43,35.07,182.11,-33.28,-82.21,-21.25,-7.0
194480,데브시스터즈,CFS,80055589754.0,116791648311.0,162498277256.0,25692554143.0,20192475037.0,45932275574.0,105194369267.0,119179284852.0,107735313697.0,134557437613.0,181238754149.0,165976156628.0,,,,-47992774337.0,-19910863432.0,56654442538.0,-49721229028.0,-6693112876.0,60377123422.0,-36.95,78.18,311.59,-3.69,65.76,578.39,36.38,64.91,353.78,,-141.04,,-135.14
194700,노바렉스,CFS,121852162845.0,129464996252.0,111653031847.0,60061967868.0,72523676515.0,89442793466.0,64315585648.0,89214202249.0,114674003065.0,200418094912.0,181367111581.0,139959042789.0,302167304022.0,281675201330.0,278789611448.0,25499956005.0,25186032306.0,30011596104.0,22087761467.0,20061904673.0,26410860960.0,11.02,32.09,202.88,11.06,49.19,178.51,18.87,81.93,124.83,7.28,1.25,1.04,-16.08
195500,마니커에프앤지,CFS,64420566686.0,61011823759.0,65821232541.0,39007213832.0,37678610702.0,24237955653.0,39721957059.0,38600986093.0,40960152401.0,66386151067.0,64814049207.0,64486220583.0,101217984830.0,89362824959.0,84928791193.0,2104728180.0,-1722244334.0,47744857.0,2071774642.0,-262346650.0,-177984055.0,3.12,59.83,165.15,-0.4,59.56,161.93,-0.28,63.52,271.56,13.27,222.21,5.22,-3707.18
195940,HK이노엔,CFS,432831283783.0,408415207967.0,455394714738.0,595013296475.0,432157268602.0,414221839416.0,644344357799.0,638886765094.0,686548657153.0,1203646389259.0,1164221376394.0,1150954248116.0,828908232826.0,846521700634.0,769785555465.0,65929937883.0,52525669263.0,50322840434.0,47198998992.0,38134319447.0,24735951932.0,3.92,53.53,72.74,3.28,54.88,94.51,2.15,59.65,109.94,-2.08,25.52,9.97,4.38
195990,루트K,CFS,44804139354.0,45792646957.0,81902829396.0,17924924528.0,16009198609.0,29760238829.0,19769411721.0,16450442788.0,30343134880.0,122340463085.0,140195651566.0,137540889788.0,25375405459.0,22112070761.0,32913986577.0,-8807316159.0,-8603190034.0,-4188998427.0,-25742047377.0,-8144650218.0,-10515004877.0,-21.04,16.16,249.95,-5.81,11.73,286.04,-7.65,22.06,275.21,14.76,-2.37,-32.82,-105.38
196170,알테오젠,CFS,144075802572.0,145095472883.0,210238374831.0,100415323198.0,94308513863.0,122750912883.0,108258260247.0,100108123094.0,126791463008.0,147841734336.0,145382013003.0,131527083352.0,96522928887.0,28806344498.0,38745944027.0,-9736838487.0,-29373680278.0,-15192014489.0,-3582208686.0,-10077904116.0,-11587524002.0,-2.42,73.23,143.48,-6.93,68.86,153.85,-8.81,96.4,171.27,235.08,66.85,-25.65,-93.35
196300,HLB펩,CFS,6234107371.0,8137105342.0,11693368600.0,5749647374.0,11281114585.0,11397858310.0,10475025927.0,12491634082.0,12811653882.0,10519978075.0,13396063845.0,19603158711.0,5610913009.0,8662260143.0,10266848826.0,-6716761081.0,-4324860591.0,-321395536.0,-9079389198.0,-6204751894.0,-1689894279.0,-86.31,99.57,108.43,-46.32,93.25,72.13,-8.62,65.36,102.59,-35.23,-55.31,-15.63,-1245.65
196450,코아시아씨엠,CFS,78139911632.0,78800512345.0,92948165920.0,80226848064.0,71495436147.0,80606977002.0,82155322935.0,99614433441.0,89209930901.0,71867027835.0,81341114163.0,109649292110.0,293967118507.0,383202956785.0,179320640716.0,-13048229886.0,-4424559968.0,-13187242262.0,-9868433969.0,-3274394265.0,-4688499385.0,-13.73,114.32,97.4,-4.03,122.47,110.22,-4.28,81.36,115.31,-23.29,-194.9,113.7,66.45
196490,디에이테크놀로지,CFS,108237473806.0,87630229047.0,94584845296.0,97819480261.0,51403911793.0,53491961323.0,99005941281.0,52099033371.0,55732486254.0,51118463342.0,79294090987.0,92651008120.0,89534954324.0,53205792749.0,45400415835.0,-44459455735.0,-17723435553.0,-12713483050.0,-53417979441.0,-24952463002.0,-15589311814.0,-104.5,193.68,110.65,-31.47,65.7,170.47,-16.83,60.15,176.82,68.28,-150.85,17.19,-39.41
196700,웹스,CFS,40098437320.0,31871076655.0,33935895925.0,26303659569.0,25129804120.0,27778929289.0,33353649853.0,27997056767.0,28935794596.0,34151437543.0,33545618674.0,41497727671.0,36231078602.0,34028733040.0,35049221440.0,2566280173.0,-1099006239.0,920828756.0,1000973189.0,-8497971740.0,509998674.0,2.93,97.66,152.44,-25.33,83.46,126.83,1.23,69.73,122.16,6.47,333.51,-2.91,-219.35
197140,디지캡,CFS,24118251245.0,23121859660.0,30123044061.0,4642958534.0,5035007087.0,12528498555.0,7506865491.0,8035749542.0,16927862986.0,42780811019.0,45623325286.0,45727545623.0,24626727594.0,25792993514.0,28631983022.0,-664818243.0,681584190.0,282890126.0,-3334528003.0,792332465.0,100768949.0,-7.79,17.55,519.46,1.74,17.61,459.22,0.22,37.02,240.44,-4.52,-197.54,-9.92,140.94
198080,캐프,CFS,131501906260.0,130432158086.0,150674226672.0,96106742706.0,99748483738.0,111997310635.0,107855570616.0,113755641377.0,130010083994.0,92969067960.0,91505485821.0,92507102961.0,235656834157.0,316140318689.0,304929049936.0,5917198377.0,1553757527.0,7945617243.0,3304542495.0,-1432483414.0,3769596738.0,3.55,116.01,136.83,-1.57,124.32,130.76,4.07,140.54,134.53,-25.46,280.83,3.68,-80.45
198440,강동씨앤엘,CFS,16551987087.0,39854204710.0,48415815188.0,8457663525.0,9904452859.0,11415579191.0,22362309597.0,27828796109.0,29632628493.0,92196180542.0,109334429286.0,117150863438.0,50522976679.0,69904737333.0,65672531640.0,-17209786249.0,-12631266830.0,3697680432.0,-15839660122.0,-7760971355.0,4638804080.0,-17.18,24.26,195.7,-7.1,25.45,402.39,3.96,25.29,424.12,-27.73,-36.25,6.44,-441.6
198940,한주라이트메탈,CFS,87855152928.0,92097904098.0,77215647631.0,107169267906.0,115258846143.0,85309274013.0,158707584616.0,148682218646.0,123652712674.0,36627811532.0,39042542714.0,35782810623.0,220981852363.0,232496846795.0,189023780973.0,-13575024313.0,5254936214.0,7075703641.0,-15319136006.0,93175017.0,4031354182.0,-41.82,433.3,81.98,0.24,380.82,79.91,11.27,345.56,90.51,-4.95,-358.33,23.0,-25.73
199430,케이엔알시스템,CFS,11352640249.0,18998426129.0,28026839625.0,21479694207.0,39980884797.0,43279089216.0,24605740210.0,41063044169.0,50601709915.0,8016485941.0,443080232.0,-2387544477.0,21399034152.0,51182177917.0,13884202433.0,-4340926917.0,2983031122.0,-2233716995.0,-3788313312.0,1523272163.0,-5046530611.0,-47.26,306.94,52.85,343.79,9267.63,47.52,211.37,-2119.4,64.76,-58.19,-245.52,268.64,233.55
199480,뱅크웨어글로벌,,,,,,,,,,,,,,,,,,,,,,,,,,,,,,,,,,,
199550,레이저옵텍,CFS,21306923087.0,16740947574.0,14119883244.0,7554829741.0,10764393206.0,20031109636.0,9732104439.0,13131461510.0,23608885081.0,20077919483.0,12056855196.0,-3935981749.0,34352053954.0,30048880010.0,18651639318.0,4480826362.0,2509602730.0,649164617.0,16781543.0,2815983025.0,-1264320733.0,0.08,48.47,282.03,23.36,108.91,155.52,32.12,-599.82,70.49,14.32,78.55,61.11,286.59
199730,바이오인프라,CFS,21408009789.0,12866881247.0,22996232125.0,8485458291.0,6374599544.0,11154406380.0,13030286526.0,14679779243.0,22877457250.0,33973534984.0,17909501672.0,10862106453.0,30128735340.0,35427367537.0,30555326588.0,1305211809.0,6360196426.0,7462613100.0,2001611067.0,6237198999.0,6234084689.0,5.89,38.35,252.29,34.83,81.97,201.85,57.39,210.62,206.16,-14.96,-79.48,15.94,-14.77
199800,툴젠,CFS,66235320346.0,56666290141.0,75489100414.0,1771120480.0,3858616537.0,1985210819.0,63356193375.0,4961552268.0,3010024951.0,30094560634.0,70469088106.0,84663383303.0,1103409421.0,743463618.0,1597275445.0,-17087547698.0,-19385619824.0,-20730700761.0,-42340173030.0,-18177154401.0,-20692478003.0,-140.69,210.52,3739.74,-25.79,7.04,1468.56,-24.44,3.56,3802.57,48.41,11.85,-53.45,6.49
199820,제일일렉트릭,CFS,100820669767.0,101664017191.0,79997777614.0,41356682013.0,48644977335.0,34239856541.0,42285887877.0,49353407865.0,35110244022.0,125900340569.0,120113048519.0,116052881612.0,143986066033.0,132154640946.0,147231157465.0,7659502632.0,7389857324.0,12856105982.0,8009292050.0,7393166907.0,12908575063.0,6.36,33.59,243.78,6.16,41.09,208.99,11.12,30.25,233.64,8.95,3.65,-10.24,-42.52
200130,콜마비앤에이치,CFS,226666332736.0,240302052932.0,270865511027.0,219635010596.0,154160024926.0,125892875024.0,298205937209.0,214232016548.0,151248567774.0,396302277528.0,402687219013.0,386640102278.0,579551538026.0,575902994059.0,593080731909.0,30255895443.0,61123995164.0,91646804126.0,18736096146.0,40378154901.0,68399728409.0,4.73,75.25,103.2,10.03,53.2,155.88,17.69,39.12,215.16,0.63,-50.5,-2.9,-33.3
200230,텔콘RF제약,CFS,32989022590.0,23126823380.0,37357073437.0,34923951078.0,34328977516.0,60113139174.0,35470382778.0,35119599363.0,61422015679.0,104944533941.0,84135312856.0,106607645471.0,36307203781.0,27829999169.0,37841150315.0,965315608.0,-4062993478.0,-2741321059.0,13948744649.0,-42117159483.0,-23206847983.0,13.29,33.8,94.46,-50.06,41.74,67.37,-21.77,57.62,62.14,30.46,123.76,-26.46,-48.21
200350,아티스트스튜디오,CFS,39741410419.0,59332887613.0,62830675649.0,8192087742.0,26455348251.0,25417902398.0,10758274796.0,29552965965.0,27579719145.0,40101030957.0,42089303095.0,44645066144.0,41863614133.0,44422278789.0,41024304421.0,-7787502929.0,-6252551794.0,3153606188.0,-7434464400.0,-6365269908.0,2332377227.0,-18.54,26.83,485.12,-15.12,70.21,224.28,5.22,61.78,247.19,-5.76,-24.55,8.28,-298.27
200470,에이팩트,CFS,34333961770.0,37753742043.0,21239254838.0,80616939512.0,42744314892.0,27520470550.0,111424742210.0,99372380030.0,45169483786.0,98080675462.0,114773086525.0,70892157124.0,93742317670.0,73646384263.0,47217098401.0,-22880495221.0,4585911543.0,4019710211.0,-16654612063.0,3089968502.0,2665167513.0,-16.98,113.61,42.59,2.69,86.58,88.32,3.76,63.72,77.18,27.29,-598.93,55.97,14.09
200670,휴메딕스,CFS,130351790910.0,140514631195.0,129936686357.0,19603005854.0,84748692970.0,39619116637.0,21914649621.0,88026695306.0,73909526512.0,198063056238.0,139109651753.0,141952220695.0,152273808567.0,123172789865.0,110992354033.0,37310070521.0,26043261960.0,15989941775.0,24820704790.0,21153591585.0,10051358003.0,12.53,11.06,664.96,15.21,63.28,165.8,7.08,52.07,327.96,23.63,43.26,10.97,62.87
200710,에이디테크놀로지,CFS,179752659944.0,153862651900.0,161026720686.0,104255364123.0,60208704941.0,64825595896.0,140674922116.0,66431164310.0,69878013706.0,148749159925.0,167623918666.0,164320477362.0,100172177678.0,164248769577.0,322083657505.0,-17407233831.0,4397640236.0,11386146508.0,-16256430677.0,5621152191.0,14960605706.0,-10.93,94.57,172.42,3.35,39.63,255.55,9.1,42.53,248.4,-39.01,-495.83,-49.0,-61.38
200780,비씨월드제약,CFS,48085729272.0,43609396851.0,37234632805.0,92246451013.0,84206064396.0,55892474507.0,104241328387.0,105530835726.0,99711114311.0,79869460299.0,77519883052.0,79647259994.0,75110698903.0,72702521723.0,62079356724.0,6365158872.0,1861671365.0,-1533671693.0,2892308747.0,59776115.0,-2977751758.0,3.62,130.51,52.13,0.08,136.13,51.79,-3.74,125.19,66.62,3.31,241.91,17.11,221.39
201490,미투온,CFS,91254016733.0,95601887079.0,119693546461.0,31698576998.0,28442882571.0,44350713520.0,35082469734.0,31001279628.0,48790850669.0,225758446914.0,189652035999.0,175409467421.0,108995415070.0,112012049143.0,109734234195.0,22131483080.0,27025243520.0,34514887886.0,17448868120.0,20627873610.0,25880468480.0,7.73,15.54,287.88,10.88,16.35,336.12,14.75,27.82,269.88,-2.69,-18.11,2.08,-21.7
203400,에이비온,CFS,13340856643.0,18767005266.0,39273442506.0,28126190180.0,7691321258.0,11175162464.0,34694566011.0,9043300748.0,12518022191.0,9979423261.0,15100270538.0,32100919075.0,1274306821.0,2506519185.0,1638498054.0,-31251887851.0,-25166881836.0,-10671631780.0,-29210914232.0,-19925392200.0,-54259056329.0,-292.71,347.66,47.43,-131.95,59.89,244.0,-169.03,39.0,351.44,-49.16,-24.18,52.98,-135.83
203450,유니온바이오메트릭스,CFS,38338183445.0,38193365689.0,38319078181.0,14882359963.0,14173503921.0,14788616201.0,20379725105.0,19216070499.0,20167537818.0,39837085942.0,36943962745.0,35701155002.0,51382692333.0,46253418625.0,39023421971.0,1567912626.0,1336893813.0,335721612.0,3068889338.0,2155344611.0,2348464442.0,7.7,51.16,257.61,5.83,52.01,269.47,6.58,56.49,259.11,11.09,17.28,18.53,298.21
203650,드림시큐리티,CFS,106672701310.0,98190006417.0,107361966684.0,230586352253.0,183805014551.0,123651365205.0,299328030265.0,305451917704.0,275376390179.0,106612345647.0,85384823391.0,73558743131.0,232738679548.0,224194724198.0,189510984336.0,33279006375.0,25249946273.0,17672823539.0,22358222110.0,9675895026.0,15037150229.0,20.97,280.76,46.26,11.33,357.74,53.42,20.44,374.36,86.83,3.81,31.8,18.3,42.87
204020,그리티,CFS,80043993897.0,70211265071.0,63730351052.0,16498550543.0,17009680414.0,15322849494.0,18247141388.0,20156260972.0,19956276332.0,75712625702.0,68345434121.0,66589198815.0,176102433452.0,143116381797.0,108704667058.0,11123087525.0,2873864446.0,-7556310175.0,8401316076.0,1839013623.0,-7051370102.0,11.1,24.1,485.16,2.69,29.49,412.77,-10.59,29.97,415.92,23.05,287.04,31.66,138.03
204270,제이앤티씨,CFS,235326831648.0,123020046200.0,181837424359.0,278188981508.0,139627427482.0,134846024187.0,299325143766.0,187678657779.0,203830201781.0,355114043886.0,334806305631.0,375220974544.0,323436932669.0,161325172108.0,202595050531.0,28538516087.0,-44329077466.0,-30743056761.0,17747739478.0,-58751477421.0,-33614802616.0,5.0,84.29,84.59,-17.55,56.06,88.11,-8.96,54.32,134.85,100.49,164.38,-20.37,-44.19
204610,티쓰리,CFS,101672182339.0,113818023891.0,73303441326.0,18271265345.0,26421577300.0,24755035412.0,21216780257.0,30043228599.0,31504359393.0,102135605494.0,111346847341.0,69150298190.0,,,,7559876291.0,12821662565.0,9129109243.0,-929384391.0,12490479232.0,10106113787.0,-0.91,20.77,556.46,11.22,26.98,430.78,14.61,45.56,296.12,,-41.04,,40.45
204620,글로벌텍스프리,CFS,123139600261.0,102727361128.0,79950387272.0,52272616584.0,33343891245.0,37844145306.0,58336854863.0,39752802729.0,42608626845.0,108595058656.0,105606689542.0,87378110586.0,93373547015.0,41967340578.0,38144495124.0,14776893088.0,-3568066672.0,-13769326935.0,-7994237019.0,-14251977234.0,-25216990165.0,-7.36,53.72,235.57,-13.5,37.64,308.08,-28.86,48.76,211.26,122.49,514.14,10.02,74.09
204840,지엘팜텍,CFS,16619352730.0,16190078443.0,13269552571.0,12318707284.0,13103616595.0,4865108099.0,27585965273.0,24763828443.0,14415412047.0,12282299531.0,16090489292.0,17479500550.0,26033025366.0,16728502971.0,12425741412.0,-3228012102.0,-3254750005.0,-2694426652.0,-3748514692.0,-790167314.0,-3734243878.0,-30.52,224.6,134.91,-4.91,153.9,123.55,-21.36,82.47,272.75,55.62,0.82,34.63,-20.8
205100,엑셈,CFS,58259203450.0,44894098767.0,64049005415.0,11745165556.0,16075030859.0,19214571781.0,14026280292.0,17587525887.0,20547071552.0,118732061667.0,101433211028.0,91761767522.0,53889135871.0,55133275799.0,47330196572.0,4912495133.0,12530332588.0,12306499162.0,10422416874.0,9603008998.0,11278884605.0,8.78,11.81,496.03,9.47,17.34,279.28,12.29,22.39,333.34,-2.26,-60.8,16.49,1.82
205470,휴마시스,CFS,277798742314.0,372796422538.0,294574547022.0,59762723385.0,118125037466.0,135473494505.0,59980834866.0,120800213486.0,138708545325.0,287326533909.0,346733946036.0,202005961745.0,13827303630.0,471272761022.0,321829140756.0,-52354977793.0,214721743052.0,193592723916.0,-55424406377.0,182626627990.0,151204591708.0,-19.29,20.88,464.84,52.67,34.84,315.59,74.85,68.67,217.44,-97.07,-124.38,46.44,10.91
205500,넥써쓰,CFS,18534589708.0,28783410151.0,48522605278.0,3558746584.0,5043420094.0,2925539250.0,10238235454.0,13305164429.0,10530152171.0,29345121319.0,30709805495.0,45610108935.0,5460260915.0,5759731909.0,5618853096.0,-16159833315.0,-15115249647.0,-7358939316.0,-12037676999.0,-18480801052.0,-5444151845.0,-41.02,34.89,520.82,-60.18,43.33,570.71,-11.94,23.09,1658.59,-5.2,-6.91,2.51,-105.4
206400,베노티앤알,CFS,56292284170.0,48528840236.0,58733392259.0,40524072477.0,29458710586.0,42907875161.0,42769653287.0,31282418942.0,45117820360.0,80187917127.0,70001604179.0,84937523282.0,9916844608.0,21796866525.0,21080188742.0,-7013194952.0,-1910517180.0,408478102.0,-7919789348.0,-21858749823.0,8632120518.0,-9.88,53.34,138.91,-31.23,44.69,164.74,10.16,53.12,136.88,-54.5,-267.08,3.4,-567.72
206560,덱스터,CFS,47523579221.0,50705372390.0,46394601023.0,15174239462.0,24739088801.0,24874710298.0,27397729229.0,34282975881.0,32398609981.0,58530268364.0,57630850112.0,62322562655.0,,,,-41361146.0,-2512357680.0,-569745007.0,-886106340.0,-6173487763.0,-447246624.0,-1.51,46.81,313.19,-10.71,59.49,204.96,-0.72,51.99,186.51,,98.35,,-340.96
206640,바디텍메드,CFS,138678847637.0,117306931524.0,131082832164.0,27264278659.0,16121152677.0,27112821426.0,30485131073.0,20825159656.0,31008949218.0,197416532257.0,174830748524.0,161233106936.0,134219239677.0,118076842537.0,157707960354.0,28476969172.0,24671164725.0,51935958627.0,26668388616.0,25281496224.0,47395067413.0,13.51,15.44,508.65,14.46,11.91,727.66,29.4,19.23,483.47,13.67,15.43,-25.13,-52.5
206650,유바이오로직스,CFS,41764035794.0,41138707217.0,53719957883.0,25698835170.0,24624319322.0,17282278979.0,46988061439.0,42630827869.0,33174952053.0,104817641521.0,119435087069.0,117262888207.0,69365660612.0,55466694236.0,39384938147.0,7699109509.0,-3768601411.0,-7229530888.0,-15359662286.0,-3437380138.0,-28024705473.0,-14.65,44.83,162.51,-2.88,35.69,167.07,-23.9,28.29,310.84,25.06,304.3,40.83,47.87
207760,미스터블루,CFS,48874651610.0,60546199155.0,58803438229.0,47110298336.0,53207169862.0,14551319137.0,59546875225.0,68160009014.0,15403881147.0,55616161388.0,68250221375.0,65339687291.0,74126065820.0,77157401313.0,61454693996.0,694659937.0,7440975335.0,6768263034.0,-11228581159.0,3135273021.0,6747268136.0,-20.19,107.07,103.75,4.59,99.87,113.79,10.33,23.58,404.11,-3.93,-90.66,25.55,9.94
208140,정다운,CFS,125017412601.0,101149555592.0,92820365533.0,69123475624.0,67308364830.0,58945934493.0,73423148782.0,75680731272.0,80175520199.0,122936530546.0,94014041711.0,81897460981.0,185491756008.0,182649074204.0,153620860443.0,35750469426.0,18439405569.0,20173297130.0,32677793000.0,15319946333.0,11138105759.0,26.58,59.72,180.86,16.3,80.5,150.28,13.6,97.9,157.47,1.56,93.88,18.9,-8.59
208350,지란지교시큐리티,CFS,40534214525.0,61451230542.0,58763281200.0,11935345289.0,26385177945.0,21033487124.0,22884919612.0,47265307463.0,32335408148.0,69668688905.0,76344554922.0,72160529067.0,35281556819.0,32220888324.0,31292976018.0,1836738399.0,2132985984.0,2012906499.0,10939986148.0,2288855943.0,-5659498067.0,15.7,32.85,339.61,3.0,61.91,232.9,-7.84,44.81,279.38,9.5,-13.89,2.97,5.97
208370,셀바스헬스케어,CFS,40780612212.0,21684980619.0,26050565108.0,6138838840.0,8870328449.0,16915996301.0,6583287371.0,12274352048.0,20923611321.0,60096936646.0,33759458368.0,28060443790.0,29812771015.0,27685710222.0,29089193742.0,3345879719.0,2482536562.0,3412372392.0,5169790540.0,2812844654.0,2471595166.0,8.6,10.95,664.3,8.33,36.36,244.47,8.81,74.57,154.0,7.68,34.78,-4.82,-27.25
208640,썸에이지,CFS,29550632698.0,39924140177.0,35100345606.0,11737758550.0,1921217884.0,1808562074.0,12966573602.0,13516264827.0,3344999592.0,25981501693.0,34423348057.0,47817211407.0,11560934744.0,12519373509.0,36238086126.0,-12823161753.0,-16478666060.0,-2120735702.0,-12352279768.0,-21450141606.0,14734495545.0,-47.54,49.91,251.76,-62.31,39.26,2078.06,30.81,7.0,1940.79,-7.66,22.18,-65.45,-677.03
208710,포톤,CFS,62774719594.0,42037416778.0,42400623690.0,49946536324.0,33609714287.0,49536941103.0,50618029059.0,34757189325.0,54324747175.0,57532194409.0,51297708927.0,49445326984.0,123469141449.0,104282763040.0,83834344764.0,-3261884829.0,544989472.0,-6688013906.0,-13725866240.0,398277026.0,-7886623702.0,-23.86,87.98,125.68,0.78,67.76,125.08,-15.95,109.87,85.59,18.4,-698.52,24.39,108.15
208860,다산디엠씨,CFS,6322816711.0,4409596715.0,12941173017.0,22018140307.0,27089101414.0,27832037161.0,22583836840.0,27670055976.0,34096907997.0,8339213489.0,8619461388.0,7231850768.0,4941175060.0,3493950585.0,4784367295.0,-2990583502.0,-5245703773.0,-2673802067.0,-6034420330.0,-252457734.0,-1921744889.0,-72.36,270.81,28.72,-2.93,321.02,16.28,-26.57,471.48,46.5,41.42,42.99,-26.97,-96.19
209640,와이제이링크,,,,,,,,,,,,,,,,,,,,,,,,,,,,,,,,,,,
210120,캔버스엔,CFS,17904848670.0,11123648196.0,8411643069.0,5280781611.0,12928286453.0,16510235138.0,5735712985.0,13455347944.0,16919088637.0,22996805793.0,12561023911.0,2137596621.0,17543308552.0,32229780456.0,21203022915.0,-545218192.0,1728667620.0,-1913062431.0,-249361468.0,1327427290.0,-1174818825.0,-1.08,24.94,339.06,10.57,107.12,86.04,-54.96,791.5,50.95,-45.57,-131.54,52.01,190.36
211050,인카금융서비스,CFS,428680944835.0,246916847972.0,183353409129.0,333280033831.0,201339359147.0,161859784556.0,400579929952.0,218532098744.0,173425798254.0,96749183703.0,73412420490.0,41480405121.0,556822367275.0,401448586391.0,314623455761.0,46576295874.0,27392045468.0,21133565506.0,29509280963.0,20787782439.0,16395678689.0,30.5,414.04,128.62,28.32,297.68,122.64,39.53,418.09,113.28,38.7,70.04,27.6,29.61
211270,AP위성,CFS,129830727294.0,98071393389.0,100773902803.0,49217428584.0,23802341170.0,29627992890.0,49478944805.0,23948345977.0,30083388932.0,95077662865.0,85351038402.0,81104774352.0,49434135093.0,53604126086.0,40201720460.0,10071432183.0,4494271143.0,842198469.0,10514932202.0,4077471425.0,1401740834.0,11.06,52.04,263.79,4.78,28.06,412.02,1.73,37.09,340.13,-7.78,124.09,33.34,433.64
212560,네오오토,CFS,88042263935.0,62034846851.0,52195705567.0,56460149232.0,47816455944.0,35699584400.0,68397691532.0,57869727665.0,57483554255.0,107788386566.0,96865832508.0,89071950950.0,198227864842.0,164034089080.0,142360251340.0,10381323003.0,7969615246.0,5923321623.0,11924396808.0,7851187788.0,6568000750.0,11.06,63.46,155.94,8.11,59.74,129.74,7.37,64.54,146.21,20.85,30.26,15.22,34.55
212710,아이에스티이,,,,,,,,,,,,,,,,,,,,,,,,,,,,,,,,,,,
213420,덕산네오룩스,CFS,100923290970.0,189300361285.0,188013438934.0,23665258217.0,16164865423.0,22650637362.0,51134113424.0,41206237089.0,49559148183.0,353193379457.0,320331678629.0,287106565188.0,163702143267.0,176677173188.0,191358001344.0,32919649532.0,44866531676.0,50975561267.0,35804054122.0,38919638935.0,46834338496.0,10.14,14.48,426.46,12.15,12.86,1171.06,16.31,17.26,830.06,-7.34,-26.63,-7.67,-11.98
214150,클래시스,CFS,185737483070.0,147788690727.0,73140020626.0,29246386638.0,36225225302.0,16793038427.0,91942522091.0,101857251139.0,52634773984.0,283500499663.0,229553857160.0,163744431352.0,180122798016.0,141803242402.0,100596935574.0,89622382063.0,68876207458.0,51712720398.0,74225203196.0,75378647248.0,43804676382.0,26.18,32.43,635.08,32.84,44.37,407.97,26.75,32.14,435.54,27.02,30.12,40.96,33.19
214180,헥토이노베이션,CFS,424200292697.0,365384039735.0,319942881692.0,257298127672.0,217439653885.0,162385394811.0,281290032080.0,244207085048.0,180127019435.0,294803526459.0,282603992186.0,273927076343.0,288489349653.0,262967082265.0,221041387864.0,37263667814.0,35644081440.0,37477007216.0,31316214531.0,32177184489.0,32465669889.0,10.62,95.42,164.87,11.39,86.41,168.04,11.85,65.76,197.03,9.71,4.54,18.97,-4.89
214260,라파스,CFS,52257403714.0,49050396983.0,60886965430.0,62169090822.0,44377903974.0,35996324922.0,68096348509.0,52047237069.0,44167143056.0,32308257995.0,44012949071.0,53676777982.0,27935888378.0,23638746585.0,20339266562.0,-4050017651.0,-6550026777.0,-2047731135.0,-9248213114.0,-8627020406.0,4704588862.0,-28.62,210.77,84.06,-19.6,118.25,110.53,8.76,82.28,169.15,18.18,38.17,16.22,-219.87
214270,FSN,CFS,114177391021.0,152563531221.0,129263307956.0,73937440738.0,75183174638.0,70190334150.0,115169039811.0,113686842493.0,99865710348.0,93485599208.0,147390114877.0,137085434386.0,175608088741.0,176540642026.0,184370392798.0,-5966339136.0,-2148181923.0,8561921132.0,-24785408918.0,-12735718768.0,4839514321.0,-26.51,123.19,154.42,-8.64,77.13,202.92,3.53,72.85,184.16,-0.53,-177.74,-4.25,-125.09
214370,케어젠,CFS,166427417966.0,158933019158.0,149328940739.0,11313926179.0,10490639116.0,9849566008.0,19978209343.0,18092034704.0,16965547103.0,227298894775.0,215977998066.0,209794420819.0,79209511675.0,69097674884.0,59087882662.0,40377972813.0,33625928175.0,28204290924.0,39929880781.0,27216920225.0,25184092612.0,17.57,8.79,1471.0,12.6,8.38,1515.0,12.0,8.09,1516.1,14.63,20.08,16.94,19.22
214430,아이쓰리시스템,CFS,84524125309.0,67550728130.0,63843125990.0,38018341172.0,29043277746.0,31197616866.0,41384291387.0,34665627500.0,34431373279.0,89807641749.0,78660362925.0,73242774454.0,121539205459.0,83845591819.0,79723131606.0,12204489179.0,5686971942.0,1410841017.0,12561262924.0,6183187601.0,3357324317.0,13.99,46.08,222.32,7.86,44.07,232.59,4.58,47.01,204.64,44.96,114.6,5.17,303.09
214450,파마리서치,CFS,256465270267.0,247344585752.0,206791973536.0,65899494138.0,54252843546.0,48005014265.0,73086592473.0,106399144494.0,99288024088.0,462194597084.0,371656045678.0,328358725431.0,261010910564.0,194758643934.0,154082897894.0,92257786628.0,65916151831.0,52488896037.0,77264652455.0,43434103895.0,46823637037.0,16.72,15.81,389.18,11.69,28.63,455.91,14.26,30.24,430.77,34.02,39.96,26.4,25.58
214610,롤링스톤,CFS,47387131537.0,36531412522.0,69680544412.0,17535409868.0,27430059460.0,11723041953.0,24989158472.0,39872312393.0,36443803073.0,36328829782.0,17639471565.0,52233618834.0,5367423455.0,16111429183.0,30302075601.0,-19375745660.0,-25900397615.0,-10895042538.0,-25794884647.0,-38919205919.0,-10585392552.0,-71.0,68.79,270.24,-220.64,226.04,133.18,-20.27,69.77,594.39,-66.69,25.19,-46.83,-137.73
214680,디알텍,CFS,97527959766.0,78838198288.0,58536754513.0,32069918282.0,51932122580.0,40913271306.0,79424235063.0,60939402960.0,49458665251.0,84594301542.0,59838380634.0,44439771086.0,92438893337.0,89481004311.0,70277277241.0,-148835330.0,4915277386.0,2355864197.0,-2062455667.0,5949571727.0,3953126742.0,-2.44,93.89,304.11,9.94,101.84,151.81,8.9,111.29,143.08,3.31,-103.03,27.33,108.64
215000,골프존,CFS,301898052674.0,306729689696.0,242397390917.0,151027656261.0,157201781259.0,130166448850.0,211943377227.0,216835171205.0,191699130728.0,425679094448.0,373160471851.0,291902033749.0,685111033775.0,617513986929.0,440308103513.0,114549134545.0,148679447295.0,107671750993.0,73621776385.0,111557527995.0,76442443121.0,17.3,49.79,199.9,29.9,58.11,195.12,26.19,65.67,186.22,10.95,-22.96,40.25,38.09
215090,솔디펜스,CFS,30539847525.0,45203777053.0,147265947524.0,13419670485.0,14184698899.0,148888089238.0,14293012659.0,15004161878.0,150094278139.0,23091089274.0,37445903273.0,4794564543.0,16254001186.0,15656058286.0,8447249586.0,-2368528249.0,-2850938242.0,-10124557914.0,-14354813999.0,32639705520.0,-52766456569.0,-62.17,61.9,227.58,87.16,40.07,318.68,-1100.55,3130.51,98.91,3.82,16.92,85.34,71.84
215100,로보로보,CFS,17005451299.0,15722890008.0,17454709086.0,2117793739.0,2056235863.0,909963972.0,2266401147.0,2123500160.0,1027563920.0,31023837362.0,29541364163.0,30311035461.0,14261192289.0,11863068045.0,7619902700.0,220774308.0,-181933769.0,-1523724033.0,1420726608.0,-350277945.0,-1308524134.0,4.58,7.31,802.98,-1.19,7.19,764.64,-4.32,3.39,1918.18,20.22,221.35,55.69,88.06
215200,메가스터디교육,CFS,235319047195.0,135469542769.0,261033291236.0,406540183305.0,405545914243.0,317771377973.0,464021649940.0,471008859752.0,370171191125.0,491472805323.0,433701932099.0,354126810409.0,935225125443.0,835952852633.0,703869131483.0,127440527255.0,135389636306.0,99007256559.0,95793196332.0,99557434650.0,81544834223.0,19.49,94.41,57.88,22.96,108.6,33.4,23.03,104.53,82.14,11.88,-5.87,18.77,36.75
215360,우리산업,CFS,200960020651.0,141587929497.0,160145651532.0,163954199987.0,141631833147.0,101826917936.0,211139955119.0,152485115921.0,123768927973.0,100891689298.0,85746002293.0,120007286515.0,462150813837.0,364601945122.0,284249058158.0,20470002830.0,-24686526779.0,-7332363524.0,17804515460.0,-17957302320.0,539619141.0,17.65,209.27,122.57,-20.94,177.83,99.97,0.45,103.13,157.27,26.75,182.92,28.27,-236.68
215380,우정바이오,CFS,19690384461.0,13887253842.0,25168866939.0,45698843146.0,45243832927.0,38009879916.0,76360531780.0,65275433920.0,68675656337.0,21972072471.0,29718339930.0,31460479081.0,38615630587.0,46917852697.0,31237784039.0,-4459664719.0,-2521314432.0,-3526487787.0,-5053734964.0,-1880194422.0,-1925760435.0,-23.0,347.53,43.09,-6.33,219.65,30.69,-6.12,218.29,66.22,-17.7,-76.88,50.2,28.5
215480,토박스코리아,CFS,29211656851.0,31536842165.0,29804538757.0,5300043289.0,8794712418.0,6256126896.0,8155920536.0,8993728317.0,9966743118.0,33376599526.0,32586587628.0,28396637907.0,48648552369.0,51232869329.0,36131560952.0,2947160145.0,4987863185.0,2907968028.0,2478826296.0,4154447938.0,3627483663.0,7.43,24.44,551.16,12.75,27.6,358.59,12.77,35.1,476.41,-5.04,-40.91,41.8,71.52
215600,신라젠,CFS,52227813490.0,77818233094.0,122545268061.0,10242617734.0,17419591345.0,20582186530.0,19400939135.0,24506568922.0,26779546803.0,57313962974.0,78939492624.0,108048080787.0,3939558696.0,5013362991.0,254362816.0,-21345852210.0,-24476247012.0,-20350080938.0,-20369238698.0,-24593128293.0,-15655704022.0,-35.54,33.85,509.91,-31.15,31.04,446.73,-14.49,24.78,595.39,-21.42,12.79,1870.95,-20.28
215790,이노인스트루먼트,CFS,64174379224.0,78751850440.0,70926349716.0,29509566234.0,28664256114.0,30421084856.0,32082662320.0,30693920197.0,31910804915.0,79069185821.0,97627608086.0,93503411941.0,43871733220.0,49851253116.0,47240740630.0,-18881001149.0,2919080751.0,7404912607.0,-18085582277.0,5622007529.0,10195050522.0,-22.87,40.58,217.47,5.76,31.44,274.74,10.9,34.13,233.15,-11.99,-746.81,5.53,-60.58
216050,인크로스,CFS,197624671990.0,221175603229.0,210764843111.0,96613789548.0,128217454777.0,133235477100.0,98918270214.0,130941026561.0,137355877570.0,114422411715.0,105956625119.0,93009383881.0,46817787159.0,53308042480.0,51801203742.0,12638559830.0,19632377505.0,21402590113.0,12636625725.0,15408647437.0,21114722342.0,11.04,86.45,204.55,14.54,123.58,172.5,22.7,147.68,158.19,-12.18,-35.62,2.91,-8.27
216080,제테마,CFS,72199719566.0,35786043334.0,93771908111.0,100272792915.0,61957943098.0,29391043948.0,171173063335.0,131406988877.0,93363711118.0,73055934873.0,56946608941.0,54561513963.0,58716076773.0,45993818218.0,33222759331.0,2633639012.0,4005811892.0,2278946076.0,13604191635.0,1455004314.0,10884104996.0,18.62,234.3,72.0,2.56,230.75,57.76,19.95,171.12,319.05,27.66,-34.25,38.44,75.77
217190,제너셈,CFS,36124360196.0,38008183178.0,29304960563.0,27279549164.0,27468524983.0,18714050499.0,35354438566.0,38976017608.0,40302116176.0,42427946688.0,40199380106.0,27574352025.0,56453761125.0,59602938075.0,59727438928.0,3561812639.0,8518688194.0,5633158912.0,3596032748.0,12189838259.0,5242456964.0,8.48,83.33,132.42,30.32,96.96,138.37,19.01,146.16,156.59,-5.28,-58.19,-0.21,51.22
217270,넵튠,CFS,72308590119.0,48235197332.0,45132234949.0,33757391373.0,20507824005.0,25201087595.0,44197895593.0,46631148145.0,78777065960.0,364226200726.0,379645731429.0,387297154205.0,99746932814.0,29467097300.0,20287078208.0,2155714673.0,-28668824982.0,-24607375445.0,-16741380684.0,-170489310627.0,69768277215.0,-4.6,12.13,214.2,-44.91,12.28,235.2,18.01,20.34,179.09,238.5,107.52,45.25,-16.51
217330,싸이토젠,CFS,56003179898.0,19388886841.0,43588919763.0,10747184830.0,33929850518.0,6791151249.0,21094677058.0,35564130930.0,32518750091.0,53355392642.0,5656217069.0,23008989483.0,3184360751.0,760777445.0,347845637.0,-11791605783.0,-11497462671.0,-12860919794.0,-15769500591.0,-18771226009.0,-10870612221.0,-29.56,39.54,521.1,-331.87,628.76,57.14,-47.25,141.33,641.85,318.57,-2.56,118.71,10.6
217480,에스디생명공학,CFS,59136734225.0,44050829157.0,80415432317.0,30918860441.0,77839586293.0,84730442508.0,31012941552.0,91611375693.0,97491654410.0,45109672439.0,4827933875.0,48975020678.0,46942769396.0,56573717993.0,124680967309.0,-13655499521.0,-31524240027.0,-34822452381.0,-6006820648.0,-74971217040.0,-45148835312.0,-13.32,68.75,191.26,-1552.86,1897.53,56.59,-92.19,199.06,94.91,-17.02,56.68,-54.63,9.47
217500,러셀,CFS,63903307086.0,67541143644.0,60281857420.0,17195619553.0,14073578051.0,20812782247.0,18467189072.0,22930463172.0,22284891039.0,56086107499.0,55500196333.0,50341777050.0,44710882827.0,41926139186.0,57759768938.0,1871561870.0,4500835036.0,5648227492.0,1506707474.0,3826630737.0,6115908856.0,2.69,32.93,371.63,6.89,41.32,479.91,12.15,44.27,289.64,6.64,-58.42,-27.41,-20.31
217730,강스템바이오텍,CFS,47366035977.0,45906520168.0,65355113853.0,24199158766.0,19708665596.0,22473220401.0,36735491548.0,33331410601.0,37144831355.0,44517549654.0,47260294212.0,66003004243.0,12704101187.0,16300572670.0,12404664762.0,-22777439977.0,-20558498336.0,-22735544454.0,-23221104725.0,-20176260643.0,-21826783594.0,-52.16,82.52,195.73,-42.69,70.53,232.93,-33.07,56.28,290.81,-22.06,-10.79,31.41,9.58
217820,원익피앤이,CFS,381359706040.0,263743348709.0,259437260484.0,381731526762.0,290007358145.0,229491099551.0,384375769030.0,294582543841.0,239876791764.0,140063641803.0,114632271708.0,164459591554.0,306840170909.0,288843655010.0,176418328593.0,2894014787.0,3947745331.0,14957054561.0,-3647631708.0,30378495.0,19464435594.0,-2.6,274.43,99.9,0.03,256.98,90.94,11.84,145.86,113.05,6.23,-26.69,63.73,-73.61
218150,미래생명자원,CFS,37935058799.0,41972094080.0,41523915986.0,7126437581.0,14940677049.0,7432052229.0,7430362056.0,15260426110.0,22330648633.0,44160153160.0,40834828875.0,33059269931.0,60015912443.0,75635321633.0,66668150529.0,20185933.0,1582783593.0,1855031886.0,359209934.0,878147425.0,1078926244.0,0.81,16.83,532.31,2.15,37.37,280.92,3.26,67.55,558.71,-20.65,-98.72,13.45,-14.68
218410,RFHIC,CFS,332901346749.0,339879606429.0,321242914739.0,168002509439.0,94654050918.0,59656810756.0,181123793582.0,165491087870.0,138601673919.0,328275652396.0,307847122675.0,308347895045.0,111432998779.0,108032898603.0,101561301412.0,303024279.0,802971835.0,4363911122.0,17683006519.0,4857592365.0,5885010661.0,5.39,55.17,198.15,1.58,53.76,359.08,1.91,44.95,538.48,3.15,-62.26,6.37,-81.6
219130,타이거일렉,CFS,26126272882.0,34514341574.0,29747098517.0,16098776141.0,15185717874.0,17682701872.0,18348159679.0,17224125675.0,19554393157.0,52802721212.0,55445585445.0,51514232195.0,48569682585.0,58072250651.0,50317508771.0,-3076374667.0,3114183364.0,2303794729.0,-2557794000.0,3590222364.0,3154717039.0,-4.84,34.75,162.29,6.48,31.06,227.28,6.12,37.96,168.23,-16.36,-198.79,15.41,35.18
219420,링크제니시스,CFS,39200491906.0,40169139038.0,40723133652.0,2374245341.0,2901928445.0,6436700137.0,2902150817.0,3751429489.0,7216777245.0,44982653485.0,43703107076.0,40582936032.0,14193832035.0,17267914388.0,16030334530.0,1398347384.0,3640941473.0,3945447639.0,1399546409.0,1904568532.0,4301072885.0,3.11,6.45,1651.07,4.36,8.58,1384.22,10.6,17.78,632.67,-17.8,-61.59,7.72,-7.72
219550,디와이디,CFS,13011736444.0,13247152753.0,4764343040.0,36059822814.0,2398586833.0,1419070895.0,37304062193.0,2564822854.0,5040724878.0,39024595795.0,44715715394.0,3413006219.0,28464604767.0,20838794897.0,14048423805.0,-3321192612.0,512634011.0,-9414673487.0,-19074765695.0,901618504.0,-41282435739.0,-48.88,95.59,36.08,2.02,5.74,552.29,-1209.56,147.69,335.74,36.59,-747.87,48.34,105.45
219750,한국비티비,CFS,21798566340.0,5141201955.0,11450051864.0,36529246992.0,31064047813.0,25914620538.0,37122794015.0,31912297842.0,33674797856.0,409021206.0,3166054207.0,11298226227.0,2698330828.0,5669831641.0,13269032180.0,-7328519918.0,-7607617986.0,-11287838641.0,-9225595749.0,-12782647871.0,-12808393329.0,-2255.53,9076.01,59.67,-403.74,1007.95,16.55,-113.37,298.05,44.18,-52.41,3.67,-57.27,32.6
220100,퓨쳐켐,CFS,32003640451.0,45364870779.0,37167788483.0,3640460006.0,13781687827.0,10250648067.0,8918809764.0,18433015770.0,24221465381.0,63914372132.0,70283242811.0,52914598779.0,13968016475.0,12573624103.0,11818366832.0,-8411501068.0,-12934275144.0,-7894243565.0,-6711785929.0,-14010877367.0,-3463516041.0,-10.5,13.95,879.11,-19.93,26.23,329.17,-6.55,45.77,362.59,11.09,34.97,6.39,-63.84
220180,핸디소프트,CFS,60027007578.0,62238629432.0,55840460561.0,6695910266.0,10929061678.0,10115214973.0,7160691080.0,12091227614.0,10978518116.0,67982313651.0,66165447601.0,62648988875.0,26120903057.0,33114803766.0,17044884247.0,-967385251.0,464722372.0,1143152021.0,1706373527.0,129171389.0,3579183427.0,2.51,10.53,896.47,0.2,18.27,569.48,5.71,17.52,552.04,-21.12,-308.16,94.28,-59.35
220260,켐트로스,CFS,34940808526.0,50705311192.0,48475080715.0,30950834403.0,16360073866.0,15881041917.0,36161909744.0,38509204976.0,40262886702.0,61682968343.0,58949571296.0,54973962960.0,47464098463.0,57025284590.0,48294721313.0,3433724667.0,4442342875.0,3836844273.0,2803432300.0,3811169019.0,4409196923.0,4.54,58.63,112.89,6.47,65.33,309.93,8.02,73.24,305.24,-16.77,-22.7,18.08,15.78
221800,지구홀딩스,CFS,45172071715.0,47873266416.0,38868740223.0,8003148264.0,14634472896.0,17733718374.0,11207980910.0,17184204640.0,19810620949.0,37991410209.0,33844163061.0,21523648021.0,30792036515.0,69013134090.0,50552623684.0,-1337992226.0,15707796256.0,9027232647.0,645895277.0,13159994846.0,9236341465.0,1.7,29.5,564.43,38.88,50.77,327.13,42.91,92.04,219.18,-55.38,-108.52,36.52,74.0
221840,하이즈항공,CFS,51780516652.0,57902951615.0,75906478947.0,54682641470.0,52008864676.0,52995916221.0,71919042408.0,76339887931.0,89497578413.0,51356385778.0,60481639548.0,62709869746.0,80764375263.0,58776316282.0,62580189936.0,-4542965438.0,-8448934751.0,-12096156652.0,-7615245398.0,-12314293308.0,-17086612403.0,-14.83,140.04,94.69,-20.36,126.22,111.33,-27.25,142.72,143.23,37.41,46.23,-6.08,30.15
221980,케이디켐,CFS,74977155386.0,68903540421.0,56792102521.0,23660873743.0,23910745719.0,15545459478.0,23890935640.0,25868681592.0,19559475828.0,99558536247.0,96356998586.0,88366455727.0,59145786358.0,62124551836.0,54057340865.0,6252594408.0,5697277366.0,6845630804.0,5315844858.0,8161640063.0,8000577102.0,5.34,24.0,316.88,8.47,26.85,288.17,9.05,22.13,365.33,-4.79,9.75,14.92,-16.77
222040,코스맥스엔비티,CFS,180467487081.0,188200635449.0,156615560322.0,233628248909.0,212093266633.0,198120385957.0,259486507058.0,256716552674.0,252048100088.0,40591307315.0,47254354750.0,58415875916.0,333630908880.0,328207413005.0,289347257809.0,11976872715.0,2240434808.0,6434458844.0,-5829252157.0,-12915172840.0,-5340666412.0,-14.36,639.27,77.25,-27.33,543.27,88.73,-9.14,431.47,79.05,1.65,434.58,13.43,-65.18
222080,SFA넥셀,CFS,481347759778.0,346206530085.0,236115839952.0,327204717149.0,278449869046.0,121545387278.0,331406985177.0,303962068566.0,202953067227.0,265622342112.0,140033042208.0,116271511711.0,310163525240.0,159362402652.0,132737951313.0,38942742837.0,7811543178.0,16353054298.0,28623638657.0,11536200897.0,-24607696621.0,10.78,124.77,147.11,8.24,217.06,124.33,-21.16,174.55,194.26,94.63,398.53,20.06,-52.23
222110,팬젠,CFS,9842644291.0,8576382749.0,31153521729.0,5710647722.0,1129528758.0,19886063211.0,8175177800.0,3454202506.0,22179045100.0,12565977838.0,17219472966.0,21097869754.0,7315125370.0,6500657968.0,7935564918.0,-4225497054.0,-4590629269.0,-3288356744.0,-4488830770.0,-4493832137.0,-3310318397.0,-35.72,65.06,172.36,-26.1,20.06,759.29,-15.69,105.12,156.66,12.53,7.95,-18.08,-39.6
222420,쎄노텍,CFS,45256710586.0,38614996406.0,31840566501.0,28334087482.0,34157108330.0,19643226852.0,59937088492.0,58454432600.0,58494876230.0,37197880292.0,37877096472.0,31121724960.0,31111152868.0,34731413625.0,32885094375.0,-1056389909.0,1125897166.0,2671761378.0,-5354149001.0,-72292961.0,1262774331.0,-14.39,161.13,159.73,-0.19,154.33,113.05,4.06,187.96,162.09,-10.42,-193.83,5.61,-57.86
222800,심텍,CFS,280223052607.0,504723382744.0,245072194624.0,488445096807.0,474379874277.0,341995216105.0,705622729689.0,653731684232.0,476157712891.0,470437819665.0,612601561758.0,381276284163.0,1041895724977.0,1697452348000.0,1365832876122.0,-88124119458.0,352354248115.0,174319010782.0,-115143871777.0,246101011096.0,118292918108.0,-24.48,149.99,57.37,40.17,106.71,106.4,31.03,124.89,71.66,-38.62,-125.01,24.28,102.13
222980,한국맥널티,CFS,45968215335.0,50632048004.0,50657510602.0,40350842561.0,32378600226.0,30260236016.0,46989325351.0,47681158715.0,44710029395.0,37513457839.0,41539462141.0,40666150569.0,78399918458.0,70214592825.0,53409780309.0,-4185981235.0,-669783264.0,1615572343.0,-4307130117.0,-3016716177.0,1902864020.0,-11.48,125.26,113.92,-7.26,114.79,156.38,4.68,109.94,167.41,11.66,-524.98,31.46,-141.46
223250,드림씨아이에스,CFS,42108471887.0,41762055054.0,46436211604.0,28180669316.0,23860311379.0,15622426938.0,31696402732.0,27523615378.0,18725591941.0,56931043140.0,50442057810.0,37979896212.0,47844017772.0,38873659888.0,26153499622.0,1587789100.0,5817566011.0,3616705398.0,3857550745.0,4522146622.0,3228748772.0,6.78,55.68,149.42,8.97,54.56,175.03,8.5,49.3,297.24,23.08,-72.71,48.64,60.85
223310,사토시홀딩스,CFS,18862791321.0,22751695679.0,23217042076.0,2885933315.0,3255840734.0,3116331205.0,3241272622.0,3641496894.0,3417037349.0,22416885197.0,23921498295.0,19920170339.0,27520272873.0,20726718540.0,16677098599.0,293842758.0,424123177.0,-4439010761.0,-1317336656.0,-2265130271.0,-8361520141.0,-5.88,14.46,653.61,-9.47,15.22,698.8,-41.98,17.15,745.01,32.78,-30.72,24.28,109.55
224060,더코디,CFS,76910299236.0,83823334062.0,86365770470.0,32782147514.0,23789403862.0,64386989202.0,67221878409.0,55669858825.0,66412562343.0,32171240562.0,37968632538.0,56080571766.0,20212268116.0,20111858404.0,45359981861.0,-10401169534.0,-9020440627.0,-6720448546.0,-13678159844.0,-23496403930.0,-22585744517.0,-42.52,208.95,234.61,-61.88,146.62,352.36,-40.27,118.42,134.14,0.5,-15.31,-55.66,-34.22
224110,에이텍모빌리티,CFS,87760307948.0,59321741742.0,54619476779.0,64191228676.0,43318701518.0,23122614362.0,77721820820.0,58900169379.0,26858201426.0,98129741278.0,86784004910.0,78912795118.0,201031429637.0,150481816041.0,131841469632.0,15360086674.0,6525612779.0,5862456750.0,11044491704.0,6241557940.0,4871307709.0,11.25,79.2,136.72,7.19,67.87,136.94,6.17,34.04,236.22,33.59,135.38,14.14,11.31
225190,LK삼양,CFS,19923568688.0,29731933410.0,31696069485.0,5622345579.0,8204249409.0,9020216768.0,9471676463.0,13675703094.0,15253862257.0,30111451699.0,36538482424.0,37372165126.0,39031722713.0,54947071178.0,57676416445.0,-1129207533.0,11006812462.0,12236547581.0,728588894.0,8257567661.0,10615858400.0,2.42,31.46,354.36,22.6,37.43,362.4,28.41,40.82,351.39,-28.96,-110.26,-4.73,-10.05
225220,제놀루션,CFS,48653587357.0,54542331567.0,57667075501.0,10075178972.0,4643596015.0,12648838343.0,25780678694.0,19754934993.0,12738160447.0,87657143192.0,94698799896.0,82203272291.0,9761301415.0,38084568962.0,72834041419.0,-7091383866.0,14736700926.0,41281483602.0,-5550372069.0,14601873870.0,34394097081.0,-6.33,29.41,482.91,15.42,20.86,1174.57,41.84,15.5,455.91,-74.37,-148.12,-47.71,-64.3
225430,케이엠제약,CFS,5981834681.0,6345458544.0,9845996243.0,11881808379.0,12498458000.0,7472859818.0,15076886097.0,14953189853.0,12769803730.0,35478598068.0,36327945673.0,39906120078.0,17769628477.0,15631451503.0,22705128224.0,-1090420388.0,-1246537676.0,866137999.0,-1320041642.0,-3924970515.0,-611185909.0,-3.72,42.5,50.34,-10.8,41.16,50.77,-1.53,32.0,131.76,13.68,12.52,-31.15,-243.92
225530,HC보광산업,CFS,57606625701.0,53247469023.0,63712547936.0,22116434588.0,23429999387.0,19011859387.0,70540296233.0,57055616274.0,60360759307.0,95177679024.0,88924745376.0,85703749926.0,85460172473.0,87471227933.0,71898463686.0,18912752031.0,15372295022.0,13214491053.0,16662368432.0,12074741153.0,9790647158.0,17.51,74.11,260.47,13.58,64.16,227.26,11.42,70.43,335.12,-2.3,23.03,21.66,16.33
225570,넥슨게임즈,CFS,237312302640.0,204036431993.0,107683261833.0,66155783764.0,59676973659.0,51322187409.0,104042716903.0,88500616331.0,65156387929.0,262844332934.0,237048789376.0,61613369962.0,193272169533.0,132374925965.0,63084058003.0,12013961586.0,5155194997.0,-3973508109.0,11294417814.0,6048041788.0,-7962227091.0,4.3,39.58,358.72,2.55,37.33,341.9,-12.92,105.75,209.82,46.0,133.05,109.84,229.74
225590,패션플랫폼,CFS,51347987851.0,61475025905.0,54872841792.0,11168830178.0,16374365419.0,16066965543.0,24476090611.0,30098157455.0,16741356040.0,73939085004.0,67634357336.0,57984668394.0,106002959393.0,109942797767.0,86375354181.0,8104100267.0,11974747875.0,5969012953.0,6371240132.0,9722407265.0,15453382738.0,8.62,33.1,459.74,14.37,44.5,375.43,26.65,28.87,341.53,-3.58,-32.32,27.28,100.62
226330,신테카바이오,CFS,21979528685.0,37496886447.0,58193452731.0,19398295354.0,22254406508.0,1888384043.0,21688347914.0,24227949489.0,40251982997.0,31228289972.0,31460774571.0,27627177854.0,123405804.0,243991568.0,316658569.0,-12276297771.0,-11792093799.0,-8891510563.0,-11397644740.0,-4506425723.0,-14802796153.0,-36.5,69.45,113.31,-14.32,77.01,168.49,-53.58,145.7,3081.65,-49.42,-4.11,-22.95,-32.62
226340,본느,CFS,30525012705.0,26322211876.0,24764230483.0,46524430937.0,35607318592.0,35696914265.0,47647746421.0,53943951259.0,56444498245.0,39684788987.0,29641175954.0,27101814237.0,72910268640.0,60720302228.0,53806095591.0,6736412730.0,735167461.0,-1046573174.0,499562054.0,45833900.0,-3960574488.0,1.26,120.07,65.61,0.15,181.99,73.92,-14.61,208.27,69.37,20.08,816.31,12.85,170.25
226400,오스테오닉,CFS,40324476446.0,37422938718.0,40744397568.0,11954352005.0,19685726599.0,25218087823.0,19862481390.0,25024677636.0,28638524478.0,51876887913.0,36500518925.0,35531893605.0,27798503886.0,19838547123.0,15597796412.0,4842541601.0,2526176814.0,579411976.0,3632897461.0,927271098.0,-2851720328.0,7.0,38.29,337.32,2.54,68.56,190.1,-8.03,80.6,161.57,40.12,91.69,27.19,335.99
226590,엠디바이스,,,,,,,,,,,,,,,,,,,,,,,,,,,,,,,,,,,
226950,올릭스,CFS,32141697713.0,65045503731.0,52239572048.0,6563263922.0,39543151650.0,40365162166.0,52489094571.0,66448925303.0,67264591995.0,50335955136.0,66202554547.0,19407382342.0,,,,-18185342175.0,-22375609579.0,-24228556815.0,-19101696120.0,-21887805751.0,-30277900848.0,-37.95,104.28,489.72,-33.06,100.37,164.49,-156.01,346.59,129.42,,18.73,,7.65
227610,아우딘퓨쳐스,CFS,34382604185.0,31199350217.0,30336882429.0,29609263196.0,48312493482.0,24826886250.0,36588517576.0,49856594081.0,33063351335.0,23649890606.0,8578197796.0,17472353518.0,32698314649.0,35044593341.0,43911332269.0,162986825.0,-9692810262.0,-7721456887.0,-328204673.0,-17255430584.0,-8367378223.0,-1.39,154.71,116.12,-201.15,581.2,64.58,-47.89,189.23,122.19,-6.7,101.68,-20.19,-25.53
227950,엔투텍,CFS,37663746124.0,38889151241.0,70759177960.0,6206812028.0,11329686761.0,29025211842.0,7929782604.0,11986732552.0,29806728082.0,112343680329.0,97226471584.0,89800478380.0,34305986615.0,21405514240.0,29565637103.0,-1919414632.0,-1933857914.0,1366081518.0,11125550062.0,985029548.0,3083784403.0,9.9,7.06,606.81,1.01,12.33,343.25,3.43,33.19,243.79,60.27,0.75,-27.6,-241.56
228340,동양파일,CFS,79415710766.0,71431972728.0,65901212357.0,7158584959.0,6336379433.0,7996739102.0,7197048288.0,6498334498.0,7996739102.0,128081693365.0,122914306020.0,118028357561.0,71057300475.0,72584619200.0,69531446184.0,4492854477.0,5272970932.0,8187381562.0,5167432439.0,4906550380.0,2384378643.0,4.03,5.62,1109.38,3.99,5.29,1127.33,2.02,6.78,824.1,-2.1,-14.79,4.39,-35.6
228670,레이,CFS,147038045568.0,101078015139.0,118108218156.0,109702066677.0,62482463072.0,20564435748.0,128356138897.0,105887952257.0,73899458604.0,131196233958.0,116308028180.0,103408451899.0,145881865235.0,128997854042.0,90336176999.0,6118370428.0,16205769609.0,3387415384.0,-3047690982.0,7956937538.0,57207561.0,-2.32,97.84,134.03,6.84,91.04,161.77,0.06,71.46,574.33,13.09,-62.25,42.8,378.41
228760,지노믹트리,CFS,95371216840.0,117999575199.0,134327228290.0,5281364782.0,53442112741.0,2142152170.0,7812264461.0,55352892425.0,62050497340.0,125031776869.0,107557037408.0,115100893400.0,3418009378.0,29865674706.0,5139615073.0,-17303489590.0,2405362117.0,-9855101992.0,-9006726868.0,-6237388514.0,-11424524208.0,-7.2,6.25,1805.81,-5.8,51.46,220.8,-9.93,53.91,6270.67,-88.56,-819.37,481.09,124.41
228850,레이언스,CFS,236797059774.0,218954101245.0,193871327371.0,30047588984.0,31335245903.0,36862268322.0,36689221543.0,36500539616.0,42220242755.0,240798429771.0,225498428892.0,199578095786.0,142985961678.0,147160763834.0,134567721219.0,19695606883.0,25357085371.0,24068884269.0,19462480763.0,21849486643.0,14093053477.0,8.08,15.24,788.07,9.69,16.19,698.75,7.06,21.15,525.93,-2.84,-22.33,9.36,5.35
229000,젠큐릭스,CFS,13648332787.0,8011451044.0,23548335018.0,15667524006.0,25867820698.0,23195656710.0,21498605085.0,31565458511.0,24244505076.0,12003304356.0,5673206734.0,31042476851.0,2600317668.0,2559487184.0,3046945886.0,-11158545309.0,-11007096768.0,-12745159086.0,-20139383953.0,-25450909971.0,-35149309348.0,-167.78,179.11,87.11,-448.62,556.4,30.97,-113.23,78.1,101.52,1.6,-1.38,-16.0,13.64
230240,에치에프알,CFS,159328288886.0,234084700782.0,149947591318.0,54215747262.0,98240893119.0,95211889366.0,91217115913.0,133104469916.0,124167248283.0,176779760489.0,177825222594.0,92600017392.0,164184216763.0,366282666520.0,206357125229.0,-8418452143.0,90187284689.0,21825612320.0,1870681319.0,68577076942.0,18638235852.0,1.06,51.6,293.88,38.56,74.85,238.28,20.13,134.09,157.49,-55.18,-109.33,77.5,313.22
232140,와이씨,CFS,191972037314.0,314067119610.0,294578147904.0,76663504753.0,86167134155.0,62839470516.0,114468752526.0,164468338499.0,121023618555.0,365804448525.0,354629698116.0,338864522005.0,255182306180.0,285267759686.0,311270371895.0,8571578913.0,36409046432.0,54621634142.0,12879225237.0,34351072916.0,50930747858.0,3.52,31.29,250.41,9.69,46.38,364.49,15.03,35.71,468.78,-10.55,-76.46,-8.35,-33.34
232680,라온로보틱스,CFS,29820908823.0,29557797301.0,25092495872.0,11142160073.0,11213613941.0,11928402011.0,18182645819.0,18202516326.0,19355397642.0,28181973633.0,28103785453.0,19506084387.0,34544095895.0,59431713088.0,36858184806.0,1981864494.0,8943114313.0,5246324711.0,2318370303.0,7475268384.0,5868228651.0,8.23,64.52,267.64,26.6,64.77,263.59,30.08,99.23,210.36,-41.88,-77.84,61.24,70.46
232830,아이티센피엔에스,CFS,13620391050.0,11563658442.0,7324129549.0,7562088946.0,7301744226.0,4665635826.0,7609283308.0,10415681439.0,5413060663.0,13154432361.0,8098968054.0,5879362134.0,16219150218.0,39515795103.0,21922928386.0,-1283047422.0,2171898590.0,458780662.0,-958968643.0,2219605920.0,477567597.0,-7.29,57.85,180.11,27.41,128.61,158.37,8.12,92.07,156.98,-58.96,-159.07,80.25,373.41
234030,싸이닉솔루션,,,,,,,,,,,,,,,,,,,,,,,,,,,,,,,,,,,
234100,폴라리스세원,CFS,170714421844.0,151190724036.0,135964109289.0,42000439278.0,44663979020.0,52871948856.0,51974849567.0,54502949256.0,71199812346.0,237374060776.0,207274496319.0,143106540863.0,160350478984.0,176741126444.0,97537203981.0,7363703486.0,8638821035.0,-1886708059.0,12208328147.0,3912239879.0,8266474204.0,5.14,21.9,406.46,1.89,26.3,338.51,5.78,49.75,257.16,-9.27,-14.76,81.2,557.88
234300,에스트래픽,CFS,114046524924.0,126028877376.0,94711120963.0,74204626722.0,88798267669.0,67613071126.0,92325391783.0,110476617901.0,102638738991.0,94239902118.0,68490898912.0,35037351163.0,147172546236.0,132069703100.0,127607609513.0,17379683944.0,9595456107.0,3650412655.0,16699535561.0,32385358855.0,-8581832381.0,17.72,97.97,153.69,47.28,161.3,141.93,-24.49,292.94,140.08,11.44,81.12,3.5,162.86
234340,헥토파이낸셜,CFS,300256608151.0,263185478726.0,236724248848.0,227638203228.0,187850934141.0,140782949201.0,231517769793.0,193243897914.0,143533546671.0,145143370334.0,143361473193.0,142732530777.0,153076082801.0,129250551413.0,110374211065.0,12571136493.0,12845655211.0,15287940649.0,10869731377.0,12036747376.0,22478719499.0,7.49,159.51,131.9,8.4,134.79,140.1,15.75,100.56,168.15,18.43,-2.14,17.1,-15.98
234690,녹십자웰빙,CFS,61024456390.0,49711142860.0,48641277708.0,49403647112.0,46536367278.0,41475531438.0,56167617699.0,54078894403.0,50709738801.0,100386713922.0,96164276133.0,88297261674.0,120534664952.0,109729116676.0,90967528802.0,10457190802.0,8395933914.0,7771594099.0,6747905071.0,8001050144.0,6702856202.0,6.72,55.95,123.52,8.32,56.24,106.82,7.59,57.43,117.28,9.85,24.55,20.62,8.03
234920,자이글,CFS,5119933082.0,12543259248.0,17401713198.0,20339712891.0,19325460642.0,12807230270.0,20399256115.0,19335105788.0,12851639375.0,31347195338.0,41709024430.0,45562243987.0,4144292300.0,14993012303.0,20245589782.0,-8667430931.0,-2654127476.0,-5067733649.0,-10361829092.0,-3735114919.0,-4630167146.0,-33.06,65.08,25.17,-8.96,46.36,64.91,-10.16,28.21,135.87,-72.36,-226.56,-25.94,47.63
235980,메드팩토,CFS,75154222630.0,100330893207.0,126085388987.0,7741496010.0,72799305257.0,977751585.0,9565722078.0,75364585732.0,89803223374.0,70908663434.0,32322597622.0,43542543270.0,0.0,0.0,0.0,-28757985751.0,-37193012232.0,-29459122356.0,-35324785772.0,-35753227225.0,-17039774054.0,-49.82,13.49,970.8,-110.61,233.16,137.82,-39.13,206.24,12895.44,,22.68,,-26.25
236200,슈프리마,CFS,126371989265.0,116544677000.0,82707902926.0,14202551232.0,11723533506.0,8835466964.0,14326057392.0,11987764279.0,9676711984.0,204104614492.0,181799482025.0,166065561214.0,94630270174.0,89397131101.0,72572220105.0,16661341796.0,17858985886.0,16232361076.0,22954571032.0,17867698336.0,22650985180.0,11.25,7.02,889.78,9.83,6.59,994.11,13.64,5.83,936.09,5.85,-6.71,23.18,10.02
236810,엔비티,CFS,26501177155.0,32204759431.0,38009411682.0,39579955965.0,18782216806.0,16689562144.0,43239874352.0,46148077396.0,39396443191.0,31928297376.0,37193803886.0,41150702806.0,,,,-2766359798.0,2279310361.0,3143199280.0,-2974711099.0,-469248834.0,1698056940.0,-9.32,135.43,66.96,-1.26,124.07,171.46,4.13,95.74,227.74,,-221.37,,-27.48
237690,에스티팜,CFS,348378134540.0,263233822482.0,244141732090.0,83744630214.0,179223988711.0,52574824823.0,288529670073.0,229549274594.0,172532637472.0,386906418511.0,341102990526.0,326032576078.0,284991652409.0,249321677973.0,165641947051.0,33511661589.0,17851415161.0,5577586579.0,17523410962.0,17515720880.0,3377390171.0,4.53,74.57,416.0,5.14,67.3,146.87,1.04,52.92,464.37,14.31,87.73,50.52,220.06
237750,피앤씨테크,CFS,31503402414.0,45327647347.0,44267092528.0,21059698385.0,7922220058.0,6912159572.0,22286525222.0,9014073429.0,8236356007.0,71803217624.0,68716889662.0,65513074632.0,20683260694.0,21997928858.0,21708529852.0,2716180905.0,2385433867.0,1970817587.0,3643201532.0,2945800778.0,3450283310.0,5.07,31.04,149.59,4.29,13.12,572.16,5.27,12.57,640.42,-5.98,13.87,1.33,21.04
237820,플레이디,CFS,113874110601.0,139040327861.0,115922065295.0,50506565274.0,77663319603.0,57235725805.0,54237847289.0,83620933955.0,67746048844.0,81295800338.0,79022426933.0,74053130594.0,37255650160.0,43952147282.0,34680497548.0,2531121706.0,5596977274.0,3338918401.0,2885948551.0,4953447526.0,2964143190.0,3.55,66.72,225.46,6.27,105.82,179.03,4.0,91.48,202.53,-15.24,-54.78,26.73,67.63
237880,클리오,CFS,170734836445.0,129713676306.0,131190259895.0,54104818129.0,44063527784.0,57123619157.0,65869393095.0,53509226607.0,66817113819.0,213698489596.0,190376264982.0,167411303018.0,330584497213.0,272455447001.0,232744014896.0,33809871290.0,17882330512.0,13902867647.0,27319035509.0,10128871042.0,9267371492.0,12.78,30.82,315.56,5.32,28.11,294.38,5.54,39.91,229.66,21.34,89.07,17.06,28.62
238090,앤디포스,CFS,83296465050.0,106599332053.0,188202159527.0,10083981705.0,31773307514.0,52222516517.0,16310112338.0,32814412781.0,61958126849.0,124813207460.0,140191937384.0,169940912047.0,48866901806.0,89315793393.0,62992061014.0,-4121556373.0,3716058221.0,5975907545.0,-13798116487.0,-21527253434.0,17662446349.0,-11.06,13.07,826.03,-15.36,23.41,335.5,10.39,36.46,360.39,-45.29,-210.91,41.79,-37.82
238120,얼라인드,CFS,21602867611.0,19551898909.0,18385606825.0,5238030181.0,1333198695.0,1417315834.0,9620379015.0,8051756573.0,7477333647.0,31311482652.0,28849730072.0,26992164268.0,15214698591.0,13752579320.0,11761977467.0,3337080633.0,2849002252.0,2178935858.0,3236017811.0,2332756887.0,5541665889.0,10.33,30.72,412.42,8.09,27.91,1466.54,20.53,27.7,1297.21,10.63,17.13,16.92,30.75
238200,비피도,CFS,37466820404.0,23849850078.0,25249609386.0,19704755536.0,1890216972.0,3618591022.0,20034389716.0,2447754196.0,4005422342.0,51702407262.0,52489221060.0,50642209269.0,18634263875.0,14578593937.0,12116670288.0,-343653687.0,1263116123.0,-1017448052.0,1082151650.0,1545707759.0,4493457645.0,2.09,38.75,190.14,2.94,4.66,1261.75,8.87,7.91,697.77,27.82,-127.21,20.32,224.15
238490,힘스,CFS,38458905514.0,30748607164.0,33642552356.0,25374208916.0,15836006391.0,8563526563.0,27066497386.0,17588863004.0,10386785891.0,68531128354.0,61934534993.0,73916234855.0,,,,5685407130.0,-13275484597.0,-4371186993.0,5599495130.0,-8645207016.0,-441392436.0,8.17,39.5,151.57,-13.96,28.4,194.17,-0.6,14.05,392.86,,142.83,,-203.7
239340,이스트에이드,CFS,27842889618.0,36629648212.0,40442672108.0,3851844586.0,3898128462.0,8126434725.0,6142470168.0,13664405050.0,18008461901.0,25818283340.0,31710944553.0,35292432438.0,13837382502.0,22921900442.0,28780386706.0,-6176198460.0,-725778895.0,6738768476.0,-7210568111.0,-2470440856.0,3885760284.0,-27.93,23.79,722.85,-7.79,43.09,939.67,11.01,51.03,497.67,-39.63,-750.98,-20.36,-110.77
239610,에이치엘사이언스,CFS,38864799075.0,37235502846.0,71275669632.0,3243664005.0,3842334107.0,9515204922.0,3375664005.0,4515737589.0,10452597558.0,102593407123.0,104301840990.0,107412582725.0,25587457016.0,52758204961.0,104375404099.0,-4692442893.0,-603657954.0,14770690824.0,-1391182447.0,1530197115.0,13533561692.0,-1.36,3.29,1198.18,1.47,4.33,969.09,12.6,9.73,749.07,-51.5,-677.33,-49.45,-104.09
239890,피엔에이치테크,CFS,40701591117.0,41225440308.0,23041832239.0,13903712399.0,27589600333.0,13072653692.0,21200420874.0,34103304460.0,14860832286.0,49895104304.0,28449001007.0,19350834646.0,40181180331.0,35043741542.0,24058981006.0,6506488174.0,4803053619.0,3653358543.0,5621975904.0,7563900649.0,3634199806.0,11.27,42.49,292.74,26.59,119.88,149.42,18.78,76.8,176.26,14.66,35.47,45.66,31.47
240550,동방메디컬,,,,,,,,,,,,,,,,,,,,,,,,,,,,,,,,,,,
240600,유진테크놀로지,CFS,40800645684.0,26011137025.0,19620777415.0,18284736860.0,27414482620.0,18305981772.0,22644921704.0,34898279391.0,40709356991.0,47847141841.0,18199240571.0,4953001065.0,47497623102.0,39824841246.0,34557425427.0,6379656267.0,2384643399.0,3011651602.0,-1813571109.0,1176755354.0,2755379556.0,-3.79,47.33,223.14,6.47,191.76,94.88,55.63,821.91,107.18,19.27,167.53,15.24,-20.82
240810,원익IPS,CFS,587550843984.0,596025062092.0,674847713442.0,209555443957.0,248902022998.0,359397009130.0,218160246280.0,251943234499.0,366545866913.0,866702595508.0,869727304162.0,801039724502.0,690337586778.0,1011484981702.0,1232302198954.0,-18074991250.0,97554876588.0,164128988758.0,-13507700947.0,89438212718.0,145116947236.0,-1.56,25.17,280.38,10.28,28.97,239.46,18.12,45.76,187.77,-31.75,-118.53,-17.92,-40.56
241520,DSC인베스트먼트,CFS,35181431116.0,33078863824.0,16229604569.0,29762006760.0,23882408905.0,16206373281.0,33879835335.0,30802852381.0,24839254470.0,106666091637.0,95004279256.0,77013438270.0,33564906112.0,33775348328.0,30869323393.0,17544942089.0,18844849182.0,16614045404.0,14606369802.0,16155973044.0,16095239378.0,13.69,31.76,118.21,17.01,32.42,138.51,20.9,32.25,100.14,-0.62,-6.9,9.41,13.43
241690,유니테크노,CFS,81479045255.0,43013122947.0,55128711359.0,39822440747.0,22662879655.0,25918102952.0,83683576483.0,38536949095.0,35122758112.0,126023613804.0,116968473280.0,92925149841.0,101893975859.0,82372227506.0,79862819036.0,11443596660.0,6119272210.0,7438470284.0,9119873859.0,4880314736.0,9469453903.0,7.24,66.4,204.61,4.17,32.95,189.8,10.19,37.8,212.7,23.7,87.01,3.14,-17.73
241710,코스메카코리아,CFS,221214079602.0,186758079269.0,183262096202.0,154576730601.0,142988836381.0,135407288751.0,190455845488.0,185732073734.0,195231551895.0,242169741587.0,207023560560.0,196337919340.0,470719111291.0,399399237901.0,396465785819.0,49154075509.0,10367437149.0,20101690521.0,33886925952.0,6002734887.0,16967233195.0,13.99,78.65,143.11,2.9,89.72,130.61,8.64,99.44,135.34,17.86,374.12,0.74,-48.43
241770,메카로,CFS,93943647007.0,152899971903.0,63924994708.0,7097592195.0,23843663613.0,10801878622.0,10083864758.0,26023991757.0,14831430287.0,186163877178.0,192203200876.0,148257113564.0,40760860090.0,53990901173.0,49032633511.0,-8467702995.0,2553660537.0,2497971161.0,-2356650679.0,43694397631.0,7724388898.0,-1.27,5.42,1323.6,22.73,13.54,641.26,5.21,10.0,591.8,-24.5,-431.59,10.11,2.23
241790,티이엠씨씨엔에스,CFS,127501940762.0,77690132284.0,74730589990.0,78883090001.0,33026497516.0,25054130353.0,83040785617.0,34047192858.0,25696050961.0,108350668337.0,103569651369.0,89586202683.0,140336756639.0,164969267191.0,93940248864.0,13324269282.0,22791281609.0,16021902302.0,11996857605.0,15783984267.0,14634006814.0,11.07,76.64,161.63,15.24,32.87,235.24,16.34,28.68,298.28,-14.93,-41.54,75.61,42.25
241820,피씨엘,CFS,31854162024.0,58624921278.0,63743965931.0,20602655737.0,48290402943.0,46266937560.0,24582757982.0,54294178545.0,62666674890.0,37611061131.0,33643619336.0,16628662005.0,8429532300.0,37217226663.0,46147521837.0,-16131251501.0,-8245365421.0,-25766376299.0,-20283875061.0,-4011235671.0,-31672222151.0,-53.93,65.36,154.61,-11.92,161.38,121.4,-190.47,376.86,137.77,-77.35,-95.64,-19.35,68.0
241840,에이스토리,CFS,59770284410.0,80090720780.0,79237364004.0,32064756409.0,34880405767.0,39548689010.0,33133859254.0,42777389437.0,49995516328.0,62404561586.0,58504945353.0,47702377905.0,56875968183.0,71680277467.0,58860400089.0,6945016422.0,8499834556.0,6927688603.0,4912258246.0,4086004413.0,17028297378.0,7.87,53.1,186.4,6.98,73.12,229.62,35.7,104.81,200.35,-20.65,-18.29,21.78,22.69
242040,나무기술,CFS,55748458008.0,56135610599.0,62464593007.0,37625195509.0,43379407030.0,37390457494.0,56799345973.0,58405603281.0,44211158482.0,44657816111.0,43821430305.0,41707915544.0,90558433590.0,106218514270.0,94465709977.0,-749823439.0,2178471444.0,1077187761.0,-3528217964.0,625741609.0,-992119852.0,-7.9,127.19,148.17,1.43,133.28,129.41,-2.38,106.0,167.06,-14.74,-134.42,12.44,102.24
243070,휴온스,CFS,271321679802.0,247014531023.0,234498340414.0,133866060842.0,103452907674.0,147521826020.0,206873327848.0,185107014549.0,166262425460.0,330412261178.0,287519610797.0,270635209750.0,552006502264.0,492386810765.0,436911388927.0,56002319215.0,40866895874.0,45282064716.0,50385066708.0,22608313829.0,30580595678.0,15.25,62.61,202.68,7.86,64.38,238.77,11.3,61.43,158.96,12.11,37.04,12.7,-9.75
243840,신흥에스이씨,CFS,254032731170.0,235930868007.0,225110502419.0,304968762884.0,249723835910.0,184260593045.0,502359634612.0,348472325271.0,251111364031.0,337868238649.0,307841992429.0,290290080460.0,539851981578.0,477824689682.0,366253418888.0,43651743021.0,31015020437.0,31068589749.0,30935991062.0,19598971754.0,26659528860.0,9.16,148.69,83.3,6.37,113.2,94.48,9.18,86.5,122.17,12.98,40.74,30.46,-0.17
244460,올리패스,CFS,4721630811.0,13873690848.0,31252029100.0,7727595976.0,12041371154.0,10996471033.0,11115880273.0,15715542087.0,15909055795.0,2493718217.0,9226119226.0,30155744642.0,5289606360.0,369374999.0,851776623.0,-13706542935.0,-21933793851.0,-25133438261.0,-12949428569.0,-24752092743.0,-25724368427.0,-519.28,445.76,61.1,-268.28,170.34,115.22,-85.31,52.76,284.2,1332.04,37.51,-56.63,12.73
245620,EDGC,CFS,46252389190.0,41611880167.0,59230000074.0,87548444481.0,108450939558.0,59905332197.0,134407497088.0,159175170219.0,127942817688.0,39111452292.0,32835416388.0,58995411814.0,88456744573.0,94243692888.0,89282114475.0,-9358686426.0,-9520183120.0,-15602204704.0,-33026500222.0,-29864754680.0,-20666748769.0,-84.44,343.65,52.83,-90.95,484.77,38.37,-35.03,216.87,98.87,-6.14,1.7,5.56,38.98
246250,에스엘에스바이오,CFS,11750534863.0,6058218212.0,3758089782.0,1735743418.0,2043389150.0,3394774104.0,4371356731.0,5047643945.0,6782098928.0,13466226903.0,6705210549.0,3723830610.0,9023399199.0,10751900430.0,8242508010.0,1031032573.0,2423749751.0,426234451.0,1434045715.0,2826043673.0,57890953.0,10.65,32.46,676.97,42.15,75.28,296.48,1.55,182.13,110.7,-16.08,-57.46,30.44,468.64
246690,TS인베스트먼트,CFS,50655485285.0,39227027878.0,41004675002.0,10520652373.0,8366281031.0,14416880793.0,18989846957.0,25156090766.0,33617753132.0,89845180457.0,73570765808.0,64396905769.0,26165566670.0,27251625954.0,22351330350.0,,,,11967082163.0,8472856468.0,10148060570.0,13.32,21.14,481.49,11.52,34.19,468.87,15.76,52.2,284.42,-3.99,,21.92,
246710,티앤알바이오팹,CFS,57558297648.0,46834503438.0,71305676507.0,50949353945.0,29102440094.0,11996710560.0,68618804281.0,36674913732.0,53400970781.0,31197257242.0,39262942836.0,42107138250.0,5199194463.0,5754646263.0,3234679293.0,-12723799161.0,-12897641203.0,-10251058899.0,-13418957337.0,-10337052492.0,-70067853679.0,-43.01,219.95,112.97,-26.33,93.41,160.93,-166.4,126.82,594.38,-9.65,1.35,77.9,-25.82
246720,아스타,CFS,7428063210.0,7884569238.0,8958928145.0,1044439533.0,1102735972.0,509238229.0,3536484472.0,3698557389.0,2164761611.0,6174937624.0,7237087093.0,8892558664.0,3133234465.0,3345404074.0,2563990004.0,-2723517456.0,-2779103898.0,-3110394255.0,,,,,57.27,711.2,,51.11,715.0,,24.34,1759.28,-6.34,2.0,30.48,10.65
246960,SCL사이언스,CFS,10546159691.0,5469258136.0,10857860688.0,3355592342.0,2465456428.0,657415189.0,11255033391.0,17645425148.0,21681235089.0,18902868464.0,13168983646.0,10201542389.0,1322103893.0,369776482.0,507288569.0,-4017181890.0,-4605036501.0,-4537809208.0,-5025557886.0,-5971957484.0,-5039960369.0,-26.59,59.54,314.29,-45.35,133.99,221.84,-49.4,212.53,1651.6,257.54,12.77,-27.11,-1.48
247540,에코프로비엠,CFS,2443491616196.0,2274293401185.0,739143497291.0,2131306763902.0,1547889953385.0,612882217465.0,2762382311340.0,1885951251552.0,829712539065.0,1599392286411.0,1488215127423.0,596145212873.0,6900867843535.0,5357607238956.0,1485628623826.0,156029935394.0,380676718075.0,115031248500.0,54685871623.0,272653525172.0,97789788764.0,3.42,172.71,114.65,18.32,126.73,146.93,16.4,139.18,120.6,28.81,-59.01,260.63,230.93
247660,나노씨엠에스,CFS,23090156116.0,25268357596.0,26878628366.0,9954670302.0,17393801033.0,16631278148.0,11131136473.0,21388596145.0,20882705332.0,26817931963.0,31012395280.0,30409020300.0,4582873462.0,7409764202.0,4083262579.0,-3162385769.0,554960715.0,-982579241.0,-4135061835.0,206390015.0,-686778001.0,-15.42,41.51,231.95,0.67,68.97,145.27,-2.26,68.67,161.61,-38.15,-669.84,81.47,156.48
250000,보라티알,CFS,64709329353.0,60513166455.0,44026766427.0,19896763567.0,26426410653.0,28001126991.0,20244709879.0,27089484959.0,28212310495.0,83900597638.0,76409622647.0,60403565703.0,76914485270.0,69472275173.0,60871582620.0,13072198389.0,10605291100.0,6946889081.0,9455736791.0,17315898144.0,6255100060.0,11.27,24.13,325.23,22.66,35.45,228.99,10.36,46.71,157.23,10.71,23.26,14.13,52.66
250060,모비스,CFS,33115348979.0,53421517488.0,50336067368.0,15770390123.0,28711266798.0,5693811324.0,19851769776.0,32761774365.0,18214537897.0,38808970916.0,44516043424.0,51705739159.0,19082389118.0,19665103949.0,15214261971.0,-6515719573.0,-4014750237.0,-1332166535.0,-4263808173.0,-6195299857.0,-1617697833.0,-10.99,51.15,209.98,-13.92,73.6,186.06,-3.13,35.23,884.05,-2.96,-62.29,29.25,-201.37
250930,예선테크,CFS,20929944497.0,28443479688.0,39984167016.0,20401705068.0,14819464504.0,17029372553.0,32171594446.0,30610199839.0,33709369590.0,22035134476.0,32569108473.0,40841357853.0,44115964461.0,53167628119.0,65923294481.0,-8799246731.0,-8014902290.0,-1608098947.0,-10208264710.0,-9116961811.0,2433688340.0,-46.33,146.0,102.59,-27.99,93.99,191.93,5.96,82.54,234.8,-17.02,-9.79,-19.35,-398.41
251120,바이오에프디엔씨,CFS,45725725338.0,44894264708.0,9172633737.0,4090507578.0,5981270456.0,6750612248.0,4195606130.0,6058430189.0,7157264466.0,58616934674.0,52977381169.0,15882767692.0,15592090130.0,15855322578.0,11972174291.0,5034000925.0,4880635433.0,3137537909.0,5585152519.0,4335264141.0,2907548419.0,9.53,7.16,1117.85,8.18,11.44,750.58,18.31,45.06,135.88,-1.66,3.14,32.43,55.56
251370,와이엠티,CFS,91138273341.0,113902291078.0,136509301587.0,81088136055.0,78960495402.0,78772643725.0,101714875157.0,96546766864.0,106897227627.0,148194135064.0,151365692859.0,139358787093.0,127409975908.0,130567178008.0,125567283068.0,-3169957958.0,3335010594.0,17227372210.0,-75859645.0,2597047331.0,14039366876.0,-0.05,68.64,112.39,1.72,63.78,144.25,10.07,76.71,173.3,-2.42,-195.05,3.98,-80.64
251630,브이원텍,CFS,87832240516.0,69388059300.0,60177816615.0,55113122533.0,32520089797.0,12812729269.0,71005962229.0,78168624399.0,32903498021.0,132983436302.0,97244765725.0,99512470797.0,81783667519.0,59783165596.0,51090254379.0,1976702270.0,38008892.0,4964161472.0,-3535929929.0,-3991332055.0,10644025969.0,-2.66,53.39,159.37,-4.1,80.38,213.37,10.7,33.06,469.67,36.8,5100.63,17.01,-99.23
251970,펌텍코리아,CFS,179381672025.0,160600690819.0,143006278935.0,63929704536.0,55054097183.0,56039568629.0,68424925714.0,60462117414.0,65939333792.0,287664469566.0,257757735059.0,239360996035.0,284481252453.0,236643004231.0,222029183556.0,35288650804.0,26480434041.0,26100525245.0,29127641423.0,20034311474.0,19728677950.0,10.13,23.79,280.59,7.77,23.46,291.71,8.24,27.55,255.19,20.22,33.26,6.58,1.46
252500,세화피앤씨,CFS,32937215163.0,29725975279.0,29874328407.0,3873983234.0,3463464809.0,4659627700.0,3989466953.0,3573135468.0,4873304977.0,39266404278.0,37143489837.0,36217669016.0,41216885876.0,37918740286.0,39660421020.0,1957687472.0,825019863.0,5440275506.0,2768413834.0,1320270921.0,4865850803.0,7.05,10.16,850.22,3.55,9.62,858.27,13.44,13.46,641.13,8.7,137.29,-4.39,-84.83
252990,샘씨엔에스,CFS,44495449396.0,111330852377.0,112867907158.0,61096400596.0,17336052664.0,5336958795.0,89701559404.0,88307674085.0,53678100381.0,102064297631.0,111957607437.0,107089545955.0,30934610500.0,50118586232.0,47572154757.0,-2912391718.0,14898936338.0,13627082000.0,-1310363418.0,15137662739.0,11910691962.0,-1.28,87.89,72.83,13.52,78.88,642.19,11.12,50.12,2114.84,-38.28,-119.55,5.35,9.33
253450,스튜디오드래곤,CFS,404522231887.0,400132364146.0,232506850959.0,367986211750.0,416262541911.0,183638587635.0,384456010525.0,429935208171.0,200163847030.0,707770023253.0,660731176567.0,683864486714.0,753145749935.0,697945822981.0,487113525190.0,55871055692.0,65219473466.0,52576803933.0,30082921099.0,50564996667.0,39048169618.0,4.25,54.32,109.93,7.65,65.07,96.12,5.71,29.27,126.61,7.91,-14.33,43.28,24.05
253590,네오셈,CFS,71123778819.0,100361630938.0,59561101051.0,16537151007.0,65005793308.0,9875197433.0,19633622819.0,68533207174.0,37916288497.0,86808779775.0,62280243724.0,50924428601.0,100931226581.0,74673208045.0,37176448111.0,8086678336.0,8364613367.0,4848985780.0,8281863319.0,9998738550.0,5644203049.0,9.54,22.62,430.08,16.05,110.04,154.39,11.08,74.46,603.14,35.16,-3.32,100.86,72.5
253840,수젠텍,CFS,77579292859.0,122054970281.0,132758982364.0,18161742057.0,29312585701.0,52017108659.0,20732164467.0,32719853884.0,54817623291.0,112454854893.0,140576943704.0,100745048408.0,7132305545.0,101399255833.0,77201041452.0,-22758094888.0,24970549363.0,34813542443.0,-17378269964.0,26677865768.0,36149631881.0,-15.45,18.44,427.16,18.98,23.28,416.39,35.88,54.41,255.22,-92.97,-191.14,31.34,-28.27
254120,자비스,CFS,32551690257.0,15720889866.0,15899839513.0,11015270138.0,18042789196.0,12120183406.0,18499743445.0,18241999053.0,19306662073.0,27498479480.0,10102951603.0,9750094531.0,28708310774.0,22322811534.0,16074043240.0,840610301.0,-13457464.0,-3986730804.0,-3958044137.0,262158344.0,-5152955462.0,-14.39,67.28,295.51,2.59,180.56,87.13,-52.85,198.02,131.18,28.61,6346.42,38.87,99.66
254490,미래반도체,CFS,144479913386.0,109962966620.0,89110270599.0,53101432781.0,24586086203.0,43002178781.0,69136228303.0,60115142271.0,54013590472.0,80186489156.0,54351183913.0,39094361193.0,380510458504.0,550152694771.0,328046447360.0,9406962299.0,22102061837.0,19607077169.0,5063785932.0,15012668315.0,14765144869.0,6.32,86.22,272.08,27.62,110.61,447.26,37.77,138.16,207.22,-30.84,-57.44,67.71,12.72
255220,SG,CFS,72974861922.0,100267858368.0,162935361742.0,118139824157.0,100145652367.0,130025772819.0,136805656860.0,118489962136.0,162116459368.0,51254050891.0,74987706581.0,67685795766.0,80921130313.0,89858217245.0,70102082504.0,-13468746819.0,566173407.0,-2256574838.0,-32912462971.0,2411306811.0,-12866975662.0,-64.21,266.92,61.77,3.22,158.01,100.12,-19.01,239.51,125.31,-9.95,-2478.91,28.18,125.09
255440,야스,CFS,88053990905.0,105913285154.0,127334385132.0,40927211307.0,48942174159.0,58325141702.0,48275050937.0,57075049639.0,62627733953.0,155175900745.0,159665774361.0,161406038386.0,41987801728.0,54812295302.0,49692710775.0,-5437384165.0,-4830905960.0,1499663105.0,-4047475709.0,-1260518791.0,2102236120.0,-2.61,31.11,215.15,-0.79,35.75,216.4,1.3,38.8,218.32,-23.4,-12.55,10.3,-422.13
256150,한독크린텍,CFS,35842572875.0,34974001962.0,35236959177.0,5739064953.0,5299164793.0,5846567701.0,6135168643.0,5662991414.0,6807056728.0,57021495225.0,53473064391.0,51728937164.0,65070075098.0,59149129432.0,52658011274.0,5207688406.0,5073185064.0,4863339716.0,5342078773.0,5065115955.0,4636918486.0,9.37,10.76,624.54,9.47,10.59,659.99,8.96,13.16,602.69,10.01,2.65,12.33,4.31
256630,포인트엔지니어링,CFS,43878783400.0,50791066026.0,45876268537.0,16903834180.0,20273871755.0,14148900816.0,27076149247.0,24299579636.0,23657951929.0,70887967390.0,77981875180.0,78016611214.0,26151553519.0,39389905122.0,45352954430.0,-8971675103.0,462064960.0,3050511977.0,-6543076534.0,791573715.0,4061419680.0,-9.23,38.2,259.58,1.02,31.16,250.52,5.21,30.32,324.24,-33.61,-2041.65,-13.15,-84.85
256840,한국비엔씨,CFS,109944408814.0,142065470756.0,44623152783.0,15014556684.0,14243409490.0,21037450174.0,21945924187.0,42423267978.0,84049020670.0,214206459927.0,190098127806.0,50663430718.0,80997489681.0,42303378385.0,25248626317.0,6045988919.0,-10096839835.0,-11234531970.0,26116111831.0,-44541824089.0,-176267342233.0,12.19,10.25,732.25,-23.43,22.32,997.41,-347.92,165.9,212.11,91.47,159.88,67.55,10.13
256940,킵스파마,CFS,46766008843.0,43310497201.0,63342246153.0,55879567764.0,32059097193.0,30197300967.0,58699350741.0,33291305515.0,32514426311.0,58579197784.0,52267501635.0,60886822264.0,92133337144.0,14617273604.0,4260545568.0,3060265295.0,-8614814503.0,-12307014238.0,3462994857.0,-12040326889.0,-16230582025.0,5.91,100.21,83.69,-23.04,63.69,135.1,-26.66,53.4,209.76,530.3,135.52,243.08,30.0
257370,피엔티엠에스,CFS,26451873340.0,23908202855.0,23002245699.0,26614901135.0,28965402686.0,25640873775.0,26692069638.0,32921717611.0,30487427781.0,24209717132.0,15913666904.0,17911379139.0,25029807561.0,6217222081.0,11554370648.0,-1062362267.0,-5914319418.0,-4564202656.0,-2485154547.0,-7149077432.0,-4838205410.0,-10.27,110.25,99.39,-44.92,206.88,82.54,-27.01,170.21,89.71,302.59,82.04,-46.19,-29.58
257720,실리콘투,CFS,136394594980.0,73230909481.0,68848134772.0,74179193067.0,28605613290.0,6463033110.0,80318624896.0,32829452721.0,11098829666.0,134951936183.0,96386863307.0,86293654619.0,342860997946.0,165272164547.0,131001972745.0,47809343470.0,14239439136.0,8758923145.0,38013204272.0,11155656520.0,8254206052.0,28.17,59.52,183.87,11.57,34.06,256.0,9.57,12.86,1065.26,107.45,235.75,26.16,62.57
258610,케일럼,CFS,30982149994.0,37935730179.0,21382321188.0,48671063295.0,51860286008.0,22998924685.0,64824133583.0,67370329459.0,31222739639.0,31323105760.0,61499911072.0,63160211842.0,84547280407.0,77842947816.0,52923301514.0,-4408723587.0,-3292083621.0,-6450837549.0,-48873520830.0,-21685770057.0,-25089965752.0,-156.03,206.95,63.66,-35.26,109.55,73.15,-39.72,49.43,92.97,8.61,-33.92,47.09,48.97
258790,소프트캠프,CFS,14588761030.0,21620263709.0,20794040878.0,9861451496.0,13821545597.0,4859366305.0,12794327083.0,15824216634.0,17290186900.0,11504180553.0,16819457750.0,16080104868.0,18485371904.0,19017389288.0,20563915693.0,-2568547973.0,1341910575.0,1132977626.0,-5960747715.0,649253886.0,-174113400.0,-51.81,111.21,147.94,3.86,94.08,156.42,-1.08,107.53,427.92,-2.8,-291.41,-7.52,18.44
258830,세종메디칼,CFS,12332962027.0,41870713346.0,51996048172.0,87345404491.0,111167408365.0,6212521588.0,98574997008.0,111531148232.0,35665245574.0,9886736241.0,26668474763.0,55616604332.0,17991718820.0,16082925282.0,17240838453.0,2190258857.0,-1799952350.0,-2139958070.0,-19201767394.0,-97573153569.0,-5934549522.0,-194.22,997.04,14.12,-365.87,418.21,37.66,-10.67,64.13,836.96,11.87,221.68,-6.72,15.89
259630,엠플러스,CFS,256311245267.0,268999426251.0,136711583536.0,239562405654.0,229070289267.0,106486631838.0,246119698368.0,264878703697.0,126403439236.0,74140571229.0,56444439307.0,51865937231.0,340051608007.0,116611603644.0,76481804767.0,23880060108.0,-9856864630.0,-14018699827.0,20003842508.0,-15229187767.0,-8072162307.0,26.98,331.96,106.99,-26.98,469.27,117.43,-15.56,243.71,128.38,191.61,342.27,52.47,29.69
260660,알리코제약,CFS,83555285766.0,82122960345.0,68855201322.0,70319988337.0,57258086445.0,33769771336.0,84402305332.0,64990035666.0,39932546390.0,89075116531.0,88546118877.0,81129004783.0,187154507589.0,167737121788.0,140157244560.0,3072523514.0,9863878345.0,4794068126.0,3060924198.0,8034259857.0,4929660421.0,3.44,94.75,118.82,9.07,73.4,143.43,6.08,49.22,203.9,11.58,-68.85,19.68,105.75
260930,씨티케이,CFS,87350286020.0,81622063737.0,85524517680.0,28503721925.0,22926669119.0,21662990205.0,31215275974.0,27684675889.0,29631594415.0,158492395433.0,151015535124.0,178690149462.0,88916001181.0,69361422438.0,113835409441.0,2740146615.0,-15216893394.0,-11921615395.0,6230656497.0,-21170055808.0,-3885102154.0,3.93,19.7,306.45,-14.02,18.33,356.01,-2.17,16.58,394.8,28.19,118.01,-39.07,-27.64
260970,에스앤디,CFS,89342404238.0,76369126899.0,70779421558.0,17202483004.0,14839502945.0,14128060553.0,17480911412.0,15230993296.0,14249348488.0,88617361704.0,78106969378.0,68952366467.0,88275911467.0,73317425404.0,61401611130.0,12879020371.0,10945850743.0,9178461271.0,11872534157.0,9846024417.0,7693436526.0,13.4,19.73,519.36,12.61,19.5,514.63,11.16,20.67,500.98,20.4,17.66,19.41,19.26
261200,덴티스,CFS,96615880668.0,78496479232.0,70095712792.0,99731807201.0,83647382148.0,53675686113.0,130229959090.0,98819853253.0,83592881155.0,57409173250.0,32250241601.0,32337991849.0,94334674935.0,87087135928.0,65740648196.0,428688410.0,5585567026.0,468658767.0,2550399236.0,303325771.0,121931900.0,4.44,226.85,96.88,0.94,306.42,93.84,0.38,258.5,130.59,8.32,-92.33,32.47,1091.82
261520,이지스,,,,,,,,,,,,,,,,,,,,,,,,,,,,,,,,,,,
261780,아리바이오랩,CFS,42485859393.0,58917220083.0,61846624183.0,810184714.0,26789224255.0,24706021191.0,9702161093.0,27703190784.0,25697580053.0,35416951840.0,33365601666.0,39614969052.0,294124200.0,179484500.0,500000000.0,-6419346568.0,-6469261798.0,-6084640941.0,-1749497491.0,-6715163612.0,-18420062452.0,-4.94,27.39,5243.97,-20.13,83.03,219.93,-46.5,64.87,250.33,63.87,0.77,-64.1,-6.32
262260,에이프로,CFS,174766811191.0,104081998977.0,73665700958.0,163633906451.0,78759970162.0,40660896230.0,174138991216.0,80332148875.0,40783403527.0,72258160990.0,59921966996.0,59345470155.0,235952253023.0,79393169579.0,61532265490.0,15513720687.0,-2514713726.0,-4827656928.0,12068248422.0,-1682261292.0,-1283522022.0,16.7,241.0,106.8,-2.81,134.06,132.15,-2.16,68.72,181.17,197.19,716.92,29.03,47.91
262840,아이퀘스트,CFS,18652409693.0,17978741144.0,24423054686.0,5156480845.0,6076924196.0,9132721338.0,9057033985.0,9708710823.0,11400049062.0,52018291885.0,49543556216.0,41838769075.0,40078912565.0,26366936666.0,15677472778.0,3624846623.0,4351135368.0,3608949612.0,3731788079.0,2899249629.0,3523181021.0,7.17,17.41,361.73,5.85,19.6,295.85,8.42,27.25,267.42,52.0,-16.69,68.18,20.57
263020,디케이앤디,CFS,45757132172.0,60995838694.0,54659187430.0,20108145230.0,43456182311.0,42057500993.0,25623832131.0,48510694941.0,52735972797.0,68810827679.0,62777175397.0,53739147078.0,89793446871.0,110628048360.0,75302776961.0,8159350105.0,11467847654.0,2671903585.0,7584444716.0,7461205534.0,-1972354222.0,11.02,37.24,227.56,11.89,77.27,140.36,-3.67,98.13,129.96,-18.83,-28.85,46.91,329.2
263050,유틸렉스,CFS,40256605567.0,69142513255.0,74301458622.0,7886657081.0,11804081848.0,37892773810.0,9509069569.0,13595823676.0,41650859936.0,63195703249.0,90866730836.0,72033375167.0,,,,-29783867707.0,-36733227143.0,-33559845766.0,-28342103922.0,-34470151241.0,-29574857012.0,-44.85,15.05,510.44,-37.93,14.96,585.75,-41.06,57.82,196.08,,18.92,,-9.46
263600,덕우전자,CFS,60151139130.0,85480818970.0,60184272200.0,76756817017.0,95576540575.0,58249803390.0,102203691051.0,96247448806.0,79212937780.0,104865362508.0,114173409424.0,104633337717.0,165129193757.0,208968711857.0,175683369859.0,-9934811736.0,18926504841.0,5186045418.0,-8566887248.0,13019658022.0,4211751553.0,-8.17,97.46,78.37,11.4,84.3,89.44,4.03,75.71,103.32,-20.98,-152.49,18.95,264.95
263690,디알젬,CFS,77866585240.0,87132488457.0,63460806710.0,41463814563.0,48812705876.0,20657969370.0,49092232215.0,53071849344.0,23040929503.0,79320915593.0,73633216835.0,61006338016.0,112916729575.0,110165018342.0,85750357013.0,10071371388.0,16958688699.0,12388796344.0,9190879315.0,14392794623.0,12552669012.0,11.59,61.89,187.79,19.55,72.08,178.5,20.58,37.77,307.2,2.5,-40.61,28.47,36.89
263700,케어랩스,CFS,103620843094.0,111726874059.0,77812040077.0,36383776069.0,34218500524.0,38351668182.0,87134923961.0,89082140020.0,90648596761.0,75066028603.0,91577013976.0,107955004398.0,,,,-11598829454.0,-6384531521.0,3277334445.0,-23867142092.0,-26388369384.0,1241890834.0,-31.79,116.08,284.8,-28.82,97.28,326.51,1.15,83.97,202.89,,-81.67,,-294.81
263720,디앤씨미디어,CFS,61067256505.0,55760520724.0,58237128454.0,16465220179.0,15778165552.0,16612671815.0,17631986431.0,17536314518.0,18224645552.0,81028417528.0,76411093378.0,69951621321.0,60372245944.0,61214379663.0,67421822042.0,3486546807.0,5859879124.0,15145627513.0,3961963285.0,6142385719.0,15503064978.0,4.89,21.76,370.89,8.04,22.95,353.4,22.16,26.05,350.56,-1.38,-40.5,-9.21,-61.31
263750,펄어비스,CFS,582758554412.0,556502376180.0,721734325357.0,315870655496.0,236211108933.0,274164894675.0,487888865094.0,523250798714.0,637603461155.0,724990449523.0,699304047752.0,718996855356.0,,,,-16350059645.0,16378240631.0,42982271923.0,15206477531.0,-42999565857.0,59365565838.0,2.1,67.3,184.49,-6.15,74.82,235.6,8.26,88.68,263.25,,-199.83,,-61.9
263770,유에스티,CFS,71065582719.0,57654939796.0,43516892839.0,21445244305.0,18081496348.0,15659372664.0,21864784851.0,18431921458.0,15717096744.0,78710669672.0,69348382551.0,56818963085.0,99142525265.0,99891130805.0,66070308185.0,14064443990.0,16205718762.0,7323877477.0,,,,,27.78,331.38,,26.58,318.86,,27.66,277.9,-0.75,-13.21,51.19,121.27
263800,데이타솔루션,CFS,59427075678.0,54689586332.0,60173844706.0,42156820841.0,37302212731.0,44595317943.0,45648802271.0,38218359347.0,46971345609.0,33543938392.0,31343073665.0,28279565618.0,99260952857.0,99118758717.0,100481186660.0,1263533953.0,2656856841.0,1031053095.0,1609123225.0,2398477875.0,1191273916.0,4.8,136.09,140.97,7.65,121.94,146.61,4.21,166.1,134.93,0.14,-52.44,-1.36,157.68
263810,상신전자,CFS,67467333499.0,55370077431.0,50900599349.0,45347642235.0,29957393533.0,20573110896.0,45495845742.0,34455726313.0,26244804215.0,43400780149.0,41165865729.0,39148892930.0,109703758730.0,111344599957.0,102967730280.0,1544294604.0,840928487.0,1361367592.0,2238253315.0,1124700879.0,2073938194.0,5.16,104.83,148.78,2.73,83.7,184.83,5.3,67.04,247.41,-1.47,83.64,8.14,-38.23
263860,지니언스,CFS,46303040261.0,47484592365.0,33595570126.0,12498821883.0,10841115171.0,10635674243.0,13132539198.0,11791426186.0,11578704859.0,50510731531.0,47901167626.0,41124448191.0,42891621151.0,38452577834.0,31917740934.0,6467031062.0,6920292722.0,5906832874.0,6246383767.0,7146285721.0,6173648163.0,12.37,26.0,370.46,14.92,24.62,438.0,15.01,28.16,315.88,11.54,-6.55,20.47,17.16
263920,휴엠앤씨,CFS,20142122598.0,17833447246.0,23734464616.0,13984064618.0,10577916192.0,3175210092.0,14542086903.0,16425354207.0,3548313525.0,40494439398.0,30253123407.0,37839704948.0,48425321550.0,35630099179.0,12542742000.0,4841527449.0,1766381436.0,-1928923053.0,10308405045.0,798284478.0,-6177756702.0,25.46,35.91,144.04,2.64,54.29,168.59,-16.33,9.38,747.49,35.91,174.09,184.07,191.57
264450,유비쿼스,CFS,178133497568.0,152727034935.0,142529965021.0,32802598149.0,32533642737.0,34758508917.0,39077353247.0,38751420528.0,40487726353.0,165092085034.0,142874328386.0,127525827680.0,150278202365.0,133722826313.0,139088362724.0,29038985036.0,24541815189.0,31851878863.0,25889867333.0,21485809256.0,28803266494.0,15.68,23.67,543.05,15.04,27.12,469.44,22.59,31.75,410.06,12.38,18.32,-3.86,-22.95
264660,씨앤지하이테크,CFS,107680904060.0,118384985950.0,107738159431.0,45370614468.0,42221182789.0,47607723699.0,49308780724.0,61330333284.0,62124737192.0,111006139434.0,93360473789.0,77244340524.0,166725521459.0,192780700293.0,101402671035.0,12740846167.0,25428008497.0,7326631985.0,12833684433.0,16856437136.0,4977573876.0,11.56,44.42,237.34,18.06,65.69,280.39,6.44,80.43,226.3,-13.52,-49.89,90.11,247.06
264850,이랜시스,CFS,28833856111.0,27669450419.0,32520716432.0,13909985945.0,14867554719.0,19952600961.0,14077244258.0,18657610942.0,25891469114.0,46876845312.0,42700323992.0,36994179573.0,68449331332.0,82595000694.0,78278088163.0,5447612687.0,5468895467.0,6887101697.0,4982947261.0,5172733962.0,6244199690.0,10.63,30.03,207.29,12.11,43.69,186.11,16.88,69.99,162.99,-17.13,-0.39,5.51,-20.59
265520,AP시스템,CFS,390438128866.0,396470581144.0,291254254708.0,173824889841.0,222421189934.0,135594328391.0,249759323443.0,277913741218.0,237177591653.0,321376369652.0,270199149705.0,191542497275.0,533579250430.0,486607636185.0,528740970343.0,60121226139.0,90485155839.0,64305495077.0,60033917358.0,82237671374.0,57166230146.0,18.68,77.72,224.62,30.44,102.86,178.25,29.85,123.83,214.8,9.65,-33.56,-7.97,40.71
265560,영화테크,CFS,50716507919.0,48226241555.0,36943504968.0,12419104172.0,9227107582.0,7135644027.0,23751408121.0,24369692791.0,11926035130.0,62649712229.0,56935520497.0,52651291880.0,64920252518.0,47944605467.0,40624175326.0,5013561602.0,1905675069.0,2319856022.0,6098020491.0,4825350646.0,2553550846.0,9.73,37.91,408.37,8.48,42.8,522.66,4.85,22.65,517.73,35.41,163.09,18.02,-17.85
265740,엔에프씨,CFS,35684352195.0,27704857686.0,22285937954.0,19362257532.0,15857163081.0,11307665405.0,19815601779.0,16142705360.0,12226794162.0,60816474140.0,57271349789.0,56084375411.0,42868677215.0,31478132683.0,40414881817.0,4067734269.0,2272220164.0,5763958052.0,3676430578.0,1872126783.0,6144235431.0,6.05,32.58,184.3,3.27,28.19,174.72,10.96,21.8,197.09,36.19,79.02,-22.11,-60.58
267320,나인테크,CFS,155905973264.0,92617036479.0,47346597809.0,130024120771.0,88808803644.0,43714905613.0,168655808637.0,114637642064.0,56241754052.0,90215111343.0,28941110931.0,25663760537.0,123048379274.0,88818411489.0,63080213450.0,-3097720350.0,5224708721.0,-7633905148.0,8695491782.0,418221195.0,-5897271116.0,9.64,186.95,119.91,1.45,396.11,104.29,-22.98,219.15,108.31,38.54,-159.29,40.8,168.44
267790,배럴,CFS,50986031377.0,29998225691.0,34214227345.0,8998617835.0,14610487819.0,4214606565.0,27765395433.0,17183383615.0,15189469613.0,39654507121.0,30474568027.0,36360441706.0,58163177764.0,38031771170.0,21528383164.0,8503098170.0,-4333333786.0,-7715592440.0,6826013707.0,-5908294477.0,-6990478187.0,17.21,70.02,566.6,-19.39,56.39,205.32,-19.23,41.77,811.8,52.93,296.23,76.66,43.84
267980,매일유업,CFS,604124645634.0,599958025059.0,641585227759.0,215905134775.0,266099319977.0,196596810927.0,432715886369.0,477924807928.0,484407343509.0,540085617857.0,496823485046.0,497291840965.0,1782979215597.0,1685644029927.0,1551869546714.0,72229121232.0,60688076526.0,87797405868.0,55050059635.0,14430960859.0,74245215795.0,10.19,80.12,279.81,2.9,96.2,225.46,14.93,97.41,326.35,5.77,19.02,8.62,-30.88
269620,시스웍,CFS,17808456608.0,21254239010.0,31712390264.0,33833430812.0,34400523029.0,91373780928.0,35491572075.0,36017119248.0,91860683529.0,-6444491855.0,-4058617105.0,1722701914.0,14496957782.0,26538567314.0,16969391158.0,-2995920216.0,-38747592.0,-10585702065.0,-6103683789.0,-575024541.0,-84436611975.0,94.71,-550.73,52.64,14.17,-887.42,61.78,-4901.41,5332.36,34.71,-45.37,-7631.89,56.39,99.63
270520,앱튼,CFS,74440497588.0,58797454823.0,30802125657.0,39808869768.0,23651614018.0,6791348108.0,40137012185.0,23776898905.0,6930137622.0,58425855851.0,42362352102.0,29325050663.0,20415365649.0,17563145101.0,25134889536.0,-6546305546.0,-3132579506.0,-1120241590.0,-5003432973.0,-3247801921.0,-930325848.0,-8.56,68.7,186.99,-7.67,56.13,248.6,-3.17,23.63,453.55,16.24,-108.97,-30.12,-179.63
270660,에브리봇,CFS,36628203569.0,40864805681.0,50836860511.0,14196748710.0,5455774635.0,7104896030.0,22259081777.0,24616600291.0,18303974710.0,65130685871.0,62247610796.0,57342812341.0,31697412701.0,53006504474.0,51110135014.0,1528651357.0,6178666797.0,10123202209.0,2812991587.0,6949410125.0,9476337690.0,4.32,34.18,258.0,11.16,39.55,749.02,16.53,31.92,715.52,-40.2,-75.26,3.71,-38.97
270870,뉴트리,CFS,54102414419.0,83134136765.0,97950584612.0,13356784850.0,34571677193.0,26301309790.0,31385390585.0,47894962229.0,53412064944.0,101346447644.0,98789343291.0,94787776151.0,151377308327.0,185285942302.0,246957876631.0,10523447198.0,4438879980.0,21147575812.0,4665537648.0,4751401084.0,19885624430.0,4.6,30.97,405.06,4.81,48.48,240.47,20.98,56.35,372.42,-18.3,137.07,-24.97,-79.01
271830,팸텍,CFS,58731240873.0,42095911193.0,44868775601.0,19397545181.0,25350260627.0,39893200860.0,23822644990.0,27855414062.0,42813506307.0,68239423566.0,44856304496.0,15844481033.0,96146067572.0,101855488115.0,56419913370.0,10829546939.0,24555361041.0,10938858003.0,7512038277.0,16879857019.0,6262798443.0,11.01,34.91,302.78,37.63,62.1,166.06,39.53,270.21,112.47,-5.61,-55.9,80.53,124.48
272110,케이엔제이,CFS,51569875452.0,36757707672.0,27316922890.0,29532930187.0,21148704915.0,16494633466.0,61267046128.0,54313783532.0,50002277549.0,65129834355.0,53782774316.0,43730565197.0,61919993102.0,62314404181.0,46510956665.0,12021728068.0,13286629491.0,4392605776.0,10761460446.0,9954382736.0,5523484872.0,16.52,94.07,174.62,18.51,100.99,173.81,12.63,114.34,165.61,-0.63,-9.52,33.98,202.48
272290,이녹스첨단소재,CFS,263433227837.0,272995385373.0,283424579131.0,109230230063.0,78731968723.0,119101419862.0,165813982289.0,83647833377.0,142027307784.0,406003672372.0,380267244857.0,308601701826.0,387002612208.0,489352939422.0,487292463999.0,42162013389.0,97114300759.0,96726171159.0,32773848117.0,85361139247.0,80186369787.0,8.07,40.84,241.17,22.45,22.0,346.74,25.98,46.02,237.97,-20.92,-56.59,0.42,0.4
273060,와이즈버즈,CFS,77847944981.0,62280184471.0,50590999377.0,49277770275.0,27689128071.0,15558785192.0,51567692431.0,29575390618.0,18239007192.0,45636461171.0,45753210404.0,40526636237.0,13858493766.0,15773791755.0,12262077188.0,218773844.0,2566135736.0,1800316749.0,842932802.0,2238845063.0,2714624174.0,1.85,113.0,157.98,4.89,64.64,224.93,6.7,45.0,325.16,-12.14,-91.47,28.64,42.54
273640,와이엠텍,CFS,40082926159.0,47125095251.0,39424012840.0,1663608439.0,4280243822.0,2786361223.0,1663608439.0,4280243822.0,3201026810.0,59262744895.0,59428258547.0,48921107625.0,34880929940.0,49293430011.0,30029977893.0,5960659671.0,14888566445.0,6963010591.0,6678073165.0,12728292065.0,6446944510.0,11.27,2.81,2409.4,21.42,7.2,1100.99,13.18,6.54,1414.89,-29.24,-59.96,64.15,113.82
274090,켄코아에어로스페이스,CFS,82894585403.0,64296380388.0,50552766567.0,68246923318.0,69707764157.0,59419479971.0,91495147036.0,91598200086.0,81047121297.0,58410709983.0,38147905769.0,25564384623.0,91142703333.0,75855078822.0,54682087389.0,877125128.0,7986393339.0,-13767636838.0,-1849276582.0,3244312389.0,-19645864594.0,-3.17,156.64,121.46,8.5,240.11,92.24,-76.85,317.03,85.08,20.15,-89.02,38.72,158.01
274400,이노시뮬레이션,CFS,15433794238.0,8595157829.0,13736095276.0,7390336383.0,15283774865.0,27157146641.0,21843257423.0,28407089124.0,47255276866.0,28459170633.0,14902663915.0,8239510656.0,19483806089.0,16878208538.0,14038403890.0,-155582735.0,-1795251839.0,-390633285.0,-278235641.0,-4812607844.0,-3187541675.0,-0.98,76.75,208.84,-32.29,190.62,56.24,-38.69,573.52,50.58,15.44,91.33,20.23,-359.57
275630,에스에스알,CFS,26254696246.0,26562468655.0,23825661841.0,2652042459.0,3205457388.0,2363231980.0,3178342475.0,3689546679.0,2625293579.0,27216223924.0,27839455471.0,25594618106.0,12157598516.0,12509384182.0,10667534100.0,1604365988.0,2386211078.0,1628063468.0,1716863112.0,1897479803.0,1649775741.0,6.31,11.68,989.98,6.82,13.25,828.66,6.45,10.26,1008.18,-2.81,-32.77,17.27,46.57
276040,스코넥,CFS,23936890348.0,27981234963.0,3032810936.0,2684498216.0,3771855091.0,5276474640.0,3000157668.0,4242559322.0,5974749703.0,22795808154.0,25481253884.0,-475668676.0,,,,-6054392063.0,-4634920334.0,-3253645177.0,-5250928765.0,-4448448680.0,-3836833320.0,-23.03,13.16,891.67,-17.46,16.65,741.84,806.62,-1256.07,57.48,,-30.63,,-42.45
276730,한울앤제주,CFS,18976202141.0,29789471247.0,45820192889.0,24441316901.0,18580002913.0,25040131261.0,26960441398.0,27601158517.0,34757892488.0,22806470350.0,34348911755.0,58020854172.0,22449535028.0,23969942752.0,28838913173.0,-11007839914.0,-11612579554.0,-7248891499.0,-12390083212.0,-24764349316.0,-8189575243.0,-54.33,118.21,77.64,-72.1,80.36,160.33,-14.11,59.91,182.99,-6.34,5.21,-16.88,-60.2
277070,린드먼아시아,CFS,21733368673.0,25339549932.0,31660209057.0,676434654.0,158646299.0,2508169699.0,10408040871.0,11532200243.0,11065858651.0,56397998529.0,54615513076.0,53139327633.0,9667503356.0,9778298115.0,16192845199.0,3400246788.0,4437147060.0,7224482314.0,3677471296.0,3494825279.0,5289776838.0,6.52,18.45,3212.93,6.4,21.12,15972.35,9.95,20.82,1262.28,-1.13,-23.37,-39.61,-38.58
277410,인산가,CFS,33604686944.0,29063633618.0,40648197175.0,15795055926.0,14182163694.0,15043778805.0,25085624731.0,36170462340.0,38012900064.0,65956190819.0,51354945006.0,50150858467.0,37300346743.0,33537795922.0,38307595796.0,5741488659.0,4704571278.0,8228512942.0,4972375687.0,3602579198.0,6394700587.0,7.54,38.03,212.75,7.02,70.43,204.93,12.75,75.8,270.2,11.22,22.04,-12.45,-42.83
277810,레인보우로보틱스,CFS,121223137827.0,62092470130.0,58149933766.0,1035402952.0,3185025706.0,1482052548.0,1955287162.0,14652195787.0,15970627370.0,130656200153.0,61507271655.0,47887486275.0,15258134872.0,13615411936.0,8969574693.0,-44589778382.0,1300876285.0,-1030713533.0,-842680471.0,5774170711.0,-7844932867.0,-0.64,1.5,11707.82,9.39,23.82,1949.51,-16.38,33.35,3923.61,12.07,-3527.67,51.8,226.21
277880,티에스아이,CFS,263438789430.0,176414627239.0,92219623714.0,225105599663.0,146445829197.0,39088235980.0,246129936881.0,187808127670.0,83265747722.0,97410021883.0,45107311297.0,40734921420.0,261126660091.0,148783063129.0,67319918067.0,1992444395.0,4927723769.0,-128616504.0,-4889773980.0,3124589356.0,1155044845.0,-5.02,252.67,117.03,6.93,416.36,120.46,2.84,204.41,235.93,75.51,-59.57,121.01,3931.33
278280,천보,CFS,281863280572.0,439441987127.0,226884929755.0,233399463468.0,148425084497.0,67292681252.0,583161645145.0,423815482608.0,97682643793.0,350528760483.0,394840441483.0,306055348815.0,182697745919.0,328858944972.0,271578895592.0,-8044807665.0,56473078225.0,50629174230.0,-45466112224.0,42836419269.0,48014565153.0,-12.97,166.37,120.76,10.85,107.34,296.07,15.69,31.92,337.16,-44.44,-114.25,21.09,11.54
278650,HLB바이오스텝,CFS,79413165187.0,112423720125.0,31178239720.0,64681925613.0,12775215355.0,16581687054.0,68141448662.0,99984345850.0,28264863176.0,103572995860.0,72202293454.0,66360876592.0,52814062371.0,86277023446.0,64403026842.0,-1276200671.0,6414119685.0,9822841173.0,-54238693.0,-882731842.0,11531954051.0,-0.05,65.79,122.77,-1.22,138.48,880.01,17.38,42.59,188.03,-38.79,-119.9,33.96,-34.7
279600,미디어젠,CFS,9041486784.0,14147624065.0,15350592581.0,4126312917.0,3414372893.0,3200852188.0,14508775491.0,14197936311.0,14406247023.0,10715486732.0,16575641366.0,17729739447.0,12752623418.0,17355905657.0,14995449089.0,-5272166711.0,-2038724080.0,-68283496.0,-5463026620.0,-1863151358.0,159828762.0,-50.98,135.4,219.12,-11.24,85.66,414.35,0.9,81.25,479.58,-26.52,-158.6,15.74,-2885.68
281740,레이크머티리얼즈,CFS,118800278420.0,86395353501.0,58518612003.0,103482364101.0,76900458193.0,51691844896.0,189134712477.0,126727506348.0,91575696110.0,110734983780.0,86782630448.0,58663301323.0,117789811143.0,131506715480.0,81853769513.0,29526390623.0,35391255844.0,20687310492.0,24368928333.0,27159823504.0,18079993384.0,22.01,170.8,114.8,31.3,146.03,112.35,30.82,156.1,113.21,-10.43,-16.57,60.66,71.08
282720,금양그린파워,CFS,147624064211.0,102756750990.0,85017780011.0,70165370577.0,51505316808.0,40092238727.0,76946934881.0,57691200244.0,44534276693.0,107820913103.0,60658007158.0,54302056845.0,238857679141.0,230598444583.0,173021916905.0,6051854924.0,10709399057.0,11793146435.0,19500858620.0,7550054026.0,8436203686.0,18.09,71.37,210.39,12.45,95.11,199.51,15.54,82.01,212.06,3.58,-43.49,33.28,-9.19
282880,코윈테크,CFS,335161201622.0,251618389663.0,120176475708.0,146073018847.0,111343355721.0,53839193295.0,189960408021.0,152261447420.0,68206034192.0,276633579861.0,190789987268.0,118210395655.0,335958325532.0,201154916332.0,106349899896.0,22817285083.0,14781550437.0,6616194447.0,22429639690.0,7634138040.0,7352208750.0,8.11,68.67,229.45,4.0,79.81,225.98,6.22,57.7,223.21,67.01,54.36,89.14,123.41
284620,카이노스메드,CFS,17117149597.0,31235523734.0,36872532277.0,5128702878.0,8677519321.0,25655366297.0,5213982602.0,9065658287.0,27356580092.0,15771123397.0,29916822398.0,14600182301.0,267311985.0,130024441.0,1662425507.0,-16811614766.0,-16155656398.0,-11219274373.0,-15239257166.0,-15913941243.0,-16225404831.0,-96.63,33.06,333.75,-53.19,30.3,359.96,-111.13,187.37,143.72,105.59,-4.06,-92.18,-44.0
285490,노바텍,CFS,132539083189.0,109879803155.0,115110249112.0,7862848676.0,9413232490.0,9639192227.0,10539940540.0,12741141344.0,14986233405.0,158705947048.0,132861196407.0,124496628761.0,92421026753.0,110494315651.0,90500181369.0,25608083180.0,26470752477.0,32949401572.0,29641335472.0,14263729951.0,34694007053.0,18.68,6.64,1685.64,10.74,9.59,1167.29,27.87,12.04,1194.19,-16.36,-3.26,22.09,-19.66
285800,진영,CFS,15369875365.0,14417593167.0,16714078495.0,6935887281.0,14084299874.0,15299586445.0,8044152274.0,26084636827.0,22607739487.0,41111073264.0,21422801767.0,15575759640.0,30903076752.0,48111617674.0,59264935906.0,-2361083010.0,6448571203.0,7040863762.0,-1873144597.0,5122212589.0,5855304522.0,-4.56,19.57,221.6,23.91,121.76,102.37,37.59,145.15,109.25,-35.77,-136.61,-18.82,-8.41
286750,나노실리칸첨단소재,CFS,10106167329.0,15900881855.0,22403532301.0,15831386845.0,16650563627.0,19374581274.0,19063286755.0,17991578184.0,20584958249.0,9704114921.0,10144094974.0,12409872373.0,6459076533.0,7139299058.0,7004484412.0,-2482020008.0,-3593951350.0,-1635040163.0,-6284184495.0,-2398820425.0,-2824300484.0,-64.76,196.45,63.84,-23.65,177.36,95.5,-22.76,165.88,115.63,-9.53,30.94,1.92,-119.81
287840,인투셀,,,,,,,,,,,,,,,,,,,,,,,,,,,,,,,,,,,
288180,케이피항공산업,CFS,23318821650.0,14095421282.0,10264900154.0,24942950763.0,18085419701.0,9954822507.0,42213060168.0,30070321410.0,27580232813.0,13009159330.0,10343927277.0,6957427046.0,34568675428.0,26833818273.0,,861199663.0,499254479.0,,140024789.0,192612267.0,,1.08,324.49,93.49,1.86,290.71,77.94,,396.41,103.11,28.83,72.5,,
288330,파라택시스코리아,CFS,21730994346.0,54956573470.0,44426311898.0,10375343815.0,7494364094.0,3556304964.0,12962866891.0,9590117207.0,3609930975.0,19720230925.0,51865109155.0,43047318942.0,,,,-40349292514.0,-43501316725.0,-26391767980.0,-42455262384.0,-41699706212.0,-26278291392.0,-215.29,65.73,209.45,-80.4,18.49,733.31,-61.05,8.39,1249.23,,7.25,,-64.83
288620,에스프리즘,CFS,123197307811.0,127812620669.0,95009788598.0,71246486756.0,53750957276.0,40283300246.0,75259038035.0,82702817085.0,48545918826.0,69381328685.0,70405985825.0,70300476371.0,32525031491.0,46776298869.0,47305873014.0,-2482196188.0,1191676163.0,2258241085.0,-2283941972.0,750810030.0,4856148625.0,-3.29,108.47,172.92,1.07,117.47,237.79,6.91,69.05,235.85,-30.47,-308.29,-1.12,-47.23
288980,모아데이타,CFS,37707137322.0,32968261079.0,13340301282.0,31917957151.0,18076704606.0,4084181277.0,32948528778.0,18733855692.0,5538178420.0,40070757630.0,37074727750.0,19340728183.0,24542153231.0,21713748176.0,19642515854.0,-357661650.0,1078590391.0,2709731879.0,-582707850.0,1794502374.0,1083407339.0,-1.45,82.23,118.14,4.84,50.53,182.38,5.6,28.63,326.63,13.03,-133.16,10.54,-60.2
289010,아이스크림에듀,CFS,49859611916.0,49125185211.0,51798004550.0,23779612634.0,20621279622.0,20133265741.0,47303122484.0,25451275599.0,23188415989.0,44559536946.0,67239469773.0,66554727548.0,117613662193.0,133842491685.0,128568295652.0,-16703739012.0,2092800853.0,-6900606107.0,-23465565405.0,817712848.0,-7303021331.0,-52.66,106.16,209.67,1.22,37.85,238.23,-10.97,34.84,257.28,-12.13,-898.15,4.1,130.33
289080,SV인베스트먼트,,,,,,,,,,,,,,,,,,,,,,,,,,,,,,,,,,,
289220,자이언트스텝,CFS,63445805235.0,87360365458.0,120660880608.0,21158078495.0,14898451184.0,14126385627.0,28482338772.0,23324552269.0,16573953529.0,98623931459.0,122964192647.0,127150591832.0,42309465927.0,40619850156.0,33157055213.0,-26059397731.0,-17860766009.0,-2908565928.0,-25162118393.0,-12676277323.0,-3471517212.0,-25.51,28.88,299.87,-10.31,18.97,586.37,-2.73,13.03,854.15,4.16,-45.9,22.51,-514.07
289930,웨이비스,,,,,,,,,,,,,,,,,,,,,,,,,,,,,,,,,,,
290090,트윔,CFS,48089490504.0,47509941913.0,62795301386.0,12386630191.0,7108487315.0,6070550775.0,12600233214.0,7274329573.0,6313376085.0,66341418835.0,65986977497.0,74980306705.0,34492364516.0,19561616492.0,21602999976.0,2009168277.0,-6462409302.0,1267349459.0,2976029951.0,-5331063918.0,2223196739.0,4.49,18.99,388.24,-8.08,11.02,668.36,2.97,8.42,1034.43,76.33,131.09,-9.45,-609.92
290120,DH오토리드,CFS,116635110967.0,127434590757.0,140435952118.0,105085032603.0,100533295355.0,127364375324.0,119832562579.0,144521253816.0,152572580453.0,84915629684.0,88410658548.0,65631346086.0,235592265722.0,225952601224.0,178955196949.0,15774631616.0,22316017859.0,11386261656.0,-7545547060.0,23861774539.0,8247785626.0,-8.89,141.12,110.99,26.99,163.47,126.76,12.57,232.47,110.26,4.27,-29.31,26.26,95.99
290270,휴네시온,CFS,25429183591.0,20564072072.0,18623434326.0,8033729587.0,6266268514.0,6150873232.0,8246221254.0,6632197869.0,8508303782.0,42627390968.0,35930458173.0,41281762099.0,36140422011.0,30423152330.0,26542241555.0,4662572734.0,3418605715.0,2879699999.0,6740050487.0,-5005354511.0,14887421259.0,15.81,19.34,316.53,-13.93,18.46,328.17,36.06,20.61,302.78,18.79,36.39,14.62,18.71
290520,신도기연,CFS,36034307640.0,42318797796.0,49306802667.0,3220950780.0,10228607367.0,16924291945.0,3875365943.0,10862378601.0,18603969534.0,58003862289.0,61576817570.0,62164219819.0,20754838406.0,21815309134.0,39794110063.0,-2511118560.0,-3733139816.0,-2797994524.0,-3348436363.0,-400891592.0,1637442121.0,-5.77,6.68,1118.75,-0.65,17.64,413.73,2.63,29.93,291.34,-4.86,32.73,-45.18,-33.42
290550,디케이티,CFS,136585970007.0,135183325378.0,168940307186.0,103950792715.0,68873854791.0,71229814587.0,107003394329.0,99251705735.0,126681209732.0,132431241916.0,100797285717.0,78772884187.0,280218060416.0,363542945233.0,315241528615.0,14686766746.0,21185243178.0,18132892648.0,4373432214.0,19639533722.0,8744375330.0,3.3,80.8,131.39,19.48,98.47,196.28,11.1,160.82,237.18,-22.92,-30.67,15.32,16.83
290560,파라택시스이더리움,CFS,15514304046.0,9974847632.0,8999784745.0,2813633962.0,4977915169.0,6033662592.0,3868075754.0,5278412143.0,6517158212.0,19054469642.0,12037764183.0,10126773446.0,10459352357.0,9722819189.0,7862555985.0,1533812236.0,2127650146.0,1063068981.0,-19169236.0,1802650014.0,1012327133.0,-0.1,20.3,551.4,14.97,43.85,200.38,10.0,64.36,149.16,7.58,-27.91,23.66,100.14
290650,엘앤씨바이오,CFS,130357498864.0,64283982666.0,47632402624.0,101838386776.0,18738036312.0,5634878901.0,105374593372.0,91903982601.0,14135593651.0,156855512482.0,107821180109.0,93265296190.0,68869546328.0,52572492155.0,45677013794.0,7748005680.0,9483841990.0,13169947368.0,48531489397.0,5691985564.0,15580312267.0,30.94,67.18,128.0,5.28,85.24,343.07,16.71,15.16,845.31,31.0,-18.3,15.1,-27.99
290660,다이나믹솔루션,CFS,33536824784.0,12736862844.0,15349381697.0,28712305845.0,28908318850.0,24665907251.0,40262629468.0,40796743939.0,37194453426.0,31446129206.0,9573827098.0,15345904169.0,26613904786.0,26201602583.0,23158185846.0,-1778204164.0,-7537255487.0,-7665875593.0,-5540676042.0,-9621945184.0,-4862620574.0,-17.62,128.04,116.8,-100.5,426.13,44.06,-31.69,242.37,62.23,1.57,76.41,13.14,1.68
290670,대보마그네틱,CFS,49307813762.0,68525515752.0,41116470003.0,25544267758.0,19281569848.0,9847298979.0,28424068260.0,21304632203.0,10596511517.0,69698234481.0,79648536057.0,58634622022.0,39999530917.0,108560097334.0,42919554645.0,126782002.0,26508416585.0,5759535913.0,-8197570773.0,21887204023.0,5049756684.0,-11.76,40.78,193.03,27.48,26.75,355.39,8.61,18.07,417.54,-63.15,-99.52,152.94,360.25
290690,소룩스,CFS,47846798516.0,29648327383.0,25587900822.0,83117843285.0,23852496188.0,23768617483.0,97746027710.0,25071397259.0,25944001716.0,62421326519.0,43339328178.0,47937138116.0,59827801602.0,55896292167.0,70010753724.0,515597483.0,-4321420711.0,5055686712.0,-6697203911.0,-4331337827.0,4156650289.0,-10.73,156.59,57.57,-9.99,57.85,124.3,8.67,54.12,107.65,7.03,111.93,-20.16,-185.48
290720,푸드나무,CFS,56962804312.0,52203455300.0,48902764373.0,54649868080.0,47625488483.0,14806747741.0,92676067233.0,58061049079.0,15689371461.0,23080911027.0,47872922465.0,54744118245.0,190692808996.0,217202243524.0,191195148974.0,-17795536446.0,-2085848169.0,1493854633.0,-19992768396.0,-3344927353.0,260865103.0,-86.62,401.53,104.23,-6.99,121.28,109.61,0.48,28.66,330.27,-12.2,-753.16,13.6,-239.63
290740,액트로,CFS,70729579092.0,47562831428.0,48089457155.0,47271330570.0,25851242854.0,22877363648.0,50485528482.0,28384312497.0,25043298405.0,68270109983.0,63629879021.0,73833548385.0,156846101861.0,132980435155.0,92326395351.0,4692405185.0,-5770031333.0,-2156720713.0,5745559474.0,-9330275899.0,2870970026.0,8.42,73.95,149.62,-14.66,44.61,183.99,3.89,33.92,210.21,17.95,181.32,44.03,-167.54
291230,엔피,CFS,22616223912.0,11948816745.0,19280003323.0,20929488215.0,20051397409.0,23749495100.0,20993138574.0,20188786253.0,23903311257.0,33537609705.0,34413394639.0,36332608815.0,,,,-3695829980.0,-959581925.0,905658242.0,-2977154285.0,-1322873439.0,-10813025613.0,-8.88,62.6,108.06,-3.84,58.67,59.59,-29.76,65.79,81.18,,-285.15,,-205.95
291650,압타머사이언스,CFS,25033614040.0,37964324879.0,24815465032.0,15239181806.0,2537725210.0,431702662.0,17056722072.0,16422509644.0,1800432670.0,15478896907.0,29222836935.0,31461161240.0,243186322.0,358252888.0,269275078.0,-12206656526.0,-8319877014.0,-4067106305.0,-13601504427.0,-7115574962.0,-3831058596.0,-87.87,110.19,164.27,-24.35,56.2,1496.0,-12.18,5.72,5748.28,-32.12,-46.72,33.04,-104.57
291810,핀텔,CFS,18450335606.0,24580949155.0,8670242320.0,4371504805.0,5522942010.0,2409320558.0,5165858503.0,6397752925.0,5641310078.0,20664036426.0,20694575883.0,4745034576.0,12753031638.0,8765256298.0,8209142696.0,-2676771735.0,-3657563928.0,-853260169.0,-1253496965.0,-3764288625.0,-2416435981.0,-6.07,25.0,422.06,-18.19,30.92,445.07,-50.93,118.89,359.86,45.5,26.82,6.77,-328.66
293490,카카오게임즈,CFS,1020759793411.0,1057386586545.0,1151245393971.0,710111348746.0,266999791328.0,842728965583.0,1845488692378.0,1859048360222.0,1884525757027.0,1625527793504.0,2014893197778.0,2420486116967.0,1025085964285.0,1147692623364.0,1012481212260.0,74516883006.0,175817282307.0,111917451153.0,-322405861214.0,-196113897255.0,520154676371.0,-19.83,113.53,143.75,-9.73,92.27,396.03,21.49,77.86,136.61,-10.68,-57.62,13.35,57.1
293580,나우IB,CFS,,,,,,,54915252346.0,49279336309.0,36611377748.0,93981271253.0,93735745176.0,87468185462.0,26697697608.0,22344185768.0,30703942864.0,,,,1939073177.0,8301533164.0,12635018491.0,2.06,58.43,,8.86,52.57,,14.45,41.86,,19.48,,-27.23,
293780,압타바이오,CFS,57474395833.0,20419014895.0,23776984894.0,817953026.0,1040016820.0,787571785.0,31155725062.0,3744231253.0,3245557916.0,61363391275.0,52369500962.0,61665043271.0,323868818.0,48352850.0,223676750.0,-16373536399.0,-9506765792.0,-11366984785.0,-12061643748.0,-10564737257.0,-10689063169.0,-19.66,50.77,7026.61,-20.17,7.15,1963.34,-17.33,5.26,3019.02,569.8,-72.23,-78.38,16.37
294090,이오플로우,CFS,25323100224.0,103083886500.0,37271314289.0,7492375187.0,38772334093.0,3261288794.0,21812465624.0,53522475510.0,43743057693.0,58875180058.0,98727957573.0,18917202825.0,6589217470.0,6707876186.0,693267504.0,-39367250537.0,-34275183079.0,-26891741814.0,-62315059227.0,-31297576498.0,-29987922250.0,-105.84,37.05,337.98,-31.7,54.21,265.87,-158.52,231.23,1142.84,-1.77,-14.86,867.57,-27.46
294140,레몬,CFS,13002407681.0,11915096872.0,18173356816.0,11601742235.0,11797067101.0,12742204527.0,11608987235.0,15954992797.0,17585675149.0,16900047110.0,11797581144.0,28155894221.0,10477073411.0,39769236730.0,33416382819.0,-11688879337.0,-6646657964.0,-13052508423.0,-9140096883.0,-16358313077.0,-52010452095.0,-54.08,68.69,112.07,-138.66,135.24,101.0,-184.72,62.46,142.62,-73.66,-75.86,19.01,49.08
294570,쿠콘,CFS,99095513974.0,86708282490.0,117153301190.0,69058464718.0,50345752899.0,65332581641.0,79387991203.0,52794389909.0,72311991535.0,128160028671.0,129406692943.0,129651229238.0,68365726730.0,64522541912.0,61441577577.0,16586163829.0,20023636125.0,16824625841.0,7174300310.0,3786625735.0,7160832773.0,5.6,61.94,143.5,2.93,40.8,172.23,5.52,55.77,179.32,5.96,-17.17,5.01,19.01
294630,서남,CFS,7266085319.0,9062023374.0,13483563752.0,3420466057.0,8793405524.0,10670689866.0,4419952103.0,9758454656.0,11795050355.0,11013595899.0,7904220524.0,9869177170.0,6390911562.0,6364610272.0,1137169357.0,-3093888012.0,-2400302378.0,-3633006882.0,-11253726653.0,-2115205777.0,-3996088702.0,-102.18,40.13,212.43,-26.76,123.46,103.05,-40.49,119.51,126.36,0.41,-28.9,459.69,33.93
295310,에이치브이엠,,,,,,,,,,,,,,,,,,,,,,,,,,,,,,,,,,,
296640,이노에이엑스,CFS,23923734051.0,21376081325.0,11432740050.0,3268362799.0,2756692462.0,3841449655.0,4236289061.0,3392731440.0,4602685041.0,30142173465.0,31344568676.0,13090018317.0,15510863452.0,16231490364.0,16404906910.0,-1240608765.0,1288468429.0,3109212749.0,34782575.0,2148609581.0,2833461082.0,0.12,14.05,731.98,6.85,10.82,775.42,21.65,35.16,297.62,-4.44,-196.29,-1.06,-58.56
297090,씨에스베어링,CFS,89417643356.0,82338178684.0,56702618704.0,63097050668.0,64709371342.0,71561288038.0,64120202715.0,68769971936.0,80377395236.0,85669851121.0,87124252500.0,55820299869.0,76607854875.0,49006656971.0,95558016880.0,57074357.0,-8827162718.0,499117927.0,-1610060402.0,-17381640332.0,-1134615913.0,-1.88,74.85,141.71,-19.95,78.93,127.24,-2.03,143.99,79.24,56.32,100.65,-48.72,-1868.55
297570,아틀라스링크,CFS,39622797718.0,38238371431.0,36385025973.0,16350860493.0,9791424009.0,4017057298.0,17734245583.0,10345495068.0,16110623875.0,40691908647.0,31254040556.0,25006522205.0,26583526247.0,28744200269.0,36672802384.0,4250212435.0,4297759688.0,6955898706.0,4896695723.0,6084691305.0,5488141178.0,12.03,43.58,242.33,19.47,33.1,390.53,21.95,64.43,905.76,-7.52,-1.11,-21.62,-38.21
297890,HB솔루션,CFS,116999215619.0,118475153658.0,100829569868.0,51235251437.0,70224669663.0,19256009315.0,68231954690.0,71547088288.0,55183358050.0,229814779391.0,142997995882.0,103864916361.0,96170053722.0,187600280055.0,46773127251.0,6764041996.0,27124893443.0,667762433.0,75623976845.0,43592380338.0,6084585788.0,32.91,29.69,228.36,30.48,50.03,168.71,5.86,53.13,523.63,-48.74,-75.06,301.09,3962.06
298060,풍전약품,CFS,13260028756.0,10039817126.0,20311708346.0,1148217990.0,4562237132.0,8709277610.0,4930243910.0,8508993786.0,9432198923.0,20473543664.0,24510961512.0,44612548193.0,695697915.0,395982302.0,439262616.0,-12997668186.0,-12578927265.0,-12155169610.0,-23961422032.0,-22930003233.0,-22518682918.0,-117.04,24.08,1154.84,-93.55,34.72,220.06,-50.48,21.14,233.22,75.69,-3.33,-9.85,-3.49
298380,에이비엘바이오,CFS,75538557727.0,80534636534.0,45472487898.0,41759889908.0,72172317167.0,8750452060.0,86065261491.0,115667312852.0,9499816726.0,74079110485.0,69513282788.0,55952938978.0,65547054627.0,67300799414.0,5332068943.0,-2617101131.0,907999453.0,-52305340534.0,-2646663290.0,3208631006.0,-43557942985.0,-3.57,116.18,180.89,4.62,166.4,111.59,-77.85,16.98,519.66,-2.61,-388.23,1162.19,101.74
298540,더네이쳐홀딩스,CFS,289595812307.0,246767543034.0,199790453858.0,242743761413.0,223337629971.0,116082209346.0,270883018769.0,247635672808.0,157966001542.0,369287794008.0,319506982784.0,220089807034.0,548443577367.0,497852449325.0,370323448510.0,66951645379.0,90782683462.0,68897806168.0,52424405163.0,69285640004.0,58306085147.0,14.2,73.35,119.3,21.69,77.51,110.49,26.49,71.77,172.11,10.16,-26.25,34.44,31.76
298830,슈어소프트테크,CFS,71101644254.0,51055841418.0,43647602321.0,46899003110.0,28855611066.0,15824481570.0,62158331220.0,42205293950.0,28866010656.0,95980592254.0,56609781878.0,45380051985.0,,,,11472691041.0,9667508619.0,6735274196.0,5832554236.0,9457183900.0,8022949636.0,6.08,64.76,151.61,16.71,74.55,176.94,17.68,63.61,275.82,,18.67,,43.54
299030,하나기술,CFS,99123781278.0,110297632963.0,129453048998.0,86356832415.0,78628899901.0,73264009128.0,119056832415.0,159601940660.0,120783559891.0,112666702313.0,72641590152.0,68329149426.0,119948030553.0,113857990967.0,113001413089.0,-6314995846.0,11190639902.0,-4961722430.0,-3808842306.0,1507374117.0,-2866792665.0,-3.38,105.67,114.78,2.08,219.71,140.28,-4.2,176.77,176.69,5.35,-156.43,0.76,325.54
299170,더블유에스아이,CFS,22976402254.0,41085551254.0,47626184955.0,16758892954.0,17503261867.0,17999198660.0,20192691021.0,19380322964.0,19056449337.0,40336377531.0,38084330544.0,33330815019.0,30877345387.0,27128845288.0,27775612551.0,3342668803.0,3684173156.0,6008943422.0,2825836566.0,4313954359.0,7170152386.0,7.01,50.06,137.1,11.33,50.89,234.73,21.51,57.17,264.6,13.82,-9.27,-2.33,-38.69
299660,셀리드,CFS,16874029726.0,20977751045.0,20808402862.0,10324841632.0,20539210401.0,1846258773.0,23426981106.0,23418501954.0,19495748872.0,40495260881.0,22438888800.0,38760570381.0,,480000000.0,909090909.0,-12197950643.0,-14911333804.0,-13010877723.0,-11611435383.0,-22864575136.0,-13070514497.0,-28.67,57.85,163.43,-101.9,104.37,102.14,-33.72,50.3,1127.06,,18.2,-47.2,-14.61
299900,위지윅스튜디오,CFS,62726636396.0,149696617253.0,192990619564.0,87458883140.0,129802332817.0,98285893200.0,103250999242.0,140948468189.0,106456711991.0,233909027421.0,245602149240.0,264012731519.0,147335163984.0,146520128397.0,120283764981.0,-20281322515.0,-23322212624.0,-3954732702.0,46673309727.0,-27191529964.0,-18272273530.0,19.95,44.14,71.72,-11.07,57.39,115.33,-6.92,40.32,196.36,0.56,13.04,21.81,-489.73
300080,플리토,CFS,12732215146.0,21893010836.0,26198799733.0,8323531037.0,10778291623.0,1891120761.0,11390622777.0,12776346891.0,10727842432.0,4380458518.0,11991359341.0,17180644831.0,17761267682.0,13639437063.0,9338274470.0,-5094024751.0,-6595175443.0,-6143736170.0,-6792796311.0,-5868323015.0,-5780518467.0,-155.07,260.03,152.97,-48.94,106.55,203.12,-33.65,62.44,1385.36,30.22,22.76,46.06,-7.35
300120,라온피플,CFS,34323461954.0,72604996896.0,78122247677.0,30400884256.0,32846251055.0,6968614567.0,31056518911.0,33286018580.0,33682981951.0,46068773155.0,54777429519.0,51961558062.0,11244331687.0,26489529720.0,19751768258.0,-11135373701.0,2392786671.0,-6803395359.0,-8716360432.0,-507078053.0,-6175597845.0,-18.92,67.41,112.9,-0.93,60.77,221.05,-11.88,64.82,1121.06,-57.55,-565.37,34.11,135.17
301300,바이브컴퍼니,CFS,20190664376.0,34542892271.0,55219884418.0,27355492929.0,62304565253.0,28968645434.0,52096894925.0,81899807792.0,65624053216.0,68154994335.0,12800237498.0,34206673509.0,29977118711.0,34447925677.0,44617204859.0,-9225955061.0,-13863107043.0,-9145715171.0,32029746357.0,-22902123919.0,-9496607005.0,47.0,76.44,73.81,-178.92,639.83,55.44,-27.76,191.85,190.62,-12.98,33.45,-22.79,-51.58
302430,이노메트리,CFS,64757640424.0,60000967797.0,34535597335.0,22309955740.0,23852699844.0,13528456724.0,22436817991.0,24265931831.0,13910516576.0,64078147118.0,55752506440.0,53681988215.0,83783909848.0,75710472632.0,46471488827.0,8208876108.0,3770745384.0,2515187520.0,7806187062.0,2685093168.0,3868421026.0,12.18,35.01,290.26,4.82,43.52,251.55,7.21,25.91,255.28,10.66,117.7,62.92,49.92
302550,리메드,CFS,21869417786.0,42186845586.0,49188996727.0,16678236518.0,43398427282.0,5650350159.0,24265899936.0,48123310478.0,51100323287.0,30794429092.0,30001934104.0,26097718086.0,18536134645.0,21363454119.0,20195049000.0,-2859712374.0,1661058369.0,1123164634.0,319244646.0,3951245350.0,752329674.0,1.04,78.8,131.13,13.17,160.4,97.21,2.88,195.8,870.55,-13.23,-272.16,5.79,47.89
303030,지니틱스,CFS,21920513534.0,24427168890.0,33848815263.0,11093388820.0,7877771015.0,10761474839.0,12335275433.0,9064217785.0,13290463964.0,16202305256.0,21868608213.0,30078373959.0,33068422790.0,27611138913.0,38833025056.0,-6046795133.0,-5228689355.0,1607019727.0,-5877620907.0,-9064827403.0,-105608448.0,-36.28,76.13,197.6,-41.45,41.45,310.08,-0.35,44.19,314.54,19.76,-15.65,-28.9,-425.37
303360,프로티아,CFS,17113664932.0,10554270874.0,9200787249.0,1298995239.0,1043814546.0,1148409568.0,1608524686.0,1420097255.0,1706431782.0,23527247072.0,15989349336.0,14525145962.0,8227847326.0,7644000304.0,5934446253.0,164092703.0,1057532719.0,651728876.0,462940443.0,1252814775.0,-771791959.0,1.97,6.84,1317.45,7.84,8.88,1011.13,-5.31,11.75,801.18,7.64,-84.48,28.81,62.27
303530,이노뎁,CFS,33329915779.0,37589803018.0,43286807971.0,12688224695.0,13713158903.0,13129362559.0,14944019982.0,16298504381.0,14808626332.0,39183677941.0,39261736614.0,40502322753.0,84032973558.0,76416490550.0,60038612325.0,635755479.0,413004227.0,-1514453711.0,1026911045.0,563087127.0,-878620997.0,2.62,38.14,262.68,1.43,41.51,274.11,-2.17,36.56,329.69,9.97,53.93,27.28,127.27
303810,동국생명과학,,,,,,,,,,,,,,,,,,,,,,,,,,,,,,,,,,,
304100,솔트룩스,CFS,43049685714.0,48279457123.0,51193781252.0,13693426269.0,32846007766.0,24970484323.0,25289789400.0,33776449726.0,25770568902.0,73541967029.0,44928075355.0,54297788645.0,,,,-9292178997.0,-1959183772.0,-3877938673.0,-10727358908.0,-9363734179.0,-5118493163.0,-14.59,34.39,314.38,-20.84,75.18,146.99,-9.43,47.46,205.02,,-374.29,,49.48
304360,에스바이오메딕스,CFS,15700411581.0,11201110668.0,14341894377.0,7731260134.0,11830730160.0,4175184549.0,19672386442.0,23322795809.0,13964156175.0,12274832794.0,1035029321.0,3831613399.0,13108378002.0,12112652100.0,8868222972.0,-5988043386.0,-3748042034.0,-4626035475.0,-8359998712.0,-7672592757.0,-6193775960.0,-68.11,160.27,203.08,-741.29,2253.35,94.68,-161.65,364.45,343.5,8.22,-59.76,36.58,18.98
304840,피플바이오,CFS,14809651959.0,29341335722.0,40145094762.0,3533167240.0,32836348568.0,29265606582.0,7916573154.0,36391779973.0,32331613469.0,19663884121.0,5923910166.0,19015905940.0,4452858220.0,4444833582.0,577083506.0,-15247510964.0,-11696891262.0,-7235518532.0,-16034763881.0,-14303038897.0,-4697105131.0,-81.54,40.26,419.16,-241.45,614.32,89.36,-24.7,170.02,137.17,0.18,-30.36,670.22,-61.66
305090,마이크로디지탈,CFS,16078819104.0,16961862571.0,19734052288.0,15686307485.0,16635795090.0,6248591057.0,21249582935.0,22970945975.0,22811218307.0,8716568929.0,5436597593.0,12425248625.0,10839854618.0,8883698808.0,4304627977.0,880251845.0,-7952738449.0,-6432059502.0,590142736.0,-9335725976.0,-8132876989.0,6.77,243.78,102.5,-171.72,422.52,101.96,-65.45,183.59,315.82,22.02,111.07,106.38,-23.64
306040,에스제이그룹,CFS,118873202289.0,123383414691.0,104040565372.0,43667540495.0,48329644148.0,31006893837.0,68342325488.0,68616718705.0,55878853076.0,136436799197.0,127902597159.0,104642101268.0,203710082691.0,197862796824.0,149730739502.0,15427643757.0,35813067965.0,29111359438.0,13120609692.0,29064443959.0,23155284104.0,9.62,50.09,272.22,22.72,53.65,255.3,22.13,53.4,335.54,2.96,-56.92,32.15,23.02
306620,지아이에스,CFS,96653765513.0,40350057962.0,38347767302.0,99690494105.0,35852449709.0,30229444096.0,109398961007.0,45453742539.0,38709150283.0,55168173547.0,45073269861.0,35087252654.0,86754563129.0,52890474671.0,49880481256.0,2166554380.0,-3759261826.0,-2898933380.0,-3361475164.0,-8054815074.0,-4461270773.0,-6.09,198.3,96.95,-17.87,100.84,112.54,-12.71,110.32,126.86,64.03,157.63,6.03,-29.68
307180,아이엘,CFS,29798171346.0,31434846380.0,42866768134.0,60542669285.0,40247600818.0,50788555355.0,64954091032.0,49526338441.0,57445964039.0,14444116567.0,23256020360.0,15414210191.0,39078135188.0,49164956238.0,48634791598.0,-16743020132.0,-743998868.0,2565464936.0,-18081076589.0,2086569083.0,-7675729784.0,-125.18,449.69,49.22,8.97,212.96,78.1,-49.8,372.68,84.4,-20.52,-2150.41,1.09,-129.0
307280,원바이오젠,CFS,21137591453.0,18203675535.0,22889051042.0,9347322281.0,11582537570.0,10898747565.0,10278715703.0,12106993289.0,11482036125.0,32624769872.0,26825582923.0,26561348452.0,29614740095.0,26747721812.0,17720824355.0,7122657150.0,5150275469.0,2039702750.0,5960986356.0,3272495697.0,-659783248.0,18.27,31.51,226.14,12.2,45.13,157.16,-2.48,43.23,210.02,10.72,38.3,50.94,152.5
307750,국전,CFS,123991803043.0,142893236766.0,76914949906.0,99822579641.0,70691339137.0,21851867934.0,127646216919.0,103774196397.0,23838433135.0,97456273081.0,92323186876.0,83150495469.0,121997885408.0,103710827977.0,85354220498.0,6498831883.0,3509148953.0,6134657919.0,4692086205.0,8877145491.0,4038005244.0,4.81,130.98,124.21,9.62,112.4,202.14,4.86,28.67,351.98,17.63,85.2,21.51,-42.8
307870,비투엔,CFS,9555008213.0,26411892434.0,17943051359.0,10930662629.0,15473847761.0,3301865245.0,11147170943.0,22513922593.0,11313566507.0,13602743962.0,17176433609.0,18163209553.0,32029523451.0,27082999573.0,25775165233.0,-2457973143.0,-2187641523.0,2246853648.0,-12566848725.0,-2215744889.0,-1769123281.0,-92.38,81.95,87.41,-12.9,131.07,170.69,-9.74,62.29,543.42,18.26,-12.36,5.07,-197.36
307930,컴퍼니케이,CFS,,,,,,,5431676518.0,9404011339.0,10963713043.0,72039295185.0,77348406118.0,74405039050.0,15858969653.0,15843840992.0,27444773477.0,,,,-5716324936.0,6471096923.0,18890350866.0,-7.94,7.54,,8.37,12.16,,25.39,14.74,,0.1,,-42.27,
308080,바이젠셀,CFS,54442161052.0,69891681774.0,66723758024.0,8474099366.0,8353009264.0,10189416270.0,9559879336.0,9730646291.0,12091237134.0,71489172832.0,89642714054.0,104887294343.0,0.0,0.0,0.0,-20084446567.0,-18213756319.0,-13135689574.0,-17875427073.0,-17393274508.0,-11113877563.0,-25.0,13.37,642.45,-19.4,10.85,836.72,-10.6,11.53,654.83,,-10.27,,-38.66
308100,형지글로벌,CFS,44905850090.0,55479655530.0,70949957807.0,17305309967.0,41694715270.0,32361575114.0,40157773062.0,57975258372.0,46096626413.0,56300982371.0,60901731925.0,69991244797.0,48415136529.0,61760652447.0,74674920153.0,-1009756608.0,-9376249915.0,-4335357280.0,-4546336943.0,-9264346501.0,-6731063155.0,-8.08,71.33,259.49,-15.21,95.19,133.06,-9.62,65.86,219.24,-21.61,89.23,-17.29,-116.27
308430,셀비온,,,,,,,,,,,,,,,,,,,,,,,,,,,,,,,,,,,
309710,아이티켐,,,,,,,,,,,,,,,,,,,,,,,,,,,,,,,,,,,
309930,조이웍스앤코,CFS,29368004368.0,29532579130.0,29203987547.0,8581857017.0,6290943693.0,7056512677.0,14512880720.0,13915127835.0,14022727592.0,30615371283.0,28067549251.0,26096732631.0,41039115328.0,32410293762.0,32328893862.0,2056945685.0,1592161906.0,3664892506.0,2459851873.0,1502318183.0,3680924913.0,8.03,47.4,342.21,5.35,49.58,469.45,14.1,53.73,413.86,26.62,29.19,0.25,-56.56
309960,LB인베스트먼트,CFS,32962038123.0,13452623368.0,27377914081.0,4512315630.0,1390296877.0,7962524194.0,11578139740.0,8763227175.0,15007239166.0,115441887021.0,94463381744.0,90602433458.0,27582188617.0,18525357387.0,49373274787.0,8463269974.0,4765859547.0,31079227554.0,6421973511.0,3874362660.0,24598943092.0,5.56,10.03,730.49,4.1,9.28,967.61,27.15,16.56,343.83,48.89,77.58,-62.48,-84.67
310200,애니플러스,CFS,53202984366.0,54351714981.0,61356494394.0,37384072649.0,43190243384.0,14871599489.0,98515906429.0,61008563067.0,55126325349.0,101123636490.0,80523250987.0,46218104010.0,111346904329.0,57816068967.0,49036805412.0,22862982635.0,9919085381.0,13009415839.0,10393572993.0,5446041060.0,21299407030.0,10.28,97.42,142.31,6.76,75.77,125.84,46.08,119.27,412.57,92.59,130.49,17.9,-23.75
310210,보로노이,CFS,61297468938.0,49157797317.0,18684044772.0,12490250109.0,13815861592.0,18113095036.0,13309408301.0,29691863522.0,33242391200.0,81343825337.0,34258167614.0,6918137611.0,0.0,9767826850.0,14783913205.0,-31335510474.0,-17863480687.0,-10820161233.0,-36848289927.0,-19899662518.0,-15574606051.0,-45.3,16.36,490.76,-58.09,86.67,355.81,-225.13,480.51,103.15,-100.0,-75.42,-33.93,-65.09
310870,디와이씨,CFS,57657985263.0,66813406120.0,49613189114.0,46188000145.0,51421103774.0,34750707948.0,55738216535.0,71532980881.0,60949826687.0,50986826392.0,46482315885.0,40369077586.0,122419662930.0,120652617749.0,87268255843.0,9142782188.0,9560822452.0,-430194245.0,4402845474.0,4293292621.0,-1200062720.0,8.64,109.32,124.83,9.24,153.89,129.93,-2.97,150.98,142.77,1.46,-4.37,38.25,2322.44
311320,지오엘리먼트,CFS,32899269607.0,38301361518.0,36876855482.0,2066457717.0,3283492290.0,3794685678.0,2812051497.0,4234946191.0,4815539302.0,50391350383.0,48875613907.0,41748190638.0,17811078054.0,28636133638.0,21701626166.0,761102321.0,7291671548.0,6117494658.0,2226687897.0,6683644080.0,5314059221.0,4.42,5.58,1592.06,13.67,8.66,1166.48,12.73,11.53,971.8,-37.8,-89.56,31.95,19.19
311390,네오크레마,CFS,41041965095.0,37812802184.0,27604704534.0,30672898617.0,27868336784.0,7049927024.0,32274810933.0,29630647805.0,9604901979.0,38861472689.0,47687873610.0,41689420736.0,24866771855.0,26702893112.0,29886729419.0,278868999.0,1420451374.0,1368718533.0,-4957875150.0,-1837548495.0,1793298915.0,-12.76,83.05,133.81,-3.85,62.13,135.68,4.3,23.04,391.56,-6.88,-80.37,-10.65,3.78
311690,CJ 바이오사이언스,CFS,65210437330.0,50931897914.0,81554954696.0,14722469349.0,34978585750.0,23836477795.0,19632694113.0,41733747323.0,28502163599.0,71495691643.0,49655411562.0,87853080239.0,5575053720.0,4074661697.0,4363027299.0,-32056613825.0,-33233168641.0,-10108067067.0,-22912847165.0,-34913430985.0,-19272342235.0,-32.05,27.46,442.93,-70.31,84.05,145.61,-21.94,32.44,342.14,36.82,3.54,-6.61,-228.78
312610,에이에프더블류,CFS,31739939421.0,46071768365.0,48860888500.0,2776399124.0,1439646349.0,1769583825.0,2818399124.0,1460646349.0,1790583825.0,62938019449.0,65957631315.0,69326319227.0,6822097666.0,4437378741.0,7169493344.0,-4082720063.0,-3992269863.0,-2490607510.0,-3019611866.0,-3368687912.0,-4259385057.0,-4.8,4.48,1143.21,-5.11,2.21,3200.21,-6.14,2.58,2761.15,53.74,-2.27,-38.11,-60.29
313760,캐리,CFS,12665154551.0,31357925768.0,42213556337.0,12848755447.0,15572978546.0,21523617097.0,13421446424.0,16444473865.0,22204728774.0,12898331437.0,29859457395.0,36000821176.0,16989304352.0,52319150713.0,36106050652.0,-13572581167.0,-12704679615.0,-1265540660.0,-17569623268.0,-13923340013.0,-295846360.0,-136.22,104.06,98.57,-46.63,55.07,201.36,-0.82,61.68,196.13,-67.53,-6.83,44.9,-903.89
314130,지놈앤컴퍼니,CFS,97049667134.0,116909349345.0,81777354928.0,28230659930.0,11140609039.0,9825696201.0,48543266217.0,22452264197.0,23815855377.0,113517123387.0,150544411899.0,113400469526.0,14295995472.0,14084608191.0,451245828.0,-55092344303.0,-57512443619.0,-36087037083.0,-50652854697.0,-56949962422.0,-36003576452.0,-44.62,42.76,343.77,-37.83,14.91,1049.4,-31.75,21.0,832.28,1.5,4.21,3021.27,-59.37
314140,알피바이오,CFS,67713988629.0,81043297546.0,52271931616.0,57496318391.0,78630256720.0,75450936631.0,63471178301.0,82021315914.0,78810010393.0,102746535753.0,91136602083.0,64926968983.0,151046484340.0,138109319110.0,114963993242.0,6622747030.0,9646809661.0,5879847319.0,5437253181.0,4315650043.0,3812561248.0,5.29,61.77,117.77,4.74,90.0,103.07,5.87,121.38,69.28,9.37,-31.35,20.13,64.07
314930,바이오다인,CFS,21134021093.0,22914545138.0,27987415712.0,603906356.0,1253613515.0,7312691071.0,603906356.0,1255398594.0,7324409125.0,43382132587.0,44158788596.0,38498372302.0,4088693758.0,12210425936.0,3763250582.0,-2050797880.0,6683364320.0,-2342503882.0,-991761827.0,5611320477.0,-10856918511.0,-2.29,1.39,3499.55,12.71,2.84,1827.88,-28.2,19.03,382.72,-66.51,-130.69,224.46,385.31
315640,딥노이드,CFS,31630547056.0,11753582331.0,16438992323.0,5379521690.0,2902459343.0,1393900935.0,7246314846.0,4560953361.0,4842936631.0,27177742341.0,9966348823.0,13747857820.0,1933065857.0,3181548542.0,943670491.0,-6726839518.0,-6158546806.0,-7651546740.0,-6737065539.0,-5333982810.0,-8853542022.0,-24.79,26.66,587.98,-53.52,45.76,404.95,-64.4,35.23,1179.35,-39.24,-9.23,237.15,19.51
317120,라닉스,CFS,11783781605.0,17405707598.0,14743292663.0,6202753627.0,27534541939.0,1343700396.0,18597348105.0,27652712250.0,25782216988.0,10631958230.0,14321987349.0,19333230351.0,11543221600.0,10984971091.0,9214694242.0,-2957186931.0,-1800111623.0,-2232714960.0,-5369729462.0,-4930203244.0,-2670402149.0,-50.51,174.92,189.98,-34.42,193.08,63.21,-13.81,133.36,1097.22,5.08,-64.28,19.21,19.38
317240,TS트릴리온,CFS,11047752353.0,13069962461.0,16837934338.0,47549139837.0,49464241084.0,29716431314.0,50274668541.0,50882427486.0,50569675893.0,26597405033.0,17434198840.0,14867295589.0,39984448895.0,62925391613.0,49870571653.0,1226031443.0,-5813535569.0,-7640072243.0,-1592996096.0,-10183566653.0,-6826529938.0,-5.99,189.02,23.23,-58.41,291.85,26.42,-45.92,340.14,56.66,-36.46,121.09,26.18,23.91
317330,덕산테코피아,CFS,112170658300.0,71435629813.0,104059553481.0,249651267192.0,17199914096.0,17594405779.0,330061600648.0,95240671629.0,71348984066.0,184305539033.0,203286055415.0,172986944898.0,94076712274.0,111005121065.0,112383155917.0,-6225474421.0,9261039886.0,21980938749.0,-19273669673.0,15050342979.0,17378610980.0,-10.46,179.08,44.93,7.4,46.85,415.33,10.05,41.25,591.44,-15.25,-167.22,-1.23,-57.87
317530,에피소드컴퍼니,CFS,2173623017.0,3051861177.0,6121450108.0,5517430144.0,2759534587.0,3521725894.0,6225832586.0,3839751259.0,4655916849.0,5798047330.0,11107254462.0,12341124173.0,8483510899.0,10088032993.0,6686099596.0,-3677587098.0,-2088411993.0,-2282770363.0,-5522902385.0,-1404429349.0,-2011425211.0,-95.25,107.38,39.4,-12.64,34.57,110.59,-16.3,37.73,173.82,-15.91,-76.09,50.88,8.51
317690,퀀타매트릭스,CFS,13995558197.0,35852540101.0,55046006634.0,3037949547.0,4117926160.0,2519982980.0,4546307773.0,5717706035.0,5375186069.0,18119805856.0,39879484967.0,58391739606.0,3117941523.0,1285933974.0,549772571.0,-22448003344.0,-20017916127.0,-18415359417.0,-21556016716.0,-19237228776.0,-18115737228.0,-118.96,25.09,460.69,-48.24,14.34,870.65,-31.02,9.21,2184.38,142.47,-12.14,133.9,-8.7
317770,엑스페릭스,CFS,29670994718.0,39755226364.0,42339072964.0,2353348073.0,2153786567.0,2397225700.0,3719269102.0,2309737042.0,2645208538.0,56379133583.0,47931467774.0,45015048144.0,11908780233.0,15077690234.0,14518263633.0,-4183750286.0,2817514520.0,3005123588.0,-3713605408.0,3096994916.0,3254550216.0,-6.59,6.6,1260.8,6.46,4.82,1845.83,7.23,5.88,1766.17,-21.02,-248.49,3.85,-6.24
317830,에스피시스템스,CFS,59355502702.0,39808104657.0,31767120451.0,27093965372.0,23634449109.0,29794064109.0,31947167455.0,29523529532.0,37740259999.0,68977117028.0,50480490379.0,30593619565.0,60478372061.0,53123407721.0,35904071545.0,-303597650.0,3392697899.0,-475161341.0,419160638.0,2748403848.0,-607131878.0,0.61,46.32,219.07,5.44,58.49,168.43,-1.98,123.36,106.62,13.85,-108.95,47.96,814.01
317850,대모,CFS,28454835936.0,33538487705.0,41097694118.0,8811368809.0,12189671565.0,14994981756.0,16796593993.0,22061585042.0,32180309781.0,46347732881.0,47558975848.0,47773748944.0,44410624430.0,54799709139.0,49539646760.0,-378452195.0,2133866331.0,524417939.0,-244027673.0,1289347474.0,4607857596.0,-0.53,36.24,322.93,2.71,46.39,275.14,9.65,67.36,274.08,-18.96,-117.74,10.62,306.9
317870,엔바이오니아,CFS,24056879813.0,17614035574.0,15749968027.0,13761288923.0,13350063874.0,9492803362.0,21718060388.0,19007178362.0,20278784164.0,42026470714.0,20978622994.0,18473636243.0,14654775506.0,11023814761.0,8871109245.0,-205229109.0,-701337249.0,-766887065.0,-3932306012.0,73513472.0,-2364160059.0,-9.36,51.68,174.82,0.35,90.6,131.94,-12.8,109.77,165.91,32.94,70.74,24.27,8.55
318000,KBG,CFS,26049638344.0,26199302396.0,26624418446.0,3383822944.0,7612594924.0,4720311991.0,3898127573.0,8128342221.0,10389430872.0,42053864772.0,34945813884.0,31610772147.0,21589233488.0,24346169031.0,27201365651.0,4309941625.0,4105345034.0,5890451557.0,4583444412.0,3252436463.0,4003590655.0,10.9,9.27,769.83,9.31,23.26,344.16,12.67,32.87,564.04,-11.32,4.98,-10.5,-30.31
318010,팜스빌,CFS,43626860080.0,47798455871.0,48681577417.0,5449375774.0,6932585391.0,7239935553.0,7262800801.0,12168103254.0,15003138205.0,64015921507.0,62666751601.0,59304217740.0,21394730375.0,26113221456.0,39027506833.0,1632976195.0,4062759172.0,6159273248.0,3307098243.0,4063506428.0,4996427683.0,5.17,11.35,800.58,6.48,19.42,689.48,8.43,25.3,672.4,-18.07,-59.81,-33.09,-34.04
318020,포인트모바일,CFS,47394036118.0,54655330783.0,59619893305.0,18836257195.0,31431934798.0,25757987505.0,20352519395.0,33940295218.0,35476430939.0,46636257044.0,42167900624.0,45652607629.0,80027251877.0,87565394346.0,77441336630.0,4638590860.0,315519108.0,-4459570803.0,4843412566.0,-2507252141.0,-9253224018.0,10.39,43.64,251.61,-5.95,80.49,173.88,-20.27,77.71,231.46,-8.61,1370.15,13.07,107.08
318060,그래피,,,,,,,,,,,,,,,,,,,,,,,,,,,,,,,,,,,
318160,셀바이오휴먼텍,CFS,26918218987.0,19935542297.0,32071022867.0,8558744589.0,13705590104.0,19476949400.0,8633700249.0,13834709667.0,29201882788.0,44562705949.0,32147113023.0,28866785201.0,27324211009.0,27544537889.0,35160758089.0,3149395754.0,3534897992.0,5601796250.0,-1857096179.0,2889885474.0,3112523848.0,-4.17,19.37,314.51,8.99,43.04,145.46,10.78,101.16,164.66,-0.8,-10.91,-21.66,-36.9
318410,비비씨,CFS,47200225667.0,43746960570.0,51443660570.0,6795664406.0,6534051838.0,14355278177.0,11098532399.0,10843296801.0,18248920619.0,76533986117.0,72837707754.0,71573321917.0,53601594101.0,45266822991.0,36791403623.0,4460279509.0,1907469460.0,3117057602.0,5364831664.0,1021885578.0,3483778364.0,7.01,14.5,694.56,1.4,14.89,669.52,4.87,25.5,358.36,18.41,133.83,23.04,-38.81
319400,현대무벡스,CFS,162868633010.0,136785072621.0,144145212524.0,77216693442.0,48651535920.0,62665096600.0,88200130683.0,64868050893.0,84467191584.0,160732665935.0,154581325900.0,126715049464.0,267838061818.0,210456108794.0,240087700147.0,4143334694.0,12155021726.0,15407257360.0,4207016427.0,9245492544.0,8130733610.0,2.62,54.87,210.92,5.98,41.96,281.15,6.42,66.66,230.02,27.27,-65.91,-12.34,-21.11
319660,피에스케이,CFS,353608678775.0,383950967173.0,321166418090.0,86122493918.0,100917650989.0,111131066850.0,101823749358.0,119341821898.0,124191260092.0,392569607133.0,353307517966.0,289070957803.0,351863805650.0,460909201007.0,445803726054.0,54118591422.0,91842998729.0,94084940603.0,52520188202.0,77443254531.0,76728411521.0,13.38,25.94,410.59,21.92,33.78,380.46,26.54,42.96,289.0,-23.66,-41.07,3.39,-2.38
320000,한울반도체,CFS,29309752646.0,20020361872.0,17531290047.0,14510629545.0,5651118859.0,3139872643.0,14604937804.0,6013231953.0,3510681746.0,24284435614.0,22722871332.0,21102291055.0,15967468488.0,20269062117.0,15405210799.0,392035396.0,1801558756.0,577869405.0,1561754324.0,1770713178.0,670470480.0,6.43,60.14,201.99,7.79,26.46,354.27,3.18,16.64,558.34,-21.22,-78.24,31.57,211.76
321260,프로이천,CFS,33892428340.0,26256897608.0,23143179357.0,6660051288.0,3410323339.0,3839957425.0,6966399500.0,3923446731.0,5094049097.0,36888606967.0,32650843160.0,27059797432.0,33363102492.0,38191882053.0,34750746631.0,1468893907.0,3070109980.0,2006212586.0,3447951116.0,4556759578.0,-358162488.0,9.35,18.88,508.89,13.96,12.02,769.92,-1.32,18.83,602.69,-12.64,-52.16,9.9,53.03
321370,센서뷰,CFS,11799699678.0,9757180166.0,18399339894.0,8657231812.0,5977655205.0,24459718541.0,14308429902.0,12218866029.0,51677177939.0,13941156789.0,14196041306.0,-17692086041.0,8462919584.0,5614289674.0,4596770650.0,-18044346431.0,-15690957885.0,-9554294842.0,-18332110830.0,-12698661374.0,-15191901611.0,-131.5,102.63,136.3,-89.45,86.07,163.23,85.87,-292.09,75.22,50.74,-15.0,22.14,-64.23
321550,티움바이오,CFS,45310766619.0,40294599146.0,41901292528.0,11665738472.0,30109893342.0,4466970251.0,49171836702.0,33972065374.0,26416000264.0,70374188758.0,62286700446.0,90318737134.0,,,,-27832080130.0,-25640393911.0,-32696159595.0,-19037667377.0,-31402338378.0,-32252800935.0,-27.05,69.87,388.41,-50.42,54.54,133.83,-35.71,29.25,938.02,,-8.55,,21.58
321820,아티스트컴퍼니,CFS,52367004538.0,39319605929.0,46582101415.0,32238998649.0,9177917441.0,11652189533.0,32719925014.0,41554710295.0,36478501900.0,28505482727.0,7426354136.0,25613129795.0,21272385828.0,30110649760.0,32467617617.0,-3277590268.0,-1332504584.0,-4395590696.0,-5289845391.0,-18952081115.0,-7951297311.0,-18.56,114.78,162.43,-255.2,559.56,428.42,-31.04,142.42,399.77,-29.35,-145.97,-7.26,69.69
322180,LS티라유텍,CFS,33019405054.0,14543946126.0,9952489063.0,34055117900.0,11640553081.0,7384541069.0,49547878496.0,17959814589.0,11428898141.0,15370496490.0,17839772694.0,19395418087.0,54359306573.0,35942703346.0,39326882182.0,-3849047367.0,-4267879043.0,-7892968263.0,-7007593474.0,-4672473566.0,-8698553143.0,-45.59,322.36,96.96,-26.19,100.67,124.94,-44.85,58.93,134.77,51.24,9.81,-8.61,45.93
322310,오로스테크놀로지,CFS,38148166464.0,41820543441.0,49918272566.0,6836840751.0,5473247684.0,8089346737.0,11845145811.0,8629170756.0,10266292480.0,62366907479.0,61072760822.0,64458868682.0,45529498555.0,35398202864.0,39530355925.0,2369674252.0,-3292067759.0,1937294295.0,3378588226.0,-2978002016.0,1797301476.0,5.42,18.99,557.98,-4.88,14.13,764.09,2.79,15.93,617.09,28.62,171.98,-10.45,-269.93
322510,제이엘케이,CFS,6710311866.0,8851869757.0,11842546583.0,6345743704.0,1605699637.0,2115338244.0,21429826827.0,19731533964.0,16188214678.0,11724993204.0,16599264053.0,24260053417.0,2488983756.0,3415330726.0,3786050431.0,-7147568952.0,-8627804401.0,-7424304196.0,-7306037907.0,-9310493816.0,-7673644240.0,-62.31,182.77,105.75,-56.09,118.87,551.28,-31.63,66.73,559.84,-27.12,17.16,-9.79,-16.21
322780,코퍼스코리아,CFS,50074104513.0,65997546273.0,54950665932.0,77190551722.0,90118296271.0,54002671760.0,79171740609.0,92691796475.0,59870741349.0,56915982752.0,47607303925.0,48836849213.0,44653729856.0,29268713289.0,33859196914.0,1698159467.0,9124945624.0,10292152960.0,3182189140.0,-1431942513.0,8092226091.0,5.59,139.1,64.87,-3.01,194.7,73.23,16.57,122.59,101.76,52.56,-81.39,-13.56,-11.34
323280,태성,CFS,31141529831.0,33019541683.0,28890584797.0,24877740443.0,22165407856.0,28155846326.0,26085358556.0,23440639577.0,28794607228.0,30890434691.0,32393504296.0,20984793505.0,33338955327.0,61247953344.0,43940060310.0,-685706946.0,2313546898.0,4624802988.0,-1416588755.0,-457379020.0,9250507768.0,-4.59,84.44,125.18,-1.41,72.36,148.97,44.08,137.22,102.61,-45.57,-129.64,39.39,-49.98
323350,다원넥스뷰,,,,,,,,,,,,,,,,,,,,,,,,,,,,,,,,,,,
323990,박셀바이오,CFS,51227394695.0,20898449206.0,28197462800.0,924141265.0,307041990.0,392301472.0,1486927570.0,835777840.0,1195975341.0,83493267971.0,23327267446.0,30080383217.0,13723327.0,,,-11507176671.0,-8212602189.0,-5904060364.0,-10274078948.0,-6825051481.0,-4762778542.0,-12.31,1.78,5543.24,-29.26,3.58,6806.38,-15.83,3.98,7187.7,,-40.12,,-39.1
327260,RF머트리얼즈,CFS,64082604240.0,56185011843.0,44116228353.0,25753459645.0,25404022333.0,18565818690.0,37100032893.0,43075468739.0,29121709290.0,59913600633.0,52836962007.0,42171127059.0,47911985391.0,50442251582.0,37771227715.0,-34626044.0,2733808458.0,-28083434.0,714080665.0,3562334693.0,-370511762.0,1.19,61.92,248.83,6.74,81.53,221.17,-0.88,69.06,237.62,-5.02,-101.27,33.55,9834.59
328130,루닛,CFS,230417590193.0,68050191900.0,89619308286.0,12793897901.0,9446098952.0,87626009486.0,32811193379.0,28243417093.0,91811418364.0,235109506784.0,68909657614.0,2037614332.0,25080238712.0,13865732451.0,6638998941.0,-42216718386.0,-50650984769.0,-45700074484.0,-36798251578.0,-39117907070.0,-73675766445.0,-15.65,13.96,1801.0,-56.77,40.99,720.41,-3615.79,4505.83,102.27,80.88,16.65,108.85,-10.83
328380,솔트웨어,CFS,26385058355.0,25222722631.0,12160608592.0,11386184810.0,6053890931.0,7341319592.0,13490923255.0,13241665123.0,9119455485.0,22962448830.0,20014179693.0,8010687510.0,49340647407.0,31349477155.0,40016054196.0,-88856956.0,-613214891.0,1217766748.0,761051545.0,-4881695586.0,809804552.0,3.31,58.75,231.73,-24.39,66.16,416.64,10.11,113.84,165.65,57.39,85.51,-21.66,-150.36
330350,위더스제약,CFS,58247361225.0,59450729531.0,76427245071.0,31011188570.0,25572492936.0,23975372265.0,40502049931.0,36358643311.0,38073846569.0,90277966713.0,83036153600.0,80905223868.0,80119449783.0,64680375722.0,57418806107.0,7909423796.0,4877718076.0,4885972992.0,7959175100.0,2479164125.0,4263801486.0,8.82,44.86,187.83,2.99,43.79,232.48,5.27,47.06,318.77,23.87,62.15,12.65,-0.17
330730,스톤브릿지벤처스,CFS,18693618680.0,31905062193.0,31459212177.0,4235017428.0,7279881821.0,11223049595.0,9521034026.0,12225401185.0,16976458282.0,88821588904.0,85850507581.0,63920154551.0,19002056584.0,29580726671.0,42411460417.0,6440509588.0,7785826246.0,27485737009.0,6186941884.0,7140255522.0,22377888079.0,6.97,10.72,441.41,8.32,14.24,438.26,35.01,26.56,280.31,-35.76,-17.28,-30.25,-71.67
330860,네패스아크,CFS,82599550491.0,104719262766.0,97614033289.0,81557655225.0,58754501773.0,96461058975.0,169943132412.0,201529785315.0,216541900639.0,225741470409.0,256438481660.0,200999342206.0,126089387410.0,153861205199.0,114206894182.0,-6915791712.0,22528425096.0,26919155918.0,-30315851286.0,25695164285.0,24596454071.0,-13.43,75.28,101.28,10.02,78.59,178.23,12.24,107.73,101.2,-18.05,-130.7,34.72,-16.31
331380,포커스에이아이,CFS,25242504171.0,27107995815.0,23963262106.0,13443174627.0,12119837609.0,10643598214.0,13684253265.0,16696898139.0,16067239691.0,22772750995.0,20876395272.0,17274940431.0,59458221600.0,61625592172.0,48150106982.0,2646343421.0,2664914693.0,4110432563.0,2467813093.0,2684914821.0,-14281145.0,10.84,60.09,187.77,12.86,79.98,223.67,-0.08,93.01,225.14,-3.52,-0.7,27.99,-35.17
331520,밸로프,CFS,34931544787.0,30228108481.0,15771011426.0,13540102488.0,5272691866.0,4628438731.0,14640478131.0,6816293397.0,4910183222.0,29237875657.0,24757906388.0,11752664047.0,35972131511.0,30030226516.0,19595883960.0,228744749.0,3005708589.0,1667216112.0,909714167.0,1579351983.0,2329525512.0,3.11,50.07,257.99,6.38,27.53,573.3,19.82,41.78,340.74,19.79,-92.39,53.25,80.28
331740,아우토크립트,,,,,,,,,,,,,,,,,,,,,,,,,,,,,,,,,,,
331920,셀레믹스,CFS,12708076935.0,15612825733.0,22967933791.0,1649083960.0,2644840140.0,2024998685.0,2236223171.0,3622193431.0,3511602261.0,15882369320.0,18589235384.0,23386166978.0,6577578379.0,8728940013.0,8084278965.0,-5770408718.0,-5733902326.0,-5979514438.0,-3875651433.0,-4796931594.0,-5237888680.0,-24.4,14.08,770.61,-25.8,19.49,590.31,-22.4,15.02,1134.22,-24.65,-0.64,7.97,4.11
332290,누보,CFS,53756202409.0,53810590681.0,34402914501.0,57759681877.0,32493871380.0,35024795457.0,59910199051.0,53640844439.0,40542029929.0,23211903691.0,28233362516.0,18583076663.0,82156943249.0,73028453524.0,61128233252.0,-2277203205.0,-3308038580.0,259917432.0,-5988194091.0,-4362475814.0,-4748428511.0,-25.8,258.1,93.07,-15.45,189.99,165.6,-25.55,218.17,98.22,12.5,31.16,19.47,-1372.73
332370,아이디피,CFS,50145434734.0,50516379212.0,39545908647.0,2487892721.0,6709057490.0,4886164959.0,2590066110.0,6889343040.0,5150434467.0,54424660270.0,50797071455.0,41276245481.0,36366131477.0,43111569109.0,26092880717.0,5531281025.0,12372966273.0,3921517533.0,6017003629.0,10375026000.0,4270368064.0,11.06,4.76,2015.58,20.42,13.56,752.96,10.35,12.48,809.34,-15.65,-55.3,65.22,215.51
332570,PS일렉트로닉스,CFS,123590619204.0,103313330256.0,96491191568.0,53986350252.0,53134905734.0,17771107378.0,59805172910.0,56653911695.0,23073972528.0,83023014539.0,61977750855.0,86240092295.0,68149317459.0,51388503167.0,60002097873.0,6424251685.0,4325015868.0,159718992.0,19457636930.0,-10389635536.0,-7631569240.0,23.44,72.03,228.93,-16.76,91.41,194.44,-8.85,26.76,542.97,32.62,48.54,-14.36,2607.89
333050,이노테나,CFS,27102043721.0,24982284845.0,12663664611.0,8493216258.0,6611152234.0,6164269983.0,8785882847.0,8123881472.0,7000350173.0,20863804573.0,18886542117.0,8150533787.0,24589393987.0,23206668340.0,26304384738.0,706087168.0,1547753243.0,3736999817.0,1082489368.0,-1720965465.0,2983384640.0,5.19,42.11,319.1,-9.11,43.01,377.88,36.6,85.89,205.44,5.96,-54.38,-11.78,-58.58
333430,일승,CFS,35182820952.0,34265952507.0,34794768672.0,19044130076.0,22604778928.0,15732291914.0,33427348140.0,41084320941.0,25904841332.0,71188267359.0,62849591377.0,59063477322.0,52971603874.0,65037011303.0,41895287923.0,5293353311.0,3228784445.0,2849924561.0,7677487731.0,3380072695.0,-5663733691.0,10.78,46.96,184.74,5.38,65.37,151.59,-9.59,43.86,221.17,-18.55,63.94,55.24,13.29
333620,엔시스,CFS,60053637964.0,43911124570.0,54263230199.0,37986053315.0,16333318792.0,13601640576.0,38909304386.0,27890895743.0,15072832157.0,57739605510.0,55813247663.0,54733718959.0,51226329598.0,41960341819.0,42688764598.0,1854221965.0,4058967441.0,7698634684.0,2249342340.0,3534647772.0,4828978211.0,3.9,67.39,158.09,6.33,49.97,268.84,8.82,27.54,398.95,22.08,-54.32,-1.71,-47.28
334970,프레스티지바이오로직스,CFS,70242171670.0,29835241874.0,54859528396.0,89097643800.0,32551654497.0,28392556500.0,205950267964.0,140467884642.0,99936054213.0,99802775379.0,117611351026.0,106831954395.0,1730263646.0,15565702.0,3226838191.0,-22105262990.0,-36631252881.0,-26836889338.0,-17979638818.0,-49717904470.0,-39377956574.0,-18.02,206.36,78.84,-42.27,119.43,91.66,-36.86,93.55,193.22,11015.87,39.65,-99.52,-36.5
335810,프리시젼바이오,CFS,18444850234.0,20770897188.0,33294672681.0,13345433985.0,20041437984.0,2151664257.0,30450657951.0,25634437507.0,17365223888.0,32027458683.0,33375101374.0,38353132022.0,20391168324.0,20458017811.0,15887167812.0,-4810588506.0,-4500034137.0,-4269467129.0,-4490309990.0,-6805937708.0,-4152248836.0,-14.02,95.08,138.21,-20.39,76.81,103.64,-10.83,45.28,1547.39,-0.33,-6.9,28.77,-5.4
335870,윙스풋,CFS,28121051371.0,31549016438.0,24519269691.0,12031654936.0,19047735173.0,23039729477.0,13534906407.0,21609776835.0,24604842183.0,29917620494.0,25459035888.0,16397395107.0,51588558204.0,54337267257.0,49675118871.0,3977336929.0,3706704519.0,3096299565.0,3328367580.0,-16757090947.0,1953488922.0,11.13,45.24,233.73,-65.82,84.88,165.63,11.91,150.05,106.42,-5.06,7.3,9.39,19.71
336060,웨이버스,CFS,32325486807.0,24677831424.0,17245782435.0,13779398702.0,11252822018.0,8151501527.0,14066152712.0,12667727975.0,8378539277.0,35253365200.0,26855054897.0,13351540391.0,48755717335.0,40546670553.0,37935232130.0,5059915724.0,1784422368.0,5072549856.0,7067361871.0,-8094591912.0,4822248622.0,20.05,39.9,234.59,-30.14,47.17,219.3,36.12,62.75,211.57,20.25,183.56,6.88,-64.82
336570,원텍,CFS,139356169625.0,63131057709.0,32163777311.0,52915934795.0,11666685222.0,16283792721.0,53992834178.0,16734885777.0,21799886015.0,99279475767.0,57055511316.0,25802187722.0,115628803094.0,81508860190.0,51062565401.0,46037112504.0,26755362989.0,10414858453.0,38833153900.0,13396160438.0,17013043410.0,39.11,54.38,263.35,23.48,29.33,541.12,65.94,84.49,197.52,41.86,72.07,59.63,156.9
336680,탑런토탈솔루션,,,,,,,,,,,,,,,,,,,,,,,,,,,,,,,,,,,
337930,젝시믹스,CFS,95841774607.0,80787048702.0,68539036319.0,34601317268.0,30918790768.0,34398917861.0,40194156501.0,32892024021.0,42401150674.0,92907274100.0,81331020824.0,68248953718.0,232577084972.0,206887174351.0,157501416023.0,18194216294.0,19253714634.0,14522204807.0,12226713691.0,10128509808.0,7762116906.0,13.16,43.26,276.99,12.45,40.44,261.29,11.37,62.13,199.25,12.42,-5.5,31.36,32.58
338220,뷰노,CFS,14601746030.0,23287496480.0,26745349225.0,11123002353.0,13552617117.0,8466957131.0,17536802020.0,16685812857.0,13014232349.0,5019368554.0,18691886482.0,22591605515.0,13275892081.0,8274530575.0,2247879936.0,-15675806109.0,-15366682625.0,-17812680120.0,-15626719889.0,-15661891105.0,-19555732057.0,-311.33,349.38,131.28,-83.79,89.27,171.83,-86.56,57.61,315.88,60.44,-2.01,268.1,13.73
338840,와이바이오로직스,CFS,21762539998.0,18033782089.0,19844987747.0,5507822354.0,16195420397.0,6208663421.0,6885553284.0,17029482330.0,9803234533.0,23408461012.0,12293166565.0,28441325784.0,3479080759.0,4150557898.0,4847333707.0,-10142692527.0,-18830214970.0,-17364523225.0,-20871053000.0,-18804401066.0,-17070885026.0,-89.16,29.41,395.12,-152.97,138.53,111.35,-60.02,34.47,319.63,-16.18,46.14,-14.37,-8.44
339950,아이비김영,CFS,37694477096.0,24227803212.0,27344939789.0,30481094171.0,30328760640.0,28291698863.0,38133149668.0,39956476494.0,38130100689.0,41960551647.0,35656233380.0,36803733317.0,94698742467.0,86509520445.0,79442494615.0,8935524758.0,3082754489.0,7844870225.0,6652680486.0,-2283897352.0,4006941041.0,15.85,90.88,123.67,-6.41,112.06,79.88,10.89,103.6,96.65,9.47,189.86,8.9,-60.7
340360,다보링크,CFS,33714068165.0,31041582094.0,41854580791.0,20087019405.0,17338323463.0,23310796675.0,20153903465.0,17555076010.0,25278082460.0,16809680073.0,17587466887.0,22007414090.0,75369137413.0,64859341705.0,77545506754.0,-907830665.0,-2938832229.0,295828579.0,-1777785274.0,-6143338897.0,-13452004178.0,-10.58,119.89,167.84,-34.93,99.82,179.03,-61.12,114.86,179.55,16.2,69.11,-16.36,-1093.42
340440,세림B&G,CFS,29720797000.0,25769751585.0,24256978174.0,11704302533.0,14772015717.0,14706446539.0,15549230763.0,16579543159.0,17699418597.0,33053642879.0,29215342319.0,26162142634.0,58245452504.0,52526153669.0,47675469341.0,4298983844.0,2692107814.0,2101378865.0,3811486156.0,2198438365.0,-3097839200.0,11.53,47.04,253.93,7.52,56.75,174.45,-11.84,67.65,164.94,10.89,59.69,10.17,28.11
340450,지씨지놈,,,,,,,,,,,,,,,,,,,,,,,,,,,,,,,,,,,
340570,티앤엘,CFS,72046789776.0,58811713798.0,52408177566.0,11250592149.0,9731422918.0,6996894834.0,12554887185.0,10924859570.0,8220658625.0,129553114080.0,106072409874.0,90089245173.0,115461318940.0,81577391444.0,71895885464.0,30839185026.0,24308838055.0,22327323701.0,27438682343.0,21117565122.0,19584602671.0,21.18,9.69,640.38,19.91,10.3,604.35,21.74,9.13,749.02,41.54,26.86,13.47,8.87
340810,시선AI,CFS,24150593980.0,23484754615.0,23369795180.0,19752471592.0,31256681593.0,27869543346.0,21938675743.0,33111162793.0,28017398526.0,20628537910.0,4070403235.0,8673509533.0,14100761179.0,16807020347.0,12273157014.0,-9771154270.0,-6337998299.0,-4592666803.0,-9628112240.0,-8299242678.0,-1685557985.0,-46.67,106.35,122.27,-203.89,813.46,75.14,-19.43,323.02,83.85,-16.1,-54.17,36.94,-38.0
340930,성원에너텍,CFS,67845088241.0,62302548122.0,64452053570.0,81350995609.0,72074613787.0,40648404260.0,104670482838.0,89961439556.0,42579167360.0,69840197411.0,66041788458.0,46274088373.0,38507805865.0,47468577156.0,29355057248.0,-10108980369.0,-19282004973.0,-5817195175.0,-13224110578.0,22143929999.0,-2361387624.0,-18.93,149.87,83.4,33.53,136.22,86.44,-5.1,92.02,158.56,-18.88,47.57,61.7,-231.47
342870,오아,,,,,,,,,,,,,,,,,,,,,,,,,,,,,,,,,,,
344860,이노진,CFS,15476062223.0,6215981822.0,5065272209.0,1144253727.0,1175272751.0,1176170637.0,1174151834.0,1205076646.0,1262708331.0,16026304345.0,6744403464.0,5405078230.0,10101040486.0,9139386732.0,9385017824.0,1226337763.0,1487584298.0,2398541943.0,1396145148.0,1339325234.0,2257732971.0,8.71,7.33,1352.5,19.86,17.87,528.9,41.77,23.36,430.66,10.52,-17.56,-2.62,-37.98
347000,센코,CFS,31490867219.0,43655909735.0,47591194313.0,23762082140.0,28809429183.0,5681633764.0,27595872033.0,33207786038.0,31099388126.0,42028696921.0,43576166826.0,42199866813.0,33952242199.0,38490343314.0,24947755140.0,2245775452.0,3321460234.0,2389098715.0,-1161720602.0,848454790.0,2874171645.0,-2.76,65.66,132.53,1.95,76.21,151.53,6.81,73.7,837.63,-11.79,-32.39,54.28,39.03
347700,스피어,CFS,9953875084.0,17003308786.0,27166040560.0,8466137061.0,14505248580.0,2323090814.0,10057609647.0,16562624384.0,20226975923.0,8975354607.0,9571359364.0,13058548686.0,3325344082.0,2818919837.0,4634373189.0,-9591751526.0,-5609469055.0,-6037732236.0,,,,,112.06,117.57,,173.04,117.22,,154.89,1169.39,17.97,-70.99,-39.17,7.09
347740,피엔케이피부임상연구센타,CFS,51078785981.0,60359087839.0,44017895255.0,2589924285.0,3084884256.0,3117535322.0,3167700967.0,3732286119.0,4026684552.0,74239464762.0,70807064039.0,63066903471.0,14842604136.0,17957199424.0,17487132739.0,1378893865.0,5640160033.0,6461017244.0,4700385271.0,7130142756.0,7293214278.0,6.33,4.27,1972.21,10.07,5.27,1956.61,11.56,6.38,1411.95,-17.34,-75.55,2.69,-12.7
347770,핌스,CFS,27579010044.0,33010493608.0,29949160770.0,17869816158.0,27731367527.0,19965533795.0,27256837706.0,37365374752.0,29912410777.0,59261386919.0,56674353058.0,58922035293.0,85256117009.0,83806870222.0,67113800410.0,2597066496.0,1116180076.0,7278740713.0,2095313061.0,1188683314.0,7409773179.0,3.54,45.99,154.33,2.1,65.93,119.04,12.58,50.77,150.0,1.73,132.67,24.87,-84.67
347850,디앤디파마텍,,,,,,,,,,,,,,,,,,,,,,,,,,,,,,,,,,,
347860,알체라,CFS,28054542009.0,49851515221.0,67968488163.0,26554737050.0,6928528806.0,3918459406.0,27981825975.0,24544354108.0,58379780733.0,8209804991.0,34502168798.0,16555696398.0,,,,-18520484457.0,-16850508679.0,-11140479077.0,-26776024648.0,-14142547507.0,-13869060865.0,-326.15,340.83,105.65,-40.99,71.14,719.51,-83.77,352.63,1734.57,,-9.91,,-51.25
347890,엠엑스온,CFS,48192450815.0,50299109400.0,44489814357.0,3480253386.0,4846672722.0,5372009657.0,4572149548.0,6257830547.0,8103359540.0,72446439932.0,73007861342.0,65774604798.0,33020955073.0,41682637759.0,39286972303.0,5611354850.0,11661086028.0,11510283039.0,6315801759.0,10485805554.0,10028297231.0,8.72,6.31,1384.74,14.36,8.57,1037.81,15.25,12.32,828.18,-20.78,-51.88,6.1,1.31
348030,모비릭스,CFS,46428221426.0,56654350585.0,58535215151.0,5780164144.0,5796705135.0,4454094703.0,6611246026.0,6653438106.0,6890134092.0,72261887971.0,79828433134.0,73603462598.0,,,,-1524499350.0,5324161544.0,10029995281.0,-4864471317.0,5650834941.0,9944563757.0,-6.73,9.15,803.23,7.08,8.33,977.35,13.51,9.36,1314.19,,-128.63,,-46.92
348080,큐라티스,CFS,14931800078.0,11011536585.0,24986112217.0,16128361065.0,38664469357.0,32720167109.0,31079146259.0,91738899794.0,74169003549.0,36123170444.0,-26840460811.0,8101200564.0,1030058265.0,7524173635.0,1588548000.0,-16931835655.0,-23289127797.0,-16982162050.0,-16989797179.0,-37215747366.0,-19972898730.0,-47.03,86.04,92.58,138.66,-341.79,28.48,-246.54,915.53,76.36,-86.31,27.3,373.65,-37.14
348150,고바이오랩,CFS,75728641624.0,102478146573.0,98618760762.0,21150704128.0,8943561013.0,6840043587.0,52803920782.0,28475043065.0,14696967273.0,61818987825.0,95454890672.0,90588507846.0,33138037063.0,11605576680.0,2893328683.0,-18458047336.0,-20291548073.0,-16337359251.0,-15157847947.0,-23385891159.0,-15381915763.0,-24.52,85.42,358.04,-24.5,29.83,1145.83,-16.98,16.22,1441.79,185.54,9.04,301.12,-24.2
348210,넥스틴,CFS,78769918264.0,99713358310.0,59559552194.0,14485303158.0,20210449478.0,9528614723.0,15952635677.0,21553973431.0,10352003267.0,127009095062.0,99637662260.0,65627575729.0,87930571023.0,114942873898.0,57108751854.0,36165536410.0,56503520126.0,22064316158.0,30933600268.0,43409750571.0,18074794225.0,24.36,12.56,543.79,43.57,21.63,493.38,27.54,15.77,625.06,-23.5,-35.99,101.27,156.09
348340,뉴로메카,CFS,55823536288.0,39353412242.0,22075151669.0,50800674000.0,4021921416.0,8478983191.0,71664638731.0,4103488046.0,8768972688.0,24056338423.0,39726633404.0,15564938392.0,13742971105.0,9754641463.0,7351258055.0,-14825326473.0,-7798121485.0,-3008891108.0,-17653500201.0,-8200588555.0,-6594270826.0,-73.38,297.9,109.89,-20.64,10.33,978.47,-42.37,56.34,260.35,40.89,-90.11,32.69,-159.17
348350,위드텍,CFS,89008977347.0,117509697700.0,102178966396.0,20672786560.0,37812924135.0,25220694214.0,20875531620.0,38010409804.0,25936753033.0,115189545341.0,109558778382.0,99348676227.0,49561291840.0,72605947195.0,68307379198.0,2424570894.0,14458737929.0,8815228745.0,6331922425.0,12245350422.0,10894260628.0,5.5,18.12,430.56,11.18,34.69,310.77,10.97,26.11,405.14,-31.74,-83.23,6.29,64.02
348370,엔켐,CFS,282567474853.0,342244958334.0,242074060924.0,537373471253.0,250972696958.0,140020563806.0,596798952591.0,386892153320.0,190817469808.0,290080340181.0,293357352469.0,216603320482.0,424691399327.0,509792825335.0,214329713630.0,5120718637.0,15362754193.0,-25966629584.0,-49229039100.0,21805168839.0,-19466739944.0,-16.97,205.74,52.58,7.43,131.88,136.37,-8.99,88.1,172.88,-16.69,-66.67,137.85,159.16
351320,넥사다이내믹스,CFS,18334797360.0,26844373684.0,32732800883.0,11889361311.0,11987696073.0,15396077945.0,20834362034.0,21225788607.0,27385365689.0,21806319252.0,29424767190.0,28940604788.0,16178824956.0,32943720401.0,37855500675.0,-8559622625.0,-158617123.0,1751298242.0,-7432903278.0,-182227295.0,-7001511300.0,-34.09,95.54,154.21,-0.62,72.14,223.93,-24.19,94.63,212.6,-50.89,-5296.41,-12.98,-109.06
351330,이삭엔지니어링,CFS,55305602655.0,51561748481.0,36279750552.0,26978880200.0,21914635485.0,10772707716.0,27217241788.0,22073299175.0,10933064754.0,48021094869.0,47890617495.0,44936041093.0,100515237200.0,59678363357.0,43047122495.0,134144976.0,2359014965.0,-3386946324.0,-462680769.0,2072307223.0,-4583022756.0,-0.96,56.68,205.0,4.33,46.09,235.28,-10.2,24.33,336.77,68.43,-94.31,38.63,169.65
351870,차이커뮤니케이션,,,,,,,,,,,,,,,,,,,,,,,,,,,,,,,,,,,
352090,스톰테크,CFS,74422084889.0,28903859511.0,19139348652.0,14623718831.0,15649397042.0,6343196821.0,14869668186.0,15969168558.0,16221429341.0,81865476368.0,35507702605.0,25857274359.0,55161763218.0,51030670723.0,47983837110.0,11654525617.0,11804290232.0,10525678883.0,9766189478.0,9581624800.0,8660958370.0,11.93,18.16,508.91,26.98,44.97,184.7,33.5,62.73,301.73,8.1,-1.27,6.35,12.15
352480,씨앤씨인터내셔널,CFS,156646728856.0,101889958594.0,81647454818.0,54325583569.0,42648864550.0,38638575051.0,83389082142.0,44766027445.0,41822796722.0,172587237085.0,134184641726.0,117909005339.0,220327417089.0,130605728419.0,91293592207.0,32089995970.0,17452497154.0,2252228927.0,31413709186.0,16459825510.0,-5910400885.0,18.2,48.32,288.35,12.27,33.36,238.9,-5.01,35.47,211.31,68.7,83.87,43.06,674.9
352700,씨앤투스,CFS,74340742455.0,89342893956.0,131101640618.0,7470833876.0,16990105872.0,33884255657.0,8646854947.0,18105815461.0,35989021127.0,162675594677.0,166410351688.0,161657567121.0,78037214136.0,141584468647.0,170875361674.0,-744270435.0,26718958897.0,56317057971.0,3307187799.0,19460334914.0,46300284815.0,2.03,5.32,995.08,11.69,10.88,525.85,28.64,22.26,386.91,-44.88,-102.79,-17.14,-52.56
352770,셀레스트라,CFS,18198952511.0,52095097250.0,74425019082.0,24282036993.0,36680992466.0,39221914801.0,35486932434.0,43907208526.0,43973663650.0,38996986016.0,53196755127.0,58613749170.0,11407673306.0,23083152245.0,55426003735.0,-34587921703.0,-10783594785.0,22924005862.0,-42399154898.0,-10234416346.0,15852874678.0,-108.72,91.0,74.95,-19.24,82.54,142.02,27.05,75.02,189.75,-50.58,-220.75,-58.35,-147.04
352910,오비고,CFS,35414007954.0,35424502385.0,30954494258.0,2036578595.0,2271930068.0,3238092242.0,4210667725.0,4181636749.0,7162118916.0,36789220085.0,35037679222.0,27649442603.0,15073316970.0,11004454445.0,6493002913.0,-536638038.0,-2816572708.0,-6258792326.0,399387070.0,-2605213489.0,-5928347276.0,1.09,11.45,1738.9,-7.44,11.93,1559.23,-21.44,25.9,955.95,36.97,80.95,69.48,55.0
352940,인바이오,CFS,46568724570.0,68054744919.0,70714726340.0,25067186144.0,39046743089.0,38242291395.0,25592459886.0,40871129634.0,40689448613.0,40726109951.0,46488480250.0,49915291911.0,34024284250.0,34239810603.0,33466014504.0,-3353973081.0,-4777387945.0,1121783861.0,-6300317766.0,-3444682193.0,5245048615.0,-15.47,62.84,185.78,-7.41,87.92,174.29,10.51,81.52,184.91,-0.63,29.79,2.31,-525.87
353190,휴럼,CFS,39104677596.0,33038954849.0,32598243510.0,26729434637.0,20272466716.0,8750506186.0,34689794342.0,22975936750.0,11469328436.0,41285955731.0,36145708321.0,34829862625.0,88406989389.0,66911197596.0,69077004663.0,3755250074.0,-1697369589.0,1263941163.0,4210032043.0,-1136849298.0,-7271128447.0,10.2,84.02,146.3,-3.15,63.56,162.97,-20.88,32.93,372.53,32.13,321.24,-3.14,-234.29
353590,오토앤,CFS,50372908614.0,40006506859.0,27321318292.0,33473605817.0,21750000996.0,18677269584.0,36278330772.0,25486171179.0,24137888661.0,28934630101.0,30084148699.0,16365295270.0,60355291297.0,47843108270.0,50341205173.0,-2802719329.0,-3811304107.0,2940244567.0,-1115481110.0,-2411682822.0,1751278354.0,-3.86,125.38,150.49,-8.02,84.72,183.94,10.7,147.49,146.28,26.15,26.46,-4.96,-229.63
353810,이지바이오,CFS,119570924530.0,107326896495.0,65259234539.0,71918844502.0,85067297629.0,63609169288.0,105868718730.0,104999290600.0,72279366692.0,66172834442.0,52811116485.0,45414394017.0,165385090893.0,155557100437.0,129457805008.0,20631216305.0,16153075579.0,16779466342.0,16101039239.0,9347351033.0,10842067754.0,24.33,159.99,166.26,17.7,198.82,126.17,23.87,159.16,102.59,6.32,27.72,20.16,-3.73
354200,엔젠바이오,CFS,27021478064.0,43072428011.0,27373892269.0,23816078331.0,29000716804.0,8054810390.0,26048160308.0,30837407862.0,9869483038.0,16234121063.0,25326935662.0,33997744102.0,4350873259.0,11017557145.0,7163197293.0,-13425114412.0,-8599416061.0,-8731828142.0,-12859744651.0,-9839397403.0,-8431082032.0,-79.21,160.45,113.46,-38.85,121.76,148.52,-24.8,29.03,339.85,-60.51,-56.12,53.81,1.52
354320,알멕,CFS,155072149327.0,138309168279.0,50711642153.0,64346415532.0,91314889514.0,58342357907.0,151295305026.0,156654240366.0,88060222815.0,146933092457.0,76901108341.0,39268617258.0,216024728022.0,156754943320.0,82818902299.0,15852555850.0,11276436299.0,-6835936766.0,-6631364894.0,5479090840.0,-13549178901.0,-4.51,102.97,241.0,7.12,203.71,151.46,-34.5,224.25,86.92,37.81,40.58,89.27,264.96
355150,코스텍시스,CFS,15006261427.0,12733332141.0,,1352599417.0,11863748449.0,,11931178966.0,25883443964.0,,25858710986.0,9434907230.0,,11549322439.0,25351771685.0,,-1319886004.0,3574464219.0,,-11379417475.0,-1079268744.0,,-44.01,46.14,1109.44,-11.44,274.34,107.33,,,,-54.44,-136.93,,
355390,크라우드웍스,CFS,35885865010.0,16136898861.0,14783881440.0,26311539073.0,13010685756.0,41425230598.0,28148510245.0,15024327534.0,51388790122.0,14712478867.0,4795865838.0,-31983931109.0,23978460238.0,11896419674.0,8685790201.0,-1785822511.0,-6308534457.0,-5318296848.0,-9573266039.0,-13438673827.0,-24725655060.0,-65.07,191.32,136.39,-280.21,313.28,124.03,77.31,-160.67,35.69,101.56,71.69,36.96,-18.62
355690,에이텀,,,,,,,,,,,,,,,,,,,,,,,,,,,,,,,,,,,
356680,엑스게이트,CFS,38658557042.0,29174944221.0,26655311022.0,7931170194.0,10475982618.0,12330384946.0,9610492157.0,12134380786.0,14204083672.0,40385096419.0,22572964744.0,17419470919.0,42820685714.0,38299253515.0,31101319494.0,4102235426.0,5417930052.0,3880194013.0,294783793.0,4578999440.0,3437661101.0,0.73,23.8,487.43,20.29,53.76,278.49,19.73,81.54,216.18,11.81,-24.28,23.14,39.63
356860,티엘비,CFS,67509549420.0,78336674491.0,54447247010.0,35364392454.0,28653241932.0,28024483758.0,62314385129.0,52606751208.0,41763829007.0,110236786201.0,112315916682.0,83229715800.0,171306693402.0,221548161366.0,178099830441.0,3044962734.0,38464449640.0,13380291271.0,2509494867.0,30548453451.0,12407283950.0,2.28,56.53,190.9,27.2,46.84,273.4,14.91,50.18,194.28,-22.68,-92.08,24.4,187.47
356890,싸이버원,CFS,26127825789.0,23118493320.0,22863656575.0,5651923621.0,3846174218.0,3268692825.0,5858776005.0,3895933970.0,3311972246.0,38643780207.0,28729917724.0,26845584870.0,24675744970.0,22753888786.0,22185766040.0,1276134767.0,1868663188.0,1690299644.0,2433817647.0,2087240063.0,1973891113.0,6.3,15.16,462.28,7.27,13.56,601.08,7.35,12.34,699.47,8.45,-31.71,2.56,10.55
357230,에이치피오,CFS,94063902856.0,90512523477.0,90623137179.0,45100825516.0,17855250814.0,19757287434.0,49193464049.0,20756426297.0,24175479033.0,166328300394.0,161647916509.0,156323243808.0,232025910017.0,195978389205.0,159434998431.0,22059569867.0,17475680841.0,22840949360.0,19076115306.0,14460551224.0,19102462386.0,11.47,29.58,208.56,8.95,12.84,506.92,12.22,15.47,458.68,18.39,26.23,22.92,-23.49
357550,석경에이티,CFS,21435994802.0,16312256690.0,14929464858.0,1876159677.0,1845613431.0,1547891426.0,4175165618.0,3573956415.0,2776641068.0,36038751123.0,29713218324.0,23811927388.0,12196671042.0,12345756305.0,9059662646.0,3501622974.0,4708072873.0,2904485084.0,3451233999.0,4292737114.0,3102371162.0,9.58,11.59,1142.55,14.45,12.03,883.84,13.03,11.66,964.5,-1.21,-25.63,36.27,62.1
357580,아모센스,CFS,71146628647.0,56433996672.0,45334404802.0,65449985751.0,28020232226.0,33296712213.0,74719119928.0,53179263639.0,42325938580.0,36445242723.0,37616576305.0,33882677396.0,87453532398.0,63013530325.0,56759468520.0,796067214.0,852102867.0,-3143827978.0,-1422864416.0,-905284103.0,-7414501926.0,-3.9,205.02,108.7,-2.41,141.37,201.4,-21.88,124.92,136.15,38.79,-6.58,11.02,127.1
357780,솔브레인,CFS,345056035617.0,458877300878.0,438576236890.0,71113528112.0,127596015859.0,173146367164.0,76620708886.0,135667905528.0,177761363486.0,918822162392.0,799239312030.0,652185173671.0,844029122465.0,1090867446512.0,1023913370455.0,133488376256.0,207050667237.0,188840618249.0,130955384417.0,167672934020.0,152220791940.0,14.25,8.34,485.22,20.98,16.97,359.63,23.34,27.26,253.3,-22.63,-35.53,6.54,9.64
357880,SKAI,CFS,26788186511.0,40506089896.0,29878812380.0,40566237352.0,4320005965.0,1419051490.0,42443145364.0,37313020566.0,1836174019.0,17726898575.0,34786187044.0,33408493086.0,,,,-13292681427.0,1620879293.0,1182836785.0,-17105422489.0,-528858705.0,1165301276.0,-96.49,239.43,66.04,-1.52,107.26,937.64,3.49,5.5,2105.55,,-920.09,,37.03
358570,지아이이노베이션,CFS,48194736136.0,72861876745.0,134197178017.0,5795635946.0,6631551123.0,5242555202.0,9636200844.0,10688441686.0,9436771701.0,71704011142.0,95646210423.0,170430813984.0,,,,-53304560672.0,-67952023588.0,-30632085805.0,-55495299098.0,-79833059383.0,-150741996120.0,-77.39,13.44,831.57,-83.47,11.17,1098.72,-88.45,5.54,2559.77,,21.56,,-121.83
359090,씨엔알리서치,CFS,36522022464.0,29318757248.0,35771457542.0,31555141796.0,30815374902.0,36680849759.0,35354214000.0,34451007736.0,40801070079.0,42493554012.0,36055578672.0,30470710099.0,55102004323.0,48473173571.0,43171233227.0,6232524670.0,4799911007.0,5813414468.0,5559959413.0,3927564244.0,-3304080802.0,13.08,83.2,115.74,10.89,95.55,95.14,-10.84,133.9,97.52,13.68,29.85,12.28,-17.43
360070,탑머티리얼,CFS,160399736749.0,97987007499.0,19727975738.0,11549057990.0,24472072582.0,3712483560.0,47661067852.0,25065120829.0,5739256825.0,155585835429.0,96334473636.0,26203204740.0,122198212216.0,63019955083.0,31904393468.0,13789507906.0,11772052136.0,4819978654.0,17572091128.0,10555712706.0,4284440902.0,11.29,30.63,1388.86,10.96,26.02,400.4,16.35,21.9,531.4,93.9,17.14,97.53,144.23
360350,코셈,CFS,13594001652.0,11728930670.0,8948190564.0,2827010211.0,2154569009.0,1425576238.0,3349849232.0,3362721493.0,2459262453.0,12761083491.0,10714849043.0,8860582604.0,13729282775.0,12525421460.0,9489715273.0,1501966865.0,1780218249.0,153629506.0,1684026449.0,1715629165.0,495615648.0,13.2,26.25,480.86,16.01,31.38,544.37,5.59,27.76,627.69,9.61,-15.63,31.99,1058.77
361390,제노코,CFS,39740946457.0,36570993760.0,37099490988.0,27903782959.0,24877889785.0,21150885924.0,31410243198.0,29534680770.0,31930862517.0,34840308520.0,33814471591.0,31205864209.0,55112129394.0,50704825056.0,45639344424.0,1151079040.0,3151122885.0,4284777299.0,1654812600.0,2715633173.0,5843873560.0,4.75,90.15,142.42,8.03,87.34,147.0,18.73,102.32,175.4,8.69,-63.47,11.1,-26.46
361570,알비더블유,CFS,58582799718.0,51091092995.0,41127047402.0,82322060362.0,41739766684.0,40817735726.0,96166871900.0,56090682891.0,46295607232.0,85853377557.0,88737325763.0,55452228199.0,91434324727.0,63086449910.0,59620243030.0,-2247765168.0,2815259566.0,9577730579.0,-5537504670.0,1114161495.0,7644786835.0,-6.45,112.01,71.16,1.26,63.21,122.4,13.79,83.49,100.76,44.93,-179.84,5.81,-70.61
361670,삼영에스앤씨,CFS,21507718665.0,24614501716.0,24469425423.0,1835109995.0,2231632816.0,1874996497.0,3049588664.0,3173408378.0,3063701515.0,23205712947.0,25183288297.0,26053654212.0,11647345784.0,13637666082.0,12525690131.0,-3538918071.0,-1274639116.0,-581693883.0,-2758500280.0,-1026372565.0,-1444782873.0,-11.89,13.14,1172.01,-4.08,12.6,1102.98,-5.55,11.76,1305.04,-14.59,-177.64,8.88,-119.13
362320,청담글로벌,CFS,98994395748.0,82781550495.0,37945433054.0,47651694525.0,25780422434.0,9284426321.0,48712205334.0,31541830302.0,20895880206.0,65478755536.0,66689705145.0,27050606835.0,237778587521.0,216298480050.0,,5736203424.0,7698892910.0,,-1940061300.0,4664529941.0,,-2.96,74.39,207.75,6.99,47.3,321.1,,77.25,408.7,9.93,-25.49,,
362990,드림인사이트,CFS,22349094783.0,16025729038.0,13510996433.0,9862284537.0,8045254753.0,8293123955.0,12507047969.0,10961877253.0,9752474992.0,22748925650.0,18303728281.0,14018742587.0,,,,4079032132.0,3458098067.0,3628350594.0,4015675111.0,3479694428.0,3305780007.0,17.65,54.98,226.61,19.01,59.89,199.19,23.58,69.57,162.92,,17.96,,-4.69
363250,진시스템,CFS,21039270683.0,30462460250.0,41514134207.0,2431597517.0,1965975105.0,2643912894.0,8244358773.0,6072662502.0,6572411917.0,30683631792.0,35110441148.0,44085191565.0,897027724.0,3653063417.0,13236859527.0,-9484494700.0,-6604820388.0,2266167290.0,-8059011085.0,-8996173934.0,3551441676.0,-26.26,26.87,865.24,-25.62,17.3,1549.48,8.06,14.91,1570.18,-75.44,-43.6,-72.4,-391.45
363260,모비데이즈,CFS,74184483009.0,73943477371.0,62654845176.0,61356712763.0,45221227430.0,41010161350.0,63092374224.0,45264912626.0,42409737240.0,48961689476.0,40048516630.0,22537249047.0,23890581882.0,16050403622.0,18685209817.0,-1902922259.0,4586103471.0,10013859086.0,-914779751.0,-6668066162.0,7812305506.0,-1.87,128.86,120.91,-16.65,113.03,163.51,34.66,188.18,152.78,48.85,-141.49,-14.1,-54.2
364950,에이아이코리아,,,,,,,,,,,,,,,,,,,,,,,,,,,,,,,,,,,
365270,큐라클,CFS,44473449606.0,33406557981.0,46522184069.0,10196545273.0,1370678057.0,2384440244.0,27918956649.0,9486745731.0,10512591898.0,41863176325.0,46170726976.0,55016752996.0,10294390768.0,3582858972.0,6254952500.0,-10508110228.0,-11982211458.0,-6869595181.0,-11585769153.0,-11405592529.0,-6677788863.0,-27.68,66.69,436.16,-24.7,20.55,2437.23,-12.14,19.11,1951.07,187.32,12.3,-42.72,-74.42
365330,에스와이스틸텍,CFS,58318356591.0,35522352992.0,28450866889.0,23042114237.0,25791574113.0,19238361106.0,33715330018.0,30171889603.0,26980394697.0,46233163956.0,22317538073.0,16442480493.0,119756583109.0,100050838794.0,67332006578.0,14600825047.0,8333440685.0,1140243099.0,10819988624.0,5930478364.0,668088159.0,23.4,72.92,253.09,26.57,135.19,137.73,4.06,164.09,147.89,19.7,75.21,48.59,630.85
365340,성일하이텍,CFS,145951587112.0,215337850540.0,75651465161.0,120435283164.0,88672931328.0,56550752290.0,250938123919.0,129315239965.0,90349518559.0,324130293226.0,291232642306.0,109244815172.0,247367786854.0,269895520527.0,147254085793.0,-8338433228.0,48313488557.0,16857980082.0,25234062513.0,39143961950.0,-8773646169.0,7.79,77.42,121.19,13.44,44.4,242.85,-8.03,82.7,133.78,-8.35,-117.26,83.29,186.59
365590,하이딥,CFS,19309258669.0,32254856894.0,9844757592.0,10349849820.0,6318237582.0,6210202964.0,10686983241.0,19939227676.0,6435245668.0,15401609147.0,18207155178.0,8189574664.0,10483522724.0,18145498845.0,13308886979.0,-8614527090.0,-2271588709.0,-3762469306.0,-9377440990.0,-6982900895.0,-4446061591.0,-60.89,69.39,186.57,-38.35,109.51,510.5,-54.29,78.58,158.53,-42.23,-279.23,36.34,39.63
365660,레몬헬스케어,,,,,,,,,,,,,,,,,,,,,,,,,,,,,,,,,,,
365900,브이씨,CFS,29355565802.0,35997173968.0,27725402436.0,25357477358.0,39897579453.0,8147367537.0,48908123343.0,46536187295.0,26542413097.0,37991243448.0,49507188240.0,32581105004.0,37224393565.0,54343550635.0,53670328596.0,-11622553173.0,1270030161.0,8418628333.0,-12639332953.0,1274463534.0,7045175802.0,-33.27,128.74,115.77,2.57,94.0,90.22,21.62,81.47,340.3,-31.5,-1015.14,1.25,-84.91
366030,나인앤컴퍼니,CFS,53334762146.0,47473058254.0,18641112059.0,3133887459.0,3739388902.0,4037812695.0,3408479896.0,3900734490.0,4431994669.0,66168082478.0,59297313004.0,27118796156.0,53009477352.0,58686880114.0,47319807509.0,10512863283.0,12661735582.0,10327067405.0,10055763184.0,11327935561.0,8764032889.0,15.2,5.15,1701.87,19.1,6.58,1269.54,32.32,16.34,461.66,-9.67,-16.97,24.02,22.61
367000,플래티어,CFS,28107226095.0,35559145195.0,40997414269.0,9972016871.0,8462423039.0,7610389474.0,11228183360.0,9393083947.0,8715918196.0,42384228487.0,47118013154.0,43509492739.0,33291839469.0,49957146722.0,41893366448.0,-4541180978.0,3184748987.0,4143172785.0,-3235554655.0,3964859321.0,4173644665.0,-7.63,26.49,281.86,8.41,19.94,420.2,9.59,20.03,538.7,-33.36,-242.59,19.25,-23.13
368600,아이씨에이치,CFS,35601404556.0,37185664026.0,25740113648.0,35860340294.0,9336820765.0,12169868206.0,64918811248.0,18187289096.0,19915664837.0,54534593049.0,64115257236.0,35569717294.0,43192695143.0,22820911963.0,38439590732.0,-10061095197.0,-7640252962.0,9452358045.0,-10646114847.0,-6437494530.0,9689371304.0,-19.52,119.04,99.28,-10.04,28.37,398.27,27.24,55.99,211.51,89.27,-31.69,-40.63,-180.83
368770,파이버프로,CFS,25148149073.0,27697610639.0,17794186280.0,4256726782.0,6070321780.0,5612303018.0,8694054973.0,10579087127.0,7919618709.0,32009954201.0,29123290283.0,16465521783.0,19386431576.0,18829443327.0,14693555720.0,2616602601.0,3418167444.0,2559277569.0,2851494746.0,-1731270003.0,2677512366.0,8.91,27.16,590.79,-5.94,36.33,456.28,16.26,48.1,317.06,2.96,-23.45,28.15,33.56
368970,오에스피,CFS,29603904851.0,24449334374.0,12874330521.0,16928388948.0,2554546361.0,3460862964.0,27063322459.0,2770704550.0,3600665546.0,44324858587.0,34650759721.0,14895070915.0,35169415925.0,16800325318.0,15694537506.0,2043258903.0,1093401408.0,2803559295.0,128423183.0,1101244202.0,2876300262.0,0.29,61.06,174.88,3.18,8.0,957.09,19.31,24.17,372.0,109.34,86.87,7.05,-61.0
369370,블리츠웨이엔터테인먼트,CFS,12044987921.0,19006510577.0,19069344993.0,3151812184.0,8976615964.0,3006371629.0,15502537947.0,11645965720.0,4254460295.0,28096214484.0,38270292802.0,16303228820.0,,,,-8087740075.0,-3643136406.0,3062840559.0,-10041181452.0,-3505245600.0,-11035681507.0,-35.74,55.18,382.16,-9.16,30.43,211.73,-67.69,26.1,634.3,,-122.0,,-218.95
370090,퓨런티어,CFS,50774185645.0,43063907126.0,13423624063.0,10619702570.0,9954137644.0,4316839048.0,11051663326.0,10615072634.0,4827413639.0,49025312462.0,38454077095.0,12784208924.0,46546986730.0,26904546553.0,22171955626.0,7162414199.0,1632417729.0,1219719702.0,7523544559.0,1981826045.0,2641796041.0,15.35,22.54,478.11,5.15,27.6,432.62,20.66,37.76,310.96,73.01,338.76,21.34,33.84
371950,풍원정밀,CFS,23194834340.0,33965938832.0,17924191129.0,30902970319.0,23435364472.0,31735715314.0,45123137173.0,28490128710.0,37670630796.0,57696814035.0,79747931501.0,28662354202.0,43054017785.0,44913983313.0,41953096064.0,-21932415342.0,751345764.0,3062481905.0,-21842154341.0,6536120970.0,2842457200.0,-37.86,78.21,75.06,8.2,35.73,144.93,9.92,131.43,56.48,-4.14,-3019.08,7.06,-75.47
372170,윤성에프앤씨,CFS,264251004697.0,216281623966.0,94000233845.0,163506429215.0,122707255967.0,98732083222.0,184730828438.0,139816654930.0,115821807379.0,161189665745.0,137753214067.0,32412058087.0,312881434759.0,210275586398.0,75893659657.0,26473951396.0,32072532646.0,-4608545579.0,24520766226.0,24762677390.0,-2915367338.0,15.21,114.6,161.62,17.98,101.5,176.26,-8.99,357.34,95.21,48.8,-17.46,177.07,795.94
372320,큐로셀,CFS,42786879396.0,41397339762.0,64160688021.0,3270411791.0,106647939125.0,84837424371.0,45869845467.0,135585619203.0,94399141107.0,,,,0.0,0.0,0.0,-31129752767.0,-21424611321.0,-15286512079.0,-29574854320.0,-38885125426.0,-53575668634.0,,,1308.3,,,38.82,,,75.63,,-45.3,,-40.15
372800,아이티아이즈,CFS,36637649841.0,30586912525.0,42301577703.0,30547881981.0,16018017066.0,14199861381.0,30918151118.0,16539183020.0,19044594427.0,17241597577.0,25132161572.0,30096491889.0,74949243889.0,54571511944.0,66921953542.0,-6388091963.0,-11335106806.0,-2523341783.0,-7097958534.0,-10008315681.0,-2609707370.0,-41.17,179.32,119.94,-39.82,65.81,190.95,-8.67,63.28,297.9,37.34,43.64,-18.45,-349.21
373110,엑셀세라퓨틱스,CFS,4421004659.0,7215827207.0,15424514754.0,5442542057.0,5187180000.0,5257698408.0,8084749091.0,7025620615.0,7476996595.0,2383503588.0,8483478553.0,16224812142.0,1123898370.0,1020034637.0,1966288570.0,-8705835094.0,-8298882838.0,-5705048045.0,-9280501109.0,-8342307927.0,-9038423420.0,-389.36,339.2,81.23,-98.34,82.82,139.11,-55.71,46.08,293.37,10.18,-4.9,-48.12,-45.47
373160,데이원컴퍼니,,,,,,,,,,,,,,,,,,,,,,,,,,,,,,,,,,,
373170,엠아이큐브솔루션,CFS,27685463163.0,9875743635.0,7089051231.0,5184400020.0,5280007846.0,4639900061.0,6798291694.0,6175003153.0,5560639590.0,23071223820.0,5179303749.0,2352200304.0,24152183801.0,22295174113.0,17039669291.0,1756064734.0,2826779084.0,379731475.0,2498542535.0,2789877553.0,498977946.0,10.83,29.47,534.01,53.87,119.22,187.04,21.21,236.4,152.78,8.33,-37.88,30.84,644.42
373200,엑스플러스,CFS,8739585515.0,5854904184.0,7473583348.0,7087306553.0,14724743127.0,2168395198.0,27872054450.0,14724743127.0,2192278058.0,5014599333.0,14511048040.0,7456009472.0,9776117626.0,15955888874.0,14102810360.0,-3703454492.0,750125662.0,2829706117.0,-8552100362.0,-4520072267.0,2305254090.0,-170.54,555.82,123.31,-31.15,101.47,39.76,30.92,29.4,344.66,-38.73,-593.71,13.14,-73.49
376180,피코그램,CFS,39398957268.0,23695426319.0,21410562926.0,13699621767.0,20243747160.0,22797801665.0,33069972590.0,20307763273.0,22966337269.0,35832397320.0,31276243816.0,27278060243.0,27708930019.0,29215510616.0,26431821057.0,1525783534.0,3489034140.0,3251576910.0,4454534539.0,3204593197.0,2511514028.0,12.43,92.29,287.59,10.25,64.93,117.05,9.21,84.19,93.92,-5.16,-56.27,10.53,7.3
376270,HEM파마,CFS,10963278194.0,22964452853.0,15722150873.0,8610160542.0,13504346182.0,1462489024.0,10446763221.0,14600018430.0,5726706757.0,17377005192.0,20234750715.0,21280587657.0,5344041000.0,3667932078.0,1857259307.0,-11761259820.0,-13242833549.0,-10954767890.0,-11666505260.0,-13008896040.0,-10919143576.0,-67.14,60.12,127.33,-64.29,72.15,170.05,-51.31,26.91,1075.03,45.7,11.19,97.49,-20.89
376290,씨유테크,CFS,112989051305.0,108291182075.0,111835579218.0,35588233313.0,34063269886.0,28636904334.0,43805022302.0,43178535582.0,35296499651.0,100525446384.0,101155167879.0,101496525785.0,172928955346.0,216440887837.0,263845323563.0,2171604116.0,4603329633.0,19896187024.0,918638875.0,3816787591.0,15305635633.0,0.91,43.58,317.49,3.77,42.69,317.91,15.08,34.78,390.53,-20.1,-52.83,-17.97,-76.86
376300,디어유,CFS,147354844557.0,134888840345.0,106042325349.0,16856358234.0,11048726578.0,9256568608.0,21099366603.0,11315793470.0,9980346570.0,169513453417.0,141225482684.0,123575636925.0,75691871495.0,49193860961.0,40000767156.0,28625832888.0,16285613589.0,13240793052.0,26189623258.0,16396183704.0,-25232229502.0,15.45,12.45,874.18,11.61,8.01,1220.85,-20.42,8.08,1145.59,53.86,75.77,22.98,23.0
376900,로킷헬스케어,CFS,6357798277.0,10630365725.0,10883396930.0,84374034633.0,109508391900.0,110947231292.0,86936522599.0,111658662256.0,118643535030.0,-78458254859.0,-97478689874.0,-103575810262.0,12417565750.0,9150881513.0,6740674713.0,-7377752929.0,-13878248399.0,-17302264767.0,16626871873.0,1857113998.0,-56392771233.0,-21.19,-110.81,7.54,-1.91,-114.55,9.71,54.45,-114.55,9.81,35.7,46.84,35.76,19.79
376930,노을,CFS,25163920441.0,14073321069.0,12866481006.0,4153764127.0,6462172578.0,13343727569.0,12587912581.0,14455726407.0,18104108143.0,42988949230.0,11395687742.0,1857013603.0,2733841254.0,541878769.0,,-16138745065.0,-15632236504.0,,-16321080150.0,-13680015268.0,,-37.97,29.28,605.81,-120.05,126.85,217.78,,974.9,96.42,404.51,-3.24,,
376980,원티드랩,CFS,30335872856.0,41276165261.0,38893058836.0,6196055603.0,7914883113.0,6147075341.0,12161732555.0,13924466708.0,12611964243.0,34824150155.0,42970742821.0,33097441724.0,,,,1573389396.0,8947526886.0,6069976846.0,1404464810.0,9404086617.0,3012514088.0,4.03,34.92,489.6,21.88,32.4,521.5,9.1,38.11,632.71,,-82.42,,47.41
377030,비트맥스,CFS,39595632835.0,60971720079.0,15382595419.0,24056323355.0,27190435707.0,1798555221.0,26118120019.0,28924441702.0,3026881077.0,25518079708.0,37989913659.0,15532666129.0,1765567201.0,2896359385.0,2367271535.0,-16524564320.0,-10772604434.0,-4298237817.0,-13230849857.0,-14999452348.0,-4319347439.0,-51.85,102.35,164.6,-39.48,76.14,224.24,-27.81,19.49,855.28,-39.04,-53.39,22.35,-150.63
377220,프롬바이오,CFS,37653319953.0,53560309629.0,71716622145.0,21906336237.0,6427610086.0,11645574575.0,22194424032.0,6810612393.0,11986999102.0,75169237253.0,87012887135.0,84427433356.0,66723974526.0,99330395890.0,135103272421.0,-15420429088.0,897017858.0,11423706218.0,-11609207598.0,1318014410.0,11282100676.0,-15.44,29.53,171.88,1.51,7.83,833.28,13.36,14.2,615.83,-32.83,-1819.08,-26.48,-92.15
377330,이지트로닉스,CFS,36100557062.0,43947664999.0,18631072354.0,8057701186.0,5078820382.0,11254397545.0,11454087669.0,9276615184.0,16420948872.0,55922179027.0,60767208342.0,19877871921.0,35198119912.0,21609028786.0,17747807445.0,-3961876831.0,-2975341670.0,-30234973.0,-2840563606.0,-2308228261.0,93752721.0,-5.08,20.48,448.03,-3.8,15.27,865.31,0.47,82.61,165.54,62.89,-33.16,21.76,-9740.73
377450,리파인,CFS,139111576346.0,120835389474.0,136949590003.0,13459293924.0,11076279885.0,9548185581.0,14286405827.0,12794391968.0,12296368902.0,158639446589.0,139412413096.0,134865235679.0,,,,22552141363.0,17938589452.0,21005532771.0,21682528512.0,17684668973.0,16881173416.0,13.67,9.01,1033.57,12.69,9.18,1090.94,12.52,9.12,1434.3,,25.72,,-14.6
377460,큐에이드,CFS,46553698155.0,245175306505.0,151432536709.0,165420075146.0,132450076529.0,160500526507.0,202190055371.0,184434797197.0,181155887992.0,78749665070.0,208332218370.0,98873983058.0,274309385444.0,439461730494.0,486454667882.0,-106090906757.0,22261045183.0,34435723653.0,-123596364831.0,15846187670.0,24919142327.0,-156.95,256.75,28.14,7.61,88.53,185.11,25.2,183.22,94.35,-37.58,-576.58,-9.66,-35.35
377480,마음AI,CFS,23860022264.0,13660450451.0,22233202438.0,1724816830.0,11103291511.0,2504550061.0,35568979690.0,12212469544.0,5572595247.0,20056198421.0,25576054722.0,29812352392.0,10223567292.0,8243676344.0,6978977980.0,-3856539651.0,-5470640452.0,-6760861233.0,-5555549863.0,-4763870752.0,1478840573.0,-27.7,177.35,1383.34,-18.63,47.75,123.03,4.96,18.69,887.71,24.02,29.5,18.12,19.08
378340,필에너지,CFS,196160620640.0,120088812961.0,88133698056.0,110609035013.0,79067397424.0,59230564234.0,121237352675.0,115643983865.0,76345065586.0,128612259218.0,24550864263.0,20342944903.0,196715168088.0,189709754189.0,165151962097.0,15311910704.0,16812053025.0,7361255462.0,-6416727169.0,3723210924.0,5719127519.0,-4.99,94.27,177.35,15.17,471.04,151.88,28.11,375.29,148.8,3.69,-8.92,14.87,128.39
378800,샤페론,CFS,21648684913.0,33732076989.0,25452253254.0,3261452851.0,3876376109.0,1218093326.0,6012496717.0,5871485238.0,2626023695.0,18996105571.0,29279774754.0,24399428472.0,,,,-13228301461.0,-11029970345.0,-10466259203.0,-12403429287.0,-10672728027.0,-23833244784.0,-65.29,31.65,663.77,-36.45,20.05,870.2,-97.68,10.76,2089.52,,-19.93,,-5.39
380540,옵티코어,CFS,20311973901.0,25163562042.0,18425489952.0,8925143869.0,8252067312.0,7493546865.0,14711630677.0,14969953175.0,22206045628.0,19183995891.0,21301994778.0,4959755260.0,26332441090.0,24318584868.0,33352513360.0,-4057284201.0,-2680099071.0,6010193682.0,-4524030253.0,-10801490987.0,2563173181.0,-23.58,76.69,227.58,-50.71,70.27,304.94,51.68,447.72,245.88,8.28,-51.39,-27.09,-144.59
380550,뉴로핏,,,,,,,,,,,,,,,,,,,,,,,,,,,,,,,,,,,
381620,제닉스로보틱스,,,,,,,,,,,,,,,,,,,,,,,,,,,,,,,,,,,
382150,온코크로스,CFS,16763434251.0,7196402863.0,14351575023.0,1098997838.0,3589391307.0,1809013191.0,1098997838.0,3705280383.0,3927410467.0,16486811038.0,4695103973.0,11174561092.0,91524496.0,150245454.0,100000000.0,-6810005586.0,-9999289571.0,-7339307481.0,-4214429550.0,-10204119916.0,-13146166601.0,-25.56,6.67,1525.34,-217.34,78.92,200.49,-117.64,35.15,793.34,-39.08,31.9,50.25,-36.24
382480,지아이텍,CFS,68030907246.0,42194503014.0,39389324905.0,11947157732.0,12640977192.0,5666512130.0,22128963485.0,21157216138.0,11562509630.0,91544322597.0,55132137406.0,52371238843.0,36622011346.0,39647018076.0,19543532232.0,4499921853.0,6926041649.0,4253031196.0,7212755774.0,6446216259.0,6446216259.0,7.88,24.17,569.43,11.69,38.38,333.79,12.31,22.08,695.12,-7.63,-35.03,102.87,62.85
382800,지앤비에스 에코,CFS,82244420229.0,67962751432.0,52194288060.0,22064074897.0,12506341881.0,7868605786.0,24775061909.0,16554043120.0,11953986009.0,91566126110.0,72354092614.0,55947658453.0,89320182345.0,65592093147.0,52112857344.0,18290380331.0,14711923379.0,10619904308.0,17623516769.0,14772461013.0,10337078780.0,19.25,27.06,372.75,20.42,22.88,543.43,18.48,21.37,663.32,36.18,24.32,25.87,38.53
382840,원준,CFS,143103432592.0,106557056341.0,112532633630.0,77089888434.0,40891953316.0,41876058522.0,81256972053.0,45876629217.0,50245109657.0,119253004443.0,111444812546.0,96119574157.0,137256469129.0,143200037748.0,62091186942.0,4641272604.0,10891530920.0,12347535639.0,5589942616.0,15180537139.0,6708975183.0,4.69,68.14,185.63,13.62,41.17,260.58,6.98,52.27,268.73,-4.15,-57.39,130.63,-11.79
382900,범한퓨얼셀,CFS,89028471835.0,103753548040.0,37849955246.0,10647873408.0,17042643682.0,25609521140.0,17739057109.0,23293138907.0,31535515183.0,105896617500.0,106408906756.0,24788885936.0,30515676816.0,50661225504.0,46074813488.0,-5240371930.0,1309945938.0,6165811908.0,-2430679796.0,2257779980.0,3283914867.0,-2.3,16.75,836.12,2.12,21.89,608.79,13.25,127.22,147.8,-39.77,-500.04,9.95,-78.75
383310,에코프로에이치엔,CFS,146981107224.0,125944083592.0,84173531751.0,78264304053.0,88668507094.0,58031751660.0,115243728912.0,97600395630.0,66212782151.0,110568912138.0,86489129235.0,62759875821.0,228946023204.0,218237744878.0,90904348393.0,41780811675.0,41420546422.0,13876915140.0,33546467256.0,32362895640.0,11486174453.0,30.34,104.23,187.8,37.42,112.85,142.04,18.3,105.5,145.05,4.91,0.87,140.07,198.49
383930,디티앤씨알오,CFS,17468313587.0,35877039104.0,17377119322.0,15695691404.0,16540336211.0,13417476148.0,28168966805.0,18214403273.0,14882102626.0,31678923789.0,46320587817.0,18005573195.0,26586277364.0,44007699900.0,32748664668.0,-12124934209.0,5293710790.0,4907063453.0,-16635630895.0,5255503061.0,4327533740.0,-52.51,88.92,111.29,11.35,39.32,216.91,24.03,82.65,129.51,-39.59,-329.04,34.38,7.88
384470,코어라인소프트,CFS,14711785478.0,3572919986.0,12790050711.0,2493108046.0,2520362910.0,2277107159.0,4152280428.0,3425078863.0,2965950279.0,11709660743.0,2174906086.0,11792384844.0,,,,-11656276687.0,-10163695425.0,-7368119190.0,-14082727158.0,-10212447256.0,-7450074777.0,-120.27,35.46,590.1,-469.56,157.48,141.76,-63.18,25.15,561.68,,-14.69,,-37.94
387570,파인메딕스,,,,,,,,,,,,,,,,,,,,,,,,,,,,,,,,,,,
387690,레메디,,,,,,,,,,,,,,,,,,,,,,,,,,,,,,,,,,,
388050,지투파워,CFS,47058752647.0,39064011221.0,21369414550.0,22684394089.0,13414669721.0,8372510570.0,23518634965.0,13934854723.0,8633961958.0,32245404042.0,30748193607.0,17935531697.0,49413146361.0,37376811261.0,37374927594.0,-945440106.0,204481879.0,2967924174.0,671236597.0,736027230.0,539014178.0,2.08,72.94,207.45,2.39,45.32,291.2,3.01,48.14,255.23,32.2,-562.36,0.01,-93.11
388210,씨엠티엑스,,,,,,,,,,,,,,,,,,,,,,,,,,,,,,,,,,,
388610,지에프씨생명과학,,,,,,,,,,,,,,,,,,,,,,,,,,,,,,,,,,,
388720,유일로보틱스,CFS,55131507983.0,34827301367.0,21139650761.0,14615314705.0,13396064900.0,11106556073.0,50928330318.0,14715514767.0,15980320977.0,34883623843.0,39888085000.0,21207361420.0,29454386714.0,38445045661.0,35052240850.0,-7008150424.0,-3063639691.0,2941100270.0,-6556244567.0,-2312336585.0,3574179869.0,-18.79,145.99,377.22,-5.8,36.89,259.98,16.85,75.35,190.33,-23.39,-128.75,9.68,-204.17
388790,라이콤,CFS,21854967657.0,18244087332.0,13862555268.0,3252272759.0,5941311228.0,5694395108.0,6102442859.0,8418607530.0,8128655804.0,24150274827.0,18010944924.0,13855378829.0,19463077256.0,34334226177.0,28033010712.0,-2121544506.0,3956940484.0,3529147189.0,-5800254962.0,3885794088.0,3326838746.0,-24.02,25.27,671.99,21.57,46.74,307.07,24.01,58.67,243.44,-43.31,-153.62,22.48,12.12
388870,파로스아이바이오,CFS,26170432005.0,15715099972.0,24422174678.0,1213343939.0,950949080.0,78087869797.0,1341046482.0,1056064167.0,78669507597.0,28349203036.0,17665265108.0,-51183576630.0,0.0,300000000.0,57000000.0,-10116681013.0,-10619484027.0,-8405941823.0,-8858360895.0,-17061694617.0,-31470814272.0,-31.25,4.73,2156.88,-96.58,5.98,1652.57,61.49,-153.7,31.28,-100.0,4.73,426.32,-26.33
389020,자람테크놀로지,CFS,29996615683.0,15429919170.0,15283107958.0,1815626555.0,880694237.0,1865154601.0,2184832664.0,993489469.0,2099875149.0,35471428061.0,18822583171.0,18215420362.0,11623137413.0,16118235547.0,14324068213.0,-2141149247.0,202950131.0,291924863.0,-1268824382.0,617353369.0,1170415067.0,-3.58,6.16,1652.14,3.28,5.28,1752.02,6.43,11.53,819.4,-27.89,-1155.01,12.53,-30.48
389030,지니너스,CFS,25862948261.0,36553398648.0,49527190833.0,4895225422.0,2306162081.0,5563274159.0,6040833675.0,2559618253.0,6155644348.0,34485425829.0,43270152717.0,51905987196.0,6967191605.0,10083387356.0,8134300266.0,-10078616482.0,-9676054912.0,-7621219767.0,-9684235393.0,-9384985083.0,-9019098036.0,-28.08,17.52,528.33,-21.69,5.92,1585.03,-17.38,11.86,890.25,-30.9,-4.16,23.96,-26.96
389140,포바이포,CFS,31861563897.0,47310930411.0,35108383668.0,21286275659.0,7032455930.0,6411828667.0,24777618753.0,7993301645.0,7953908961.0,42236092311.0,58175225750.0,36504088724.0,,,,-16258350170.0,-10498782236.0,4013969721.0,-20571978089.0,-8775800027.0,3763916757.0,-48.71,58.66,149.68,-15.09,13.74,672.75,10.31,21.79,547.56,,-54.86,,-361.56
389260,대명에너지,CFS,130018368675.0,126652274359.0,109309379698.0,31270709865.0,48140160160.0,68859590860.0,223036372240.0,213606791161.0,114711459106.0,120955074835.0,107038760668.0,64098856885.0,61640473408.0,87994198408.0,136075703022.0,16741316162.0,25586563219.0,46882182355.0,6142245415.0,26830121997.0,24974572691.0,5.08,184.4,415.78,25.07,199.56,263.09,38.96,178.96,158.74,-29.95,-34.57,-35.33,-45.42
389470,인벤티지랩,CFS,26214430449.0,25277936416.0,22173786896.0,28876176987.0,2609080266.0,2403479859.0,40771715384.0,4427097270.0,5233092031.0,4410627497.0,30434805466.0,26491194687.0,658151686.0,3723683006.0,1861755394.0,-15961004543.0,-10901805103.0,-9557905983.0,-26994167763.0,-10595328992.0,-9271261264.0,-612.03,924.4,90.78,-34.81,14.55,968.84,-35.0,19.75,922.57,-82.33,-46.41,100.01,-14.06
389500,에스비비테크,CFS,40547274335.0,17851743684.0,7302343636.0,41729198789.0,7447099257.0,6321136979.0,42922527108.0,8684723579.0,11035810345.0,11610135457.0,22068368023.0,6595519227.0,5134276778.0,7469840340.0,6779379292.0,-5572218496.0,-1836705088.0,-2227144216.0,-11013300171.0,-5266381493.0,-2815923915.0,-94.86,369.7,97.17,-23.86,39.35,239.71,-42.69,167.32,115.52,-31.27,-203.38,10.18,17.53
389650,넥스트바이오메디컬,,,,,,,,,,,,,,,,,,,,,,,,,,,,,,,,,,,
389680,유디엠텍,,,,,,,,,,,,,,,,,,,,,,,,,,,,,,,,,,,
391710,코닉오토메이션,CFS,28987935774.0,26018415288.0,13834084182.0,13754947311.0,6779333794.0,8887580429.0,16471765827.0,9043858638.0,12709980552.0,26173693471.0,22358911809.0,5296138771.0,27347504225.0,30092723073.0,27291569216.0,1842558733.0,3354830122.0,4106268056.0,2337095178.0,-5570285261.0,3875646026.0,8.93,62.93,210.75,-24.91,40.45,383.79,73.18,239.99,155.66,-9.12,-45.08,10.26,-18.3
393210,토마토시스템,CFS,30373784539.0,13199327799.0,5915595854.0,5571475998.0,3150954940.0,5947060351.0,7754960451.0,4591675917.0,8755743896.0,29774904789.0,12729448126.0,2784305654.0,26572393885.0,27089927107.0,22856123584.0,2824665460.0,7457456006.0,1493134849.0,3289307797.0,4576290898.0,1285575825.0,11.05,26.05,545.17,35.95,36.07,418.9,46.17,314.47,99.47,-1.91,-62.12,18.52,399.45
393890,더블유씨피,CFS,265638142427.0,477010049837.0,214546537795.0,238910523947.0,115150107015.0,128308387781.0,358102062582.0,143595088109.0,224262732475.0,1000408000524.0,934645650994.0,405757648621.0,304986337193.0,257451425430.0,185498673958.0,46391318239.0,58027154917.0,40457980001.0,53621155391.0,55257959855.0,-9963939435.0,5.36,35.8,111.19,5.91,15.36,414.25,-2.46,55.27,167.21,18.46,-20.05,38.79,43.43
393970,대진첨단소재,,,,,,,,,,,,,,,,,,,,,,,,,,,,,,,,,,,
394280,오픈엣지테크놀로지,CFS,29842671111.0,44303666680.0,29019951609.0,19749846354.0,18318003222.0,9171299147.0,24120855174.0,21605851110.0,15544914590.0,20571164503.0,32249347246.0,20552514846.0,19594562678.0,10011687568.0,5185867786.0,-15863858723.0,-25261358390.0,-11055326163.0,-14856026689.0,-25226550275.0,-14608298992.0,-72.22,117.26,151.1,-78.22,67.0,241.86,-71.08,75.64,316.42,95.72,37.2,93.06,-128.5
394420,리센스메디컬,,,,,,,,,,,,,,,,,,,,,,,,,,,,,,,,,,,
394800,쓰리빌리언,,,,,,,,,,,,,,,,,,,,,,,,,,,,,,,,,,,
396270,넥스트칩,CFS,50854948694.0,41058490936.0,34906175127.0,6638213673.0,3303138229.0,4265933486.0,40577693022.0,4917524462.0,5836814809.0,29337103246.0,39823562041.0,32687419780.0,16154132649.0,12869167162.0,24469248780.0,-22516720475.0,-27399489329.0,-13472882807.0,-26703134425.0,-27429341766.0,-21607665512.0,-91.02,138.32,766.09,-68.88,12.35,1243.01,-66.1,17.86,818.25,25.53,17.82,-47.41,-103.37
396300,세아메카닉스,CFS,35997575280.0,37738779697.0,26026124464.0,30960417964.0,14463016969.0,13076784117.0,31692564431.0,15216585650.0,13996093306.0,70284330693.0,63750708195.0,39722428407.0,86777674618.0,87638724987.0,104796480868.0,1993701154.0,2253778350.0,5311395165.0,6352339890.0,3827706880.0,6200991381.0,9.04,45.09,116.27,6.0,23.87,260.93,15.61,35.23,199.03,-0.98,-11.54,-16.37,-57.57
396470,워트,CFS,55811517048.0,30217582594.0,25605974460.0,1474987237.0,2889039542.0,4531942257.0,1527197265.0,2911732425.0,4535628133.0,60688559658.0,32597299237.0,26728390201.0,12845576073.0,22835113396.0,,1470379146.0,6705120210.0,,2209150781.0,5870093710.0,5119066139.0,3.64,2.52,3783.86,18.01,8.93,1045.94,19.15,16.97,565.01,-43.75,-78.07,,
397030,에이프릴바이오,CFS,66727609759.0,69359119258.0,59395196333.0,21745595622.0,1787176532.0,4045276475.0,21954286774.0,1903045715.0,4210962136.0,57747482129.0,69161704787.0,57165496302.0,,,,-13387937231.0,-11474306802.0,4446348228.0,-14129556273.0,-8959274574.0,-52713117002.0,-24.47,38.02,306.86,-12.95,2.75,3880.93,-92.21,7.37,1468.26,,-16.68,,-358.06
397810,애드포러스,,,,,,,,,,,,,,,,,,,,,,,,,,,,,,,,,,,
398120,에스지헬스케어,,,,,,,,,,,,,,,,,,,,,,,,,,,,,,,,,,,
399720,가온칩스,CFS,64354916686.0,54993351356.0,29916404375.0,24817647312.0,14380377375.0,13808071614.0,32590129089.0,18791727827.0,15131118914.0,62019549707.0,54389374240.0,21861995921.0,63597349804.0,43320504880.0,32235607297.0,4351646460.0,3899765486.0,6202436087.0,6344445918.0,4418777712.0,6182765868.0,10.23,52.55,259.31,8.12,34.55,382.42,28.28,69.21,216.66,46.81,11.59,34.39,-37.13
402030,코난테크놀로지,CFS,33016655522.0,45458820379.0,23088916886.0,13965525817.0,6879050856.0,6608588230.0,16670651233.0,9262366418.0,10690753633.0,31423222864.0,40606089429.0,14311375276.0,24428255327.0,15388168002.0,17849096031.0,-10994514501.0,-4040889577.0,2240099390.0,-9836359727.0,-3276841493.0,1893973261.0,-31.3,53.05,236.42,-8.07,22.81,660.83,13.23,74.7,349.38,58.75,-172.08,-13.79,-280.39
402490,그린리소스,CFS,21246539066.0,8644741004.0,6278534910.0,10346904348.0,11188335095.0,11188807613.0,20206918977.0,13748133789.0,14366716818.0,51130448315.0,20970921076.0,15732689009.0,16501343055.0,25084703170.0,13659500887.0,3268355911.0,3730726683.0,3108006301.0,2602076258.0,3465338817.0,1156842099.0,5.09,39.52,205.34,16.52,65.56,77.27,7.35,91.32,56.11,-34.22,-12.39,83.64,20.04
403490,우듬지팜,CFS,20415591209.0,6958458370.0,6345309611.0,12125500352.0,3599586760.0,3960685600.0,17111907059.0,6224147406.0,7554710247.0,38527920777.0,27855765636.0,23585878259.0,56576333044.0,44940424451.0,46655891810.0,3352841287.0,3813004792.0,8744797750.0,1426773714.0,4017972367.0,3214180580.0,3.7,44.41,168.37,14.42,22.34,193.31,13.63,32.03,160.21,25.89,-12.07,-3.68,-56.4
403850,더핑크퐁컴퍼니,CFS,99575319120.0,129421893627.0,125122140262.0,41522585285.0,65422418784.0,53931211585.0,45743180382.0,71490116677.0,61546405597.0,86357379208.0,103366771682.0,101038081096.0,94629881285.0,116964259597.0,83157988375.0,-3222736589.0,3698960781.0,15571417416.0,-18336595867.0,-243701466.0,22556237306.0,-21.23,52.97,239.81,-0.24,69.16,197.82,22.32,60.91,232.0,-19.1,-187.13,40.65,-76.25
403870,HPSP,CFS,275836046536.0,245046977511.0,86883749864.0,41554582599.0,63423914921.0,36314834248.0,43607317988.0,65554608357.0,38873020070.0,277080288653.0,195371868774.0,52748746662.0,179086660832.0,159336322822.0,91752311763.0,95206074427.0,85174462019.0,45212380589.0,80432402487.0,66005614943.0,35343559945.0,29.03,15.74,663.79,33.78,33.55,386.36,67.0,73.69,239.25,12.4,11.78,73.66,88.39
405000,플라즈맵,CFS,22408057293.0,16741540651.0,17736696603.0,15752478435.0,8562881181.0,6486516209.0,31700707357.0,26884994510.0,14970317821.0,8077431119.0,9369903318.0,10408382522.0,12917403651.0,13305795654.0,6348540091.0,-20572115103.0,-17352691670.0,-10643869619.0,-18791665604.0,-17680932460.0,-21682344369.0,-232.64,392.46,142.25,-188.7,286.93,195.51,-208.32,143.83,273.44,-2.92,-18.55,109.59,-63.03
405100,큐알티,CFS,64684378472.0,107069735725.0,31195174059.0,27049577363.0,26408715020.0,18104889635.0,41723964759.0,45161263148.0,27980859966.0,100063768892.0,104050033991.0,35110672092.0,53256955744.0,59628906235.0,71904717846.0,752199915.0,10285825829.0,16519972028.0,2624483373.0,6433583076.0,12485692604.0,2.62,41.7,239.13,6.18,43.4,405.43,35.56,79.69,172.3,-10.69,-92.69,-17.07,-37.74
405920,나라셀라,CFS,83498602464.0,74435980339.0,65893955744.0,48439358987.0,37605038482.0,39989226972.0,61218141081.0,72300353485.0,71676495260.0,70035650838.0,49262577453.0,20169013000.0,85325300237.0,107162501611.0,88394062918.0,196480866.0,11957918054.0,12812367230.0,-1104873844.0,8944026358.0,9029936249.0,-1.58,87.41,172.38,18.16,146.77,197.94,44.77,355.38,164.78,-20.38,-98.36,21.23,-6.67
406820,뷰티스킨,CFS,38115635639.0,25463613421.0,25753239962.0,37227911472.0,28328845007.0,34659641490.0,39139268837.0,32139651916.0,38272879874.0,35095906111.0,32345244344.0,29333023483.0,80903510908.0,58936831857.0,41163709129.0,-6076737802.0,4046212529.0,3217262479.0,-8650216233.0,2992341045.0,2419907579.0,-24.65,111.52,102.38,9.25,99.36,89.89,8.25,130.48,74.3,37.27,-250.18,43.18,25.77
407400,꿈비,CFS,30892801027.0,8973155076.0,5373581592.0,8106377546.0,5919845139.0,3778406380.0,13521964849.0,7903098737.0,6126112115.0,35684519853.0,8060473779.0,5411204392.0,28927922420.0,27181744152.0,20896392058.0,-2635913686.0,1133307231.0,2327222432.0,-2267183143.0,1319045263.0,1730814361.0,-6.35,37.89,381.09,16.36,98.05,151.58,31.99,113.21,142.22,6.42,-332.59,30.08,-51.3
408470,한패스,,,,,,,,,,,,,,,,,,,,,,,,,,,,,,,,,,,
408900,스튜디오미르,CFS,28510764186.0,18624655161.0,14711797608.0,3494947206.0,3929207525.0,10005175185.0,3823664901.0,4406649594.0,10244085033.0,36852474557.0,20939574046.0,10513897242.0,23161814202.0,25781360550.0,14389618822.0,861046653.0,3339855242.0,-1906143141.0,2503754270.0,1510994868.0,2110750510.0,6.79,10.38,815.77,7.22,21.04,474.01,20.08,97.43,147.04,-10.16,-74.22,79.17,275.22
408920,메쎄이상,CFS,48479621945.0,33519456703.0,24925140593.0,6523947184.0,5908424598.0,4703402489.0,12213839522.0,11132105752.0,11934790667.0,59438356780.0,44049530358.0,37065454921.0,50814045322.0,38334447397.0,27844355995.0,11169700575.0,8555103322.0,5657991530.0,5551398366.0,6984075437.0,4104925564.0,9.34,20.55,743.1,15.86,25.27,567.32,11.07,32.2,529.94,32.55,30.56,37.67,51.2
411080,샌즈랩,CFS,38901441085.0,7454473751.0,6954934203.0,5717205498.0,7750847886.0,3068174037.0,5743080985.0,7778049000.0,3130591850.0,40619230679.0,1998416377.0,4868091220.0,11721914034.0,9299538168.0,5413847262.0,-883678732.0,2089463274.0,488759164.0,438727045.0,2155039572.0,733712644.0,1.08,14.14,680.43,107.84,389.21,96.18,15.07,64.31,226.68,26.05,-142.29,71.77,327.5
412350,레이저쎌,CFS,23240824970.0,26406688246.0,14437129152.0,2273282084.0,2783372184.0,3492854844.0,3367264644.0,2876646421.0,3876811386.0,36712517354.0,35188652064.0,11600972707.0,6026961356.0,6032906052.0,9682052439.0,-5779730382.0,-5033301516.0,-796543249.0,-182193510.0,-4131432766.0,-8053717548.0,-0.5,9.17,1022.35,-11.74,8.17,948.73,-69.42,33.42,413.33,-0.1,-14.83,-37.69,-531.89
412540,제일엠앤에스,,,,,,,,,,,,,,,,,,,,,,,,,,,,,,,,,,,
413390,엠오티,,,,,,,,,,,,,,,,,,,,,,,,,,,,,,,,,,,
413630,씨피시스템,CFS,12728407090.0,12427859404.0,2485453670.0,1425000.0,0.0,1081600.0,1499871835.0,1408433174.0,1341509517.0,11228535255.0,11019426230.0,1143944153.0,0.0,0.0,0.0,-76329244.0,-55315450.0,-13196490.0,209109025.0,57682077.0,-12523537.0,1.86,13.36,893221.55,0.52,12.78,,-1.09,117.27,229794.16,,-37.99,,-319.17
413640,비아이매트릭스,CFS,35025168398.0,20537068370.0,14059811888.0,6186967203.0,5865564226.0,5671989064.0,14105844077.0,12086251967.0,14499560790.0,27416683717.0,13441468784.0,4894831593.0,25855874322.0,27659091743.0,20924262811.0,-2700550603.0,4563473776.0,2838010387.0,,,,,51.45,566.11,,89.92,350.13,,296.22,247.88,-6.52,-159.18,32.19,60.8
415380,스튜디오삼익,CFS,18102755823.0,14277296924.0,15109535859.0,12375924606.0,11781790845.0,6288886364.0,12678897632.0,12102294241.0,12122372277.0,19449489298.0,16736092052.0,14403607350.0,95399010878.0,86585909893.0,,2777920676.0,2396516104.0,,2172911092.0,1925269107.0,,11.17,65.19,146.27,11.5,72.31,121.18,,84.16,240.26,10.18,15.91,,
416180,신성에스티,CFS,93801555031.0,50649657412.0,37444643169.0,36362277130.0,45110361479.0,34875112751.0,39279116423.0,49366802169.0,40516170586.0,97136168195.0,36426069744.0,27795409855.0,124673269789.0,106505634411.0,104225113285.0,8372804515.0,7893242769.0,6291020806.0,9108473330.0,9286891982.0,7319368873.0,9.38,40.44,257.96,25.5,135.53,112.28,26.33,145.77,107.37,17.06,6.08,2.19,25.47
417010,나노팀,CFS,21026409331.0,16142175527.0,12099139691.0,6646060662.0,12081022274.0,9684275931.0,28974566036.0,28824493544.0,24556769764.0,49796415754.0,18185059511.0,11022827544.0,47190666523.0,38456611049.0,27043759600.0,5444341870.0,3030381755.0,4469633073.0,4877513036.0,4139727596.0,4521427923.0,9.79,58.19,316.37,22.76,158.51,133.62,41.02,222.78,124.94,22.71,79.66,42.2,-32.2
417180,핑거스토리,CFS,27977386828.0,17439906167.0,5932867130.0,9305573954.0,3606525020.0,3262468777.0,9633455073.0,4671057279.0,3324368324.0,23867978125.0,14309666108.0,4012012812.0,18424903125.0,17409149957.0,16339165799.0,1382110446.0,986841680.0,1223880445.0,1729625547.0,-3606105255.0,1049329520.0,7.25,40.36,300.65,-25.2,32.64,483.57,26.15,82.86,181.85,5.83,40.05,6.55,-19.37
417200,LS머트리얼즈,CFS,178593741309.0,83743750531.0,71096158680.0,62003392573.0,37566268707.0,42935321490.0,63139076400.0,48572521895.0,55122606871.0,203059842560.0,99131899682.0,75577424783.0,136884683735.0,161987191236.0,42661613743.0,13568106930.0,14458759701.0,2532453871.0,12224407560.0,8410689871.0,2019598323.0,6.02,31.09,288.04,8.48,49.0,222.92,2.67,72.94,165.59,-15.5,-6.16,279.7,470.94
417500,제이아이테크,CFS,39739805831.0,59854599848.0,20295505776.0,26026730377.0,22564021313.0,11171860990.0,40865917078.0,23029595692.0,11997844298.0,64694112726.0,62095438483.0,23428865621.0,43362684673.0,68282477637.0,20497514396.0,4086021597.0,11393792040.0,5628425132.0,3289882292.0,10924230878.0,4738942094.0,5.09,63.17,152.69,17.59,37.09,265.27,20.23,51.21,181.67,-36.5,-64.14,233.13,102.43
417790,트루엔,CFS,64611090053.0,43372278817.0,37447761356.0,5860963281.0,3748346739.0,4827711924.0,6012635640.0,3985101784.0,5499976770.0,89508351418.0,51104534102.0,42960141236.0,47174831935.0,38831800711.0,35980311714.0,11387643245.0,9009323935.0,9819847216.0,10964127346.0,7633486968.0,8519737059.0,12.25,6.72,1102.4,14.94,7.8,1157.1,19.83,12.8,775.68,21.49,26.4,7.93,-8.25
417840,저스템,CFS,27685001637.0,46331542832.0,18523775187.0,9927550904.0,12712631434.0,12620644349.0,33940076271.0,19678211632.0,21236760634.0,48614683674.0,50806250948.0,22615783855.0,35933632867.0,46098648348.0,44826694869.0,311430074.0,7144355552.0,7193675811.0,-3385499445.0,6322186147.0,5731881967.0,-6.96,69.81,278.87,12.44,38.73,364.45,25.34,93.9,146.77,-22.05,-95.64,2.84,-0.69
417860,오브젠,CFS,15984862895.0,8288912014.0,8991235737.0,4264581651.0,5157851421.0,3982903930.0,10834698307.0,10427336348.0,10453312592.0,8204417607.0,105979396.0,876006623.0,,,,-5830265264.0,-2045438028.0,-3145268061.0,-5409311254.0,-1946752195.0,-3245306459.0,-65.93,132.06,374.83,-1836.92,9839.02,160.7,-370.47,1193.29,225.75,,-185.04,,34.97
417970,모델솔루션,CFS,57362876808.0,60117849954.0,27825206564.0,20510172352.0,13290043660.0,9373579280.0,23590976761.0,28271835339.0,21542942324.0,61521968157.0,61099601573.0,26633319532.0,64718955728.0,67404389979.0,61106297552.0,2180729196.0,7889064608.0,8926743121.0,2501200705.0,6274095335.0,7466339495.0,4.07,38.35,279.68,10.27,46.27,452.35,28.03,80.89,296.85,-3.98,-72.36,10.31,-11.62
418250,시큐레터,CFS,14426856583.0,3431164365.0,4196668404.0,2311830656.0,1491507964.0,2944235324.0,2918023798.0,2124745290.0,3446824983.0,16064427286.0,6000417354.0,4805448590.0,2143877357.0,2542390024.0,1248061044.0,-5914101807.0,-5801838918.0,-3703083548.0,-5786419940.0,-5724751127.0,-2770243915.0,-36.02,18.16,624.04,-95.41,35.41,230.05,-57.65,71.73,142.54,-15.67,-1.93,103.71,-56.68
418420,라온텍,CFS,20604456884.0,12074277335.0,9769035828.0,7267664636.0,2498297074.0,2193570755.0,14264937302.0,5107464437.0,4674508063.0,21392831595.0,7482902531.0,5791910487.0,10744039299.0,10916365390.0,5786382930.0,-2152629194.0,322444701.0,-1564126185.0,-7077869539.0,585383430.0,-3231711621.0,-33.09,66.68,283.51,7.82,68.26,483.3,-55.8,80.71,445.35,-1.58,-767.6,88.66,120.62
418470,KT밀리의서재,CFS,71950696915.0,25156971734.0,15586526047.0,19183291814.0,18631209857.0,99457843239.0,21010083742.0,20032681357.0,100833246949.0,57722093401.0,7537513686.0,-82990040730.0,56572748963.0,45829673556.0,28856986428.0,10406126329.0,4169062311.0,-14510620592.0,14537918835.0,13349631378.0,-34841768625.0,25.19,36.4,375.07,177.11,265.77,135.03,41.98,-121.5,15.67,23.44,149.6,58.82,128.73
418550,제이오,CFS,50569663902.0,35186642300.0,57047922718.0,33319299554.0,11379692239.0,20829160985.0,61869659101.0,25975982701.0,60751548481.0,134666033218.0,58843075979.0,27005108684.0,114493962967.0,67655302339.0,78702796771.0,12022840148.0,-2264546549.0,-3935326907.0,17419292082.0,-5687829119.0,-14605084005.0,12.94,45.94,151.77,-9.67,44.14,309.21,-54.08,224.96,273.88,69.23,630.92,-14.04,42.46
418620,E8,CFS,2347658837.0,2487224011.0,4478859284.0,14112134343.0,8626401176.0,8214582675.0,15273039048.0,10595029183.0,10340589297.0,-8247963191.0,-2016452438.0,-1016528929.0,3665563019.0,309153551.0,197596698.0,-5250143490.0,-7707829743.0,-7085110800.0,-6399001728.0,-8116734518.0,-7444566078.0,77.58,-185.17,16.64,402.53,-525.43,28.83,732.35,-1017.24,54.52,1085.68,31.89,56.46,-8.79
419050,삼기에너지솔루션즈,CFS,110183109213.0,56893615688.0,40504326205.0,82455770427.0,31498486074.0,14505843884.0,158427936927.0,48656139395.0,38299560398.0,102411538172.0,43935749689.0,35946031697.0,90853536525.0,107029528003.0,116861286332.0,744813594.0,8594133801.0,7424283430.0,4753502565.0,7984065119.0,-215679201.0,4.64,154.7,133.63,18.17,110.74,180.62,-0.6,106.55,279.23,-15.11,-91.33,-8.41,15.76
419080,엔젯,CFS,41124434646.0,44699366933.0,20111815512.0,1549873363.0,4315207278.0,5783991240.0,4613513083.0,6402611403.0,7338654065.0,48254054783.0,47367274714.0,21118746005.0,12072705251.0,21665643146.0,10054924012.0,-2118261206.0,5296438701.0,1767080461.0,314021211.0,4113326062.0,-29867129449.0,0.65,9.56,2653.41,8.68,13.52,1035.86,-141.42,34.75,347.72,-44.28,-139.99,115.47,199.73
419120,산돌,CFS,32350778284.0,37483432147.0,10322787629.0,5664457534.0,4841076772.0,6677697583.0,11501354731.0,11014074065.0,12743305950.0,53945186164.0,56059763817.0,18837182485.0,14186687039.0,18350443779.0,12024525572.0,2781120402.0,8061085291.0,4792687564.0,2843498738.0,9435129744.0,432219238.0,5.27,21.32,571.12,16.83,19.65,774.28,2.29,67.65,154.59,-22.69,-65.5,52.61,68.2
419530,SAMG엔터,CFS,60626359363.0,54719246284.0,23667936467.0,21218756805.0,26191891492.0,18416975776.0,53042963767.0,29592333346.0,61159788077.0,47091518931.0,47088695438.0,-22675871895.0,95122568514.0,68322017040.0,38374161626.0,-9418335494.0,-363931469.0,3358685206.0,-17103166950.0,-22963177973.0,-11086848672.0,-36.32,112.64,285.72,-48.77,62.84,208.92,48.89,-269.71,128.51,39.23,-2487.94,78.04,-110.84
419540,비스토스,CFS,18726459231.0,18347959748.0,8029764041.0,2574854042.0,4216870505.0,2314842628.0,2993866970.0,4573487417.0,2532271070.0,18540530310.0,15924626573.0,7238614711.0,21304785943.0,23963204074.0,20522376717.0,283820204.0,912889692.0,1591983510.0,806497285.0,-4502437674.0,1853394912.0,4.35,16.15,727.28,-28.27,28.72,435.11,25.6,34.98,346.88,-11.09,-68.91,16.77,-42.66
420570,제이투케이바이오,CFS,13881316052.0,10557834399.0,8822578523.0,3676870947.0,3234834188.0,3078046966.0,4203754128.0,6721002252.0,7216678438.0,17811486522.0,10892114849.0,8882111237.0,28472272288.0,16031904131.0,14218562025.0,5606828782.0,2323857591.0,1873767126.0,4798353526.0,2064403401.0,1564174491.0,26.94,23.6,377.53,18.95,61.71,326.38,17.61,81.25,286.63,77.6,141.27,12.75,24.02
420770,기가비스,CFS,145221231145.0,122945609181.0,59186545162.0,12837589781.0,38191679277.0,10775460116.0,13241843016.0,41091534752.0,10907538392.0,212614532291.0,100361451702.0,62155952384.0,91422516772.0,99727656934.0,43973155100.0,35013634833.0,33825685615.0,15978253605.0,32663084523.0,27750570931.0,14263671523.0,15.36,6.23,1131.22,27.65,40.94,321.92,22.95,17.55,549.27,-8.33,3.51,126.79,111.7
424760,벨로크,CFS,25655031126.0,18238987688.0,,10349948495.0,12333275141.0,,10760854705.0,12575570476.0,,25441895493.0,12590645124.0,,26394298398.0,27210184668.0,,-366356900.0,1616255773.0,,-4590423737.0,210015212.0,,-18.04,42.3,247.88,1.67,99.88,147.88,,,,-3.0,-122.67,,
424870,이뮨온시아,,,,,,,,,,,,,,,,,,,,,,,,,,,,,,,,,,,
424960,스마트레이더시스템,CFS,24822972616.0,10812369114.0,14639376907.0,4151628673.0,3614845875.0,13893302691.0,4422853849.0,3763662558.0,26787639116.0,21642924635.0,8623841731.0,-10409832621.0,4075934941.0,4024884536.0,3485357820.0,-5372878506.0,-5515471027.0,-4556221312.0,-5098204568.0,-7737792622.0,-5219381024.0,-23.56,20.44,597.91,-89.73,43.64,299.11,50.14,-257.33,105.37,1.27,2.59,15.48,-21.05
424980,마이크로투나노,CFS,31474064227.0,30045614488.0,24477751107.0,7284247754.0,7111502230.0,7384364221.0,20064341813.0,23369171023.0,25269528215.0,33444667375.0,26082480097.0,19929997495.0,9370216743.0,41424950659.0,31706906781.0,-12572002087.0,6288212703.0,4892915780.0,-7835162200.0,5792009387.0,4208390337.0,-23.43,59.99,432.08,22.21,89.6,422.49,21.12,126.79,331.48,-77.38,-299.93,30.65,28.52
425040,티이엠씨,CFS,231807575201.0,142631725920.0,53401879850.0,120591665037.0,91092063196.0,43937033495.0,165917681739.0,102149921756.0,53678654255.0,266556587935.0,100813378445.0,36987282239.0,200782972392.0,351740130840.0,90209839379.0,21119641858.0,53265371079.0,12742841557.0,22777565044.0,42183551341.0,10626777774.0,8.55,62.24,192.23,41.84,101.33,156.58,28.73,145.13,121.54,-42.92,-60.35,289.91,318.0
425420,티에프이,CFS,53468248562.0,54503038938.0,32810137165.0,14371601798.0,16068280601.0,16697104247.0,20207055893.0,22293584501.0,25166330202.0,71231720445.0,60581410070.0,29883207397.0,80325243852.0,63746725969.0,71963156689.0,9223518541.0,6513363749.0,10895343506.0,11110727809.0,6722151652.0,9847586456.0,15.6,28.37,372.04,11.1,36.8,339.2,32.95,84.22,196.5,26.01,41.61,-11.42,-40.22
429270,시지트로닉스,CFS,22683664403.0,9783324575.0,15717493780.0,7447924720.0,7927055539.0,7964309706.0,10574342494.0,13593622274.0,15087009825.0,28985865393.0,11828179791.0,15891335653.0,12513645275.0,14521214328.0,15494673490.0,-5442515302.0,-4846781071.0,-4233553078.0,-5535741609.0,-4369020361.0,-5644511370.0,-19.1,36.48,304.56,-36.94,114.93,123.42,-35.52,94.94,197.35,-13.83,-12.29,-6.28,-14.48
430690,한싹,CFS,27557998020.0,10859661030.0,,9750009358.0,7563800698.0,,9949562874.0,7776186567.0,,34461007140.0,12820382555.0,,24095098864.0,21902816604.0,,2628340155.0,1851925471.0,,3231305265.0,2205418963.0,,9.38,28.87,282.65,17.2,60.65,143.57,,,,10.01,41.92,,
431190,케이쓰리아이,,,,,,,,,,,,,,,,,,,,,,,,,,,,,,,,,,,
432430,와이랩,CFS,35985057426.0,15476166918.0,19537383606.0,10881753894.0,7350663460.0,12798473459.0,14166641778.0,8214083281.0,13764705252.0,32123143775.0,11148450419.0,10596294312.0,19417877182.0,29780532001.0,21656372098.0,-5513759393.0,-435498328.0,-1074375321.0,-6088783916.0,-572434054.0,453696676.0,-18.95,44.1,330.69,-5.13,73.68,210.54,4.28,129.9,152.65,-34.8,-1166.08,37.51,59.46
432470,케이엔에스,CFS,42224320352.0,28781758989.0,10513228962.0,16283705973.0,17800241543.0,5553155361.0,16777455365.0,17906274931.0,6851559253.0,44068479411.0,21583382143.0,14940668490.0,30041057028.0,34734789512.0,28564315666.0,3963507564.0,6075260613.0,4032783172.0,3187843394.0,4830717611.0,3909264352.0,7.23,38.07,259.3,22.38,82.96,161.69,26.17,45.86,189.32,-13.51,-34.76,21.6,50.65
432720,퀄리타스반도체,CFS,33386607421.0,7920067303.0,3665716365.0,10643760255.0,6651754265.0,5780089622.0,12989172974.0,18113798231.0,10664768634.0,27722500504.0,-3984167976.0,-3808137716.0,10774541164.0,10789274729.0,3952070068.0,-11186432731.0,-3671026788.0,-4741577598.0,-8108505639.0,-2281074471.0,-3654889267.0,-29.25,46.85,313.67,57.25,-454.64,119.07,95.98,-280.05,63.42,-0.14,-204.72,173.0,22.58
432980,엠에프씨,,,,,,,,,,,,,,,,,,,,,,,,,,,,,,,,,,,
434480,모니터랩,CFS,38262239087.0,17069533856.0,5393581552.0,1783342388.0,2597865705.0,5546776208.0,6580014594.0,7545194850.0,7003671861.0,35374725461.0,13762867818.0,2425073764.0,14186630550.0,14134540020.0,12116755781.0,7200025.0,1135173414.0,1761119752.0,-1368578967.0,718990851.0,2233887227.0,-3.87,18.6,2145.54,5.22,54.82,657.06,92.12,288.8,97.24,0.37,-99.37,16.65,-35.54
435570,에르코스,,,,,,,,,,,,,,,,,,,,,,,,,,,,,,,,,,,
437730,삼현,CFS,55147211472.0,39800184571.0,34097005812.0,43934837459.0,38131597095.0,25971032671.0,46276198726.0,40804282654.0,38858414288.0,48583541972.0,39650787677.0,36225567134.0,99848743018.0,68617808568.0,59096247022.0,9796377029.0,2753382474.0,3774225460.0,9449803386.0,3322524020.0,3791818673.0,19.45,95.25,125.52,8.38,102.91,104.38,10.47,107.27,131.29,45.51,255.79,16.11,-27.05
438700,버넥트,CFS,38940859126.0,11582949409.0,32400812739.0,4425299744.0,6943072596.0,45873833041.0,11986667833.0,14994440957.0,47858228147.0,44840566806.0,24230563118.0,438962427.0,6501962372.0,5056493961.0,3568897165.0,-11308437688.0,-14142263265.0,-4660285609.0,-10357495873.0,-8481198407.0,-8976354818.0,-23.1,26.73,879.96,-35.0,61.88,166.83,-2044.9,10902.58,70.63,28.59,20.04,41.68,-203.46
439090,마녀공장,CFS,99146671915.0,58349783101.0,38068879023.0,8308636236.0,10263915580.0,7970993910.0,8421677116.0,10637885849.0,8534082817.0,97045319370.0,52150538589.0,32753070659.0,105000932107.0,101835609615.0,62620416556.0,15862041293.0,24494754918.0,17707605109.0,11631841694.0,17297237363.0,14166997783.0,11.99,8.68,1193.3,33.17,20.4,568.49,43.25,26.06,477.59,3.11,-35.24,62.62,38.33
439580,블루엠텍,CFS,49575125957.0,19438679411.0,17039790869.0,37584864495.0,31993304705.0,30680659168.0,46821484953.0,39184638610.0,34209815347.0,45414636871.0,1178055998.0,-6480394407.0,113852749147.0,77146751918.0,49630878193.0,1343769502.0,890609048.0,-2855436694.0,-2342124913.0,-14330655532.0,-7819779767.0,-5.16,103.1,131.9,-1216.47,3326.21,60.76,120.67,-527.9,55.54,47.58,50.88,55.44,131.19
439960,코스모로보틱스,,,,,,,,,,,,,,,,,,,,,,,,,,,,,,,,,,,
440110,파두,CFS,203276135900.0,34345868733.0,16402720633.0,50212157766.0,5449532767.0,147830556416.0,57313618158.0,27240478290.0,187892403012.0,186348175638.0,41025269900.0,-160675980694.0,22470905715.0,56401518172.0,5156816449.0,-58569439226.0,1507325359.0,-33674192798.0,-56832521397.0,-227459980077.0,-43340650215.0,-30.5,30.76,404.83,-554.44,66.4,630.25,26.97,-116.94,11.1,-60.16,-3985.65,993.73,104.48
440290,HB인베스트먼트,CFS,,,,,,,6898165490.0,4901246614.0,3056345157.0,58439464323.0,48880906601.0,40716312943.0,20516634627.0,15928853534.0,11427663863.0,,,,8880952160.0,7471803658.0,6079704962.0,15.2,11.8,,15.29,10.03,,14.93,7.51,,28.8,,39.39,
440320,오픈놀,CFS,24211080417.0,21518816482.0,10175490741.0,5475324856.0,6828209714.0,8909438894.0,8022821538.0,9400427724.0,14074211750.0,37530629804.0,21149319870.0,3366295880.0,,,,1347065447.0,685179971.0,231899742.0,1407681400.0,-560633830.0,30711358.0,3.75,21.38,442.19,-2.65,44.45,315.15,0.91,418.09,114.21,,96.6,,195.46
441270,파인엠텍,CFS,81515904831.0,105430382014.0,,99593017552.0,88469958703.0,,115490895714.0,130048291557.0,,174005692623.0,142564292065.0,,380029515142.0,116372755248.0,,20333866781.0,5442629061.0,,10794348785.0,-7039642699.0,,6.2,66.37,81.85,-4.94,91.22,119.17,,,,226.56,273.6,,
443250,레뷰코퍼레이션,CFS,60727216078.0,22739980670.0,19297027154.0,23175299192.0,12849221775.0,15586973139.0,24539395715.0,13787195860.0,15964150469.0,54315426659.0,25896268915.0,12631794805.0,51589751390.0,40268701494.0,22985129366.0,2786624323.0,4545976316.0,2249328552.0,3388171076.0,6149356728.0,496866525.0,6.24,45.18,262.03,23.75,53.24,176.98,3.93,126.38,123.8,28.11,-38.7,75.19,102.1
443670,에스피소프트,CFS,25132398648.0,20220611975.0,15476921565.0,6463418612.0,4964802885.0,4055225733.0,7614591128.0,6215502373.0,5467167453.0,32726211551.0,26986004804.0,22784669353.0,35243425295.0,33421090634.0,17277258624.0,4753100664.0,4868052890.0,2676633856.0,4377778679.0,4112204285.0,1948321123.0,13.38,23.27,388.84,15.24,23.03,407.28,8.55,23.99,381.65,5.45,-2.36,93.44,81.87
444530,심플랫폼,,,,,,,,,,,,,,,,,,,,,,,,,,,,,,,,,,,
445090,에이직랜드,CFS,112530621407.0,61663377094.0,34288951910.0,46701008852.0,67026161015.0,41524706344.0,62163714626.0,70958779192.0,45466239486.0,97793723657.0,3286164227.0,-2771808833.0,74154339770.0,69629209123.0,45195788016.0,3859958977.0,11449730766.0,2751277012.0,3641164604.0,5149538471.0,2092692174.0,3.72,63.57,240.96,156.7,2159.32,92.0,-75.5,-1640.31,82.57,6.5,-66.29,54.06,316.16
445180,퓨릿,CFS,51566773168.0,34174819117.0,31886802644.0,15775507534.0,25828247811.0,30461999542.0,15922862917.0,25966337880.0,30495131961.0,83256336432.0,38723433580.0,26283244240.0,120458972206.0,137372953698.0,106664995737.0,12837905687.0,14282830314.0,9993694537.0,12088188617.0,11554776238.0,7447865731.0,14.52,19.13,326.88,29.84,67.06,132.32,28.34,116.02,104.68,-12.31,-10.12,28.79,42.92
445680,큐리옥스바이오시스템즈,CFS,21600669961.0,13949499136.0,23059595823.0,2716567570.0,2834783378.0,48394744286.0,4914538411.0,4766714313.0,50200649460.0,52883455236.0,43860777282.0,5592683005.0,6787910936.0,7236977820.0,5522799087.0,-10557074113.0,-11421000114.0,-8336675528.0,-10041722918.0,-11497683485.0,-14525191549.0,-18.99,9.29,795.15,-26.21,10.87,492.08,-259.72,897.61,47.65,-6.21,7.56,31.04,-37.0
446540,메가터치,CFS,40212524018.0,23087630779.0,19371447493.0,14914537724.0,16783480371.0,12807269519.0,16581646232.0,17158123278.0,15474359837.0,50145001909.0,24788706934.0,18213179262.0,50143416324.0,49044882988.0,39450600991.0,-252673138.0,8094899886.0,2477559278.0,-88210647.0,6575527672.0,3427734474.0,-0.18,33.07,269.62,26.53,69.22,137.56,18.82,84.96,151.25,2.24,-103.12,24.32,226.73
446840,지슨,CFS,12032630182.0,1985817499.0,,0.0,0.0,,989682324.0,910501818.0,,11042947858.0,1075315681.0,,0.0,0.0,,-21291150.0,-10549440.0,,121793893.0,-16179063.0,,1.1,8.96,,-1.5,84.67,,,,,,-101.82,,
448280,에코아이,CFS,132972364408.0,71400978900.0,60480578559.0,7412078507.0,23530608693.0,19120457633.0,18905394893.0,29148990683.0,37362880849.0,131112058631.0,49238292017.0,27907021670.0,64821406710.0,60121142197.0,26994234332.0,18231549937.0,20033029594.0,10162848799.0,15692864417.0,15559454518.0,7996520497.0,11.97,14.42,1794.0,31.6,59.2,303.44,28.65,133.88,316.31,7.82,-8.99,122.72,97.12
448710,코츠테크놀로지,CFS,59153542190.0,29220818502.0,25829236167.0,27150237242.0,17300986355.0,13498391668.0,28066561913.0,18226264561.0,14495573869.0,36587114533.0,16082629666.0,16220048064.0,51299936158.0,41835502370.0,31898973540.0,8801179354.0,2785574622.0,2690844081.0,7013193567.0,2296576120.0,2272182540.0,19.17,76.71,217.87,14.28,113.33,168.9,14.01,89.37,191.35,22.62,215.96,31.15,3.52
448900,한국피아이엠,,,,,,,,,,,,,,,,,,,,,,,,,,,,,,,,,,,
450330,하스,,,,,,,,,,,,,,,,,,,,,,,,,,,,,,,,,,,
450520,인스웨이브,CFS,46807247355.0,22110947147.0,18990028648.0,9682456313.0,11270713079.0,15817138786.0,11028284484.0,17049946097.0,22797390658.0,45989525534.0,15195496273.0,6732825997.0,32603845712.0,43629716712.0,32608351408.0,5181088943.0,7039261197.0,4301869628.0,4720146948.0,5391711724.0,4422482784.0,10.26,23.98,483.42,35.48,112.2,196.18,65.69,338.6,120.06,-25.27,-26.4,33.8,63.63
450950,아스테라시스,,,,,,,,,,,,,,,,,,,,,,,,,,,,,,,,,,,
451220,아이엠티,CFS,24520648271.0,8433979729.0,9248624767.0,1037942476.0,4283453145.0,10137968755.0,3719898899.0,7425416172.0,12987551366.0,26555558612.0,7577428864.0,2987292334.0,6469805221.0,10756717708.0,7327878427.0,-2238560925.0,254042570.0,-588932080.0,-2327481928.0,-429546963.0,-569358529.0,-8.76,14.01,2362.43,-5.67,97.99,196.9,-19.06,434.76,91.23,-39.85,-981.18,46.79,143.14
451250,삐아,,,,,,,,,,,,,,,,,,,,,,,,,,,,,,,,,,,
451760,컨텍,CFS,89560097769.0,59545116088.0,10571684517.0,8605168868.0,111293340003.0,28594170986.0,12060786243.0,113868074856.0,29199544411.0,109714255111.0,-30942249945.0,-11151536284.0,15813851205.0,12760351277.0,5787300240.0,-9982807232.0,-1857593758.0,-1798278694.0,-64886392989.0,-20705097680.0,-12449932055.0,-59.14,10.99,1040.77,66.92,-368.0,53.5,111.64,-261.84,36.97,23.93,-437.41,120.49,-3.3
452160,제이엔비,CFS,16475998810.0,5271442224.0,3370214992.0,12738311322.0,10305284927.0,6317900456.0,25221144111.0,28759211962.0,14991664450.0,34580994535.0,22707930798.0,17657876008.0,15313114696.0,16550325313.0,14608246890.0,3289323223.0,5025838342.0,3308227004.0,-2542800502.0,5220171984.0,5171678840.0,-7.35,72.93,129.34,22.99,126.65,51.15,29.29,84.9,53.34,-7.48,-34.55,13.29,51.92
452190,한빛레이저,CFS,28245471968.0,14883341483.0,11300931698.0,14279362518.0,9313920425.0,6855012080.0,16316158313.0,11171224348.0,9260111241.0,23499166992.0,15265334179.0,12368281683.0,22675958450.0,20585914682.0,17594562185.0,645281713.0,2383537217.0,1313222979.0,-5570699061.0,2079773701.0,1889555314.0,-23.71,69.43,197.81,13.62,73.18,159.8,15.28,74.87,164.86,10.15,-72.93,17.0,81.5
452200,민테크,,,,,,,,,,,,,,,,,,,,,,,,,,,,,,,,,,,
452280,한선엔지니어링,CFS,37420467107.0,35445384943.0,21303739805.0,8269113742.0,32333014003.0,22786453596.0,17222864490.0,35637388699.0,24607692966.0,54917000119.0,20538362495.0,14789038178.0,47752548300.0,40971122327.0,27199897007.0,6192440505.0,7167697077.0,2887034102.0,4540751867.0,5498221693.0,2399514033.0,8.27,31.36,452.53,26.77,173.52,109.63,16.22,166.39,93.49,16.55,-13.61,50.63,148.27
452300,캡스톤파트너스,CFS,12327875010.0,3304878844.0,5268220785.0,4180294607.0,5869251142.0,5336250530.0,5207743605.0,12611331148.0,10291877200.0,31025122392.0,21138473403.0,15017238738.0,9508927375.0,12216491432.0,14387619374.0,-2432527988.0,7100921456.0,7668281979.0,-4315191604.0,6124121466.0,5659403971.0,-13.91,16.79,294.9,28.97,59.66,56.31,37.69,68.53,98.73,-22.16,-134.26,-15.09,-7.4
452400,이닉스,CFS,58191998541.0,54911510032.0,52441047683.0,10925465739.0,12048085808.0,8833305220.0,11636375321.0,12379429527.0,9646719804.0,80795201543.0,72804221672.0,64199767153.0,118889585648.0,114301523962.0,99208547685.0,10785623995.0,9373779741.0,9858613981.0,11019334056.0,10802010757.0,8788635383.0,13.64,14.4,532.63,14.84,17.0,455.77,13.69,15.03,593.67,4.01,15.06,15.21,-4.92
452430,사피엔반도체,CFS,5575802912.0,3679080601.0,9768278832.0,882102363.0,16045938358.0,14634782447.0,10730234970.0,16722236786.0,15115817616.0,10833366343.0,-10775122512.0,-4387801459.0,3210281108.0,7192453947.0,1372800112.0,-6922499119.0,-2845116156.0,-1241778397.0,-13111750083.0,-7079672678.0,-3440552045.0,-121.03,99.05,632.1,65.7,-155.19,22.93,78.41,-344.5,66.75,-55.37,-143.31,423.93,-129.12
452450,피아이이,,,,,,,,,,,,,,,,,,,,,,,,,,,,,,,,,,,
453450,그리드위즈,,,,,,,,,,,,,,,,,,,,,,,,,,,,,,,,,,,
453860,에이에스텍,CFS,40982940508.0,14046133439.0,9420660849.0,20905645034.0,20821832650.0,11869861390.0,23040718951.0,31000813898.0,29919869917.0,46800270950.0,3829790038.0,1967638365.0,47339369988.0,32163647980.0,14645597568.0,9168234660.0,4516449711.0,745825897.0,6822113177.0,1839507948.0,517762660.0,14.58,49.23,196.04,48.03,809.47,67.46,26.31,1520.6,79.37,47.18,103.0,119.61,505.56
455180,케이지에이,,,,,,,,,,,,,,,,,,,,,,,,,,,,,,,,,,,
455900,엔젤로보틱스,CFS,17187995497.0,12461943651.0,18322539147.0,11018322980.0,34708666827.0,34578687406.0,12640269223.0,36240926643.0,36065748921.0,8677896459.0,-19785449759.0,-13863147566.0,5146186401.0,2184312362.0,813929245.0,-6496614879.0,-7101028909.0,-4828658015.0,-9238951561.0,-6797309830.0,-24094043586.0,-106.47,145.66,155.99,34.36,-183.17,35.9,173.8,-260.16,52.99,135.6,8.51,168.37,-47.06
456010,아이씨티케이,CFS,7977786095.0,7967702742.0,5363316022.0,790934957.0,40719672235.0,27908643645.0,1004537958.0,40969228553.0,28250568492.0,9408274176.0,-31128135547.0,-20964162523.0,6187514371.0,2566873755.0,2000036110.0,-2364614723.0,-3334554411.0,-3106550477.0,-9030707393.0,-10771971652.0,-5253120643.0,-95.99,10.68,1008.65,34.61,-131.61,19.57,25.06,-134.76,19.22,141.05,29.09,28.34,-7.34
456070,이엔셀,,,,,,,,,,,,,,,,,,,,,,,,,,,,,,,,,,,
456160,지투지바이오,,,,,,,,,,,,,,,,,,,,,,,,,,,,,,,,,,,
457370,한켐,,,,,,,,,,,,,,,,,,,,,,,,,,,,,,,,,,,
457550,우진엔텍,CFS,22905937642.0,13773302167.0,9463640117.0,4263355688.0,5039114102.0,2105925331.0,5848450237.0,6534331483.0,4896041866.0,33608449202.0,23928581794.0,20278681677.0,40682712915.0,37364336431.0,31236794775.0,5893114729.0,5673304262.0,4950804374.0,5266178665.0,4761400117.0,4470133667.0,15.67,17.4,537.27,19.9,27.31,273.33,22.04,24.14,449.38,8.88,3.87,19.62,14.59
457600,벡트,,,,,,,,,,,,,,,,,,,,,,,,,,,,,,,,,,,
458350,에스팀,,,,,,,,,,,,,,,,,,,,,,,,,,,,,,,,,,,
458650,성우,,,,,,,,,,,,,,,,,,,,,,,,,,,,,,,,,,,
458870,씨어스,,,,,,,,,,,,,,,,,,,,,,,,,,,,,,,,,,,
459100,위츠,,,,,,,,,,,,,,,,,,,,,,,,,,,,,,,,,,,
459510,나우로보틱스,,,,,,,,,,,,,,,,,,,,,,,,,,,,,,,,,,,
459550,알트,,,,,,,,,,,,,,,,,,,,,,,,,,,,,,,,,,,
460470,아이빔테크놀로지,,,,,,,,,,,,,,,,,,,,,,,,,,,,,,,,,,,
460870,에스엠씨지,,,,,,,,,,,,,,,,,,,,,,,,,,,,,,,,,,,
460930,현대힘스,CFS,45057508372.0,29281153736.0,37490823054.0,34525887012.0,32524803054.0,20413216240.0,73648230286.0,65889547709.0,46058108674.0,176835518445.0,167667793771.0,166744355640.0,189188021565.0,144752544468.0,120971135005.0,14463678384.0,3756954475.0,6228818073.0,10117377616.0,4366217534.0,4708568182.0,5.72,41.65,130.5,2.6,39.3,90.03,2.82,27.62,183.66,30.7,284.98,19.66,-39.68
460940,피앤에스로보틱스,,,,,,,,,,,,,,,,,,,,,,,,,,,,,,,,,,,
461030,아이엠비디엑스,,,,,,,,,,,,,,,,,,,,,,,,,,,,,,,,,,,
461300,아이스크림미디어,,,,,,,,,,,,,,,,,,,,,,,,,,,,,,,,,,,
462310,뉴키즈온,,,,,,,,,,,,,,,,,,,,,,,,,,,,,,,,,,,
462350,이노스페이스,CFS,13656240993.0,13031020107.0,19724611034.0,2333201305.0,62091687093.0,26659354753.0,4217878610.0,107327201556.0,62939397651.0,19823509002.0,-83815696739.0,-35685150074.0,231425455.0,342201581.0,,-15929213281.0,-25822444575.0,,-83246975113.0,-48344907514.0,,-419.94,21.28,585.3,57.68,-128.05,20.99,,-176.37,73.99,-32.37,38.31,,
462510,라메디텍,,,,,,,,,,,,,,,,,,,,,,,,,,,,,,,,,,,
462860,더즌,,,,,,,,,,,,,,,,,,,,,,,,,,,,,,,,,,,
462980,아이지넷,,,,,,,,,,,,,,,,,,,,,,,,,,,,,,,,,,,
463020,뉴엔AI,,,,,,,,,,,,,,,,,,,,,,,,,,,,,,,,,,,
463480,모티브링크,,,,,,,,,,,,,,,,,,,,,,,,,,,,,,,,,,,
464080,에스오에스랩,,,,,,,,,,,,,,,,,,,,,,,,,,,,,,,,,,,
464280,티디에스팜,,,,,,,,,,,,,,,,,,,,,,,,,,,,,,,,,,,
464490,쿼드메디슨,,,,,,,,,,,,,,,,,,,,,,,,,,,,,,,,,,,
464500,아이언디바이스,,,,,,,,,,,,,,,,,,,,,,,,,,,,,,,,,,,
464580,닷밀,,,,,,,,,,,,,,,,,,,,,,,,,,,,,,,,,,,
465320,교보15호스팩,CFS,,,,,,,1393555812.0,,,7446244059.0,,,0.0,,,,,,-28662829.0,,,-0.38,18.71,,,,,,,,,,,
465480,인스피언,,,,,,,,,,,,,,,,,,,,,,,,,,,,,,,,,,,
466100,클로봇,,,,,,,,,,,,,,,,,,,,,,,,,,,,,,,,,,,
466410,사이냅소프트,,,,,,,,,,,,,,,,,,,,,,,,,,,,,,,,,,,
466690,키움히어로제1호스팩,,,,,,,,,,,,,,,,,,,,,,,,,,,,,,,,,,,
467930,IBKS제23호스팩,CFS,9833932945.0,,,12246690.0,,,1460640920.0,,,8373292025.0,,,0.0,,,-26709469.0,,,-31340652.0,,,-0.37,17.44,80298.7,,,,,,,,,,
468530,프로티나,,,,,,,,,,,,,,,,,,,,,,,,,,,,,,,,,,,
468760,유진스팩10호,CFS,1994409447.0,,,0.0,,,1392021335.0,,,602388112.0,,,0.0,,,-19174640.0,,,-21019233.0,,,-3.49,231.08,,,,,,,,,,,
469480,IBKS제24호스팩,CFS,1975044758.0,,,0.0,,,1421950041.0,,,553094717.0,,,0.0,,,-19692920.0,,,-32567159.0,,,-5.89,257.09,,,,,,,,,,,
469610,이노테크,,,,,,,,,,,,,,,,,,,,,,,,,,,,,,,,,,,
469750,아이비젼웍스,,,,,,,,,,,,,,,,,,,,,,,,,,,,,,,,,,,
469880,하나30호스팩,CFS,17069304027.0,,,2677420.0,,,2533818159.0,,,14535485868.0,,,0.0,,,-18494320.0,,,-21853427.0,,,-0.15,17.43,637528.07,,,,,,,,,,
469900,하나31호스팩,CFS,2388207638.0,,,2677420.0,,,1517811860.0,,,870395778.0,,,0.0,,,-7851320.0,,,-20232888.0,,,-2.32,174.38,89198.1,,,,,,,,,,
471050,대신밸런스제17호스팩,CFS,1977719009.0,,,4400000.0,,,1052674251.0,,,925044758.0,,,,,,-20878400.0,,,-32871713.0,,,-3.55,113.8,44948.16,,,,,,,,,,
471820,셀로맥스사이언스,,,,,,,,,,,,,,,,,,,,,,,,,,,,,,,,,,,
472220,신영스팩10호,CFS,,,,,,,1441983193.0,,,394509392.0,,,0.0,,,,,,-16306846.0,,,-4.13,365.51,,,,,,,,,,,
472230,에스케이증권제11호스팩,CFS,1985109712.0,,,,,,1517855538.0,,,467254174.0,,,,,,-11964640.0,,,-19929196.0,,,-4.27,324.85,,,,,,,,,,,
472850,폰드그룹,CFS,159728472126.0,,,77511920085.0,,,151508810277.0,,,187196616329.0,,,2781338079.0,,,667627775.0,,,237886985.0,,,0.13,80.94,206.07,,,,,,,,,,
473000,에스케이증권제12호스팩,,,,,,,,,,,,,,,,,,,,,,,,,,,,,,,,,,,
473050,유안타제15호스팩,CFS,2283775760.0,,,220000.0,,,1497024060.0,,,786751700.0,,,,,,-12105940.0,,,-14405021.0,,,-1.83,190.28,1038079.89,,,,,,,,,,
473950,에스케이증권제13호스팩,,,,,,,,,,,,,,,,,,,,,,,,,,,,,,,,,,,
473980,노머스,,,,,,,,,,,,,,,,,,,,,,,,,,,,,,,,,,,
474170,루미르,,,,,,,,,,,,,,,,,,,,,,,,,,,,,,,,,,,
474490,유안타제16호스팩,,,,,,,,,,,,,,,,,,,,,,,,,,,,,,,,,,,
474610,RF시스템즈,,,,,,,,,,,,,,,,,,,,,,,,,,,,,,,,,,,
474650,링크솔루션,,,,,,,,,,,,,,,,,,,,,,,,,,,,,,,,,,,
474660,신한제12호스팩,,,,,,,,,,,,,,,,,,,,,,,,,,,,,,,,,,,
474930,신한제13호스팩,,,,,,,,,,,,,,,,,,,,,,,,,,,,,,,,,,,
475040,스트라드비젼,,,,,,,,,,,,,,,,,,,,,,,,,,,,,,,,,,,
475230,엔알비,,,,,,,,,,,,,,,,,,,,,,,,,,,,,,,,,,,
475240,하나32호스팩,,,,,,,,,,,,,,,,,,,,,,,,,,,,,,,,,,,
475250,하나33호스팩,,,,,,,,,,,,,,,,,,,,,,,,,,,,,,,,,,,
475400,씨메스로보틱스,,,,,,,,,,,,,,,,,,,,,,,,,,,,,,,,,,,
475430,키스트론,,,,,,,,,,,,,,,,,,,,,,,,,,,,,,,,,,,
475460,미트박스,,,,,,,,,,,,,,,,,,,,,,,,,,,,,,,,,,,
475580,에이럭스,,,,,,,,,,,,,,,,,,,,,,,,,,,,,,,,,,,
475660,에스켐,,,,,,,,,,,,,,,,,,,,,,,,,,,,,,,,,,,
475830,오름테라퓨틱,,,,,,,,,,,,,,,,,,,,,,,,,,,,,,,,,,,
475960,토모큐브,,,,,,,,,,,,,,,,,,,,,,,,,,,,,,,,,,,
476040,오가노이드사이언스,,,,,,,,,,,,,,,,,,,,,,,,,,,,,,,,,,,
476060,온코닉테라퓨틱스,,,,,,,,,,,,,,,,,,,,,,,,,,,,,,,,,,,
476080,M83,,,,,,,,,,,,,,,,,,,,,,,,,,,,,,,,,,,
476830,알지노믹스,CFS,15986810525.0,31502226916.0,9656282616.0,93282928355.0,96531016698.0,50610822333.0,94938146858.0,98032109908.0,51834339824.0,-74731410712.0,-62594958331.0,-39308835062.0,143607690.0,0.0,0.0,-15522148625.0,-19190939484.0,-10959741515.0,-13599580467.0,-31534497705.0,-22680029476.0,18.2,-127.04,17.14,50.38,-156.61,32.63,57.7,-131.86,19.08,,19.12,,-75.1
477340,에이치엠씨제7호스팩,,,,,,,,,,,,,,,,,,,,,,,,,,,,,,,,,,,
477380,미래에셋비전스팩4호,,,,,,,,,,,,,,,,,,,,,,,,,,,,,,,,,,,
477470,미래에셋비전스팩5호,,,,,,,,,,,,,,,,,,,,,,,,,,,,,,,,,,,
477760,DB금융스팩12호,,,,,,,,,,,,,,,,,,,,,,,,,,,,,,,,,,,
477850,마키나락스,,,,,,,,,,,,,,,,,,,,,,,,,,,,,,,,,,,
478110,이베스트스팩6호,,,,,,,,,,,,,,,,,,,,,,,,,,,,,,,,,,,
478340,나라스페이스테크놀로지,,,,,,,,,,,,,,,,,,,,,,,,,,,,,,,,,,,
478390,KB제29호스팩,,,,,,,,,,,,,,,,,,,,,,,,,,,,,,,,,,,
478440,미래에셋비전스팩6호,,,,,,,,,,,,,,,,,,,,,,,,,,,,,,,,,,,
478560,블랙야크아이앤씨,,,,,,,,,,,,,,,,,,,,,,,,,,,,,,,,,,,
479880,한국제15호스팩,,,,,,,,,,,,,,,,,,,,,,,,,,,,,,,,,,,
479960,위너스일렉,,,,,,,,,,,,,,,,,,,,,,,,,,,,,,,,,,,
481070,에이유브랜즈,,,,,,,,,,,,,,,,,,,,,,,,,,,,,,,,,,,
481890,엔에이치스팩31호,,,,,,,,,,,,,,,,,,,,,,,,,,,,,,,,,,,
482520,교보16호스팩,,,,,,,,,,,,,,,,,,,,,,,,,,,,,,,,,,,
482630,삼양엔씨켐,,,,,,,,,,,,,,,,,,,,,,,,,,,,,,,,,,,
482680,미래에셋비전스팩7호,,,,,,,,,,,,,,,,,,,,,,,,,,,,,,,,,,,
482690,대신밸런스제19호스팩,,,,,,,,,,,,,,,,,,,,,,,,,,,,,,,,,,,
484120,도우인시스,,,,,,,,,,,,,,,,,,,,,,,,,,,,,,,,,,,
484130,하나34호스팩,,,,,,,,,,,,,,,,,,,,,,,,,,,,,,,,,,,
484590,삼양컴텍,,,,,,,,,,,,,,,,,,,,,,,,,,,,,,,,,,,
484810,티엑스알로보틱스,,,,,,,,,,,,,,,,,,,,,,,,,,,,,,,,,,,
486630,KB제30호스팩,,,,,,,,,,,,,,,,,,,,,,,,,,,,,,,,,,,
486990,노타,,,,,,,,,,,,,,,,,,,,,,,,,,,,,,,,,,,
487360,신한제14호스팩,,,,,,,,,,,,,,,,,,,,,,,,,,,,,,,,,,,
487580,폴레드,,,,,,,,,,,,,,,,,,,,,,,,,,,,,,,,,,,
487720,키움제10호스팩,,,,,,,,,,,,,,,,,,,,,,,,,,,,,,,,,,,
487830,신한제15호스팩,,,,,,,,,,,,,,,,,,,,,,,,,,,,,,,,,,,
488060,유진스팩11호,,,,,,,,,,,,,,,,,,,,,,,,,,,,,,,,,,,
488280,에스투더블유,,,,,,,,,,,,,,,,,,,,,,,,,,,,,,,,,,,
488900,비츠로넥스텍,,,,,,,,,,,,,,,,,,,,,,,,,,,,,,,,,,,
489210,교보17호스팩,,,,,,,,,,,,,,,,,,,,,,,,,,,,,,,,,,,
489460,바이오비쥬,,,,,,,,,,,,,,,,,,,,,,,,,,,,,,,,,,,
489480,키움제11호스팩,,,,,,,,,,,,,,,,,,,,,,,,,,,,,,,,,,,
489500,엘케이켐,,,,,,,,,,,,,,,,,,,,,,,,,,,,,,,,,,,
489730,디비금융제13호스팩,,,,,,,,,,,,,,,,,,,,,,,,,,,,,,,,,,,
490470,세미파이브,,,,,,,,,,,,,,,,,,,,,,,,,,,,,,,,,,,
491000,리브스메드,,,,,,,,,,,,,,,,,,,,,,,,,,,,,,,,,,,
492220,KB제31호스팩,,,,,,,,,,,,,,,,,,,,,,,,,,,,,,,,,,,
493280,아이엠바이오로직스,,,,,,,,,,,,,,,,,,,,,,,,,,,,,,,,,,,
493330,지에프아이,,,,,,,,,,,,,,,,,,,,,,,,,,,,,,,,,,,
493790,유안타제17호스팩,,,,,,,,,,,,,,,,,,,,,,,,,,,,,,,,,,,
494120,큐리오시스,,,,,,,,,,,,,,,,,,,,,,,,,,,,,,,,,,,
496070,신한제16호스팩,,,,,,,,,,,,,,,,,,,,,,,,,,,,,,,,,,,
498390,한화플러스제5호스팩,,,,,,,,,,,,,,,,,,,,,,,,,,,,,,,,,,,
