종목코드,종목명,재무제표종류,유동자산_2023,유동자산_2022,유동부채_2023,유동부채_2022,부채총계_2023,부채총계_2022,자본총계_2023,자본총계_2022,매출액_2023,매출액_2022,영업이익_2023,영업이익_2022,당기순이익_2023,당기순이익_2022
000020,동화약품,CFS,237700038220.0,227527470560.0,106133854638.0,75562338929.0,157916042874.0,82463208091.0,407056365747.0,378673250961.0,361108562008.0,340426327300.0,18775880121.0,29915077882.0,28237045586.0,21591210925.0
000040,KR모터스,CFS,48971232724.0,60741213420.0,100285757703.0,93561448025.0,116165786012.0,109161230426.0,22404630587.0,40024015157.0,78406266627.0,117058740510.0,-17856852211.0,-6234392973.0,-21026668952.0,-13001279643.0
000050,경방,CFS,147155592912.0,149882373163.0,284315938413.0,199537522037.0,468815407005.0,493309854178.0,738045543935.0,755008459357.0,393518958996.0,389227582838.0,15968826403.0,31895306272.0,-13452219151.0,4415249761.0
000070,삼양홀딩스,CFS,1891863242322.0,1747899297133.0,1362419052900.0,754976733224.0,2340123861992.0,2024270109926.0,2796536317013.0,2523510512180.0,3210853491794.0,3316777826141.0,94802726814.0,132324276850.0,227014034818.0,105849359330.0
000080,하이트진로,CFS,1067666618640.0,1054944220365.0,1637599087593.0,1538466820626.0,2242471577188.0,2172409936540.0,1115875628342.0,1161028374847.0,2520181551629.0,2497554821448.0,123919983380.0,190571249139.0,35511119931.0,86816258840.0
000087,하이트진로2우B,,,,,,,,,,,,,,,
000100,유한양행,CFS,1256459307871.0,1188897717371.0,583192369256.0,434154259039.0,712337878463.0,464921702703.0,2101732643463.0,2007806369446.0,1858983759666.0,1775846942745.0,56759795062.0,36028967211.0,134031517424.0,90592526174.0
000105,유한양행우,,,,,,,,,,,,,,,
000120,CJ대한통운,CFS,2488306558137.0,2956459492592.0,2622292399933.0,3108759801795.0,5314491023876.0,5658991479602.0,4043096242871.0,4034308338662.0,11767893663269.0,12130712862374.0,480234863157.0,411786887242.0,242876054885.0,196821784424.0
000140,하이트진로홀딩스,CFS,1085052800898.0,1071001299628.0,2148800130886.0,1953602947964.0,2874614630369.0,2779584712819.0,1105136518377.0,1165416251848.0,2506869281995.0,2484277054372.0,138073290650.0,202502517207.0,18315800358.0,72048976158.0
000145,하이트진로홀딩스우,,,,,,,,,,,,,,,
000150,두산,CFS,11446327758199.0,9526315384836.0,11438852161739.0,9478485386427.0,17080070105878.0,16017536857154.0,11206738545707.0,10297815766057.0,19130129881903.0,16995760103010.0,1436262204451.0,1126028726422.0,272073643932.0,-581168717784.0
000155,두산우,,,,,,,,,,,,,,,
000157,두산2우B,,,,,,,,,,,,,,,
000180,성창기업지주,CFS,57333168068.0,94243757784.0,108459246277.0,135617637519.0,195769130917.0,224541467009.0,573298043999.0,595772787956.0,166253799305.0,227519697624.0,-16701274741.0,-11487135610.0,-24022292887.0,-13134358819.0
000210,DL,CFS,2818251796605.0,3002744413405.0,3123550526270.0,2323118787433.0,7586162395568.0,7401228917375.0,4533401164317.0,4602803852867.0,5017815821242.0,5173707170177.0,150696391721.0,284470889015.0,-120978168525.0,98152634753.0
000215,DL우,,,,,,,,,,,,,,,
000220,유유제약,CFS,101596545868.0,96357746320.0,49975202561.0,64315528099.0,77857871884.0,71831031376.0,120355654883.0,123374041412.0,137209588673.0,138881056346.0,364537115.0,-592113629.0,-5540581558.0,-4425392926.0
000225,유유제약1우,,,,,,,,,,,,,,,
000227,유유제약2우B,,,,,,,,,,,,,,,
000230,일동홀딩스,CFS,269741863061.0,357916641920.0,531647750490.0,526724128430.0,707097204368.0,693452985420.0,169901850428.0,169100181474.0,638447517670.0,675539717333.0,-79561775827.0,-98410983144.0,-118787164570.0,-194503503708.0
000240,한국앤컴퍼니,CFS,719088877696.0,531357795700.0,461942240387.0,285271955522.0,624304502331.0,445377543909.0,4016691459374.0,3856441131880.0,1089668057103.0,1095895770449.0,256563452628.0,245248895826.0,187234321156.0,166028417720.0
000270,기아,CFS,37466302000000.0,34147147000000.0,25674105000000.0,25377803000000.0,34069591000000.0,34367884000000.0,46558235000000.0,39343081000000.0,99808420000000.0,86559029000000.0,11607873000000.0,7233120000000.0,8777817000000.0,5408976000000.0
000300,DH오토넥스,CFS,22832186627.0,244993953070.0,197353624947.0,330733362911.0,202256217483.0,431957816260.0,-127983096130.0,111252460593.0,32790275265.0,50206345165.0,-29945679316.0,-3650120030.0,-177163487018.0,-24285822987.0
000320,노루홀딩스,CFS,595112644977.0,583742767450.0,351623858673.0,367016107664.0,495031925010.0,511163923981.0,693791646520.0,660825453997.0,1214616529837.0,1031734916590.0,67435854564.0,29622458735.0,51679439985.0,33390806659.0
000325,노루홀딩스우,,,,,,,,,,,,,,,
000370,한화손해보험,CFS,,,,,14769484441908.0,13942309499679.0,3345779304103.0,3231202089729.0,0.0,0.0,,,212756867457.0,187263661938.0
000390,SP삼화,CFS,298301302214.0,288113092021.0,214188723179.0,225145199247.0,281560002691.0,287461316451.0,309053611346.0,299724957682.0,631381875774.0,646039531651.0,25826733514.0,19854394322.0,16130730290.0,5498047424.0
000400,롯데손해보험,CFS,,,,,13586751527119.0,14961508820035.0,1256231689675.0,1803031352388.0,,,,,301635926214.0,-99202435421.0
000430,대원강업,CFS,415648611932.0,380159612604.0,372141469780.0,376914805040.0,408110668532.0,412406943010.0,618192989958.0,598011882328.0,1106756862193.0,1024450498787.0,59171860226.0,22056715849.0,37786380416.0,23233915898.0
000480,CR홀딩스,CFS,431029759217.0,460349348857.0,710420109813.0,551300891815.0,795117752139.0,793378121821.0,826684106817.0,827063930862.0,816904445534.0,798039613255.0,39415273348.0,22597868685.0,26857674151.0,49575574685.0
000490,대동,CFS,1174544147465.0,1048975028464.0,1110209880220.0,925269813878.0,1379316412077.0,1241782449283.0,577059698865.0,471990756298.0,1433390777280.0,1463737929724.0,65403445106.0,88279120517.0,11919509695.0,38470968608.0
000500,가온전선,CFS,545333236859.0,491767369545.0,376758134591.0,319323694193.0,470794089215.0,449261889191.0,331011443000.0,303070555819.0,1498606544413.0,1416454404337.0,43720038993.0,28462568691.0,17898342263.0,10463889335.0
000520,삼일제약,CFS,81115093239.0,74781467488.0,168674681515.0,132592028750.0,242852725250.0,230880901101.0,127827371786.0,125819595538.0,196345807846.0,179676108240.0,6471027760.0,4016581828.0,1663539539.0,-28287010.0
000540,흥국화재,CFS,,,,,10670878000000.0,9810958000000.0,1360675000000.0,2592783000000.0,,,,,316147000000.0,207243000000.0
000545,흥국화재우,,,,,,,,,,,,,,,
000590,CS홀딩스,CFS,236509695616.0,213280099039.0,25133516977.0,22982072997.0,36702819606.0,33693421213.0,347206891081.0,330428149572.0,171965239524.0,175266452048.0,19128717935.0,15632045335.0,22145557927.0,18788497648.0
000640,동아쏘시오홀딩스,CFS,413803739844.0,338341608434.0,628929901050.0,566085715566.0,929797048609.0,732791277454.0,1027309301757.0,998660789749.0,1132002860400.0,1014860897959.0,76881723048.0,37854827137.0,55863039721.0,7835195645.0
000650,천일고속,CFS,5021819384.0,9480877874.0,8691395907.0,18006556086.0,35683673324.0,28229905515.0,19058948856.0,26615752815.0,43998455771.0,37703179407.0,-5148165928.0,-7411183633.0,-4813001445.0,-6007020421.0
000660,SK하이닉스,CFS,30468100000000.0,28733332000000.0,21007810000000.0,19843696000000.0,46826413000000.0,40580970000000.0,53503752000000.0,63290542000000.0,32765719000000.0,44621568000000.0,-7730313000000.0,6809417000000.0,-9137547000000.0,2241669000000.0
000670,영풍,CFS,1369894823006.0,1747077425369.0,688209207689.0,925918930294.0,1285348175271.0,1468547025489.0,4282768794784.0,4403386626977.0,3761732632263.0,4429488166601.0,-169812608768.0,68871997441.0,-83369162564.0,415564249162.0
000680,LS네트웍스,CFS,285499587635.0,282285964979.0,597891183828.0,210966610920.0,745211525600.0,748565972243.0,564007596867.0,551876482818.0,379631754364.0,362911031595.0,11618277292.0,8016374672.0,10704983628.0,-2397223065.0
000700,유수홀딩스,CFS,323186011567.0,314536587203.0,57086858829.0,63779943527.0,68107152536.0,79255169817.0,446364985165.0,445670895055.0,341773101419.0,557607368527.0,21005544102.0,29646246718.0,23263597963.0,44118934136.0
000720,현대건설,CFS,18613430000000.0,15516744000000.0,10356647000000.0,8757397000000.0,13258980000000.0,10987431000000.0,10455515000000.0,9924277000000.0,29651357000000.0,21239082000000.0,785430000000.0,574902000000.0,654281000000.0,470876000000.0
000725,현대건설우,,,,,,,,,,,,,,,
000760,이화산업,CFS,44829814562.0,48156421369.0,30053673395.0,27876430288.0,58674386856.0,58496402565.0,207278131988.0,209720843894.0,47187842383.0,58633950913.0,-1813616540.0,-884105121.0,-2102669509.0,864473481.0
000810,삼성화재,CFS,,,,,68874631707984.0,68272537720188.0,16144398281437.0,12523472714851.0,,,2357283417485.0,2044658985784.0,1821614343047.0,1626701560909.0
000815,삼성화재우,,,,,,,,,,,,,,,
000850,화천기공,CFS,188321223600.0,204833126801.0,79201392082.0,85246377720.0,118338768262.0,128766812502.0,345546637806.0,345265803434.0,225720429438.0,244093710786.0,4560057509.0,8182884639.0,10563122927.0,37485626338.0
000860,강남제비스코,CFS,329042678141.0,318471402195.0,220270857716.0,190999008997.0,293589356337.0,278945532072.0,692097370896.0,678845782760.0,638789180998.0,673166188482.0,23167970906.0,4405118561.0,21726050379.0,11666578220.0
000880,한화,CFS,23053899000000.0,22317004000000.0,26074591000000.0,21094631000000.0,176539410000000.0,163801018000000.0,3399738000000.0,3344110000000.0,53134813000000.0,50886731000000.0,2411920000000.0,2369638000000.0,1635515000000.0,2008961000000.0
00088K,한화3우B,,,,,,,,,,,,,,,
000890,보해양조,CFS,56289797484.0,57906204735.0,60764404535.0,49381850760.0,63286857321.0,64936220688.0,80013889453.0,82456280259.0,93084785144.0,90858780910.0,-2803701933.0,61880701.0,-3555068227.0,-2828783632.0
000910,유니온,CFS,139172431033.0,140428558016.0,152236382625.0,132962186534.0,206746720586.0,201552927080.0,176099556371.0,174558796250.0,224649755569.0,234981176780.0,-1992452119.0,2897590739.0,-2562126203.0,-9138513568.0
000950,전방,CFS,153530945344.0,183763559312.0,38878298744.0,85022926184.0,47159660314.0,104809893220.0,189819477322.0,210657995414.0,94772410649.0,124914049101.0,-32548106506.0,-35045943284.0,-19193789810.0,67453344175.0
000970,한국주철관,CFS,247694042814.0,233007687015.0,59755226888.0,57454236920.0,74562473227.0,73948278772.0,359545628831.0,350660350544.0,456325697481.0,484291225781.0,20384146359.0,13990246944.0,17420022071.0,12067999270.0
000990,DB하이텍,CFS,1027982955095.0,1327330066477.0,220150412233.0,416099502332.0,303296256385.0,507381718523.0,1740082437747.0,1634784143895.0,1154223638940.0,1669476722276.0,265437456373.0,761884807377.0,264149250979.0,556227095934.0
001020,페이퍼코리아,CFS,234120860487.0,249090738796.0,113378421542.0,410999661424.0,196513777401.0,440215219986.0,295154590745.0,61614925476.0,362071696060.0,409957041438.0,31156677378.0,25843738569.0,15232336453.0,-1828714243.0
001040,CJ,CFS,13668165559000.0,15143819806000.0,15182706675000.0,16950325414000.0,29310944319000.0,30506774819000.0,17892818574000.0,17733633488000.0,41352688159000.0,40924879773000.0,2039057889000.0,2154201790000.0,524667990000.0,686845690000.0
001045,CJ우,,,,,,,,,,,,,,,
00104K,CJ4우(전환),,,,,,,,,,,,,,,
001060,JW중외제약,CFS,378091350382.0,425457063858.0,286927113694.0,380131098057.0,379598339300.0,402213719428.0,265440456801.0,225759035573.0,748526707817.0,684351099249.0,100303770111.0,62960870729.0,38430259560.0,29852560173.0
001065,JW중외제약우,,,,,,,,,,,,,,,
001067,JW중외제약2우B,,,,,,,,,,,,,,,
001070,대한방직,CFS,69357865765.0,99100925561.0,31792406575.0,61689419718.0,49782242505.0,75392116742.0,130936272087.0,135247441132.0,149403981153.0,191519691272.0,-1812481976.0,-3886402441.0,-3671292616.0,-5230874590.0
001080,만호제강,CFS,150928400703.0,160309290223.0,21979564954.0,24484105742.0,22325402295.0,25657000048.0,257656264538.0,249989355282.0,213296308408.0,253705017361.0,-7441418493.0,-145706310.0,8988679029.0,2931085251.0
001120,LX인터내셔널,CFS,4033775460675.0,4482204749190.0,2608427815094.0,2935026255683.0,4920385836841.0,4682532060717.0,3074954894023.0,3036475272912.0,14514349869122.0,18759549404034.0,433109594096.0,965543470335.0,193358801940.0,779310807894.0
001130,대한제분,CFS,714234907928.0,615430600543.0,360098478443.0,344701427247.0,407391972243.0,399078814703.0,993961881817.0,919353083839.0,1441458547512.0,1368170051431.0,54859482247.0,43274283090.0,81242498761.0,41343753991.0
001200,유진투자증권,CFS,,,,,7687427343652.0,7100764279436.0,1011904699588.0,975644019345.0,1647662690835.0,1821576539177.0,,,30696475248.0,15672340026.0
001210,금호전기,CFS,27154653320.0,37080729032.0,39040424174.0,43610870318.0,45756810075.0,48670001850.0,7148316474.0,13523730755.0,53372993650.0,46015093156.0,-8228668329.0,-11787966654.0,-18342317139.0,-17860161242.0
001230,동국홀딩스,CFS,919871143473.0,2774282526162.0,540823934851.0,2824096283756.0,644335386070.0,3178727259124.0,1777312951379.0,3272520537758.0,1841113699327.0,2098912392887.0,60062636095.0,86773672399.0,231577736410.0,411365431091.0
001250,GS글로벌,CFS,967517157946.0,1006878372309.0,769699575113.0,805649501154.0,953110256832.0,1012698524738.0,447988123538.0,406714433715.0,3916492566786.0,5070923117354.0,76519058573.0,70467603982.0,26078650864.0,68061370179.0
001260,남광토건,CFS,296406260362.0,263129339480.0,241834275993.0,216082621341.0,264295801416.0,238920806341.0,113032137008.0,107002078032.0,547683547225.0,450379452331.0,4346983076.0,11115819532.0,5988599636.0,19332575729.0
001270,부국증권,CFS,,,,,1012607100628.0,786574355132.0,757884918859.0,694855528953.0,815040553001.0,983407272978.0,,,57306543254.0,42313705537.0
001275,부국증권우,,,,,,,,,,,,,,,
001290,상상인증권,CFS,,,,,1939613651597.0,374549886821.0,234147787851.0,223507840089.0,182188880534.0,51097917726.0,,,487236451.0,3680901132.0
001340,PKC,CFS,68116463914.0,61271070968.0,143576312214.0,135827456027.0,213256378678.0,194591585576.0,213651817625.0,209676014934.0,233521888171.0,232725146826.0,17738515912.0,28274340213.0,7728814098.0,22702656071.0
001360,삼성제약,CFS,29453670328.0,69571334414.0,12818347194.0,14233036317.0,15894485487.0,15324892000.0,77584546537.0,102589916538.0,51955037960.0,51832233858.0,-18037069707.0,-13961176993.0,-24812021765.0,-25093031447.0
001380,SG글로벌,CFS,57713699590.0,35078818277.0,38633692570.0,43222756995.0,57195063606.0,64775255814.0,141051733708.0,121160192606.0,96577221552.0,67661514915.0,6606303384.0,-1441946513.0,20175100732.0,-2445648212.0
001390,KG케미칼,CFS,3213520186659.0,2561024589897.0,2378907515379.0,2303485758893.0,4181830349010.0,3761420644468.0,3636315422315.0,3315226748266.0,8933057023552.0,6607355088852.0,442583708062.0,501083594243.0,350715471304.0,997422975357.0
001420,태원물산,CFS,31923884567.0,20912453087.0,5975057863.0,3142665315.0,8426155590.0,5374970694.0,28960558405.0,29573533489.0,9212314418.0,10954651040.0,-810959814.0,-525103179.0,-82457842.0,-1360796816.0
001430,세아베스틸지주,CFS,1664235509209.0,1809109415045.0,749296026184.0,1025589889996.0,1626121166492.0,1846659305036.0,2039049834129.0,1971744747023.0,4083481175925.0,4386332748546.0,196690160681.0,127856465832.0,125991352125.0,88310592966.0
001440,대한전선,CFS,1265741722000.0,1144663275000.0,682343719000.0,488178116000.0,925279344000.0,738060568000.0,953285756000.0,882204303000.0,2843980012000.0,2450545975000.0,79823888000.0,48173734000.0,71872998000.0,21830706000.0
001450,현대해상,CFS,,,,,38032594522814.0,36744509270264.0,6055391876258.0,9508086230575.0,,,,,607828606638.0,1294975508162.0
001460,BYC,CFS,113987958313.0,120182142295.0,51122092069.0,79177003824.0,150742490158.0,153134740019.0,534920570167.0,515737286382.0,168401523886.0,169680336869.0,27498394275.0,25326353051.0,23666593032.0,35286502037.0
001465,BYC우,,,,,,,,,,,,,,,
001470,삼부토건,CFS,414655102235.0,381646065800.0,360355795174.0,249462038187.0,411614796994.0,307702229840.0,102127653423.0,191024563687.0,574975687073.0,436292508722.0,-78151994195.0,-80783233662.0,-111007774067.0,-89346889585.0
001500,현대차증권,CFS,,,,,10307455311005.0,9008412020030.0,1277801535735.0,1224643053695.0,1582196918963.0,1186028329210.0,,,53511195192.0,87101251163.0
001510,SK증권,CFS,,,,,5801855293366.0,5823507502950.0,647238478234.0,641333326971.0,,,,,3187786850.0,8609210017.0
001515,SK증권우,,,,,,,,,,,,,,,
001520,동양,CFS,473081782926.0,393101021243.0,280122056642.0,176610018139.0,311407795194.0,200018245461.0,788242192402.0,783531995337.0,866327008521.0,767681537593.0,26548625914.0,7924864990.0,18191365663.0,9954374483.0
001525,동양우,,,,,,,,,,,,,,,
001527,동양2우B,,,,,,,,,,,,,,,
001530,DI동일,CFS,307955941619.0,335150513358.0,290898144472.0,269797532529.0,370119040311.0,378689103701.0,605534194418.0,619195795350.0,682872127202.0,829928717131.0,6304538045.0,44754402506.0,5995805541.0,57491368300.0
001550,조비,CFS,67424582740.0,78134326529.0,54062420610.0,57328641472.0,66303820470.0,68561445949.0,52284944063.0,61480314176.0,114718158323.0,148554917835.0,-5582069275.0,11907297397.0,-9037064085.0,8638057676.0
001560,제일연마,CFS,56303413670.0,53268101591.0,8135004143.0,9637922726.0,10794721777.0,11951004596.0,95820362967.0,92166871301.0,85239048510.0,83435241806.0,7891764655.0,5129135206.0,10917005887.0,2207065876.0
001570,금양,CFS,122321859157.0,141599405994.0,410554172880.0,103934074100.0,456932096288.0,160842410708.0,246535275351.0,117757041729.0,152030952048.0,202836313078.0,-14608343494.0,7924631740.0,-60356260825.0,-33310343621.0
001620,케이비아이동국실업,CFS,285073874182.0,233598639427.0,350135025821.0,301480202607.0,426184780364.0,373187013643.0,196052738011.0,180383548030.0,649418493012.0,614172275827.0,4502795734.0,-965285127.0,8074115473.0,4575114372.0
001630,종근당홀딩스,CFS,419678255654.0,398595725433.0,519907649344.0,399407472213.0,632518933646.0,577829023460.0,823484716865.0,798543946094.0,879780769949.0,908962764139.0,17005266704.0,-32878294931.0,40575422161.0,-22663808796.0
001680,대상,CFS,1757699533283.0,1721004720989.0,959788676109.0,997239386623.0,1990623422846.0,1867569946984.0,1343746604632.0,1322626501384.0,4107493943805.0,4084090277577.0,123716647215.0,139998990821.0,68563901324.0,82218894929.0
001685,대상우,,,,,,,,,,,,,,,
001720,신영증권,,,,,,,,,,,,,,,
001740,SK네트웍스,CFS,2371454000000.0,2703209000000.0,3908393000000.0,3567813000000.0,6954518000000.0,7048547000000.0,2155841000000.0,2450712000000.0,9133867000000.0,9426160000000.0,237283000000.0,177552000000.0,5459000000.0,90765000000.0
001750,한양증권,CFS,,,,,1258029081971.0,1043504162865.0,489793772704.0,459386901440.0,999032003491.0,1117144964059.0,,,35104172832.0,24033307547.0
001755,한양증권우,,,,,,,,,,,,,,,
001770,SHD,CFS,59304477357.0,62969604391.0,33089291565.0,36134907509.0,33500820712.0,36836001991.0,51265337416.0,51455970487.0,106293829767.0,125263992621.0,672776337.0,14179053153.0,110299965.0,10819013577.0
001780,알루코,CFS,401188846987.0,326840775284.0,448289152359.0,465830380456.0,502306306396.0,506348248906.0,358843354991.0,310584717275.0,591186560074.0,645412126051.0,37632269602.0,34572726220.0,20461689088.0,15722959250.0
001790,대한제당,CFS,606635047000.0,613796109000.0,315984108000.0,390061782000.0,630801051000.0,681747544000.0,554590561000.0,537718752000.0,1332349884000.0,1378075519000.0,47216910000.0,38051122000.0,32504635000.0,25512530000.0
001795,대한제당우,,,,,,,,,,,,,,,
001800,오리온홀딩스,CFS,1684449259398.0,1584060873911.0,514479147567.0,663512598084.0,818487035311.0,977214307936.0,4319813022573.0,4124954123258.0,2953806265859.0,2934623360638.0,405463095002.0,399824809538.0,290412989562.0,323574721674.0
001820,삼화콘덴서,CFS,176976795817.0,162158129535.0,54679259714.0,53555574870.0,62806572612.0,62021312212.0,245224492405.0,225432520413.0,280768545013.0,263469129967.0,23693227777.0,30515172659.0,20925722895.0,29337123509.0
001940,KISCO홀딩스,CFS,1376387642212.0,1302395915794.0,144829353992.0,208963844818.0,203567062700.0,242025489450.0,1598950141872.0,1503806758480.0,1541894306076.0,1810613446049.0,149275075244.0,197916716776.0,130202530569.0,131534561899.0
002020,코오롱,CFS,2025631560137.0,1684980865279.0,2630756659007.0,2341085909024.0,3920885075473.0,3358709490245.0,1310533881113.0,1300329727546.0,5894231282101.0,5659922374692.0,102926776246.0,317514999494.0,15387285329.0,194835466054.0
002025,코오롱우,,,,,,,,,,,,,,,
002030,아세아,CFS,873549386331.0,881507374671.0,561839258545.0,518884523788.0,1291990927528.0,1317598873795.0,1980095078353.0,1864777074285.0,2115887323161.0,2072300589648.0,240394994935.0,232577852131.0,175601384139.0,163508810507.0
002070,비비안,CFS,86469579960.0,90886103322.0,99056940356.0,98654688573.0,102817066992.0,104480645980.0,88265526779.0,96580534960.0,217298020725.0,213052156991.0,4859608010.0,5712710660.0,-7900981725.0,-8169625557.0
002100,경농,CFS,259940118322.0,260765667954.0,158323199430.0,156932087281.0,180131701890.0,188148524944.0,268461032083.0,260484164308.0,347407788945.0,361604573086.0,25209888376.0,40975101750.0,15126191336.0,30880492625.0
002140,고려산업,CFS,126594975013.0,127812632315.0,148107726201.0,148284814914.0,170990032083.0,169050032748.0,106925910946.0,105653495078.0,319058618654.0,278370677242.0,7989269786.0,4854823595.0,3135896967.0,417869202.0
002150,도화엔지니어링,CFS,288178634692.0,215628821883.0,278006710806.0,215111875031.0,330735948947.0,255273456899.0,274364101351.0,267316818668.0,574990699821.0,555824251958.0,21891969353.0,11939896822.0,20743987999.0,1577978719.0
002170,SYTS,CFS,341393542247.0,344026136176.0,15281799815.0,30658720857.0,22832801527.0,40424121033.0,431919041908.0,417112654736.0,179258365881.0,178800834419.0,17683937036.0,16445205668.0,21640419330.0,15100585612.0
002200,한국수출포장,CFS,155568917247.0,143085577838.0,42690206238.0,46154487123.0,61282437741.0,64604055301.0,295721552336.0,280917284803.0,312304377084.0,341420236472.0,22880520713.0,25702536748.0,19041696095.0,20317167712.0
002210,동성제약,CFS,60814859641.0,54389189710.0,44843854847.0,47571203754.0,75170970298.0,64892797809.0,39802313739.0,42809263159.0,88593588700.0,93328194834.0,596402805.0,-3096985196.0,-2073909512.0,-2121670417.0
002220,한일철강,CFS,96584584874.0,105439726347.0,121158779915.0,112789046543.0,157459593318.0,164622338615.0,173569402408.0,174532632878.0,216255460140.0,255229322550.0,4859777657.0,4031740572.0,430267265.0,-1327709294.0
002240,고려제강,CFS,1075549770909.0,1153075088455.0,446167186304.0,561483968404.0,656069963664.0,805246239566.0,1795210680578.0,1727522158689.0,1788877688439.0,2072550223138.0,56316856694.0,133503465388.0,64526770048.0,92322769549.0
002310,아세아제지,CFS,403603823024.0,441835691580.0,153102582951.0,174449422525.0,198420445505.0,230662239691.0,849757319336.0,804286022003.0,908334402467.0,1023392875106.0,87582502735.0,109447038390.0,81053175532.0,94400172513.0
002320,한진,CFS,657966998766.0,615210708980.0,1028166708551.0,799783071458.0,2661786978230.0,2558814752905.0,1539576621744.0,1534382938804.0,2807528782563.0,2849420869433.0,122526979246.0,114501782947.0,26107574417.0,51759790504.0
002350,넥센타이어,CFS,1556084175048.0,1442087250791.0,1329961026949.0,1431723418411.0,2527778745177.0,2348104911877.0,1704882809392.0,1596231827731.0,2701720151279.0,2597424486492.0,186991098059.0,-54253533449.0,103115550054.0,-27505695404.0
002355,넥센타이어1우B,,,,,,,,,,,,,,,
002360,SH에너지화학,CFS,78088815011.0,81702957489.0,12495368628.0,10758686692.0,30661330140.0,30058823992.0,90131774993.0,94101468139.0,134037726894.0,167355874554.0,-4115868315.0,805218302.0,-2582296699.0,1832403955.0
002380,KCC,CFS,4178192966688.0,4029782763437.0,3836444032748.0,2869372542476.0,7905941668878.0,7567347802320.0,5447529409519.0,5551138505338.0,6288442613717.0,6774793651227.0,312530203929.0,467661528938.0,92502625102.0,28661656966.0
002390,한독,CFS,295289892016.0,354171988191.0,301467891550.0,270930450534.0,449706525420.0,489250127554.0,340633132757.0,381856042513.0,522741079531.0,543759151916.0,12578832018.0,28496185960.0,-28940426192.0,10595832696.0
002410,범양건영,CFS,79442666367.0,79479043859.0,112589083552.0,90720864613.0,130776898314.0,144032362262.0,62133834668.0,71021899442.0,120763371366.0,119750819393.0,-10434014937.0,-12326103597.0,-9110987152.0,-8414779933.0
002420,세기상사,CFS,6605762521.0,8610007524.0,15356659973.0,3330747632.0,23943612178.0,25060643077.0,27055502112.0,26581197625.0,31328511051.0,33710303333.0,-815790576.0,-789291696.0,-1559060836.0,-1271122483.0
002450,삼익악기,CFS,190271185367.0,210295390017.0,136862827380.0,134468492548.0,271955667078.0,260906132649.0,262202613136.0,260652700315.0,247929198845.0,325699587394.0,6465355387.0,11556311058.0,3388984566.0,15067692450.0
002460,HS화성,CFS,798252085597.0,544990973847.0,344305774243.0,222647093288.0,622246444215.0,389175292526.0,369441225612.0,356952449379.0,908068526965.0,645706742562.0,25253673267.0,14545076827.0,19208134783.0,22672300863.0
002600,조흥,CFS,228773495751.0,268968494534.0,190668214256.0,275477139063.0,244362080995.0,279570331873.0,149640119001.0,154185144907.0,405945609421.0,324035752456.0,15648302437.0,14975758634.0,355244125.0,11131140357.0
002620,제일파마홀딩스,CFS,384527206646.0,352916443850.0,412635828783.0,358504740294.0,477810922325.0,445884552551.0,402186068382.0,419792459625.0,804043001736.0,792964733258.0,20820186238.0,-7547961141.0,-13240831932.0,-83145006102.0
002630,오리엔트바이오,CFS,49249571579.0,70498286259.0,3892299448.0,13644112827.0,9657861933.0,21764271008.0,71392358134.0,83187737513.0,28819028142.0,26276462476.0,1452807025.0,-3780753830.0,-12423707818.0,34198169452.0
002690,동일제강,CFS,109413578909.0,101123872721.0,23203916506.0,18680811170.0,25996260704.0,22028247899.0,153236014334.0,157680471138.0,180812604441.0,196757615383.0,-2912558609.0,2456929950.0,-3159795782.0,3345149095.0
002700,신일전자,CFS,79333118543.0,105816871898.0,38648003533.0,64029490024.0,43889321524.0,70989812664.0,82244765768.0,81890842633.0,184299576203.0,202728990445.0,2010103394.0,2828953931.0,1056841415.0,1041712810.0
002710,TCC스틸,CFS,229620812003.0,276384671735.0,219768078587.0,251903595625.0,324690124283.0,298677336481.0,235047322207.0,208804980309.0,624418627125.0,684414631381.0,11250766391.0,43983210872.0,-8293017782.0,29566777984.0
002720,국제약품,CFS,55119200302.0,48535452258.0,59687458641.0,47855143190.0,78309909600.0,62513602796.0,84949573607.0,74079260010.0,135372690530.0,126583402933.0,-1989142940.0,5272527164.0,-8414888054.0,3542773665.0
002760,보락,CFS,25120405586.0,26264428282.0,4658790108.0,9809629438.0,9149383003.0,12528504457.0,48779052919.0,48383747090.0,46773797129.0,48434715670.0,505610730.0,3282891685.0,857813413.0,3069106054.0
002780,진흥기업,CFS,488221311452.0,332594741207.0,229509306474.0,150468384840.0,306441209059.0,227013990002.0,267890246354.0,224732888879.0,759439767128.0,628936048866.0,51726034035.0,50682532747.0,45310969956.0,49560577253.0
002785,진흥기업우B,,,,,,,,,,,,,,,
002787,진흥기업2우B,,,,,,,,,,,,,,,
002790,아모레퍼시픽홀딩스,CFS,2750248646531.0,2566383546972.0,856205498882.0,851901945315.0,1106298749214.0,1117500460491.0,6525132028648.0,6533503340963.0,4021343038942.0,4494956806652.0,152001477210.0,271900712401.0,234714547925.0,149222412761.0
002795,아모레퍼시픽홀딩스우,,,,,,,,,,,,,,,
00279K,아모레퍼시픽홀딩스3우C,,,,,,,,,,,,,,,
002810,삼영무역,CFS,411192501716.0,367906365552.0,103835524973.0,98086686392.0,120001032866.0,112174817744.0,555611487697.0,512033245129.0,476810216001.0,492512781495.0,17182275919.0,19352102542.0,55062738980.0,57700063384.0
002820,SUN&L,CFS,183637309706.0,231592368174.0,343191449807.0,278933732249.0,396711706025.0,373988182288.0,231388941227.0,150446137416.0,441061876743.0,506691214360.0,-30185394857.0,-17708726754.0,-159209216493.0,-19156598108.0
002840,미원상사,CFS,196731104268.0,197197076947.0,39482674198.0,48106995526.0,69598936992.0,73770759382.0,377967231783.0,341848565180.0,421367350652.0,438188003964.0,67238827320.0,77015585495.0,61015747625.0,72215529158.0
002870,신풍,CFS,86881578575.0,77923645859.0,32128011514.0,27715048317.0,32548430681.0,30070255666.0,71642478000.0,82347640959.0,26895721826.0,18781761719.0,-3999446133.0,-4202051316.0,-9206169945.0,-7535495421.0
002880,디와이에이,CFS,112229012243.0,560727671117.0,271557825138.0,865405332990.0,299228350342.0,1136743952904.0,36798139893.0,238462812415.0,566931442867.0,501285871581.0,36096187586.0,38155704391.0,-195250149119.0,-93776538801.0
002900,TYM,CFS,516796324494.0,473214647112.0,395279274212.0,400434021651.0,466443819251.0,447666197323.0,382667086171.0,334462229231.0,836475030282.0,1166138766862.0,76461605327.0,122015643800.0,60426831559.0,98186110279.0
002920,유성기업,CFS,190229994310.0,201036538640.0,62205277797.0,65845462322.0,104498591908.0,99811962683.0,335105442210.0,327234039553.0,311469920690.0,296756353988.0,8019390028.0,6726401302.0,13754878945.0,22144843478.0
002960,한국쉘석유,CFS,159137348964.0,144822868003.0,60149598770.0,57847556976.0,62221361302.0,59384706208.0,126150255265.0,112955747743.0,320486205004.0,301642199205.0,42296587917.0,35071601445.0,37379114562.0,26721326526.0
002990,금호건설,CFS,1145157097104.0,1052601903018.0,924764715472.0,861502417337.0,1222548339400.0,1147826599507.0,469814438482.0,543337107811.0,2217626015573.0,2048507174841.0,21804193710.0,55946616129.0,746269594.0,20751613866.0
002995,금호건설우,,,,,,,,,,,,,,,
003000,부광약품,CFS,254178522748.0,218741258542.0,97544074713.0,44603055930.0,194752377153.0,129081732482.0,234264672245.0,271847456032.0,125928240771.0,190909364530.0,-37496760003.0,-230635598.0,-34406512167.0,-4248677024.0
003010,혜인,CFS,176765036631.0,164239140493.0,133606577606.0,121449714639.0,139149134648.0,132475114237.0,114811452331.0,108047031390.0,276080698891.0,178029520688.0,9142102686.0,2682218552.0,7404407309.0,-2074104566.0
003030,세아제강지주,CFS,2433040225715.0,2127561535722.0,1143048800456.0,1092316484712.0,1951857663889.0,1591270344983.0,2388898332220.0,1980797313681.0,3913342472741.0,3953834150660.0,590946429587.0,567163868807.0,409652266510.0,376265181568.0
003060,에이프로젠바이오로직스,CFS,84857286038.0,240608129118.0,157938368473.0,161106057927.0,220705187059.0,173729691936.0,368691477738.0,510410724762.0,87363627712.0,65190359336.0,-57477960970.0,-5430302001.0,-115330071228.0,13620685578.0
003070,코오롱글로벌,CFS,1456081496381.0,1801559418189.0,1401665560479.0,1897215925506.0,2017469542758.0,2270737072633.0,553830945167.0,563410513551.0,2663480259991.0,2602076874673.0,12788879964.0,166687315258.0,-117145427.0,142130138551.0
003075,코오롱글로벌우,,,,,,,,,,,,,,,
003080,SB성보,CFS,82853943711.0,87306335639.0,24800605964.0,24401347807.0,33110290058.0,33383212096.0,132517081854.0,137402075241.0,62612439874.0,66379257981.0,201041362.0,1904947045.0,1163430847.0,3936366206.0
003090,대웅,CFS,862545145631.0,954002901339.0,691004415191.0,515754225263.0,922478396685.0,879409305644.0,1436798777412.0,1279495801608.0,,,195606282852.0,207334242877.0,191438974294.0,120268044179.0
003120,일성아이에스,CFS,293943116751.0,364603754251.0,34892111664.0,42557941740.0,36436249470.0,49747959330.0,382753680026.0,448995363416.0,78053232127.0,61247846533.0,-7992642135.0,1337852079.0,-20940893247.0,108669345882.0
003160,디아이,CFS,138996290352.0,132045534034.0,86898503842.0,74184325454.0,119340063760.0,111206586935.0,161249418301.0,163379236085.0,214541934868.0,231004368333.0,6139629128.0,11153444246.0,1960664847.0,15165290080.0
003200,일신방직,CFS,397420469887.0,555778028112.0,125720800419.0,210161785960.0,178495604004.0,272298156963.0,880734785576.0,904447829099.0,539409047753.0,593058768403.0,-1021003237.0,-16000918451.0,9719711248.0,114629330181.0
003220,대원제약,CFS,209293035076.0,207283824715.0,182690483039.0,128146380604.0,243733869786.0,204784866664.0,264264472571.0,248765199157.0,526952045065.0,478884656361.0,32232798510.0,43006376510.0,23463261382.0,30657171591.0
003230,삼양식품,CFS,492073951173.0,348640276501.0,402005197765.0,225328097793.0,593512454782.0,470165749462.0,576790316113.0,454763741502.0,1192914607980.0,909036571591.0,147514090779.0,90375676138.0,126591199633.0,80271060994.0
003240,태광산업,CFS,1852914832457.0,1928388653674.0,420549694218.0,419114657979.0,708793032453.0,698043531131.0,4029499410934.0,4122700296452.0,2265489918200.0,2606596306671.0,-99370075160.0,-104464194414.0,-14694447321.0,257110204294.0
003280,흥아해운,CFS,101272964130.0,105041636229.0,57723186739.0,65840697710.0,154939133840.0,181755200200.0,170714205597.0,135304736370.0,164811542047.0,177860078064.0,24563227868.0,29679321670.0,34733504205.0,23809908600.0
003300,한일홀딩스,CFS,1132132616068.0,1010583778368.0,679549474109.0,760109174022.0,1361965047637.0,1220879131264.0,2197825203650.0,2047162214760.0,2363057189359.0,1965611730065.0,262027026206.0,132506014100.0,180328429043.0,129293981435.0
003350,한국화장품제조,CFS,62408083584.0,53031404114.0,33773103969.0,30824513659.0,36551560496.0,35421546715.0,52621954301.0,47244379389.0,109337763369.0,103876968519.0,9024560440.0,4318000672.0,7281366199.0,4033005355.0
003460,유화증권,CFS,,,,,296900932139.0,190957654664.0,506052350529.0,498377514849.0,,,,,7336575701.0,4196646538.0
003465,유화증권우,,,,,,,,,,,,,,,
003470,유안타증권,CFS,,,,,14860352268000.0,11862753297000.0,1601494422000.0,1557126540000.0,2855003316000.0,2479008315000.0,,,64427517000.0,45073044000.0
003475,유안타증권우,,,,,,,,,,,,,,,
003480,한진중공업홀딩스,CFS,443922000000.0,555839000000.0,625250000000.0,775535000000.0,1497922000000.0,1629209000000.0,367799000000.0,366779000000.0,,,39375000000.0,37130000000.0,7903000000.0,14935000000.0
003490,대한항공,CFS,8595169639226.0,8090936743191.0,9409864309283.0,8475183412857.0,20576567788023.0,19705240815659.0,9815208241633.0,9292460206825.0,16111796106147.0,14096094819146.0,1790089190805.0,2830586753727.0,1129105735756.0,1729502852463.0
003495,대한항공우,,,,,,,,,,,,,,,
003520,영진약품,CFS,126564018044.0,102194442940.0,75055135458.0,49631665597.0,136968480036.0,113212626317.0,89632344152.0,89870191058.0,234902460182.0,218380987421.0,3117394410.0,-7363158868.0,-3875543365.0,-21961039428.0
003530,한화투자증권,CFS,,,,,11677138582440.0,10555667496176.0,1573045025733.0,1555582022027.0,1969010048712.0,2114260269949.0,,,9298482501.0,-54867378075.0
003535,한화투자증권우,,,,,,,,,,,,,,,
003540,대신증권,CFS,,,,,19622059968000.0,18487776170000.0,3021428824000.0,2722959293000.0,3854590575000.0,4231331899000.0,,,135831720000.0,131743767000.0
003545,대신증권우,,,,,,,,,,,,,,,
003547,대신증권2우B,,,,,,,,,,,,,,,
003550,LG,CFS,5199470000000.0,5083392000000.0,1937107000000.0,2524385000000.0,3236596000000.0,3399491000000.0,27016489000000.0,26234186000000.0,7445336000000.0,7185987000000.0,1589013000000.0,1941380000000.0,1414258000000.0,2115750000000.0
003555,LG우,,,,,,,,,,,,,,,
003570,SNT다이내믹스,CFS,586959728958.0,471157538552.0,241801003194.0,183462729377.0,356207738531.0,271939014842.0,700696578963.0,659055290288.0,485954273334.0,408024698269.0,41595970398.0,25764818854.0,49529807111.0,23006448479.0
003580,HLB글로벌,CFS,33330699638.0,48165129978.0,43565913100.0,49346761912.0,58156709031.0,52237490080.0,51947964180.0,68008695055.0,79865665763.0,44591899196.0,-12904274682.0,-14740243001.0,-25660245811.0,-15243254205.0
003610,방림,CFS,119966699720.0,129797149800.0,43315056242.0,57734881211.0,49794631627.0,63058875047.0,193665940357.0,202161168676.0,131921584650.0,155768173455.0,-4119487210.0,2149732669.0,-4198833831.0,5587648543.0
003620,KG모빌리티,CFS,1139590789969.0,627159379542.0,885732879270.0,401956733467.0,1552700998060.0,909004171746.0,1082699001177.0,1092903122504.0,3736368968570.0,3423340873291.0,12547597407.0,-111950027111.0,8924265072.0,-60133541656.0
003650,미창석유,CFS,289591646802.0,266514399188.0,46598985326.0,32949978271.0,51380636305.0,36181495521.0,364859820231.0,321144706992.0,409234735562.0,418789690050.0,47989880016.0,44004543908.0,47646038269.0,23383094958.0
003670,포스코퓨처엠,CFS,2411881410829.0,2037518471950.0,1396407813025.0,965792822766.0,3723127307788.0,1986831501348.0,2611465990083.0,2650644638841.0,4759871486264.0,3301915805063.0,35882185999.0,165871669943.0,4435219953.0,121928567124.0
003680,한성기업,CFS,133555770720.0,135930555429.0,149769441279.0,126649432998.0,179406070914.0,182635463144.0,51403931427.0,52283432626.0,320600471187.0,292150981319.0,8069234468.0,7064285768.0,1221216255.0,1414198636.0
003690,코리안리,CFS,,,,,8813428441680.0,8301594289101.0,3252895729256.0,2715629574160.0,,,,,283868821363.0,278461038434.0
003720,삼영,CFS,47764954578.0,54997551729.0,61013052374.0,69544846448.0,64933627511.0,83735128046.0,67222931028.0,52098188083.0,122586707813.0,135256436046.0,6029549093.0,2764345470.0,18633494905.0,2701761755.0
003780,진양산업,CFS,36374924536.0,33928799916.0,25848442566.0,22392612400.0,33019849000.0,31490483064.0,57009854398.0,51229471622.0,86871531571.0,83673211023.0,7569627807.0,5285312534.0,8496471715.0,6136146709.0
003830,대한화섬,CFS,111689425372.0,90420132509.0,17924557481.0,46727337240.0,143756014747.0,122779864954.0,717116739206.0,713984666695.0,134407371795.0,150864212264.0,2392490401.0,6382961691.0,10427991011.0,33439084029.0
003850,보령,CFS,377659484561.0,338378355243.0,201083021454.0,277482940837.0,366258950641.0,375969361311.0,549252590413.0,516416553868.0,859625585767.0,760475844693.0,68267020613.0,56602877310.0,40213138265.0,41938309435.0
003920,남양유업,CFS,377093657795.0,456110401716.0,101382083733.0,148191529280.0,112447509970.0,164307809198.0,678230958285.0,737951261299.0,996763358982.0,964660006375.0,-72354443617.0,-86806775040.0,-67099919179.0,-78442348379.0
003925,남양유업우,,,,,,,,,,,,,,,
003960,사조대림,CFS,673783052810.0,578399925027.0,513498748271.0,489700196443.0,552092559042.0,564420178134.0,710879106964.0,603832489151.0,2063074655686.0,2018752698679.0,128637166378.0,97652234741.0,107150333560.0,73810464942.0
004000,롯데정밀화학,CFS,1346557688274.0,1316299182252.0,282045873671.0,397000732488.0,299724770490.0,415627340272.0,2383205649083.0,2294218530309.0,1768621115725.0,2463759308094.0,154778355081.0,404310707357.0,182031600493.0,146159072725.0
004020,현대제철,CFS,11953568810846.0,13191046262816.0,7984156916980.0,8119176425020.0,15722841602022.0,17672412852352.0,19496000328022.0,19128542977421.0,25914760456167.0,27340601237802.0,798325068073.0,1616457125289.0,442983461011.0,1038192930309.0
004060,SG세계물산,CFS,94253417810.0,99506111919.0,57067547105.0,54116741964.0,60692455929.0,58390585798.0,242842110833.0,245425084363.0,143080029866.0,161304784271.0,1837793496.0,7202639035.0,-1027344833.0,1774226205.0
004080,신흥,CFS,51648627530.0,54919010474.0,25789392379.0,33000124584.0,26440643644.0,33759591792.0,113890708957.0,106862957753.0,112442780476.0,118176546667.0,11356003801.0,10458300238.0,9230504923.0,8463560875.0
004090,한국석유,CFS,179992533971.0,176648336642.0,154066503203.0,152723074627.0,176607401972.0,183328538761.0,177374809664.0,163736985429.0,679233435585.0,747935988449.0,15186111924.0,17997729590.0,14756719369.0,10997829043.0
004100,태양금속,CFS,259575738221.0,241472047451.0,307187386568.0,302516088668.0,390494101128.0,378929145714.0,108625698683.0,112058795117.0,617171604795.0,569502769038.0,22162989453.0,15873939497.0,72801575.0,-532290342.0
004105,태양금속우,,,,,,,,,,,,,,,
004140,동방,CFS,218284872352.0,204702355312.0,256405223535.0,296862179032.0,455221060483.0,437684706701.0,144098260857.0,130280219393.0,767794640132.0,758533281842.0,35189702668.0,27567777416.0,15092199973.0,1298808285.0
004150,한솔홀딩스,CFS,205289122000.0,201194507000.0,113963533000.0,110792748000.0,125877734000.0,125962865000.0,594227604000.0,597332919000.0,443135225000.0,467211080000.0,3998570000.0,19097970000.0,5033306000.0,48952154000.0
004170,신세계,CFS,2673702766608.0,2653727735541.0,4943859336449.0,4849923550154.0,8411994526638.0,8096632950057.0,6339988828490.0,6251779372631.0,6357088542148.0,7812755198909.0,639780613579.0,645448993543.0,311968012608.0,547639875232.0
004250,NPC,CFS,161044022224.0,158449777553.0,155356184498.0,151332617610.0,172746133735.0,182861269823.0,364886720478.0,344414423651.0,508721241750.0,544581475701.0,29561374107.0,23483130052.0,26735825055.0,28189180311.0
004255,NPC우,,,,,,,,,,,,,,,
004270,남성,CFS,89215908149.0,102793565085.0,122913655542.0,126193387362.0,149998102271.0,151652660509.0,108115096106.0,119499468298.0,69674672020.0,98137172439.0,-6078155000.0,2539944499.0,-10178565109.0,3167370621.0
004310,현대약품,CFS,85473125258.0,101642697675.0,65334227806.0,80695589812.0,69967631960.0,94604146368.0,84661467623.0,86555281442.0,180762658997.0,162690046047.0,6926929270.0,7970050715.0,6121759554.0,-164583306.0
004360,세방,CFS,327628075997.0,351597176858.0,214427492258.0,214731007148.0,287005143410.0,277495007259.0,1058236503181.0,1003478779341.0,1141950047426.0,1290350585813.0,28656237456.0,45146617926.0,69963792685.0,105527037527.0
004365,세방우,,,,,,,,,,,,,,,
004370,농심,CFS,1419816691135.0,1208524614820.0,696493722736.0,616485543701.0,793949665281.0,719378356883.0,2440801761177.0,2315340178664.0,3410559367259.0,3129065208087.0,212064743455.0,112172856716.0,171469224876.0,116033570018.0
004380,삼익THK,CFS,224374757529.0,203694823410.0,233585373747.0,188140072661.0,270907976513.0,233318683388.0,202697984880.0,210708900479.0,315640474732.0,339133931324.0,6935482797.0,20638429209.0,985055837.0,16648775430.0
004410,서울식품,CFS,24008130609.0,22137981048.0,33730555400.0,32751963938.0,44090116624.0,42534581355.0,26724774163.0,28318780669.0,64784789661.0,64349405690.0,586533680.0,1310279754.0,-572589191.0,675962890.0
004415,서울식품우,,,,,,,,,,,,,,,
004430,송원산업,CFS,569230000000.0,680707000000.0,307693000000.0,404022000000.0,384152000000.0,534689000000.0,705592000000.0,682622000000.0,1029975000000.0,1329509000000.0,58469000000.0,185116000000.0,34847000000.0,131932000000.0
004440,삼일씨엔에스,CFS,144128288405.0,177346858131.0,80078353787.0,89724618087.0,85844015293.0,140597279518.0,269063787528.0,270843247765.0,216447816121.0,241241191453.0,5170081404.0,-6978041314.0,2087170237.0,-5880604781.0
004450,삼화왕관,CFS,54647218768.0,59877889564.0,41325240247.0,37345393005.0,95306705156.0,103072772485.0,105851368212.0,119710784481.0,157903566081.0,154447846282.0,6945255277.0,3605485104.0,-6651613355.0,-17219140050.0
004490,세방전지,CFS,1025193283956.0,937809203352.0,463634461162.0,416488382610.0,498766534968.0,430957932473.0,1342203627035.0,1246024048691.0,1684815345750.0,1473142777934.0,129915669248.0,81090384601.0,118398646064.0,42678284284.0
004540,깨끗한나라,CFS,168718823493.0,178461002366.0,279014027125.0,222191293067.0,429919829263.0,419699356872.0,211602422739.0,241347622378.0,514854128376.0,606453743473.0,-18914851966.0,3754759313.0,-30844136630.0,-2908390769.0
004545,깨끗한나라우,,,,,,,,,,,,,,,
004560,현대비앤지스틸,CFS,441555928186.0,512455335933.0,201514644664.0,146256967402.0,298689554216.0,333016274702.0,493860721920.0,524827566700.0,1045305563220.0,1281157155278.0,-35227804661.0,33466461486.0,-30200206953.0,26052582523.0
004690,삼천리,CFS,1739483670688.0,2273164967151.0,1187758858665.0,2012282139982.0,2757736685404.0,3482673623260.0,1675029499699.0,1539278842890.0,5664041261167.0,5789104871674.0,174490517245.0,91236419550.0,145238917827.0,66728900984.0
004700,조광피혁,CFS,99554474620.0,91336630037.0,29596517531.0,14246771822.0,69790234659.0,63994595545.0,434710151011.0,378040280336.0,126567009199.0,122005783226.0,6344169361.0,507523554.0,9045801556.0,6061277453.0
004710,한솔테크닉스,CFS,389310521191.0,509415530336.0,338847687070.0,424708759547.0,479360236353.0,631895650677.0,474674770896.0,440026250016.0,1302679102712.0,1360770096667.0,48937418076.0,55882865715.0,38973271863.0,32627201096.0
004720,팜젠사이언스,CFS,95327308591.0,70540861359.0,63171999802.0,68185322964.0,107705787954.0,110275883209.0,228211310648.0,207115593817.0,166778825652.0,150930715377.0,9126798156.0,7472363774.0,5726202308.0,70058186146.0
004770,써니전자,CFS,74824097127.0,68105163819.0,1035705398.0,2775569376.0,1493834307.0,3286136702.0,81003678066.0,73223553050.0,12759842344.0,17441063486.0,901749708.0,1685945860.0,3864294306.0,5036812370.0
004800,효성,CFS,1766631178074.0,2060065764290.0,1708893344984.0,1811856720954.0,2312626241262.0,2369980096744.0,2776232060583.0,2897304623764.0,3436688023238.0,3719325523137.0,94366525424.0,64887143335.0,-438141363.0,24807189262.0
004830,덕성,CFS,65116466445.0,73648119649.0,21035220376.0,27500582016.0,41050935730.0,41762767242.0,85768161262.0,83409591549.0,107932700729.0,133297779331.0,5090066210.0,5248384446.0,5634121715.0,2515238853.0
004835,덕성우,,,,,,,,,,,,,,,
004840,DRB동일,CFS,508096734481.0,475692073884.0,396123601545.0,400359407544.0,465541738320.0,465469810224.0,498109853788.0,479768684504.0,737777767832.0,661814016477.0,35845945523.0,12110321241.0,21854908375.0,3536815255.0
004870,티웨이홀딩스,CFS,12668977911.0,14554608205.0,12823714018.0,8124210003.0,48804665067.0,45987386449.0,166583694677.0,164730790742.0,7774124999.0,11470361300.0,-3006329578.0,-1863121812.0,4560758532.0,53068448223.0
004890,동일산업,CFS,334641471806.0,337798307653.0,48601077241.0,63178229577.0,66058894901.0,82125521241.0,410077126862.0,417277191970.0,441161261164.0,498050514999.0,-4238627709.0,22590867293.0,-1075698296.0,21844965319.0
004910,조광페인트,CFS,109471177683.0,129950150559.0,106679639944.0,125528751765.0,207511534859.0,216375249483.0,175296462587.0,169732962577.0,252818412762.0,260470737908.0,3706462386.0,-1615834521.0,4760404223.0,-7251074360.0
004920,씨아이테크,CFS,33615683830.0,39107953692.0,26458185473.0,26687615012.0,35659255979.0,41507587354.0,54920681979.0,52682447978.0,57050887121.0,56721432617.0,-7112247389.0,73930086.0,-8133912644.0,-1172030746.0
004960,한신공영,CFS,1689917140286.0,1557208566517.0,1129792659898.0,982066539104.0,1716013928089.0,1622658480432.0,752933021934.0,726739625046.0,1309008523014.0,1221553531537.0,14755273986.0,39442102751.0,23668931441.0,39984565308.0
004970,신라교역,CFS,327223227100.0,326498441328.0,158737026050.0,141193243999.0,178568344162.0,157356040716.0,570051838845.0,559045457236.0,434185755533.0,432649280569.0,13925633567.0,14467242991.0,17164767577.0,14194800945.0
004980,성신양회,CFS,346588644199.0,371430350415.0,515007526070.0,553738399570.0,772175804487.0,791369380223.0,538023248072.0,396213621807.0,1113282184538.0,1030414329947.0,73331934254.0,1833600738.0,66955414380.0,-26470491614.0
004985,성신양회우,,,,,,,,,,,,,,,
004990,롯데지주,CFS,5854119649407.0,5621713796062.0,6727891073451.0,6169727343827.0,13487589138957.0,12409157931313.0,9672841607501.0,9766258734737.0,15159775895639.0,14111852309175.0,493689284141.0,489830602915.0,163660188554.0,336571001704.0
00499K,롯데지주우,,,,,,,,,,,,,,,
005010,휴스틸,CFS,589116787480.0,640579788285.0,163667396735.0,195447062794.0,318962394363.0,297193188974.0,1007030906107.0,909180443075.0,764841700033.0,1030923466708.0,123214733009.0,289220357862.0,72197667977.0,227154197055.0
005030,부산주공,CFS,133595007850.0,129259247415.0,182706824827.0,174175205944.0,218282472186.0,212511513972.0,14574189825.0,21420265526.0,241720629111.0,230549455752.0,364369139.0,-6463260656.0,-10453925848.0,-9711497542.0
005070,코스모신소재,CFS,295505274305.0,208828977849.0,161698738718.0,150762393213.0,193891013679.0,200117019634.0,478782330149.0,251204096947.0,629578773085.0,485605243552.0,32324547766.0,32475176321.0,27036287901.0,27697027964.0
005090,SGC에너지,CFS,1200550195529.0,1311038342017.0,1630402099009.0,1623193756518.0,2098714440145.0,2187874937878.0,868796193814.0,866487238616.0,3024051635225.0,2823334065836.0,106822963776.0,209400218379.0,17169648910.0,148411627493.0
005110,한창,CFS,62137207473.0,77404531331.0,86558354153.0,82062812987.0,89140438095.0,90132832628.0,1170029782.0,23348160604.0,66291757351.0,89339914192.0,238216782.0,9846444821.0,-31237651569.0,-1870954346.0
005180,빙그레,CFS,395032407534.0,315267835364.0,182124833765.0,152445670179.0,249119716386.0,193497612928.0,641597543475.0,575768974671.0,1394316382403.0,1267685822673.0,112245218200.0,39407655268.0,86218494465.0,25685517208.0
005250,녹십자홀딩스,CFS,1361245870014.0,1261978231373.0,1513207405670.0,1052354393520.0,1856165582345.0,1625017215651.0,1881541819965.0,1967043519272.0,2057935704611.0,2079559970740.0,-16437917061.0,71961626472.0,-72793909756.0,58897358703.0
005257,녹십자홀딩스2우,,,,,,,,,,,,,,,
005300,롯데칠성,CFS,1149579977601.0,1019994253786.0,1264919959958.0,1154623005968.0,2720834172686.0,2283769460026.0,1536835578135.0,1412166180284.0,3224680481809.0,2841747049867.0,210669752581.0,222858437341.0,166513593085.0,131094281214.0
005305,롯데칠성우,,,,,,,,,,,,,,,
005320,온타이드,CFS,99626820196.0,109587105436.0,54580829207.0,53328492035.0,65127341444.0,65952316049.0,110792565424.0,109055850176.0,224438686442.0,329876667193.0,-3581191913.0,17033935517.0,-8505715135.0,1390173806.0
005360,모나미,CFS,94995519450.0,119271179657.0,89451315985.0,91158525042.0,97140752588.0,111823225016.0,98778063635.0,106609398706.0,141452792883.0,149532210261.0,-2268342309.0,6277196330.0,-5722532337.0,3315766792.0
005380,현대차,CFS,101724717000000.0,96389273000000.0,73362103000000.0,74236472000000.0,180653915000000.0,164845917000000.0,101809440000000.0,90896545000000.0,162663579000000.0,142151469000000.0,15126901000000.0,9824928000000.0,12272301000000.0,7983614000000.0
005385,현대차우,,,,,,,,,,,,,,,
005387,현대차2우B,,,,,,,,,,,,,,,
005389,현대차3우B,,,,,,,,,,,,,,,
005420,코스모화학,CFS,377119311640.0,299634118183.0,323120487326.0,301235755887.0,446543561144.0,409208860809.0,644489609739.0,398650035252.0,798983652893.0,718194570102.0,3005594005.0,41427923296.0,-7469918831.0,31471670942.0
005430,한국공항,CFS,206590264465.0,185028752660.0,72927688420.0,44213126942.0,128378638433.0,81818613944.0,348472901998.0,339276428817.0,544725137436.0,400521081627.0,33969013124.0,2592551465.0,31422609309.0,5774385828.0
005440,현대지에프홀딩스,CFS,1197839036000.0,1058080200000.0,866095197000.0,752414076000.0,1530728455000.0,990002238000.0,3520953816000.0,2198879211000.0,2629493454000.0,1956998071000.0,-11033826000.0,-30815370000.0,1100908213000.0,45279137000.0
005490,POSCO홀딩스,CFS,46212298543978.0,47649465547079.0,21861518075074.0,23188189987105.0,41281496791611.0,40149380046004.0,59663897393468.0,58257400589250.0,77127197108585.0,84750203702240.0,3531422506439.0,4850053015766.0,1845849532200.0,3560483538695.0
005500,삼진제약,CFS,146180494578.0,134268343120.0,144550213651.0,81652160600.0,154536239147.0,130692791177.0,265364997650.0,275864152918.0,292128533737.0,274031808452.0,20484355464.0,23184322386.0,18905784041.0,21900918791.0
005610,삼립,CFS,585928490679.0,539519447906.0,683473600046.0,649482563312.0,874719614690.0,906290707171.0,419012689858.0,389108878435.0,3433322296454.0,3314547280509.0,91734322533.0,89513471496.0,50228465295.0,53236796550.0
005680,삼영전자,CFS,357467077593.0,374038956145.0,9673972717.0,16409171235.0,14416675110.0,20693875402.0,529626204677.0,522913834412.0,177289642415.0,227806509955.0,6457447965.0,16282037403.0,13835688831.0,18761577373.0
005690,파미셀,CFS,43166152058.0,62363173419.0,7763156978.0,28546176077.0,12121806513.0,32982274160.0,80396946327.0,76664914880.0,56227378925.0,60181806979.0,1295996455.0,8873366509.0,3577983636.0,8261768828.0
005720,넥센,CFS,1745855254446.0,1637750257158.0,1451193915140.0,1568455337669.0,2829351043809.0,2595712644048.0,2231606324070.0,2131183569996.0,3036061854464.0,3003950006220.0,221038045467.0,-22542977056.0,100449037121.0,1776893536.0
005725,넥센우,,,,,,,,,,,,,,,
005740,크라운해태홀딩스,CFS,230187006183.0,271727927368.0,369693660129.0,405281944441.0,611838013675.0,635811691855.0,543948918099.0,517958395592.0,1035541074592.0,979071454561.0,71034057046.0,38440307559.0,41312914804.0,23752044518.0
005745,크라운해태홀딩스우,,,,,,,,,,,,,,,
005750,대림바스,CFS,131792726288.0,122695057408.0,128790267380.0,89151175570.0,187014858007.0,179629163370.0,160641169991.0,157961649402.0,266280932560.0,253490953035.0,4059070397.0,1454990634.0,-5547637853.0,-859785598.0
005800,신영와코루,CFS,165709722247.0,179619782007.0,27794916867.0,54155104445.0,36041587402.0,63083713569.0,365678215759.0,362720745342.0,202775168754.0,201443944940.0,2157294604.0,6613866012.0,5008543200.0,23502438488.0
005810,풍산홀딩스,CFS,202981668491.0,213323193085.0,110873765199.0,103482894554.0,170346888480.0,178221821848.0,1023904316175.0,964559570378.0,406728730515.0,387671434890.0,67837648307.0,80160431979.0,83387284452.0,73235786439.0
005820,원림,CFS,99385495353.0,78165685356.0,15814014566.0,18918952101.0,23052297051.0,26002568470.0,151917181773.0,143929258015.0,84421858608.0,81927170601.0,5066403417.0,3400937500.0,10089058402.0,9219220479.0
005830,DB손해보험,CFS,,,,,49736681327747.0,45510911766472.0,10303747263209.0,12124266534256.0,,,,,1742379224712.0,2039482230002.0
005850,에스엘,CFS,2070891916834.0,1773353010903.0,1116078680510.0,1092451714642.0,1226615063764.0,1225627791292.0,2009119403482.0,1706009149013.0,4838846695980.0,4174537934857.0,386185752873.0,197915409993.0,349266124228.0,165912606043.0
005870,휴니드,CFS,226645373224.0,229090786204.0,132338302899.0,154763742732.0,137756656975.0,159788538743.0,161578257143.0,144336818728.0,228843875014.0,222470897615.0,17360970116.0,12661325441.0,17876181009.0,9259054398.0
005880,대한해운,CFS,655634038156.0,560963774495.0,1192523164554.0,721681757213.0,2880989160205.0,2706138104863.0,1846814654142.0,1784122006765.0,1397365391874.0,1612014464184.0,249957270562.0,267671830651.0,46354279593.0,172294292657.0
005930,삼성전자,CFS,195936557000000.0,218470581000000.0,75719452000000.0,78344852000000.0,92228115000000.0,93674903000000.0,363677865000000.0,354749604000000.0,258935494000000.0,302231360000000.0,6566976000000.0,43376630000000.0,15487100000000.0,55654077000000.0
005935,삼성전자우,,,,,,,,,,,,,,,
005940,NH투자증권,CFS,,,,,49084465000000.0,46200211000000.0,7613428000000.0,7228056000000.0,,,,,553048000000.0,302929000000.0
005945,NH투자증권우,,,,,,,,,,,,,,,
005950,이수화학,CFS,696255711975.0,648004325426.0,619458505439.0,646244331679.0,832802122592.0,782591483389.0,260664591089.0,405485089749.0,1995488453425.0,2001785794246.0,-56017930753.0,-17067101101.0,-28074913226.0,26233638344.0
005960,동부건설,CFS,1363719905898.0,1135812744275.0,1016620678576.0,617523861899.0,1226953607157.0,998112147136.0,580558728890.0,583588347208.0,1899979526270.0,1461208947333.0,30156163241.0,41253381219.0,-4854316016.0,39355378983.0
005965,동부건설우,,,,,,,,,,,,,,,
006040,동원산업,CFS,3770743737259.0,3395834362543.0,3070620309109.0,2682961819501.0,4589421552831.0,4152704107718.0,3135721276463.0,2908475429741.0,8948570757964.0,9026258367482.0,464733626626.0,494432749962.0,272187151018.0,296545278655.0
006060,화승인더,CFS,747616933377.0,874903842645.0,905070999887.0,943368596899.0,1039627990949.0,1119839945881.0,613649058624.0,659649543091.0,1466551191174.0,1912955609700.0,24745436322.0,73297899437.0,-32499380085.0,84442660.0
006090,사조오양,CFS,138289185761.0,136578328509.0,118247567432.0,129264943322.0,125447760254.0,137261542247.0,220792416309.0,205946412848.0,391537751320.0,369125207218.0,16282340446.0,10201022922.0,20298534633.0,8526793526.0
006110,삼아알미늄,CFS,189503583143.0,129950354050.0,93699966320.0,125330581063.0,149310132933.0,150214354677.0,254988673514.0,137938934911.0,268023420437.0,312055883421.0,3770590732.0,22571051710.0,3406229990.0,17206656305.0
006120,SK디스커버리,CFS,5012296888979.0,5326431008340.0,2829893307852.0,3283276498952.0,6181138047283.0,5826776624464.0,6069572247695.0,5953321868034.0,8939216850779.0,8717115148765.0,256702034546.0,362228951564.0,247822243607.0,534037722554.0
006125,SK디스커버리우,,,,,,,,,,,,,,,
006200,한국전자홀딩스,CFS,249532285927.0,203217100953.0,87099655370.0,94444592137.0,116991494092.0,123768339272.0,386122138294.0,345331921976.0,266806350932.0,323979889281.0,-24677103505.0,30029847771.0,-28809054750.0,31243297812.0
006220,제주은행,CFS,,,,,6626863000000.0,6798450000000.0,535851000000.0,521854000000.0,,,,,5101000000.0,22820000000.0
006260,LS,CFS,11617591000000.0,11461292000000.0,8631564000000.0,8504994000000.0,11495353000000.0,11363417000000.0,6750601000000.0,5893939000000.0,24480743000000.0,17491338000000.0,899674000000.0,669509000000.0,570596000000.0,847180000000.0
006280,녹십자,CFS,1039149087771.0,980437888875.0,868916638866.0,540738447304.0,1103450608000.0,958895150180.0,1539863309487.0,1566641931089.0,1626643815820.0,1711312739533.0,34436169536.0,81263665843.0,-19808730987.0,69414784584.0
006340,대원전선,CFS,191351571521.0,200914428407.0,122508949574.0,142834595591.0,134547618320.0,154359646720.0,100324043905.0,91598885754.0,515401908392.0,562428058271.0,13130113478.0,1346085446.0,9612692059.0,1354066071.0
006345,대원전선우,,,,,,,,,,,,,,,
006360,GS건설,CFS,9482031400336.0,9411595104509.0,8796223078467.0,8205470645448.0,12822138677201.0,11590413888307.0,4885159860812.0,5356202808591.0,13436684904471.0,12299196214752.0,-387945401071.0,554834830515.0,-419500544880.0,441211560543.0
006370,대구백화점,CFS,24380798670.0,23612147066.0,137730400952.0,189455589257.0,269986052589.0,238926889458.0,197437292140.0,231420373088.0,61806120887.0,70060517293.0,-15147326554.0,-16303455665.0,-29666182421.0,-18601405827.0
006380,카프로,CFS,31567356492.0,94426176556.0,197345539834.0,167024554287.0,240136624028.0,275602853303.0,-23332040485.0,26602738377.0,75594416635.0,427187321496.0,-39471837760.0,-122282523566.0,-49109417604.0,-186206661086.0
006400,삼성SDI,CFS,9187029193265.0,9651702375329.0,8518933137070.0,8006938827488.0,14131610215445.0,13040023014999.0,19907249977522.0,17217502156128.0,22708300498633.0,20124069515854.0,1633368964768.0,1808013013202.0,2066046562201.0,2039361447986.0
006405,삼성SDI우,,,,,,,,,,,,,,,
006490,프리티,CFS,27820318280.0,28777159014.0,36941334924.0,37180120332.0,38133734139.0,38132316932.0,38350409280.0,63051467155.0,99811312707.0,76678321796.0,446804037.0,-1387901650.0,-30303127067.0,-7408062517.0
006570,대림통상,CFS,95941613928.0,97249047327.0,91020270941.0,79560377493.0,106152378893.0,91462722734.0,70991418122.0,80329895891.0,145721236338.0,174112262391.0,-4932768955.0,6951768177.0,-7955396540.0,3827885023.0
006650,대한유화,CFS,502070943945.0,460924908665.0,288246676637.0,222554203689.0,371702112202.0,333880102156.0,1824790602135.0,1861952413767.0,2499972627941.0,2222070977921.0,-62321327716.0,-214640345650.0,-29040720790.0,-149053085545.0
006660,삼성공조,CFS,221408500077.0,201631943530.0,35223094742.0,41011848299.0,42256345231.0,49783880589.0,271167495213.0,258870910592.0,125890836954.0,95745353970.0,5439330772.0,8737465177.0,14081133282.0,40961799062.0
006740,블루산업개발,CFS,61503210872.0,54442061424.0,21850624649.0,17277788385.0,79693711102.0,67139875786.0,120222578181.0,136530503860.0,82568024475.0,105449038864.0,-2992480125.0,7804011246.0,-5653312056.0,7918488493.0
006800,미래에셋증권,CFS,,,,,116938445976567.0,95852875159122.0,11238866114389.0,11099314721113.0,20359463366897.0,19161174666050.0,,,337857808122.0,706131422248.0
006805,미래에셋증권우,,,,,,,,,,,,,,,
00680K,미래에셋증권2우B,,,,,,,,,,,,,,,
006840,AK홀딩스,CFS,1534098922327.0,1578818308431.0,2775069811528.0,2366670547012.0,4020733884275.0,3721996781791.0,1294261200121.0,1263368989571.0,4479660141625.0,3787959855335.0,279123890558.0,-21822473627.0,130395492971.0,-124858459734.0
006880,신송홀딩스,CFS,35061784725.0,33746274549.0,109926582057.0,56054142465.0,139384802130.0,146219644364.0,103552470549.0,96131077029.0,193419654722.0,209403828091.0,8381489448.0,8574416656.0,8831541142.0,1577789162.0
006890,태경케미컬,CFS,68938171478.0,66162897988.0,12428080145.0,11658373087.0,20900958071.0,20054166298.0,161981348487.0,147337732507.0,70748221182.0,59613478497.0,17877381574.0,10400584716.0,17372104698.0,8732482523.0
006980,우성,CFS,248068670570.0,255997620670.0,211111514188.0,213958999643.0,242808033710.0,228737289473.0,182519530233.0,173231983536.0,634838094173.0,612322385130.0,5680812539.0,-607442610.0,11055745204.0,126061430.0
007070,GS리테일,CFS,1857061602047.0,1366113278315.0,2664089238772.0,2173617697970.0,5608276834883.0,5412417744683.0,4433739107731.0,4420005380162.0,11612547920738.0,11031892705958.0,393955339623.0,360186160964.0,22147526377.0,47609804762.0
007110,일신석재,CFS,42376412854.0,61470485884.0,31054628544.0,50872603656.0,41333553545.0,60940446850.0,56968634418.0,55227417237.0,101237416801.0,137670990748.0,4606467382.0,3899804285.0,1662404066.0,2347583898.0
007120,미래아이앤지,CFS,9912992825.0,31591856532.0,5948307655.0,4710195322.0,26320541597.0,28061180087.0,58141399070.0,69431663112.0,13025586982.0,12828359269.0,3232556343.0,3105522387.0,-9297695357.0,-3042386041.0
007160,사조산업,CFS,299434662900.0,338171210782.0,460396159573.0,429303021755.0,522283807245.0,523375978943.0,647475832866.0,643235999248.0,632240275627.0,660986318742.0,-23912003470.0,55173554439.0,9347260430.0,80131865013.0
007210,벽산,CFS,247206760852.0,249903036374.0,180636131712.0,206258902439.0,289171146580.0,299532316523.0,331255797285.0,302287717378.0,620719684691.0,519886002844.0,44748806752.0,18828034737.0,36431960368.0,11698989585.0
007280,한국특강,CFS,235482330815.0,230421748425.0,241261713662.0,217425096298.0,334499280052.0,348107184910.0,226498155365.0,199701202749.0,830391818276.0,795939630828.0,47315792559.0,30643132332.0,28125493377.0,40633591137.0
007310,오뚜기,CFS,1450698715577.0,1482195978641.0,904873432138.0,1219292102728.0,1432941729984.0,1622240967893.0,2063540799084.0,1947519891175.0,3454548477401.0,3183314853660.0,254893843560.0,185656436842.0,161681368673.0,278494298320.0
007340,DN오토모티브,CFS,1740312507736.0,1775650459528.0,1404917464019.0,1358459213708.0,3172968752905.0,3460082191971.0,1394417748532.0,1131508559775.0,3269243065116.0,3156376223570.0,490389697147.0,421528485860.0,283445370500.0,184899013321.0
007460,에이프로젠,CFS,144207122658.0,211577633197.0,125640479361.0,89933338793.0,176739762369.0,138850905278.0,417688000298.0,461002376463.0,150577975324.0,78349308044.0,-88866493684.0,-119344687080.0,-97283316172.0,-116084862495.0
007540,샘표,CFS,190023540407.0,205815950899.0,126599533070.0,97359029055.0,144770085041.0,138655949073.0,329813517821.0,327263957987.0,383926496950.0,371827516670.0,8130901397.0,10335490908.0,10634772183.0,16202363854.0
007570,일양약품,CFS,123658680911.0,118417757290.0,139262800168.0,145327719181.0,162206815166.0,165131818175.0,230399745264.0,237784614168.0,266669003173.0,247772599350.0,16379100013.0,14248917249.0,-2030394390.0,19806136531.0
007575,일양약품우,,,,,,,,,,,,,,,
007590,동방아그로,CFS,168992097474.0,161786671545.0,52780547783.0,53872484126.0,64434056198.0,65704820709.0,159950147364.0,150823208669.0,164275326108.0,146722848606.0,13588672363.0,9337231210.0,12160962261.0,6793365396.0
007610,선도전기,CFS,21259309116.0,29871451851.0,63702222739.0,68023145526.0,69366338263.0,76037003476.0,22956731902.0,37939349367.0,41641878386.0,64020094129.0,-7214331618.0,-11292685179.0,-16640943009.0,-14604818958.0
007660,이수페타시스,CFS,383628200131.0,373857465832.0,290513985554.0,286000684042.0,359658155215.0,323686082261.0,266778163292.0,222328078478.0,675332755709.0,642920533265.0,62169058401.0,116618143622.0,47723051484.0,102473037692.0
007690,국도화학,CFS,653730561289.0,746044369391.0,561181386006.0,494386760683.0,662535123654.0,640905700204.0,847026119089.0,858187958399.0,1311776360252.0,1601774176672.0,19152808086.0,96930520486.0,7489803560.0,73532423341.0
007700,F&F홀딩스,CFS,838490613033.0,705796956109.0,493721176674.0,582270616837.0,645468239044.0,706086461437.0,3195056318742.0,2889031983176.0,1986296503879.0,1816814937477.0,514391689043.0,486231560356.0,393602925421.0,417560485966.0
007810,코리아써키트,CFS,522355070375.0,558131417900.0,242749230942.0,298814701543.0,526566694739.0,541835924394.0,709890315967.0,751612622707.0,1332234444242.0,1596875152129.0,-32101224771.0,99194841606.0,-28266358679.0,85750793581.0
007815,코리아써우,,,,,,,,,,,,,,,
00781K,코리아써키트2우B,,,,,,,,,,,,,,,
007860,서연,CFS,1227937214614.0,1156476041727.0,1237640953938.0,1105073851122.0,1556642713410.0,1319636711049.0,1215227939469.0,1003906635884.0,4020724761964.0,3251548681865.0,256859542763.0,188572721382.0,211407356490.0,99142112917.0
007980,TP,CFS,313110285789.0,351971143041.0,286432285747.0,368426159787.0,478794359153.0,519858775950.0,207669601545.0,201367566907.0,920175022485.0,1084607022822.0,40575172330.0,68441024827.0,6012388270.0,24808819399.0
008040,사조동아원,CFS,207392603342.0,230815046192.0,201568670655.0,245773663699.0,206173173409.0,250702675272.0,242629195318.0,230971048179.0,678497886892.0,631567233187.0,38636740353.0,15251124105.0,10738977757.0,1035395608.0
008060,대덕,CFS,745306646567.0,803618533878.0,225999709961.0,319681860612.0,340057451171.0,419083389342.0,1495255174827.0,1484267679739.0,1279256573243.0,1661906969216.0,31327712975.0,196865725672.0,35936036808.0,133395501651.0
00806K,대덕1우,,,,,,,,,,,,,,,
008250,이건산업,CFS,146428768970.0,133882562867.0,167732476157.0,134406680961.0,250827068234.0,242273569536.0,192247663198.0,200553363778.0,311559747602.0,329330250975.0,9115784917.0,19324775021.0,-5593469801.0,5355718429.0
008260,NI스틸,CFS,159229889714.0,117828393920.0,187932026383.0,176853500421.0,213796827395.0,209249322708.0,234190235865.0,188195320194.0,382911138805.0,355390202149.0,,,50209592821.0,48789612395.0
008350,남선알미늄,CFS,170423189198.0,134740291615.0,88129042434.0,49056022687.0,129539387322.0,94558342251.0,303168213251.0,306636801620.0,310499187506.0,255740299974.0,6445968577.0,-2490017943.0,-263740253.0,27929159088.0
008355,남선알미우,,,,,,,,,,,,,,,
008420,문배철강,CFS,54897665431.0,60235180840.0,41677434309.0,33283391174.0,47721898425.0,39013430441.0,183924066261.0,167893428008.0,163633902034.0,192206730661.0,-3436828194.0,3006102380.0,18559890622.0,26217228380.0
008490,서흥,CFS,431159543682.0,399896261499.0,441422214363.0,281268559520.0,516668522058.0,456694418262.0,477068533826.0,469724117636.0,594567151213.0,634966079026.0,42994972090.0,61977343251.0,8884952964.0,40596746960.0
008600,윌비스,CFS,196177066792.0,191591300133.0,160135805710.0,147789291424.0,195506006150.0,172118972213.0,107345725123.0,98275749591.0,216118598980.0,254858078450.0,-4182783563.0,193461668.0,-15449994718.0,-9325313244.0
008700,아남전자,CFS,116699764.0,163760061.0,80064913.0,130774309.0,81581166.0,136362680.0,82645435.0,77284993.0,255594471.0,371831316.0,7179111.0,15981588.0,5408820.0,10753237.0
008730,율촌화학,CFS,260351010078.0,237341571056.0,274039143086.0,139456750168.0,372689000671.0,319324397285.0,306262065981.0,333811755335.0,414490610375.0,457893592811.0,-16200386104.0,-5978733266.0,-19085174206.0,-4149066546.0
008770,호텔신라,CFS,1380242820708.0,1478831130035.0,1188461899961.0,1305978509577.0,2398045990017.0,2398761037870.0,608492780185.0,539783949565.0,3568466181329.0,4922008727369.0,91230447816.0,78346330937.0,85978496138.0,-50164252064.0
008775,호텔신라우,,,,,,,,,,,,,,,
008870,금비,CFS,96725499952.0,84705727453.0,90344985108.0,79004754624.0,173516666522.0,173724375999.0,122824440729.0,133589518365.0,250958272033.0,234952392835.0,5890125995.0,-6480775.0,-8472664859.0,-20527522367.0
008930,한미사이언스,CFS,273900397168.0,245348143574.0,395202031620.0,347726498635.0,438697577009.0,384942964397.0,787472469388.0,724747969785.0,1247906379068.0,1046054210838.0,124468680998.0,67626014492.0,115119858471.0,69035321647.0
008970,KBI동양철관,CFS,132507649547.0,100077879559.0,114735748135.0,85891476001.0,121668094739.0,94535470493.0,87094838820.0,88547488549.0,278300201937.0,266171679290.0,2197941485.0,7738462210.0,-1560103188.0,3971222946.0
009070,KCTC,CFS,199695369295.0,188422824354.0,219074799433.0,221386023288.0,380738631338.0,371680925896.0,281358990864.0,258397700947.0,823125429680.0,920408668737.0,36821207555.0,37534026539.0,28570746258.0,28097629811.0
009140,경인전자,CFS,58280426833.0,54518303281.0,2988018493.0,3117826571.0,4543732473.0,4422682389.0,70583523307.0,63962347912.0,21136261743.0,20057915796.0,215548051.0,110384573.0,5784797087.0,2707450221.0
009150,삼성전기,CFS,5208418321146.0,4888318770849.0,2900459629423.0,2525123479970.0,3627546626400.0,3303686219356.0,8030324975448.0,7693484679285.0,8909448483915.0,9424551868027.0,639423737120.0,1182835924271.0,450482125173.0,993519182170.0
009155,삼성전기우,,,,,,,,,,,,,,,
009160,SIMPAC,CFS,643820010954.0,576766847975.0,453802895303.0,339349817467.0,475335057777.0,365415682268.0,582578411762.0,599682756591.0,609449638180.0,672228713099.0,17502288607.0,118946231131.0,-6463853637.0,76137343950.0
009180,한솔로지스틱스,CFS,166823946028.0,178161791687.0,111492840401.0,156801199996.0,126703696180.0,171990567169.0,118416690462.0,102505681816.0,726536824302.0,1015371889567.0,26257482894.0,36349586827.0,18533391661.0,24240799515.0
009190,대양금속,CFS,83909792599.0,148466664448.0,43254942553.0,106391762659.0,53311055376.0,226378022139.0,97745705110.0,174499068905.0,200969628514.0,239479973130.0,-2500237161.0,13725697078.0,-38643397278.0,9266192176.0
009200,무림페이퍼,CFS,916395077527.0,990488504312.0,998949826310.0,1017158103808.0,1711139618903.0,1739726817209.0,681485922730.0,689406928779.0,1321885020099.0,1399139266935.0,67783686312.0,96311787654.0,1401909955.0,34759091251.0
009240,한샘,CFS,367823428368.0,371956679283.0,522859212511.0,463658975053.0,708747064571.0,654251595301.0,342770354219.0,445427945270.0,1966947033819.0,2000906065724.0,1946608852.0,-21690245389.0,-62155231507.0,-71320632594.0
009270,신원,CFS,337113875576.0,332378571171.0,219236202336.0,208318649701.0,331223040908.0,284616541652.0,213786722034.0,225508352071.0,834478141461.0,995439504318.0,23429995620.0,33368554911.0,5935016102.0,17561081263.0
009290,광동제약,CFS,665424399775.0,605746753111.0,456809868624.0,353566874753.0,490018414361.0,384977525142.0,588047077508.0,547046233720.0,1514454148123.0,1431545255139.0,42069819369.0,38244441686.0,39371762692.0,26700699296.0
009310,참엔지니어링,CFS,458178643064.0,490120687958.0,557099575844.0,596874064052.0,605021126641.0,653553594852.0,73178884519.0,86111993721.0,76255465576.0,170586353989.0,-28089930204.0,1308108163.0,-25955114212.0,-2268336488.0
009320,아진전자부품,CFS,36289721504.0,34389415714.0,53379181320.0,54072412106.0,66699434604.0,65582625898.0,27893784767.0,25658604045.0,113444154855.0,100501934262.0,2038286352.0,-5760515771.0,229716397.0,-8743986978.0
009410,태영건설,CFS,2241268819819.0,2251456331195.0,4414397329194.0,2213048292164.0,5080708761456.0,3624753540812.0,-440220201594.0,1000971302848.0,3352921775830.0,2605096732189.0,-404531815195.0,106287199762.0,-1456960619972.0,-7155118986.0
009415,태영건설우,,,,,,,,,,,,,,,
009420,한올바이오파마,CFS,113577189274.0,111788673247.0,37651870142.0,28534710402.0,53528622870.0,45194772072.0,186218369830.0,168256460626.0,134909837622.0,109995418981.0,2211359603.0,1505787596.0,3508607559.0,251473643.0
009440,KC그린홀딩스,CFS,619169334644.0,397856970676.0,510316763335.0,430198031170.0,701431383176.0,534872842836.0,215147012761.0,257987835634.0,698466593657.0,643354458253.0,-29862667318.0,11420550397.0,-55928223819.0,-17036532280.0
009450,경동나비엔,CFS,554862076466.0,523037781853.0,410012029950.0,423564089051.0,475962722079.0,500314843682.0,584595249408.0,517704584690.0,1204312871752.0,1160860788602.0,105910537855.0,59770841498.0,83148711338.0,53582342499.0
009460,한창제지,CFS,108408655049.0,103712969664.0,132699423531.0,97228594589.0,197857870801.0,172631641520.0,91037618616.0,110430809643.0,276033575626.0,214923504794.0,-11474501616.0,1285737605.0,-17494819303.0,1260744010.0
009470,삼화전기,CFS,79607897714.0,86861007970.0,36450438351.0,40571460686.0,45172483589.0,50062914992.0,94066005039.0,89052354790.0,202450938538.0,239112733902.0,7828690534.0,13648212242.0,5800702495.0,10784755608.0
009540,HD한국조선해양,CFS,17735127271000.0,15775914217000.0,17497867505000.0,15033482523000.0,19872465252000.0,17571346490000.0,12370102932000.0,12312129810000.0,21296205574000.0,17302020185000.0,282260719000.0,-355560593000.0,144930284000.0,-295177096000.0
009580,무림P&P,CFS,575867112550.0,606630104461.0,587649783293.0,590302744262.0,992596055413.0,941368622014.0,630374033983.0,662689180761.0,768920159344.0,774103601234.0,11609909605.0,68291305211.0,-21635976438.0,45518463154.0
009680,모토닉,CFS,264953218135.0,371947222503.0,26519716920.0,29573642756.0,33085143261.0,33436780037.0,447117300118.0,430657381135.0,244258777569.0,223860212776.0,15150182530.0,13782733618.0,27476027732.0,21497074696.0
009770,삼정펄프,CFS,158375936844.0,135234131351.0,17933307778.0,19018631757.0,18538669154.0,19657538379.0,224134975952.0,213006280261.0,178308058944.0,174464091782.0,7375339325.0,4665535399.0,13973439920.0,-957080026.0
009810,플레이그램,CFS,169267010468.0,169102620939.0,90884059122.0,109789303274.0,99973852839.0,120092720408.0,173674978838.0,183550609564.0,214420293706.0,131301686660.0,-2591617556.0,-6864422815.0,-43211170123.0,-3943930162.0
009830,한화솔루션,CFS,8704888457154.0,8573295434667.0,7688753631478.0,6808491430423.0,15482363318996.0,13934972874351.0,9010546154819.0,9896911559334.0,13288744762930.0,13130752887526.0,604528962904.0,923726654257.0,-155257718254.0,366023151112.0
009835,한화솔루션우,,,,,,,,,,,,,,,
009900,명신산업,CFS,646838346174.0,562797781474.0,326691683512.0,375289532166.0,509720440831.0,545467699718.0,535155557097.0,383799554377.0,1738905096629.0,1515242090552.0,208112383711.0,126853664705.0,152651612715.0,85711784999.0
009970,영원무역홀딩스,CFS,4200038436119.0,3589462887266.0,1220665123125.0,937917047917.0,1799444219558.0,1503556312790.0,4579898926543.0,3986663398394.0,4355478262337.0,4533879205529.0,872582133502.0,1002198707249.0,718736627040.0,898144561108.0
010040,한국내화,CFS,121321541387.0,128344613909.0,84581534998.0,68407611103.0,127475850405.0,105655719304.0,205716398028.0,220343121783.0,411810116407.0,358774066756.0,-7538507015.0,10520196988.0,-14730463885.0,809211754.0
010060,OCI홀딩스,CFS,3994170810000.0,4110803927000.0,879584374000.0,1577971429000.0,2141619139000.0,2734136888000.0,3814932634000.0,4011397366000.0,2649691893000.0,2768929400000.0,531217297000.0,752431942000.0,710344635000.0,877756345000.0
010100,한국무브넥스,CFS,487703648703.0,465324219954.0,437477586001.0,456203652874.0,533544151720.0,498148853006.0,341180624348.0,301245283297.0,1510805866604.0,1371353848027.0,59337787778.0,37003638271.0,50489560045.0,35639746480.0
010120,LS ELECTRIC,CFS,2605193022178.0,2341252236663.0,1448676924745.0,1390210307038.0,2008849631067.0,1773513972232.0,1724042303163.0,1549291005666.0,4230482628448.0,3377070215838.0,324877723039.0,187524016869.0,207672688149.0,91209999630.0
010130,고려아연,CFS,5571656932735.0,6071090869900.0,1902819300929.0,2319116608598.0,2404068442780.0,2866186242426.0,9642002868870.0,9231732116548.0,9704521343024.0,11219358600107.0,659935424598.0,919171130822.0,533378688122.0,798264387415.0
010140,삼성중공업,CFS,9245491743301.0,8411943463061.0,11231917003443.0,9216046809137.0,12184181554327.0,10919760587958.0,3409207598067.0,3571937396906.0,8009429912108.0,5944667452285.0,233344768042.0,-854420950816.0,-155556375770.0,-627411807133.0
010400,우진아이엔에스,CFS,64151157459.0,65371218289.0,17139996782.0,16929725111.0,17871793910.0,18022750569.0,95625892822.0,93608634447.0,100168756319.0,84045560461.0,-3316488890.0,-5607320231.0,1936083379.0,-3325235051.0
010580,에스엠벡셀,CFS,40842465843.0,85269627983.0,30154846229.0,77048365816.0,36748801001.0,82605052368.0,66510217307.0,66976244003.0,202720700696.0,136788023955.0,9471454353.0,3424548181.0,687377262.0,9220197442.0
010640,진양폴리,CFS,11920811254.0,11294653591.0,9205006922.0,7993269672.0,19533006054.0,15374877852.0,32215828613.0,30709642807.0,54512150091.0,52720489763.0,3960005024.0,3288372484.0,3663580218.0,3493035703.0
010660,화천기계,CFS,79487940440.0,78152492874.0,29311045248.0,32134347538.0,29955963833.0,32602283746.0,137561687422.0,128824747667.0,161884346555.0,189747949366.0,-3037689781.0,1282311469.0,768091545.0,3558562654.0
010690,화신,CFS,677129872707.0,548104713599.0,626781242442.0,541172902992.0,751750658983.0,647757403677.0,445063325386.0,356863590822.0,1802759833241.0,1690271415164.0,83728814908.0,87362958755.0,77268483097.0,74211911444.0
010770,평화홀딩스,CFS,309404017477.0,288646083401.0,394726635441.0,366545852396.0,432409687812.0,435879831455.0,128521794266.0,122490583776.0,797052502774.0,740231005480.0,16770674615.0,3604505748.0,10947214569.0,-11489512933.0
010780,아이에스동서,CFS,2622293463452.0,2207827121057.0,1589563529981.0,1659038405092.0,2465162333779.0,2131652333747.0,1772210982308.0,1606134122300.0,2029440057224.0,2278442902307.0,340521475822.0,345076330100.0,160256444657.0,204862055396.0
010820,퍼스텍,CFS,135566849087.0,102843974656.0,171944624513.0,119575891323.0,202739371695.0,154647754948.0,62336376759.0,56662192603.0,173103350935.0,160154489954.0,2508074315.0,3112927906.0,4620136432.0,1794177256.0
010950,S-Oil,CFS,9647760000000.0,9205981000000.0,9254520000000.0,8213158000000.0,12538558000000.0,11129666000000.0,9037565000000.0,8483469000000.0,35726694000000.0,42446028000000.0,1354582000000.0,3405166000000.0,948848000000.0,2104387000000.0
010955,S-Oil우,,,,,,,,,,,,,,,
010960,삼호개발,CFS,200164550305.0,146333598697.0,87278213164.0,49462682948.0,101025496385.0,63537093441.0,227359519346.0,218855768768.0,361917141434.0,307522114170.0,10532376679.0,4469401497.0,15111583635.0,5925977294.0
011000,진원생명과학,CFS,34572884541.0,73063156234.0,22867486331.0,33835688340.0,39518497761.0,41395394097.0,111489207551.0,181471292500.0,40202911101.0,48718300179.0,-48368031089.0,-40083888917.0,-77768041880.0,-38150069804.0
011070,LG이노텍,CFS,5349008000000.0,4713795000000.0,4219145000000.0,4270417000000.0,6489731000000.0,5527825000000.0,4714575000000.0,4265793000000.0,20605290000000.0,19589409000000.0,830824000000.0,1271752000000.0,565201000000.0,979849000000.0
011090,에넥스,CFS,61579040162.0,70384780920.0,78011477480.0,64002853397.0,105063306084.0,83739059135.0,38971288086.0,44341097207.0,230617475526.0,205956336083.0,-6993449763.0,-23533540970.0,-19728244032.0,-23471392728.0
011150,CJ씨푸드,CFS,80537067058.0,60241701121.0,86175620995.0,63686192032.0,90158644701.0,67719807379.0,78050323902.0,75689279256.0,148348807287.0,152701471935.0,4139339998.0,4135027843.0,4435393624.0,7419860689.0
011155,CJ씨푸드1우,,,,,,,,,,,,,,,
011170,롯데케미칼,CFS,9814399965942.0,9466179970506.0,6523537562714.0,6384043035475.0,13243769644688.0,9520345523797.0,20232540579853.0,17264242286783.0,19946396629902.0,22276082763692.0,-347702499473.0,-762606983916.0,-39243085252.0,27820456953.0
011200,HMM,CFS,13179709000000.0,14280104000000.0,2001371000000.0,2051767000000.0,4272550000000.0,5285543000000.0,21440813000000.0,20781116000000.0,8400969000000.0,18582770000000.0,584770000000.0,9949357000000.0,968692000000.0,10117136000000.0
011210,현대위아,CFS,3733083000000.0,4267463000000.0,1983908000000.0,2410435000000.0,3059151000000.0,3812800000000.0,3766754000000.0,3733651000000.0,8590316000000.0,8207614000000.0,229216000000.0,212115000000.0,52548000000.0,43482000000.0
011230,삼화전자,CFS,16123747155.0,17696955462.0,30889478432.0,37687214131.0,44398805782.0,51007477621.0,28615426119.0,17734815364.0,41906999638.0,48326219525.0,-5003290248.0,-4295416659.0,-6371619997.0,-6062381677.0
011280,태림포장,CFS,178782919340.0,171430957662.0,240068312487.0,186309618375.0,350120774897.0,284710005647.0,365835183773.0,366507769408.0,719597766592.0,784022455987.0,22183903893.0,30895370651.0,10269631213.0,23195342302.0
011300,우성머티리얼스,CFS,42569166285.0,40698351561.0,80446076506.0,66989388325.0,101383849935.0,101656694244.0,27055386550.0,22215807636.0,33789509695.0,52521836616.0,-9330409816.0,-2773206829.0,-42898920811.0,-8008335694.0
011330,유니켐,CFS,85814299013.0,83203990276.0,61951598798.0,272487900951.0,73960755493.0,295710101541.0,145588740930.0,139168128994.0,108288136804.0,99794622882.0,4743669656.0,4150503853.0,-6253840152.0,1296442144.0
011390,부산산업,CFS,66280161646.0,61778892132.0,60548303908.0,36243580254.0,104333813339.0,52615151179.0,173866985615.0,82063775142.0,140483423894.0,152610203139.0,7151160981.0,5259376581.0,5450934665.0,4538775456.0
011420,갤럭시아에스엠,CFS,26253327493.0,13797756968.0,8862837242.0,24169577522.0,15296043085.0,24529479896.0,74747202929.0,33333531632.0,32950221500.0,30093883441.0,4582163761.0,4174665075.0,2674240331.0,4613111472.0
011500,한농화성,CFS,98381218670.0,94400999886.0,31940630238.0,31932042519.0,74790088790.0,72824106640.0,162579437615.0,152591076184.0,212395970159.0,239432889248.0,-2427541808.0,4544911205.0,12399220570.0,8571221426.0
011690,와이투솔루션,CFS,86736433173.0,89013981094.0,18476972154.0,40215347329.0,22163186277.0,44107169231.0,101958444449.0,82499822092.0,136937717876.0,120518463736.0,1907827121.0,1782281304.0,-345354383.0,-2214111179.0
011700,한신기계,CFS,67028092415.0,68795508711.0,14800966950.0,21936666117.0,23291240676.0,22775323313.0,92564299635.0,89006168384.0,61254832221.0,56039955371.0,-56581282.0,-9083502590.0,3730582941.0,-8673707426.0
011760,현대코퍼레이션,CFS,1337933198382.0,1235214844762.0,1363121151916.0,977251924327.0,1479068054337.0,1394707519478.0,580644518627.0,436594282075.0,6580447881815.0,6126968751169.0,99330569136.0,66827508014.0,83387483943.0,78686325705.0
011780,금호석유화학,CFS,2571407562515.0,2739034139046.0,1529933392561.0,1453492812920.0,2145675091381.0,2038142032975.0,,,6322528187782.0,7975625981021.0,358961881960.0,1147312056499.0,447043536116.0,1020119892577.0
011785,금호석유화학우,,,,,,,,,,,,,,,
011790,SKC,CFS,2081259893738.0,2526145050706.0,1845575953952.0,1870885565853.0,4507897882742.0,4151241803700.0,2524424248940.0,2241850761208.0,1570751580937.0,2386650004087.0,-216300854733.0,186194207153.0,-326360017026.0,-24636826941.0
011810,STX,CFS,320667000000.0,465066000000.0,397619000000.0,541861000000.0,430038000000.0,639377000000.0,148642000000.0,102407000000.0,903772000000.0,972571000000.0,-15004000000.0,-8827000000.0,-50368000000.0,-18650000000.0
011930,신성이엔지,CFS,258486007558.0,250730389825.0,249187414094.0,256892817231.0,345149056054.0,366385474629.0,242598485190.0,211169770649.0,576519652360.0,664143679914.0,7357387392.0,21021027961.0,15258873765.0,34271583029.0
012030,DB,CFS,315718515091.0,114707456228.0,436432732565.0,110484852478.0,484173981399.0,129333891166.0,395210860548.0,284983493606.0,458583862804.0,401345502158.0,37022768314.0,23608623380.0,20304876781.0,5713047702.0
0120G0,삼양바이오팜,,,,,,,,,,,,,,,
012160,영흥,CFS,262428629346.0,273435838538.0,250149721865.0,258920495495.0,314231665850.0,337528199498.0,229871161283.0,198156295843.0,500010556155.0,527368738331.0,1252474881.0,4226983642.0,-8496706680.0,-2856624481.0
012170,아센디오,CFS,18384895502.0,48796748867.0,22072971496.0,21086467111.0,22163675992.0,40888846326.0,26370953662.0,32269679091.0,6883461279.0,12543892128.0,-10352386041.0,-7886271061.0,-25921087032.0,-16916858189.0
012200,계양전기,CFS,152913592307.0,154643823757.0,107476287599.0,131941547098.0,111667023320.0,169633025975.0,120389108928.0,127921529428.0,381634129995.0,365075103182.0,-3894777764.0,-10631134052.0,-1264724490.0,-24539071245.0
012205,계양전기우,,,,,,,,,,,,,,,
012280,영화금속,CFS,113167877781.0,113565734719.0,106496582823.0,118508610032.0,142474702201.0,158037883342.0,67527956250.0,62701053016.0,292311699831.0,284850842623.0,9395601425.0,-1121315071.0,7535978187.0,469416270.0
012320,경동인베스트,CFS,208262735701.0,238353577485.0,69571031711.0,65544892616.0,141328888628.0,136105199735.0,465586357833.0,450708397884.0,312540940712.0,275539561544.0,21204924146.0,14709420695.0,20189917321.0,9356775877.0
012330,현대모비스,CFS,25565154000000.0,25659721000000.0,12052826000000.0,11476170000000.0,17930546000000.0,17599066000000.0,40655299000000.0,37807632000000.0,59254361000000.0,51906293000000.0,2295284000000.0,2026531000000.0,3423309000000.0,2487244000000.0
012450,한화에어로스페이스,CFS,9192041562885.0,8507711423519.0,12076597878814.0,8222937467473.0,14858674607799.0,11233518424948.0,4684225317909.0,3918309618351.0,9359005981309.0,7060393209984.0,691114682400.0,400345423224.0,976918345793.0,146554019200.0
012510,더존비즈온,CFS,125628815212.0,143916992480.0,415452939217.0,137740832182.0,437989023463.0,394392969092.0,445338536212.0,438499756772.0,353562627173.0,304302941269.0,69070239677.0,45533613298.0,34328701391.0,23076078685.0
012610,경인양행,CFS,262302066636.0,263604207552.0,234716376014.0,214042008855.0,287262667581.0,282098495707.0,251693304847.0,266154503356.0,345408240080.0,402637341238.0,-2247161467.0,28060459106.0,-9742504993.0,17240723264.0
012630,HDC,CFS,6590724166780.0,6762367303826.0,4179885119650.0,4356654859253.0,6606454288686.0,6759502438861.0,5014408829571.0,4832838799122.0,5908284632279.0,5044944531629.0,312643257338.0,158535478442.0,212938887004.0,36958373233.0
012690,모나리자,CFS,47559248170.0,37112904348.0,14218401932.0,17942328556.0,15760804382.0,20179158794.0,81284581098.0,77615217380.0,129760048314.0,120870094114.0,6485825685.0,2895379738.0,9144075225.0,2335281333.0
0126Z0,삼성에피스홀딩스,,,,,,,,,,,,,,,
012750,에스원,CFS,1096505825046.0,950422185740.0,469223945057.0,444737224516.0,581598589518.0,552669332935.0,1597906768659.0,1522989262567.0,2620810541515.0,2467960276573.0,212609320684.0,204138904290.0,189480545869.0,151030832821.0
012800,대창,CFS,455210728000.0,526440439454.0,415691175283.0,401660729113.0,509268660458.0,563437643167.0,250263991946.0,276716175313.0,1323045955936.0,1441272496006.0,-9266044241.0,9088699355.0,-25089630031.0,3655650416.0
013000,세우글로벌,CFS,47688310230.0,44255370613.0,6025600582.0,4010331521.0,6056708886.0,4030128778.0,48451992720.0,45858591763.0,36127556606.0,28065827220.0,2368614961.0,1558551419.0,2554578917.0,1522190823.0
013360,일성건설,CFS,212923747559.0,219850373057.0,220994215446.0,215195990150.0,284266784850.0,292815448269.0,125046647659.0,120486549061.0,607714578447.0,462601614581.0,7265982402.0,2722459268.0,4080701894.0,7417819938.0
013520,화승코퍼레이션,CFS,627452509743.0,627474797470.0,767539361882.0,806733242379.0,884030134462.0,926620108676.0,270513263949.0,250597989684.0,273585305760.0,115516620925.0,78207488155.0,43168338185.0,33208351746.0,15658333919.0
013570,디와이,CFS,590153626146.0,537055426753.0,345445189245.0,319588490731.0,399687967327.0,356698974017.0,530556785303.0,504384058940.0,1191171302146.0,1094816896212.0,43299144216.0,32920856088.0,35412223741.0,7650979674.0
013580,계룡건설,CFS,1838954013373.0,1703568860436.0,1400845573045.0,1342285677004.0,1868729174216.0,1757274727927.0,858163461806.0,802753933081.0,2977005044488.0,2949680250000.0,100697392316.0,132836469827.0,51924199347.0,60339311955.0
013700,까뮤이앤씨,CFS,164929361341.0,72079767443.0,123775070069.0,88669890181.0,168253109752.0,116341805653.0,87295246560.0,79147588250.0,278827953382.0,195140487261.0,6651260920.0,-15897800139.0,2607626820.0,-15888096472.0
013870,지엠비코리아,CFS,315557862691.0,294436675311.0,265986353507.0,248081704876.0,309489580051.0,282988578972.0,269566488961.0,267831024004.0,690905792852.0,610506109979.0,20566629966.0,11123016383.0,10813294723.0,12089848967.0
013890,지누스,CFS,602440549016.0,685770417986.0,330478136405.0,391306390941.0,415635288230.0,488663623143.0,625763571220.0,626157267727.0,952282926124.0,1159605660284.0,18342039200.0,65560502229.0,5297181824.0,29372131142.0
014130,한익스프레스,CFS,126642802404.0,143504295660.0,217075636066.0,176636027467.0,342926253267.0,302592347580.0,84604264757.0,105354618725.0,668410640663.0,858131760908.0,8724985201.0,19863296336.0,-15603643118.0,8543466802.0
014160,대영포장,CFS,77246378585.0,100263704907.0,35681998520.0,69518889154.0,46600849594.0,80340610405.0,174536929197.0,167016272894.0,283462475670.0,302554046399.0,11078018260.0,11909475247.0,7925125110.0,12852541546.0
014280,금강공업,CFS,455179398404.0,443511158509.0,529800865935.0,523650509725.0,652973754367.0,646587484981.0,477493955104.0,448214310434.0,856892700510.0,728931700430.0,66582089210.0,34368944960.0,44788076295.0,53379796909.0
014285,금강공업우,,,,,,,,,,,,,,,
014440,영보화학,CFS,78988956061.0,75676481194.0,15126566142.0,21644258116.0,15171620649.0,22013068492.0,163864004675.0,158436328623.0,90279029906.0,82988929798.0,6950540599.0,4973486413.0,5960794948.0,6689328943.0
014530,극동유화,CFS,205772521224.0,169686700343.0,158022894664.0,127554547499.0,216137142605.0,147759136082.0,213878094020.0,205316910692.0,1157998807210.0,1242475835454.0,27841803020.0,30590826516.0,15093999527.0,20430242683.0
014580,태경비케이,CFS,148954977261.0,146184796631.0,63891219664.0,75674736765.0,85138588296.0,96292879506.0,292902443113.0,264947299130.0,294162114095.0,345051212031.0,40076503357.0,31945997236.0,34255565024.0,28816693926.0
014680,한솔케미칼,CFS,367414633780.0,386120253270.0,247816973238.0,153669789765.0,409492209835.0,400814014226.0,941487453306.0,852496588410.0,771654641559.0,885470791861.0,124144351473.0,185990108464.0,108690123238.0,166977755320.0
014710,사조씨푸드,CFS,63068295928.0,99491937054.0,93547330669.0,97974738285.0,102175105518.0,111544268866.0,217962944164.0,239156185753.0,176023865603.0,201116169891.0,-34849471003.0,13584493320.0,-23096469897.0,8295233468.0
014790,HL D&I,CFS,872270376607.0,766565951434.0,834268033045.0,679492692355.0,1268702893325.0,1240232282310.0,455597816346.0,427189513189.0,1571977582483.0,1472088271680.0,50663745426.0,52621392074.0,30678156227.0,25099610222.0
014820,동원시스템즈,CFS,557764506819.0,550242849405.0,558912743064.0,420866461449.0,761806993435.0,722040384353.0,774050786167.0,729629597917.0,1276650646414.0,1436999451562.0,80851256459.0,91839427774.0,64350437874.0,72334600495.0
014825,동원시스템즈우,,,,,,,,,,,,,,,
014830,유니드,CFS,570048574295.0,848804647592.0,307904165833.0,542047732288.0,356024268041.0,587712511772.0,903111516380.0,901552165745.0,1133715006136.0,1404902461611.0,32068843108.0,147870643696.0,16264874026.0,126750418660.0
014910,성문전자,CFS,27687352490.0,38264060991.0,21959095342.0,23919722900.0,24201250428.0,25167616319.0,36711469969.0,32073699343.0,45063801937.0,49973898725.0,513645939.0,2467546877.0,-1626600141.0,2083804416.0
014915,성문전자우,,,,,,,,,,,,,,,
014990,인디에프,CFS,48514698051.0,54812308324.0,64664753405.0,72805809780.0,75965445981.0,81801083054.0,39623137112.0,37944084318.0,126499790341.0,135333062918.0,-2698436493.0,-13021781567.0,-1654134615.0,-10174562877.0
015020,이스타코,CFS,18875569533.0,19768810730.0,33616114922.0,31094510237.0,37121852831.0,34487215492.0,42382566776.0,45304145559.0,13270580140.0,7626732046.0,-1661140792.0,-3170883298.0,-2921578783.0,-5021732071.0
015230,대창단조,CFS,221515052129.0,230719006603.0,37308575376.0,61283024353.0,62213191685.0,95831169725.0,272538657429.0,242397320483.0,372122590244.0,421497657834.0,46442960961.0,49857119260.0,33910342318.0,40053758985.0
015260,에이엔피,CFS,38092306885.0,47611035041.0,57362551131.0,57564189592.0,62786246737.0,76747049774.0,32249152578.0,30052140226.0,140906023255.0,107458778217.0,-1824839750.0,-10679035041.0,-10024836016.0,-30357952707.0
015360,INVENI,CFS,490272111000.0,600113682000.0,533767322000.0,670344420000.0,855030228000.0,971855140000.0,503009253000.0,519538661000.0,1430505844000.0,1470167011000.0,57486508000.0,1459528000.0,34053372000.0,-2469725000.0
015590,DKME,CFS,141158237723.0,130896715204.0,82519903294.0,79957946686.0,93839584970.0,82860308311.0,126275057117.0,109826948997.0,137250775712.0,105673907331.0,12883589883.0,12936915150.0,12751211026.0,11278003463.0
015760,한국전력,CFS,29536215000000.0,29750545000000.0,61248421000000.0,44518577000000.0,202450215000000.0,192804738000000.0,37264750000000.0,42000256000000.0,88219461000000.0,71257863000000.0,-4541648000000.0,-32655153000000.0,-4716144000000.0,-24429108000000.0
015860,일진홀딩스,CFS,980720397638.0,891510804843.0,505448276484.0,463109692059.0,724215860718.0,678227620427.0,940563473807.0,907886898757.0,1471896022592.0,1433888289336.0,57518695514.0,44921597875.0,47891954977.0,28691536536.0
015890,태경산업,CFS,276002521199.0,273420877779.0,161217412472.0,180874995740.0,185598432442.0,204202010453.0,450039500015.0,420836852104.0,656027303168.0,733384357738.0,44128087572.0,54916688892.0,36170789418.0,37464888628.0
016090,대현,CFS,152523206332.0,160793659166.0,45953364729.0,50808069220.0,48980004855.0,54998741748.0,260357529064.0,242651078659.0,295303511096.0,319305279593.0,21331953277.0,30195181973.0,23272375340.0,25431134878.0
016360,삼성증권,CFS,,,,,49885200114300.0,47652352674387.0,6622709394534.0,6195908342795.0,,,,,547405708396.0,422405108435.0
016380,KG스틸,CFS,1193243551020.0,1016802407111.0,626542463507.0,648409557265.0,1304937566020.0,1361342496584.0,1890576488340.0,1690164830079.0,3429848200193.0,3819689027832.0,280410835368.0,340351530549.0,235222297338.0,534763543114.0
016450,한세예스24홀딩스,CFS,1028481312223.0,1110802442650.0,1045252816478.0,1055290548647.0,1188689216686.0,1205446231945.0,963656730166.0,831517509175.0,2780751628151.0,3322113533739.0,189745000099.0,192868855902.0,111443389308.0,49481514456.0
016580,환인제약,CFS,212101332439.0,197421514501.0,40027750609.0,31750479508.0,43019152692.0,35446435977.0,358207480590.0,333928125494.0,230393578986.0,198934734394.0,30170287865.0,29810419721.0,29774322169.0,23733586732.0
016590,신대양제지,CFS,330899042817.0,330075836941.0,123366100872.0,157468802943.0,189456582350.0,227229978192.0,686755610418.0,657299911642.0,645359891647.0,676402223828.0,58513877508.0,50861766330.0,51251648060.0,51281300998.0
016610,DB증권,CFS,,,,,9038074593682.0,8710072105027.0,1173885264629.0,1047298189421.0,1206986042160.0,1223166577309.0,,,12526271139.0,10770184612.0
016710,대성홀딩스,CFS,516254204501.0,521682900507.0,527812793456.0,496194551524.0,686948614403.0,786541938665.0,559034234876.0,604804139153.0,1216816669863.0,1253169917697.0,9963570964.0,6984420659.0,159418653042.0,4902357332.0
016740,두올,CFS,313208286021.0,296934612669.0,199738111650.0,213171947750.0,261501985696.0,263998120328.0,215587695865.0,198173169886.0,753135642653.0,565996038053.0,44088244906.0,13299644433.0,20831932708.0,7511336573.0
016800,퍼시스,CFS,259188806121.0,215710486345.0,62519924579.0,65902722142.0,67011502268.0,71851940711.0,530592357564.0,472952597361.0,362905625021.0,381251130841.0,35235683418.0,32658637873.0,66895995467.0,5876766413.0
016880,웅진,CFS,432073368991.0,481290449369.0,631966521029.0,728792255569.0,835453231162.0,868253314371.0,191624801173.0,226164473393.0,1018577151624.0,1049841292075.0,22359940820.0,42327369054.0,-24754798288.0,8092750248.0
017040,광명전기,CFS,118880731110.0,107721627777.0,53879897254.0,49661800189.0,56517452848.0,53307671271.0,130621136848.0,118450344003.0,161220121788.0,138239355910.0,-2273334035.0,4635070783.0,10890754211.0,5791185979.0
017180,명문제약,CFS,81436185840.0,70706927709.0,116372828055.0,110821453501.0,147794261201.0,135182358858.0,88754532448.0,95267464101.0,169567372992.0,152134940505.0,963765332.0,6433888101.0,-4874243002.0,7976055380.0
017370,우신시스템,CFS,241156735969.0,150779319919.0,267330019166.0,178058326845.0,284056762487.0,192467200303.0,96403707602.0,90048515305.0,242195761152.0,254538462220.0,12410190731.0,7972167440.0,7430685130.0,2816572951.0
017390,서울가스,CFS,1011629402471.0,1062951374975.0,446784812465.0,557406644342.0,709423037097.0,818373686144.0,1067796743185.0,1052968760901.0,1717423189672.0,1724452004293.0,-3200619585.0,3324640638.0,20527153332.0,17919220491.0
017550,수산세보틱스,CFS,146167631608.0,155944008621.0,80673846976.0,116508261814.0,87612992058.0,123182486960.0,175504537464.0,138548648213.0,226540510519.0,286296769359.0,16398431249.0,22598864801.0,16873038022.0,15749353436.0
017670,SK텔레콤,CFS,6585602000000.0,7219196000000.0,6993980000000.0,8046541000000.0,17890828000000.0,19153066000000.0,12228399000000.0,12155196000000.0,17608511000000.0,17304973000000.0,1753204000000.0,1612070000000.0,1145937000000.0,947831000000.0
017800,현대엘리베이터,CFS,1345816746000.0,1096309421000.0,1333818957000.0,1222898678000.0,2163866654000.0,1847719039000.0,1371566725000.0,1166752024000.0,2602099212000.0,2129301101000.0,82620343000.0,43016097000.0,309851270000.0,78232444000.0
017810,풀무원,CFS,730136230683.0,752345560481.0,977800752144.0,892669610735.0,1650244942362.0,1502570984984.0,506544641028.0,546646770252.0,2993468191302.0,2838303860365.0,61981274528.0,26331500743.0,13357627680.0,-36967492015.0
017860,DS단석,CFS,351804566271.0,303351742913.0,340137477914.0,317923054910.0,437728925747.0,425843741880.0,281175210888.0,139743427609.0,1070440042557.0,1133719963759.0,76240446307.0,73985310875.0,39161852822.0,27181948575.0
017900,광전자,CFS,126015835164.0,124433720602.0,16582702684.0,16592154606.0,19655544304.0,20234706018.0,231524927819.0,227620600680.0,125705279635.0,152201072028.0,-4405094540.0,5837058369.0,-1063414462.0,13137606608.0
017940,E1,CFS,1953815462310.0,1930286688911.0,2138857009424.0,1711123011938.0,2899257176259.0,2829299481251.0,1698150469926.0,1510355704256.0,7827737066529.0,7990767897663.0,93175065859.0,278730692433.0,214389244510.0,141465519787.0
017960,한국카본,CFS,398231471694.0,289163544215.0,297365080481.0,156336842968.0,337774036158.0,181165801047.0,454654105515.0,404167834363.0,594417384371.0,369270866021.0,16465724514.0,24798059067.0,-13449428136.0,20260871261.0
018250,애경산업,CFS,268472581367.0,275603610012.0,90410809063.0,116975836193.0,94745876572.0,123665920018.0,387626718902.0,358973695336.0,668866951127.0,610410753107.0,61937813983.0,39038794156.0,48604611481.0,16682112352.0
018260,삼성에스디에스,CFS,8160300292307.0,8005764371670.0,2391861435547.0,2493322920021.0,3345453419084.0,3485454954575.0,8975571141939.0,8466969934914.0,13276844204872.0,17234749537662.0,808230946594.0,916074023314.0,701325761022.0,1130012585621.0
018470,조일알미늄,CFS,240564258804.0,215659159961.0,159298607601.0,164284251035.0,199513686428.0,180767713986.0,191384682213.0,186912876356.0,465783855340.0,562385283324.0,8472865264.0,15831171036.0,-134306200.0,17828879642.0
018500,동원모빌리티,CFS,185219830046.0,154084068667.0,303611966575.0,295469088481.0,398156987777.0,395436339499.0,89710533157.0,61434250780.0,538640239424.0,387368679807.0,35573266789.0,11747797604.0,18168066939.0,22660092845.0
018670,SK가스,CFS,2485113138789.0,2581339370870.0,1460923784096.0,1742517071826.0,3493505643672.0,3490881745324.0,2588305767501.0,2340895146247.0,6992257390856.0,8066169118262.0,303595468730.0,390470990382.0,316290608462.0,257077747972.0
018880,한온시스템,CFS,3696903747606.0,4194764703068.0,3576141197593.0,4021078315367.0,6735917853522.0,6728917210972.0,2508486580608.0,2369866116572.0,9559328248400.0,8627727574148.0,277278601609.0,256590023453.0,58886775463.0,26742650440.0
019170,신풍제약,CFS,198935275596.0,196541780854.0,76384880652.0,27167237503.0,79301495101.0,30777770605.0,270782144698.0,330758287691.0,200228582505.0,209287627763.0,-47392405096.0,-34018686326.0,-57272531694.0,-35308829351.0
019175,신풍제약우,,,,,,,,,,,,,,,
019180,티에이치엔,CFS,202306023248.0,188883233062.0,211790140496.0,194765622089.0,284771236078.0,279919564485.0,118206064350.0,91434393027.0,586298306002.0,469666790784.0,43062857026.0,1128592573.0,27567226965.0,-6326755155.0
019490,엑시큐어하이트론,CFS,22342732651.0,4113497588.0,20408180527.0,2732120543.0,20490897591.0,3650178295.0,7069504894.0,3232600328.0,5504482588.0,7903386686.0,-6550533715.0,-9751994173.0,-7037459860.0,-9465573675.0
019680,대교,CFS,126528020752.0,125924567674.0,211336839429.0,176442427157.0,296001589250.0,262333648796.0,308525116150.0,404390139876.0,659740743270.0,683076343749.0,-27779172712.0,-49959384890.0,-96293719398.0,-136174498275.0
019685,대교우B,,,,,,,,,,,,,,,
020000,한섬,CFS,828922845505.0,1031083371680.0,251356436003.0,288910944267.0,329926345735.0,348223076669.0,,,1528640729242.0,1542221683428.0,100482854275.0,168315660882.0,80985208567.0,120699265831.0
020120,키다리스튜디오,CFS,120636489286.0,130418120361.0,81837108449.0,75836738214.0,135643276889.0,103123818157.0,208684626600.0,274624032843.0,171042237147.0,169433774760.0,-5744856252.0,4262454699.0,-35643071568.0,-2539662103.0
020150,롯데에너지머티리얼즈,CFS,1261999605054.0,1436348000822.0,332800203153.0,176543818151.0,426413928090.0,440193361462.0,1965832679844.0,1990086440415.0,809006057001.0,729362921828.0,11805382266.0,84772900155.0,-45120189148.0,48987139840.0
020560,아시아나항공,CFS,2149808880115.0,2844322554853.0,5435521833228.0,5976436038608.0,12206400392868.0,12739695840901.0,810345388271.0,715645570898.0,7623348347364.0,6206669334674.0,619928673329.0,598763774896.0,180531807269.0,26525711603.0
020760,일진디스플,CFS,28618905706.0,34999130791.0,81208820524.0,80757113949.0,86389552370.0,88372905690.0,25500102568.0,28930664804.0,54334550611.0,124347842285.0,-7962984896.0,1052222165.0,-14921777471.0,-3263062533.0
021050,서원,CFS,86417612763.0,96417388929.0,98057236463.0,99640406979.0,123001609081.0,129996555577.0,123995659472.0,136236301764.0,233179269197.0,275679212522.0,452953609.0,173336109.0,-10159276981.0,276402475.0
021240,코웨이,CFS,1591625489084.0,1374501066423.0,1509014925614.0,1130229416371.0,2213210951932.0,2053106158533.0,2637754784464.0,2311968716798.0,3966519721923.0,3856132895084.0,731255078054.0,677378551681.0,471011104871.0,457795616474.0
021820,세원정공,CFS,371272864423.0,300912871770.0,59545521134.0,50087988802.0,92873801552.0,77647408546.0,581208055520.0,551184435761.0,159199457308.0,115215348076.0,12037913130.0,-10941609997.0,-31272001756.0,-27859580279.0
022100,포스코DX,CFS,661855691387.0,603491896789.0,421366947879.0,431131515113.0,428357838257.0,437601276125.0,461449382203.0,413992509859.0,1485875620930.0,1152680199426.0,110563784581.0,64668494002.0,92128228460.0,45850938928.0
023000,삼원강재,CFS,193498230558.0,172700064210.0,56945223537.0,58632016361.0,61223758538.0,62909269440.0,242511942264.0,230780833592.0,359058169925.0,364111085653.0,16504971399.0,16532526342.0,16609053116.0,13013317992.0
023150,MH에탄올,CFS,59884863546.0,52735464686.0,183464748787.0,190941543396.0,346161545199.0,352042676901.0,99070017318.0,95397727490.0,105484095313.0,110722401934.0,18917521622.0,21924889178.0,5214659931.0,11905846678.0
023350,한국종합기술,CFS,162580176127.0,123548693270.0,188299734174.0,157452646955.0,224519456426.0,183900047649.0,156661859109.0,148795312079.0,376919437380.0,283702516162.0,3992264949.0,5425716889.0,13341928319.0,3799291685.0
023450,동남합성,CFS,28954938925.0,28224880226.0,23180664813.0,26081722394.0,45751505694.0,42058880063.0,51817334055.0,50026346067.0,166721761463.0,193400697499.0,8062686149.0,13461074816.0,5951154602.0,10621743195.0
023530,롯데쇼핑,CFS,5563803119356.0,6179514075813.0,10903416044835.0,10622585640821.0,19808248977726.0,20668459087068.0,10836449718811.0,11035116786002.0,14555863880290.0,15476035656554.0,508404731640.0,386225594610.0,169180436381.0,-318692441033.0
023590,다우기술,CFS,415124432271.0,415082904768.0,510051969531.0,386913646586.0,47791926295211.0,44071595509884.0,5550533034939.0,5188413232629.0,9855141797134.0,9210610313082.0,639880017159.0,718687487393.0,490015745774.0,680524455388.0
023800,인지컨트롤스,CFS,220430545503.0,228677683897.0,315754010834.0,305509469084.0,428904725303.0,400688873530.0,220198636876.0,206221596799.0,634018251095.0,570020850334.0,20925835048.0,17050734417.0,13037786232.0,11707604852.0
023810,인팩,CFS,191823871709.0,187859476408.0,248495876959.0,210046621229.0,330515819641.0,273499292804.0,152353906531.0,137664892084.0,542893201476.0,512240488863.0,23520579855.0,20813756713.0,13097916100.0,6211433994.0
023960,에쓰씨엔지니어링,CFS,49108963022.0,52925045646.0,49255971321.0,54587759245.0,60269563130.0,65881041288.0,39034389682.0,40625484092.0,135981756853.0,137224812696.0,982905544.0,7770473400.0,-2364589340.0,6506743619.0
024070,WISCOM,CFS,53349133626.0,68374203571.0,11295642917.0,14870292725.0,12077939300.0,15926877005.0,110912067304.0,112576389418.0,112319254509.0,125682312649.0,-2854535881.0,744304211.0,-475564721.0,-7425221847.0
024090,디씨엠,CFS,137015487424.0,178218851906.0,31583193327.0,30402368437.0,34265289367.0,41595073602.0,243377453637.0,265361249006.0,218258669539.0,240604203356.0,9056180535.0,24501431525.0,-10302105359.0,37642494159.0
024110,기업은행,CFS,,,,,416610518000000.0,401930409000000.0,31816761000000.0,29255929000000.0,,,,,2675188000000.0,2674730000000.0
024720,콜마홀딩스,CFS,294184203556.0,343129856216.0,321677119874.0,340472867793.0,473544596344.0,418764073414.0,816191270373.0,850337979900.0,637274322590.0,649879568755.0,16871130187.0,33000195009.0,6049009666.0,13023596377.0
024890,대원화성,CFS,69420261119.0,74098320893.0,69383983089.0,62853387965.0,85537345301.0,68456840367.0,52837629884.0,62456606707.0,122178457757.0,146805183509.0,-6436352452.0,-7401035956.0,-9744851548.0,-9621844517.0
024900,디와이덕양,CFS,400452453513.0,329733949818.0,444467614592.0,403210088947.0,482586900409.0,431773772024.0,91061754835.0,88443765005.0,1875890050635.0,1542026244310.0,27728234775.0,30682700016.0,4450283400.0,11489079537.0
025000,KPX케미칼,CFS,431457307996.0,396993531388.0,158595607033.0,166545010125.0,175893522725.0,181591489347.0,646572706120.0,595186627464.0,911119635067.0,983579558669.0,58387011998.0,46513085397.0,65778114586.0,29568123484.0
025530,SJM홀딩스,CFS,225952950744.0,208120718755.0,53855593162.0,49351856418.0,64326932876.0,65018743060.0,275482584242.0,263147323893.0,202841327601.0,184223689219.0,14656304596.0,8227979769.0,19364289450.0,3830315145.0
025540,한국단자,CFS,747731087675.0,666195440073.0,394189571404.0,347120935873.0,493288440467.0,419492218914.0,931763324987.0,870284236519.0,1296939956432.0,1168134977282.0,111745138186.0,64257366734.0,72856236925.0,48629558500.0
025560,미래산업,CFS,49339522496.0,75437247350.0,22156240845.0,33854991978.0,27339221298.0,41043553919.0,76442051252.0,93365955717.0,21739463482.0,56171983500.0,-15975202007.0,8004566211.0,-31501730280.0,8023364156.0
025620,차AI헬스케어,CFS,18585789736.0,22335941315.0,8194404317.0,6418791460.0,8368375227.0,6805876091.0,39987078995.0,41581150535.0,17033838985.0,6246244503.0,-10186542687.0,-10667657649.0,-6797532438.0,-21703261168.0
025750,한솔홈데코,CFS,112957284034.0,108300636690.0,122675409508.0,118712647336.0,172328108326.0,166074493275.0,139767293045.0,153422027364.0,300003321949.0,283414199451.0,-2112327227.0,2714713037.0,-14271677809.0,-4867558243.0
025820,이구산업,CFS,202939966228.0,223408617533.0,170926228765.0,193360556650.0,187965582995.0,209999597611.0,125926034608.0,127212834534.0,433373177732.0,429618752228.0,10213327750.0,13690371011.0,656314435.0,5720773052.0
025860,남해화학,CFS,499607199686.0,618408758708.0,272183416355.0,361477738381.0,314231857276.0,380906101431.0,519316742998.0,521990318459.0,1588078324797.0,2169565870526.0,11053225204.0,62590109179.0,11926977288.0,47307535568.0
025890,한국주강,CFS,15572790290.0,19844244739.0,6099786382.0,12787091333.0,11207425095.0,18273216705.0,32979507778.0,29772005519.0,53811233052.0,54371102413.0,2418860915.0,-517656122.0,2495090209.0,1721453110.0
026890,스틱인베스트먼트,CFS,97542270185.0,74239561850.0,27892301762.0,13748659871.0,32075108163.0,21647182087.0,252782010635.0,232302156334.0,93760178861.0,60448538379.0,,,27594774707.0,15855720534.0
026940,부국철강,CFS,112140780164.0,109099706598.0,23628379242.0,27606064056.0,23636379242.0,27614064056.0,132459475439.0,126007939849.0,191434539427.0,209727335869.0,2416388602.0,5922305967.0,3624750827.0,7102655812.0
026960,동서,CFS,851964860367.0,812498508803.0,57996437367.0,67707637636.0,71145079813.0,82302460449.0,1622874727791.0,1545550258853.0,489695541569.0,556486608719.0,43752486840.0,39175078067.0,146302302445.0,169611048759.0
027410,BGF,CFS,430684911646.0,422786609370.0,129891631140.0,71497959445.0,270623116664.0,201490551514.0,1900643336457.0,1736523419389.0,443173612089.0,434997439995.0,70546076287.0,61203792653.0,69136637008.0,26176881012.0
027740,마니커,CFS,57695514000.0,67103491502.0,74177819500.0,88388630337.0,114478213382.0,125649244999.0,45895285522.0,48976891916.0,339611584985.0,320551280994.0,2214546910.0,-6965206428.0,-1770258825.0,655477141.0
027970,한국제지,CFS,385962057025.0,374470184500.0,276378536450.0,253348298255.0,298373445267.0,259472596932.0,438476377272.0,411123501614.0,712027094858.0,684782846018.0,13502308684.0,21447275961.0,-66630151891.0,13826414921.0
028050,삼성E&A,CFS,5965342032534.0,5947655470530.0,4216949491567.0,5013013164226.0,4503060317148.0,5271682815759.0,3298338295974.0,2577040406955.0,10624917993595.0,10054344625186.0,993128866188.0,702942994188.0,695607943011.0,595319035026.0
028100,동아지질,CFS,284767307429.0,252481084265.0,157129219078.0,146379277069.0,162018317271.0,150642232281.0,228916549467.0,221639122376.0,344964131490.0,266282780286.0,7693102948.0,-30570127039.0,10229915443.0,-22829833590.0
028260,삼성물산,CFS,18977560736022.0,20312841472941.0,14759071583172.0,16413402987394.0,26229919730957.0,27017371086433.0,39897109481722.0,31964121380517.0,41895681215734.0,43161653399535.0,2870173816853.0,2528524413589.0,2719106116709.0,2544956968509.0
02826K,삼성물산우B,,,,,,,,,,,,,,,
028670,팬오션,CFS,1757323000000.0,1834200000000.0,1294029000000.0,1226756000000.0,3140595000000.0,3056338000000.0,4713351000000.0,4492604000000.0,4360982000000.0,6420312000000.0,385854000000.0,789618000000.0,245041000000.0,677081000000.0
029460,케이씨,CFS,444429970126.0,459173328490.0,136179561941.0,161319108918.0,197391479176.0,213860828781.0,864919790892.0,790763082874.0,727022218779.0,857973655257.0,66380698421.0,101194811532.0,61447751633.0,118814975004.0
029530,신도리코,CFS,903271178469.0,759235989185.0,71806841263.0,66999917446.0,87555410343.0,84787666360.0,991227588174.0,953705781160.0,395823115252.0,378186827805.0,25334080155.0,-2209596552.0,54984228871.0,45016566294.0
029780,삼성카드,CFS,,,,,20670643151573.0,21733666278870.0,8135890561802.0,7889526594331.0,4004222629932.0,3794571861592.0,,,609438704418.0,622254073534.0
030000,제일기획,CFS,2372420112567.0,2193979019964.0,1375033434074.0,1335642465029.0,1591740851472.0,1530015562245.0,1297763755819.0,1221429565834.0,4138274796031.0,4253367260000.0,307522766415.0,311412761580.0,190121613120.0,195834422990.0
030190,NICE평가정보,CFS,239633515609.0,243660114663.0,108182596843.0,122789700288.0,124109919550.0,139446697557.0,369599775662.0,341644764563.0,485713636119.0,479868591387.0,65329237352.0,71616495095.0,56046652275.0,52697598208.0
030200,KT,CFS,14518157000000.0,12681532000000.0,13147409000000.0,10699268000000.0,24148845000000.0,22565958000000.0,18561137000000.0,18414723000000.0,26376273000000.0,25650011000000.0,1649774000000.0,1690088000000.0,988718000000.0,1387663000000.0
030210,다올투자증권,CFS,,,,,8381319281247.0,8517287853460.0,830518070916.0,986415922987.0,1508370888138.0,1841963668280.0,-62004542741.0,106957340322.0,-11367972142.0,93785712822.0
030610,교보증권,CFS,,,,,13716088524500.0,11855462300592.0,1877274491579.0,1561798196609.0,3743018931529.0,4065850269135.0,,,67558376656.0,43289135655.0
030720,동원수산,CFS,82618064329.0,89214425106.0,45422742379.0,31715608035.0,71959495193.0,59216320085.0,42652370459.0,62573282299.0,141944902184.0,177038840956.0,-19400162561.0,5800643290.0,-17676748226.0,6065991650.0
031210,서울보증보험,,,,,,,,,,,,,,,
031430,신세계인터내셔날,CFS,598157171614.0,547064855331.0,326150643864.0,282263660680.0,472354835583.0,445005786973.0,851714749864.0,833676027661.0,1354327166187.0,1553877316519.0,48733428811.0,115270511523.0,39649249111.0,118792238428.0
031440,신세계푸드,CFS,323742700333.0,337903939358.0,392859723868.0,317890250765.0,585580594481.0,611858315900.0,289890812200.0,292068924157.0,1488920671051.0,1411305169297.0,26424244975.0,20577349768.0,10644913318.0,-5384404410.0
031820,아이티센씨티에스,CFS,418131406029.0,419799819638.0,309149668894.0,331092502383.0,318405022078.0,358528267719.0,206973162820.0,199881163831.0,892572862927.0,709847221879.0,15528861337.0,15878066941.0,3315283911.0,33531899250.0
032350,롯데관광개발,CFS,80886866125.0,61153935710.0,1208746928929.0,1027340540479.0,1698551480420.0,1571088484599.0,65559575853.0,231688109604.0,313548275382.0,183670906051.0,-60605788472.0,-118719752733.0,-202330590203.0,-224708158495.0
032560,황금에스티,CFS,281840925396.0,253333399264.0,100511117327.0,91455725058.0,112667876114.0,108492130789.0,400859399992.0,373420501177.0,355142901174.0,333445663904.0,29280143234.0,46505927767.0,29757396830.0,46246868355.0
032640,LG유플러스,CFS,4964158000000.0,5043422000000.0,5606861000000.0,4817824000000.0,11343820000000.0,11325133000000.0,8756785000000.0,8449667000000.0,14372626000000.0,13905990000000.0,998031000000.0,1081260000000.0,630241000000.0,662588000000.0
032830,삼성생명,CFS,,,,,270317609000000.0,254672143000000.0,44337441000000.0,41562020000000.0,,,,,2033709000000.0,2307597000000.0
033240,자화전자,CFS,299755908312.0,198960153675.0,220299313077.0,134643572358.0,312897493410.0,162630931615.0,379749977555.0,343157742424.0,503330314586.0,292333491221.0,-16355712201.0,-11740371040.0,-24425683991.0,-38182504010.0
033250,체시스,CFS,35335963904.0,27529747404.0,44712407312.0,40703547946.0,57325992061.0,53298856790.0,33242089295.0,30959620229.0,49004497323.0,60534305387.0,4565520723.0,2787313703.0,3296767413.0,-386139929.0
033270,유나이티드제약,CFS,244734766499.0,224392334130.0,72594576057.0,65880250247.0,90179373467.0,80034380202.0,378681044247.0,337856486362.0,278943296812.0,262522022556.0,54949693219.0,48213162470.0,48261713568.0,45275093914.0
033530,SJG세종,CFS,736035926538.0,750348258794.0,635938262527.0,657081455660.0,739910935731.0,748025818053.0,411894487983.0,401401499584.0,1792324075283.0,1858324298948.0,51864002447.0,32644276270.0,4338222081.0,195988943.0
033780,KT&G,CFS,6418374000000.0,6509585000000.0,2672414000000.0,2527315000000.0,3477517000000.0,2943136000000.0,9294935000000.0,9358580000000.0,5862608000000.0,5851406000000.0,1167336000000.0,1267650000000.0,922361000000.0,1005327000000.0
033920,무학,CFS,382745564993.0,63733624424.0,91702465315.0,120757233358.0,99689196854.0,125178899253.0,539638320504.0,480560895761.0,146573700822.0,152832444811.0,16162941974.0,15643137742.0,65425861817.0,-13202293134.0
034020,두산에너빌리티,CFS,9641568243182.0,8098893728490.0,9596749583047.0,8059455534052.0,13799325009099.0,12969491516052.0,10841508936525.0,10080290283869.0,17589887709510.0,15421058082388.0,1467318338124.0,1106120868237.0,517521903042.0,-453149865549.0
034120,SBS,CFS,733255899285.0,782158059298.0,362806159254.0,306018024781.0,465277013396.0,534612151995.0,881121438236.0,873276544665.0,996763613264.0,1173781580894.0,58323294148.0,185603490383.0,47215006482.0,156555165794.0
034220,LG디스플레이,CFS,9503186000000.0,9444035000000.0,13885028000000.0,13961520000000.0,26988754000000.0,24366792000000.0,8770544000000.0,11319227000000.0,21330819000000.0,26151781000000.0,-2510164000000.0,-2085047000000.0,-2576729000000.0,-3195585000000.0
034230,파라다이스,CFS,862802346434.0,694517541841.0,690669675163.0,1174093555790.0,1832814279870.0,1826356918264.0,1785465087170.0,1685166887328.0,994199113643.0,587637410933.0,145770072264.0,10412544286.0,80184040634.0,15811360776.0
034310,NICE,CFS,1985262707130.0,1846042760069.0,1945000586450.0,1828895173416.0,2166601589788.0,2058288743565.0,1317521695764.0,1320274777657.0,,,96985264990.0,145242618665.0,19000281399.0,69015234806.0
034590,인천도시가스,CFS,240002539394.0,226533818331.0,141510961758.0,139427669743.0,232331240753.0,223143901928.0,211556300156.0,199999679858.0,781337052475.0,728489447710.0,16517707857.0,8050415265.0,17521308130.0,12184262611.0
034730,SK,CFS,64834622000000.0,64993579000000.0,65353291000000.0,63053204000000.0,129091214000000.0,122697070000000.0,77879050000000.0,71808790000000.0,131237878000000.0,132079354000000.0,5056378000000.0,8161266000000.0,-406387000000.0,3966176000000.0
03473K,SK우,,,,,,,,,,,,,,,
034830,한국토지신탁,CFS,,,,,879258531337.0,693138220332.0,1007337934748.0,1024932435292.0,270086082704.0,212858233033.0,,,-7659608662.0,24325037981.0
035000,HS애드,CFS,503633999547.0,491665825070.0,356621721068.0,360596175808.0,364992855173.0,368225319769.0,182779848030.0,173925226334.0,548333999026.0,530448053625.0,26444087237.0,24787300894.0,16201244480.0,18132846505.0
035150,백산,CFS,208786779543.0,205877238959.0,129189377903.0,145371470786.0,143460405254.0,158716154786.0,208460061713.0,180157317108.0,417721809967.0,475895240622.0,53146153914.0,50295977243.0,40522031132.0,44891846143.0
035250,강원랜드,CFS,1391068809421.0,1328836088014.0,701132109319.0,687658757348.0,770755021966.0,752374769957.0,3677900816262.0,3415377900739.0,1388572378274.0,1270685819109.0,282263014860.0,217565214200.0,340880761170.0,115612767888.0
035420,NAVER,CFS,7028076457880.0,6439570710743.0,6305568632198.0,5480633710849.0,11499828148842.0,10448720408685.0,24237998815553.0,23450322480451.0,9670643576585.0,8220078708810.0,1488820269608.0,1304664410543.0,985017762493.0,673180300087.0
035510,신세계 I&C,CFS,249562054118.0,280868425865.0,87649039518.0,110098377297.0,94320451732.0,118998739571.0,382241045872.0,363935340150.0,618922936014.0,596870394817.0,39957882041.0,37528514949.0,30441378559.0,84057402201.0
035720,카카오,CFS,8943259940386.0,7755732886687.0,6766752561041.0,5210218944086.0,11321369715195.0,9447826639446.0,13858599224126.0,13515717384943.0,7557001757272.0,6798741511168.0,460857845673.0,569390445168.0,-1816669011014.0,1067029037423.0
036420,콘텐트리중앙,CFS,535764015991.0,659695014090.0,1149281259397.0,1162321109657.0,1942938338789.0,1939086869129.0,510116684156.0,649047098913.0,993035799342.0,852050847599.0,-68126882657.0,-71591321151.0,-171340065923.0,-76856760275.0
036460,한국가스공사,CFS,17430305322308.0,25091557359989.0,22566372249208.0,30634566494162.0,47428628235286.0,52014242784013.0,9826038102998.0,10410740312040.0,44555995015027.0,51724286632369.0,1553418857598.0,2463421952045.0,-747428633334.0,1497008012582.0
036530,SNT홀딩스,CFS,1649128703465.0,1504308243134.0,554654826557.0,562176526997.0,748975380687.0,742131375499.0,1952822453624.0,1816295611122.0,1895715059417.0,1629520924776.0,178996899903.0,144692982304.0,164296062870.0,115574755703.0
036570,NC,CFS,2336838507769.0,2691079974940.0,614287467808.0,515348529125.0,1140771883353.0,1239083608249.0,3253028540550.0,3198548842532.0,1779832977766.0,2571792281800.0,137283512800.0,559006120606.0,213914315973.0,435990309263.0
036580,팜스코,CFS,649782213272.0,706573722222.0,843260668983.0,864151912360.0,878222193994.0,945322533351.0,241007317785.0,277851696975.0,1854547688808.0,1901506809713.0,31480472700.0,18799101788.0,-33998532120.0,-34318064159.0
037270,YG PLUS,CFS,151082012591.0,108897310775.0,51317677328.0,53040646699.0,58633550811.0,81946724778.0,166900530960.0,159425169127.0,223637117243.0,140221115585.0,21247899838.0,10336906899.0,22274990552.0,16692367320.0
037560,LG헬로비전,CFS,411275026174.0,468027206666.0,372344340884.0,449526730717.0,754107897938.0,802491626000.0,,,1190257448844.0,1167867997994.0,47352193560.0,53800859859.0,-45352667210.0,-26024593275.0
037710,광주신세계,CFS,270436599099.0,251369526602.0,87085808040.0,94771779386.0,115259720687.0,123544314603.0,819213142885.0,789909736438.0,179586817869.0,184873955252.0,54901376689.0,65584851127.0,48259151041.0,56946614950.0
039130,하나투어,CFS,446957657864.0,270540219474.0,370078106352.0,232758647249.0,485292298418.0,355727792522.0,159304079247.0,99701647938.0,411611609463.0,114969462998.0,34047986427.0,-101184086176.0,59056762065.0,-64572425272.0
039490,키움증권,CFS,,,,,47142321220678.0,43444207177999.0,4904099124221.0,4593093934930.0,9544799999478.0,8942353665382.0,,,440737008036.0,508170326221.0
039570,HDC랩스,CFS,301271355046.0,283879539514.0,113187483781.0,106496163827.0,124811384857.0,122062666858.0,258521102495.0,260516725005.0,606281889297.0,610731077048.0,10513214237.0,12308450303.0,13163298384.0,12430810524.0
041650,상신브레이크,CFS,356063373475.0,330261007139.0,320654729061.0,304792526146.0,353038164661.0,346980656861.0,211835213847.0,197589029086.0,575491184783.0,489014822462.0,27544460360.0,14080989932.0,14174122306.0,864464591.0
042660,한화오션,CFS,9217523943523.0,7822464527787.0,7459444078866.0,10672486378148.0,9632615571697.0,11490693372918.0,4312157120697.0,744971931958.0,7408312265643.0,4860150249534.0,-196498300366.0,-1613564533698.0,160043854483.0,-1744778447657.0
042700,한미반도체,CFS,319391328603.0,266177446666.0,105009650585.0,63044830709.0,151940478614.0,65336210199.0,571898625127.0,390096755786.0,159008528366.0,327592058714.0,34571410992.0,111859422080.0,267167515858.0,92259257411.0
044380,주연테크,CFS,36200581776.0,38474690494.0,8182618139.0,6348479239.0,8902969737.0,11699001969.0,37010582594.0,41543323324.0,43504587021.0,66667583595.0,-4656483408.0,-6294304449.0,-4445088459.0,-5645554434.0
044450,KSS해운,CFS,133698807421.0,82531563889.0,335931028343.0,378619659875.0,1235554637243.0,1252892414726.0,420480242387.0,406280228275.0,472602859921.0,445375789707.0,88361347360.0,69511091603.0,17041880092.0,45470527172.0
044820,코스맥스비티아이,CFS,286997361555.0,300281651101.0,560492075345.0,448910529344.0,625876969916.0,610374632435.0,252396259259.0,325762025027.0,628597019226.0,617403775029.0,20249350496.0,3400294229.0,2487403702.0,-20235925074.0
047040,대우건설,CFS,8021073414250.0,8028170447651.0,5033466227714.0,5406234804776.0,7181221069270.0,7415736590714.0,4061915414137.0,3724617161496.0,11647800864690.0,10419213132139.0,662517552616.0,760006514642.0,521479149761.0,508010238954.0
047050,포스코인터내셔널,CFS,8077259886000.0,7319472229000.0,6275479255000.0,5487439570000.0,9992986028000.0,8118209853000.0,6624761980000.0,4398127078000.0,33132821374000.0,37989588330000.0,1163112035000.0,902507009000.0,680419303000.0,604912380000.0
047400,유니온머티리얼,CFS,92467028124.0,95876805140.0,101159167798.0,89226091587.0,123358030616.0,120343646929.0,63730656159.0,83821137932.0,116470234149.0,126146837365.0,-4667933911.0,848339698.0,-18050286189.0,-214987091.0
047810,한국항공우주,CFS,4680966964634.0,5389183373767.0,4400307820313.0,5055361234345.0,5519636411444.0,6319189867558.0,1619940517277.0,1453216825866.0,3819344382446.0,2786888282702.0,247510483155.0,141617667318.0,221401119895.0,115919395720.0
049800,우진플라임,CFS,148346494709.0,135404813492.0,163788645393.0,152258099045.0,211957808783.0,182460324751.0,106427030469.0,102784723696.0,212126264262.0,254578736012.0,9058740983.0,22612660782.0,6051097209.0,21850156524.0
051600,한전KPS,CFS,968483212478.0,868119118284.0,318863253177.0,317589686960.0,324737142894.0,346288975190.0,1272596407940.0,1215733220155.0,1533850791494.0,1429074836456.0,199376381248.0,130553250828.0,162677361139.0,100181910047.0
051630,진양화학,CFS,5860676981.0,11971607685.0,6627097689.0,6509318619.0,17339845335.0,9828095608.0,32568375456.0,34741191688.0,28281407525.0,29090013873.0,-2147215622.0,-1055629006.0,-2170695288.0,-1112807736.0
051900,LG생활건강,CFS,2429583603574.0,2284388637755.0,1089658847771.0,1162757522705.0,1671359345925.0,1834093663954.0,5548926465800.0,5468835988249.0,6804839370129.0,7185759184335.0,486981224742.0,711122934369.0,163524219980.0,258340046881.0
051905,LG생활건강우,,,,,,,,,,,,,,,
051910,LG화학,CFS,28859296000000.0,29674369000000.0,18390839000000.0,16459563000000.0,36528509000000.0,30492696000000.0,40938185000000.0,37481127000000.0,55249785000000.0,50983251000000.0,2529196000000.0,2979354000000.0,2053425000000.0,2195518000000.0
051915,LG화학우,,,,,,,,,,,,,,,
052690,한전기술,CFS,452060499184.0,376375665242.0,250186492890.0,244766413418.0,307700361065.0,273089488378.0,547308411738.0,543413813300.0,545091772616.0,505290773062.0,28562398334.0,13940025562.0,32654447903.0,17953974302.0
053210,스카이라이프,CFS,424998754085.0,406459413604.0,353797650886.0,274731028041.0,478564857967.0,503764190486.0,737132733094.0,857534120935.0,,,14067496354.0,63195741120.0,-113745084092.0,23085655455.0
053690,한미글로벌,CFS,219266361301.0,200297138533.0,108140102142.0,133279908060.0,196050464261.0,178412243082.0,202820591121.0,194647416439.0,412914975164.0,374414323849.0,29630959031.0,30651133401.0,16670160431.0,26923928291.0
055490,테이팩스,CFS,65834239121.0,85225877638.0,40337061859.0,24887249293.0,47191194203.0,49617919916.0,152690727628.0,147966941115.0,145840123985.0,182261020089.0,6620536446.0,25451378469.0,8104139246.0,18933072271.0
055550,신한지주,CFS,,,,,635473468000000.0,611009672000000.0,56321865000000.0,53423558000000.0,,,,,4478000000000.0,4755514000000.0
057050,현대홈쇼핑,CFS,1785482841455.0,1080428355527.0,721683966014.0,676314151644.0,850516397114.0,823288672056.0,2582010751692.0,1958739320129.0,2064457266714.0,2101667569062.0,59952400171.0,110640961829.0,136205234371.0,86322217345.0
058430,포스코스틸리온,CFS,387938310738.0,400134840380.0,188619374551.0,208843889887.0,192037001542.0,211361071261.0,360149387575.0,343181072027.0,1158539579689.0,1202120738755.0,30632298770.0,38220208854.0,25201798677.0,22929664936.0
058650,세아홀딩스,CFS,2722209359882.0,2869204337962.0,1646971797733.0,1800640369039.0,2681649312707.0,2915366415560.0,3107732925975.0,3004592489669.0,6419203603021.0,6745801494898.0,200772104770.0,196126337931.0,131836418211.0,156073095388.0
058730,다스코,CFS,201852697062.0,222628996150.0,136257253955.0,137121632100.0,165929193769.0,202891749126.0,154105447193.0,143225920106.0,378093139375.0,378481455313.0,22478733426.0,11548783311.0,14380542630.0,2234938200.0
058850,KTcs,CFS,304508552140.0,291063634901.0,187621150645.0,183249589773.0,234849614972.0,224569291252.0,200050480482.0,191576789148.0,1035365640322.0,1029466970045.0,18723573550.0,24326774606.0,15803825827.0,18102989741.0
058860,KTis,CFS,111313130675.0,102120905227.0,116270864133.0,103697864970.0,243518966071.0,199203706481.0,204090155976.0,197004362809.0,592959670727.0,535783305933.0,20525095481.0,19544619038.0,13921786392.0,15916623698.0
060980,HL홀딩스,CFS,543390903442.0,566303125531.0,699611678298.0,585559869059.0,1287916030163.0,1274667759293.0,1010313288869.0,1005197130550.0,1285533416647.0,1277106070054.0,92173966184.0,85846922824.0,48746130036.0,2480488322.0
062040,산일전기,,,,,,,,,,,,,,,
063160,종근당바이오,CFS,111768693253.0,123464271830.0,98618039571.0,81590584468.0,170760623357.0,164791529446.0,123024437964.0,147799465882.0,160352778354.0,156042327041.0,-20152520381.0,-14810343537.0,-24192519647.0,-16702615620.0
064350,현대로템,CFS,3690167249000.0,3318550172000.0,3204670379000.0,2572729120000.0,3594508619000.0,3332399192000.0,1646976156000.0,1491470592000.0,3587382453000.0,3163343615000.0,210046594000.0,147486669000.0,156778978000.0,194534253000.0
064400,LG씨엔에스,CFS,3037231971000.0,2847939028000.0,1543112565000.0,2005334640000.0,2172423337000.0,2234346463000.0,1868256263000.0,1630788680000.0,5605300168000.0,4969651212000.0,464048383000.0,385394776000.0,332352235000.0,264968155000.0
064960,SNT모티브,CFS,799291404201.0,754907952073.0,219967464725.0,289671925104.0,267853621426.0,346460014011.0,943327647914.0,879026675770.0,1136280172201.0,1044860611248.0,116628673833.0,111925067671.0,86980060241.0,87508434250.0
066570,LG전자,CFS,30341209000000.0,27488228000000.0,24160380000000.0,22332549000000.0,36742257000000.0,32664144000000.0,23498536000000.0,22491997000000.0,84227765000000.0,83467318000000.0,3549074000000.0,3550972000000.0,1150611000000.0,1863123000000.0
066575,LG전자우,,,,,,,,,,,,,,,
066970,엘앤에프,CFS,1969480525059.0,2302551789075.0,1747319185275.0,1287536919484.0,2241456006787.0,1738602594287.0,1109988603801.0,1285330380477.0,4644090367589.0,3887293713353.0,-222296651919.0,266321029961.0,-194922089742.0,271012385909.0
067830,세이브존I&C,CFS,127242411398.0,108548630955.0,68261299687.0,67473730643.0,110440386598.0,109458880496.0,474358816905.0,464110667801.0,123786863309.0,119350275142.0,11043745814.0,9219026026.0,13617966616.0,9179409944.0
068270,셀트리온,CFS,5009357806990.0,2929792463759.0,2470579210688.0,1294097736489.0,2791739989934.0,1617448041462.0,17125794307235.0,4274204269789.0,2176431531380.0,2283967480394.0,651481422157.0,647198174586.0,539706505110.0,542566233270.0
068290,삼성출판사,CFS,27760118105.0,42688650350.0,6098730251.0,6848507622.0,30442277508.0,35896218317.0,166128262830.0,175591419259.0,41805582644.0,44923919266.0,-1311944874.0,-1259376548.0,8753853880.0,16441993623.0
069260,TKG휴켐스,CFS,539940302830.0,514165803486.0,212375603636.0,156580123016.0,259255639095.0,201162048671.0,840458533075.0,740190826513.0,1052689288463.0,1235837871097.0,121230241143.0,117135007140.0,134775148834.0,81809433479.0
069460,대호에이엘,CFS,82785333809.0,89445393799.0,43967957322.0,73769193265.0,51150337040.0,80661977546.0,94727342781.0,72880719330.0,181568717221.0,174036740741.0,8359024150.0,9340386983.0,3485683671.0,5924964090.0
069620,대웅제약,CFS,574824299442.0,548968363658.0,667117310302.0,472831460366.0,858029763618.0,822117616379.0,912281029374.0,741222997333.0,1375328744877.0,1280091851013.0,122591949287.0,95797148532.0,120002904220.0,39163169338.0
069640,한세엠케이,CFS,140209435078.0,163580974815.0,165379687765.0,171255785967.0,180692520518.0,186180876919.0,87779516186.0,38628827359.0,316765794730.0,271479748299.0,-4219075103.0,-21130809388.0,-6426244385.0,-37767478201.0
069730,DSR제강,CFS,111012055321.0,127187045613.0,55679195661.0,71887478691.0,67790249191.0,76302600310.0,195197857716.0,183095556612.0,212953620629.0,261687161748.0,23494981828.0,26367413746.0,12943787871.0,28926447513.0
069960,현대백화점,CFS,3117505675000.0,3115547999000.0,3446694246000.0,3660251198000.0,5433464917000.0,5702018783000.0,6279127722000.0,6367230872000.0,4207452895000.0,5014123629000.0,303469763000.0,320928734000.0,-39776206000.0,186026376000.0
070960,모나용평,CFS,242754623935.0,136438734752.0,395993192313.0,237587420373.0,619154070211.0,490578387042.0,385774122939.0,377707477145.0,211647596115.0,143314957207.0,21404935088.0,1552325492.0,10002844176.0,-12121469923.0
071050,한국금융지주,CFS,,,,,87456133489762.0,78602833042174.0,8445052101350.0,7705741114588.0,20893370651649.0,22939529241985.0,,,708063414580.0,639808461785.0
071055,한국금융지주우,,,,,,,,,,,,,,,
071090,하이스틸,CFS,106588644754.0,126766299783.0,103324903361.0,92989182233.0,121222358101.0,143503167006.0,149226506906.0,148952923097.0,256655946687.0,316413941902.0,3386282628.0,16870680824.0,1306918155.0,11510796611.0
071320,지역난방공사,CFS,899641455783.0,1119357783538.0,2028292017268.0,1995956430903.0,5875165562413.0,5811126778301.0,2093243566865.0,1667003101357.0,3953697605651.0,4173027136426.0,314719522031.0,-403893693760.0,199385845707.0,-183978919360.0
071840,롯데하이마트,CFS,660763363634.0,658469714445.0,714777342146.0,763903865017.0,1120890821760.0,1168922511871.0,1249790124067.0,1295296562364.0,2610137030353.0,3336820850782.0,8223020506.0,-52011444171.0,-35368734888.0,-527891084368.0
071950,코아스,CFS,27347301089.0,30927207710.0,50668790741.0,50790972728.0,59599078671.0,58375881363.0,10847539218.0,17870243546.0,73746191894.0,97886470716.0,-3034190053.0,-704501535.0,-6690888544.0,-1663238571.0
071970,HD현대마린엔진,CFS,196470091901.0,165093772307.0,206642830744.0,184789558770.0,228637992918.0,224154879957.0,225375915294.0,192136113895.0,245020790824.0,177460633009.0,17924999731.0,11120635288.0,31641504580.0,14143936944.0
072130,유엔젤,CFS,30979584609.0,35544007776.0,5993188329.0,5219751195.0,8118758110.0,7242894540.0,54830211281.0,53780737043.0,36639038647.0,30044902862.0,-1777259096.0,845798193.0,1436086547.0,2207360787.0
072710,농심홀딩스,CFS,333375108446.0,249773988834.0,319919550927.0,249036398908.0,380779227828.0,311863433252.0,1124279984014.0,1077267430845.0,769496371794.0,674579201408.0,75309845521.0,52812907521.0,67264054937.0,34206190797.0
073240,금호타이어,CFS,2002202864697.0,1764940163323.0,1886332067676.0,2342835848721.0,3431924258799.0,3450429792209.0,1399056998591.0,1244555611275.0,4041412157685.0,3559158461842.0,411010498490.0,23135670517.0,171848469734.0,-77469716124.0
074610,이엔플러스,CFS,68982242990.0,57415297536.0,86218960725.0,54988092370.0,92817664767.0,55540873039.0,79342256717.0,64786770329.0,44887669106.0,26895279587.0,-23921334947.0,-13174840671.0,-60808657454.0,-36257081136.0
075180,새론오토모티브,CFS,147595062283.0,149093964941.0,23565966168.0,22533193757.0,27269308416.0,26237446966.0,230301783101.0,229972314823.0,140307231181.0,138037550411.0,-7620523972.0,-3096423313.0,3330585962.0,-5954986070.0
075580,세진중공업,CFS,125520791840.0,154824317452.0,247450768256.0,245938218461.0,312332840336.0,342503861017.0,231686076362.0,209345312736.0,384796445852.0,410053666579.0,33554734501.0,24932252322.0,22730327421.0,13357564878.0
077500,유니퀘스트,CFS,420677252489.0,397107859468.0,240395764592.0,259498772647.0,240747285701.0,262882234237.0,213657095076.0,347841183941.0,665926330174.0,729547548896.0,33985725771.0,47307137709.0,16341231290.0,44083014070.0
077970,STX엔진,CFS,490899000000.0,468460000000.0,577722000000.0,539906000000.0,639500000000.0,593143000000.0,259634000000.0,260245000000.0,630377000000.0,544021000000.0,18868000000.0,-8816000000.0,5685000000.0,-26683000000.0
078000,텔코웨어,CFS,78046273159.0,88389298441.0,12180398934.0,17895877859.0,14189706820.0,20552807021.0,112622664084.0,111521033992.0,40637609678.0,42568934878.0,3042871954.0,2855339110.0,5336791438.0,3869096895.0
078520,에이블씨엔씨,CFS,104272776716.0,122000890479.0,66562573474.0,60523173688.0,86155959163.0,79356396676.0,87685530825.0,116075360229.0,273645246857.0,247873188440.0,11422012724.0,9975863944.0,6146524829.0,1074165022.0
078930,GS,CFS,5982341000000.0,5978612000000.0,6573930000000.0,6527808000000.0,16823230000000.0,17434432000000.0,17625195000000.0,16487810000000.0,25978494000000.0,28582513000000.0,3721802000000.0,5120181000000.0,1578711000000.0,2482704000000.0
078935,GS우,,,,,,,,,,,,,,,
079160,CJ CGV,CFS,474595169749.0,682681904094.0,1032488905523.0,1238638115169.0,2932973509969.0,3208379045793.0,261241200463.0,393089340695.0,1545839243146.0,1273191852459.0,49065796701.0,-70236132416.0,-123353396404.0,-214507519598.0
079430,현대리바트,CFS,511898828276.0,452085667414.0,454030879648.0,374995667877.0,497104513997.0,415626223927.0,402356810429.0,438533106520.0,1585704938901.0,1495701107465.0,-19852125058.0,-27895323942.0,-34135531271.0,-50771042676.0
079550,LIG디펜스앤에어로스페이스,CFS,2535880560459.0,1822951227868.0,2650650421124.0,1899456288192.0,2763399823997.0,2077548155320.0,1052359009288.0,935179067809.0,2308571092877.0,2220751868438.0,186378438940.0,179111737872.0,174962143119.0,122939587371.0
079900,전진건설로봇,,,,,,,,,,,,,,,
079980,휴비스,CFS,301874456947.0,280186390814.0,369208999534.0,289591977541.0,511335643613.0,412487679943.0,271387142946.0,381271947564.0,927679169915.0,1021725981973.0,-71628570854.0,-83009289041.0,-107986865065.0,-81474057070.0
081000,일진다이아,CFS,479972969090.0,482564983960.0,38484272037.0,45177478662.0,62179846965.0,71340431456.0,531849507648.0,527965220351.0,154457870494.0,186836814030.0,-4369731314.0,3272205622.0,10565000347.0,-3857396672.0
081660,미스토홀딩스,CFS,2241652636407.0,2293320102517.0,1161274004710.0,1092677843044.0,2426230645598.0,2247238042986.0,2553918905270.0,2574563334802.0,4006627455519.0,4221750126628.0,303493542620.0,435072372234.0,153056827039.0,467543841046.0
082640,동양생명,CFS,,,,,29965457519850.0,30006997132947.0,2903979870319.0,4859589804127.0,,,,,270645544253.0,-11358865121.0
082740,한화엔진,CFS,655667267221.0,471073549323.0,603567818478.0,498756380835.0,912709874130.0,734604466698.0,224148291136.0,221625827940.0,854384414147.0,764242847008.0,8728565174.0,-29534217363.0,-426426612.0,-40272392255.0
083420,그린케미칼,CFS,82164430553.0,93549310437.0,78319227043.0,67888815687.0,81009098842.0,74168153281.0,120368825236.0,122477181787.0,282345762196.0,324927356354.0,4952176367.0,17219652079.0,3349835122.0,2870341147.0
084010,대한제강,CFS,634087784965.0,745924997777.0,243862856202.0,390488522073.0,271812694772.0,422049932807.0,843966379889.0,798446876859.0,1447832026434.0,2141616301745.0,109934599541.0,215379902495.0,77048614856.0,137607060099.0
084670,동양고속,CFS,17506049196.0,17607060819.0,77785149571.0,77580062177.0,99329870208.0,90255923833.0,69064045409.0,75242450320.0,119970715686.0,104429014786.0,-287881125.0,-11216972073.0,-3093450679.0,-12794473042.0
084680,이월드,CFS,40408168287.0,46776319544.0,155215535939.0,123652911198.0,186383287497.0,185352588241.0,235283236246.0,246352426459.0,115275724966.0,126461962948.0,7922828646.0,14610430386.0,-9443187616.0,5633003780.0
084690,대상홀딩스,CFS,2137143406101.0,2099794475095.0,1331150905892.0,1312750489105.0,2576171992995.0,2460226574943.0,1583313432652.0,1555100873867.0,5259400430149.0,5226659820074.0,114614891500.0,143809242039.0,65516157066.0,78060700923.0
084695,대상홀딩스우,,,,,,,,,,,,,,,
084870,TBH글로벌,CFS,78531513406.0,83592436433.0,37927184356.0,46335440247.0,47020621926.0,52145159202.0,63026081285.0,60182472482.0,197103368035.0,203091521251.0,7860055406.0,1957768075.0,6736053468.0,4927301235.0
085310,엔케이,CFS,169799529022.0,85643414298.0,41882694058.0,40936876556.0,62956180856.0,57514392119.0,184709905261.0,128231542792.0,91535244729.0,76687877838.0,-1104109608.0,870341567.0,59156274919.0,10681446399.0
085620,미래에셋생명,CFS,,,,,30181275852828.0,30954564227888.0,2910747636564.0,4086946927729.0,,,,,117205082184.0,124815149251.0
086280,현대글로비스,CFS,8771518130998.0,8181858080896.0,4467588471380.0,4343758217774.0,6941096283685.0,6998172212338.0,7783923620253.0,6879612287958.0,25683197164064.0,26981880971123.0,1554032510087.0,1798516596130.0,1070090664293.0,1192805576043.0
086790,하나금융지주,CFS,,,,,551744278000000.0,530975132000000.0,40181717000000.0,37628148000000.0,,,,,3468356000000.0,3639410000000.0
088350,한화생명,CFS,,,,,132426755373738.0,126615799732833.0,15475087526211.0,19694680831182.0,,,,,825980778277.0,1170477624233.0
088790,진도,CFS,69679906511.0,74702031477.0,15646040146.0,23708931283.0,16788657567.0,25027285482.0,107507976244.0,104173494389.0,56370619279.0,63417016273.0,3761675112.0,6093797742.0,4390520650.0,4571584441.0
089470,HDC현대EP,CFS,407081529904.0,394001263744.0,244657330416.0,205485758775.0,288562520329.0,289863741271.0,316877870594.0,313466475616.0,1008120084643.0,1038391339478.0,33040068846.0,22557559038.0,10854827963.0,15436443404.0
089590,제주항공,CFS,507538374899.0,563875752137.0,1121502725707.0,854616060690.0,1669691471708.0,1357023834316.0,311202861948.0,287651014229.0,1724008542239.0,702503275808.0,169792117648.0,-177502073624.0,134328659855.0,-179674354361.0
089860,롯데렌탈,CFS,1042066609958.0,1114873306797.0,2308745355072.0,2332932577432.0,5352827789031.0,5631000169189.0,1365281271287.0,1296203936875.0,2752292105099.0,2738939589270.0,305192202982.0,308394412876.0,115205052028.0,88328519054.0
090080,평화산업,CFS,159904878917.0,140723346138.0,179990843871.0,143913923052.0,209045458106.0,195168304315.0,43366110642.0,41432301802.0,564038964404.0,519932246828.0,9937617006.0,5734166110.0,3632456925.0,6083364529.0
090350,노루페인트,CFS,318102040248.0,308281426153.0,209206835810.0,217385647823.0,294352124785.0,315503885865.0,374279148488.0,352673416288.0,780507251019.0,747090556280.0,41882595839.0,25746794042.0,27866551190.0,11548261970.0
090355,노루페인트우,,,,,,,,,,,,,,,
090370,메타랩스,CFS,13062812352.0,29548680677.0,7903693947.0,8845996179.0,38453397614.0,11129379056.0,73402387315.0,78887374616.0,21598887656.0,22659042216.0,-3860136978.0,-2047208320.0,-7437666523.0,-4146497020.0
090430,아모레퍼시픽,CFS,1952196456821.0,1735019347862.0,813257101661.0,831116935949.0,1013805677645.0,1022508074100.0,4872705211057.0,4779275104059.0,3673963593157.0,4134932512111.0,108171257062.0,214233255761.0,173878928996.0,129264244958.0
090435,아모레퍼시픽우,,,,,,,,,,,,,,,
090460,비에이치,CFS,575063094262.0,529238911435.0,419181211549.0,412054834185.0,438800022718.0,431683937037.0,650561021927.0,577975229499.0,1591992250709.0,1681053919767.0,84792055684.0,131267542314.0,84855132551.0,140664719735.0
091810,트리니티항공,CFS,454129212400.0,240567964178.0,465369371202.0,411247105427.0,1126731302741.0,983093107924.0,157142050991.0,59402782636.0,1348759428136.0,525821186068.0,139411816543.0,-103929570861.0,99132288401.0,-118672293887.0
092200,디아이씨,CFS,263981943673.0,259062264516.0,417110795910.0,436115678244.0,523567831521.0,504681102341.0,160517010036.0,143552471804.0,728664902522.0,695890221570.0,36108435116.0,31286785173.0,21004760938.0,4736429088.0
092220,KEC,CFS,220290923725.0,165155822486.0,68880711409.0,76334029383.0,91040501304.0,96489867891.0,356705359570.0,304646644633.0,206935260144.0,256171262590.0,-33000542024.0,18028423745.0,-37798918010.0,22270600167.0
092230,KPX홀딩스,CFS,850600644892.0,712440592151.0,375113159809.0,385145633327.0,465634459176.0,448980401917.0,1463012190805.0,1370913400737.0,1207010159501.0,1240447444718.0,65375088832.0,55528882649.0,137402456691.0,37511313045.0
092440,기신정기,CFS,121666512856.0,136973121835.0,12916892376.0,14109220139.0,13999939722.0,14831931489.0,251146199319.0,250227255028.0,144440857401.0,131329892496.0,6417822420.0,9642345481.0,4378917213.0,8494259121.0
092780,DYP,CFS,191195478589.0,195354574191.0,196028355896.0,180512934178.0,247492713207.0,249740813399.0,125141852327.0,124525221103.0,421732458047.0,397883097756.0,13298980181.0,7437519525.0,7814446685.0,2876656062.0
092790,넥스틸,CFS,314008530263.0,287366485555.0,157312312995.0,230370423611.0,197535613796.0,302747491634.0,444944994289.0,285264825396.0,619052056916.0,668403649813.0,157337247358.0,181300504021.0,129580237655.0,144193113559.0
093050,LF,CFS,1249422000765.0,1345770117110.0,816243783716.0,742787794617.0,1042077873710.0,927192269932.0,1713549888020.0,1656848106538.0,1900725823265.0,1968540364635.0,57379138443.0,185160686386.0,80053774341.0,177302502827.0
093240,형지엘리트,CFS,70799227485.0,62186943491.0,36593933717.0,25323796690.0,55199612789.0,41486677550.0,69926775307.0,67738955474.0,94485977330.0,137271368719.0,2485737507.0,3940036180.0,1997534039.0,8078888548.0
093370,후성,CFS,255501368173.0,345182994320.0,335279574922.0,381174152613.0,521907370047.0,518459264841.0,331469581873.0,415296152192.0,523191899192.0,610564329261.0,-46105756733.0,105370138192.0,-84392136579.0,112437648934.0
094280,효성ITX,CFS,87343649144.0,92177295184.0,88062268771.0,95274397111.0,106070813281.0,111070179540.0,70214000455.0,65748556887.0,503774955158.0,511266620347.0,19190293316.0,22323153949.0,14579375004.0,14921412242.0
095570,AJ네트웍스,CFS,303255111295.0,301533703715.0,675267840653.0,814364855406.0,1202505532188.0,1119677498878.0,419651809690.0,363691241407.0,1001975993554.0,1193651665953.0,78385856886.0,76418662736.0,16472354950.0,8667178478.0
095720,웅진씽크빅,CFS,394803380147.0,434029833476.0,372678084101.0,379836993112.0,418313652447.0,425863102369.0,321062631234.0,364929127793.0,890054559174.0,933284596402.0,5572227230.0,27552372229.0,-32199314502.0,3109290078.0
096760,JW홀딩스,CFS,495176779272.0,509210359269.0,728483025916.0,717041136150.0,827511707972.0,824316934495.0,348754719955.0,333262773002.0,928071670924.0,864536430725.0,144899316626.0,103257348706.0,31025900001.0,46482142077.0
096770,SK이노베이션,CFS,33279589404000.0,31966675885000.0,29399178862000.0,27557209671000.0,50815545738000.0,43976612895000.0,30019967513000.0,23242311382000.0,77288485864000.0,78056939448000.0,1903886320000.0,3917340789000.0,554894277000.0,1895179127000.0
096775,SK이노베이션우,,,,,,,,,,,,,,,
097230,HJ중공업,CFS,1727429000000.0,1430318000000.0,2125811000000.0,1418222000000.0,2549673000000.0,2182707000000.0,340912000000.0,384990000000.0,2162073000000.0,1788163000000.0,-108787000000.0,6625000000.0,-114319000000.0,-50160000000.0
097520,엠씨넥스,CFS,262566944718.0,247605783091.0,209611357651.0,197959395089.0,212084767581.0,229823432579.0,323612702499.0,309066577971.0,932490110758.0,1108637950325.0,18224255538.0,10702196295.0,27923690827.0,22973446783.0
097950,CJ제일제당,CFS,8673140890000.0,9759274570000.0,9121901459000.0,9749512896000.0,17826337301000.0,18484219204000.0,11779942250000.0,11529022641000.0,29023472909000.0,30079513121000.0,1291582413000.0,1664708210000.0,559462096000.0,802674084000.0
097955,CJ제일제당 우,,,,,,,,,,,,,,,
100090,SK오션플랜트,CFS,754790512544.0,594390293947.0,687194081824.0,642506418910.0,733064705288.0,694046434953.0,698841961592.0,525957499199.0,925835675846.0,691830139228.0,75604296314.0,71940779701.0,57548769236.0,28013900233.0
100220,비상교육,CFS,142839496486.0,140300766261.0,179227892266.0,83561652212.0,181432555065.0,112016003859.0,181188705233.0,197210083654.0,252371391671.0,253028639290.0,-5810962795.0,3546451200.0,-12359024137.0,-1021655503.0
100250,진양홀딩스,CFS,244656502766.0,175888049046.0,157817468988.0,153726030915.0,216313549023.0,194455945015.0,426767364095.0,402629316512.0,271104256117.0,234557602802.0,3515267242.0,5231538199.0,38195479439.0,27888408900.0
100840,SNT에너지,CFS,250689496206.0,253392256767.0,126574846363.0,99795812834.0,147149187415.0,170636295809.0,276014273067.0,259136406029.0,321955650203.0,202878635272.0,20777120986.0,3561445020.0,22727501737.0,18804694387.0
101140,인바이오젠,CFS,11331638255.0,16733498860.0,2114007977.0,36361573269.0,2620539622.0,37399819172.0,143083249830.0,106884029240.0,6240804636.0,10419522009.0,-6151980412.0,-6068323461.0,11344109632.0,-117218208176.0
101530,해태제과식품,CFS,133507764188.0,130960147832.0,250628648726.0,272667311688.0,416672704885.0,437389311669.0,268298745670.0,253865643478.0,624865973087.0,590266473598.0,45723953375.0,23170927168.0,21703503021.0,-2248226202.0
102260,동성케미컬,CFS,502174619253.0,457682236848.0,400352534810.0,351666796315.0,445611887526.0,410505252005.0,525000968052.0,489006502447.0,1117998853514.0,1140123619934.0,81599865964.0,55370343076.0,58715253362.0,46832993652.0
102460,이연제약,CFS,99813141579.0,109006467229.0,125602239438.0,47951489175.0,251150969113.0,236926485584.0,248624544580.0,247765256067.0,151071143910.0,154038839268.0,4033629819.0,9633099174.0,3583373124.0,7433682163.0
103140,풍산,CFS,2239437467040.0,2013246003210.0,1352196007511.0,1117973551094.0,1694674158819.0,1553056946285.0,1965954520498.0,1842240245511.0,4125263947257.0,4372982501228.0,228636480718.0,231619553412.0,156440326543.0,175261942564.0
103590,일진전기,CFS,433757560045.0,360680352497.0,384892900350.0,321654655572.0,557745967855.0,494610873687.0,371142176219.0,344902375464.0,1246731647188.0,1164706090212.0,60756520579.0,31490877242.0,31387172779.0,22259261237.0
104700,한국철강,CFS,687547285696.0,650225461253.0,84315666918.0,129583963953.0,120716792280.0,150021131956.0,851747532604.0,798528365480.0,905095863024.0,1064176509409.0,86552278453.0,121498017095.0,68179597574.0,87395337944.0
105560,KB금융,CFS,,,,,656864842000000.0,634557025000000.0,58873310000000.0,54107801000000.0,,,6435319000000.0,5289175000000.0,4563431000000.0,3931401000000.0
105630,한세실업,CFS,679072959856.0,772270727784.0,500471619853.0,620599734973.0,593553250948.0,702124695430.0,643694359723.0,537086481739.0,1708756427696.0,2204761177310.0,168225105469.0,179585878967.0,112035180540.0,85635184928.0
105840,우진,CFS,105364907398.0,95530996575.0,29084239889.0,35100263649.0,43017758395.0,50483944670.0,197283317760.0,176569430992.0,129059322239.0,124056658737.0,15365138090.0,11894433807.0,13944552349.0,11784761014.0
107590,미원홀딩스,CFS,127762065745.0,158573166004.0,104046859852.0,138171344618.0,197574631444.0,229582717353.0,269928526385.0,256303689726.0,443162257779.0,499293421104.0,15564411112.0,22840986830.0,17037305526.0,26602299713.0
108320,LX세미콘,CFS,902885508054.0,1009649198828.0,207337013241.0,324401670974.0,228301207505.0,339257893379.0,976763737232.0,950360648754.0,1901444975029.0,2119345363613.0,129035656339.0,310623962750.0,101203533006.0,233692540409.0
108670,LX하우시스,CFS,1105282000000.0,1078800000000.0,1041605000000.0,1060606000000.0,1551810000000.0,1703786000000.0,832982000000.0,779943000000.0,3525807000000.0,3611151000000.0,109822000000.0,14940000000.0,61786000000.0,-117721000000.0
108675,LX하우시스우,,,,,,,,,,,,,,,
109070,주성코퍼레이션,CFS,27488558048.0,25964084655.0,7924286030.0,13303132201.0,11872344785.0,18158116569.0,22262267153.0,14793215256.0,23947360256.0,22967075806.0,-1335469778.0,-4812464335.0,-1376873314.0,-9902822429.0
111110,호전실업,CFS,183911460675.0,194844461916.0,144993046248.0,148100110035.0,164296054666.0,180582898935.0,151689581331.0,135515238561.0,441548776508.0,479999576039.0,35118432806.0,40584324713.0,17191428993.0,26766722348.0
111380,동인기연,CFS,110409839253.0,100661073116.0,68534456172.0,116807275604.0,84551635875.0,146889417464.0,132757372638.0,51605117461.0,216057247215.0,250589220895.0,28253714819.0,42653702422.0,20625632427.0,28098801937.0
111770,영원무역,CFS,3346930108724.0,2821445719291.0,1123291101204.0,822686884772.0,1709153120150.0,1399319640332.0,3587970520506.0,3114304140479.0,3604377025404.0,3910960903824.0,637146368834.0,823027257046.0,533070681256.0,743155039128.0
112610,씨에스윈드,CFS,1352942897287.0,1005500112869.0,1417059643340.0,623838051512.0,1888228795542.0,856500062309.0,944418879016.0,927606916131.0,1520162115494.0,1374893317788.0,104666101614.0,42121940314.0,18936302304.0,-6941229042.0
114090,GKL,CFS,344824809120.0,262720452008.0,173078713466.0,161100630495.0,227557871552.0,227057758258.0,411810411984.0,382455408392.0,396693647873.0,262110551065.0,51017881015.0,-13917278200.0,43848395239.0,-22744367290.0
117580,대성에너지,CFS,274998084878.0,304783692464.0,364453020666.0,345343379610.0,483594707410.0,520696425282.0,319603451088.0,313793532919.0,999533749249.0,1020936453937.0,20391954237.0,938738843.0,14937263678.0,-755414347.0
118000,메타케어,CFS,53267472656.0,73473340529.0,15958644033.0,48449827516.0,17600313698.0,60277758402.0,137704448054.0,129579569605.0,55750068754.0,19098326977.0,-8903733352.0,-300469614.0,-26019814209.0,-49554716459.0
119650,KC코트렐,CFS,363818557052.0,265002514123.0,294167230779.0,229916925659.0,372977142675.0,266719036966.0,41449077749.0,56754683717.0,436615281950.0,421583746860.0,-21089869641.0,3629851717.0,-44388516861.0,-22130142929.0
120030,조선선재,CFS,123081991414.0,112016258371.0,8131196275.0,8405270975.0,9294843701.0,9248179273.0,146243340609.0,135885117324.0,66614293267.0,66976160497.0,10580671009.0,9435412968.0,13005386271.0,10522135281.0
120110,코오롱인더,CFS,2288259192253.0,2456933837738.0,2417412267433.0,2651217278486.0,3073061698076.0,3270361413054.0,2929657066606.0,2733101602938.0,5061157921399.0,5367473556072.0,157625474066.0,242496098882.0,50777732316.0,189160141708.0
120115,코오롱인더우,,,,,,,,,,,,,,,
122900,아이마켓코리아,CFS,1012629090484.0,927259777473.0,895581133358.0,757632502275.0,973345148707.0,814780662561.0,400371903894.0,410174013772.0,3425595997363.0,3588174695943.0,51107089826.0,56299267838.0,24300686894.0,29102928735.0
123690,한국화장품,CFS,33683783367.0,27907151271.0,21859435070.0,19362591582.0,23252166199.0,21500163750.0,25372122530.0,22413165800.0,78712916916.0,66046677154.0,3054862344.0,-23014169.0,3547260908.0,418118714.0
123700,SJM,CFS,180334630210.0,165731841879.0,43743754964.0,42439915983.0,52699057452.0,56088466557.0,198935491357.0,187186901233.0,198880157404.0,180237704926.0,13231441622.0,7087029001.0,16986831721.0,4700617935.0
123890,한국자산신탁,CFS,,,,,445001934727.0,431361487905.0,1035048089629.0,932432687489.0,259071620425.0,232964573062.0,,,129642234144.0,108242016692.0
126560,현대퓨처넷,CFS,629281007291.0,447169041097.0,65065046413.0,62050802480.0,72992898487.0,70265647771.0,836731591956.0,844990804152.0,168614989877.0,154213235046.0,2453177248.0,9517380912.0,2858595444.0,-2783743962.0
126720,수산인더스트리,CFS,345622189078.0,342710063007.0,89396405533.0,60575564385.0,104296849542.0,114148849591.0,498947236868.0,463006581649.0,324740172778.0,303539437938.0,50231142470.0,50593944044.0,48586664591.0,41885696489.0
128820,대성산업,CFS,357543105762.0,407797828586.0,297650632287.0,279793158375.0,1119752088608.0,1197506140662.0,613554433374.0,627082173949.0,1608088520653.0,1871305784976.0,29449898866.0,48301486163.0,-4010450468.0,-9644371057.0
128940,한미약품,CFS,730623667543.0,694158250909.0,704762991483.0,676748302732.0,798457731813.0,915359048755.0,1100210644155.0,1009226682083.0,1490887463726.0,1331546600126.0,220691065020.0,158090311455.0,165366177835.0,101558192480.0
129260,인터지스,CFS,198200870186.0,195139523479.0,139449960216.0,154310487269.0,164660988671.0,178721965121.0,263840460786.0,254445272513.0,611639433548.0,719983672710.0,23029106091.0,35409145996.0,13971343963.0,31320676916.0
130660,한전산업,CFS,101366415324.0,87334415601.0,62927020569.0,50108380679.0,100167696271.0,61835339210.0,103473245094.0,95946096419.0,363261295971.0,346042225300.0,26038104194.0,18651295433.0,15541995837.0,16285862704.0
133820,화인베스틸,CFS,72783198144.0,78946829058.0,119570949459.0,98773910391.0,125305300906.0,101359925313.0,64990661471.0,78262984556.0,132197701719.0,139604226438.0,-19776770069.0,719072177.0,-18028351033.0,-2598981749.0
134380,미원화학,CFS,80680105276.0,62837682419.0,12114125695.0,6792037295.0,20282131251.0,15155439398.0,144488827195.0,132708596334.0,232615760275.0,235165568356.0,24913393981.0,18983200277.0,21814089575.0,16260515287.0
134790,시디즈,CFS,54172962985.0,47454536884.0,27061618955.0,19567682588.0,30293306682.0,21635673445.0,64785987972.0,63427346696.0,200135778002.0,243320658371.0,-1927437377.0,40885780.0,2443800601.0,2544939298.0
136490,선진,CFS,640404859346.0,718357025915.0,747882636004.0,784132676786.0,815022296702.0,892994227026.0,443102256325.0,440621950325.0,1906005301125.0,1870781185636.0,97522940188.0,70603246898.0,10457093554.0,22969775624.0
137310,에스디바이오센서,CFS,964969847624.0,2517265593414.0,320757577789.0,296979641527.0,957284648030.0,315141082903.0,2831546402270.0,2946781299162.0,655676513230.0,2932001440304.0,-248084569658.0,1146624395447.0,-467904096959.0,908788681400.0
138040,메리츠금융지주,CFS,,,,,92138657614258.0,80435428574826.0,10097185065931.0,8541970794850.0,58558358469900.0,67218346531822.0,,,2125376583433.0,2133340042799.0
138930,BNK금융지주,CFS,,,,,135109931812961.0,126142724245770.0,10673702081303.0,10789882683348.0,,,,,678904864314.0,833150496073.0
139130,iM금융지주,CFS,,,,,87076229658301.0,83576192402746.0,6283554118124.0,6407727996891.0,,,,,412181438046.0,445398524180.0
139480,이마트,CFS,6387789258339.0,5848734597533.0,10373853962124.0,9941710322988.0,19609634816186.0,19718359591026.0,13834230770289.0,13483361917688.0,29472247894459.0,29332413845888.0,-46935431343.0,135651681895.0,-187466317757.0,1007725545174.0
139990,아주스틸,CFS,404148930215.0,345921495870.0,530183641923.0,369474451136.0,819583798706.0,522749227264.0,175822632494.0,237479258624.0,956457905420.0,1056170390159.0,-19057421396.0,4599028519.0,-65542964592.0,-4110014852.0
143210,핸즈코퍼레이션,CFS,365999633369.0,369265021316.0,618667187955.0,584579519508.0,695207306418.0,667856104059.0,281351811027.0,194732609944.0,749497563641.0,778254509174.0,-21498744514.0,-66724812599.0,-33908003159.0,-77799655028.0
145210,다이나믹디자인,CFS,53148791876.0,51584500392.0,42300707030.0,41692344690.0,54233104836.0,49003936595.0,52288292019.0,48843611531.0,67116106722.0,58198972428.0,-8774713386.0,-7232016459.0,-27102998211.0,-64686892675.0
145720,덴티움,CFS,370578237826.0,303704981317.0,262957793895.0,229276664329.0,309896958480.0,301420236208.0,463873382410.0,373163728344.0,393188581139.0,355865975045.0,138279256798.0,125702600219.0,96525972107.0,86143817705.0
145990,삼양사,CFS,1209396625056.0,1105795695751.0,824776375655.0,503590879696.0,1492906504328.0,1418659358018.0,1712094550179.0,1530989770387.0,2651439171359.0,2652438535664.0,113199757649.0,82015611183.0,121996688282.0,82247272600.0
145995,삼양사우,,,,,,,,,,,,,,,
155660,DSR,CFS,155280080129.0,176061391451.0,106422006756.0,139483313029.0,125278828283.0,162383840472.0,218202186975.0,202326546390.0,291095086618.0,367456836231.0,24261853627.0,35774891408.0,17549961156.0,24547772313.0
161000,애경케미칼,CFS,587429349728.0,591670033474.0,480050727873.0,473849818849.0,572037721924.0,505938346156.0,736322931173.0,728145376555.0,1793735842829.0,2176436882799.0,45060221982.0,95087063778.0,32973866067.0,59364093658.0
161390,한국타이어앤테크놀로지,CFS,6768077726453.0,6436304422676.0,2284371173267.0,2887075507092.0,3133752512020.0,3705654911026.0,9629553176340.0,8875709247979.0,8939621475507.0,8394203036511.0,1327945320791.0,705818089039.0,728792952155.0,705774525978.0
161890,한국콜마,CFS,898363312780.0,816296191864.0,1283697060535.0,868139417222.0,1590839241152.0,1463836379752.0,1418590136562.0,1469473099590.0,2155675927422.0,1865731523035.0,136143339992.0,73280441382.0,25138828951.0,-4101004683.0
163560,동일고무벨트,CFS,225091835407.0,228027492799.0,130722226273.0,145491983098.0,150343280092.0,163224624863.0,223697552954.0,218003776714.0,357776406425.0,390439849813.0,13689300437.0,8078839374.0,8382538376.0,6892156121.0
170900,동아에스티,CFS,544298744995.0,502838961350.0,387764020949.0,182707624179.0,581112696489.0,467613930767.0,683307891091.0,690111002837.0,663980368109.0,635392682732.0,11178462374.0,16672741081.0,2021387961.0,12771293993.0
175330,JB금융지주,CFS,,,,,58288020000000.0,55065152000000.0,5115950000000.0,4763013000000.0,,,,,603924000000.0,618257000000.0
178920,PI첨단소재,CFS,128135489297.0,131677920752.0,87959406916.0,64535885197.0,203026975016.0,157543399198.0,314918934887.0,341453216519.0,217639383722.0,276440430491.0,-3937893712.0,52135089760.0,-1795675819.0,45710485555.0
180640,한진칼,CFS,357038127193.0,537969466858.0,591306739269.0,978767254448.0,931046374471.0,1339020434490.0,2853875519764.0,2576057186684.0,275726817725.0,200336082220.0,42843084229.0,14487192387.0,388329013825.0,659568334244.0
18064K,한진칼우,,,,,,,,,,,,,,,
181710,NHN,CFS,1537394896573.0,1348599755827.0,888431380539.0,746992786633.0,1459885157431.0,1032762862400.0,1989792118929.0,1992419158629.0,2269614866943.0,2114869816089.0,55598405513.0,39053530657.0,-23094179176.0,-31751037477.0
183190,아세아시멘트,CFS,442211955202.0,407821475088.0,408050991646.0,337683357648.0,1071264422387.0,1061327445519.0,1049123493376.0,978682286906.0,1200454909494.0,1040145906143.0,146886630781.0,117970811813.0,89435440998.0,63904277998.0
185750,종근당,CFS,946571860795.0,713614782837.0,511465846744.0,374213062129.0,586793266763.0,503593995766.0,815635168749.0,621288802025.0,1669404438769.0,1488344728646.0,246599279042.0,109906061531.0,213602186975.0,79977779960.0
192080,더블유게임즈,CFS,582503995024.0,572610729335.0,62410016347.0,205744395688.0,91075429752.0,229338873566.0,1196725258764.0,1006297224416.0,582333575007.0,617262019515.0,213292020378.0,183857429569.0,192894646449.0,-221064092608.0
192400,쿠쿠홀딩스,CFS,488962801533.0,446314893140.0,113593387319.0,130651017779.0,170371736663.0,181757777564.0,1077736980914.0,967770930128.0,772261869749.0,755648437744.0,86632975985.0,87879677725.0,130122011488.0,116688836925.0
192650,드림텍,CFS,398814180980.0,466745600822.0,246504592743.0,309084260231.0,287299287687.0,323702374400.0,508036064704.0,501654718372.0,1030380773539.0,1368643532370.0,34045564038.0,96666082963.0,26953357544.0,85027475219.0
192820,코스맥스,CFS,821629081841.0,737152717216.0,873814217416.0,811975090337.0,1198515835534.0,952203952001.0,358561439285.0,444246552661.0,1777494448320.0,1600125770194.0,115685779856.0,53100853848.0,37799983055.0,-16446826860.0
194370,제이에스코퍼레이션,CFS,491789963430.0,312848636055.0,277068324545.0,235632678098.0,470072216553.0,278290251740.0,292811741259.0,255477889432.0,862765475437.0,975066240993.0,84041956668.0,81475323113.0,44326155084.0,64584601970.0
195870,해성디에스,CFS,343852744816.0,371321312772.0,131719091052.0,196470094856.0,173676950604.0,212318527504.0,515050369128.0,447295294041.0,672245278175.0,839357973218.0,102511938741.0,204416060360.0,84426426250.0,159399505537.0
200880,서연이화,CFS,1008713351769.0,968982841111.0,1118744961151.0,986276302843.0,1432265936654.0,1173445901645.0,925584964153.0,756886374526.0,3574265560035.0,2845253369954.0,193109887890.0,150682128141.0,164039657136.0,60474975614.0
204320,HL만도,CFS,3265021481509.0,2980301901430.0,2635680688370.0,2150797625451.0,3930545236233.0,3572095295017.0,2356155155918.0,2273746112263.0,8393086800929.0,7516163841233.0,279276996280.0,248102024875.0,154600073679.0,118287647376.0
207940,삼성바이오로직스,CFS,5521987756539.0,6457656567077.0,4157860817418.0,4181541561220.0,6215704796851.0,7597575863329.0,9830492412345.0,8984474395157.0,3694588767068.0,3001295197683.0,1113680009715.0,983627394377.0,857691298384.0,798056210082.0
210540,디와이파워,CFS,201149212789.0,209865402641.0,70080051138.0,84718806071.0,72837530802.0,87153368942.0,263890902928.0,240369030361.0,430034675907.0,419018706092.0,36324121241.0,26967977466.0,27492331891.0,17854210169.0
210980,SK디앤디,CFS,1543279303144.0,1279958454743.0,941816915692.0,476002531353.0,1661198358797.0,1494509955164.0,761878023461.0,697066259283.0,479675945477.0,563436566175.0,190379796165.0,64346246785.0,103078372585.0,76213182818.0
213500,한솔제지,CFS,866343152037.0,1007797067277.0,881741662699.0,1082341518494.0,1350306996746.0,1467471503690.0,724100702295.0,742544013465.0,2194102551558.0,2457952593665.0,47243516765.0,130225532966.0,1761168152.0,73819817785.0
214320,이노션,CFS,2006088898040.0,1800347246478.0,1407004668788.0,1219793765097.0,1622740343199.0,1416175662135.0,,,2092893299026.0,1750407624440.0,150018225572.0,136891845495.0,116716827655.0,89736619409.0
214330,금호에이치티,CFS,244567177921.0,214113398562.0,129816898101.0,91742874858.0,138647690844.0,100833283251.0,303120572629.0,325800541887.0,364320450865.0,277770353237.0,10773829072.0,9292103935.0,-20230248500.0,-22636285357.0
214390,경보제약,CFS,135902170665.0,116325649599.0,118261261271.0,95569005816.0,121923595684.0,96840886918.0,144381421229.0,143704055206.0,216357481796.0,196264902088.0,5544771906.0,1392651796.0,2974400463.0,610590092.0
214420,토니모리,CFS,68861810230.0,70019472837.0,67547096954.0,79125868417.0,101250685664.0,101679024921.0,101358382614.0,97383028812.0,151091527920.0,126745016191.0,9616935808.0,-7258250448.0,2987856716.0,-2378607671.0
217590,티엠씨,,,,,,,,,,,,,,,
226320,잇츠한불,CFS,352665233305.0,340773072215.0,30510342146.0,27306435544.0,31856498670.0,30243344892.0,466711812939.0,455910010877.0,139161722265.0,130714132788.0,8054876186.0,4808880833.0,17392145177.0,3314665225.0
227840,현대코퍼레이션홀딩스,CFS,90790898972.0,91593518590.0,29078864701.0,21605296765.0,72706509579.0,71951244118.0,271307677356.0,224176322031.0,188346226841.0,164345780796.0,18730704078.0,14277070571.0,28821672745.0,33344309917.0
229640,LS에코에너지,CFS,308177177446.0,404088248826.0,247178066173.0,343442230126.0,252818004681.0,348670310364.0,155606605043.0,158062467680.0,731067866979.0,818494728195.0,29489190951.0,27451816095.0,4281724182.0,-9132588271.0
234080,JW생명과학,CFS,107833591536.0,105008263192.0,94259092336.0,80043500749.0,96443271382.0,112609682935.0,159393121651.0,140332435137.0,206860371797.0,188931165241.0,30861915611.0,27089253524.0,28143966408.0,14961266843.0
241560,두산밥캣,CFS,3013495040.0,2432359833.0,1869727804.0,1620376477.0,3425578716.0,3333069132.0,4618281799.0,3964639523.0,7475740778.0,6673564667.0,1064722975.0,829449107.0,705892351.0,498514677.0
241590,화승엔터프라이즈,CFS,646562391148.0,757366549182.0,718786094399.0,778090401020.0,801186315154.0,884648845256.0,559383890377.0,591182885689.0,1213831937248.0,1654029582447.0,12961781973.0,52800968970.0,-25283145952.0,-7540043157.0
244920,에이플러스에셋,CFS,207397051516.0,203924789172.0,102089374555.0,77880633526.0,183319122046.0,159153035121.0,189535578709.0,186149001984.0,354607752665.0,270723518058.0,7648299829.0,1355637973.0,11677348868.0,65517049438.0
248070,솔루엠,CFS,653057000914.0,855701311202.0,505168682791.0,679009558651.0,538712266708.0,744308093817.0,399932287676.0,289993946273.0,1951087864184.0,1694543907800.0,154515562835.0,75604636414.0,119406604562.0,45444083487.0
248170,샘표식품,CFS,163554809982.0,162915218233.0,124555006100.0,93574012989.0,130234363511.0,122931700907.0,236475375522.0,227354806467.0,383426040745.0,371198280962.0,9846452060.0,11131354481.0,10428342986.0,13100984701.0
249420,일동제약,CFS,235681377881.0,282034867633.0,314230015650.0,316290402129.0,436995279217.0,457585976912.0,174265577828.0,198224237021.0,600757839592.0,637714489814.0,-53943619731.0,-73481142189.0,-80961049475.0,-142169549897.0
251270,넷마블,CFS,905788023108.0,997344674257.0,1905547737533.0,2293992289893.0,2836820600756.0,3313765261202.0,5079044788538.0,5621808454658.0,2502055599771.0,2673408275832.0,-68468184309.0,-108688598689.0,-303885236393.0,-886357560393.0
259960,크래프톤,CFS,3964417087694.0,3892564094341.0,520690696023.0,411459589199.0,881636358567.0,921378865691.0,5558820261031.0,5116405100445.0,1910576180288.0,1854016090527.0,768045608970.0,751606569542.0,594060314352.0,500154032217.0
264900,크라운제과,CFS,100944500488.0,146160879714.0,79037557686.0,94168048382.0,133792953090.0,137897080146.0,204815188861.0,192266230903.0,434728792634.0,413638464749.0,28440130656.0,17588318271.0,23453590442.0,27057204288.0
26490K,크라운제과우,,,,,,,,,,,,,,,
267250,HD현대,CFS,32083110520000.0,30130809645000.0,28532163119000.0,26274593765000.0,44750983788000.0,42307197037000.0,23231837100000.0,23263664039000.0,61331302785000.0,60849668073000.0,2031563587000.0,3387008264000.0,785832206000.0,2234955013000.0
267260,HD현대일렉트릭,CFS,1972953333108.0,1548305844287.0,1497428721709.0,1411144505503.0,1853129751520.0,1603861296111.0,1057030326170.0,831168874627.0,2702799337370.0,2104499487335.0,315218290721.0,133040987326.0,259455508262.0,162017992899.0
267270,HD건설기계,CFS,2199162255000.0,2350617095000.0,1014150486000.0,1373720575000.0,1525880042000.0,1781299828000.0,1771073331000.0,1667286942000.0,3824966876000.0,3515611921000.0,257228437000.0,170610025000.0,127451683000.0,99406644000.0
267290,경동도시가스,CFS,570455477365.0,690019275269.0,457667483913.0,598220338526.0,530531232208.0,672626336234.0,420797886160.0,394988696801.0,1799453797857.0,2304945009655.0,28284881618.0,25271267744.0,30614836384.0,24201000345.0
267850,아시아나IDT,CFS,112378071075.0,114136262719.0,50684601507.0,37832497950.0,57936999386.0,45626559675.0,164804819018.0,159951223863.0,188353920542.0,181365956561.0,9112194550.0,10236752051.0,10957999006.0,8596697646.0
268280,미원에스씨,CFS,285140082282.0,297849052417.0,71025568789.0,82880700804.0,88131933996.0,96877962047.0,373055947068.0,378855818934.0,437672918321.0,611649824176.0,22527162446.0,80853449953.0,18604640644.0,64824227314.0
271560,오리온,CFS,1628205234773.0,1470432835841.0,398919908913.0,556179578260.0,565908178494.0,732455081520.0,2955476949348.0,2639228832700.0,2912358051475.0,2873246771346.0,492391149504.0,466654503027.0,384981955249.0,398308074971.0
271940,일진하이솔루스,CFS,289215686092.0,293758323525.0,17898355522.0,23684902324.0,22448808838.0,27786557872.0,315903986871.0,314718893049.0,78740158706.0,109080826437.0,-9799275704.0,2772987763.0,1409437797.0,7043344617.0
271980,제일약품,CFS,317045922670.0,291640787617.0,318170457966.0,268657137216.0,330294126020.0,301294319644.0,157032171577.0,155597219785.0,726393758032.0,722229924460.0,8731379542.0,-13504334090.0,5200570313.0,-15009013754.0
272210,한화시스템,CFS,1890139661377.0,2326839782700.0,1951414761805.0,1618535589452.0,2329084660742.0,1926675685540.0,2154126164004.0,2018952014723.0,2453079541922.0,2187980199396.0,92870721114.0,39087866052.0,343083288939.0,-80760193717.0
272450,진에어,CFS,491941267889.0,275073699422.0,486625735046.0,392285683546.0,809343859972.0,662850263536.0,142987687702.0,94938755974.0,1277221821965.0,593428498296.0,182163416125.0,-67279707925.0,133861703576.0,-63518972226.0
272550,삼양패키징,CFS,142326722141.0,177390157588.0,183017509260.0,81118925034.0,267466066683.0,281486642027.0,374574487725.0,361074362247.0,421668811107.0,407352726188.0,32467578424.0,23696363467.0,25435266117.0,12090046769.0
278470,에이피알,CFS,219307995672.0,137024020095.0,82296421377.0,76266539341.0,90360619465.0,83864628095.0,196948868778.0,99266311538.0,523809364559.0,397698119336.0,104193724865.0,39228479397.0,81546050952.0,28962993115.0
279570,케이뱅크,CFS,,,,,19554896000000.0,14833418000000.0,1866881000000.0,1797928000000.0,,,,,12812000000.0,83569000000.0
280360,롯데웰푸드,CFS,1488887021005.0,1448968131024.0,932087430502.0,921106822210.0,2056459476713.0,1993627503014.0,2142636835874.0,2111631675614.0,4066391863111.0,3203264461054.0,177018020646.0,112384711475.0,67771271606.0,43880019381.0
281820,케이씨텍,CFS,372677828171.0,352610756590.0,42090154288.0,52326466008.0,47337825408.0,57327965096.0,452613440707.0,425985366698.0,286909703428.0,378192950172.0,32703769328.0,60336560528.0,31700589259.0,55385938675.0
282330,BGF리테일,CFS,978981168666.0,889900434324.0,1191297910778.0,1102246622172.0,2144625475397.0,1983607627851.0,1074453047721.0,962627643775.0,8194753978897.0,7615769467741.0,253187753623.0,252407573570.0,195844952003.0,193538863026.0
284740,쿠쿠홈시스,CFS,460929460989.0,410913985435.0,226054860124.0,189806861892.0,238828611222.0,222383617986.0,899281775612.0,794576672740.0,954551724190.0,938072669980.0,144873008354.0,119943993497.0,121298841327.0,114550883045.0
285130,SK케미칼,CFS,2204426649041.0,2518693783957.0,830211385119.0,1058819027627.0,1483000847844.0,1236777050588.0,2675774055847.0,2708905829156.0,1748777740387.0,1829191322924.0,83302487079.0,230480673367.0,47837893778.0,231475869672.0
28513K,SK케미칼우,,,,,,,,,,,,,,,
286940,롯데이노베이트,CFS,421382346857.0,366285909491.0,351253639985.0,277820826605.0,492995443728.0,417980301556.0,451054726654.0,453951220055.0,1196722467905.0,1047704877833.0,56946199405.0,34251438232.0,40721529179.0,28385062388.0
293480,하나제약,CFS,102420917003.0,103527223260.0,56126382443.0,44704054674.0,70401293830.0,77567635819.0,277984888630.0,268396920606.0,224456850812.0,210844992166.0,27031448543.0,31170755065.0,22332770016.0,24307179317.0
294870,IPARK현대산업개발,CFS,4987269549535.0,5442547023552.0,3147575788572.0,3459125496456.0,4008251615125.0,4434454285936.0,3008017194695.0,2901872323441.0,4190788148341.0,3298299641730.0,195313165155.0,116379700606.0,172890219224.0,50219958316.0
298000,효성화학,CFS,699213881358.0,819924444604.0,2147489075108.0,1715748683152.0,3053727221219.0,3016501814422.0,61883631383.0,114617084621.0,2791629366532.0,2878558180595.0,-188836196768.0,-336727239866.0,-346912679351.0,-408866780552.0
298020,효성티앤씨,CFS,1856066709152.0,2143068335976.0,1881749200828.0,2184964278981.0,2501728753176.0,2804355654281.0,1568742666020.0,1515523658191.0,7526918824216.0,8882729665188.0,213392972311.0,123593507716.0,98706200512.0,19183248249.0
298040,효성중공업,CFS,2351430099777.0,2221499626151.0,2811484808084.0,2504911410809.0,3537140808779.0,3590259543651.0,1224159409651.0,1103211064622.0,4300571503251.0,3510143917637.0,257836947601.0,143248629974.0,131922316419.0,29129546895.0
298050,HS효성첨단소재,CFS,1185155418778.0,1331264107697.0,1751303370700.0,1624968272446.0,2284308007971.0,2135155968289.0,750094583607.0,799557509705.0,3202331179495.0,3841372825700.0,172374384077.0,315070313327.0,47255354037.0,160238371318.0
298690,에어부산,CFS,248452066192.0,202750960475.0,361362135670.0,357728874609.0,1171269889193.0,1101224121714.0,186813445077.0,126658965945.0,890440348608.0,404992920145.0,159754475912.0,-81307511001.0,104145078768.0,-150400645156.0
300720,한일시멘트,CFS,856337708561.0,630383484045.0,535736987386.0,485429196799.0,1148706828729.0,885820287173.0,1719218535647.0,1575016584724.0,1799500983414.0,1487574712514.0,246515704341.0,117984446512.0,177712230984.0,87618199438.0
302440,SK바이오사이언스,CFS,1382969483530.0,1783694210430.0,135619895892.0,380037427181.0,148583863708.0,400229387487.0,1703855316376.0,1741701996063.0,369505555858.0,456725871196.0,-11987764772.0,115013617843.0,22317719237.0,122451949931.0
306200,세아제강,CFS,839632823579.0,837441133208.0,399897948204.0,419082622861.0,538663132693.0,636127562772.0,997250711969.0,829001866215.0,1860904969919.0,1801835090460.0,231910194040.0,215165657893.0,188833969221.0,159294293117.0
307950,현대오토에버,CFS,1833666781000.0,1695856233000.0,922946477000.0,883697780000.0,1250744682000.0,1129055501000.0,1592312483000.0,1490380826000.0,3065015134000.0,2754508003000.0,181413573000.0,142362194000.0,140312627000.0,116170013000.0
308170,씨티알모빌리티,CFS,113969395682.0,108433064786.0,148856879699.0,143795718692.0,212995835832.0,193518912705.0,85104081955.0,103848274799.0,444173625905.0,423096556243.0,524576905.0,-736093949.0,-16910739183.0,1128714129.0
316140,우리금융지주,CFS,,,,,464607446000000.0,448847054000000.0,33397490000000.0,31627342000000.0,,,,,2626894000000.0,3323982000000.0
317400,자이에스앤디,CFS,1129482170288.0,1512415592674.0,551848947437.0,1016844837657.0,775629628554.0,1230633742673.0,793535252292.0,722054387805.0,2374632695604.0,2479010932945.0,126591961231.0,198896062736.0,94998070797.0,151898862071.0
317450,명인제약,,,,,,,,,,,,,,,
322000,HD현대에너지솔루션,CFS,361109469820.0,490181755892.0,105253368902.0,237448773015.0,130500000767.0,271292811162.0,371556913092.0,381533148869.0,546119805992.0,984812413122.0,17542859732.0,90165877747.0,-2863877616.0,60610132499.0
323410,카카오뱅크,CFS,,,,,48370463000000.0,33800969000000.0,6117694000000.0,5715110000000.0,2494045000000.0,1605801000000.0,478485000000.0,353186000000.0,354912000000.0,263091000000.0
326030,SK바이오팜,CFS,488722241295.0,487924712746.0,241618588520.0,163072636224.0,402219382621.0,347680678987.0,320951194568.0,316560460441.0,354891555524.0,246179120020.0,-37522197049.0,-131078028191.0,-35379488498.0,-139430877684.0
329180,HD현대중공업,CFS,8799684121000.0,8000865934000.0,9945027489000.0,9072004186000.0,11926177799000.0,11001578566000.0,5207440310000.0,5287819487000.0,11963925991000.0,9045480488000.0,178639965000.0,-289151153000.0,24689214000.0,-352064622000.0
336260,두산퓨얼셀,CFS,648072793252.0,675719160885.0,287371274263.0,312667179970.0,558190645631.0,503865290192.0,512651877530.0,523064425818.0,260886184003.0,312148720814.0,,,-8500099581.0,3863590126.0
33626K,두산퓨얼셀1우,,,,,,,,,,,,,,,
33626L,두산퓨얼셀2우B,,,,,,,,,,,,,,,
336370,솔루스첨단소재,CFS,564281066949.0,507979815410.0,568008126724.0,422142030007.0,648534252541.0,542937434917.0,1058188198539.0,918102971334.0,429422392943.0,418285694715.0,-73207987858.0,-49673692019.0,126771745557.0,-47211673456.0
33637K,솔루스첨단소재1우,,,,,,,,,,,,,,,
33637L,솔루스첨단소재2우B,,,,,,,,,,,,,,,
339770,교촌에프앤비,CFS,110874287124.0,111322995611.0,99777594628.0,102735562443.0,140790677460.0,125754598439.0,185573863457.0,179218784515.0,444950940517.0,517457457887.0,24838126050.0,8840657464.0,12801507642.0,4943478021.0
344820,KCC글라스,CFS,912921220598.0,958080961323.0,322335001511.0,445261766379.0,735664746128.0,766953036714.0,1488014851281.0,1442611749069.0,1680055646591.0,1443680691839.0,95020315030.0,119220614753.0,81715932017.0,93975892640.0
352820,하이브,CFS,1888752497000.0,2115847172000.0,1772168712000.0,849484677000.0,2235766519000.0,1941754310000.0,3109914968000.0,2928680005000.0,2178088207000.0,1776153957000.0,295643307000.0,236907930000.0,183449559000.0,48032125000.0
353200,대덕전자,CFS,433050450649.0,498103203993.0,176728997546.0,265030183039.0,259199449761.0,336767845823.0,868336080497.0,854989142336.0,909651486895.0,1316163420252.0,23732043885.0,232523019093.0,25377820749.0,183925142573.0
35320K,대덕전자1우,,,,,,,,,,,,,,,
361610,SK아이이테크놀로지,CFS,894364683000.0,853496751000.0,717942082000.0,452456607000.0,1672154317000.0,1322662099000.0,2411660766000.0,2174673266000.0,649568305000.0,585798633000.0,32027920000.0,-52295439000.0,82158002000.0,-29681042000.0
363280,티와이홀딩스,CFS,575538776831.0,350108898373.0,734759784544.0,579981783664.0,1343105565076.0,736598801569.0,973830564536.0,1546364261837.0,325391952440.0,332624105584.0,-354083133260.0,16760555335.0,-591828760879.0,94898708708.0
36328K,티와이홀딩스우,,,,,,,,,,,,,,,
372910,한컴라이프케어,CFS,104062717689.0,114255369452.0,53329707845.0,76537203877.0,53883062751.0,80099500535.0,128326940118.0,127930340521.0,112779715327.0,100120112846.0,1832106411.0,-1332071025.0,871118626.0,9269405838.0
373220,LG에너지솔루션,CFS,17208396000000.0,18804269000000.0,10937185000000.0,11444923000000.0,21063635000000.0,17705683000000.0,24373509000000.0,20593762000000.0,33745470000000.0,25598609000000.0,2163234000000.0,1213719000000.0,1637985000000.0,779826000000.0
375500,DL이앤씨,CFS,5782745971638.0,5403768957903.0,3748597999373.0,3210693538872.0,4575277542881.0,4282240934857.0,4768781215299.0,4692476509428.0,7991063616680.0,7496823679468.0,330659390232.0,496965230080.0,202169475522.0,431557865893.0
37550K,DL이앤씨우,,,,,,,,,,,,,,,
37550L,DL이앤씨2우(전환),,,,,,,,,,,,,,,
377300,카카오페이,CFS,2385238191524.0,2259815836785.0,1108543250271.0,873830451555.0,2031711008305.0,1423162601012.0,1934775610065.0,1908259719805.0,615362834408.0,521364289086.0,-56589696679.0,-45483825929.0,-22906723275.0,26829839393.0
377740,바이오노트,CFS,456477758210.0,824836143679.0,10800896172.0,49505015315.0,36266411140.0,156849683848.0,1556575913051.0,1600152081938.0,90080965589.0,479657089813.0,-47041101526.0,295409547762.0,-20496527310.0,307797756625.0
378850,화승알앤에이,CFS,196679197154.0,179634547981.0,263497530809.0,294681105612.0,318255571535.0,329908689839.0,112518168095.0,92660510400.0,680651664943.0,657927523502.0,31781405221.0,15504096093.0,24209219464.0,12684597839.0
381970,케이카,CFS,254669593026.0,243477563033.0,154886156926.0,119999831729.0,319202420548.0,288535623931.0,234915872409.0,245821066878.0,2047566232203.0,2177261973592.0,59013290449.0,50047663225.0,28365697237.0,30363688765.0
383220,F&F,CFS,745614087218.0,601204892800.0,486850150917.0,575925566738.0,687356585452.0,627006736608.0,1317741413518.0,943172288792.0,1978495535892.0,1808894546708.0,551835228989.0,524882680312.0,425017760533.0,442664517277.0
383800,LX홀딩스,CFS,265887000000.0,209654000000.0,21865000000.0,12449000000.0,35679000000.0,23948000000.0,1662848000000.0,1611093000000.0,37913000000.0,488000000.0,73176000000.0,158908000000.0,78842000000.0,170140000000.0
38380K,LX홀딩스1우,,,,,,,,,,,,,,,
402340,SK스퀘어,CFS,2288523000000.0,2864776000000.0,1380605000000.0,1819530000000.0,2153491000000.0,4997383000000.0,15816517000000.0,17163200000000.0,2276508000000.0,2370553000000.0,-2339698000000.0,16052000000.0,-1314834000000.0,256107000000.0
403550,쏘카,CFS,159042206323.0,170683810514.0,242074818002.0,197842884707.0,467284133227.0,338134836141.0,211739104490.0,247578318491.0,398471745542.0,397560235879.0,-9690085854.0,9523634592.0,-42333536519.0,-18137502613.0
439260,대한조선,,,,,,,,,,,,,,,
443060,HD현대마린솔루션,,,,,,,,,,,,,,,
446070,유니드비티플러스,CFS,139250183481.0,136713797294.0,23079781513.0,18091294473.0,27993834428.0,21499363558.0,191891579842.0,192131911236.0,168785613274.0,29221282156.0,-4071770040.0,1427051307.0,861666713.0,959501849.0
450080,에코프로머티,CFS,576305363672.0,265125163060.0,267426437386.0,249084998903.0,305137809602.0,320612563898.0,799097396195.0,314300581291.0,952523315840.0,665248278975.0,8772772409.0,38988203638.0,5045159766.0,15582712507.0
452260,한화갤러리아,CFS,360687785576.0,,577680227051.0,,1026407580504.0,,828664559252.0,,434495384619.0,,9820592817.0,,-30102383936.0,
45226K,한화갤러리아우,,,,,,,,,,,,,,,
453340,현대그린푸드,CFS,378556857000.0,,224641379000.0,,251806216000.0,,628510987000.0,,1826998311000.0,,64841641000.0,,39327155000.0,
454910,두산로보틱스,CFS,426104997914.0,38836786832.0,13352660263.0,14736738226.0,17613986323.0,19853042743.0,438808093399.0,42765361853.0,53038372299.0,44953674400.0,-19167549522.0,-13228333085.0,-15873538546.0,-12548180138.0
456040,OCI,CFS,1030706896000.0,,861688555000.0,,1006942846000.0,,983528347000.0,,1288825675000.0,,57451316000.0,,52204137000.0,
457190,이수스페셜티케미컬,CFS,87504440407.0,,115394317923.0,,122971603274.0,,94988539136.0,,117528614931.0,,-6119544615.0,,-6205555775.0,
460850,동국씨엠,CFS,741102851753.0,,687084329583.0,,749101897755.0,,961632609276.0,,1266149070283.0,,26689442862.0,,10113300697.0,
460860,동국제강,CFS,1461339860181.0,,1531727717545.0,,1810426229169.0,,1721360857067.0,,2632104129307.0,,235489924847.0,,142170864518.0,
462520,조선내화,CFS,191014588036.0,,208318896606.0,,217208545827.0,,220825237066.0,,279366908292.0,,31851793726.0,,24143455808.0,
462870,시프트업,,,,,,,,,,,,,,,
465770,STX그린로지스,CFS,23994396545.0,,24246702945.0,,43494937062.0,,30439346267.0,,28310433178.0,,1847006212.0,,1437256126.0,
475150,SK이터닉스,,,,,,,,,,,,,,,
475560,더본코리아,,,,,,,,,,,,,,,
480370,씨케이솔루션,,,,,,,,,,,,,,,
483650,달바글로벌,,,,,,,,,,,,,,,
484870,엠앤씨솔루션,,,,,,,,,,,,,,,
487570,HS효성,,,,,,,,,,,,,,,
489790,한화비전,,,,,,,,,,,,,,,
499790,GS피앤엘,,,,,,,,,,,,,,,
0001A0,덕양에너젠,,,,,,,,,,,,,,,
000250,삼천당제약,CFS,163905937639.0,157749140159.0,57957199035.0,38159520916.0,109561750075.0,127151386518.0,298460071937.0,245641663641.0,192668515628.0,177335410013.0,9559814333.0,12224651499.0,-4187753548.0,8831820464.0
000440,중앙에너비스,CFS,14089537829.0,12084595556.0,2015432445.0,2414646335.0,4503843144.0,4601893188.0,57029289526.0,58819859634.0,55473865404.0,71620870966.0,-739276625.0,811819806.0,-251207664.0,500081876.0
0004V0,엔비알모션,,,,,,,,,,,,,,,
0004Y0,디비금융제14호스팩,,,,,,,,,,,,,,,
0007C0,아크릴,,,,,,,,,,,,,,,
0007J0,인벤테라,,,,,,,,,,,,,,,
0008Z0,에스엔시스,,,,,,,,,,,,,,,
0009K0,에임드바이오,,,,,,,,,,,,,,,
001000,신라섬유,CFS,707847213.0,1132483969.0,16232763340.0,16457962901.0,16232763340.0,16543805287.0,14732763935.0,15392324935.0,3777530598.0,4429624973.0,391543799.0,464547764.0,-671622657.0,-35839884.0
0010F0,보원케미칼,,,,,,,,,,,,,,,
0010V0,제이피아이헬스케어,,,,,,,,,,,,,,,
0011A0,액스비스,,,,,,,,,,,,,,,
0011T0,채비,,,,,,,,,,,,,,,
0013V0,삼진식품,,,,,,,,,,,,,,,
001540,안국약품,CFS,135416433750.0,122009639221.0,78242412566.0,61498455055.0,86931890148.0,69241179340.0,151665662551.0,154671254308.0,233675500767.0,205388536295.0,5061440940.0,9675844159.0,998280290.0,6879328322.0
0015G0,그린광학,,,,,,,,,,,,,,,
0015N0,아로마티카,,,,,,,,,,,,,,,
0015S0,페스카로,,,,,,,,,,,,,,,
0017J0,세미티에스,,,,,,,,,,,,,,,
001810,무림SP,CFS,97699902685.0,98472152155.0,73093990454.0,57027947245.0,115117403131.0,104810921697.0,199949046412.0,207982206332.0,162093712069.0,153455101045.0,-7289718026.0,-7181518153.0,-5732388489.0,-8673652448.0
001840,이화공영,CFS,69254694469.0,57869671377.0,46354239273.0,35589257247.0,58733169351.0,47812889946.0,46583568847.0,46957293841.0,151188719378.0,194558252954.0,-1086299284.0,140698232.0,-1371788180.0,571714904.0
002230,피에스텍,CFS,104421900985.0,91863467957.0,19375070828.0,10625531873.0,24381487923.0,22702551165.0,129918232317.0,132553044331.0,69629912611.0,70976492938.0,851493802.0,-1840729658.0,3903923412.0,-4634531730.0
002290,삼일기업공사,CFS,67633555968.0,65384976129.0,10407653121.0,9689626749.0,11649114113.0,10963539066.0,65248238284.0,62959102853.0,78639206759.0,63621775713.0,3104213935.0,2165696619.0,3839135431.0,2494624571.0
002680,한탑,CFS,40032170887.0,53491518600.0,76482501482.0,86171455089.0,93537948671.0,97158940496.0,47998965113.0,49746166076.0,94845849580.0,99124024129.0,911746243.0,332633055.0,-10307836452.0,-4729777815.0
002800,신신제약,CFS,47107679578.0,45047531977.0,51719960254.0,42327457914.0,62318878216.0,61681895462.0,62090423782.0,59531185616.0,102585576212.0,91925822969.0,6003846310.0,5426211394.0,4646161084.0,4355233565.0
003100,선광,CFS,86754214874.0,78632924317.0,64984705829.0,61235799484.0,277003384434.0,293046534025.0,362424664352.0,337042165027.0,185300554838.0,172141436308.0,39087432544.0,26761774363.0,29836757952.0,10147839994.0
003310,대주산업,CFS,34503114644.0,27885071586.0,21099123809.0,20704161314.0,34658284670.0,36195470944.0,76679356737.0,68906695693.0,105014557386.0,99235803613.0,7684213963.0,5525217122.0,10149663332.0,4337161978.0
003380,하림지주,CFS,4319465747358.0,4756365991493.0,5601961097786.0,5220519370734.0,8137558091100.0,8209604806659.0,5247513872393.0,5059383492142.0,12062362764029.0,13775295981364.0,567544768592.0,941306774707.0,178306415028.0,569034806372.0
0037T0,KB제32호스팩,,,,,,,,,,,,,,,
003800,에이스침대,CFS,145312089515.0,159792789945.0,60660266068.0,66206527143.0,63946798076.0,70829330788.0,652717383673.0,614669914672.0,306414500496.0,346240916103.0,57030296238.0,65335254196.0,51420218920.0,54406655264.0
0039P0,매드업,,,,,,,,,,,,,,,
0041B0,교보18호스팩,,,,,,,,,,,,,,,
0041J0,엘에스스팩1호,,,,,,,,,,,,,,,
0041L0,하나35호스팩,,,,,,,,,,,,,,,
0044K0,삼성스팩10호,,,,,,,,,,,,,,,
004590,한국가구,CFS,70800165472.0,60687656213.0,27222387286.0,21072581535.0,45981625058.0,43390093385.0,176181199670.0,168677071453.0,102947090163.0,100899670225.0,12426948013.0,14679524618.0,11017349911.0,11782847762.0
004650,창해에탄올,CFS,71661438528.0,62115282127.0,60977647291.0,56747609022.0,63334311393.0,59807358676.0,128136520983.0,135277620634.0,116422748457.0,109429695748.0,14583452329.0,9769161677.0,-3667131634.0,299415317.0
004780,대륙제관,CFS,122270726183.0,114592944282.0,38654663718.0,38877618148.0,54128253328.0,54747327446.0,141674942499.0,130499469012.0,271101699009.0,275979619835.0,15623149185.0,9675110380.0,13070229189.0,9703258216.0
005160,동국산업,CFS,409195944944.0,409370153002.0,301476989176.0,282582237198.0,367222141854.0,320290409526.0,525428485807.0,554486910870.0,757010071920.0,860529534483.0,-27109102145.0,1177844051.0,-20641304363.0,2243412239.0
005290,동진쎄미켐,CFS,818373234035.0,826408327642.0,496221734476.0,531371591554.0,771106380233.0,673516166268.0,835481646771.0,700787363830.0,1309924437990.0,1457214808307.0,176174316058.0,216308703354.0,123534360586.0,156195316180.0
0054V0,엔에이치스팩32호,,,,,,,,,,,,,,,
005670,푸드웰,CFS,88446376671.0,76281457212.0,81537259111.0,75410390504.0,112285287768.0,104883563078.0,108222008027.0,102019811939.0,228487093117.0,183932294383.0,8286725452.0,6061317355.0,8183316059.0,2024165163.0
005710,대원산업,CFS,400286890999.0,396902640643.0,104619450370.0,126737297050.0,118935020121.0,141652096008.0,445755758946.0,417662361807.0,778642594157.0,737040613357.0,47307118109.0,31395680385.0,35740066596.0,37657871675.0
005860,한일사료,CFS,169363075614.0,119747977746.0,76803551283.0,125705087946.0,84736701660.0,133320215729.0,156779198529.0,54568353633.0,396938179132.0,408316564865.0,1767518597.0,-8242501275.0,115269307240.0,-14083558620.0
005990,매일홀딩스,CFS,740449730670.0,671943771639.0,311940457657.0,361434346941.0,554233736232.0,602158790641.0,744496292764.0,669368393188.0,2146398739613.0,1979261381048.0,82233894530.0,73433706538.0,86349959740.0,16855000151.0
006050,국영지앤엠,CFS,38143037392.0,31430425719.0,21842848027.0,16305638428.0,23424542571.0,18143584893.0,48788099795.0,48009753630.0,76640521220.0,63599420068.0,942168843.0,2121316409.0,778346165.0,1857625862.0
006140,피제이전자,CFS,82395423747.0,84454037658.0,58293626294.0,43841295539.0,61428061419.0,64996777037.0,125268768026.0,120644754732.0,166844087220.0,157729343615.0,7413259937.0,6090013153.0,6110513294.0,6956942395.0
006620,동구바이오제약,CFS,88364561249.0,87417110607.0,73318489775.0,66043564163.0,80658016725.0,69953261400.0,110444888505.0,102105760513.0,215686305355.0,194987764745.0,14616047952.0,17039922094.0,11808466179.0,6613932105.0
006730,서부T&D,CFS,137986291798.0,143107268780.0,417197417600.0,789174011639.0,1350736615587.0,1248905018191.0,997222014300.0,816808330127.0,169161889592.0,135281001825.0,37223707165.0,19185280991.0,147447527705.0,25411395953.0
0068Y0,비엔케이제3호스팩,,,,,,,,,,,,,,,
006910,보성파워텍,CFS,52238859241.0,43038670089.0,11282089883.0,4236383974.0,11776051210.0,4681213357.0,84819637705.0,80778223091.0,78494668722.0,54198727500.0,3348741161.0,-4492911539.0,4352089861.0,-11114358714.0
006920,모헨즈,CFS,42748108084.0,32507986227.0,15476453917.0,14183886358.0,26596615337.0,23319232258.0,42203319621.0,32852077807.0,111406314393.0,90123541702.0,12140843614.0,3561139120.0,9939969459.0,2291376201.0
0071M0,삼성스팩11호,,,,,,,,,,,,,,,
0072Z0,KB제33호스팩,,,,,,,,,,,,,,,
007330,푸른저축은행,CFS,,,,,1116620223410.0,1099346254004.0,315027470832.0,309400868380.0,,,,,15754549588.0,20081583946.0
007370,진양제약,CFS,48028761395.0,46328553345.0,24511035227.0,30937794255.0,30323188359.0,36868551968.0,89583431483.0,77575139224.0,94111137951.0,76264203331.0,9085104026.0,11138419573.0,12659155364.0,12308388877.0
007390,네이처셀,CFS,40621895252.0,67162791210.0,4214230656.0,35752449169.0,6979490237.0,36862832477.0,61419188332.0,57158171842.0,19350887029.0,21252018179.0,-10272984987.0,-8913289852.0,-11680328640.0,-6813585338.0
007530,와이엠,CFS,57325367743.0,60056808309.0,72290316675.0,78503618327.0,93523650307.0,100620123216.0,43640005937.0,42527828967.0,166290447686.0,146324333264.0,4161939690.0,4634069020.0,946982627.0,2486873489.0
007680,대원,CFS,408953479684.0,479237341954.0,111253194837.0,129151474161.0,186996049591.0,176293293436.0,299536869081.0,363093197617.0,436092001499.0,358311814798.0,-62074519921.0,17849130270.0,-57366416559.0,19510882142.0
007720,소노스퀘어,CFS,134613271361.0,128477641312.0,51084818794.0,50425063528.0,54329130306.0,54170812357.0,114457623544.0,114789505558.0,159946400719.0,170972649935.0,-1589433754.0,-18503823286.0,-249875137.0,-18341062909.0
007770,한일화학,CFS,55795202747.0,64700295621.0,37903755025.0,34115743787.0,42790761540.0,38215891281.0,104450106440.0,118946028518.0,121935915669.0,155560991387.0,-9406372599.0,5389631360.0,-15202797523.0,3998103732.0
007820,엠엑스로보틱스,CFS,63065630505.0,90240583632.0,31397159271.0,38660545329.0,33139972716.0,39700548747.0,48667047845.0,70238417153.0,173774167026.0,115015460133.0,-18809878235.0,2009033348.0,-18653186692.0,2469760732.0
008290,원풍물산,CFS,17664204466.0,17059553384.0,19409816375.0,16226808179.0,22048640759.0,19028790174.0,11396190636.0,14059506373.0,28937832608.0,33300032711.0,-1916462598.0,210181442.0,-2664683663.0,-3507733198.0
0082N0,카나프테라퓨틱스,,,,,,,,,,,,,,,
008370,원풍,CFS,59782914597.0,54433650296.0,3881633945.0,4566532246.0,7010332473.0,7636922159.0,89217617752.0,85732789017.0,73785384649.0,89490584326.0,4553856379.0,7758203186.0,6730910232.0,8500037909.0
008470,부스타,CFS,60530327592.0,59115485095.0,15355766765.0,16485525162.0,17030987718.0,17520833026.0,77355521576.0,78713254542.0,101060228361.0,91869520499.0,1540087069.0,-3307478717.0,1448541830.0,-1235995462.0
008830,대동기어,CFS,102617669972.0,114960771517.0,126895888975.0,145742164376.0,159149656619.0,171570935670.0,87057306790.0,74301277978.0,281237511057.0,242097571788.0,8088469997.0,7589541408.0,2771025745.0,4225448425.0
0088D0,메리츠제1호스팩,,,,,,,,,,,,,,,
0088M0,메쥬,,,,,,,,,,,,,,,
0091W0,신영스팩11호,,,,,,,,,,,,,,,
009300,삼아제약,CFS,117992252597.0,116856233344.0,21144568846.0,21558146460.0,30837700577.0,22580009449.0,200470212496.0,180617934694.0,97211286212.0,81699539725.0,23500211536.0,18253183867.0,21373935570.0,11911612530.0
0093G0,미래에셋비전스팩8호,,,,,,,,,,,,,,,
009520,포스코엠텍,CFS,110849020695.0,125563384822.0,38971367796.0,44148112945.0,39170373630.0,45114339289.0,115756950789.0,114609497975.0,341410235234.0,342175910791.0,4487629441.0,6356472443.0,4868317716.0,4825407603.0
009620,삼보산업,CFS,184933644058.0,179585361688.0,249844383922.0,233105650285.0,301926702741.0,288906499064.0,39343362619.0,49536172967.0,427122516114.0,455016352333.0,-620207119.0,8377263593.0,-16744179659.0,-10974046328.0
0096B0,삼성스팩12호,,,,,,,,,,,,,,,
0096D0,미래에셋비전스팩9호,,,,,,,,,,,,,,,
009730,이렘,CFS,41969837332.0,39121775037.0,22632114202.0,16339781531.0,23034597137.0,17593273649.0,38094157751.0,27924017766.0,76780298502.0,66612579112.0,979218394.0,1987489985.0,95378578.0,2915877037.0
009780,엠에스씨,CFS,114100673662.0,124305405733.0,64492406732.0,71550981907.0,73014398093.0,79058591288.0,150359711450.0,133147167587.0,189048296801.0,204298999216.0,23703127840.0,24682798489.0,18467404834.0,18124645500.0
0097F0,미래에셋비전스팩10호,,,,,,,,,,,,,,,
0098T0,교보19호스팩,,,,,,,,,,,,,,,
0099W0,미래에셋비전스팩11호,,,,,,,,,,,,,,,
0099X0,IBKS제25호스팩,,,,,,,,,,,,,,,
010170,대한광통신,CFS,135981828196.0,149413068050.0,138546568227.0,120153520176.0,158780546608.0,146550449341.0,76021262071.0,105528082860.0,180262763737.0,190108508492.0,-23223251446.0,3461490495.0,-29456645326.0,-3084071605.0
0101C0,하나36호스팩,,,,,,,,,,,,,,,
010240,흥국,CFS,72428853332.0,70409528453.0,15801630366.0,14865269001.0,22960027159.0,25569569735.0,99311298106.0,92061674770.0,149383250987.0,134555280289.0,15801950015.0,11212790775.0,13179429229.0,8549998817.0
010280,아이티센엔텍,CFS,150205047035.0,190200762046.0,129727140876.0,181357765059.0,136059779037.0,202046585173.0,64984261170.0,61373892299.0,392451834235.0,325214480599.0,8408970900.0,9673301505.0,4953045944.0,12241492722.0
010470,오리콤,CFS,149943338427.0,137707582818.0,101667159025.0,91539036475.0,119474710565.0,107886928424.0,117779850145.0,106561490569.0,218556326262.0,190089490987.0,12169646947.0,14174513859.0,9834734868.0,12286184879.0
0105P0,유진스팩12호,,,,,,,,,,,,,,,
011040,경동제약,CFS,89748780615.0,102981141677.0,59027091132.0,50126818428.0,64493723064.0,52953144963.0,228477042121.0,257524763391.0,162674098953.0,182718157223.0,-24954556706.0,8312028513.0,-20730323552.0,12112771755.0
011080,형지I&C,CFS,36985652260.0,38084424368.0,23452600986.0,25792591885.0,30146416679.0,29926649877.0,30180074765.0,28287309512.0,65325502023.0,70495736693.0,653434674.0,541488420.0,1861016508.0,-1435326077.0
011320,유니크,CFS,122716071587.0,109332131207.0,115978759164.0,113738057546.0,134017031625.0,131257247637.0,117319843771.0,112592395098.0,328952037421.0,284078900765.0,9343700254.0,5935849482.0,6384161750.0,3546255393.0
011370,서한,CFS,872751126207.0,890596494339.0,533610482271.0,453084988302.0,727534700894.0,651481803806.0,400157970593.0,396325962471.0,621658295698.0,730033168624.0,24232110451.0,59842013346.0,8540380976.0,39359336310.0
011560,세보엠이씨,CFS,334609660512.0,373260255567.0,191258184088.0,247916566289.0,202895090244.0,258524337267.0,210269740400.0,183368642625.0,871724995143.0,1031969465597.0,37561158354.0,33057021843.0,30152168668.0,23596088296.0
0115H0,삼성스팩13호,,,,,,,,,,,,,,,
0117P0,피스피스스튜디오,,,,,,,,,,,,,,,
012210,삼미금속,CFS,27225445060.0,23158432408.0,60338956746.0,60973307768.0,95247237951.0,98848018860.0,56939081229.0,50653040335.0,76842784518.0,70751586238.0,5964405335.0,-1486505674.0,939964950.0,-1118384891.0
012340,뉴인텍,CFS,30499144772.0,38300311078.0,35225778102.0,53825278808.0,44388463195.0,63044183617.0,31792243096.0,18386564198.0,79095170753.0,75321857688.0,-11092591218.0,-8215725104.0,-12827542067.0,-9632469826.0
012620,원일특강,CFS,156336822498.0,170103489152.0,104149584543.0,122906038019.0,106681278669.0,125105381924.0,154712215973.0,148250719808.0,379986386064.0,385097179563.0,13440573213.0,17021284113.0,7997353459.0,10604959149.0
012700,리드코프,CFS,64989446932.0,41364799694.0,87215398836.0,88547294302.0,499709105626.0,782639271893.0,420312520677.0,426451820382.0,490568153950.0,635215787598.0,-13522408361.0,53309040369.0,,
012790,신일제약,CFS,68787350200.0,67279974209.0,14144527951.0,15958951576.0,17564556997.0,19554353404.0,134895027871.0,123277306881.0,89135208847.0,80007072042.0,13991301307.0,13656373682.0,13641351348.0,12157083331.0
012860,모베이스전자,CFS,433834415418.0,380922698161.0,468789481321.0,409634074959.0,568546923170.0,499601207739.0,220100193379.0,201774394924.0,939353137800.0,922208635714.0,27748942104.0,43911657945.0,7702539489.0,6797750471.0
0129K0,신한제18호스팩,,,,,,,,,,,,,,,
013030,하이록코리아,CFS,334758948894.0,314733920709.0,25793574146.0,27997311373.0,36295857497.0,31796472661.0,406859458763.0,380125957238.0,188839137919.0,182851091417.0,51891524969.0,40696178383.0,47730254865.0,34361194102.0
0130D0,신한제17호스팩,,,,,,,,,,,,,,,
0130H0,엔에이치스팩33호,,,,,,,,,,,,,,,
013120,동원개발,CFS,1358573214571.0,1381002914312.0,369670637092.0,395104310055.0,394698273429.0,413065668495.0,1035603605478.0,1007224817577.0,736557428431.0,581504179966.0,30000134277.0,83922533356.0,42550272755.0,66880391409.0
0131D0,키움히어로제2호스팩,,,,,,,,,,,,,,,
0132G0,교보20호스팩,,,,,,,,,,,,,,,
013310,아진산업,CFS,381233029053.0,227903972174.0,324255903781.0,214847349639.0,717122850627.0,439390616699.0,291915725160.0,239266646562.0,764289803909.0,597770521543.0,83852404913.0,47540403155.0,51013403640.0,29680375924.0
0134X0,대신밸런스제20호스팩,,,,,,,,,,,,,,,
013720,청보,CFS,33142322603.0,52817397602.0,24847753549.0,30669371980.0,28755407435.0,31734808266.0,48011396486.0,42633521924.0,31359260218.0,36024332730.0,787375316.0,393425760.0,-16628489059.0,-29696021886.0
013810,스페코,CFS,58132603108.0,55764887634.0,26273076070.0,22331882998.0,37705352670.0,35044853122.0,47306722200.0,50735385573.0,22987862181.0,31079586548.0,-4148483505.0,-3766587275.0,-2057200716.0,611187601.0
013990,아가방컴퍼니,CFS,117608626255.0,107850901496.0,39345032032.0,35757715642.0,51345318086.0,45935137780.0,170469139371.0,162428443517.0,186412760361.0,174318344068.0,16576163171.0,14530167691.0,12689558361.0,9851372602.0
014100,메디앙스,CFS,27087711093.0,30844169300.0,22269803815.0,24969232643.0,34645716928.0,35421725965.0,87017104313.0,80964907544.0,66023045995.0,71422007545.0,-1292819708.0,1609909502.0,6992476041.0,-11726379609.0
014190,원익큐브,CFS,108413613212.0,105058518034.0,33097413271.0,35750522802.0,35299849270.0,37308953487.0,104200640115.0,99487139959.0,244376147023.0,245979910828.0,5600959959.0,4254901005.0,4952400910.0,4296750090.0
014470,부방,CFS,76168249259.0,118361795052.0,122144645999.0,164684665327.0,142502944671.0,183838660440.0,157370343494.0,184681693092.0,331046894011.0,338458898642.0,-342355688.0,915792675.0,-26004983702.0,31262325196.0
014570,고려제약,CFS,63425721052.0,72616549926.0,9902147939.0,7411697287.0,12618965065.0,9803724937.0,77090082740.0,84712633263.0,81374983430.0,79984056441.0,18025892026.0,14329019414.0,-4916772792.0,11808841484.0
014620,성광벤드,CFS,293870966852.0,273411518468.0,35646447524.0,43060009503.0,45656936841.0,55371337984.0,505416038046.0,471742715459.0,254692907041.0,244025545479.0,44833439099.0,26760618158.0,39169123100.0,39244701512.0
014940,오리엔탈정공,CFS,55430486702.0,45626672007.0,52290121611.0,45323002678.0,110922418214.0,102050744297.0,86882043727.0,84800393850.0,157532717479.0,131568018289.0,12763401545.0,9180181375.0,8908859193.0,8371734355.0
014950,삼익제약,,,,,,,,,,,,,,,
014970,삼륭물산,CFS,41957494219.0,47738429673.0,36872224149.0,44120096867.0,44514987516.0,52856987862.0,60193769809.0,59614103602.0,86280033374.0,90280280019.0,1178662628.0,-1171753276.0,2026435971.0,-2621835777.0
015710,코콤,CFS,55314003244.0,61709462426.0,12265179341.0,20593922697.0,18984524907.0,29125942226.0,123113752019.0,120415513933.0,100488220566.0,95280775618.0,1911182143.0,-2284834592.0,3030553227.0,-2646292196.0
015750,성우하이텍,CFS,1862357141670.0,1602080402854.0,1846843269297.0,1885767111853.0,2390828928961.0,2213559723081.0,1644843200394.0,1450611326732.0,4321987308635.0,3976784541043.0,256728659148.0,102793647469.0,175705270904.0,38511491705.0
016100,리더스코스메틱,CFS,25155223203.0,23274729793.0,30279944189.0,33416540950.0,35764091672.0,36189005263.0,44218508476.0,43336121520.0,69278802746.0,86657750918.0,-4311069604.0,504936506.0,173304483.0,-758552914.0
016250,SGC E&C,CFS,723178378520.0,793492097839.0,626407585989.0,708692668861.0,641642480364.0,727213982033.0,218336577155.0,246311665503.0,1863679592064.0,1523333467679.0,-21587161938.0,33204579097.0,-34090257429.0,51995982486.0
0164H0,한국제16호스팩,,,,,,,,,,,,,,,
0165X0,메리츠제2호스팩,,,,,,,,,,,,,,,
016600,큐캐피탈,CFS,,,,,34621108325.0,13988417687.0,135505525815.0,127341461969.0,35968958792.0,16557788149.0,,,7066505278.0,-6738469914.0
016670,디모아,CFS,69448439607.0,69118328872.0,28677401519.0,30415668147.0,30843294386.0,32689197476.0,50021740368.0,52482123672.0,31352678402.0,25643172347.0,2912404483.0,2359937625.0,-2498774824.0,-18866267340.0
016790,현대사료,CFS,70946112844.0,91025571802.0,177186574720.0,144723534439.0,180581086598.0,228900391386.0,-72225701823.0,32878193438.0,160600796744.0,158095623136.0,-9612022305.0,-2154877028.0,-217652242667.0,-292244390119.0
016920,카스,CFS,72991734318.0,89951570442.0,86597157809.0,98569994292.0,97917496378.0,113327635163.0,64557281715.0,61481517136.0,156031555991.0,168362798218.0,4957740460.0,4389154378.0,1733608277.0,2738724725.0
017000,신원종합개발,CFS,176596790996.0,169956494566.0,115461652451.0,101800058395.0,153559262517.0,133300677121.0,101519649696.0,93836238095.0,309755353209.0,188210171518.0,3128726284.0,2032585973.0,8253167612.0,4440252586.0
017250,인터엠,CFS,41037193241.0,37570993462.0,38756091031.0,45154714886.0,45698097824.0,50458913560.0,38886612124.0,31353990108.0,50963849828.0,58684341336.0,10773303544.0,3067556701.0,8227279919.0,1006702551.0
017480,삼현철강,CFS,183170597743.0,185157541222.0,26850104016.0,34897295822.0,26850104016.0,34897295822.0,194512419340.0,189392647614.0,262437778010.0,340566810816.0,9727719983.0,19125865555.0,10414244126.0,16010830220.0
017510,세명전기,CFS,25227105590.0,25564434012.0,2740496114.0,2104643492.0,8368837677.0,8261702636.0,74962897932.0,74723572070.0,11835001413.0,13966161594.0,1351879736.0,1022697460.0,1306545862.0,2253654261.0
017650,대림제지,CFS,89896126540.0,80677236858.0,18444395229.0,20809566722.0,49794959811.0,50524376010.0,262976449589.0,246937705258.0,164383300566.0,187353234547.0,21826803766.0,29197579672.0,18797086089.0,24416419932.0
017890,한국알콜,CFS,242630066725.0,180686786262.0,100789432465.0,56678991699.0,127157495072.0,113623990822.0,526012589299.0,467413575103.0,438274113703.0,512698074574.0,21881585998.0,25203198397.0,14333901531.0,33791353288.0
018000,유니슨,CFS,66571407464.0,78787368785.0,118929989995.0,121587435774.0,204074971552.0,194798803953.0,58970975563.0,67207541130.0,107739239966.0,239179015771.0,-19569724064.0,1898507511.0,-26137213270.0,-13091547265.0
018120,진로발효,CFS,61313096245.0,60180385628.0,11702788801.0,16763404410.0,12258161825.0,17261397627.0,78474696608.0,75762580458.0,100068186172.0,99586810696.0,8055864375.0,3788872244.0,6475436103.0,3604548151.0
018290,브이티,CFS,155301258916.0,119240321076.0,101729037294.0,99203209388.0,109308015301.0,117948797560.0,147316710889.0,102748243157.0,295501383553.0,240241305569.0,45546613453.0,23552825229.0,31690464312.0,13204953213.0
018310,삼목에스폼,CFS,317606991467.0,233389549063.0,141380202781.0,180866902084.0,165168410431.0,205640206804.0,574988112788.0,447460064838.0,439386985136.0,337690604147.0,124131729083.0,68098389379.0,119380219211.0,58543171663.0
018620,우진비앤지,CFS,41837439983.0,39443891043.0,30578600296.0,17760435402.0,49252200877.0,26956028883.0,72330379918.0,64566447557.0,57919354665.0,43703465297.0,713664789.0,1155423595.0,-1186831624.0,1012603381.0
018680,서울제약,CFS,25608950953.0,26011922518.0,20531904761.0,13890764087.0,24741265839.0,27006390954.0,38564140968.0,35421678748.0,52458517117.0,50056724915.0,1212776458.0,1738725291.0,3517329275.0,855093541.0
018700,졸스,CFS,34583106519.0,32853790412.0,20143768849.0,24561845766.0,25950633333.0,30030710404.0,42691471397.0,58897988647.0,61503408544.0,58667142079.0,-5691954909.0,-5160401668.0,-15962045694.0,-25250348276.0
019010,베뉴지,CFS,148856634684.0,106589916369.0,207705526757.0,186220214116.0,279664379375.0,268629588213.0,360698279853.0,351542286244.0,65047220575.0,58927664725.0,9216525312.0,11290659528.0,12289414663.0,-17531276551.0
019210,와이지-원,CFS,478610575794.0,477189017933.0,433728149493.0,456722508122.0,606795336232.0,601068612285.0,355727701783.0,339798458106.0,553181695854.0,549800690069.0,54685648371.0,72644206360.0,24353077644.0,33428996271.0
019540,일지테크,CFS,196257937346.0,184332791216.0,295526966081.0,281314760272.0,404874893413.0,288169216067.0,122665876218.0,93171915901.0,628485714969.0,229144511634.0,35416248406.0,616400443.0,32300041824.0,-9094490726.0
019550,SBI인베스트먼트,CFS,40859511096.0,21568271006.0,5557794849.0,10165326278.0,6353032390.0,12249758959.0,126127403150.0,117623745674.0,29276094479.0,16919391372.0,,,8318470367.0,-15010141892.0
019570,플루토스,CFS,18670454478.0,28775336997.0,1912405474.0,11806666602.0,1919291800.0,15286814533.0,31280056021.0,33337090407.0,,,-10314460930.0,-17269386147.0,-11550830828.0,-18304318972.0
019660,글로본,CFS,8784634046.0,7823284968.0,2617094739.0,12077183569.0,2854627246.0,12959685314.0,10513976648.0,14920648209.0,20311948431.0,18479329687.0,-3991779002.0,-4089214506.0,-4492882561.0,-6404702784.0
019770,서연탑메탈,CFS,95221399483.0,85501918241.0,55984270028.0,54421761320.0,56970747412.0,55438115468.0,84625309260.0,77010560545.0,173052825577.0,164178182253.0,6949154558.0,2807000983.0,8094037350.0,2557421566.0
019990,에너토크,CFS,21759773534.0,24946431476.0,4730079790.0,6741144959.0,5605776757.0,7340244038.0,40178308557.0,44399758924.0,26943911903.0,26287076336.0,-881692461.0,1011710533.0,-939423866.0,1544296333.0
020180,대신정보통신,CFS,70400166517.0,58050718973.0,55301503334.0,44438474973.0,56496625370.0,55109525329.0,28585215976.0,29017862289.0,228487621631.0,180570933137.0,4175255751.0,2283442332.0,-48357163.0,2049848590.0
020400,대동금속,CFS,28776378116.0,30929858692.0,36150074088.0,41850960498.0,50236316857.0,54197945746.0,52438294792.0,46843303092.0,133065161759.0,146930756753.0,1301329207.0,2335666701.0,830402461.0,2182030396.0
020710,시공테크,CFS,68426242014.0,54719410512.0,36276815097.0,33307356880.0,44405673610.0,38545003142.0,132020451544.0,124107397405.0,134871392216.0,100207500673.0,5608277410.0,-5203968932.0,8314649221.0,6924232028.0
021040,대호특수강,CFS,137951833340.0,135427996406.0,125315025893.0,124219029612.0,150100378683.0,165218323021.0,51586679452.0,52744968900.0,300559957997.0,306845564412.0,1660919750.0,901712482.0,-3555644391.0,-4218971785.0
021045,대호특수강우,,,,,,,,,,,,,,,
021080,에이티넘인베스트,CFS,82326331072.0,40201444792.0,24448388126.0,15961469898.0,45423688238.0,27611284504.0,177308325899.0,166985095251.0,135789250846.0,100987678722.0,24779485522.0,35151287454.0,20080843033.0,28207750262.0
021320,KCC건설,CFS,843728991599.0,786408337496.0,567632947575.0,587328187978.0,794813854224.0,747474269742.0,446170183217.0,450654223297.0,1909591995353.0,1893077679119.0,18146940552.0,-1091838620.0,10350678017.0,4438156398.0
021650,한국큐빅,CFS,111623030220.0,100182326281.0,81834327958.0,76162993069.0,86798137225.0,78478293069.0,86496301389.0,79860158356.0,252096865048.0,210049895609.0,10647846417.0,9058282896.0,8263592527.0,6529074801.0
021880,메이슨캐피탈,,,,,,,,,,,,,,,
022220,티케이지애강,CFS,65392434496.0,65826737296.0,14579544378.0,14125243596.0,16580732022.0,15898895009.0,100050742903.0,94479685690.0,78148269266.0,76051374316.0,4439727684.0,4532290386.0,5455628599.0,4576739881.0
023160,태광,CFS,303514704040.0,312707863420.0,34017824369.0,52478259759.0,50903812971.0,69762409007.0,575391432513.0,524232736859.0,312067468098.0,249742674195.0,57724095747.0,45350048019.0,58128426139.0,36783440070.0
023410,유진기업,CFS,622425622568.0,485500705339.0,987297110503.0,698285824430.0,1218270550111.0,1092825611169.0,1067945492634.0,937596247581.0,1473426055245.0,1407717459055.0,84442700646.0,54719955238.0,69312226665.0,31131586255.0
023440,제이스코홀딩스,CFS,34107715860.0,35922045973.0,59123575006.0,62428988959.0,65145719325.0,73428637872.0,62779004730.0,63171564035.0,55349435845.0,84143041881.0,-8360586051.0,-6191488893.0,-24383417124.0,-27157810158.0
023600,삼보판지,CFS,261799163429.0,214202277679.0,93298268872.0,66355314281.0,152358601309.0,153502888976.0,609419895796.0,555903491225.0,555628853462.0,582010939428.0,67368809282.0,67586885009.0,60829313458.0,63514561627.0
023760,한국캐피탈,CFS,,,,,3288174129416.0,3011679758406.0,612033993762.0,456648274238.0,,,,,66185070496.0,65094593013.0
023770,플레이위드,CFS,20997298391.0,18860581170.0,13506128063.0,3543465180.0,17505838506.0,4657965466.0,25933868316.0,29274918816.0,28552255519.0,14505487825.0,-6647064613.0,-7185076798.0,-5993718873.0,-878846205.0
023790,동일스틸럭스,CFS,20471959627.0,20514216954.0,39465608615.0,40207087102.0,55143755756.0,59333757206.0,18137193618.0,36691624114.0,21471427299.0,32221196756.0,-3313257599.0,901676894.0,-22297885966.0,-15634632651.0
023900,풍국주정,CFS,51205195810.0,48731156851.0,16402851312.0,21890588259.0,17230001935.0,24524641846.0,175955246892.0,166230790446.0,168467096763.0,153988455865.0,11667462369.0,3766400980.0,10826675534.0,5479850998.0
023910,대한약품,CFS,159904570224.0,155885923714.0,41300251759.0,42685523171.0,46278381107.0,51581827211.0,247974088049.0,225398085203.0,195911458889.0,184267548195.0,35795371698.0,32968049140.0,28426315296.0,24960546385.0
024060,흥구석유,CFS,6598784922.0,8668126676.0,3650674783.0,4679282771.0,12651521692.0,13848316797.0,79095399275.0,80086299356.0,126695388352.0,146717690495.0,86981150.0,1360244467.0,1129186202.0,2657025500.0
024120,KB오토시스,CFS,97471720734.0,94454673255.0,81130100020.0,71403678838.0,116128617012.0,103900507749.0,108776621734.0,100515560505.0,203726077936.0,178041889332.0,4044593163.0,2437247196.0,1062706995.0,1101359982.0
024740,한일단조,CFS,119082287682.0,119261419675.0,117963944467.0,127500533461.0,133939428178.0,142746444104.0,123667798176.0,115459177366.0,178166776876.0,177364538405.0,15168146222.0,14579806106.0,7759017223.0,7213556464.0
024800,유성티엔에스,CFS,46156106533.0,59378413076.0,126699216130.0,149264526322.0,167170209056.0,172307637327.0,465004288523.0,381058459865.0,237322795454.0,276770975513.0,2095347531.0,2692150214.0,69537753934.0,55486725492.0
024830,세원물산,CFS,245824408292.0,121686594086.0,72777740030.0,44946526270.0,105729475569.0,67255492440.0,356738255896.0,243314792516.0,193044822258.0,171133634720.0,5906879018.0,14982919221.0,12732951871.0,16276122211.0
024840,KBI메탈,CFS,154754259863.0,171288593550.0,99064795409.0,111861932755.0,112360099862.0,123620933893.0,122041087118.0,105806299552.0,685035268666.0,710479838197.0,7819137792.0,5359242952.0,665696051.0,2365151884.0
024850,HLB이노베이션,CFS,61792745495.0,84244151907.0,32932168854.0,4236472093.0,35133745815.0,34869388809.0,57062108450.0,57431959163.0,20581331304.0,31429330620.0,-937587555.0,402391856.0,-755407667.0,13960167324.0
024880,케이피에프,CFS,380416635975.0,387535583788.0,374485802914.0,393525831329.0,419152588993.0,454756690145.0,234014768285.0,207457455589.0,809653196526.0,819025640763.0,47252640807.0,39593823755.0,22184693204.0,22964142345.0
024910,경창산업,CFS,184144704565.0,180073932666.0,243559074028.0,241594892987.0,356822542403.0,370925491050.0,149914846824.0,137115652310.0,667253963817.0,615579626824.0,21036204670.0,19184253102.0,8828533627.0,19267463106.0
024940,PN풍년,CFS,37741385209.0,36160030051.0,6820453559.0,7721103293.0,7407806443.0,8163190802.0,48019054609.0,46084846730.0,57230803245.0,57639296614.0,2091164821.0,1318667622.0,2169174879.0,1706783829.0
024950,삼천리자전거,CFS,140346459698.0,56619288434.0,103200863936.0,46077224570.0,113999836979.0,49245854713.0,157350843465.0,93421112243.0,106783297522.0,113103904244.0,-6290389338.0,2127873334.0,6200377346.0,-5040427448.0
025320,시노펙스,CFS,83567925255.0,94460382264.0,54301246671.0,96228580360.0,67188342427.0,109975340078.0,134125280347.0,104889857923.0,262172878615.0,244769214357.0,24177306064.0,12861584537.0,14552474098.0,8298947423.0
025440,DH오토웨어,CFS,68846671925.0,87987858100.0,75189382466.0,55242229281.0,107744859035.0,82875662902.0,69546501070.0,62073869822.0,393131714023.0,381809993242.0,2775900843.0,2321107281.0,650913185.0,-4498993744.0
025550,한국선재,CFS,136603806563.0,133702016871.0,93290642116.0,118720101020.0,126693388619.0,137582868745.0,144027875725.0,117276832579.0,248447837494.0,245485561063.0,5122217251.0,11285220408.0,-1448912760.0,14964728705.0
025770,한국정보통신,CFS,357122003000.0,312308264000.0,167189930000.0,148143804000.0,171546187000.0,156061925000.0,271223701000.0,244370476000.0,725118196000.0,595450481000.0,35677366000.0,27120718000.0,30055752000.0,21799953000.0
025870,신라에스지,CFS,25504220791.0,24016079665.0,20261450959.0,24423362968.0,31902772340.0,30174598674.0,17470996836.0,17680372707.0,88377059730.0,73421934268.0,1688008975.0,2252248416.0,297908852.0,1134077562.0
025880,케이씨피드,CFS,44107412315.0,50256101948.0,30391079486.0,33907986099.0,32449685394.0,36235746966.0,66216719623.0,60992970168.0,92576838916.0,88477418720.0,6049004344.0,4867543602.0,6709822680.0,4223897638.0
025900,동화기업,CFS,380654828460.0,421219490339.0,681061964960.0,598325035262.0,1334923566178.0,1074761149038.0,986832993427.0,771347084169.0,963223225281.0,1100415112505.0,-16571978650.0,72435427545.0,-108411591175.0,43302676402.0
025950,동신건설,CFS,86241720094.0,78426182450.0,14524599998.0,12176027400.0,21195938366.0,23709113847.0,96697553081.0,89577557133.0,82743779233.0,50301558593.0,6340785950.0,1366400188.0,7825488098.0,6068916666.0
025980,아난티,CFS,169626114974.0,525676438032.0,414079608931.0,749253093649.0,841067756663.0,1224152226029.0,703837793368.0,510634607865.0,897296641579.0,325346438455.0,267047733935.0,115222889272.0,210408476713.0,33987271560.0
026040,제이에스티나,CFS,33964365740.0,36748699940.0,8763596776.0,9298741984.0,11354771469.0,12641518166.0,43226632598.0,46545182142.0,75362474833.0,77880466417.0,-582699119.0,2580912695.0,792213904.0,1307771554.0
026150,특수건설,CFS,107186047768.0,110319800814.0,81904814747.0,67211796318.0,93695222963.0,77734881219.0,103614332563.0,106136156112.0,232863674296.0,202958033834.0,2490709395.0,2684562756.0,-2274301049.0,1749662481.0
026910,광진실업,CFS,32330231052.0,31249457505.0,37331513855.0,35142215508.0,72708166628.0,48819081233.0,21950374529.0,27461847589.0,53679071672.0,59139993833.0,-7043841565.0,585221907.0,-5139724500.0,1145921388.0
027040,서울전자통신,CFS,39180141176.0,40292158907.0,65625229308.0,42225782293.0,72040222981.0,74893608869.0,38933916521.0,54311469502.0,34586691657.0,51836203952.0,-3756620550.0,-7727186324.0,-14548947347.0,-10364260116.0
027050,코리아나,CFS,38293474692.0,35681731835.0,18758819905.0,14184087021.0,26686326034.0,22780360687.0,85804319951.0,82748405805.0,86049461423.0,80393939400.0,935688865.0,876082758.0,1767236217.0,1500042306.0
027360,아주IB투자,CFS,,,,,96109647468.0,129853432578.0,258504751513.0,243435887100.0,,,,,16601630818.0,2039024790.0
027580,상보,CFS,73672946432.0,70847977834.0,47954378265.0,41139955661.0,55095046360.0,46593967271.0,62634571959.0,65679141240.0,66156769308.0,67412484219.0,2254501294.0,2541236225.0,438470872.0,8786646050.0
027710,팜스토리,CFS,631069914339.0,683678462789.0,636573780521.0,693576365731.0,682697963677.0,726567989077.0,255055185300.0,249388172521.0,1500248272338.0,1426450944874.0,26245499824.0,31455456699.0,9773128133.0,-7550762243.0
027830,대성창투,CFS,39216753520.0,20839024051.0,1190935080.0,1415032747.0,1388535684.0,1492832547.0,84933427076.0,59529176278.0,12363265555.0,13656850879.0,2052559665.0,1018910881.0,2178250798.0,792423997.0
028080,휴맥스홀딩스,CFS,372735869869.0,474166796156.0,367152645655.0,452757564734.0,595139127598.0,697237364444.0,247311866092.0,323635043564.0,659801361563.0,697380534227.0,11771026795.0,-4099794705.0,-80282914595.0,-50555937442.0
028300,HLB,CFS,144406832382.0,343614513503.0,86332423578.0,200369576030.0,169475199911.0,268287104470.0,582246430180.0,698978330322.0,42900561196.0,179707913112.0,-125024740610.0,-74664893059.0,-206042537607.0,-98603344338.0
029480,광무,CFS,94663140619.0,115584266855.0,15066425267.0,54993555930.0,15898878531.0,55875956034.0,113777872119.0,80095780307.0,24240060004.0,78221398794.0,-2607263511.0,2375618399.0,7280899975.0,-7366384107.0
030350,드래곤플라이,CFS,9969986234.0,31189383127.0,8509269964.0,8530012080.0,9258062770.0,10015464649.0,28364034652.0,56006728461.0,16617929586.0,7096803674.0,-13327228938.0,-9596096565.0,-28045503869.0,-14429623321.0
030520,한글과컴퓨터,CFS,288442474896.0,313627880990.0,104042583057.0,162891358673.0,161199361669.0,213922218166.0,470580017996.0,480965246115.0,271099772341.0,242008402693.0,34150052679.0,25023371169.0,-27497127633.0,16708892290.0
030530,원익홀딩스,CFS,307924934631.0,363309799710.0,344245698551.0,462128565778.0,507448061336.0,494371508160.0,1317600355976.0,1321154474643.0,749527050135.0,881011689232.0,45774773657.0,104998891405.0,-23801700755.0,128758921016.0
030960,양지사,CFS,145323438178.0,131430364500.0,8690617554.0,8803058411.0,9264864861.0,10009176413.0,185477215065.0,184445697722.0,62134749172.0,44897819851.0,-6918702465.0,-594793557.0,1218541611.0,-4087992679.0
031310,아이즈비전,CFS,124089200133.0,133164631508.0,57424220101.0,79417196847.0,62029741582.0,82054067514.0,182872662866.0,164473192642.0,190968431347.0,191621557326.0,6785523313.0,6344360283.0,-807962640.0,-5391275234.0
031330,에스에이엠티,CFS,559135678003.0,604743440194.0,285682584380.0,333392017085.0,294596263083.0,342503933011.0,377309612714.0,361082088960.0,2145067678998.0,2544385766501.0,53542641950.0,78764500521.0,32941534857.0,57790206549.0
031510,오스템,CFS,90870470298.0,99309100271.0,53497700144.0,86459158007.0,59045844395.0,91943080346.0,100356144538.0,95313984827.0,141975544188.0,110892575490.0,9903944411.0,-4658942088.0,7445336182.0,-13660860841.0
031860,디에이치엑스컴퍼니,CFS,21739350832.0,23686559130.0,5503431358.0,22300463182.0,6333663136.0,23066897644.0,59749053243.0,59860865937.0,11308943767.0,8348605577.0,-13071378512.0,-6474345726.0,-32501586699.0,-15192557773.0
031980,피에스케이홀딩스,CFS,165192022075.0,128409189488.0,35094335258.0,22197474143.0,60129472727.0,46254379594.0,341312404466.0,282176616066.0,94716683944.0,72790993366.0,26970755131.0,16902902739.0,42696378649.0,40757933000.0
032080,아즈텍WB,CFS,66670449854.0,82839033454.0,16109472855.0,31336386282.0,16201877395.0,32043710418.0,108367550166.0,109988449248.0,37089482391.0,45473797756.0,-75126221.0,2148865471.0,-1317589604.0,-1420658249.0
032190,다우데이타,CFS,729978531146.0,733022206820.0,833158320740.0,678124143565.0,48223589793288.0,44437568870718.0,5716273414165.0,5437356810860.0,10334025110546.0,9747210930928.0,667942798550.0,776695601049.0,442895796585.0,733829683806.0
032280,삼일,CFS,14761626236.0,12890284018.0,38886052432.0,33025212704.0,44443699363.0,41462750693.0,62647116343.0,60094257637.0,99668556013.0,91979315853.0,1721681269.0,1796436109.0,2828019091.0,1232107745.0
032300,한국파마,CFS,85384803659.0,98083251141.0,33299954415.0,69535318881.0,52721842145.0,71131716248.0,68581531119.0,59815439793.0,83240454815.0,81029421374.0,6269393301.0,6187122199.0,83763705.0,-1119052124.0
032500,케이엠더블유,CFS,126916970265.0,187314625105.0,90323882537.0,93925086925.0,101149421739.0,105571185872.0,174865189826.0,240292628165.0,100068287667.0,179462379726.0,-62858228046.0,-44987885991.0,-65286675524.0,-26686462958.0
032540,TJ미디어,CFS,54866426993.0,59360392273.0,26708123513.0,32734258293.0,41482880061.0,49484040118.0,86088812046.0,85298143128.0,96398616294.0,85911499261.0,6331171872.0,4141688797.0,4704446606.0,4497197063.0
032580,피델릭스,CFS,53161670874.0,51829635137.0,7463702735.0,7479238838.0,7463702735.0,8700926916.0,49963549023.0,49066283806.0,52783978412.0,72559081230.0,710092106.0,6281389514.0,1061919010.0,8246655718.0
032620,GC메디아이,CFS,68421406350.0,75278175606.0,24254934004.0,24550463436.0,41459738938.0,38374297465.0,113536458785.0,123506905057.0,154040837400.0,133343230209.0,3509125932.0,7547744702.0,-961234912.0,4107190518.0
032680,소프트센,CFS,59922432321.0,64064072422.0,32171770067.0,26656631539.0,37171565448.0,43204764258.0,65396418307.0,78925112592.0,61085045079.0,73373050121.0,-1418785527.0,16284103976.0,-9968876097.0,11587270444.0
032685,소프트센우,,,,,,,,,,,,,,,
032750,삼진,CFS,70774160490.0,70778003918.0,23120963941.0,21060439490.0,24476165099.0,22550291377.0,92340082962.0,92645781178.0,156407806151.0,155138532129.0,1887196131.0,1655448106.0,116048502.0,1887900528.0
032790,엠젠솔루션,CFS,42824805035.0,50253770225.0,26718459742.0,26413763869.0,30301695050.0,29472551033.0,36987328011.0,46484953391.0,90534369618.0,109791176701.0,-6309133102.0,2912963494.0,-21492769083.0,-435391170.0
032800,판타지오,CFS,37869370884.0,50003764241.0,34330683861.0,44128944238.0,35755800134.0,45731030061.0,42707827379.0,31702668004.0,38527506388.0,15259393021.0,-4913262869.0,1252832300.0,-18458038424.0,-6762436766.0
032820,우리기술,CFS,66053868963.0,65775971470.0,41542865065.0,50477611968.0,86764913284.0,66541800413.0,103420278634.0,95472396278.0,63166127548.0,49494570488.0,6678853804.0,4801125334.0,5032187322.0,3368733524.0
032850,비트컴퓨터,CFS,35667083252.0,28243756094.0,11933030146.0,7022238899.0,13892787589.0,11157918043.0,66214265693.0,63126429227.0,33458508904.0,35134664621.0,6219477487.0,6145733812.0,5598840253.0,4925063054.0
032860,더라미,CFS,30013348632.0,11065522023.0,13252288141.0,2841364381.0,13948916741.0,3022536592.0,51727101531.0,25311787470.0,50977133773.0,62566412210.0,-3542638080.0,-3179470531.0,-3293960804.0,-5606375146.0
032940,원익,CFS,44357326347.0,38153742346.0,62990190503.0,60670243606.0,119771366469.0,121824089979.0,251644584518.0,255184729500.0,129877118817.0,108088691543.0,12485502745.0,7405021167.0,-2630408185.0,38309366662.0
032960,동일기연,CFS,56055254224.0,54019022424.0,2504053044.0,2686188836.0,3778647167.0,4267791095.0,64201050239.0,62159718006.0,25234856762.0,26699392928.0,422580762.0,1101722833.0,2184904681.0,1046846747.0
033050,제이엠아이,CFS,48262785327.0,50836114534.0,33499560607.0,38113452423.0,38458201511.0,43236187512.0,51199542603.0,42231409048.0,74566785312.0,64925485182.0,4445290729.0,4728101014.0,2449720275.0,2480814002.0
033100,제룡전기,CFS,134532536812.0,66481409443.0,33147964831.0,16579144601.0,33868881681.0,17061308094.0,124804397368.0,70829943784.0,183941144839.0,86061155911.0,70151892797.0,15983347808.0,56383814934.0,12479898810.0
033130,디지틀조선,CFS,48027123613.0,53629206921.0,7756525551.0,6730732315.0,10719723032.0,8822046478.0,85169357553.0,82132660037.0,36571550723.0,34714775588.0,2174982408.0,2060791123.0,3324754728.0,2748803667.0
033160,엠케이전자,CFS,277683975817.0,270790225161.0,398472782282.0,355965738911.0,1330782091949.0,1152566694717.0,977115242539.0,1017450472456.0,1116974657530.0,1023209675666.0,46451135024.0,80280886914.0,-39145066304.0,3124782379.0
033170,시그네틱스,CFS,49483313940.0,91867606977.0,31821096782.0,57924874951.0,35447149386.0,61897064699.0,117935343728.0,131312734118.0,185484580200.0,287600045582.0,-14999228872.0,8884748083.0,-15429078420.0,7531878953.0
033200,모아텍,CFS,54332576476.0,54141920049.0,5434773495.0,4604721181.0,6575319170.0,5722795971.0,71097156423.0,72046295951.0,31956939380.0,28964480456.0,-2257322923.0,-1647028171.0,-1443812539.0,-1410219529.0
033230,인성정보,CFS,204172573168.0,199424454846.0,128126041920.0,142317455241.0,164212643862.0,156038691059.0,75861349612.0,76437814436.0,365240558331.0,314506299406.0,5213314477.0,2910287935.0,-807384630.0,854652562.0
033290,로젠,CFS,124505840910.0,276491928002.0,237110331258.0,235539743950.0,542255709034.0,571242059846.0,343595229942.0,496313200770.0,808042562443.0,822018406601.0,34427006952.0,39045813664.0,45123294555.0,64875428389.0
033310,엠투엔,CFS,29479342631.0,49104524098.0,24647738787.0,39061113825.0,41057777376.0,43698473486.0,142778918738.0,140472516400.0,76995441504.0,28450754786.0,3209549957.0,-4844418207.0,3239297722.0,4875439432.0
033320,제이씨현시스템,CFS,85448167557.0,104160457918.0,28079012580.0,35804812389.0,36916659794.0,48027187022.0,109553640016.0,112613714431.0,211562471795.0,200564472355.0,-5577757014.0,-2369792019.0,-2580074415.0,387124043.0
033340,좋은사람들,CFS,43928793690.0,49466499718.0,13163521806.0,14683041594.0,20773903084.0,20363762023.0,56305235670.0,53567785000.0,82568061629.0,80470105663.0,1288396956.0,-4314766827.0,2779833091.0,-6233028839.0
033500,동성화인텍,CFS,229757277039.0,225834524902.0,185158341587.0,178546402834.0,195423074355.0,195394788188.0,168856538026.0,148615651842.0,531408738039.0,434151552353.0,37339851391.0,15277453449.0,28746230576.0,8421767028.0
033540,파라텍,CFS,105683600508.0,131523428863.0,71359717056.0,74911864053.0,106761951897.0,112870332530.0,98682663075.0,96764297170.0,218410558493.0,214050649673.0,-16022379951.0,-1805755451.0,-15241244085.0,-5523964641.0
033560,블루콤,CFS,31617299113.0,35953331729.0,12484472417.0,12512460454.0,16983924284.0,14995091152.0,157472383038.0,160357894917.0,32770353181.0,58618047325.0,-7712405819.0,-1325831876.0,-2745537561.0,-264689347.0
033640,네패스,CFS,267494850200.0,254753833223.0,377308173099.0,350963304429.0,679952137538.0,739611151367.0,283166320172.0,392322207827.0,480111639417.0,588039209962.0,-70002734472.0,-6714005791.0,-109458165882.0,94546157588.0
033790,피노,CFS,12666029060.0,13647794930.0,2129254662.0,1593849091.0,2424233703.0,1757551148.0,21540992762.0,23530670661.0,6967041262.0,11406060324.0,-2124130241.0,1462672613.0,-1942923931.0,1726255822.0
033830,티비씨,CFS,84836282246.0,83477289676.0,7112488109.0,6500693336.0,7854020250.0,7146543184.0,126363358471.0,121591758295.0,43505868968.0,42483287221.0,4137402175.0,4052343613.0,6194310171.0,4927772175.0
034810,해성산업,CFS,1110606293956.0,1153374889359.0,807124962422.0,902561389555.0,1151024499892.0,1232637424600.0,1366350426466.0,1390702210838.0,2308405711864.0,2531646680380.0,106286094900.0,210386941652.0,2515935451.0,106416568394.0
03481K,해성산업1우,,,,,,,,,,,,,,,
034940,조아제약,CFS,42156850629.0,48199873778.0,29177887844.0,27327775766.0,35463609527.0,34231202185.0,38757865953.0,51408206786.0,62973743089.0,68879662118.0,-6834978363.0,-482207989.0,-11132861890.0,515252087.0
034950,한국기업평가,CFS,109126867212.0,117965830422.0,25576325150.0,27584690699.0,34096377339.0,34077799505.0,121002458789.0,127232796822.0,95594059688.0,101576018426.0,25839533932.0,29929805340.0,24171464057.0,25488331090.0
035080,그래디언트,CFS,1173303875414.0,1144150480893.0,928116421034.0,763627550198.0,1063628720501.0,887158413041.0,833929949568.0,882241958396.0,3423866580408.0,3584845793132.0,2909640608.0,14581382704.0,-6023332663.0,338864154278.0
035200,프럼파스트,CFS,28878175532.0,28374495218.0,2714661887.0,3428867519.0,3421073301.0,3953370182.0,37741699765.0,36830090628.0,29481472717.0,30227839370.0,1442763516.0,1529339366.0,1416560787.0,1324351207.0
035290,골드앤에스,CFS,13670185707.0,11689949184.0,2822399276.0,2525925770.0,3424842510.0,4169436272.0,12226072261.0,14551482876.0,9949791745.0,9488858046.0,-1365862741.0,-1144159584.0,-2959689601.0,-6253681196.0
035460,기산텔레콤,CFS,68509274103.0,56999427205.0,32430622527.0,27394104957.0,44084421553.0,34775858599.0,43558676309.0,39672780683.0,73884674502.0,67802637797.0,4410201203.0,4615718774.0,3796639092.0,3641874694.0
035600,KG이니시스,CFS,738629131225.0,603965268301.0,782208164541.0,751637882115.0,1016709892786.0,847320423017.0,695435433593.0,605659712056.0,1344791853182.0,1177624552737.0,106275402446.0,106512396728.0,97102941766.0,70372595607.0
035610,솔본,CFS,145369803049.0,117752934302.0,34065464064.0,29604960806.0,44854893682.0,38247330896.0,230981098312.0,182424394974.0,123382776486.0,93816087048.0,31759409160.0,-26845562593.0,48895126694.0,-41916606098.0
035620,바른손이앤에이,CFS,9153314425.0,12412931785.0,28383775986.0,21845521837.0,53215504229.0,42405037706.0,71647241684.0,85669406179.0,,,-4824155195.0,-4223014991.0,-13926418308.0,-13319475177.0
035760,CJ ENM,CFS,2782355786459.0,3108038802501.0,3400941997109.0,4269198302324.0,5772095217523.0,5987918870682.0,4177764497896.0,4344327774901.0,4368360656512.0,4792237788876.0,-14600377588.0,137375904912.0,-396774722680.0,-176815032777.0
035810,이지홀딩스,CFS,1287639845907.0,1441036534217.0,1136847844471.0,1326239248883.0,1499241307051.0,1638407921136.0,1028981455311.0,1017883519185.0,3119160305224.0,3010255248617.0,103781080293.0,99922519563.0,54489016848.0,26917170536.0
035890,서희건설,CFS,988686976873.0,1027034109514.0,590063060790.0,711603988281.0,695168687177.0,860191630774.0,843672006788.0,755851873052.0,1441907750436.0,1437668988542.0,228215359127.0,206067723959.0,126686472990.0,100104506234.0
035900,JYP Ent.,CFS,368755808500.0,237105821049.0,154345051751.0,101383995470.0,173490775206.0,106621208896.0,398042670936.0,304501101236.0,566500542871.0,345892110215.0,169443909949.0,96631539970.0,105016740741.0,67501258494.0
036000,예림당,CFS,62007793511.0,62450518532.0,15019574263.0,11244500132.0,25288303939.0,24440107588.0,201457425251.0,187053863232.0,20547570037.0,26372507705.0,-2748546902.0,291404552.0,18123216785.0,-22968555251.0
036010,아비코전자,CFS,75532001720.0,85684376687.0,20421345345.0,25753451254.0,31790384569.0,30461065489.0,113274877836.0,116989538323.0,125029847788.0,164696756994.0,-4711554747.0,11291045446.0,-2373030276.0,9358568386.0
036030,케이티알파,CFS,316820921179.0,284234959352.0,179691123479.0,167882313563.0,187557029387.0,179472221704.0,244315660444.0,225743019271.0,430447191438.0,464167290246.0,12297116726.0,9817493917.0,16271007952.0,6774544273.0
036090,위지트,CFS,105239092401.0,29242990976.0,70281712535.0,18110456561.0,73480064661.0,21263210780.0,183753964412.0,138414470165.0,35232358333.0,35218638086.0,3654906386.0,2169215617.0,-24058585535.0,13679863714.0
036120,서울평가정보,CFS,19651606308.0,24854086766.0,3617728979.0,4906119875.0,5779908848.0,8420080308.0,29109456407.0,30399872929.0,34374009972.0,40899238308.0,401056866.0,4581125564.0,438984978.0,2343972890.0
036170,에이치엠넥스,CFS,37888479540.0,17068468350.0,1124067732.0,1405649377.0,2380505237.0,2653279581.0,118667938148.0,110674992849.0,14523739748.0,13418819175.0,14416773.0,-1074633601.0,8203000379.0,4178060330.0
036190,금화피에스시,CFS,232117274009.0,212544954666.0,71435716962.0,61371709219.0,100132481282.0,104917863167.0,330340453390.0,302168774037.0,337610294221.0,248347893901.0,43458261238.0,27900351420.0,38001459036.0,32285231723.0
036200,유니셈,CFS,163069284845.0,176038759617.0,26919165193.0,33218406195.0,28979641845.0,35290989030.0,214384514026.0,199436342702.0,232111743013.0,253229086343.0,17388081940.0,29036650994.0,18230112881.0,19588906763.0
036220,오상헬스케어,CFS,185385994187.0,158410261385.0,26878549926.0,49150508027.0,27256040100.0,49291065099.0,293290668466.0,199892506201.0,355846882565.0,193893072828.0,142827493353.0,49300174288.0,116664689672.0,40660749810.0
036480,대성미생물,CFS,28717021954.0,28690269393.0,10398313601.0,10610934147.0,26941660234.0,26271895162.0,37348624962.0,38837410070.0,25562323134.0,25500064652.0,-689011929.0,-327522927.0,,
036540,SFA반도체,CFS,182721303416.0,271876331548.0,48736699211.0,89214692681.0,139749351905.0,190956704120.0,470160714693.0,483917637617.0,437586077155.0,699412110637.0,-16710120338.0,62881247628.0,-14043612067.0,45445008142.0
036560,KZ정밀,CFS,94061494310.0,77424118656.0,25376371859.0,30459489373.0,59903006583.0,71656711563.0,336447687443.0,340550766940.0,138702144854.0,89066055501.0,20810009383.0,11969856632.0,29214391153.0,15509594197.0
036620,감성코퍼레이션,CFS,96096691517.0,65913604528.0,30867635139.0,21643896676.0,36579881076.0,33016078507.0,77933864566.0,50896171453.0,177948652720.0,117401158387.0,32243349866.0,16247551642.0,24172542710.0,15082983952.0
036630,세종텔레콤,CFS,333300859416.0,250671992866.0,169669385090.0,78737872081.0,200023805865.0,116241788005.0,320351275693.0,315567161280.0,339300781424.0,324268447254.0,-3114263444.0,-5481772508.0,44289357836.0,-38212513569.0
036640,HRS,CFS,64164329228.0,55187107907.0,9206110082.0,6511329556.0,10999061294.0,10425858635.0,114507188074.0,106450249192.0,78169020610.0,86095840519.0,12521004402.0,11438460937.0,12106559396.0,10033129614.0
036670,삼양케이씨아이,CFS,71258627603.0,74376524947.0,12550280127.0,24697373232.0,12878898221.0,24943833965.0,106426921490.0,98186202402.0,109946107606.0,109605027221.0,10271822174.0,21877282357.0,11000382558.0,17816309653.0
036690,코맥스,CFS,65615503515.0,61696173804.0,53083772625.0,42059387389.0,58018506402.0,46734979002.0,40282070152.0,48674484788.0,137009128290.0,155998634081.0,-6446909139.0,-5079546128.0,-7720568814.0,-5229220160.0
036710,심텍홀딩스,CFS,329381934845.0,535492212439.0,639265289153.0,544825331656.0,891702876069.0,783354665925.0,418902842679.0,633029078947.0,1092958281242.0,1710417170744.0,-206310593777.0,299874298926.0,-196307441993.0,186450198780.0
036800,나이스정보통신,CFS,1007453729720.0,835948046191.0,832073824708.0,675989879538.0,844879609112.0,684103815937.0,366274107236.0,347185562984.0,891628591940.0,804861396536.0,36733568866.0,48081669001.0,29750845323.0,40207614740.0
036810,에프에스티,CFS,105157817768.0,102142383708.0,100462910914.0,90073320602.0,169060375099.0,149006341683.0,239774504268.0,245753464315.0,197608619262.0,219624173035.0,-10782402895.0,6333914544.0,-18103402115.0,40839358558.0
036830,솔브레인홀딩스,CFS,356074504485.0,349057791497.0,360221953315.0,301572152117.0,520758178125.0,507496360946.0,1264179720417.0,1181784706228.0,661555097819.0,565106276036.0,120961316226.0,73497317893.0,83427195418.0,59539287272.0
036890,진성티이씨,CFS,294872118419.0,292201738866.0,149786206752.0,170582127567.0,170722141792.0,193183284635.0,232139878541.0,209485385462.0,485118584952.0,541014045943.0,39589010073.0,66316216444.0,28407293386.0,45431101006.0
036930,주성엔지니어링,CFS,239031396471.0,290340647014.0,61548330782.0,127276917375.0,290513573540.0,348454879955.0,514747817845.0,484608319076.0,284745246660.0,437938720318.0,28937462812.0,123884000542.0,34000802285.0,106171290850.0
037030,파워넷,CFS,80677814352.0,80833907650.0,52949623801.0,38503805437.0,54646534512.0,51178308480.0,93667678890.0,91050684984.0,186158775836.0,211087434269.0,7145653724.0,5672049840.0,-196760382.0,1658736039.0
037070,파세코,CFS,77952964948.0,86972271342.0,28133359666.0,40062742646.0,30815426586.0,43003290234.0,102984372765.0,106618825788.0,147540869348.0,200475253164.0,-1237803585.0,15791923119.0,778287253.0,9191496080.0
037230,한국팩키지,CFS,80372846800.0,73721503313.0,103216836281.0,102873092311.0,119728591521.0,118492783203.0,107832187183.0,67057901645.0,228068585477.0,217319292042.0,8550618324.0,585960544.0,4089789989.0,-10602748604.0
037330,인지디스플레,CFS,149195140110.0,148645940957.0,245122548165.0,237292711815.0,268788541305.0,272169786368.0,201113124566.0,193685050959.0,687269080649.0,700955627901.0,5257045876.0,11369165894.0,11293287529.0,-1326649591.0
037350,성도이엔지,CFS,460829474182.0,339710916675.0,292991682247.0,214425002868.0,384127509314.0,245392537392.0,261423553508.0,256208460946.0,678599013645.0,705803485232.0,12314577967.0,-4985258685.0,4632891365.0,733160844.0
037370,EG,CFS,18757421485.0,37669747180.0,29935043200.0,20575088350.0,116424640808.0,103538950746.0,33034482357.0,50605521776.0,61797981915.0,70189076829.0,-14353005712.0,-8562134701.0,-20564802530.0,-11271838485.0
037400,우리엔터프라이즈,CFS,465388177900.0,425224982773.0,326431953218.0,313566630270.0,360125263524.0,354894206314.0,320286444192.0,297587073657.0,1287955420194.0,1379502838155.0,26492122902.0,34755229252.0,18999248402.0,25242565416.0
037440,희림,CFS,140312866272.0,153852354143.0,103785446685.0,112605002660.0,120217837288.0,131057305364.0,73289489307.0,68069600888.0,228652275391.0,221067225133.0,7376354550.0,10127169151.0,6377486209.0,7141381054.0
037460,삼지전자,CFS,770775496504.0,770787811141.0,449010085635.0,471571368825.0,468966213537.0,495205154084.0,546576467385.0,498033577306.0,2526207927918.0,2918903060210.0,78343445249.0,88562973589.0,51262488157.0,77998504635.0
037760,쎄니트,CFS,95754079700.0,93815538228.0,81082785228.0,84206158371.0,102405815230.0,98335194107.0,101771442479.0,99282779834.0,140357557191.0,160097408657.0,4922899481.0,9997374529.0,3809519283.0,9487616402.0
037950,엘컴텍,CFS,30546842196.0,29515460590.0,6926599144.0,5842949423.0,7827937060.0,8859123423.0,68193496001.0,66355254080.0,56635889299.0,41602729478.0,2126026610.0,4769705068.0,2203840185.0,7344863322.0
038010,제일테크노스,CFS,99008789915.0,95755050702.0,64028504549.0,85661753387.0,81700928079.0,100357308972.0,113749623335.0,84526109547.0,267641196279.0,215637952017.0,36225506696.0,19412158410.0,26048029783.0,10881152154.0
038060,루멘스,CFS,123885337165.0,125122467998.0,47327960273.0,42423379807.0,48651958356.0,43923272104.0,97803951319.0,93676767562.0,171236881677.0,166304887331.0,2742020759.0,1189859515.0,4005286642.0,15889721031.0
038070,서린바이오,CFS,72954684030.0,87286645050.0,28030185168.0,46364634208.0,28860665933.0,46700791922.0,85239244091.0,88785245623.0,89569472309.0,104708360149.0,2494508388.0,9197165421.0,-2323066287.0,10594534389.0
038110,에코플라스틱,CFS,427489705894.0,375747538375.0,533776103960.0,525377621138.0,770529644599.0,654427253668.0,217828773658.0,156503283455.0,2160621914515.0,1821519312265.0,72420507238.0,38516830106.0,43313989565.0,23595092778.0
038290,마크로젠,CFS,74033755510.0,90568243223.0,57598929334.0,57572487324.0,96859761146.0,99166857974.0,160958259907.0,180958806269.0,132803131511.0,138617489348.0,-423115234.0,5289492369.0,-16750535421.0,-22005353199.0
038390,레드캡투어,CFS,107127249094.0,65235715083.0,279763107446.0,210714037040.0,538514978192.0,429129490715.0,204247526037.0,192726432715.0,338183142415.0,262064785478.0,38770681338.0,36321615765.0,16636270975.0,21235274767.0
038460,바이오스마트,CFS,135287075360.0,129646805575.0,120304920970.0,131180533651.0,138430849671.0,144877945180.0,121632083727.0,92305261647.0,456164440535.0,391821770039.0,10085424100.0,10150504780.0,16179096192.0,-1181772172.0
038500,삼표시멘트,CFS,318200836488.0,283443135474.0,405727399602.0,290168489932.0,814483922837.0,765292464745.0,706001382639.0,687498907800.0,823729443914.0,721115587886.0,84701114941.0,71098446532.0,33807860692.0,30182787524.0
038530,케이바이오랩스,CFS,73632844828.0,50788054988.0,12056922203.0,15556078143.0,14592408372.0,15674171811.0,128330723949.0,66797886640.0,27324874182.0,31128632370.0,-561250505.0,453405116.0,-12674439432.0,-7665100733.0
038540,상상인,CFS,4110768187645.0,3821477793509.0,4168639497818.0,2569034131224.0,5916512387476.0,5452931988622.0,797881567633.0,849135316466.0,936962706826.0,764621201141.0,-64717139541.0,64850625855.0,-62168774849.0,42250752817.0
038620,위즈코프,CFS,35564754322.0,28495252705.0,20042888523.0,1074874389.0,30389685361.0,9149935024.0,86815036888.0,78364811947.0,56065934824.0,41213941237.0,647813712.0,1447122656.0,1594172742.0,2600962049.0
038680,에스넷,CFS,234601215074.0,217995945383.0,178966607234.0,190455335811.0,184904997491.0,196323675732.0,107842565793.0,74652748801.0,477140534215.0,389493924037.0,14463119767.0,2227867198.0,21100236482.0,-4072813916.0
038870,에코심플렉스,CFS,35141138375.0,42715802952.0,22850830663.0,26335812398.0,23459363605.0,26335812398.0,86093918556.0,69485748206.0,15790408546.0,16783759222.0,-2601797272.0,-146748552.0,2353149044.0,-4701770213.0
038880,아이에이,CFS,29043337740.0,41109178608.0,41035809152.0,40517352780.0,57868186344.0,53316696245.0,89875744582.0,112319146441.0,59179508587.0,74214714559.0,-10219010515.0,-2536734510.0,-18619524039.0,-1050575442.0
038950,파인디지털,CFS,80938716335.0,81745997238.0,5721072047.0,8168182395.0,9424407198.0,12636170138.0,97526442341.0,92473813299.0,87726787052.0,91100767728.0,-660156613.0,-3702893461.0,1971061225.0,-2112558013.0
039010,현대에이치티,CFS,67909934160.0,52165197007.0,36899249742.0,25927519080.0,37241546307.0,26421233592.0,87842564483.0,90949416494.0,131416440859.0,104942242488.0,-819792305.0,1279709107.0,-1263936525.0,1993768124.0
039020,이건홀딩스,CFS,190984771635.0,187107797994.0,258310202123.0,217203983024.0,422775689722.0,396833890121.0,371300728273.0,308349882089.0,458516755984.0,507557619792.0,3234973770.0,22087536646.0,-10820215245.0,5463662678.0
039030,이오테크닉스,CFS,429338086912.0,423736681537.0,47021471576.0,76183627401.0,49219483901.0,76752866702.0,562459514548.0,539114525299.0,316384019477.0,447157589742.0,28334755251.0,92798680886.0,36393252840.0,77243298170.0
039200,오스코텍,CFS,102428703640.0,107871877882.0,34849044308.0,18574495837.0,37860914026.0,21914692257.0,94717486056.0,121821006022.0,4950929999.0,5062376493.0,-32655289595.0,-28638371344.0,-28489780658.0,-27773705664.0
039240,경남스틸,CFS,111742002915.0,118175847045.0,53389176701.0,64593530317.0,53872478312.0,64598881503.0,107882238048.0,103522894939.0,390306288912.0,415312784536.0,10725528763.0,11396109298.0,8552078509.0,9660233517.0
039290,인포뱅크,CFS,38384324255.0,36275915207.0,20985672226.0,23543729655.0,22905482654.0,24841333606.0,77867357020.0,64294824818.0,136861270491.0,140174469340.0,-2199591258.0,-345659638.0,5947155161.0,1293212228.0
039310,세중,CFS,79769424106.0,82846449908.0,22419040096.0,35461159238.0,29772172974.0,41017950742.0,101259310243.0,88717783934.0,36300830203.0,38087691405.0,1181250873.0,-2169441372.0,13761016071.0,3684111969.0
039340,한국경제TV,CFS,102744205198.0,95711185622.0,14664023076.0,14430104163.0,26131260503.0,26813424393.0,175135120781.0,168037199995.0,,,4663688185.0,8435826362.0,10713481063.0,13807948422.0
039420,케이엘넷,CFS,31047445613.0,27981279711.0,5381785472.0,8037579823.0,6610789256.0,9690874689.0,55979004707.0,51075025604.0,50929305246.0,50302532476.0,8308199713.0,7929309727.0,8140484550.0,7448983649.0
039440,에스티아이,CFS,217026789134.0,225532008861.0,77929175202.0,108905909521.0,78523176264.0,109597092758.0,237680507026.0,219280083803.0,319462564774.0,422418753947.0,23946351563.0,34766478075.0,24075406070.0,29845982191.0
039560,다산네트웍스,CFS,112175521384.0,147439343471.0,76729536804.0,55522404358.0,87207795627.0,86404912682.0,301425718531.0,382756736094.0,92292591370.0,80714212760.0,-1251908380.0,-565053588.0,-92872344591.0,148791006817.0
039610,화성밸브,CFS,77498230238.0,75563062943.0,24479056574.0,32572434470.0,41804329358.0,42982483090.0,88520680631.0,80493641768.0,91550544835.0,85525543688.0,10029597192.0,3702458229.0,8066489164.0,2980333411.0
039740,한국정보공학,CFS,39366285224.0,47799517966.0,23141364308.0,30943202996.0,28140568457.0,36202797491.0,47426253817.0,45123656189.0,115565226996.0,105375235088.0,60322203.0,1838007687.0,2267419086.0,3754648791.0
039830,오로라,CFS,159239349642.0,168608234343.0,279971011642.0,205101792587.0,383187688998.0,329479439502.0,139765602745.0,134485224091.0,232555065538.0,231694259743.0,28430933871.0,18349623439.0,6054823653.0,7562417767.0
039840,디오,CFS,176450279803.0,169840755650.0,164628715763.0,150211263680.0,173205686938.0,163066339902.0,194427200576.0,167252015639.0,155817892643.0,131306346755.0,20896358522.0,-4405388586.0,2619040355.0,-20107713587.0
039860,나노엔텍,CFS,39602818055.0,40571384951.0,4241975366.0,4847877253.0,4985363438.0,5627996929.0,53592936323.0,57648792699.0,26836556528.0,35200667312.0,-2229194130.0,4380965003.0,-3678073247.0,4664909299.0
039980,폴라리스AI,CFS,76207104891.0,80280874264.0,18926970163.0,27331591191.0,22139686817.0,28578027792.0,73402149267.0,69761748683.0,59435979925.0,80853888097.0,1458860744.0,-2360088791.0,611301755.0,-2833125729.0
040160,누리플렉스,CFS,105486540969.0,97556553461.0,62303007855.0,70290120635.0,69848146921.0,74327268172.0,82414633066.0,79471369363.0,132719404842.0,124719605117.0,1980004088.0,10395532523.0,2497486550.0,476527684.0
040300,YTN,CFS,167676645913.0,173858659244.0,20494602296.0,26645349126.0,109352836791.0,104834571113.0,243414325918.0,255296935573.0,130469560840.0,152191296037.0,-9298901588.0,5310356129.0,-4183934473.0,5514292781.0
040350,크레오에스지,CFS,30134020352.0,14153053493.0,17161680278.0,24295825149.0,21408029951.0,33379964598.0,32188397770.0,36689202224.0,9756217845.0,9781170888.0,-3734725216.0,-6139169945.0,-13494194703.0,-13061221467.0
040420,정상제이엘에스,CFS,21937120547.0,15080019035.0,18639640943.0,18188681549.0,23520434519.0,21897108157.0,83943620319.0,77785795963.0,113358989517.0,110791763102.0,16377319938.0,16725943893.0,13314592399.0,13301754187.0
040610,SG&G,CFS,35858590529.0,34500113584.0,43710137794.0,43957626715.0,65028660275.0,64642587342.0,345773485129.0,313570308945.0,41898698934.0,42719402704.0,2952730625.0,1868901710.0,19973349922.0,51641578712.0
040910,아이씨디,CFS,122024965596.0,113203176618.0,71423536501.0,43015837672.0,78885098376.0,49254330355.0,130646377105.0,153246033985.0,62273750997.0,150944906368.0,-37213580426.0,-5051610239.0,-37407373008.0,-5419303169.0
041020,폴라리스오피스,CFS,221184063807.0,26791920943.0,49726480008.0,8003059105.0,60519019801.0,11281684177.0,257114129685.0,64399636160.0,,,6248070155.0,1656776182.0,22449288765.0,12756335428.0
041190,우리기술투자,CFS,,,,,110298372917.0,82623388928.0,521127678370.0,399029952531.0,170741464684.0,35352148402.0,,,121984148418.0,-327824767285.0
041440,현대에버다임,CFS,212900885118.0,214319000144.0,111238966027.0,112552000576.0,114926762301.0,113418150237.0,182611181934.0,178928677282.0,358052339749.0,374439995976.0,11983008868.0,15696393563.0,6390961040.0,10713137354.0
041460,한국전자인증,CFS,23276164658.0,29092849920.0,17757203852.0,20960174796.0,19371479775.0,21864525190.0,53768698184.0,46854807961.0,38340871020.0,38522794762.0,3140593441.0,4960327256.0,2374830638.0,3493242776.0
041510,에스엠,CFS,858315612315.0,841444752217.0,519297109950.0,467445334456.0,631575864424.0,576891434654.0,909398072974.0,886132057820.0,961069716545.0,850769309133.0,113463014394.0,91007611263.0,82683480181.0,82028551863.0
041520,이엘씨,CFS,131530058383.0,164326975740.0,14182230373.0,29437742110.0,21440127428.0,34172639147.0,184174994567.0,198698748579.0,87041126630.0,137571424568.0,-15367519037.0,-9503011032.0,-7844638993.0,-5784252997.0
041590,플래스크,CFS,8596764428.0,46300690132.0,31658258380.0,45796132739.0,34061662318.0,50617807947.0,31789340910.0,71598862481.0,22759609054.0,37366932674.0,-22962238594.0,-13521038415.0,-39111886872.0,-24271911189.0
041830,인바디,CFS,148963799153.0,135489178141.0,17451048122.0,19204628349.0,24621262147.0,26625933670.0,249834875848.0,216039393702.0,170351229733.0,160003774093.0,38348312615.0,40704069762.0,36560883655.0,33826239706.0
041910,폴라리스AI파마,CFS,64341814083.0,67730983423.0,4870727309.0,7036462906.0,6266010563.0,8229890580.0,115632727351.0,116089117025.0,64214830710.0,62036332957.0,5343807014.0,3161738705.0,3823642695.0,-6363853296.0
041920,메디아나,CFS,81718453895.0,75976212226.0,9055794766.0,11591728590.0,11284088983.0,13384006579.0,100638278892.0,90061320106.0,78421203014.0,68346731750.0,9402286818.0,10610097890.0,8893421851.0,10597920980.0
041930,SY동아,CFS,195579980457.0,158882061167.0,147687651287.0,126160218541.0,154085382724.0,134764886171.0,153973358117.0,141977005706.0,368722029928.0,349639091506.0,21636085181.0,14440946148.0,14364167395.0,15339126941.0
041960,코미팜,CFS,50011513260.0,42628667794.0,52228261696.0,41047473669.0,58582669205.0,46103957092.0,60015137874.0,65647019444.0,42647034864.0,39800517852.0,-6273087670.0,-3803782875.0,-5910605452.0,-7479698717.0
042000,카페24,CFS,119119814460.0,107322559444.0,121259077121.0,127265723511.0,147254353122.0,171728534932.0,174580990707.0,169389675679.0,278111824577.0,266066215853.0,-3105122123.0,-21273269917.0,1983311308.0,-49863959686.0
042040,케이피엠테크,CFS,33668172448.0,35213437397.0,40598503238.0,27034760095.0,49061791741.0,31327509571.0,125390566287.0,97350478720.0,45501203395.0,41285686236.0,-14460083741.0,-448350232.0,-8941162078.0,-12052466476.0
042110,에스씨디,CFS,132009965761.0,129433635486.0,44997323891.0,47530610177.0,45130413513.0,47676226005.0,121558955546.0,119283912299.0,193993189983.0,218908713885.0,5747990585.0,11333428799.0,4842340331.0,8297048611.0
042370,비츠로테크,CFS,298305328293.0,295412087713.0,109476034751.0,135757865616.0,143634428018.0,180415629329.0,364480486802.0,333701538444.0,352892509069.0,347689372623.0,28836092306.0,32727587117.0,22355245678.0,19494508215.0
042420,네오위즈홀딩스,CFS,384338532736.0,357211652157.0,146305114184.0,123949151466.0,188715799137.0,146612343360.0,703211854175.0,657808673768.0,366584640067.0,297977284307.0,17377536173.0,7005408342.0,37533104711.0,-61330825298.0
042500,링네트,CFS,116421501129.0,139122801326.0,55737666667.0,77401235311.0,55823929320.0,77489174594.0,96119462834.0,83421543248.0,217699382445.0,204003748249.0,16347719605.0,10877118076.0,12788780412.0,10055707915.0
042510,라온시큐어,CFS,34499773926.0,56647662528.0,21719726870.0,31451546439.0,29709808858.0,31795926332.0,45884951073.0,45095494365.0,51841445278.0,46823337387.0,-1653091109.0,4291104685.0,6047265641.0,8305276543.0
042520,한스바이오메드,CFS,50392855126.0,54371071482.0,65252588097.0,74443342362.0,72419026834.0,84231206403.0,49948930889.0,47454999688.0,78032037342.0,74458999045.0,-4154876285.0,1292765426.0,-24091716023.0,4922704606.0
042600,새로닉스,CFS,71966061751.0,67485811870.0,107606193571.0,92894641628.0,148301896441.0,143874223866.0,174671538974.0,204368696312.0,201701546184.0,218666962658.0,389601220.0,472202217.0,-29513780446.0,91689419941.0
042940,상지건설,CFS,197330970280.0,176348052061.0,113058413096.0,141884880800.0,121898866316.0,159024138941.0,107661699930.0,64919318636.0,173869290148.0,53794404397.0,32464309346.0,5403269253.0,37164662294.0,-8080366468.0
043090,더테크놀로지,CFS,49861689531.0,67314449559.0,19745762696.0,14912407829.0,22406831561.0,17411751626.0,45566165044.0,55484097942.0,15894717014.0,3896571513.0,-10878883880.0,-5053807571.0,-26974953601.0,-3355191868.0
043100,알파AI,CFS,24290654496.0,30673910987.0,26042844332.0,14284188367.0,32462479821.0,24419615212.0,18214471483.0,31015652377.0,26878178866.0,23396367880.0,-14129480657.0,-6048919738.0,-21598146874.0,-10909546114.0
043150,바텍,CFS,319461667543.0,270358765241.0,114470096899.0,100870052358.0,172705995941.0,147680630914.0,414191689112.0,363433483152.0,384945119813.0,395055994504.0,64041668323.0,79637704891.0,52968694667.0,78611880187.0
043200,파루,CFS,31919386443.0,24966339546.0,36067793020.0,26225382969.0,38594112518.0,30378981645.0,28927622165.0,23554669961.0,42204969570.0,40544635509.0,-1915962080.0,-2332815790.0,-1030056716.0,-4634113032.0
043220,티에스넥스젠,CFS,41655455711.0,51529462351.0,19920797876.0,19705897603.0,25468767492.0,26808611247.0,48628710714.0,47772355530.0,26545557983.0,25502545498.0,-1724481556.0,-2616799816.0,39148357.0,-9679788655.0
043260,성호전자,CFS,166800638556.0,153252733651.0,142854598458.0,98699485128.0,167819325251.0,149130896613.0,102055289483.0,82989704715.0,208061479027.0,153575649263.0,25857169613.0,2045667031.0,17583612418.0,-4192458477.0
043340,에쎈테크,CFS,34224772950.0,34087521876.0,29525756613.0,26906153240.0,51696254345.0,59342744702.0,28455396905.0,23965480238.0,47640536056.0,62571779539.0,-7219558488.0,1970446458.0,-9547067333.0,369522576.0
043360,디지아이,CFS,22656911941.0,22102447126.0,3446867430.0,2916980994.0,4575706048.0,2916980994.0,42722598906.0,44687998847.0,16680293089.0,16077851490.0,-2670806473.0,221617365.0,-2152865565.0,687623653.0
043370,피에이치에이,CFS,562525056977.0,590481694991.0,246064818830.0,284366412857.0,264347345321.0,306777450192.0,720990060924.0,673099593120.0,1134618152654.0,1024435467138.0,48293293917.0,22872220991.0,61505451409.0,28261284607.0
043590,웰킵스하이텍,CFS,35979926616.0,20842948078.0,3413644118.0,2560164202.0,3438230692.0,3015175596.0,42644456907.0,33414406121.0,20230592910.0,20896933146.0,293147974.0,-159772668.0,9122489288.0,-739440279.0
043610,KT지니뮤직,CFS,229571429133.0,172978563773.0,163274834805.0,119441745867.0,169794185697.0,158930776532.0,237826236609.0,181171913458.0,307040865232.0,286106152010.0,15360755595.0,13820761140.0,21732575666.0,18691572923.0
043650,국순당,CFS,89673980962.0,102024431443.0,8976688008.0,12739008827.0,17707249928.0,19493670338.0,227088760591.0,234352560683.0,70483966911.0,74619184834.0,4464546772.0,9145079697.0,-3876168794.0,-4569045131.0
043710,코스리거글로벌,CFS,13932245526.0,23818965375.0,4853720317.0,3417090628.0,10477000564.0,8061184145.0,26912382591.0,30103185725.0,22559469460.0,10106936539.0,-7541411780.0,-6592229607.0,-6839928760.0,-3766066610.0
043910,자연과환경,CFS,48986709622.0,46082224586.0,36824468958.0,32145849549.0,49289614874.0,46377292958.0,78150509494.0,74137631090.0,69712373567.0,73865814434.0,4532296408.0,463930257.0,3980147171.0,103261808.0
044180,KD,CFS,198419081620.0,195177459954.0,113924422469.0,64873368555.0,262208274597.0,258406752314.0,32557293068.0,35252209456.0,179411227278.0,97140112830.0,4402139918.0,-2263730874.0,-3768463583.0,-3980990316.0
044340,위닉스,CFS,149580138269.0,191585741504.0,138676469788.0,167825361530.0,154263685536.0,208986285207.0,209562112219.0,202094880910.0,375301296669.0,328990631593.0,6520613635.0,3752291090.0,10001085199.0,2179572820.0
044480,빌리언스,CFS,86661401276.0,89448304144.0,96473593240.0,65190951416.0,107149906725.0,65716693466.0,92465165430.0,103009049268.0,96991027126.0,70648737315.0,-7494524517.0,-3072984971.0,-30845827660.0,-24666268556.0
044490,태웅,CFS,329498765838.0,330180996866.0,99090855405.0,106909813971.0,230795291971.0,277512084161.0,512425919783.0,481394649086.0,443760096450.0,393866356422.0,39527227608.0,2928441656.0,34152304712.0,547310295.0
044780,에이치케이,CFS,53369450473.0,54398491176.0,15661506182.0,26456185381.0,23327767206.0,27098324819.0,60528746505.0,59117177576.0,66637115087.0,81378633384.0,841585044.0,5810468081.0,1897983026.0,4273038938.0
044960,이글벳,CFS,26350250654.0,26242417686.0,9844972270.0,8206610690.0,13136322515.0,11912161501.0,45343016348.0,42954280174.0,42793696742.0,43539693973.0,3325250849.0,3555156850.0,2975898312.0,2643394338.0
044990,에이치엔에스하이텍,CFS,60156538168.0,57198782220.0,6910471973.0,26955407160.0,8945416934.0,29200257384.0,87023079181.0,58593998387.0,80551938241.0,97202608083.0,13956323764.0,21602582540.0,30138955001.0,19341645078.0
045060,오공,CFS,73114147471.0,72523063676.0,21709228616.0,24660107585.0,28166218518.0,32963533473.0,111359863941.0,103812905868.0,158428134529.0,170423569561.0,10179683278.0,8607685081.0,8967177614.0,7543983915.0
045100,한양이엔지,CFS,540177678704.0,463371028853.0,290978294750.0,256641339576.0,294401205985.0,259202612534.0,533280349987.0,472346996996.0,1026166723740.0,1162892663583.0,85109617536.0,75253663052.0,77392350866.0,69772979266.0
045300,성우테크론,CFS,28691372606.0,32468555287.0,21393377531.0,17313755063.0,24607485804.0,22598453761.0,68758953206.0,69995179860.0,33775629980.0,44409948471.0,-808211684.0,4833191541.0,-1051808342.0,4811753389.0
045340,토탈소프트,CFS,24106203044.0,18039988675.0,6738175689.0,4823913987.0,13121683640.0,9899473200.0,21851054730.0,18817423388.0,16054188977.0,13877625991.0,3606002868.0,2583997718.0,3778710831.0,2642213970.0
045390,대아티아이,CFS,94435544869.0,59108327128.0,85021856738.0,40543869174.0,129734770689.0,89697434481.0,121755391179.0,109921387424.0,112334976960.0,105547717079.0,3561685564.0,9547831795.0,10700893397.0,8368988432.0
045510,정원엔시스,CFS,68198959368.0,71532296457.0,44761486970.0,49356871837.0,48833455110.0,54155518330.0,43026075554.0,41325322516.0,179751794283.0,166266658017.0,2845827453.0,676742328.0,1700753038.0,1201037812.0
045520,크린앤사이언스,CFS,45843088504.0,44779871887.0,41676294350.0,37603935856.0,66330491992.0,67342611310.0,27836482539.0,27179126938.0,92497051974.0,86034564156.0,938086282.0,-10900237959.0,902672602.0,-16301374461.0
045660,에이텍,CFS,32821667167.0,39412810602.0,8203349944.0,7035140349.0,12270260806.0,9879579909.0,91831190909.0,88931041123.0,71934894017.0,94331778484.0,919260645.0,2703961483.0,4797327164.0,5360129627.0
045970,코아시아,CFS,149798495548.0,169308228303.0,185922485109.0,193390590023.0,215182439320.0,247266163970.0,139760032142.0,163159988163.0,377629884303.0,459701513173.0,-25491183071.0,-22572658741.0,-40077871037.0,-30614748386.0
046070,코다코,CFS,150896261528.0,163488703925.0,417512959965.0,392747446507.0,453414440801.0,440894399016.0,-20473839378.0,13047943955.0,296109530148.0,309738210323.0,-28157263341.0,9415134942.0,-47417642589.0,-17952467845.0
046120,오르비텍,CFS,50786891098.0,68373335408.0,35649836986.0,47723083475.0,48719452718.0,61068617493.0,52326751244.0,57286953357.0,64010931712.0,59220236561.0,-4331619364.0,-11752392101.0,-2208721273.0,-13410584781.0
046210,HLB파나진,CFS,82900265238.0,26013527442.0,27134496446.0,1418797724.0,27340872741.0,2984183441.0,63572923436.0,31689245446.0,12252030565.0,14171271710.0,-1839301535.0,1579214309.0,-4815635557.0,2240498316.0
046310,백금T&A,CFS,116523120920.0,98977255677.0,36176051295.0,32370268573.0,41296296720.0,38044954127.0,98048651155.0,81005377557.0,170733617690.0,147603183932.0,17094548304.0,15339889216.0,18683426462.0,11263503569.0
046390,삼화네트웍스,CFS,40925815723.0,47853729424.0,20100010094.0,19886563219.0,27208931846.0,25393695700.0,56295148099.0,57875495567.0,62368852039.0,82311425331.0,-1822762592.0,10766774371.0,-1241295451.0,13848283220.0
046440,KG파이낸셜,CFS,393838939512.0,325603553581.0,172414382826.0,122236498493.0,179670317356.0,157786435557.0,349724771474.0,316402413155.0,279579831420.0,276116842169.0,32980603114.0,40290909338.0,41335603180.0,26880832298.0
046890,서울반도체,CFS,529106549052.0,550449970337.0,404814156676.0,305104421601.0,531203052260.0,514302591299.0,687873414180.0,775569363947.0,1032380637430.0,1109427463605.0,-49351836734.0,-33437894990.0,-74472892087.0,-54325725131.0
046940,우원개발,CFS,102506532167.0,79333040261.0,60858814412.0,48949232644.0,88246329358.0,61255735691.0,103249669859.0,103840009874.0,252508569423.0,196292051694.0,1357980797.0,577978892.0,1475092795.0,3738368375.0
046970,우리로,CFS,45759704430.0,45944280426.0,12905696921.0,21106924628.0,15106762273.0,23316377217.0,45083677788.0,37658654174.0,54609819824.0,99006594857.0,-3450045913.0,1345952432.0,-4785013092.0,-3468908992.0
047080,한빛소프트,CFS,26257268570.0,38991038756.0,14818605953.0,17687469068.0,16116053308.0,19089976228.0,15547283724.0,24859645733.0,,,-6524096635.0,3536564112.0,-9555432098.0,3319108150.0
047310,파워로직스,CFS,243816573149.0,166568906385.0,184468142851.0,135702978511.0,192021141941.0,145849023713.0,193173355958.0,169593172026.0,773181124037.0,743873288849.0,15579853751.0,-39144784838.0,16137075320.0,-49688658934.0
047560,이스트소프트,CFS,95235854683.0,111428829702.0,72193804715.0,41722676611.0,101498605461.0,101507404011.0,87153662909.0,83518988156.0,,,-8907053307.0,-5668272734.0,-11644670471.0,-8224780167.0
047770,코데즈컴바인,CFS,40350776247.0,40990994430.0,12173365948.0,16377473852.0,19553285328.0,21798020171.0,65974166525.0,62263391412.0,41956462583.0,39052752807.0,2930364339.0,3858954591.0,3710775113.0,7630898367.0
047820,초록뱀미디어,CFS,219711046790.0,154704562133.0,110639185891.0,124022410433.0,123230325680.0,158798163068.0,342544780708.0,323112197302.0,241315820444.0,192542189138.0,-297207783.0,5588111600.0,-90043121382.0,-50506937298.0
047920,HLB제약,CFS,71574514881.0,59945909397.0,48896085760.0,52856815902.0,53198231806.0,56248554148.0,88153400353.0,85928555504.0,135952754160.0,107481871523.0,-19542188127.0,-6436308218.0,-19427452535.0,-11776739949.0
048410,현대바이오,CFS,15162589130.0,24012071104.0,6946760083.0,8384034661.0,7520748749.0,9091422389.0,45271012269.0,58235388532.0,9481384632.0,7851578107.0,-9785148630.0,-26354165991.0,-14499357710.0,-15807267634.0
048430,유라테크,CFS,110146766907.0,83145703268.0,27213702093.0,21725360832.0,31341018110.0,25121136038.0,133923591947.0,118376268764.0,209704070807.0,190072028203.0,6031551193.0,-438926717.0,17263249540.0,866467097.0
048470,대동스틸,CFS,83177035076.0,75276900001.0,19246626178.0,20074339401.0,23847811347.0,24006794291.0,71553688435.0,71502449150.0,137634680158.0,182452648537.0,-2423860142.0,-6081345442.0,-2189485193.0,-4592250172.0
048530,인트론바이오,CFS,60979800362.0,113928084251.0,785968186.0,32217637009.0,1880362151.0,34777367138.0,96734229011.0,106181199120.0,9585444181.0,14006978010.0,-3284959245.0,-1479118779.0,-9695411846.0,5711907970.0
048550,SM C&C,CFS,252919654241.0,250660528634.0,208623440278.0,213177980162.0,221481951706.0,226771483221.0,98191296042.0,106569021931.0,127310867881.0,157913247222.0,2085732506.0,2004857058.0,-9915368209.0,5328118277.0
048770,TPC로보틱스,CFS,56907067076.0,65441498756.0,53982590020.0,56907035935.0,68469142075.0,70361436158.0,45677572998.0,42740036800.0,86177095415.0,94279860991.0,-5157696134.0,908602572.0,-7129220884.0,295294735.0
048830,엔피케이,CFS,24095243635.0,23379271530.0,14028571029.0,19052040102.0,23662596664.0,28586446438.0,44450659555.0,43803360903.0,62987939899.0,65200996343.0,1868758249.0,1436748657.0,1712939506.0,1479598833.0
048870,시너지이노베이션,CFS,147747008870.0,87420972069.0,61184028135.0,52224094447.0,63313773458.0,55711716159.0,222587290342.0,171664125779.0,83214793566.0,86539071427.0,14984595606.0,22927197270.0,7546245742.0,22815646806.0
048910,대원미디어,CFS,117276159532.0,105458066692.0,70501459613.0,60268227432.0,78688200819.0,65408323772.0,134256343506.0,126917831251.0,316061909775.0,303453855521.0,13806865689.0,14269892845.0,8893323684.0,7218346343.0
049070,인탑스,CFS,425922497638.0,489335232678.0,97940226089.0,126204308073.0,110855666028.0,139180532052.0,748491855542.0,731299925603.0,577375550276.0,1097963276695.0,18305655096.0,141756839023.0,38442004663.0,118191391928.0
049080,기가레인,CFS,40187180351.0,51562279105.0,21481386911.0,24373562592.0,29187474545.0,30791098568.0,55223833035.0,60946856087.0,44294520242.0,54726444533.0,-11774175563.0,-7101225896.0,-11236781231.0,-8318195723.0
049120,파인디앤씨,CFS,21699716013.0,33628115582.0,62289434939.0,58763567113.0,78519298181.0,80137673777.0,29722753275.0,27109174602.0,43483821914.0,58295915837.0,-9622396864.0,-3970664059.0,-10154869634.0,-25309227891.0
049180,셀루메드,CFS,50057098243.0,65553833603.0,39462966082.0,33898463026.0,43452929527.0,38126577588.0,23017700223.0,55129354214.0,95552959605.0,122085263074.0,-10457800920.0,-2728013074.0,-37944614549.0,-5387316360.0
049430,코메론,CFS,102840927733.0,79737537460.0,4103867408.0,10672268958.0,4506479490.0,13204012049.0,207237847167.0,194515184268.0,70580550198.0,82710338752.0,8974525316.0,15337972136.0,15319484327.0,15815699212.0
049470,비트플래닛,CFS,15515655313.0,25515476742.0,29418818760.0,12513589499.0,29726968671.0,26975420868.0,37600775039.0,46175133116.0,43394810189.0,54959963627.0,-6836136966.0,-2210559758.0,-8550147988.0,-7003035325.0
049480,오픈베이스,CFS,111079865643.0,95309724645.0,69371155514.0,57588631787.0,76102607820.0,62046328495.0,94598967274.0,88696559970.0,204046578956.0,193094510460.0,6605459348.0,7980311392.0,5761787731.0,6829011688.0
049520,유아이엘,CFS,141622931182.0,125727606190.0,58720936692.0,49138319034.0,68180325589.0,60756627172.0,159483579302.0,148357853779.0,332145486183.0,332931159910.0,8676527801.0,5770126034.0,11315635866.0,6831686433.0
049550,잉크테크,CFS,37039251305.0,32405292797.0,18093872229.0,19953569908.0,63985226272.0,41955524677.0,73242511395.0,69997559092.0,62809011384.0,61537390212.0,3845772380.0,5820573369.0,3712235622.0,3962508983.0
049630,재영솔루텍,CFS,52933687940.0,55170553347.0,105899421637.0,104572051608.0,130914022743.0,138992482835.0,63364088180.0,62394584808.0,107194986341.0,119577087481.0,4897310336.0,5444232626.0,976236768.0,-11701042220.0
049720,고려신용정보,CFS,50807907873.0,46418456200.0,35277173807.0,39496580368.0,45541844079.0,47943307227.0,45635320856.0,39292144493.0,158214357320.0,146766810274.0,13070357375.0,11990816137.0,11769759879.0,10592337133.0
049830,승일,CFS,81598560651.0,78170804764.0,23074691974.0,24851592551.0,27703493220.0,31309987191.0,145468335980.0,145523365121.0,141948416534.0,158939395096.0,597884268.0,1286649592.0,417448069.0,1312374310.0
049950,미래컴퍼니,CFS,84612023186.0,106151092033.0,20418642347.0,37120505060.0,22044959281.0,38066077305.0,133249755442.0,132881565790.0,109474293439.0,154857082271.0,-1745963585.0,25522241546.0,3538825159.0,29293724901.0
049960,쎌바이오텍,CFS,81928879990.0,75655066275.0,4821286224.0,7388900612.0,5755453548.0,7746690864.0,111885220764.0,108091949806.0,53787388529.0,50525748850.0,2195388266.0,6051491931.0,6303719062.0,8280650359.0
050090,비케이홀딩스,CFS,16269071352.0,22691210564.0,3654182079.0,5848191166.0,4617273515.0,6712074425.0,17204514882.0,22245048024.0,11335961846.0,8486017926.0,-685448423.0,187092619.0,-4419397299.0,-3057060907.0
050110,캠시스,CFS,155478034852.0,217238019386.0,153336181334.0,198579543835.0,177488603353.0,221222551592.0,82727358510.0,130011788297.0,500586465075.0,721676700314.0,6862406040.0,25805440157.0,-14107550361.0,7649625646.0
050120,ES큐브,CFS,34543555416.0,41310245855.0,2837401255.0,8558923877.0,5267023017.0,11306160216.0,82525973843.0,110399253266.0,63333992892.0,75213651998.0,10789653339.0,15343412140.0,-27938425125.0,24682689107.0
050760,에스폴리텍,CFS,57176315025.0,56308881487.0,46679575296.0,39445914413.0,49388028480.0,43204921060.0,59997095713.0,65433189705.0,73218466053.0,82459528154.0,-2588276959.0,-1589921950.0,-5476224470.0,-2838746359.0
050860,아세아텍,CFS,114986815860.0,87669584025.0,39280518481.0,21179702445.0,43917189124.0,26120022290.0,130550074148.0,121782743980.0,123630723741.0,137718679157.0,11873245292.0,13864660992.0,9589973230.0,11763794858.0
050890,쏠리드,CFS,217528460679.0,216472641760.0,134591820422.0,194527482322.0,184221247469.0,205460154959.0,273027046409.0,228875014938.0,321364602371.0,279785548725.0,36268131817.0,28591491789.0,40881471295.0,29841317960.0
050960,수산아이앤티,CFS,43058473206.0,28318119964.0,12899176034.0,11011458415.0,13170341771.0,12766534696.0,85016979454.0,82075093812.0,23886469827.0,21815921863.0,6465621370.0,5988500969.0,4713704925.0,1175355474.0
051160,지어소프트,CFS,193880267173.0,190285529363.0,61949592608.0,61021299578.0,96848815787.0,108381396883.0,198807256929.0,183099995099.0,508904596429.0,454632456423.0,15207009272.0,-3078363053.0,15688210625.0,-4387212504.0
051360,토비스,CFS,272081223901.0,208589671289.0,234480440417.0,142586224595.0,276401464410.0,209179765769.0,212507897758.0,190322724926.0,447392253958.0,328219116598.0,25655751176.0,7039753536.0,12895757017.0,-4958798114.0
051370,인터플렉스,CFS,150329521560.0,123540412972.0,75955068609.0,83677882991.0,81009764747.0,89077018617.0,220482198612.0,197806496365.0,438157696595.0,442709958327.0,21645848892.0,26073737309.0,27320804010.0,15309187110.0
051380,피씨디렉트,CFS,82441821023.0,82396585816.0,47014124125.0,45025255348.0,48553450344.0,45792670993.0,42783481523.0,44831288092.0,304742791071.0,312262587729.0,3282612470.0,805881873.0,765698199.0,-4144494805.0
051390,YW,CFS,46000912007.0,41791738830.0,8333883523.0,4903335665.0,17693677203.0,21224330796.0,79878666158.0,76598391994.0,36985666180.0,20283592154.0,6475058909.0,3056402006.0,5339132030.0,3028178292.0
051490,나라엠앤디,CFS,160266158988.0,151639211589.0,141842152478.0,136253927789.0,144059865192.0,139355202118.0,105125029162.0,96556129675.0,231000548728.0,218222444013.0,10711609456.0,10540207687.0,8917757016.0,9527611854.0
051500,CJ프레시웨이,CFS,540757294343.0,673967665437.0,677708170767.0,795630613919.0,1005243973827.0,1080671194761.0,369500066327.0,404055698335.0,3074242286759.0,2747691651727.0,99255535636.0,97840086516.0,59700224939.0,52243125151.0
051780,큐로홀딩스,CFS,36275239970.0,43055768912.0,33331510984.0,24910653618.0,42753861216.0,43613597486.0,32698742613.0,36330975969.0,83889908322.0,67536187305.0,-2592005868.0,1485540687.0,-9775870235.0,-4893007204.0
051980,중앙첨단소재,CFS,79114641300.0,17121861855.0,47986556887.0,11249943455.0,67032732741.0,13741804199.0,63485739992.0,21109189821.0,26295374091.0,26605839008.0,46944494.0,-5061044925.0,-48424231219.0,-18274553750.0
052020,에스티큐브,CFS,39928502282.0,56425638359.0,4277294555.0,4359835252.0,10649014880.0,9849767657.0,35308187455.0,51219671334.0,5827090761.0,6302336682.0,-26040976824.0,-18910659422.0,-24499001254.0,-18891877945.0
052220,iMBC,CFS,32310938250.0,21556256110.0,11487967008.0,10765439353.0,13611010517.0,12321239163.0,60397488583.0,57772852292.0,46303655129.0,47460159206.0,1156866116.0,2558248419.0,2136461793.0,1785803939.0
052260,현대바이오랜드,CFS,79780730237.0,71216130569.0,46983704451.0,46143911346.0,48084933604.0,46810705161.0,135983995947.0,129286620562.0,101690823732.0,99153525127.0,7084856487.0,9054708903.0,8056171301.0,4764326518.0
052300,오션인더블유,CFS,499791378321.0,186284277601.0,127438833027.0,136227940428.0,128014280450.0,239575347578.0,410262462373.0,429296868291.0,11863305356.0,13463832637.0,-683178514.0,-217585987.0,-105441462766.0,-142115101467.0
052330,코텍,CFS,329146142452.0,335118940793.0,121253392679.0,126364379220.0,123560211867.0,130003656132.0,338627130627.0,341662737654.0,327107490760.0,428553036782.0,4795531701.0,27331888869.0,7685696049.0,29037826690.0
052400,코나아이,CFS,353777868454.0,318145220527.0,283199972039.0,250568992480.0,288442575163.0,254495157550.0,173103926979.0,145611634915.0,280222091498.0,242182949921.0,33683780235.0,48834313273.0,28878226439.0,34295979631.0
052420,오성첨단소재,CFS,111273567068.0,121107147973.0,16724073885.0,29271654276.0,62095845245.0,80660200266.0,227524676182.0,200189679551.0,104942717935.0,117107874693.0,12725755629.0,12933407246.0,12011849160.0,2417831783.0
052460,아이크래프트,CFS,57101026335.0,72253166658.0,31813471887.0,47538667373.0,37525247049.0,56094693249.0,37893738811.0,33301992948.0,138664496786.0,112898330825.0,5149045968.0,247175358.0,4591745863.0,323155060.0
052600,한네트,CFS,33256086858.0,33572833110.0,12372277860.0,12095749475.0,13555885165.0,12416218687.0,36621921271.0,35796764546.0,24893455015.0,21962274512.0,3332116674.0,2490505606.0,2464394752.0,1962277121.0
052710,아모텍,CFS,177562473171.0,185975200969.0,186888381695.0,162417858951.0,211048880134.0,207239226004.0,164956839279.0,176753123081.0,186814458731.0,215714387212.0,-25972729250.0,-4271806956.0,-14683054807.0,-9209534492.0
052770,아이톡시,CFS,6742628675.0,9683021599.0,2991798880.0,6841416217.0,3392507024.0,6841416217.0,11191832542.0,7325984559.0,21646147033.0,28138644556.0,-4395913554.0,718430530.0,-4425876712.0,-407422732.0
052790,액토즈소프트,CFS,262268050973.0,190582419446.0,104183339631.0,105510952151.0,109500266294.0,112047480640.0,248737368705.0,205093385955.0,89363311393.0,59056348976.0,42439379218.0,23442554941.0,34035088213.0,2536396195.0
052860,아이앤씨,CFS,35790060645.0,31643567424.0,21312762573.0,15820771626.0,22747496214.0,21074827571.0,44505586945.0,44322265740.0,64285596112.0,39384695654.0,1433685935.0,2449098030.0,46912304.0,1029325811.0
052900,KX하이텍,CFS,79469707794.0,71201759359.0,55785007250.0,57694773199.0,77979473727.0,73441437417.0,117169796465.0,113883824783.0,154677245205.0,156410515223.0,8121158891.0,12266224138.0,4738525433.0,14479505419.0
053030,바이넥스,CFS,73694185800.0,108951866607.0,67443062648.0,98263803577.0,75686034725.0,106127186856.0,181325401230.0,192282751891.0,154824775515.0,156677024474.0,1042263178.0,17179140962.0,4583698556.0,12365379674.0
053050,지에스이,CFS,64758779168.0,63467794640.0,52076993053.0,55820168412.0,116790565002.0,116047332536.0,92608584705.0,88619992671.0,168759675446.0,172618318203.0,4381368023.0,4625408345.0,5588427804.0,5902330514.0
053060,세동,CFS,44919185810.0,37832037124.0,41970521511.0,46915416872.0,80445018581.0,81155637307.0,37423893504.0,28479545295.0,169895212565.0,156051328239.0,12554831007.0,12725623531.0,9802166185.0,12369585016.0
053080,케이엔솔,CFS,248112750542.0,200936910523.0,196710817815.0,115405626124.0,226961284973.0,161493371550.0,169498257363.0,159233082769.0,417441558585.0,388809234312.0,18467923097.0,21958984857.0,11265591096.0,15994985173.0
053160,프리엠스,CFS,41346144658.0,42039022934.0,2776686497.0,3877085755.0,4950524172.0,5855597431.0,59555853917.0,57693875700.0,22943695630.0,29631566510.0,-12327579.0,659127660.0,733953593.0,1337752614.0
053260,금강철강,CFS,116041106302.0,119929930729.0,24749807998.0,33908448425.0,25589985236.0,35192651935.0,126163570464.0,124725341724.0,225362561244.0,244220990730.0,5290275022.0,4891451957.0,4517373997.0,5397306465.0
053270,구영테크,CFS,99378445437.0,90564384596.0,155392538475.0,122321445005.0,210493412482.0,156693973254.0,106572543729.0,83425564459.0,357438435431.0,274207754755.0,28953283159.0,7695775160.0,18644442897.0,3975738329.0
053280,예스24,CFS,108281460646.0,98214075797.0,196717930267.0,183106385265.0,229360710004.0,204008852949.0,219960671676.0,183632273169.0,657843989388.0,663771316495.0,5847355950.0,15710131972.0,-4207721581.0,879795408.0
053290,NE능률,CFS,76248073355.0,79325797177.0,17369637021.0,23287633544.0,19535784284.0,26984340993.0,85462548590.0,85441619678.0,79198082671.0,80229930792.0,1113115849.0,6769802931.0,1067106324.0,4542241460.0
053300,한국정보인증,CFS,154882182441.0,146246931898.0,94742561255.0,59708778984.0,105017376033.0,67070004996.0,221801246981.0,213755839365.0,92218769214.0,87825669753.0,13967404091.0,15710866017.0,10077338597.0,6684450764.0
053350,이니텍,CFS,106898048440.0,112486449089.0,6710907187.0,6666819330.0,7263068785.0,6261061224.0,112284330928.0,116716281694.0,45650974077.0,53834114790.0,-3543879108.0,-2504137009.0,-302406969.0,201011359.0
053450,세코닉스,CFS,144991026989.0,145234062850.0,142465268570.0,153279384093.0,162210920578.0,191944421581.0,123265087134.0,110402055165.0,502361137353.0,479616173505.0,16166026744.0,6155839009.0,11379208943.0,-2164115453.0
053580,웹케시,CFS,36046723329.0,33848580481.0,12008719865.0,18834951192.0,18425499797.0,25884963066.0,103320930843.0,103028046258.0,73580456491.0,87866522470.0,13716962105.0,20598237408.0,5607155360.0,11534003590.0
053610,프로텍,CFS,228087557047.0,214362534288.0,41060912339.0,40355832072.0,47924003839.0,42957403204.0,314401685932.0,303200976749.0,156071199156.0,198772415105.0,17432961864.0,60067389685.0,17091144488.0,42288774910.0
053620,태양,CFS,101196102863.0,93487570340.0,28267693984.0,30208065852.0,34844682126.0,37542114356.0,178639851898.0,173641263979.0,157015527356.0,174237674427.0,6539290228.0,7433521597.0,7311246954.0,6584321728.0
053700,삼보모터스,CFS,504005206269.0,428149697548.0,535881210750.0,522065826776.0,718621177575.0,600725465231.0,318844674836.0,263794203632.0,1440557265080.0,1199512963508.0,51648116490.0,24045241099.0,29804014257.0,21354908783.0
053800,안랩,CFS,198493975471.0,243723256373.0,82386040201.0,75121156415.0,90668208851.0,85667243409.0,284716086934.0,259345208908.0,239201057076.0,227975280500.0,26422531585.0,26987237453.0,34702787067.0,14174781497.0
053950,경남제약,CFS,71197684940.0,77328948756.0,66932701211.0,43886547898.0,76776858469.0,44497957960.0,89832324827.0,93770775129.0,68445262603.0,59000422763.0,-6744931922.0,-3391107888.0,-22227795040.0,-7828206407.0
053980,오상자이엘,CFS,59014846409.0,48831833430.0,34723109962.0,27521602258.0,37542175295.0,27719421286.0,95845375038.0,71965631492.0,103285811808.0,95845829750.0,6343563755.0,3670865696.0,23869358371.0,8438510335.0
054040,한국컴퓨터,CFS,106554703127.0,91567093358.0,29849866146.0,28190338804.0,31439032151.0,29560043020.0,142254353178.0,126879882538.0,371742901465.0,423660370243.0,23801779319.0,18824801736.0,21694707920.0,16767790628.0
054050,NH농우바이오,CFS,201719594082.0,201066327633.0,61794505889.0,72910220292.0,,,,,135843611785.0,133399761839.0,8944808701.0,11130852379.0,10321401300.0,9821132155.0
054090,삼진엘앤디,CFS,99893552139.0,122004836036.0,93832014156.0,91563951788.0,110423934149.0,110665430532.0,70983045811.0,92940649319.0,212735144757.0,256482274502.0,-14446647071.0,-1520787922.0,-22942983065.0,-1612685986.0
054180,메디콕스,CFS,30036830360.0,43389201271.0,30638940785.0,44154044309.0,34455094631.0,47194368974.0,63304443950.0,63239760094.0,26875194687.0,20295920949.0,-10658205039.0,-11520600908.0,-34426666729.0,-42618622800.0
054210,이랜텍,CFS,248166128411.0,335326099444.0,249683079905.0,306366715525.0,287344238448.0,346996119813.0,273780996901.0,260052397313.0,751165179019.0,997936950212.0,30443364028.0,79787499608.0,16695940666.0,54713638358.0
054220,비츠로시스,CFS,13920361965.0,22364357383.0,22449851406.0,16215356253.0,23387746496.0,16353501999.0,17322488778.0,11847855123.0,19552896164.0,8988875448.0,-7056918833.0,-2359243704.0,-6342052544.0,-2381209822.0
054300,팬스타엔터프라이즈,CFS,34603400490.0,35112344014.0,31492328691.0,31174920156.0,43040623088.0,44081574895.0,52635301329.0,47521189497.0,69113153048.0,66992658446.0,1627809942.0,1949019175.0,275201691.0,536922363.0
054410,케이피티유,CFS,19845066476.0,21854998736.0,37961504405.0,35657256331.0,45041667624.0,42429593835.0,47295906497.0,40002981055.0,34871199766.0,36870058888.0,846737754.0,1387679090.0,2859808434.0,2019877448.0
054450,텔레칩스,CFS,162366894669.0,119729294352.0,66418108694.0,101987544373.0,128593931575.0,140502519150.0,246197060651.0,169669935915.0,191094718185.0,150404311782.0,16777001456.0,9180253639.0,62638246233.0,45897422695.0
054540,삼영엠텍,CFS,67455225942.0,61900876884.0,42256955559.0,36855524149.0,43217179669.0,37873184476.0,68364154816.0,63428434498.0,95749467252.0,90676947922.0,5993640463.0,-3181086714.0,6211629419.0,-8723170466.0
054620,APS,CFS,51228375558.0,97455971979.0,92469779056.0,102125322783.0,141705881287.0,155030448682.0,224655106911.0,212607149715.0,41047387923.0,40821934034.0,-18603977383.0,-15269627833.0,14042768425.0,6392559695.0
054670,대한뉴팜,CFS,98484803258.0,102641392573.0,61757919131.0,58583501274.0,67571299904.0,66399748497.0,109355896475.0,102958904892.0,204222610934.0,197957348852.0,18809277041.0,27577625403.0,12541893733.0,24317205060.0
054780,키이스트,CFS,37119155442.0,34329785105.0,24507895786.0,26095104214.0,24552156363.0,26550396417.0,58600776236.0,59072974317.0,52023895531.0,62044179229.0,-1475031245.0,-2403490312.0,-5389544597.0,-1666743650.0
054800,아이디스홀딩스,CFS,785246094358.0,756455370977.0,259715481930.0,249294397898.0,352125045027.0,341694922250.0,832464392556.0,748338478867.0,748555977151.0,874051270582.0,44718268391.0,94274859182.0,51045377389.0,89402968448.0
054920,한컴위드,CFS,28540132982.0,45603255009.0,68109755100.0,78865888139.0,69302268969.0,81009553554.0,144513289579.0,143937533246.0,410144584863.0,28706102052.0,-2462794238.0,-689473310.0,-546111830.0,6078289712.0
054930,유신,CFS,188288611877.0,158154260639.0,104837195613.0,99809446414.0,109980709501.0,108557420585.0,126955852855.0,109737587728.0,341055308847.0,303961301436.0,18309702869.0,20901452578.0,20095002637.0,18323521091.0
054940,엑사이엔씨,CFS,89845881199.0,97471621639.0,58553401067.0,67835701104.0,65186005718.0,77851174067.0,72775556467.0,73426522230.0,179914719863.0,226759501862.0,3684850794.0,9316731733.0,-892219336.0,7924188182.0
054950,제이브이엠,CFS,147604953486.0,119483111378.0,74642078718.0,70303179287.0,78030231968.0,73591962361.0,179492261206.0,158121467743.0,157085342969.0,141977630092.0,29770728060.0,21991342719.0,26243571574.0,15756495119.0
056080,유진로봇,CFS,38104201296.0,39778365855.0,15128622590.0,11391356662.0,19954805760.0,17102756662.0,38895172445.0,44071524945.0,30417114433.0,44501666554.0,-4676140066.0,4453702357.0,-5176352500.0,4877087012.0
056090,시지메드텍,CFS,33555819251.0,94820886974.0,8736750002.0,72689556325.0,19198148466.0,83760164043.0,59899715023.0,57679008438.0,34968541350.0,41168961921.0,-1622255971.0,424014690.0,1305628012.0,-18808361871.0
056190,SFA,CFS,1787317356793.0,1189685406742.0,865070106922.0,413043302543.0,1207555754160.0,512535734431.0,1617782494656.0,1412811097137.0,1881198625677.0,1684366385602.0,85475264988.0,160920342192.0,47617527226.0,105952691236.0
056360,코위버,CFS,106247977903.0,111476875669.0,33409277314.0,36001100333.0,34031017375.0,37193425163.0,131938420851.0,131700944666.0,83354203788.0,89638154238.0,-2603185111.0,296798885.0,798680040.0,4493107897.0
056700,신화인터텍,CFS,67123338504.0,69031445914.0,77659397359.0,80329764239.0,90267264331.0,80450118167.0,91497445183.0,92370921343.0,177452861811.0,201246037086.0,-15543220654.0,-2774529103.0,-16210719341.0,-8405420356.0
056730,CNT85,CFS,75902090604.0,22781385457.0,33615405377.0,27698371321.0,35288590987.0,29614778933.0,72299188422.0,20274516674.0,50169908998.0,32080799484.0,881111019.0,1527966021.0,8366913761.0,1376363902.0
057030,YBM넷,CFS,40005378852.0,44419862082.0,22338258337.0,30906391942.0,30226244610.0,38865919785.0,51732464691.0,49191728403.0,60480863497.0,62562529887.0,5121862757.0,4781298295.0,5066856947.0,7633315424.0
057540,옴니시스템,CFS,51949903851.0,51149992820.0,16391961770.0,17481479233.0,18049933443.0,19679911644.0,103383570970.0,87719069750.0,91429089280.0,98047986004.0,305260364.0,1862430081.0,587883688.0,463018968.0
057680,티사이언티픽,CFS,31036672328.0,45728469930.0,40734765692.0,45016679493.0,43429634925.0,81921688240.0,130550947194.0,180616652346.0,26769235396.0,8694332588.0,-5616484986.0,-2488445475.0,-48736959127.0,-11808381494.0
058110,멕아이씨에스,CFS,30912387858.0,51743873501.0,14135748413.0,13429107243.0,18874170940.0,18875263805.0,49809955063.0,67883948680.0,13261391997.0,28753861806.0,-13873749795.0,-1768562776.0,-16270616241.0,-2834727675.0
058400,KNN,CFS,55424426465.0,56362074500.0,12211968374.0,12558963788.0,14606204611.0,15476143402.0,215469110394.0,207474889009.0,66077800047.0,65959982382.0,6091666941.0,6737900636.0,8448732785.0,7381244846.0
058450,한주에이알티,CFS,16699796277.0,6917756494.0,17036269803.0,12666262133.0,19780183812.0,15236089997.0,19102663857.0,4529023044.0,10500794559.0,5581476636.0,-2928750062.0,-5607422546.0,-3195387807.0,-8015367436.0
058470,리노공업,CFS,372372898847.0,377024805599.0,23110842940.0,36383168010.0,25795267228.0,38304546606.0,557074198066.0,493183582826.0,255573034656.0,322422803089.0,114378400291.0,136634729982.0,110923015440.0,114363791327.0
058610,에스피지,CFS,240766038580.0,244137631538.0,119409420927.0,130861125017.0,128084871753.0,140851045915.0,218901833401.0,213492763697.0,393785730793.0,440476416653.0,15969877847.0,25478930710.0,10995238460.0,19682611034.0
058630,엠게임,CFS,106796324795.0,87181056635.0,26424519924.0,17406406216.0,34307434148.0,23303340301.0,113905135701.0,93124769312.0,81633381472.0,73654249904.0,21314431594.0,30149731370.0,21768758250.0,22576363682.0
058820,CMG제약,CFS,115737108368.0,135069968711.0,24529311932.0,21902548926.0,51865516477.0,28307360844.0,190232688061.0,184953014851.0,93906675105.0,82197409668.0,3036940781.0,2981395714.0,6455349074.0,-388139911.0
058970,엠로,CFS,27471795885.0,18016768844.0,59542546903.0,11428881975.0,62748412113.0,22706824214.0,28856169311.0,50964605535.0,63173674058.0,58623051381.0,4662825133.0,6485396117.0,-26454245481.0,6584156830.0
059090,미코,CFS,371223182196.0,302343352339.0,271729403586.0,189169817256.0,467811187649.0,354853046152.0,366083933670.0,376300039996.0,387340942797.0,414832269255.0,21111259627.0,64273149352.0,-2036721583.0,-31225946867.0
059100,아이컴포넌트,CFS,23758227840.0,27785296975.0,13861616734.0,16189022412.0,21850664432.0,21264176206.0,36102028402.0,34951481385.0,27349339969.0,35305746404.0,-2149500566.0,2934887624.0,-2687949203.0,3249581738.0
059120,아진엑스텍,CFS,29540377136.0,32408670996.0,4407028094.0,6263236236.0,4899866706.0,6769693801.0,42833397663.0,43638381295.0,24884104476.0,35691515631.0,-912692556.0,2059438358.0,494231750.0,1629981298.0
059210,메타바이오메드,CFS,49923649271.0,50975807645.0,44471257288.0,44817324300.0,57462375611.0,57633122299.0,72661881957.0,63439269173.0,83100721820.0,68941504014.0,10747626419.0,5365035767.0,9815413323.0,3599985669.0
059270,해성에어로보틱스,CFS,19525786354.0,19551954760.0,2262301912.0,2393910857.0,3763698146.0,3689919899.0,39890235852.0,40669744927.0,13683022145.0,13913931783.0,-1495253980.0,-1269958376.0,-778286866.0,-1026924139.0
060150,인선이엔티,CFS,124386475825.0,146930916567.0,101944922201.0,125862555697.0,201385983718.0,208374441965.0,343604585591.0,341844167993.0,220959199628.0,237616653525.0,25808068439.0,33230165818.0,1711848050.0,21896167133.0
060230,제이케이시냅스,CFS,85838877016.0,68701986035.0,83922050971.0,61081748350.0,91141900489.0,70146373766.0,151189519877.0,76874884116.0,49519154769.0,40123713030.0,-9321643715.0,-4428369611.0,-41047506357.0,-11720801815.0
060240,스타코링크,CFS,22787580074.0,29041117458.0,3554653298.0,5405261276.0,3772381510.0,5602889172.0,25224568188.0,36780030097.0,10387748369.0,29086009233.0,-6086499713.0,-17568271181.0,-11621864492.0,-29857175243.0
060250,NHN KCP,CFS,430112096835.0,376590155671.0,294110629160.0,267142512847.0,298383164800.0,269629997569.0,223624925187.0,198554456445.0,972016222465.0,822763112832.0,41958924937.0,44208183594.0,35215581398.0,34854543461.0
060260,뉴보텍,CFS,18780282522.0,19269981292.0,28836032325.0,30906013299.0,34142871495.0,35435713117.0,13146361297.0,16942670299.0,48892913831.0,45983827244.0,-703531470.0,714798738.0,-4757267441.0,-2701200357.0
060280,큐렉소,CFS,90831323842.0,75951519920.0,4932862877.0,16588731455.0,6941053161.0,16717330584.0,100428580223.0,81680537481.0,72882216212.0,64990650977.0,1135441826.0,1110696832.0,-4856019331.0,-3040884942.0
060310,3S,CFS,27434449836.0,28885012539.0,19090034053.0,24423671313.0,21680745544.0,26788875680.0,45954754301.0,38338988847.0,41857755025.0,27110628415.0,2180508808.0,1452134065.0,1431602721.0,1171369995.0
060370,LS마린솔루션,CFS,66766809090.0,88573490664.0,23890964406.0,7573052788.0,24097545990.0,7884451310.0,122630218294.0,112370190406.0,70779250390.0,42787326607.0,13086945968.0,-6606262413.0,11617864038.0,-12126087000.0
060380,동양에스텍,CFS,93988511512.0,89085541051.0,60671790345.0,58836006798.0,64172609510.0,63230260227.0,85475062580.0,80266023791.0,210467132054.0,232458876752.0,5986309318.0,6761513410.0,5474741279.0,5819728631.0
060480,국일신동,CFS,18456375233.0,19944687744.0,858555124.0,1322347880.0,3643685294.0,4255993192.0,46171188719.0,47948396503.0,19639701107.0,26883136547.0,-2191984516.0,385392950.0,-1221030329.0,1006345773.0
060540,에스에이티,CFS,65643102979.0,80662127598.0,54073759505.0,57771364236.0,63543703504.0,65713253137.0,102723342597.0,103026499843.0,152150451912.0,174365922924.0,4710762930.0,11094289090.0,1381080363.0,9016191587.0
060560,HC홈센타,CFS,134690220652.0,121534639801.0,137145981631.0,135956054184.0,214316328169.0,198489864732.0,230442745341.0,208620677279.0,427496922550.0,432056654804.0,39719633111.0,23653111731.0,31027488204.0,18787077341.0
060570,드림어스컴퍼니,CFS,145134290803.0,212620455643.0,68630373996.0,100776108636.0,71571467930.0,104063881260.0,164877230857.0,167783577323.0,270330896112.0,274372337086.0,-3493557752.0,-8667349352.0,-2901527269.0,27270183922.0
060590,씨티씨바이오,CFS,84118518890.0,89836284227.0,74315911239.0,74658466590.0,90417497450.0,92423440557.0,75444321166.0,93902956340.0,137878037215.0,165205513710.0,-4578130667.0,11229682544.0,-15587896686.0,4703798909.0
060720,KH바텍,CFS,133389030903.0,181964679579.0,93906595034.0,113555768665.0,95475808630.0,115409514005.0,247041671603.0,229351248316.0,363572099173.0,336098444945.0,33607563323.0,35320949492.0,30935074981.0,25010837941.0
060850,영림원소프트랩,CFS,41076844103.0,44035183024.0,10743845406.0,12981450453.0,14521112308.0,17632335848.0,44458297296.0,43735676905.0,55510670316.0,57528932353.0,2890955672.0,6412757370.0,3768556802.0,7149287011.0
060900,에이전트AI,CFS,27306374931.0,32308619705.0,13113276073.0,33069031715.0,17144937422.0,37725726356.0,54571090816.0,32844891296.0,18200387994.0,33536559912.0,-4755192917.0,-2837392510.0,-7190024640.0,-18055164428.0
061040,알에프텍,CFS,199751743350.0,190323893374.0,119429546348.0,91149517266.0,190507492849.0,141817066092.0,235145871484.0,235536201100.0,314378116170.0,360554334131.0,5039500595.0,20936852313.0,1527784712.0,12008711592.0
061090,세나테크놀로지,,,,,,,,,,,,,,,
061250,화일약품,CFS,136628963554.0,138067562349.0,11025895298.0,7940868656.0,11547841151.0,10023751272.0,174453635220.0,175573363603.0,122541219912.0,132052748929.0,2047403532.0,4772215632.0,3863241674.0,-6326962618.0
061970,LB세미콘,CFS,225115638011.0,207335454411.0,268262635481.0,216354907140.0,425050149575.0,385945616683.0,366147511353.0,381148543507.0,416870535040.0,524605333976.0,-12705033605.0,56796897447.0,-16597167174.0,44715224326.0
062970,한국첨단소재,CFS,10319894388.0,13756515463.0,14131301828.0,11926494194.0,17090340389.0,18128066773.0,7303818039.0,4778030673.0,14413036040.0,21300638514.0,-3022997841.0,827152649.0,-4027424144.0,504778223.0
063080,컴투스홀딩스,CFS,51183607655.0,41361797748.0,179567598634.0,172536299669.0,322266227358.0,297993126638.0,274367791087.0,291123701687.0,,,-3351588285.0,-26428837731.0,-14377051568.0,-70606522807.0
063170,서울옥션,CFS,113833047259.0,124629824229.0,30405438717.0,46031932771.0,79506073760.0,70175112067.0,116763183075.0,124166380116.0,,,-3547805936.0,7708465822.0,-7969020389.0,4542280004.0
063440,SM Life Design,CFS,36708679989.0,40631526211.0,5354207023.0,13427536896.0,6477943192.0,15402903839.0,57007605133.0,52268757016.0,47318501515.0,40732157232.0,2685360549.0,3509202785.0,4738244746.0,2487730793.0
063570,NICE인프라,CFS,179660205097.0,190792622488.0,256969315609.0,244076329554.0,336126481136.0,322118727469.0,183922810371.0,175778384084.0,365516532866.0,288913245504.0,27993203084.0,18891094654.0,14443808625.0,8664856247.0
063760,이엘피,CFS,18725796798.0,30622075406.0,6404815446.0,12847321199.0,7207767011.0,20440364937.0,64718206335.0,64283820361.0,21412070653.0,23611630790.0,-5633682955.0,-3220697057.0,567883940.0,-1606349539.0
064090,인크레더블버즈,CFS,59552339631.0,8459767715.0,23696829108.0,4846767253.0,23944740441.0,4933659624.0,36292846437.0,3706727952.0,6900744761.0,29367045498.0,-568633743.0,-13229119702.0,-6989588143.0,-14994780346.0
064240,홈캐스트,CFS,69041489941.0,53601134824.0,27195978536.0,1990529926.0,28196026416.0,2315663973.0,99443350512.0,95345908085.0,63698211791.0,73304174993.0,-10191709757.0,380169404.0,-11451646952.0,-725942206.0
064260,다날,CFS,581226244928.0,585055776128.0,245361080086.0,215436711211.0,474318769770.0,416662689792.0,295492703966.0,332732185367.0,295468234107.0,294948282762.0,3497746253.0,-2755768464.0,-40614620289.0,-33844823562.0
064290,인텍플러스,CFS,99219137291.0,87305013341.0,54342997741.0,48653047780.0,76010927801.0,49031051590.0,55872580309.0,67184675194.0,74802246295.0,118836726448.0,-11091735610.0,19363287600.0,-10791254820.0,16335037757.0
064480,브리지텍,CFS,40723759313.0,32463752484.0,18328309896.0,12059995186.0,23366669775.0,18172828542.0,50551044284.0,51750347670.0,53543737975.0,58935626488.0,4162931035.0,3920387898.0,3573686700.0,3380873831.0
064520,테크엘,CFS,71293193141.0,59147361653.0,27419310911.0,11575400486.0,29204304512.0,37047969291.0,80841200570.0,52389595812.0,21928276515.0,19133735872.0,-4543780279.0,-4553351128.0,5504254842.0,-6027822555.0
064550,바이오니아,CFS,147679827483.0,134085503468.0,53739235759.0,36237286976.0,80610453913.0,55197726752.0,234876815089.0,243539618432.0,263236802636.0,218394453243.0,791752829.0,11539662692.0,-6918602585.0,15122016180.0
064760,티씨케이,CFS,334493109270.0,343235703465.0,35178759849.0,62254946331.0,37233039232.0,63669414182.0,458270711744.0,416873645081.0,226652881531.0,319562836196.0,66702958305.0,127026641350.0,61244566663.0,94056447998.0
064800,포니링크,CFS,122371839860.0,131825012923.0,37816760915.0,24476677816.0,49425476669.0,36327784551.0,148233395549.0,169442787696.0,71463724854.0,95536623105.0,-9331191935.0,-1197881889.0,-10535436181.0,-19347595873.0
064820,케이프,CFS,61631623908.0,48179988614.0,84509178031.0,62814200212.0,1986990800067.0,2092305299126.0,253983013033.0,236541292136.0,590659693241.0,609700362459.0,40953906753.0,2358280958.0,27101327960.0,-538866608.0
064850,에프앤가이드,CFS,45825727127.0,29049742417.0,34164582156.0,20467853426.0,34942735132.0,42427474057.0,59010403472.0,56107226484.0,29582881176.0,28422917679.0,6069159870.0,6072307916.0,7710482576.0,7944169868.0
065060,지엔코,CFS,91192813603.0,91631913936.0,78867753691.0,72419545450.0,104219062390.0,103009944490.0,131597005420.0,123954261310.0,146952545704.0,143276086145.0,7903539626.0,-2901525154.0,1454615686.0,-9443559842.0
065130,탑엔지니어링,CFS,351562964074.0,282936680058.0,223616050144.0,202480865442.0,232048661852.0,213937353882.0,330002709644.0,298677710121.0,959380436380.0,936444840669.0,21906235140.0,-28505023131.0,22088083412.0,-42969626728.0
065150,대산F&B,CFS,27355721958000.0,37596136764000.0,23799362472000.0,28907343713000.0,33491838503000.0,41291511955000.0,23225320472000.0,32675743877000.0,128819482459000.0,121302188368000.0,-634869097000.0,-4018213545000.0,-8080143052000.0,-5583783431000.0
065170,비엘팜텍,CFS,16915224239.0,32611820331.0,7964556927.0,48979060154.0,13002438493.0,62604396406.0,31799361482.0,41082112317.0,24525172959.0,22522930342.0,-6793361869.0,-4447168449.0,141624798.0,-13649416018.0
065350,신성델타테크,CFS,383666955711.0,331626901834.0,349667116736.0,355595903922.0,384771077102.0,413358161001.0,307573599697.0,214490056158.0,833704098779.0,793424019846.0,29867445100.0,32055395246.0,20060610922.0,23919701899.0
065370,위세아이텍,CFS,7582968424.0,11858206703.0,17192777282.0,11484481650.0,17837768382.0,21039189650.0,32630927576.0,27986825012.0,27625153460.0,37892065422.0,-2868674786.0,1304673381.0,-3293743948.0,3870234650.0
065420,에스아이리소스,CFS,4806625888.0,12358993635.0,2386736398.0,1224343263.0,3612351764.0,2390729600.0,9790445117.0,17659179699.0,7041912337.0,4717220355.0,-8594306168.0,-2274037825.0,-9274263535.0,-963295258.0
065440,이루온,CFS,50624306545.0,50823200852.0,18324671745.0,21224125174.0,19309299181.0,22728605770.0,45087845505.0,41831910150.0,56033528386.0,56561772027.0,3034532431.0,941363556.0,3732909406.0,1704289258.0
065450,빅텍,CFS,37266233397.0,50591687486.0,24188196310.0,16353089098.0,41229721803.0,35168431167.0,55585148111.0,61043595847.0,54928577801.0,74374891497.0,-4338006419.0,1652772174.0,-4189360606.0,-231659193.0
065500,오리엔트정공,CFS,40979667722.0,54145775168.0,42286335189.0,54120187296.0,56699920182.0,74832272968.0,37596113390.0,50170500528.0,162809370321.0,111979485019.0,1976608644.0,355706593.0,-5683606424.0,-6681118118.0
065510,휴비츠,CFS,77606625657.0,70418666231.0,67595299179.0,55303864717.0,84546315373.0,67767973941.0,116598356452.0,109443983699.0,117736981654.0,108781729913.0,16380287595.0,20094166561.0,9580936152.0,16627974661.0
065530,와이어블,CFS,50350203984.0,43966807545.0,52625614678.0,36424596983.0,67055007910.0,49884232016.0,75288833134.0,75614565738.0,72569201277.0,64283541128.0,2884007077.0,3404993661.0,2340417818.0,2435230319.0
065570,삼영이엔씨,CFS,54484827361.0,64720890199.0,35777815745.0,23167815532.0,39902647065.0,43160486939.0,33744180800.0,37053194895.0,33338252948.0,31901368198.0,-6125614406.0,-20145835588.0,-16223274401.0,-41768936559.0
065650,하이퍼코퍼레이션,CFS,31879995601.0,36494234098.0,17197119770.0,2358325591.0,18892784944.0,24661658443.0,36892838009.0,31091015752.0,52042005467.0,45289903870.0,-1348575862.0,-4058292294.0,-1960393378.0,-12024819721.0
065660,안트로젠,CFS,56380300570.0,62449414128.0,10758759428.0,15037067002.0,19986739890.0,17341328248.0,129444937057.0,106791384883.0,6500249535.0,6591010796.0,-5073842629.0,-4648213293.0,-2840849743.0,-6837097549.0
065680,우주일렉트로,CFS,203364101352.0,193891164427.0,73870792659.0,67013964833.0,74533269314.0,67369648581.0,223924851066.0,225535606214.0,159897623025.0,186384259092.0,8014187683.0,20547097627.0,5615967439.0,12219357336.0
065690,파커스,CFS,45424388405.0,58030166527.0,62402838584.0,32242898986.0,69484452252.0,75217413297.0,48590458883.0,64548512636.0,63616324294.0,73121511677.0,-9535740999.0,-15191703582.0,-15592440638.0,-11900755815.0
065710,서호전기,CFS,56374418136.0,55029166940.0,8030650439.0,10761916818.0,9819985519.0,11666358209.0,94060724028.0,90138282394.0,66169002063.0,60170515020.0,12980216204.0,12465917949.0,15456209684.0,11303465518.0
065770,CS,CFS,16246121829.0,29005084679.0,3119852041.0,15782915318.0,3147808710.0,15952607530.0,17509403460.0,18164712584.0,33661402007.0,35182635211.0,-1576925628.0,-4133560963.0,-681616999.0,-3480289733.0
065950,웰크론,CFS,151439126738.0,200799075556.0,123762309141.0,187424610050.0,158783985563.0,210309011056.0,122803953909.0,128920817278.0,425883974254.0,445710106509.0,4848405004.0,6297133053.0,-8643580613.0,-840611264.0
066130,하츠,CFS,80037042402.0,74544470332.0,23723412136.0,20406825966.0,42267051648.0,37515176665.0,101765594941.0,97104115605.0,154622787162.0,143130132137.0,6282289333.0,7183438566.0,6004414153.0,4594237701.0
066310,큐에스아이,CFS,30894238408.0,30463195859.0,3543619082.0,2763369648.0,5255229501.0,4723669229.0,82474951356.0,81264942459.0,18687093091.0,22699451677.0,-4243012697.0,1845150544.0,2711545378.0,7008373110.0
066360,체리부로,CFS,93761315149.0,93521239698.0,149041705958.0,154434800262.0,173979701549.0,192510995862.0,109773777204.0,84222462761.0,399000340104.0,402390021653.0,21020113354.0,16475578410.0,15002486690.0,9145106027.0
066410,버킷스튜디오,CFS,18476530520.0,61536340856.0,127402973369.0,128941144847.0,129752641458.0,179848798141.0,127141386458.0,136162896034.0,18890365556.0,24369046148.0,-6521048976.0,-6020543726.0,3816357907.0,-188694041283.0
066430,아이로보틱스,CFS,29259134148.0,33756234894.0,10188321111.0,17462835004.0,12543916887.0,18698484483.0,42976277466.0,37648356787.0,35778569046.0,37411357602.0,125627765.0,219378636.0,2799955819.0,575800311.0
066590,스모트로닉,CFS,116302633484.0,129183982461.0,141062012913.0,175508048913.0,167654556551.0,204659182651.0,82339541703.0,72910162407.0,347995612773.0,325340615018.0,8384697540.0,3828724837.0,10205843113.0,-17517650684.0
066620,국보디자인,CFS,238989748673.0,187874020683.0,123648543615.0,126104771924.0,126924813952.0,127754640757.0,210544497983.0,145726796637.0,401268154696.0,378387843965.0,32409587505.0,28764824075.0,27637070850.0,20867524038.0
066670,디티씨,CFS,78217626456.0,99114093027.0,984352902.0,11817004077.0,5201266974.0,15493707550.0,160769044466.0,158322173594.0,34642468435.0,69066166779.0,1995972667.0,3081984547.0,3652036386.0,6833405894.0
066700,테라젠이텍스,CFS,115389914373.0,106961890466.0,85720603268.0,74839437578.0,90202681263.0,88884075471.0,152932537660.0,157669141663.0,221724623723.0,190769019281.0,11559997329.0,11823920885.0,28391891575.0,10950899742.0
066790,씨씨에스,CFS,16546180830.0,14739974776.0,2931128608.0,3136255049.0,4013018555.0,7178057699.0,27539470090.0,24914268551.0,19211399837.0,19355942259.0,453727360.0,648839089.0,2534148486.0,734417501.0
066900,디에이피,CFS,104601529644.0,86762904656.0,142064464319.0,95698866960.0,231734838297.0,153250431019.0,96925893115.0,111161890788.0,403492017530.0,333660003026.0,-13064221797.0,8971771392.0,-12543777266.0,5325675912.0
066910,손오공,CFS,32214167018.0,34192667676.0,26765189894.0,32538474176.0,27227063284.0,33584371766.0,21810933267.0,18831214473.0,50347819486.0,66683494889.0,-9498690286.0,-5991087663.0,-11876739598.0,-7645984521.0
066980,한성크린텍,CFS,145203960216.0,152887558116.0,136266535410.0,162099489756.0,149516302798.0,183218891850.0,133520202411.0,118160313707.0,368427650987.0,322542207888.0,1361500813.0,5594051824.0,1176485459.0,-3941179222.0
067000,조이시티,CFS,60917489646.0,55688649380.0,63157034402.0,64800655368.0,134567284519.0,148778315777.0,107687927891.0,98876262762.0,,,25330688881.0,7400674611.0,7750177349.0,3193578816.0
067010,이씨에스,CFS,78524270246.0,69832783691.0,27341634201.0,21228811887.0,28804559975.0,22372414905.0,55790862724.0,52163219021.0,100614785931.0,80205503054.0,4233937407.0,4996511571.0,4641905713.0,5248281421.0
067080,대화제약,CFS,65220103475.0,51212556542.0,127947713608.0,83259700454.0,141809467301.0,117365188413.0,77353149453.0,81691284606.0,141359215372.0,131911692836.0,1963837396.0,5848093540.0,-514320521.0,1221158031.0
067160,SOOP,CFS,480797840927.0,370259685206.0,274084873864.0,217402142629.0,284722352753.0,223950840265.0,293346003262.0,241174630522.0,344016008889.0,289087250014.0,90309374651.0,82418820782.0,74623795681.0,59513056225.0
067170,오텍,CFS,386835221021.0,433075606740.0,353624230207.0,395412074628.0,445626038304.0,469311864145.0,162727131537.0,142142993504.0,959746785770.0,1019469837238.0,-9765027665.0,-19061314378.0,-20694574767.0,-38775825926.0
067280,멀티캠퍼스,CFS,210639232846.0,168207549301.0,74039047478.0,70852237023.0,114400645171.0,119379682772.0,197384602590.0,172369983995.0,358598251427.0,357486847902.0,,,31940210131.0,30539661944.0
067290,JW신약,CFS,44920360225.0,33866545789.0,46688165189.0,37896791771.0,49174210385.0,38401736664.0,16444347344.0,55692210687.0,104234950412.0,102710439010.0,5627697721.0,4287385271.0,-37402206978.0,1378413531.0
067310,하나마이크론,CFS,431596263534.0,383477863614.0,644682194150.0,442084130909.0,1180702762437.0,920833274905.0,544387369437.0,488215520054.0,967971484717.0,894395892458.0,57904676214.0,103548271876.0,963094987.0,58230571627.0
067370,선바이오,CFS,12258787279.0,16112462669.0,18740196954.0,18034554018.0,19558016698.0,19059503595.0,28105454889.0,23839291192.0,12291883598.0,7420394142.0,5192339957.0,190910321.0,4606741847.0,869325809.0
067390,아스트,CFS,209171275991.0,131730463659.0,288239741438.0,317972335725.0,440735251981.0,406163168094.0,28396289794.0,-14665518763.0,168484017802.0,162125182794.0,-36383148675.0,-13382603453.0,-40327657463.0,-13250577207.0
067570,엔브이에이치코리아,CFS,565335598708.0,477110264238.0,720171683915.0,562160544876.0,946708000857.0,766699928087.0,358471036486.0,298485555489.0,1371412851857.0,1230006651563.0,62917271907.0,53154104872.0,10563619788.0,7592088462.0
067630,HLB생명과학,CFS,147043191219.0,160775696115.0,135456989572.0,26784511102.0,192287513269.0,175723722598.0,231212934288.0,236066648867.0,97990440681.0,99591375508.0,-24532796122.0,-20161281928.0,-5913047188.0,-54359670302.0
067730,로지시스,CFS,16190854740.0,15558463632.0,6609682230.0,5769791518.0,7657247528.0,7019709179.0,17022462908.0,17067726284.0,36454449393.0,32820905268.0,545439693.0,136780736.0,516014131.0,204379127.0
067770,세진티에스,CFS,33432267180.0,33913715222.0,1312761900.0,1862009948.0,1353883846.0,1939358100.0,43522074597.0,44994552145.0,10294388815.0,16525057618.0,-2577140264.0,-1897791595.0,-1443038156.0,-640529274.0
067900,와이엔텍,CFS,66538106831.0,44281097643.0,50605334197.0,57125390316.0,112942015533.0,81310904559.0,250838163345.0,199778106119.0,121396161273.0,123802551618.0,32121342170.0,33495881696.0,24073206710.0,24633946113.0
067920,이글루,CFS,39357575194.0,39596815185.0,17342464278.0,18480131052.0,18072860450.0,20303454856.0,76369944189.0,70728388801.0,,,5716998998.0,8007600293.0,7277688440.0,7555317308.0
067990,도이치모터스,CFS,364701688410.0,276381885366.0,789377161176.0,714718876946.0,1140342989250.0,875203810205.0,432474345771.0,395305914456.0,2195954335686.0,1957078960881.0,42771890724.0,64842909912.0,11365704080.0,38560030967.0
068050,팬엔터테인먼트,CFS,28203610779.0,38009382597.0,26750935188.0,35562276849.0,30238963684.0,44047033500.0,80772598114.0,72358595734.0,123810641441.0,25320813537.0,4374570966.0,926964239.0,7575647925.0,-622261774.0
068100,케이웨더,CFS,6696811596.0,7785584333.0,3156895478.0,1586541587.0,6353744128.0,5340536518.0,8427716110.0,10797557211.0,14688005816.0,17398754684.0,-2468833010.0,768643625.0,-2436410266.0,708681523.0
068240,다원시스,CFS,351257299958.0,351616078260.0,344609903584.0,376169405635.0,454201097137.0,467395937130.0,211184116550.0,205482096687.0,357843609890.0,209188579520.0,19270866071.0,-159266398763.0,2898651008.0,-151929556818.0
068330,일신바이오,CFS,46527707352.0,41175085077.0,3444511426.0,4424566418.0,3554043522.0,4631875252.0,57063990371.0,53819218480.0,16437046608.0,20433366777.0,6214358152.0,5139860436.0,6232490537.0,3815053907.0
068760,셀트리온제약,CFS,364831000307.0,311917984745.0,249345550155.0,211998455481.0,264977832531.0,242938002116.0,376665735603.0,356786547007.0,388794335490.0,386039612595.0,36070715954.0,38169582298.0,21264988852.0,25959948294.0
068790,DMS,CFS,183901449609.0,276666474078.0,114416255596.0,95424576474.0,115113614308.0,96104848580.0,356269031467.0,330229133479.0,164525351844.0,317047865401.0,28921463099.0,53542181519.0,29309166938.0,32502031622.0
068930,디지털대성,CFS,57631522418.0,51510944653.0,66503727315.0,66630101781.0,78851310352.0,80206389099.0,168731322912.0,165147696303.0,211548803002.0,210817584023.0,25023413731.0,28384356792.0,16994148544.0,21255393492.0
068940,셀피글로벌,CFS,21205073634.0,25606871622.0,12636923176.0,16338378470.0,14305660962.0,18700808030.0,18629823105.0,19297882233.0,34548050084.0,37586755718.0,2059022012.0,484788964.0,234658557.0,2937701847.0
069080,웹젠,CFS,382363462297.0,366112107482.0,72676037731.0,62738273288.0,79165051927.0,72507694485.0,623898768247.0,574359707496.0,196290414665.0,242140239949.0,49903098281.0,83005140896.0,57568756475.0,72393876276.0
069140,누리플랜,CFS,55546967559.0,79294889369.0,82645662372.0,87611645189.0,108944533140.0,111454132570.0,42504678963.0,31022268851.0,122181435860.0,131152943054.0,-24645655286.0,-6062774385.0,-28358003426.0,-8531560196.0
069330,유아이디,CFS,16508341426.0,12571379004.0,15744232439.0,13227548117.0,24651900991.0,14245050066.0,18827777140.0,22844572663.0,52968921282.0,62484795893.0,-325392074.0,3867134237.0,-3308651536.0,3769614778.0
069410,엔텔스,CFS,45669735366.0,52476007974.0,7702353252.0,12589549124.0,8736592378.0,13895123618.0,51142251319.0,52283631190.0,44886674889.0,53582322397.0,-3214254023.0,-395053828.0,-1329871873.0,114745818.0
069510,에스텍,CFS,217614390316.0,205292395792.0,105771005319.0,110247040296.0,111996760858.0,114946830657.0,155775482563.0,139489498952.0,414594047319.0,468448513891.0,24554774339.0,8722320295.0,21659965015.0,9536360575.0
069540,빛과전자,CFS,33500414627.0,57686557586.0,19195088659.0,31182109825.0,20705344881.0,34495413364.0,49297428600.0,55273580632.0,21694145951.0,52557973659.0,-9353647216.0,1220278731.0,-19623249295.0,-717943763.0
069920,엑시온그룹,CFS,36929346504.0,42730720050.0,3199127416.0,4507670212.0,3367775132.0,4667670212.0,41838676469.0,57128679044.0,4646744806.0,5475493823.0,-11567051829.0,-12084881499.0,-15290002575.0,-11099128736.0
070300,엑스큐어,CFS,27109131438.0,20039915505.0,23180937530.0,1020229650.0,24018143271.0,1487098049.0,24930288834.0,24533006308.0,34762870874.0,10275641565.0,-118173951.0,324729576.0,-2787452493.0,890575255.0
070590,인티큐브,CFS,17174368011.0,25186277383.0,11021524189.0,14137590889.0,13879529083.0,16550904014.0,17147434509.0,23265038196.0,41680901949.0,59146536247.0,-6033030272.0,-3972562951.0,-5868584413.0,-5805874289.0
071200,인피니트헬스케어,CFS,140995218033.0,113219819323.0,33222577487.0,28925113790.0,40677328393.0,34671015122.0,131349684417.0,114837079223.0,89402766622.0,88286336638.0,3087240567.0,7689443407.0,16787517438.0,160928999.0
071280,로체시스템즈,CFS,77783250947.0,76727329474.0,25148604500.0,27099678761.0,25151419340.0,29299678761.0,111629594572.0,104463453941.0,105268915966.0,144576199490.0,11926044601.0,26435799764.0,8866161027.0,20251025219.0
071670,에이테크솔루션,CFS,175835195008.0,146563267808.0,171686405846.0,145780399939.0,183341618969.0,159222585635.0,86466087040.0,83511539734.0,268503739331.0,249523034399.0,3937259380.0,6463155024.0,1358564860.0,4716060975.0
071850,캐스텍코리아,CFS,121269967655.0,138772668812.0,139631685136.0,156636932417.0,152993733460.0,167543247800.0,73938725703.0,90335146121.0,172901541864.0,182019080085.0,-9205389585.0,-10763713221.0,-16101857829.0,-6180291122.0
072020,중앙백신,CFS,50561011341.0,39590156953.0,12652854901.0,13312940676.0,19788298776.0,19554133565.0,99804215413.0,95304449445.0,41867966000.0,39299158624.0,6993692576.0,4282862471.0,5998119686.0,4044456006.0
072470,우리산업홀딩스,CFS,243604731412.0,193876339027.0,243719051016.0,186474979253.0,282337228973.0,216191613788.0,196411418989.0,185637961574.0,575273528400.0,495522375288.0,21263010301.0,-19804367631.0,15174927692.0,-18306238008.0
072770,멤레이비티,CFS,97492586713.0,90172828962.0,51502869390.0,54726566491.0,73686972552.0,65397597719.0,73018624674.0,57806415696.0,89999273324.0,109581823524.0,-2250906635.0,3240569592.0,-9127435828.0,-93289913.0
072870,메가스터디,CFS,137735997682.0,197118357878.0,98643788912.0,42464379216.0,144584044352.0,63248274790.0,347991277683.0,340533947545.0,107784882028.0,121600615468.0,10359518258.0,12185701430.0,20285736626.0,20472831472.0
072950,빛샘전자,CFS,52871175489.0,51475967517.0,9173764810.0,13350615070.0,11528021594.0,15421105355.0,71680145895.0,68097063575.0,74104681649.0,93008781370.0,3667606421.0,2517704911.0,4110965601.0,2195696334.0
072990,에이치시티,CFS,37003484120.0,35606736723.0,39944688486.0,33439386599.0,57346175798.0,56353183301.0,83744359907.0,76219659511.0,74110894233.0,67114744562.0,8012436386.0,6458406430.0,6206847837.0,5508704960.0
073010,케이에스피,CFS,44908971721.0,31844687243.0,28675545110.0,23310521115.0,29061253754.0,26366545034.0,46260330106.0,34031333905.0,81626661943.0,63668531914.0,11838275252.0,3481311711.0,12769190419.0,3963972702.0
073110,엘엠에스,CFS,67210356024.0,127741207740.0,57849981414.0,105085945894.0,74478676352.0,132322986342.0,82584343410.0,96626692580.0,75763936341.0,98900190650.0,-8603018728.0,1464924001.0,-13058262669.0,267235615.0
073190,듀오백,CFS,8091635167.0,9963862747.0,7337100355.0,5595531619.0,8326691557.0,6564801806.0,16340893725.0,20571162162.0,23744735677.0,31570718625.0,-3946237673.0,-4222827583.0,-3773418125.0,-3665701750.0
073490,LIG아큐버,CFS,160541413488.0,132319869980.0,50017726587.0,50676628137.0,52960434774.0,54565835719.0,165944317886.0,130907149662.0,137371054434.0,132854144114.0,10281601531.0,14339851562.0,10841477092.0,13450729705.0
073540,에프알텍,CFS,33391714095.0,76143405944.0,14491159727.0,44758857520.0,20149102489.0,56573681993.0,58433632874.0,56151426242.0,24805176748.0,18648483465.0,-501460799.0,-4486494279.0,2288831466.0,8054026250.0
073560,우리손에프앤지,CFS,195225926863.0,192329563390.0,152069475545.0,169073964681.0,224124455946.0,215288539162.0,259778689633.0,261921342417.0,279274037619.0,286864964322.0,4633067463.0,28473151761.0,1708959906.0,26506935993.0
073570,리튬포어스,CFS,92661095774.0,24777933283.0,34564216753.0,34092881399.0,40205008232.0,61564824488.0,117324919386.0,185931113989.0,15633542239.0,20721222981.0,-6808746053.0,-3749508769.0,-182829935436.0,89591513030.0
073640,테라사이언스,CFS,38721243823.0,55602579725.0,16200429947.0,25798067034.0,18858009611.0,28521418086.0,75595503369.0,55237888750.0,23076476627.0,22809072889.0,-3467292394.0,-918874962.0,-2852185664.0,5143545988.0
074430,아미노로직스,CFS,45248837444.0,43569079908.0,2667525390.0,3428598552.0,3257060208.0,4178089491.0,54411009074.0,51404094260.0,20886622718.0,27336928096.0,1462016016.0,7034645185.0,2436162713.0,-7281655556.0
074600,원익QnC,CFS,367920377161.0,351908541684.0,335725953377.0,241956732269.0,866898414395.0,765842669140.0,509604639380.0,469908152242.0,805948142955.0,783178805875.0,82983414760.0,115127050949.0,50998911602.0,58239208581.0
075130,플랜티넷,CFS,39467439537.0,42135518066.0,10623095157.0,10865881228.0,13584146046.0,14045224805.0,78309478833.0,77354933221.0,33066451624.0,31385362362.0,1271312159.0,1474583223.0,2386066846.0,-1709446131.0
075970,동국알앤에스,CFS,67266337644.0,73464641933.0,39998438073.0,44234443562.0,45624063330.0,48860616540.0,80714697916.0,82451597271.0,108390541218.0,118181742675.0,2084942034.0,4205681903.0,679539151.0,3934490375.0
076080,웰크론한텍,CFS,113788323332.0,156520398772.0,85314365445.0,135134709507.0,87188033446.0,136197837718.0,63794143187.0,64734851755.0,333203378938.0,326740331841.0,1224035352.0,1351212213.0,-4607406315.0,-2580955852.0
076610,해성옵틱스,CFS,52256282300.0,36478243625.0,55801383536.0,37736215147.0,72680221092.0,41260328999.0,43421082080.0,36526301529.0,121168837228.0,163806220242.0,3992341370.0,-5119277444.0,-2139561015.0,-17374331464.0
077360,덕산하이메탈,CFS,196299813053.0,109546796516.0,101413771200.0,48874446061.0,320775491815.0,59414728372.0,421359744194.0,304123915253.0,144452975904.0,164401247778.0,-10965930533.0,-3724972959.0,3326072521.0,6104855689.0
078020,LS증권,CFS,,,,,6851763331999.0,5250382412000.0,935420573720.0,919537257399.0,1322207670950.0,1348600743673.0,,,28660804236.0,29709033982.0
078070,유비쿼스홀딩스,CFS,292339658115.0,262051117877.0,35593151622.0,33697843634.0,44783269099.0,41396348919.0,346721259310.0,323518740132.0,171599705010.0,151583235829.0,32598433001.0,27409294612.0,29037154778.0,26781128940.0
078130,국일제지,CFS,143306014889.0,48594632471.0,75935943748.0,61248692532.0,87075753737.0,81889635739.0,137741720002.0,49007318825.0,80712561700.0,112499512605.0,-7440382730.0,-11050253296.0,-21279286741.0,-18540141851.0
078140,대봉엘에스,CFS,113183602566.0,130218025434.0,40850681748.0,34838634923.0,41693560002.0,37696424216.0,153226362940.0,148440479978.0,87622205173.0,93504353114.0,3800763406.0,8174396525.0,6181779860.0,11793863338.0
078150,HB테크놀러지,CFS,104701870000.0,83657858910.0,63593118905.0,70281619326.0,92959340373.0,102973008657.0,311282170884.0,206229408153.0,111647444745.0,148054514258.0,-22063146792.0,6859430052.0,79299801033.0,27209250902.0
078160,메디포스트,CFS,193511415828.0,151810654877.0,63321097480.0,154588011920.0,135735223440.0,215213128830.0,313657362619.0,182577774157.0,68642987374.0,64200627638.0,-25130694461.0,-17416421411.0,4950616137.0,2105569273.0
078340,컴투스,CFS,448621042469.0,597580860207.0,346002349909.0,320098801943.0,479246437694.0,576012278314.0,1236766084088.0,1322833809169.0,739638721494.0,677312281269.0,-33190425674.0,-15118046908.0,42091849090.0,-9324717900.0
078350,한양디지텍,CFS,123780592409.0,120980226278.0,109437269203.0,101499220870.0,117793832373.0,111888104944.0,133188166081.0,121858465757.0,478837673371.0,484769790412.0,19096846275.0,52822812634.0,12640873336.0,37180356466.0
078590,휴림에이텍,CFS,32915838292.0,34297023550.0,9745706123.0,7377277725.0,10771637873.0,9326067927.0,43420174591.0,34696259252.0,63663274097.0,43538763389.0,4814018015.0,2588627982.0,8202050323.0,9733818592.0
078600,대주전자재료,CFS,112826280950.0,128041011549.0,246992902265.0,195973478515.0,256530037596.0,207199235333.0,156880996885.0,120689685872.0,184988881822.0,174098407326.0,6208941102.0,11970916445.0,628120911.0,797710887.0
078860,아이오케이이엔엠,CFS,25256963700.0,30727266896.0,33976386632.0,35315278259.0,35323314009.0,37410200900.0,76651100406.0,98280760903.0,22401905047.0,18966224254.0,-7673728875.0,-10813506356.0,-21648765344.0,-58390933815.0
078890,가온그룹,CFS,428041636503.0,384532696851.0,269715911208.0,213242793024.0,315920374330.0,244055437441.0,172286797000.0,188078089347.0,536374631144.0,611235272392.0,-18858458417.0,14355003664.0,-18630121481.0,11028897728.0
079000,와토스코리아,CFS,66602400129.0,65094030058.0,2773038642.0,3545439256.0,4135990882.0,4912856917.0,79281396639.0,77902907416.0,17677716367.0,19511073058.0,-90314143.0,136819436.0,2666638908.0,5312081247.0
079170,한창산업,CFS,57964356785.0,47817464438.0,17388298329.0,6009804374.0,23723917113.0,13254261820.0,61794496160.0,61805619670.0,66951087089.0,99300011205.0,1568850912.0,7107463717.0,1554356985.0,6120358014.0
079190,케스피온,CFS,29691601737.0,21081268319.0,11730311300.0,26484980163.0,15679894142.0,36235633510.0,23058426372.0,15420780390.0,63213111684.0,55573936751.0,1070684499.0,-3782785329.0,2724899265.0,-10857357220.0
079370,제우스,CFS,427647885524.0,419997516124.0,209325757639.0,252189365519.0,278560587783.0,333093942851.0,343135608736.0,279163380393.0,402871359940.0,509015893148.0,7144645762.0,46299494647.0,10025149672.0,35211362358.0
079650,서산,CFS,83099449220.0,79110881120.0,7118458897.0,6774847133.0,7600380823.0,6872284734.0,106318584145.0,104758793793.0,41252744468.0,49163419144.0,-1576866107.0,-490722601.0,1534293585.0,1260451886.0
079810,APS이노베이션,CFS,177961839469.0,49011644615.0,83164250391.0,57279507315.0,89255104736.0,65599289243.0,145331798494.0,23452677033.0,127353695998.0,50156594629.0,1747811023.0,-4537959489.0,1014837778.0,-5573784693.0
079940,가비아,CFS,217800223679.0,204914878801.0,90931011362.0,73461222530.0,170914794592.0,125577658253.0,291751442268.0,242745470233.0,261590696584.0,239153945319.0,42602627160.0,41205974132.0,34640454389.0,41594514256.0
079950,인베니아,CFS,35260980040.0,60874912528.0,45158705203.0,54860214076.0,52841080412.0,61229197090.0,34852993958.0,52457591184.0,22697492921.0,56861987347.0,-14143409167.0,-12684287628.0,-17484959629.0,-1013728422.0
079960,동양이엔피,CFS,271581309757.0,244774976261.0,81143954821.0,90534481517.0,98050118825.0,107463994146.0,326233811455.0,278661793342.0,536914173334.0,559811298016.0,42958412627.0,27751409294.0,46963597785.0,22957023437.0
079970,투비소프트,CFS,51303643002.0,76885223229.0,45110609070.0,51013993221.0,46857118461.0,60089953861.0,34767307863.0,44962925361.0,43016191966.0,43214170891.0,-3482953259.0,-3788338061.0,-16671310991.0,-15660632347.0
080010,이상네트웍스,CFS,77546021987.0,61615508349.0,22434620049.0,25312183928.0,35182446106.0,38345879438.0,145158023694.0,125793434038.0,82291210125.0,69962205388.0,15142638295.0,13301535533.0,8314837916.0,11918948044.0
080160,모두투어,CFS,229193748075.0,109997230401.0,173521119112.0,177745962942.0,199635181643.0,181424287647.0,99526283610.0,88980831662.0,178584867440.0,29449596995.0,11557464055.0,-22104274713.0,13187601474.0,-12040997510.0
080220,제주반도체,CFS,152547922968.0,129143684068.0,37603017368.0,31957699666.0,40104977649.0,33296879479.0,158568405147.0,142701993193.0,145899793599.0,158258062887.0,17838425308.0,26316133964.0,16919765330.0,24706325265.0
080420,모다이노칩,CFS,250460982500.0,253312787446.0,425957845249.0,371935331283.0,615418500849.0,629323099794.0,368293318676.0,378329359016.0,390033884588.0,411288014985.0,16227308107.0,23150739615.0,-9848998086.0,-370017942.0
080470,성창오토텍,CFS,71799176982.0,61248210063.0,81255422930.0,59272667913.0,104916360119.0,74973286775.0,54138024788.0,48905468196.0,169274188884.0,184784543631.0,4058130289.0,6954638923.0,6394278884.0,2581561348.0
080520,오디텍,CFS,65884581202.0,68501538028.0,14009732610.0,11727777859.0,15002203919.0,12092344928.0,123035390142.0,123478677724.0,34964165951.0,40389289878.0,-4252771289.0,-3371639793.0,2950848792.0,-4054767542.0
080530,코디,CFS,28517433353.0,19692637351.0,10044114630.0,32210238330.0,38358390903.0,35805910958.0,25506312864.0,24141742225.0,79243448771.0,55200192117.0,-772367784.0,-5199913119.0,-6216049943.0,-12955280124.0
080580,오킨스전자,CFS,41804891237.0,33880639208.0,29453420888.0,37553390983.0,55536544019.0,49585907833.0,35961436325.0,32973527900.0,56850074934.0,64176500340.0,374277956.0,2609217138.0,1050590618.0,3008466956.0
080720,한국유니온제약,CFS,49682549878.0,54569920468.0,59009458425.0,58992210027.0,64101317609.0,63910476451.0,30323978638.0,48612287124.0,63169009710.0,61293490389.0,-5232981270.0,1271423011.0,-18156298294.0,-932022078.0
081150,티플랙스,CFS,108922626352.0,110394312810.0,60015521421.0,57334845486.0,77338769351.0,79035045549.0,157685266832.0,158892677083.0,251061348197.0,257740285760.0,-1532496395.0,21294823441.0,-2234754466.0,15648186653.0
081180,쎄크,,,,,,,,,,,,,,,
081580,성우전자,CFS,67209779825.0,80676955788.0,34876488060.0,39136142986.0,42058416435.0,50715523007.0,107641500379.0,109551430789.0,149212401734.0,165924786547.0,-4460396786.0,2805113897.0,-490479253.0,3298790395.0
082210,옵트론텍,CFS,99954600779.0,80943820601.0,205314317325.0,233170473481.0,217019350807.0,241616607113.0,35400353122.0,30440676631.0,232096085057.0,198227684661.0,14995293004.0,-49472326092.0,8733064705.0,-78272901502.0
082270,젬백스,CFS,33730789998.0,60136300936.0,25989082637.0,15824358744.0,27134775003.0,16791610787.0,115985719360.0,135551453175.0,72208573285.0,75804115614.0,-7868210684.0,-3945420701.0,-27176637525.0,-19603750133.0
082660,코스나인,CFS,23522129536.0,16484925589.0,17105237138.0,23846650768.0,17442563836.0,24767752494.0,34666123728.0,23391974425.0,9608034644.0,8998368517.0,-6528555949.0,-7693778357.0,-5878202869.0,-10767929003.0
082800,비보존 제약,CFS,45138325321.0,47561761933.0,64778543608.0,79261202473.0,69579685034.0,83608554279.0,104067052073.0,103465834941.0,71317790873.0,51564307027.0,2585441663.0,-5436627572.0,-3357006376.0,-40677364204.0
082850,우리바이오,CFS,452664450711.0,412972558908.0,317144498114.0,304306831427.0,334437555341.0,332208561065.0,251102846685.0,226728721696.0,1263943782342.0,1355056482797.0,25996237350.0,34383109721.0,18946395938.0,25126218107.0
082920,비츠로셀,CFS,170255758871.0,145305922935.0,22357010305.0,49103607676.0,24544935080.0,51477370738.0,231746217967.0,185704149895.0,176220480964.0,140980940372.0,37690323911.0,28825464743.0,36054568905.0,23111882465.0
083310,엘오티베큠,CFS,226105050063.0,185646939886.0,98632098259.0,97359755426.0,107944601183.0,112151613541.0,260115210812.0,211522202200.0,473028421100.0,374197462933.0,67151350020.0,29819849955.0,50291025533.0,22075762514.0
083450,GST,CFS,183765737893.0,178862203312.0,40415843527.0,43245956020.0,46679663926.0,50483188213.0,233100798715.0,201348272807.0,279215395450.0,312847806399.0,42538138186.0,56941198199.0,36937263561.0,47601992003.0
083470,이엠앤아이,CFS,14086346437.0,13734051994.0,7068667523.0,6616562609.0,7959007585.0,7113488072.0,13714881872.0,12484625728.0,26311911772.0,34472979660.0,-1290663885.0,688619290.0,-386667305.0,-122437316.0
083500,에프엔에스테크,CFS,45094981365.0,28321931045.0,33456916821.0,15996617236.0,43447030049.0,28379947419.0,65150598998.0,63986438611.0,38883827391.0,67642003556.0,2282069656.0,5815829219.0,1439084726.0,4049584294.0
083550,케이엠,CFS,78572069879.0,94497673402.0,40898457295.0,42648822849.0,46894394681.0,51753573078.0,127903008806.0,133012826776.0,127779372841.0,151648508473.0,-7742068380.0,6915810542.0,-3658022973.0,7690467522.0
083640,인콘,CFS,47194892367.0,74935161289.0,6782494342.0,18175202416.0,9217538064.0,20886839368.0,83150517148.0,107392714567.0,63428790860.0,55309108266.0,2556841276.0,1060869191.0,-31584160352.0,3550021427.0
083650,비에이치아이,CFS,188080477207.0,202231017437.0,321135148953.0,309895251954.0,351746541706.0,399835782572.0,73702999852.0,49538551747.0,367399208640.0,330197109400.0,15086698166.0,8108054114.0,7463782053.0,-19117755790.0
083660,CSA 코스믹,CFS,35832739057.0,27371297481.0,20388658138.0,30732588148.0,20989869458.0,31710202105.0,21305211484.0,2913834201.0,44586544406.0,61199059267.0,-5907776504.0,-9265722999.0,-6602745124.0,-12252148637.0
083790,CG인바이츠,CFS,56651954130.0,98853917480.0,55547658800.0,80836746175.0,97822548338.0,129190035455.0,145292993240.0,193423028183.0,4878663471.0,4321329651.0,-30912972988.0,-23046289720.0,-50041783082.0,-25568275560.0
083930,아바코,CFS,252202451770.0,194164687421.0,155323226077.0,107276092531.0,160754093554.0,109629847675.0,184176568475.0,168806346781.0,186852149260.0,217264065504.0,4408460446.0,13571251704.0,4257020941.0,18105724498.0
084110,휴온스글로벌,CFS,591195517819.0,611225979949.0,301139639915.0,367562228300.0,407287216717.0,457233625951.0,910677183193.0,785875593850.0,758379660587.0,664364718200.0,113949992836.0,86475529116.0,92628240412.0,-33463130894.0
084180,수성웹툰,CFS,59724731045.0,47827012095.0,62464025376.0,45482603061.0,72434715483.0,48645637196.0,76900637669.0,50135765847.0,41276921129.0,52344332244.0,-4094670678.0,-4322058163.0,-9029101982.0,-6739813032.0
084370,유진테크,CFS,299911803748.0,297304073244.0,56762313792.0,77570179279.0,68514428187.0,87311770380.0,368475409140.0,346702038418.0,276533350776.0,310632917779.0,24325728964.0,53640954367.0,25397015593.0,42595162228.0
084440,유비온,CFS,15066050107.0,10819562289.0,13347501447.0,13997921354.0,13635133255.0,14449534989.0,9194480249.0,4377982495.0,31831832251.0,31461108081.0,385118878.0,2344664758.0,-601260006.0,2150767807.0
084650,랩지노믹스,CFS,160378416177.0,174482683213.0,65054918731.0,19895506360.0,85314336888.0,40142378194.0,228142698615.0,210510338830.0,73126594647.0,144772745632.0,-6794086299.0,66205859914.0,-5245806989.0,47925960228.0
084730,팅크웨어,CFS,275677085253.0,231723488991.0,176907076572.0,133483650738.0,187045799307.0,163431290871.0,209290271582.0,184569492797.0,420618988206.0,336709080088.0,35436036530.0,4462159936.0,24578921470.0,4514397728.0
084850,아이티엠반도체,CFS,227475558221.0,248697841590.0,371737064490.0,374478519330.0,414122152182.0,456973303715.0,186237883100.0,197780858231.0,580535283001.0,633477432853.0,-14879697539.0,-16157288816.0,-33001895879.0,-21340469698.0
084990,헬릭스미스,CFS,147730292018.0,109211228413.0,71599392932.0,33196191207.0,73557534707.0,37583550701.0,153721752635.0,216478275323.0,4201622674.0,2799607474.0,-35245452809.0,-52579212448.0,-64180411041.0,-43064614533.0
085660,차바이오텍,CFS,538221938715.0,520266602078.0,646170685315.0,477748000923.0,1069236413865.0,955071931840.0,656333969528.0,651936327502.0,953951423132.0,844582867317.0,-9567468724.0,-47076070730.0,-5559913651.0,-69659072395.0
085670,뉴프렉스,CFS,70894324990.0,75701960164.0,80842884248.0,98937561349.0,88935086229.0,108340504765.0,73123882467.0,66762467982.0,195106479561.0,260296708056.0,10326596687.0,17899112577.0,6786904308.0,14412228454.0
085810,알티캐스트,CFS,10325095091.0,9873584189.0,13132945298.0,12683540646.0,29593556326.0,22875308644.0,20592540436.0,47085945910.0,,,-6275764600.0,-8888502707.0,-26508742613.0,-18134983249.0
085910,네오티스,CFS,62891658512.0,74035142541.0,53817603175.0,63416280982.0,59700691913.0,66832892775.0,71402819371.0,77934212170.0,58471916067.0,80372128697.0,-741768503.0,11682036856.0,-3309148318.0,6717066021.0
086040,바이오톡스텍,CFS,64692236364.0,49129837510.0,75118525473.0,59527934760.0,98801411149.0,81333510340.0,48234830494.0,44366867016.0,32630975729.0,37291741895.0,-8187050049.0,800048038.0,-8950335753.0,1511670222.0
086060,진바이오텍,CFS,49281216346.0,46269472620.0,14513176989.0,15920095311.0,17712144989.0,18314887311.0,48304747597.0,45726044279.0,79476916086.0,82758506105.0,3952505473.0,1670481016.0,2591395931.0,1523305044.0
086390,유니테스트,CFS,118905443534.0,107111004989.0,36654444409.0,33724407262.0,48858453058.0,46551588334.0,148159907232.0,143150890509.0,167769309722.0,123779966545.0,7142809006.0,-5992092759.0,6109494576.0,-6213810957.0
086450,동국제약,CFS,419197357951.0,385321451873.0,231153366472.0,198539154920.0,263361423873.0,237265679685.0,576173702471.0,531064404391.0,730993597323.0,661647492300.0,66873304070.0,73940574560.0,48871386212.0,54756767281.0
086520,에코프로,CFS,3977045752111.0,3162551112304.0,2743576237480.0,2082665018806.0,4070843048271.0,2824001949335.0,3486135726801.0,2521780653709.0,7260200345722.0,5639741327318.0,298172334242.0,613226487106.0,135268663790.0,220591650311.0
086670,비엠티,CFS,122633363995.0,124648910325.0,87276208914.0,79490866744.0,128065256246.0,131538860414.0,121267170309.0,106363481152.0,149605878145.0,142089682435.0,17432433899.0,23031433331.0,16724890339.0,14916198532.0
086710,선진뷰티사이언스,CFS,39838568382.0,56803101350.0,26923797143.0,32590745976.0,52936188744.0,68703934949.0,72835763403.0,66867107954.0,72622359560.0,64332226652.0,9043651973.0,5320882252.0,6668125849.0,20104595647.0
086820,바이오솔루션,CFS,44299113298.0,79158848018.0,47055084811.0,45852577401.0,50217819492.0,47955451542.0,42190126159.0,43775099282.0,12461714311.0,10101642600.0,-5031913380.0,-5288829779.0,-1249012363.0,-8087231575.0
086890,이수앱지스,CFS,159049933512.0,77773620375.0,72969925301.0,68595073248.0,129550749905.0,72859650268.0,77187682302.0,64410871098.0,54305557874.0,41169946647.0,3886085129.0,-16032148457.0,3610667200.0,-7246774111.0
086900,메디톡스,CFS,166232131380.0,135133971840.0,126556432404.0,135262308111.0,137140514991.0,162672839659.0,474482206410.0,433615605387.0,221120682597.0,195096220132.0,17322328805.0,46664445394.0,9689821433.0,36595835601.0
086960,MDS테크,CFS,142386334809.0,123595749983.0,53485224532.0,50302473100.0,55465449209.0,51925318735.0,118635726503.0,107542611117.0,155313875325.0,153521746198.0,8717565821.0,8153963974.0,500106319.0,-7126233405.0
086980,쇼박스,CFS,74095202488.0,98945572834.0,25205587929.0,24944376264.0,27018160313.0,28009279170.0,104920986947.0,135164795608.0,40170208807.0,56684307302.0,-28295165725.0,-3194257528.0,-30299585774.0,-2124882555.0
087010,펩트론,CFS,7965055475.0,23283354801.0,6884783643.0,10771947151.0,16368962307.0,15165197545.0,36127012881.0,53109372080.0,3341893572.0,5813995537.0,-15883908215.0,-15226653745.0,-15921881877.0,-15062790476.0
087260,모바일어플라이언스,CFS,57473014432.0,48478523100.0,32029194400.0,25352588702.0,32850320604.0,25993741443.0,48264931127.0,46064398522.0,49804458554.0,52471269387.0,452468274.0,-717208120.0,2110182819.0,2110183010.0
087600,픽셀플러스,CFS,47374474244.0,53937932402.0,7942585015.0,5148646633.0,21756253350.0,10225676610.0,84009589263.0,84688001902.0,50670581353.0,62862344389.0,-6280835584.0,2905270079.0,-429659133.0,247812458.0
088130,동아엘텍,CFS,192139630278.0,204002761640.0,98552763548.0,90378679092.0,103720967859.0,94986040198.0,188798258756.0,211372146182.0,165117482966.0,213773717730.0,2242034538.0,13196346509.0,-10882919476.0,11337765.0
088280,쏘닉스,CFS,37065966838.0,15341854891.0,7187960651.0,5388430348.0,14311487769.0,13856750408.0,44277656891.0,23051588918.0,13813256246.0,15839004968.0,-5165198707.0,-3403228196.0,-5118917407.0,-29510193610.0
088290,이원컴포텍,CFS,17054595055.0,27553934991.0,28644526260.0,47267286622.0,29988542570.0,48350244182.0,49721240930.0,49526003035.0,47118903098.0,47777326424.0,879838240.0,1704210986.0,-2402682489.0,-9644584261.0
088340,유라클,,,,,,,,,,,,,,,
088390,이녹스,CFS,103612200307.0,58840011407.0,54842344839.0,42363708912.0,102429714899.0,71345101976.0,235637465257.0,230149373065.0,61697133222.0,80422380010.0,5139441784.0,21643406303.0,-14014259351.0,13637039410.0
088800,에이스테크,CFS,154798045771.0,235745883633.0,227573722695.0,239615092518.0,237924479567.0,311712410525.0,21579981334.0,67809147532.0,140047443096.0,240405466099.0,-62290644674.0,-20058514812.0,-78848427413.0,-30197983571.0
088910,동우팜투테이블,CFS,132210437745.0,142312837459.0,48321207985.0,75966872415.0,71456218202.0,93418152485.0,219770652881.0,193758677844.0,349164108766.0,336847473051.0,21126989607.0,11931138087.0,26412957543.0,16166130290.0
089010,켐트로닉스,CFS,251650250512.0,247249638886.0,237743124638.0,261469965765.0,310924469311.0,320647868777.0,182161699911.0,148874080448.0,542256796298.0,620963393855.0,19115114801.0,22460647821.0,-7160258786.0,6177274592.0
089030,테크윙,CFS,143794835264.0,181278223634.0,139213885144.0,176912624630.0,270300485244.0,242694770306.0,215586935429.0,245557585185.0,133604260260.0,267491091324.0,3160487054.0,57672910686.0,-11097331447.0,33237861105.0
089140,넥스턴앤롤코리아,CFS,46777264184.0,43965822802.0,93672160093.0,19702027101.0,105980575830.0,91982532014.0,138013718152.0,108273986801.0,41257657896.0,23463259048.0,1267041584.0,-3605569718.0,9680993019.0,-4688260552.0
089150,케이씨티,CFS,2371011885.0,3563781325.0,14013223491.0,14185376063.0,18972149811.0,18859131766.0,34111476434.0,34764715781.0,16147530629.0,14566711259.0,2169315930.0,1096384265.0,1156287172.0,675450890.0
089230,THE E&M,CFS,16545836440.0,23157352636.0,54921608352.0,21230085905.0,55480174362.0,42297027349.0,29194588601.0,61842456121.0,31702033259.0,46601511930.0,-7717794327.0,-2309018889.0,-33573882013.0,-22595130455.0
089600,KT나스미디어,CFS,411774589044.0,435360834272.0,251206748297.0,261380996163.0,262336185028.0,275583655118.0,250975231047.0,242441426323.0,146769140183.0,152393542122.0,20516812349.0,33052555800.0,17703119011.0,28918010639.0
089790,제이티,CFS,67345510115.0,59941470911.0,29466892842.0,26016887840.0,29692934958.0,26235678859.0,59789991736.0,54602358366.0,47160458803.0,81858814170.0,2959841947.0,15070504342.0,5492095891.0,15039626198.0
089850,유비벨록스,CFS,343841560168.0,288301287817.0,246691072942.0,191449249958.0,284485268387.0,228913266702.0,244455779295.0,213858338521.0,543627601474.0,449332240723.0,49345273375.0,14783421578.0,31021929101.0,2823260924.0
089890,코세스,CFS,59188029148.0,35226678074.0,30374901702.0,12935767133.0,32662803252.0,14567998044.0,66440394847.0,59949964349.0,95650538591.0,72931360641.0,8017318466.0,8546470484.0,6964669912.0,7880853243.0
089970,브이엠,CFS,140750658594.0,145183788731.0,26999626258.0,37285419916.0,28751247311.0,38722432406.0,122174359927.0,117911662666.0,26008551330.0,141385258259.0,-10962872787.0,30932088487.0,-6975273692.0,27878178036.0
089980,상아프론테크,CFS,158469612721.0,159483128801.0,92982747246.0,134824475290.0,155926222179.0,150973300609.0,193026085627.0,184985819345.0,183599147402.0,181155503171.0,8958369872.0,12905637676.0,11994182126.0,7425752405.0
090150,아이윈,CFS,60118098635.0,63818056832.0,88055896601.0,92506846864.0,94917466679.0,100938110968.0,44766775254.0,78789855444.0,108275071416.0,94425491702.0,6353994073.0,2258539282.0,-35265657306.0,-3624332798.0
090360,로보스타,CFS,74275605027.0,94581676302.0,25746737092.0,46199505179.0,25980999097.0,46536515025.0,89949938518.0,89910588242.0,102679156147.0,143240218469.0,1135968686.0,1794247604.0,693544237.0,3281878090.0
090410,덕신이피씨,CFS,107735175265.0,72874311040.0,61141484606.0,41410319452.0,64336545968.0,48247128202.0,113952501527.0,90865877091.0,218078494407.0,201608200221.0,28946846479.0,20194992054.0,24087745660.0,10155394125.0
090470,제이스로보틱스,CFS,57683155061.0,100060659598.0,11670556323.0,38962704349.0,12735796735.0,40239650093.0,167522860360.0,150073857533.0,72087353783.0,143939697377.0,-371089927.0,37493691695.0,-1518248345.0,27797689960.0
090710,휴림로봇,CFS,53883168919.0,49339351956.0,23590780685.0,28568220474.0,24669399372.0,33533181493.0,92184780809.0,80951021326.0,82665225759.0,55474362631.0,-1862126821.0,-7468016309.0,681571531.0,-11939139936.0
090850,현대이지웰,CFS,139336105287.0,123407026450.0,96091417169.0,96759558186.0,109709252300.0,110501096439.0,87475286700.0,92260362471.0,117951671998.0,112460358280.0,18340862426.0,18514406014.0,-532191494.0,15167617948.0
091120,이엠텍,CFS,190726812634.0,188585833883.0,65767105593.0,61954398953.0,161933342548.0,151116719047.0,247640127451.0,262872083328.0,263450794415.0,415827231872.0,-14598659948.0,33934594543.0,-12176030579.0,32942041546.0
091340,S&K폴리텍,CFS,155963792640.0,159050027412.0,121173065513.0,124862435632.0,137092038077.0,144226568608.0,113941311607.0,122069875288.0,251085148599.0,336087453599.0,2840405265.0,193581133.0,-5980401731.0,-1727258621.0
091440,한울소재과학,CFS,29138660198.0,18141399273.0,14805581922.0,20342527850.0,20584634115.0,27915224220.0,22344516371.0,16848596021.0,37597363642.0,23045775227.0,-4053331724.0,-9357511297.0,-5763316678.0,-15003052369.0
091580,상신이디피,CFS,153363853825.0,127261451470.0,129649589165.0,108188927797.0,143603282078.0,122054205623.0,147079484933.0,122436423306.0,301635718758.0,290811126688.0,30203143040.0,32756372592.0,26222817165.0,24497581835.0
091590,남화토건,CFS,45233585374.0,86482574553.0,21446778749.0,18370076355.0,25314015104.0,31325889361.0,159988339658.0,173941397169.0,71796422978.0,90791512388.0,-4374625832.0,4468708150.0,-11231268787.0,20750055300.0
091700,파트론,CFS,322887325739.0,345399168541.0,143693970742.0,182283223256.0,145684637549.0,184546399465.0,505688770713.0,501068231815.0,1172405320789.0,1221910786963.0,41681019126.0,56802242235.0,30156905108.0,42933730047.0
091970,LSK아이로봇,CFS,27487064418.0,24618377586.0,22698587531.0,17583196330.0,22854738047.0,18964589242.0,31938454092.0,28054250339.0,42401462051.0,50163614732.0,-1843750735.0,-1892597281.0,-6114538212.0,-17151783171.0
092040,아미코젠,CFS,156063159013.0,143947296587.0,174883135501.0,205169421949.0,248124178136.0,259874018775.0,218973832303.0,169777938037.0,159904289100.0,144295727345.0,2056140831.0,-4899462026.0,-20689758261.0,-45790641852.0
092070,디엔에프,CFS,60938241131.0,77983789053.0,10052310661.0,28337635491.0,10577475539.0,32776469547.0,155009615215.0,157768192720.0,84232727799.0,96891781342.0,-2862629573.0,16101381752.0,5173530483.0,5799667020.0
092130,이크레더블,CFS,46832844609.0,49862296181.0,8540282949.0,10085006728.0,8710308444.0,10317664262.0,45471180908.0,46248368512.0,41099194540.0,47130065587.0,12605818935.0,19286893039.0,11748156396.0,15659525445.0
092190,서울바이오시스,CFS,212412127131.0,219085309992.0,469308239206.0,298911164657.0,640478073512.0,588482789441.0,92945671478.0,167512347836.0,503960846284.0,438791591285.0,-72949875244.0,-62117967238.0,-101695477014.0,-93690297846.0
092300,현우산업,CFS,97930566972.0,95149292827.0,76054452473.0,85507232996.0,102280881595.0,110299620087.0,100485208125.0,92238886205.0,237301218620.0,209867814847.0,13909700885.0,8325096083.0,10385847756.0,4658947077.0
092460,한라IMS,CFS,117547765837.0,59772594906.0,49793889737.0,48476303042.0,59319007569.0,81687593167.0,162256347686.0,97168003707.0,78944495370.0,98637116561.0,5365190297.0,8815403057.0,71621038171.0,8067754332.0
092600,앤씨앤,CFS,95855949994.0,96734701591.0,31323929992.0,31753896454.0,71292448535.0,40699056727.0,55058047637.0,74108427839.0,61682037944.0,92593551509.0,-35722413241.0,-32085591690.0,-34267039672.0,-36318430235.0
092730,네오팜,CFS,134502290787.0,131270043971.0,16944787108.0,13136622381.0,17432565201.0,13136622381.0,160025953685.0,142210804545.0,97104890499.0,85033138232.0,25307304739.0,21438790396.0,23212796117.0,17027039733.0
092870,엑시콘,CFS,58275296622.0,69872785910.0,15886774921.0,19917102730.0,20027338600.0,24832895770.0,145957832632.0,144785237404.0,82296331600.0,91157419461.0,1464663636.0,10251794199.0,4886128432.0,15211386618.0
093190,빅솔론,CFS,112979837510.0,139054432925.0,18200210552.0,29190514327.0,24353303382.0,37947880807.0,207416761597.0,205666064586.0,108128067036.0,134893966814.0,9271877123.0,25137065857.0,10539369275.0,10281829432.0
093320,케이아이엔엑스,CFS,121934408477.0,113461972019.0,40037468767.0,25745618597.0,70088521881.0,37796133531.0,184718838111.0,159642054100.0,122686237442.0,110928475556.0,26565751313.0,25865716233.0,26942191935.0,27337059778.0
093380,풍강,CFS,40783503288.0,39576655553.0,13522480010.0,15121474875.0,17628311507.0,19913071198.0,73368268375.0,69313318021.0,97322976980.0,83422538833.0,5238490101.0,3012329509.0,5625015653.0,4349914434.0
093520,매커스,CFS,281219567277.0,273926403422.0,186614634789.0,192421375773.0,191307910572.0,193200234710.0,102384342962.0,93358591063.0,175414376276.0,193763490633.0,26349934797.0,31451798059.0,20350760929.0,22236241725.0
093640,케이알엠,CFS,151664793799.0,56293823448.0,71944785846.0,16137153164.0,113382730528.0,16288626683.0,99664478614.0,46482582157.0,12411674184.0,12880116767.0,-5866353133.0,184493310.0,-14092149757.0,-9519086989.0
093920,서원인텍,CFS,189143382504.0,196245916857.0,26886456883.0,41073157228.0,27054690928.0,41355257723.0,204908548760.0,197713715825.0,262811619114.0,316789922430.0,9986462505.0,22560152834.0,14514188510.0,23199065224.0
094170,동운아나텍,CFS,73583504820.0,47983945659.0,13873509331.0,26616383447.0,25705405428.0,41889276249.0,60711547241.0,21156162298.0,111486613090.0,50138173079.0,25107570805.0,-6259568862.0,26235769898.0,-8410181305.0
094360,칩스앤미디어,CFS,53655235044.0,41483820634.0,5319682162.0,18880565248.0,7525284132.0,21104837589.0,70464015297.0,41970882397.0,27627400828.0,24092742406.0,7769441247.0,7303027730.0,-26697996137.0,9962898287.0
094480,갤럭시아머니트리,CFS,307915440301.0,287562017571.0,244597521329.0,215141008290.0,247739597232.0,222881720612.0,113356325879.0,115083694175.0,132389824802.0,112286441928.0,9240639992.0,8597547351.0,-351488724.0,5416216124.0
094820,일진파워,CFS,96215468314.0,107628419318.0,41831220153.0,45340448526.0,62342539353.0,65140236619.0,130700501889.0,125429710242.0,190826764234.0,196015491303.0,13120377484.0,17902701235.0,9580223266.0,15675414957.0
094840,슈프리마에이치큐,CFS,67495011318.0,81573074218.0,13760778333.0,5304973274.0,19960281430.0,9427251404.0,209137617127.0,195110012002.0,20386641334.0,17325402965.0,-2677599728.0,3555599812.0,37469896066.0,13715785467.0
094850,참좋은여행,CFS,100281202038.0,71140484085.0,56617613692.0,31943927363.0,58853571328.0,33036379015.0,84529311745.0,77006424312.0,,,6419133670.0,-15793523418.0,7210677391.0,-12226654385.0
094860,네오리진,CFS,23491938109.0,27140588519.0,10816921907.0,8867321070.0,11584616669.0,9371238399.0,34638556531.0,40053348513.0,25511836781.0,26086111649.0,-2588390404.0,-1158370741.0,-6296205257.0,-1525666295.0
094940,푸른로보틱스,CFS,27151060098.0,23882184307.0,11261973329.0,5580871252.0,12131048001.0,9857989479.0,38313833096.0,32600029243.0,32289721635.0,34082924527.0,1851969768.0,1023917243.0,2594065276.0,192417254.0
094970,제이엠티,CFS,152298130219.0,108147742719.0,57761039569.0,34473396478.0,63642163792.0,34805588623.0,158150354173.0,103525754597.0,122737483734.0,90599833501.0,14826526543.0,20006878222.0,23247725390.0,29418678178.0
095190,신화프리텍,CFS,85273455721.0,60652854997.0,109757273966.0,61612419234.0,142811916915.0,92849491436.0,76539605579.0,80441069432.0,102239443703.0,95528614343.0,882373796.0,-2285191824.0,-2249013074.0,-9456104743.0
095270,웨이브일렉트로,CFS,61235803247.0,73839011109.0,22649428509.0,23753152953.0,26417196771.0,27239297620.0,57392006879.0,68689476079.0,77983771830.0,59176828811.0,2351681126.0,-5936607966.0,610224448.0,-8857172919.0
095340,ISC,CFS,361800586509.0,161742958401.0,58252321706.0,81385857030.0,68360512034.0,90405304450.0,473452647667.0,268027133632.0,140221939908.0,178871264564.0,10736706776.0,55881597782.0,13583247114.0,43936651357.0
095500,미래나노텍,CFS,411676255376.0,285871637554.0,328855713975.0,208847585957.0,352443490812.0,248598563755.0,272425525927.0,239363928235.0,694025815289.0,490327663439.0,13703818450.0,9700155485.0,803936429.0,-7165661549.0
095610,테스,CFS,194321555888.0,188969635836.0,20856890855.0,27789255768.0,22931149578.0,29847950093.0,298898674679.0,306670205959.0,146938072263.0,357991682573.0,-5861866998.0,55898658621.0,1565979353.0,46766672131.0
095660,네오위즈,CFS,297611084329.0,253547138099.0,113217299930.0,87336191850.0,143808323008.0,101331086165.0,527620335596.0,458756308479.0,365593726744.0,294567075580.0,31593317823.0,19559295517.0,46423501000.0,13201983634.0
095700,제넥신,CFS,92159744347.0,52384073857.0,54526283856.0,78933215367.0,79682984297.0,111386617270.0,296903615688.0,277394490231.0,4426626990.0,16139032166.0,-41240886624.0,-33679063951.0,-66860297233.0,-56831170416.0
095910,에스에너지,CFS,214149112624.0,223038152748.0,170853316941.0,160292087816.0,219666779426.0,235314827766.0,109148347537.0,114248862166.0,169855953418.0,208744895034.0,3138342766.0,-8907502025.0,-6988297829.0,-22168877602.0
096240,크레버스,CFS,55043704197.0,60463234513.0,108908696368.0,109055064630.0,170332593345.0,177236410665.0,45515644998.0,46914009004.0,233485121718.0,227499581732.0,25216689470.0,25653163787.0,15336827670.0,4826304143.0
096250,와이즈넛,CFS,47908098865.0,42633995957.0,6110509330.0,6319079717.0,6668353225.0,6667211938.0,48740402203.0,43808155843.0,35172218324.0,34466435911.0,3456887664.0,3046747475.0,4267209666.0,-5902403194.0
096350,대창솔루션,CFS,33319963456.0,32748227542.0,66860168239.0,80830488207.0,93059260511.0,95237188837.0,35762324305.0,28941164605.0,71715102822.0,52756099362.0,5596489348.0,-4741415531.0,2800892925.0,-7827098228.0
096530,씨젠,CFS,783486389029.0,902505570560.0,162153145537.0,170193575730.0,221052938078.0,240498582648.0,1030398975557.0,1150278974828.0,367375048980.0,853561091243.0,-30053478765.0,196492262649.0,733203514.0,182432359251.0
096610,알에프세미,CFS,16317084305.0,50961012388.0,12207807065.0,42547417708.0,16037257539.0,47176716398.0,14582223426.0,30185727786.0,27071406964.0,33238398440.0,-17281628410.0,-10492504057.0,-43594615705.0,-13724435005.0
096630,에스코넥,CFS,136789302543.0,107507443382.0,115784596526.0,116680758013.0,130363838982.0,118848823137.0,75753839327.0,47218876990.0,275313638771.0,200357859731.0,7965692062.0,5823347423.0,-1327048278.0,2712159860.0
096690,에이루트,CFS,65999115964.0,125804946464.0,40465750361.0,49006855542.0,43149991839.0,51233713938.0,163941394746.0,174779510556.0,62225691206.0,64887675060.0,-7070245032.0,346816277.0,-13246183446.0,14381864901.0
096870,엘디티,CFS,13077076008.0,11913075928.0,2694950485.0,1482421278.0,3151382034.0,1768265203.0,15273916833.0,15414390784.0,8926707509.0,11730311728.0,-348855996.0,1483920084.0,-140473951.0,1954191788.0
097780,에코볼트,CFS,171193732086.0,161301914665.0,66234761047.0,63931583001.0,68920413648.0,66861860392.0,265487223226.0,234395387691.0,180164482428.0,155274811685.0,-19154127312.0,-8699516593.0,15275721402.0,-63096776888.0
097800,윈팩,CFS,21466940679.0,29840177120.0,66114421928.0,73169703594.0,102782750114.0,102390571494.0,46724273483.0,76152137358.0,86205142343.0,152635430740.0,-22857360132.0,1924029253.0,-33297722051.0,-1571476880.0
097870,효성오앤비,CFS,32795384761.0,34557862994.0,12865398991.0,10197501948.0,14169137931.0,11747374118.0,73753155765.0,72870935162.0,29660837674.0,34026098710.0,719539173.0,4251941940.0,1234203965.0,3831297698.0
098070,한텍,,,,,,,,,,,,,,,
098120,마이크로컨텍솔,CFS,37973920488.0,34021660686.0,5760028597.0,7156258430.0,7855863058.0,8314920669.0,55128326340.0,49033183804.0,64817181265.0,61054715702.0,7428799024.0,7894186276.0,7387998878.0,7046162834.0
098460,고영,CFS,272289910658.0,286509847894.0,39821272426.0,58305668638.0,61894392837.0,86511583085.0,305317864968.0,305174909938.0,225630691398.0,275359587202.0,20372226090.0,44258682098.0,21925959777.0,39283548838.0
098660,에스티오,CFS,32478242299.0,32772538030.0,22744235993.0,25322530055.0,37545371670.0,30500122013.0,30251830481.0,29915661261.0,74045039700.0,73162090467.0,3549717637.0,3046585148.0,2020447127.0,1601513030.0
099190,아이센스,CFS,207526024894.0,217187117224.0,139305012345.0,74562926863.0,195321340414.0,144814029282.0,303494921735.0,304756150342.0,265120260375.0,264837131105.0,10929438236.0,19807041920.0,3404496867.0,15907551228.0
099220,SDN,CFS,84277625067.0,82508951988.0,55040420146.0,57252466311.0,93161943289.0,75457894880.0,93202018442.0,102164005455.0,75692041591.0,104471108041.0,-7646386868.0,281747384.0,-8692189897.0,760743530.0
099320,쎄트렉아이,CFS,166337582530.0,193789417295.0,81995185851.0,63220144047.0,95572165701.0,137614754857.0,218255795490.0,121165551758.0,125433494958.0,91357563655.0,-4353750903.0,-7728225536.0,41465966732.0,-2809411045.0
099390,브레인즈컴퍼니,CFS,43275964347.0,42253162580.0,5355089653.0,3450911976.0,7687700368.0,4102114403.0,48186025337.0,43137975575.0,25819289874.0,18252937748.0,3338149750.0,4782130107.0,5088493669.0,5039200998.0
099410,동방선기,CFS,17350754809.0,15284880868.0,10700156141.0,12195801019.0,10756095924.0,14018495053.0,35087554489.0,30296730044.0,27307982909.0,24859836856.0,3414161413.0,1399147607.0,4796478572.0,1280289910.0
099430,바이오플러스,CFS,97336413172.0,106059470734.0,10964251396.0,9477178751.0,34745358340.0,31557510776.0,138061396595.0,114960536369.0,65042901061.0,56718818557.0,28025617245.0,25271435156.0,27421992294.0,20707913444.0
099440,스맥,CFS,140371141555.0,119549114810.0,92532574080.0,109019778857.0,100542856032.0,118764258538.0,106807511329.0,74814571042.0,176628631520.0,159473204075.0,22035848534.0,11745651889.0,16680552004.0,9682109800.0
099520,DGI,CFS,24276732257.0,17894193687.0,1476204057.0,2995508028.0,2909496778.0,4398191718.0,25487496835.0,18670697904.0,13391973891.0,25873130375.0,-4392338334.0,422357578.0,-5034579008.0,1141790006.0
099750,이지케어텍,CFS,36051745659.0,30977047348.0,21892596402.0,20508523831.0,25103239859.0,23774209929.0,34161070395.0,31639054557.0,73187504449.0,92072127032.0,-4120069782.0,591155033.0,-9586318172.0,-3190472273.0
100030,인지소프트,CFS,41149861624.0,28424861352.0,9584328719.0,9273580475.0,10171235459.0,10911502567.0,53293130601.0,50072966858.0,24205105067.0,23560257909.0,3809480517.0,4861579243.0,5351637807.0,4308653500.0
100120,뷰웍스,CFS,184652939482.0,189322037252.0,72387166864.0,76007575481.0,77028895370.0,79090397531.0,215644538127.0,209318872954.0,220250538558.0,237928812618.0,18736462535.0,43658033657.0,14759288697.0,26459378200.0
100130,동국S&C,CFS,213797840709.0,219603177276.0,213878087794.0,216894830534.0,223262991133.0,222991249472.0,249338999169.0,280031252527.0,398256036328.0,477142893660.0,-31751419911.0,-11395530339.0,-30266271436.0,-8329417290.0
100590,머큐리,CFS,88374235489.0,88969346229.0,33060322346.0,44046450785.0,37447678379.0,46299253730.0,100702172095.0,90254712181.0,153627118426.0,163074227992.0,4941134141.0,4883867876.0,3306709387.0,535476094.0
100660,서암기계공업,CFS,52714717409.0,54124440322.0,10108969604.0,11508924482.0,10108969604.0,11513724482.0,65693871503.0,64132904603.0,45836974166.0,50418205177.0,613607689.0,1610872010.0,1926790260.0,2177351739.0
100700,세운메디칼,CFS,107929060371.0,91588092394.0,8297259493.0,6697231202.0,8918878973.0,7454733905.0,137692773711.0,125023946199.0,68246934042.0,60116115365.0,16920173786.0,12187019080.0,15473940920.0,10639099637.0
100790,미래에셋벤처투자,CFS,,,,,767518446401.0,744782699271.0,342356661462.0,298224522407.0,217046631995.0,217962576104.0,,,20938521707.0,41386370894.0
101000,KS인더스트리,CFS,18136217382.0,26887142239.0,27540690681.0,42714353345.0,27926975475.0,43162428297.0,15629926852.0,11013492056.0,86351394044.0,74429394553.0,10864027236.0,-14552082087.0,3679867950.0,-13870016140.0
101160,월덱스,CFS,216255848713.0,162287937565.0,49190966682.0,48229846672.0,74191632356.0,75905443769.0,239510376143.0,185892024621.0,288087193001.0,255929775545.0,64828878115.0,50701951182.0,53849755426.0,41497460909.0
101170,우림피티에스,CFS,46021297096.0,48183748501.0,16126112964.0,8839457849.0,16534535897.0,9039457849.0,89542802113.0,86177728698.0,57344901360.0,68321538257.0,2473145469.0,5380206002.0,5037601234.0,5094342354.0
101240,씨큐브,CFS,42629792118.0,45923977705.0,8186054617.0,12651162190.0,15100622449.0,21523371605.0,77045053160.0,64852037925.0,51101481903.0,46284761435.0,5030755309.0,6506493593.0,3425389123.0,5383779353.0
101330,모베이스,CFS,552539649166.0,511929490898.0,498032257089.0,462415444977.0,622089503792.0,584939362094.0,435831478971.0,407323995125.0,1262831655164.0,1326886043820.0,40278032257.0,70623947018.0,20439594740.0,24393349220.0
101360,에코앤드림,CFS,55516919205.0,69583717105.0,17623538401.0,31380718159.0,53351974155.0,59925865030.0,100890203969.0,79523357166.0,51455287308.0,60522326102.0,-2967415404.0,2252730403.0,-10150669449.0,95215243.0
101400,엔시트론,CFS,34524514691.0,26734043054.0,7836426515.0,7714123376.0,8409858102.0,8123340041.0,37474809979.0,29079770719.0,35869230492.0,24846936261.0,420783780.0,-175380519.0,1067997958.0,-217891817.0
101490,에스앤에스텍,CFS,118042480687.0,94153446461.0,29187220783.0,30461127018.0,35959971560.0,36358827310.0,220798777193.0,190391469119.0,150320408224.0,123506695451.0,25039402690.0,16012815858.0,25854851119.0,17464205801.0
101670,하이드로리튬,CFS,63678643171.0,130333965205.0,5625110614.0,9272350050.0,33232750974.0,85286898841.0,68948563471.0,55188804931.0,22859151303.0,8492131009.0,-35826848486.0,-3213350403.0,-40551893222.0,-3475259900.0
101680,한국정밀기계,CFS,75423303973.0,78799441451.0,45035579650.0,39677342660.0,47603902331.0,43220152671.0,40703434868.0,49028272175.0,43727516189.0,42292335646.0,-7015040631.0,1517355664.0,-7792165721.0,514204253.0
101730,위메이드맥스,CFS,68212986455.0,102158190835.0,44014460717.0,31971304324.0,47987320524.0,43090492809.0,81908847726.0,79678296146.0,69763645185.0,86235273013.0,3764265342.0,25281845048.0,2208079977.0,22559470537.0
101930,인화정공,CFS,74798440976.0,85858046592.0,143470041815.0,158686201310.0,150505493360.0,170371104528.0,168685117566.0,170350605939.0,103951073738.0,107304356811.0,4885929293.0,8425026072.0,2495128905.0,-10771026339.0
101970,우양에이치씨,CFS,102510082384.0,97953704389.0,85695830112.0,101937429822.0,109076213383.0,131609853446.0,146034174146.0,124645277326.0,200055393194.0,120652726573.0,25271416847.0,5227117874.0,21805463572.0,2135780152.0
102120,어보브반도체,CFS,109505921106.0,127473142993.0,108876239011.0,127749153276.0,147690807918.0,158462978855.0,140625984177.0,173068584293.0,232436389092.0,242576796583.0,-14643077325.0,25825288073.0,-33443728959.0,12654577621.0
102370,케이옥션,CFS,63312342246.0,84611000512.0,12751662321.0,17406058166.0,87607022111.0,91373432666.0,118743118052.0,126178632502.0,12154926530.0,27716194318.0,-4203376952.0,5819678380.0,-6154263398.0,4027200837.0
102710,이엔에프테크놀로지,CFS,221277355155.0,259136755722.0,221079522672.0,187596594139.0,292358799664.0,270602941282.0,366241945473.0,391676181644.0,574762367332.0,680206980850.0,24700466058.0,64645433271.0,-23244757125.0,45002267196.0
102940,코오롱생명과학,CFS,105045244427.0,110184254209.0,128341446112.0,109577506517.0,171763575658.0,146394637797.0,137671975689.0,167723249581.0,124639034557.0,161583789633.0,-24095033091.0,2641694089.0,-30726340421.0,2133314840.0
103230,에스앤더블류,CFS,42550996123.0,38407881960.0,13902760093.0,13414468444.0,21338938914.0,19507685682.0,45429618806.0,42527273435.0,43633590030.0,36015871826.0,3232674061.0,2499623094.0,3466819341.0,2325140936.0
103840,우양,CFS,68553614952.0,64715324358.0,88282628365.0,77150066687.0,108966405532.0,110953726955.0,41938092246.0,40068862057.0,191294814010.0,163412927036.0,1300007010.0,95871062.0,-3919886806.0,-2998797807.0
104040,디에스엠,CFS,25619164298.0,25442744607.0,23419533765.0,24754553076.0,25175441425.0,28405941870.0,49632237444.0,51688531009.0,29404450802.0,27255182909.0,-2019748251.0,-2322588214.0,-2056293565.0,-3086249870.0
104200,NHN벅스,CFS,28609612224.0,25640252418.0,16387599945.0,17202086560.0,21653285204.0,19860700320.0,68985905841.0,73835692072.0,56843263266.0,65845522202.0,803513553.0,2082383800.0,-5071080902.0,2527088599.0
104460,디와이피엔에프,CFS,145636845027.0,74179809613.0,140198190652.0,61382049529.0,179314276979.0,103391558032.0,111943685498.0,106874261657.0,144055577245.0,113114608120.0,8325039533.0,-11784582503.0,5701141419.0,-11201325755.0
104480,티케이케미칼,CFS,156978361631.0,222563578665.0,343518012344.0,339231976638.0,422880082353.0,483514905473.0,949362679060.0,947929864901.0,416317359659.0,620982174347.0,-32001572627.0,22933282699.0,-8916267156.0,275231355241.0
104540,코렌텍,CFS,115465868511.0,114222645371.0,93408421349.0,66231301988.0,101006385110.0,96562492166.0,86121178399.0,75254415256.0,92046040615.0,63908978499.0,7052267458.0,5845001049.0,5134788012.0,2651185656.0
104620,노랑풍선,CFS,52295278000.0,37598418716.0,64400465448.0,60124782535.0,64990569262.0,60317235911.0,40289799862.0,32682264283.0,98612582467.0,22004644714.0,6616430893.0,-20911540681.0,5694821504.0,-24316354657.0
104830,원익머트리얼즈,CFS,133049048177.0,246955278704.0,47541951867.0,136389983817.0,49969021497.0,137651227352.0,448262198627.0,445366959345.0,391674584740.0,581258025083.0,24689972889.0,88797905994.0,13844926017.0,57731833051.0
105330,케이엔더블유,CFS,64850370981.0,54242228215.0,22419464690.0,47207545846.0,26714947169.0,64346370697.0,125108652407.0,78465943776.0,95369711653.0,99581713544.0,5220758004.0,15288528632.0,2052430873.0,18066710742.0
105550,엣지파운드리,CFS,38970647619.0,33472559069.0,45086156659.0,42584217572.0,48168048296.0,46068274799.0,56134877719.0,68097309760.0,37040201905.0,36001329061.0,-4835961140.0,-2047021565.0,-21329840306.0,-5417374181.0
105740,디케이락,CFS,99391160563.0,88877012754.0,51683540603.0,54402157842.0,58505568027.0,60125460630.0,132885926579.0,112732121791.0,111449391562.0,109938203104.0,11788299787.0,11418619280.0,11552198451.0,5845398783.0
105760,포스뱅크,CFS,40995204682.0,42733356620.0,17473051236.0,18978869540.0,21688130032.0,31521357175.0,40145417672.0,32369661156.0,79284386397.0,91488384999.0,8430180763.0,11992232752.0,7530047880.0,6967992579.0
106080,케이이엠텍,CFS,15912641388.0,15632138082.0,9586701734.0,2539295368.0,10655624955.0,3017222604.0,11935929330.0,15602913553.0,4994194351.0,16828216399.0,-3681648939.0,681911680.0,-11288617056.0,789574954.0
106190,하이텍팜,CFS,56571250510.0,52040400443.0,22785320219.0,31738264181.0,28063663960.0,32263083649.0,106994353345.0,99938902322.0,76772140714.0,102947209339.0,10088910954.0,4927317429.0,8076496177.0,5872932393.0
106240,파인테크닉스,CFS,43129375200.0,48115617268.0,36805571294.0,34990121674.0,68116579366.0,59311362190.0,102868554431.0,104241532461.0,59576122521.0,51459059482.0,1247614307.0,724352897.0,-6007477378.0,251398664399.0
107600,새빗켐,CFS,50923148526.0,69588385849.0,19165912509.0,10979617321.0,35527916081.0,26447013598.0,63069932435.0,63145228920.0,45990061261.0,48126170903.0,-4902529763.0,10199488063.0,-1174895745.0,7701034860.0
107640,한중엔시에스,CFS,42477531188.0,49304117876.0,64618760102.0,58198890436.0,109107248013.0,89163100435.0,13495605278.0,28300405108.0,121551317604.0,88517278283.0,-12672781604.0,-13924873767.0,-18648295992.0,-20264027789.0
108230,톱텍,CFS,592591579833.0,289189548007.0,362415721126.0,130264096823.0,385026554042.0,148533080500.0,392680649063.0,329638722756.0,601655992697.0,344978629562.0,68950679380.0,20844214093.0,48145459802.0,5968779137.0
108380,대양전기공업,CFS,152193846769.0,127196709298.0,70905912984.0,41386238914.0,72272462333.0,42643345113.0,225677809604.0,218469177704.0,154347176318.0,130396027254.0,3734425846.0,-9885634582.0,8378787832.0,-7496350570.0
108490,로보티즈,CFS,81163877545.0,90710133440.0,18766996278.0,16469367459.0,19154455762.0,38136875373.0,95840881737.0,84657805401.0,29127949488.0,25856449323.0,-5298796747.0,-2160534050.0,-1299719460.0,-224151043.0
108860,셀바스AI,CFS,123610574610.0,47671620907.0,17195015950.0,19004025269.0,24271465951.0,35105427917.0,168519458520.0,72401013822.0,53011546842.0,50869207977.0,4086696337.0,5154506648.0,-125084596.0,7888821991.0
109080,옵티시스,CFS,42720819718.0,44130698983.0,5270407191.0,4993948324.0,5646715433.0,5665399859.0,52430677657.0,51091414369.0,21994615123.0,28704721599.0,831109475.0,7735860693.0,2307328888.0,7392987805.0
109610,에스와이,CFS,233248848982.0,227788007302.0,183883202904.0,200548884045.0,230686364567.0,229220220205.0,195741981913.0,189204563855.0,553670148803.0,537202459035.0,13557446896.0,14015573975.0,-9536409950.0,8047906301.0
109670,씨싸이트,CFS,82385023600.0,76284833088.0,40556256347.0,40956572791.0,44907447190.0,44832841776.0,53661979954.0,49910248932.0,152290472951.0,185575942387.0,780412614.0,13172869197.0,-4245995655.0,8888049664.0
109740,디에스케이,CFS,82365200945.0,99678111812.0,19915657744.0,44243752921.0,21340056984.0,46773467226.0,149529570101.0,147055252631.0,71500309073.0,48231988775.0,-9707377173.0,-13124132223.0,3575821124.0,-9618652931.0
109820,진매트릭스,CFS,19404565894.0,21279575701.0,4519236240.0,5006383357.0,8205695292.0,7716614588.0,23148242027.0,24185697216.0,9814502688.0,11214478726.0,-2548038790.0,-1522926015.0,-894937562.0,-8111332377.0
109860,동일금속,CFS,74932809190.0,77966640435.0,10503812642.0,19407529458.0,11406005582.0,23589132617.0,150584456845.0,153590621583.0,110445489877.0,111439113384.0,12368057822.0,13932278391.0,318836223.0,14029922792.0
109960,앱토크롬,CFS,20231526331.0,107987910489.0,27310074124.0,12004886286.0,29292206444.0,13955799426.0,287264870277.0,207474192679.0,16006600520.0,9597995160.0,188594164.0,-930460042.0,4171316164.0,2430508954.0
110020,전진바이오팜,CFS,7766689019.0,4756101715.0,11212759049.0,7947088453.0,11484009185.0,8358976609.0,6219660916.0,9565426482.0,15680552055.0,7794175890.0,-1244871755.0,-3135915724.0,-6439821104.0,-3113030365.0
110790,크리스에프앤씨,CFS,271308843409.0,240409109955.0,179270750830.0,176428869334.0,318694811959.0,285281050632.0,371336241438.0,315960902762.0,367042824810.0,380916686435.0,46109132297.0,78487509910.0,23232945009.0,26362620669.0
110990,디아이티,CFS,168030064732.0,200308838931.0,24624679312.0,76191158845.0,25724443546.0,77060507770.0,186126703465.0,177781960437.0,107061292801.0,132874920170.0,8644231654.0,5534308739.0,13163567178.0,9269367569.0
111710,남화산업,CFS,58174904894.0,59190668951.0,2303567007.0,4272988938.0,13348928568.0,14162953451.0,179722931969.0,168517073106.0,24670582732.0,30435802726.0,11794142261.0,17721459369.0,17655540121.0,20643476480.0
112040,위메이드,CFS,421994164740.0,405362214973.0,889482394092.0,722669210953.0,1016961075732.0,895502859674.0,400778285482.0,534328321556.0,605252428314.0,463491566220.0,-110440776864.0,-84938285329.0,-206682445625.0,-185755765680.0
112290,와이씨켐,CFS,47462576744.0,50572503670.0,41643397532.0,35566496579.0,59082674475.0,48541169392.0,60485923405.0,67546944291.0,62271679259.0,82350140227.0,-7826006885.0,5314562193.0,-6051969111.0,4164612028.0
113810,디젠스,CFS,39618574616.0,33360169570.0,33073670679.0,33131277995.0,43032452088.0,39233107673.0,17659503395.0,16289671973.0,86034323901.0,64951916649.0,2994699131.0,217718512.0,2962835703.0,-2100083007.0
114190,강원에너지,CFS,121019624897.0,47413444640.0,108055058298.0,43851138091.0,129008631526.0,52121351305.0,42520244089.0,32317888559.0,139211241785.0,71379940397.0,6927849462.0,2618432436.0,5262049560.0,3456098463.0
114450,그린생명과학,CFS,21712228319.0,26443405641.0,7393532542.0,9436509646.0,7874427156.0,9792757954.0,35954000899.0,52638974575.0,22369480277.0,36504906975.0,-4643025625.0,-3958046716.0,-16357737235.0,-3525567796.0
114630,폴라리스우노,CFS,81293212527.0,83362569812.0,25352537723.0,24678819324.0,26331952555.0,25097659532.0,101754387709.0,86747182279.0,78051382009.0,97046339631.0,5472293412.0,7478790709.0,7637406631.0,3706974726.0
114810,한솔아이원스,CFS,72240554870.0,99779371310.0,44306012166.0,70826461348.0,69020318711.0,76552162587.0,151877715855.0,150815226841.0,123932727886.0,163912364523.0,8216796871.0,36072901461.0,2131749985.0,28291077995.0
114840,아이패밀리에스씨,CFS,65766739122.0,48152686221.0,10674981583.0,12124450880.0,20838610964.0,22129450880.0,68994279177.0,50204175100.0,148685912955.0,85335168954.0,23996195140.0,9508401029.0,19997096910.0,7639365495.0
115160,휴맥스,CFS,371324868534.0,470767510028.0,357458343558.0,441351704349.0,584535876183.0,685054658593.0,247901935452.0,322512169690.0,652633704041.0,689475252984.0,11209323507.0,-5263657510.0,-78416381505.0,-51083132051.0
115180,큐리언트,CFS,44387750152.0,34232063550.0,2327928085.0,2952240920.0,2612112693.0,3275403934.0,47148846791.0,35136260479.0,9031807070.0,8468552823.0,-23213207544.0,-27474716001.0,-22248991298.0,-27118103413.0
115310,인포바인,CFS,84680343145.0,77316335053.0,8154232383.0,7739289372.0,8547712928.0,8182771339.0,106242177052.0,102021182204.0,22791114590.0,20905709137.0,7757251226.0,6859257458.0,7157275748.0,6010939147.0
115440,우리넷,CFS,89984859755.0,81670935484.0,41930170090.0,50904802764.0,46189226647.0,52458125239.0,76375473694.0,59629389908.0,119069644043.0,62265973516.0,8480464711.0,-6948319778.0,5693282759.0,-9750878724.0
115450,HLB테라퓨틱스,CFS,49824757382.0,80011653445.0,26790663522.0,58627728110.0,29275990847.0,59527711982.0,171518861900.0,128115546300.0,53749062575.0,42402741736.0,-8700260456.0,-7506563227.0,-3079320239.0,-12104142578.0
115480,씨유메디칼,CFS,34426160111.0,31235168004.0,27504214343.0,10831387941.0,31429449500.0,29151113848.0,54221024253.0,59260795243.0,41803052141.0,46957359252.0,4940532433.0,11117955163.0,-8135967945.0,9511267417.0
115500,케이씨에스,CFS,17455839310.0,28582480998.0,6989378814.0,20501085618.0,7111166509.0,20761310846.0,19427365571.0,18281203200.0,47725941122.0,41688296303.0,3154888846.0,544992865.0,2769225118.0,829033742.0
115530,씨엔플러스,CFS,24993828729.0,25412199268.0,20147527829.0,23200747537.0,22752666764.0,23302078207.0,11291653224.0,11608188300.0,36261410433.0,43042658055.0,961055940.0,1382532301.0,391812326.0,1737035104.0
115570,스타플렉스,CFS,41235300349.0,50536919298.0,27869782396.0,36701995545.0,29732349883.0,38178853072.0,63143560677.0,77868107538.0,70700646378.0,104072501016.0,-3406826203.0,3963756222.0,-14742876603.0,6537004317.0
115610,이미지스,CFS,19051986852.0,14035322004.0,14652222905.0,4693334908.0,16053358968.0,6059888333.0,6283354595.0,10512001477.0,16100183610.0,21917076908.0,-2313092777.0,1551363628.0,-4610901786.0,1806425437.0
117670,알파칩스,CFS,23173370370.0,31397500422.0,18230371060.0,34458973266.0,23060264322.0,37427967447.0,34716692225.0,50487295681.0,79873110316.0,89824586672.0,-2778151380.0,-3226870797.0,-23028082927.0,-51180836997.0
117730,티로보틱스,CFS,87879494510.0,44288672739.0,93220763052.0,43054800623.0,102291002029.0,63376349954.0,30701563778.0,24138507842.0,66716568313.0,56729389196.0,-8210044979.0,-2339634861.0,-49702180376.0,-1312960041.0
118990,모트렉스,CFS,269815654925.0,268764237950.0,207860857980.0,174975168214.0,325748740135.0,331584711563.0,205401625205.0,176073850532.0,531030803840.0,568500868925.0,53191037304.0,58815201894.0,31609201449.0,38499185399.0
119500,포메탈,CFS,24155461129.0,24022537749.0,14699243096.0,15293832938.0,16325734700.0,18904485655.0,49221639572.0,48240799931.0,71095183868.0,69599538303.0,2143509737.0,2017778037.0,1909472645.0,1726543563.0
119610,인터로조,CFS,159651694377.0,136488014986.0,79226274675.0,75025490395.0,91005204245.0,79998826350.0,187757903838.0,179306370057.0,121842779445.0,117822392382.0,18315172070.0,24173707659.0,13785558092.0,18622225721.0
119830,아이텍,CFS,121599018468.0,105162768379.0,63016977992.0,27763308931.0,73153968454.0,37305846762.0,147468841448.0,141710240241.0,83264313856.0,76653831108.0,-7176006243.0,717822628.0,-10538172914.0,21662247063.0
119850,지엔씨에너지,CFS,109354769625.0,103198206348.0,63946773404.0,53488053804.0,64280333511.0,53726055513.0,122812034554.0,117038808123.0,166417408343.0,148546394356.0,11022900658.0,6093453058.0,11704975205.0,25993510083.0
120240,대정화금,CFS,89488914269.0,74362558735.0,22721582843.0,23139515774.0,29707151148.0,27165323583.0,166621380350.0,146634090203.0,93282650935.0,96607882674.0,10995939901.0,11592433055.0,12959127696.0,13742269137.0
121440,골프존홀딩스,CFS,144453432380.0,146047574957.0,152987209502.0,138243291520.0,324104225967.0,323534142558.0,712627637950.0,685290151767.0,427096092866.0,488754684014.0,53112519604.0,94445934139.0,37647583403.0,88010331449.0
121600,나노신소재,CFS,332260551629.0,163349612569.0,18434810362.0,12045975919.0,190539608600.0,14866317449.0,239501924329.0,198894647651.0,83170197743.0,79912146327.0,11892080207.0,16822813569.0,16774215500.0,19180163937.0
121800,비덴트,CFS,69719396865.0,113980927017.0,77009156562.0,116840220209.0,79849263095.0,182000583531.0,568760444017.0,591461649625.0,10016939696.0,15845457360.0,-9887229423.0,-2711623825.0,-25906500192.0,-161741414629.0
121850,코이즈,CFS,14517064636.0,23856232844.0,14174942415.0,16635748259.0,18657395207.0,21364739471.0,14993787311.0,19151870983.0,16392594426.0,9702666379.0,-4103033489.0,-7209998290.0,-4436056343.0,-8978718383.0
121890,에스디시스템,CFS,9704533155.0,8328713699.0,2513751407.0,3870134579.0,2592383039.0,3961945828.0,12018690353.0,9376584564.0,21295259282.0,22496607372.0,1026101676.0,-730035431.0,2637243723.0,-602631970.0
122310,제노레이,CFS,69046814897.0,68446611149.0,22677072516.0,17472828834.0,28736501348.0,18234660297.0,95533182650.0,87963466279.0,97897440573.0,82604106563.0,12757041199.0,14917969338.0,12356204108.0,13900299511.0
122350,삼기,CFS,217796240392.0,208650641955.0,293368283762.0,237762074254.0,423885237583.0,358365135607.0,171181121739.0,120615902444.0,537441450272.0,524145243101.0,7809072777.0,11468310897.0,8267468161.0,-27607667576.0
122450,KX,CFS,424687818927.0,219755802714.0,526871917290.0,199906052113.0,687350256221.0,539460450623.0,350243370412.0,339606522733.0,403052353616.0,326266098023.0,62019517372.0,78631717079.0,26600421613.0,37918026479.0
122640,예스티,CFS,80258031219.0,44521301572.0,99846605789.0,71928317143.0,132180150057.0,107751529517.0,77420595585.0,81988801271.0,79808251218.0,75993760726.0,-411044492.0,-16881819932.0,-28720010401.0,-5229521023.0
122690,서진오토모티브,CFS,554901875556.0,487421129517.0,701193185299.0,648473281266.0,985539423108.0,834665770110.0,260623799479.0,212512005922.0,2451930583574.0,2093667836219.0,73758587434.0,46358890455.0,38345370639.0,23455126326.0
122870,와이지엔터테인먼트,CFS,341155416879.0,311016637294.0,141893103401.0,143804432005.0,157044777911.0,186584445794.0,585158756834.0,526288054590.0,569195078742.0,391174512956.0,86932081062.0,46639449138.0,76984258248.0,46774637912.0
122990,와이솔,CFS,176377968706.0,192515687879.0,45436058028.0,56182096954.0,49225130442.0,58899982365.0,347900656510.0,342485792806.0,369736286348.0,345885430881.0,13484696786.0,-12970736720.0,13209326806.0,-14776424576.0
123010,알엔티엑스,CFS,39179406114.0,48667652723.0,28984694894.0,23573946211.0,30271026033.0,24768325651.0,45534706824.0,55180992573.0,32289441722.0,12009259381.0,-10123065895.0,-6002443643.0,-12225996329.0,-5253368446.0
123040,엠에스오토텍,CFS,896481183229.0,757050924942.0,851836802759.0,747712793011.0,1095888306426.0,1080294310168.0,569253200198.0,461907026356.0,2081763599500.0,1857606402358.0,174843700115.0,139119111947.0,91656537648.0,113026933064.0
123330,제닉,CFS,9447206452.0,15452057137.0,11698848829.0,14253899319.0,11870394406.0,14413429809.0,11531444976.0,15942873615.0,28069766610.0,31448829338.0,-4023185937.0,-3173315075.0,-4410613010.0,-3340027694.0
123410,코리아에프티,CFS,241085661531.0,214918450990.0,191435142441.0,193094440431.0,237807649313.0,245235117810.0,177353236697.0,148866537829.0,679542505142.0,561043636760.0,33927539705.0,19446713015.0,30335231231.0,8273445536.0
123420,위메이드플레이,CFS,61394837088.0,77615717315.0,19603592735.0,27115496142.0,163418705543.0,181811632281.0,228172745344.0,222323381246.0,121678519778.0,134045125478.0,-436034591.0,892993172.0,4328399509.0,-532578590.0
123570,이엠넷,CFS,94381424587.0,91881802742.0,23781104781.0,27515439324.0,32404935546.0,34389280708.0,93763769598.0,93833023868.0,35018281188.0,44211307834.0,3665773146.0,9327837585.0,3916975656.0,7333560297.0
123750,알톤,CFS,37650311652.0,33946770400.0,17308258885.0,14294031802.0,18188062299.0,14536974594.0,26469466627.0,27088282043.0,42402825314.0,51317871455.0,649776075.0,2086327179.0,-362890743.0,-706951049.0
123840,뉴온,CFS,8174276612.0,12594792839.0,21396832791.0,22995979994.0,25920333326.0,23908728874.0,33745617758.0,37623431158.0,4821046542.0,6907587085.0,-10481415137.0,-7955817362.0,-23918960603.0,-60734620030.0
123860,아나패스,CFS,102180200976.0,94260982401.0,55230802918.0,63537800761.0,58064536546.0,65367957543.0,53806531286.0,37832326059.0,71466090073.0,43291922796.0,4469540613.0,-7015267470.0,2679677306.0,-13117480721.0
124500,아이티센글로벌,CFS,562633063301.0,578454964042.0,481328669084.0,495237726143.0,492957813642.0,556057237858.0,284410590885.0,274445276827.0,2815145201364.0,2621054378127.0,30518767988.0,30445407072.0,-6202603892.0,31183106015.0
124560,태웅로직스,CFS,262260184156.0,260308609561.0,171293342120.0,141658635143.0,190732952585.0,165878868673.0,224516596882.0,209470779847.0,770338854461.0,1328207332062.0,36036019361.0,116585477290.0,27124922143.0,93716326166.0
125020,티씨머티리얼즈,,,,,,,,,,,,,,,
125210,아모그린텍,CFS,85616929612.0,62826692848.0,85341914519.0,59130862630.0,103732668713.0,87250893335.0,68772918855.0,55894422773.0,147600020643.0,142128437632.0,12286582302.0,8835373822.0,13021008448.0,11415403120.0
125490,한라캐스트,,,,,,,,,,,,,,,
126340,비나텍,CFS,46717590093.0,55507247261.0,41438230800.0,44639348007.0,65748908554.0,72349234047.0,64263635695.0,60976128349.0,54964094324.0,70656753558.0,3036206471.0,9351006048.0,1976945237.0,11670288452.0
126600,BGF에코머티리얼즈,CFS,262081334883.0,253180273368.0,92405382526.0,117764418740.0,133708342036.0,150198660555.0,436750804142.0,201945072094.0,285658919446.0,263301590668.0,17193108658.0,15925460652.0,-9806448688.0,28879581735.0
126640,화신정공,CFS,100424047617.0,75683094815.0,73953924848.0,56698039847.0,79099695358.0,59731905551.0,118135945781.0,101647253189.0,359878250345.0,317941978708.0,8707274170.0,9295111992.0,9032825243.0,7077084377.0
126700,하이비젼시스템,CFS,266098834317.0,223254741570.0,93313737856.0,84540490431.0,95353827747.0,86240128170.0,264897704841.0,223128960934.0,348281451045.0,197677984273.0,58796177634.0,25087168126.0,49741192485.0,24608385751.0
126730,코칩,,,,,,,,,,,,,,,
126880,제이엔케이글로벌,CFS,199616309301.0,162383043852.0,154305081732.0,105883132396.0,178767911883.0,126312230737.0,114224682526.0,113160043976.0,166706283422.0,197104167668.0,4137698750.0,6927168613.0,3784089620.0,7389298992.0
127120,제이에스링크,CFS,14486203411.0,18698303670.0,8923972659.0,10501761747.0,12479999703.0,15616676885.0,26277552342.0,27890286716.0,21948990482.0,16981077512.0,-4342056425.0,-5147247988.0,-5595933744.0,-8077710734.0
127710,아시아경제,CFS,170858296773.0,246601067882.0,290484883968.0,325727060295.0,384741200319.0,530065854807.0,168912034018.0,190050857062.0,93135610392.0,85242477459.0,-28489053783.0,-1144008257.0,-23452151830.0,17467316868.0
127980,화인써키트,CFS,62036513012.0,28226039706.0,44017896549.0,15641738571.0,57542716323.0,18742641302.0,48223115451.0,31253743065.0,69222343617.0,64370929731.0,4317041782.0,4116471652.0,5207564915.0,3587093322.0
128540,에코캡,CFS,90446335522.0,92259876531.0,62305302540.0,50530437990.0,68690955714.0,65199364543.0,89945220213.0,88575112410.0,135901878758.0,121663336913.0,3950847298.0,-1924041613.0,2078833952.0,-3223590387.0
128660,피제이메탈,CFS,69881407362.0,70906222796.0,49003217524.0,47674890297.0,58999336906.0,52038346170.0,75241819636.0,61056962711.0,229349317992.0,269048598652.0,6013093241.0,10373344511.0,13387158971.0,5782322160.0
129890,앱코,CFS,53861304181.0,61135674188.0,15399976594.0,17916283204.0,37811042333.0,43588078019.0,57913084843.0,56138926685.0,98938963953.0,82663362781.0,2154943774.0,-15494887356.0,1808299189.0,-17628609150.0
129920,대성하이텍,CFS,110379785593.0,102461403476.0,85389842117.0,64310783599.0,114771598264.0,88330550538.0,74099084362.0,68184526665.0,92797688898.0,128372242344.0,-6581048283.0,11477824071.0,-7485693014.0,2139410055.0
130500,GH신소재,CFS,54479714621.0,37401526015.0,67356010675.0,44113755703.0,91692179855.0,48170888157.0,88404625719.0,82973675793.0,88767723394.0,86852635796.0,4696517331.0,3221779529.0,2731482896.0,4414302800.0
130580,나이스디앤비,CFS,75754194509.0,72354659504.0,20156288745.0,21017929104.0,21540596737.0,22690288796.0,90685561937.0,83897799157.0,87910545223.0,92189888726.0,14191689686.0,15496053408.0,10376813930.0,14260795333.0
130740,티피씨글로벌,CFS,58434568940.0,57329267503.0,36574153870.0,30829337889.0,38331415585.0,36867267888.0,79071575518.0,81722775257.0,79495864095.0,81344275889.0,-2818722194.0,-1608652657.0,-6399107984.0,2216264698.0
131030,옵투스제약,CFS,91772191023.0,81386212231.0,13072250936.0,9760307908.0,15009466334.0,11772805559.0,134450876221.0,124467496994.0,72426447150.0,58657537976.0,8186594736.0,5258041794.0,10760361468.0,5011989964.0
131090,시큐브,CFS,43304230107.0,40434011011.0,3569597049.0,4686025112.0,4069633650.0,4988273346.0,44845315325.0,41762825842.0,14445671814.0,13702794762.0,4453118488.0,5304365069.0,5786793032.0,4825964033.0
131100,티엔엔터테인먼트,CFS,36166461398.0,29543598902.0,54945245663.0,59435001646.0,59800202304.0,65809762178.0,63010001830.0,76979517289.0,150268840513.0,71907402901.0,13524360041.0,3250496402.0,-17847696964.0,-2378767829.0
131180,딜리,CFS,25838563256.0,34537189990.0,7523732732.0,9774858439.0,8732382211.0,11746840813.0,57673935606.0,58382880587.0,25705183783.0,37178543017.0,-890645382.0,2279442515.0,688445078.0,2620852971.0
131220,대한과학,CFS,44423841537.0,38962778519.0,14708734540.0,11922216626.0,15301333934.0,15024013787.0,48695162082.0,44428758093.0,73702238899.0,72279688057.0,6167121379.0,7224466955.0,5221914108.0,6242495907.0
131290,티에스이,CFS,207346004049.0,228247078200.0,65333454048.0,71583964725.0,95297803409.0,105060114214.0,347823537586.0,330775724540.0,249147689845.0,339264169508.0,-2380122294.0,56626172882.0,-2095147625.0,53365190430.0
131370,알서포트,CFS,35701210114.0,49813878022.0,8753206463.0,9671087230.0,9818491973.0,10241484173.0,92656462692.0,85919371139.0,50411451721.0,48599235514.0,7927568472.0,7246745357.0,7287209640.0,4215520969.0
131400,이브이첨단소재,CFS,33563114532.0,33092076528.0,9390796472.0,44482782650.0,13984078691.0,49614277031.0,120428984931.0,70937784997.0,62797170564.0,58070355128.0,-5770212015.0,-2861439150.0,1560226018.0,-10696976801.0
131760,파인텍,CFS,39168572169.0,41112886685.0,35459487525.0,36161873569.0,39693940918.0,43110968362.0,30651363613.0,34573395700.0,44755330657.0,81411384326.0,-4227096017.0,6667476994.0,-7721167667.0,5913666350.0
131970,두산테스나,CFS,125288352988.0,107927202623.0,139355059870.0,275679314425.0,359477895356.0,457182712027.0,403637414864.0,309834022109.0,338652254525.0,277655937555.0,60778799323.0,67169269292.0,49077381672.0,52333033783.0
133750,메가엠디,CFS,48970938489.0,50645033160.0,18541104424.0,22177340763.0,22467422753.0,27811103317.0,62244149884.0,65741695807.0,36041389502.0,64468046391.0,-3939064553.0,2000608357.0,-3197186339.0,2112779377.0
134060,이퓨쳐,CFS,16636750211.0,16972491585.0,1429030667.0,1067592683.0,4562714605.0,2751416781.0,21604737172.0,21656930833.0,10499382224.0,11104511185.0,1001035378.0,1824142922.0,1383158021.0,2859073644.0
134580,탑코미디어,CFS,22725266664.0,38253531287.0,4411840996.0,22942383286.0,4639034747.0,23721177629.0,37231816875.0,35146716416.0,19178342271.0,11703036733.0,-2653050366.0,1402451075.0,-11865220642.0,-3028958668.0
136150,원일티엔아이,,,,,,,,,,,,,,,
136410,아셈스,CFS,46411221561.0,49422924433.0,34055775992.0,21712205344.0,39462438291.0,40404125311.0,61288371015.0,58893725823.0,47734640838.0,53052773971.0,6008991810.0,8685735334.0,3266063362.0,7252016556.0
136480,하림,CFS,336011742482.0,397405599817.0,438582972834.0,530725212392.0,533580769459.0,608732162785.0,308556529358.0,301100559718.0,1410837724581.0,1342909403482.0,40446934176.0,46819347142.0,13028118636.0,5001809745.0
136540,윈스테크넷,CFS,153922057910.0,140451887927.0,25984613568.0,26049626281.0,29545140121.0,29150711546.0,191280702788.0,176459793395.0,106854537551.0,101423912391.0,23089927104.0,21978671617.0,21083973197.0,19238533871.0
137080,나래나노텍,CFS,65212740606.0,80732340459.0,64215679855.0,71950284346.0,79498678630.0,77476223974.0,93554411953.0,107968699406.0,52925517541.0,88040460887.0,-14991082577.0,1956020616.0,-13283478372.0,2521937374.0
137400,피엔티,CFS,1269203899683.0,915394201910.0,1093594786601.0,809004959612.0,1136627277397.0,854697424462.0,464702755515.0,233195039230.0,545413968484.0,417814489256.0,76924220008.0,77765165313.0,68474478926.0,59671803839.0
137940,넥스트아이,CFS,63880400003.0,76737860400.0,26196977708.0,25459824481.0,27284562450.0,28387438999.0,83601958675.0,100740753940.0,17749092561.0,32196308607.0,-12168438546.0,-4699065279.0,-17532913081.0,-4084908568.0
137950,제이씨케미칼,CFS,117935648179.0,127727111255.0,109003587448.0,126794806000.0,139407382220.0,164926930533.0,160730994322.0,143117435933.0,439247116474.0,511666317990.0,32297170191.0,42649484762.0,21125249743.0,19186527476.0
138070,신진에스엠,CFS,52679766257.0,57905983589.0,20481936988.0,20017328034.0,29144722836.0,34063707929.0,78322941184.0,76914239432.0,59704217015.0,66325154097.0,3954600202.0,6717903253.0,4027889802.0,4451738168.0
138080,오이솔루션,CFS,74832773642.0,99267375565.0,39476725889.0,38920720129.0,40545818529.0,40264324019.0,111422974745.0,147655506645.0,46002760622.0,76953984689.0,-31080650276.0,-8705147021.0,-33817287395.0,-5976773303.0
138360,앤로보틱스,CFS,39729318552.0,39546446502.0,14736923231.0,12284152178.0,15196924938.0,12720052992.0,37440007732.0,39404478348.0,10281647279.0,14954069869.0,-2297709099.0,898763246.0,-1886417461.0,-6062322702.0
138610,나이벡,CFS,40959307767.0,44648710272.0,31175555910.0,13959407809.0,37959108738.0,37917518796.0,28843158562.0,33070488822.0,15703946248.0,21670439547.0,-2230481871.0,645669182.0,-6284177530.0,-3765862625.0
139670,키네마스터,CFS,18480088906.0,15358550694.0,2500734743.0,1136592161.0,2970833704.0,6790751420.0,16676527866.0,9534631123.0,16773679386.0,19429769494.0,1861579740.0,-16016522670.0,2623248143.0,-15346335761.0
140070,서플러스글로벌,CFS,201572111749.0,221545212592.0,108964265950.0,119062633501.0,155076180016.0,181847682356.0,189123599423.0,186501978785.0,166034852561.0,234921237463.0,13032683453.0,31905194432.0,5556667415.0,25823425552.0
140410,메지온,CFS,74243516264.0,45897006835.0,29615262759.0,26080010640.0,30704991008.0,27781788650.0,61444362867.0,26240052807.0,,,-3521464031.0,-7810324077.0,,
140430,카티스,,,,,,,,,,,,,,,
140520,대창스틸,CFS,179899408957.0,173940891825.0,95118902587.0,64308302948.0,106677372273.0,73022046073.0,151785446944.0,166888457845.0,419753133733.0,398516324784.0,5729081726.0,5069913564.0,2110280841.0,62382358006.0
140670,알에스오토메이션,CFS,51997302735.0,64617439237.0,35163145489.0,42211134643.0,39036513890.0,47811765396.0,35851589505.0,41594694849.0,81275080014.0,102029573569.0,-2977651178.0,1772939762.0,-5697190752.0,724658763.0
140860,파크시스템스,CFS,148106824176.0,126306643129.0,49664629592.0,39687594282.0,58187914053.0,47586061071.0,143484613955.0,119463077702.0,144806376321.0,124522011401.0,27560237095.0,32648280440.0,24562474113.0,27984365814.0
141000,비아트론,CFS,102027925528.0,105213609020.0,20342431748.0,24745718070.0,21783407942.0,26033579708.0,165765669021.0,169419546297.0,28014037151.0,70975044017.0,-1682742208.0,13967392089.0,1907296012.0,16196611240.0
141080,리가켐바이오,CFS,134618752842.0,191618909904.0,37071716407.0,28602844482.0,41280911655.0,32931523513.0,148221267204.0,219598926036.0,34145640069.0,33412042600.0,-80822342649.0,-50375099038.0,-73703570475.0,-45091793579.0
142210,유니트론텍,CFS,204750999889.0,231521247979.0,118757942693.0,144388566814.0,135194326849.0,161692921580.0,113314505211.0,96270885779.0,598093762212.0,525048561043.0,30923836146.0,30871376670.0,20038355461.0,13503288617.0
142280,녹십자엠에스,CFS,43345331731.0,50136885013.0,46527717119.0,39487675277.0,53605865713.0,60820133549.0,36923477377.0,35650537598.0,94010675488.0,113109118702.0,1800722614.0,-1262531609.0,1876754309.0,-3058695883.0
142760,모아라이프플러스,CFS,29837057388.0,71771340598.0,12525696728.0,64968540169.0,13278407541.0,81095770784.0,35794050183.0,67320890451.0,18245316126.0,22004336370.0,-5163851157.0,-9732839847.0,8074472533.0,-33738602577.0
143160,아이디스,CFS,275859010585.0,218712769412.0,92371953963.0,60954096606.0,107462220491.0,74006295268.0,336677732999.0,256490631892.0,278189278977.0,269923346993.0,22645779197.0,27843659994.0,25277086689.0,14288291075.0
143240,사람인,CFS,64662864883.0,67435526949.0,26569821226.0,34243116485.0,30912662076.0,37565642884.0,175056061960.0,172606163097.0,,,25264492961.0,40588145787.0,18617909074.0,29266991113.0
143540,영우디에스피,CFS,42961164189.0,52398355070.0,40818417057.0,28607481148.0,42417319053.0,41867078150.0,28688524971.0,40244008346.0,47814660587.0,49532401438.0,-11093300758.0,-16372791501.0,-12902152107.0,-25689309977.0
144510,지씨셀,CFS,63887519167.0,93326480660.0,76816032313.0,88115470759.0,123691620129.0,130783671643.0,541481756503.0,545746957005.0,187544189442.0,236120072863.0,4076768549.0,44281788453.0,79104926.0,24168869998.0
144960,뉴파워프라즈마,CFS,303573849317.0,305806613388.0,329382271977.0,257236888612.0,396425001392.0,367372870549.0,277200025906.0,265906834808.0,350666770950.0,352878764242.0,16088546345.0,14124593851.0,16264716420.0,20263943320.0
145020,휴젤,CFS,567772402738.0,617863083758.0,57425431475.0,177312675459.0,149572606527.0,200328493261.0,779678035474.0,849454435253.0,319699941151.0,281675135067.0,117781785955.0,101378493271.0,97660299628.0,60681761506.0
145170,노브랜드,,,,,,,,,,,,,,,
146060,율촌,CFS,49265570804.0,34449626176.0,39885376305.0,43747029509.0,45290956863.0,50787008031.0,45916434987.0,23358294077.0,72612466182.0,75822696549.0,4119945246.0,5149878984.0,-17891808600.0,3249415585.0
146320,비씨엔씨,CFS,38153556199.0,35704960224.0,41835540750.0,26441498144.0,59642982697.0,37556546756.0,74774455600.0,73275263875.0,65312042853.0,82050451303.0,-41858607.0,11579293454.0,1273170250.0,10125721798.0
147760,피엠티,CFS,26285561012.0,22570464891.0,17937196412.0,8568371066.0,23085008745.0,9897633877.0,45342451484.0,51632379921.0,33042724100.0,38244471105.0,-5266408445.0,-5229422480.0,-5550874255.0,-5446811213.0
147830,제룡산업,CFS,71168578900.0,73527401565.0,4329003125.0,8429314510.0,5308160715.0,9112903986.0,76165368399.0,73736069990.0,40895901213.0,59307568567.0,5561701012.0,9608333299.0,7289384309.0,9125141418.0
148150,세경하이테크,CFS,172091456278.0,70386566158.0,99270719662.0,29408780490.0,102386579989.0,34614022468.0,201893863587.0,174185794801.0,304477120594.0,260647147230.0,36183441126.0,7998634087.0,8659317557.0,12614241066.0
148250,알엔투테크놀로지,CFS,23890826167.0,31402228882.0,8995701679.0,16011861861.0,10761056847.0,18321714233.0,38876631588.0,43149148998.0,14686648669.0,23280614528.0,-1449819927.0,3280227771.0,-3685946907.0,-119317844.0
148780,비큐AI,CFS,14781181347.0,13955490412.0,3850368394.0,3754391826.0,4126531111.0,4492811443.0,12315987878.0,11905553268.0,16892288214.0,16258637264.0,240282775.0,-1128517592.0,733030521.0,-46044220.0
148930,에이치와이티씨,CFS,49737885204.0,41787629331.0,4832797799.0,4955899003.0,11438813542.0,12405693937.0,60056353135.0,55101748821.0,40628539637.0,34213303589.0,3567640026.0,1979077610.0,5604619686.0,1966187298.0
149950,아바텍,CFS,55510733726.0,56308215235.0,7422167085.0,12795237176.0,7808788601.0,13129609353.0,142394564864.0,136755691046.0,75771249556.0,73183893397.0,2199978697.0,-5351206969.0,4800902670.0,-4320494730.0
149980,하이로닉,CFS,45672321271.0,41888288129.0,3822970394.0,4389253857.0,6694743636.0,9768726237.0,72402865755.0,59836615920.0,33731985488.0,27567596629.0,5270588753.0,3581104785.0,8246188046.0,3640305666.0
150900,파수AI,CFS,27084496574.0,33308047231.0,6762182056.0,11730665165.0,11933783551.0,19261713427.0,34994086298.0,32396848925.0,42663565494.0,44123812663.0,3814974790.0,5196974333.0,4471762763.0,5273931495.0
151860,KG에코솔루션,CFS,2364322324532.0,1708939356443.0,1573191303759.0,1219835414834.0,3005928862059.0,2522824112612.0,2835220883339.0,2663794670822.0,7257169608818.0,4944241256184.0,309777861059.0,356188977348.0,219616203835.0,949544625856.0
153460,네이블,CFS,26206151362.0,27889736155.0,2418324178.0,3501297955.0,2940434911.0,3998858296.0,31302783808.0,32628175468.0,13443862679.0,18298809095.0,-2100774254.0,3361839487.0,-1435198081.0,5277657521.0
153490,우리이앤엘하루틴,CFS,99781798427.0,87205041358.0,37227500507.0,32272384156.0,38837754610.0,33399190988.0,81713194860.0,75435997666.0,141964383578.0,136162092611.0,5046830682.0,2744307922.0,5416636846.0,5296397020.0
153710,옵티팜,CFS,20475820438.0,21547877316.0,11600889384.0,9263653439.0,14131027831.0,12170971762.0,25144342754.0,29011304664.0,17372567556.0,16008196853.0,-2630945406.0,-2188283694.0,-2436687425.0,-2044630879.0
153890,져스텍,,,,,,,,,,,,,,,
154030,아시아종묘,CFS,23683122222.0,24422067693.0,16710694161.0,13336465348.0,20143063374.0,18762071328.0,22293090790.0,24763208772.0,26395658878.0,24047390439.0,-545738261.0,-1595951716.0,-2450871656.0,-604854448.0
154040,다산솔루에타,CFS,52524412810.0,51582012756.0,83136083634.0,70325464237.0,112374407210.0,111228565931.0,70165157425.0,40127174416.0,158770415307.0,157872423305.0,-149102626.0,5668516677.0,26505987961.0,4025318789.0
155650,와이엠씨,CFS,82611236634.0,82023106060.0,41449845552.0,25795245598.0,46346854472.0,26557128742.0,122689499340.0,115527197917.0,204633201126.0,235381355565.0,15769934518.0,23075646705.0,14806555748.0,20482792716.0
156100,엘앤케이바이오,CFS,44416890524.0,36146815998.0,22763224980.0,37980728499.0,32175314100.0,41901615436.0,30586924007.0,10761718190.0,29904806625.0,19767459566.0,2034331044.0,-13058488369.0,-5239238609.0,-16232882299.0
158430,아톤,CFS,69621606652.0,54378082609.0,52795128023.0,36624617077.0,61847249773.0,48263480095.0,83153975135.0,70771119645.0,55030886112.0,44743476684.0,11412710566.0,8046838457.0,10193342856.0,17237744712.0
159010,아스플로,CFS,79949749958.0,61438858665.0,61706876201.0,50421519311.0,72685086264.0,57432572107.0,57474227642.0,53927305418.0,86873727999.0,88655767575.0,6353099941.0,10502786502.0,3574931894.0,9053357515.0
159580,제로투세븐,CFS,42211985817.0,51281842046.0,7291404206.0,18626755925.0,7880863231.0,19831610128.0,81537381780.0,79558361586.0,69412990004.0,90391450843.0,2324081274.0,9334742187.0,963997669.0,4127129858.0
159910,에코글로우,CFS,12536656324.0,24090130833.0,6877480718.0,7337228952.0,9226239588.0,7868679632.0,18027212637.0,27460713991.0,13924448038.0,13261873900.0,-7727652128.0,-6322564269.0,-9438493811.0,-10095848663.0
160190,하이젠알앤엠,,,,,,,,,,,,,,,
160550,NEW,CFS,186597699548.0,190783593991.0,126143765693.0,134645314492.0,168296307049.0,170168619803.0,145143931459.0,162750204254.0,129147737184.0,155617110146.0,-5582630804.0,7215470726.0,-17506374625.0,-21117979053.0
160980,싸이맥스,CFS,128169756308.0,148064514673.0,48420368101.0,69975187249.0,50078579995.0,71952538965.0,162525409117.0,154095940044.0,156626583125.0,195055846091.0,7112986673.0,21161006038.0,11826612218.0,7808543452.0
161580,필옵틱스,CFS,296218125991.0,196766878538.0,207355199548.0,173617475763.0,274054933670.0,241763000970.0,176856436271.0,81585555097.0,300001066109.0,303987727889.0,10265296884.0,18085152488.0,-43359457048.0,-5154412365.0
162300,신스틸,CFS,129805879339.0,124739360837.0,76041646431.0,87303810382.0,113579121984.0,98641464211.0,71389274485.0,62934598029.0,323817908414.0,381031986592.0,13051719126.0,15869285462.0,6418329247.0,5887782591.0
163280,에어레인,,,,,,,,,,,,,,,
163730,핑거,CFS,40278474780.0,40967707096.0,11120076249.0,11504954301.0,12867733399.0,15929390364.0,49810831366.0,45414865019.0,83127054173.0,90102336029.0,3669784550.0,5399405891.0,4463862198.0,1916854467.0
166090,하나머티리얼즈,CFS,140029524760.0,147840935407.0,135866224944.0,103016931164.0,272869288131.0,182053856699.0,399694212949.0,297572258664.0,233576716299.0,307324400689.0,41282810386.0,93739279403.0,34193789438.0,80134902808.0
166480,코아스템켐온,CFS,10721293647.0,15206490492.0,41591586817.0,27871595945.0,58990694040.0,38419865284.0,19600629786.0,38634176444.0,33657156172.0,45877628499.0,-19675632871.0,-6352419193.0,-17671634878.0,702263912.0
168330,내츄럴엔도텍,CFS,10674675670.0,13095036360.0,4248477171.0,2455415545.0,6259978794.0,3229212581.0,30942986935.0,36579994921.0,18790261455.0,13950826981.0,-4081101947.0,-8437324446.0,-5633398813.0,-10692447953.0
168360,펨트론,CFS,38349663109.0,43444194888.0,28984170900.0,40237095577.0,42228561394.0,46621157314.0,32468464379.0,26140675230.0,73715799864.0,61158301940.0,8061885812.0,6352849380.0,7100354288.0,5240363309.0
169330,엠브레인,CFS,30445695572.0,34595414907.0,10154089854.0,13951157099.0,11285265467.0,16144003334.0,30880759625.0,29494748961.0,54943864075.0,51268071630.0,4711681708.0,7396045251.0,3944041216.0,6053755978.0
170030,현대공업,CFS,145426317600.0,128936094387.0,82912951336.0,68283225745.0,85647380695.0,70000096210.0,143827879628.0,136497024160.0,307539845202.0,278495503526.0,15398581275.0,15055330506.0,13113866217.0,11402126148.0
170790,파이오링크,CFS,70826704098.0,75171580589.0,10786572665.0,10852157607.0,12604460967.0,22175366966.0,80582111825.0,72560303960.0,59017753144.0,61637231707.0,9004175813.0,11405606181.0,10571460055.0,12145167814.0
170920,엘티씨,CFS,161131471043.0,146550536765.0,184184425932.0,107439760132.0,189607366268.0,178197116665.0,109750190176.0,93287217346.0,113358801071.0,219427343415.0,-16045371389.0,10782148304.0,-27953305947.0,3026880895.0
171010,램테크놀러지,CFS,34425975648.0,36062627366.0,33502418088.0,29355047108.0,43810496579.0,31106236618.0,48588203889.0,51615655036.0,42975926481.0,67022778731.0,-2952414219.0,6904440941.0,-2869461764.0,6059215871.0
171090,선익시스템,CFS,95127697180.0,80240999201.0,59972055600.0,42465698199.0,63904609148.0,45567661526.0,70872953417.0,79302258474.0,62412802428.0,74052657060.0,-4057386187.0,4434988604.0,-9230697152.0,-3235990282.0
171120,라이온켐텍,CFS,76931271978.0,77645653966.0,41660994720.0,29024148832.0,41748163134.0,29287285320.0,129206180950.0,122550741605.0,130782710870.0,152000680610.0,7794782921.0,10986424208.0,4987742388.0,8698097141.0
172670,에이엘티,CFS,21743185393.0,13507731122.0,31717946506.0,62708027046.0,90352233544.0,114526768259.0,107680749347.0,69353166571.0,47687929129.0,44318854365.0,4895328861.0,8025839545.0,5022563707.0,14260090631.0
173130,오파스넷,CFS,98843021379.0,100240728753.0,68024236418.0,74022417242.0,79280265503.0,83962037811.0,46713504488.0,35329323399.0,224980562132.0,170585406981.0,13950555536.0,8523778870.0,10460499457.0,6068542107.0
173940,에프엔씨엔터,CFS,58730947879.0,44404496747.0,33088033694.0,39504440809.0,75774662897.0,51225237898.0,36019724025.0,44409167938.0,92154263323.0,65786471717.0,-7568800920.0,-13183189634.0,-8280174528.0,-17600437229.0
174900,앱클론,CFS,19339371775.0,24955671803.0,17618476328.0,8579502615.0,18208365620.0,17284275601.0,27227307543.0,36736988564.0,2877031419.0,3404207999.0,-11644913069.0,-8739802885.0,-12904282435.0,-9243793594.0
175140,아고스,CFS,28806208558.0,53080838211.0,7974352724.0,27875494413.0,8426820612.0,28731457675.0,42150321632.0,41361560733.0,38503045776.0,35536737811.0,-7993587338.0,-6615652988.0,-14836196965.0,-10251035433.0
175250,아이큐어,CFS,31811755806.0,80704854655.0,95438914567.0,109980866031.0,106544590225.0,132261971561.0,59592906811.0,91858577429.0,56806335194.0,59367111183.0,-22656494901.0,-26771353853.0,-32298851206.0,-42548549286.0
176750,듀켐바이오,,,,,,,,,,,,,,,
177350,베셀,CFS,28425282945.0,31755026832.0,42686197790.0,42486201380.0,46089699431.0,53929314336.0,26712223782.0,30352745057.0,26135468474.0,44128091436.0,-13127082607.0,-6980251012.0,-24163657025.0,-14460355788.0
177830,파버나인,CFS,49369402231.0,66213207294.0,49079725771.0,64916877613.0,56945619268.0,65661290685.0,74253031095.0,76031515674.0,120684709193.0,118037938315.0,1691733621.0,10341723515.0,145831901.0,6342231716.0
177900,쓰리에이로직스,,,,,,,,,,,,,,,
178320,서진시스템,CFS,780088738374.0,728789631079.0,920013040523.0,663136656073.0,1022021038730.0,845244135390.0,498095317755.0,539569713614.0,778694260990.0,735988528835.0,48998367201.0,59685469635.0,10810694880.0,27563465086.0
178780,일월지엠엘,CFS,27164926979.0,8817674471.0,24504946491.0,4494088693.0,24944320834.0,5649594993.0,13378941795.0,6316920759.0,28812419144.0,13122276435.0,-851330146.0,-3192545411.0,-6577475613.0,-4079133602.0
179290,엠아이텍,CFS,77575793950.0,76189002031.0,4639968420.0,8820665160.0,5903374068.0,10500564224.0,92937461081.0,83547970589.0,46387389200.0,56220138285.0,14066004271.0,22286193685.0,12797534891.0,19147857949.0
179530,애드바이오텍,CFS,13417375081.0,14122832060.0,12989633622.0,11792678701.0,17246118019.0,14832854851.0,10847110244.0,16185278710.0,10471949613.0,10631575436.0,-4762402527.0,-4938351845.0,-5431863549.0,2696279850.0
179900,유티아이,CFS,45498545859.0,62158528564.0,83275292291.0,20380629845.0,83611367761.0,67969344530.0,17215221507.0,47305737142.0,19361163288.0,36443362536.0,-19731810602.0,-4640515978.0,-29567648376.0,-12053014147.0
180400,DXVX,CFS,28786581879.0,38664986857.0,57506141571.0,31663134042.0,71139418758.0,51600077648.0,28796493316.0,34350696944.0,46745087441.0,32184379157.0,-12084041763.0,2634286404.0,-27836035041.0,-969805407.0
182360,큐브엔터,CFS,75479619516.0,74496630368.0,64035274729.0,64105732333.0,73598839660.0,66613826823.0,79621130423.0,39297374203.0,142272172633.0,120637928352.0,15423770911.0,6927857971.0,11223257792.0,6110261110.0
182400,엔케이젠바이오텍코리아,CFS,8881178804.0,24902891865.0,60026080267.0,71192888972.0,63782391653.0,86473968000.0,-9337158059.0,83221089937.0,10528426204.0,11055733893.0,-67323456909.0,-49653047361.0,-153434090142.0,-55607367453.0
183300,코미코,CFS,236241103871.0,141948984584.0,150976519884.0,85941139516.0,305922619817.0,130129928564.0,287980197096.0,257666575978.0,307266896921.0,288376003971.0,33028446745.0,55397524906.0,45511244117.0,41966780348.0
183490,엔지켐생명과학,CFS,174475031331.0,220312757517.0,14154097238.0,42284411133.0,16918865199.0,45810906530.0,194626642118.0,201744080194.0,76038893905.0,26637631236.0,-14356144695.0,-14661777782.0,-9402652311.0,-25093109710.0
184230,SGA솔루션즈,CFS,33289357236.0,44928934056.0,31386868473.0,34365428960.0,34776783841.0,37840718830.0,57069941362.0,57066484036.0,54733280066.0,37323741652.0,1276890415.0,3840867866.0,64437134.0,4823085325.0
185490,아이진,CFS,56877429101.0,68830323329.0,6098410318.0,4919539448.0,13768696741.0,11425514454.0,64334046639.0,68955716239.0,3125394060.0,5293453594.0,-27085530763.0,-24088859112.0,-22430389809.0,-26489473158.0
186230,그린플러스,CFS,34348078768.0,48454951040.0,39882293296.0,31128213698.0,51145221626.0,45253820475.0,46100968488.0,60720614207.0,58874226647.0,83007100959.0,-8208007400.0,3596836213.0,-15330090789.0,-3517011919.0
187220,디티앤씨,CFS,56780336964.0,77227101605.0,88159778782.0,86785075967.0,111375421956.0,96761289893.0,106792970362.0,130471675859.0,96737112186.0,110535011703.0,-20664997259.0,4543052094.0,-25689288702.0,2751410113.0
187270,신화콘텍,CFS,50850675210.0,48676092045.0,32869680686.0,31003717219.0,33676722417.0,35221469947.0,60816959294.0,57176598033.0,51942907903.0,44947291912.0,4913326276.0,3950942568.0,3890941578.0,4657274231.0
187420,HLB제넥스,CFS,43053680129.0,55430596936.0,60416674761.0,93853499986.0,71501106171.0,106839740801.0,26361794715.0,27074474915.0,27008338286.0,27801755545.0,-9463584731.0,-6224291882.0,-721746907.0,-13373143566.0
187660,페니트리움바이오,CFS,25555266153.0,40589451279.0,15296655852.0,14207021960.0,17086611378.0,15582607334.0,27127582349.0,30709797878.0,13790195699.0,14882555787.0,-3464613885.0,-754740449.0,-3363294388.0,-58882743.0
187790,나노,CFS,40389850663.0,44789520123.0,64242731133.0,67696833646.0,67185829420.0,68658359198.0,599190765.0,1266378600.0,88076437797.0,66804959543.0,1622778490.0,-3548846665.0,-5878569121.0,-15756003088.0
187870,디바이스,CFS,108293354674.0,117850640781.0,33977967392.0,15267783991.0,44099589146.0,33920465408.0,138504394586.0,134426040356.0,57152091930.0,72739749682.0,4309204331.0,13323082965.0,7197193606.0,10799812591.0
188040,바이오포트,,,,,,,,,,,,,,,
188260,세니젠,CFS,16309445021.0,10007424744.0,2647527762.0,25191494447.0,7581258418.0,28558702905.0,13396545502.0,-12923714173.0,20186588315.0,26757764411.0,-6476009361.0,-4082410663.0,-9245744321.0,-4064852572.0
189300,인텔리안테크,CFS,283330105830.0,214268216964.0,101749213445.0,134703605469.0,178656859354.0,191672834052.0,275032308474.0,178704301467.0,305042847051.0,239465349593.0,10725550527.0,15342554581.0,5532426372.0,16029204390.0
189330,씨이랩,CFS,14080116330.0,24291182753.0,1447277247.0,5903464121.0,3202372807.0,8071370877.0,14814323210.0,20728764544.0,3663438456.0,9896926397.0,-6910776281.0,-4926220793.0,-6459128318.0,-4544584658.0
189690,포시에스,CFS,25745727956.0,25527116382.0,2916614738.0,3556698473.0,3316829990.0,3978929354.0,70691214853.0,66326813871.0,33247383815.0,29613557712.0,5159258368.0,6656578450.0,5214042224.0,6566452460.0
189860,서전기전,CFS,23405980013.0,19793401983.0,16752151689.0,15577644634.0,24247643553.0,16914618038.0,30352827008.0,34095195401.0,43269003267.0,50705101233.0,-3459108384.0,-2909881446.0,-3742368393.0,-3192919905.0
189980,흥국에프엔비,CFS,61597534316.0,58467009821.0,34878737190.0,39785122943.0,113464411433.0,117618994714.0,98960039044.0,92925886227.0,101121012105.0,97251566947.0,10258667370.0,10482425626.0,8685706175.0,11895839816.0
190510,나무가,CFS,143349633602.0,141960613774.0,57707913478.0,93822092777.0,58495197171.0,94592018853.0,147100940035.0,124505361676.0,365609176662.0,519342981244.0,22724926461.0,32376700042.0,23522307584.0,31338093214.0
190650,코리아에셋투자증권,,,,,,,,,,,,,,,
191410,육일씨엔에쓰,CFS,20779895121.0,22791266739.0,10744519414.0,17291136793.0,13061780912.0,19644229783.0,26069780405.0,21537866282.0,29019810938.0,33151032021.0,914356112.0,-1734506575.0,-201043327.0,671600839.0
191420,테고사이언스,CFS,28231331422.0,27451609824.0,2180633000.0,2607186439.0,2584660414.0,2883807997.0,46325615337.0,48479026062.0,7772408575.0,7678386222.0,-1187951702.0,209630597.0,-2343049936.0,256008817.0
192250,케이사인,CFS,80515342725.0,51839519141.0,15299946373.0,19389937972.0,77325821860.0,69482211860.0,108670779501.0,69619687343.0,,,4264060017.0,9164465999.0,4782669676.0,5874099286.0
192390,윈하이텍,CFS,86231391450.0,74430916214.0,76359202846.0,82333707038.0,76698447998.0,83657688816.0,69730949839.0,62318917946.0,153794945013.0,116775846633.0,18361474569.0,9730008059.0,6536889264.0,6291865220.0
192410,오늘이엔엠,CFS,17531019260.0,57189301527.0,10090400456.0,10351824686.0,11132415594.0,11790610313.0,44747546424.0,58333529334.0,17449952618.0,21100099144.0,-8487404646.0,-16038534895.0,-13904002454.0,-19341164419.0
192440,슈피겐코리아,CFS,226626245196.0,243340934770.0,37385316569.0,40681664582.0,45929158803.0,49086080060.0,469592711643.0,424890090604.0,447398859445.0,445896426301.0,35316027360.0,51987480410.0,41920708265.0,32771942346.0
193250,링크드,CFS,31664737556.0,33558841956.0,8216648980.0,10879302857.0,8352265126.0,10941407629.0,75696066286.0,83910429838.0,20171254674.0,30233618983.0,-4428502767.0,-2430395776.0,-12693679942.0,6238856563.0
194480,데브시스터즈,CFS,80055589754.0,116791648311.0,25692554143.0,20192475037.0,105194369267.0,119179284852.0,134557437613.0,181238754149.0,,,-47992774337.0,-19910863432.0,-49721229028.0,-6693112876.0
194700,노바렉스,CFS,121852162845.0,129464996252.0,60061967868.0,72523676515.0,64315585648.0,89214202249.0,200418094912.0,181367111581.0,302167304022.0,281675201330.0,25499956005.0,25186032306.0,22087761467.0,20061904673.0
195500,마니커에프앤지,CFS,64420566686.0,61011823759.0,39007213832.0,37678610702.0,39721957059.0,38600986093.0,66386151067.0,64814049207.0,101217984830.0,89362824959.0,2104728180.0,-1722244334.0,2071774642.0,-262346650.0
195940,HK이노엔,CFS,432831283783.0,408415207967.0,595013296475.0,432157268602.0,644344357799.0,638886765094.0,1203646389259.0,1164221376394.0,828908232826.0,846521700634.0,65929937883.0,52525669263.0,47198998992.0,38134319447.0
195990,루트K,CFS,44804139354.0,45792646957.0,17924924528.0,16009198609.0,19769411721.0,16450442788.0,122340463085.0,140195651566.0,25375405459.0,22112070761.0,-8807316159.0,-8603190034.0,-25742047377.0,-8144650218.0
196170,알테오젠,CFS,144075802572.0,145095472883.0,100415323198.0,94308513863.0,108258260247.0,100108123094.0,147841734336.0,145382013003.0,96522928887.0,28806344498.0,-9736838487.0,-29373680278.0,-3582208686.0,-10077904116.0
196300,HLB펩,CFS,6234107371.0,8137105342.0,5749647374.0,11281114585.0,10475025927.0,12491634082.0,10519978075.0,13396063845.0,5610913009.0,8662260143.0,-6716761081.0,-4324860591.0,-9079389198.0,-6204751894.0
196450,코아시아씨엠,CFS,78139911632.0,78800512345.0,80226848064.0,71495436147.0,82155322935.0,99614433441.0,71867027835.0,81341114163.0,293967118507.0,383202956785.0,-13048229886.0,-4424559968.0,-9868433969.0,-3274394265.0
196490,디에이테크놀로지,CFS,108237473806.0,87630229047.0,97819480261.0,51403911793.0,99005941281.0,52099033371.0,51118463342.0,79294090987.0,89534954324.0,53205792749.0,-44459455735.0,-17723435553.0,-53417979441.0,-24952463002.0
196700,웹스,CFS,40098437320.0,31871076655.0,26303659569.0,25129804120.0,33353649853.0,27997056767.0,34151437543.0,33545618674.0,36231078602.0,34028733040.0,2566280173.0,-1099006239.0,1000973189.0,-8497971740.0
197140,디지캡,CFS,24118251245.0,23121859660.0,4642958534.0,5035007087.0,7506865491.0,8035749542.0,42780811019.0,45623325286.0,24626727594.0,25792993514.0,-664818243.0,681584190.0,-3334528003.0,792332465.0
198080,캐프,CFS,131501906260.0,130432158086.0,96106742706.0,99748483738.0,107855570616.0,113755641377.0,92969067960.0,91505485821.0,235656834157.0,316140318689.0,5917198377.0,1553757527.0,3304542495.0,-1432483414.0
198440,강동씨앤엘,CFS,16551987087.0,39854204710.0,8457663525.0,9904452859.0,22362309597.0,27828796109.0,92196180542.0,109334429286.0,50522976679.0,69904737333.0,-17209786249.0,-12631266830.0,-15839660122.0,-7760971355.0
198940,한주라이트메탈,CFS,87855152928.0,92097904098.0,107169267906.0,115258846143.0,158707584616.0,148682218646.0,36627811532.0,39042542714.0,220981852363.0,232496846795.0,-13575024313.0,5254936214.0,-15319136006.0,93175017.0
199430,케이엔알시스템,CFS,11352640249.0,18998426129.0,21479694207.0,39980884797.0,24605740210.0,41063044169.0,8016485941.0,443080232.0,21399034152.0,51182177917.0,-4340926917.0,2983031122.0,-3788313312.0,1523272163.0
199480,뱅크웨어글로벌,,,,,,,,,,,,,,,
199550,레이저옵텍,CFS,21306923087.0,16740947574.0,7554829741.0,10764393206.0,9732104439.0,13131461510.0,20077919483.0,12056855196.0,34352053954.0,30048880010.0,4480826362.0,2509602730.0,16781543.0,2815983025.0
199730,바이오인프라,CFS,21408009789.0,12866881247.0,8485458291.0,6374599544.0,13030286526.0,14679779243.0,33973534984.0,17909501672.0,30128735340.0,35427367537.0,1305211809.0,6360196426.0,2001611067.0,6237198999.0
199800,툴젠,CFS,66235320346.0,56666290141.0,1771120480.0,3858616537.0,63356193375.0,4961552268.0,30094560634.0,70469088106.0,1103409421.0,743463618.0,-17087547698.0,-19385619824.0,-42340173030.0,-18177154401.0
199820,제일일렉트릭,CFS,100820669767.0,101664017191.0,41356682013.0,48644977335.0,42285887877.0,49353407865.0,125900340569.0,120113048519.0,143986066033.0,132154640946.0,7659502632.0,7389857324.0,8009292050.0,7393166907.0
200130,콜마비앤에이치,CFS,226666332736.0,240302052932.0,219635010596.0,154160024926.0,298205937209.0,214232016548.0,396302277528.0,402687219013.0,579551538026.0,575902994059.0,30255895443.0,61123995164.0,18736096146.0,40378154901.0
200230,텔콘RF제약,CFS,32989022590.0,23126823380.0,34923951078.0,34328977516.0,35470382778.0,35119599363.0,104944533941.0,84135312856.0,36307203781.0,27829999169.0,965315608.0,-4062993478.0,13948744649.0,-42117159483.0
200350,아티스트스튜디오,CFS,39741410419.0,59332887613.0,8192087742.0,26455348251.0,10758274796.0,29552965965.0,40101030957.0,42089303095.0,41863614133.0,44422278789.0,-7787502929.0,-6252551794.0,-7434464400.0,-6365269908.0
200470,에이팩트,CFS,34333961770.0,37753742043.0,80616939512.0,42744314892.0,111424742210.0,99372380030.0,98080675462.0,114773086525.0,93742317670.0,73646384263.0,-22880495221.0,4585911543.0,-16654612063.0,3089968502.0
200670,휴메딕스,CFS,130351790910.0,140514631195.0,19603005854.0,84748692970.0,21914649621.0,88026695306.0,198063056238.0,139109651753.0,152273808567.0,123172789865.0,37310070521.0,26043261960.0,24820704790.0,21153591585.0
200710,에이디테크놀로지,CFS,179752659944.0,153862651900.0,104255364123.0,60208704941.0,140674922116.0,66431164310.0,148749159925.0,167623918666.0,100172177678.0,164248769577.0,-17407233831.0,4397640236.0,-16256430677.0,5621152191.0
200780,비씨월드제약,CFS,48085729272.0,43609396851.0,92246451013.0,84206064396.0,104241328387.0,105530835726.0,79869460299.0,77519883052.0,75110698903.0,72702521723.0,6365158872.0,1861671365.0,2892308747.0,59776115.0
201490,미투온,CFS,91254016733.0,95601887079.0,31698576998.0,28442882571.0,35082469734.0,31001279628.0,225758446914.0,189652035999.0,108995415070.0,112012049143.0,22131483080.0,27025243520.0,17448868120.0,20627873610.0
203400,에이비온,CFS,13340856643.0,18767005266.0,28126190180.0,7691321258.0,34694566011.0,9043300748.0,9979423261.0,15100270538.0,1274306821.0,2506519185.0,-31251887851.0,-25166881836.0,-29210914232.0,-19925392200.0
203450,유니온바이오메트릭스,CFS,38338183445.0,38193365689.0,14882359963.0,14173503921.0,20379725105.0,19216070499.0,39837085942.0,36943962745.0,51382692333.0,46253418625.0,1567912626.0,1336893813.0,3068889338.0,2155344611.0
203650,드림시큐리티,CFS,106672701310.0,98190006417.0,230586352253.0,183805014551.0,299328030265.0,305451917704.0,106612345647.0,85384823391.0,232738679548.0,224194724198.0,33279006375.0,25249946273.0,22358222110.0,9675895026.0
204020,그리티,CFS,80043993897.0,70211265071.0,16498550543.0,17009680414.0,18247141388.0,20156260972.0,75712625702.0,68345434121.0,176102433452.0,143116381797.0,11123087525.0,2873864446.0,8401316076.0,1839013623.0
204270,제이앤티씨,CFS,235326831648.0,123020046200.0,278188981508.0,139627427482.0,299325143766.0,187678657779.0,355114043886.0,334806305631.0,323436932669.0,161325172108.0,28538516087.0,-44329077466.0,17747739478.0,-58751477421.0
204610,티쓰리,CFS,101672182339.0,113818023891.0,18271265345.0,26421577300.0,21216780257.0,30043228599.0,102135605494.0,111346847341.0,,,7559876291.0,12821662565.0,-929384391.0,12490479232.0
204620,글로벌텍스프리,CFS,123139600261.0,102727361128.0,52272616584.0,33343891245.0,58336854863.0,39752802729.0,108595058656.0,105606689542.0,93373547015.0,41967340578.0,14776893088.0,-3568066672.0,-7994237019.0,-14251977234.0
204840,지엘팜텍,CFS,16619352730.0,16190078443.0,12318707284.0,13103616595.0,27585965273.0,24763828443.0,12282299531.0,16090489292.0,26033025366.0,16728502971.0,-3228012102.0,-3254750005.0,-3748514692.0,-790167314.0
205100,엑셈,CFS,58259203450.0,44894098767.0,11745165556.0,16075030859.0,14026280292.0,17587525887.0,118732061667.0,101433211028.0,53889135871.0,55133275799.0,4912495133.0,12530332588.0,10422416874.0,9603008998.0
205470,휴마시스,CFS,277798742314.0,372796422538.0,59762723385.0,118125037466.0,59980834866.0,120800213486.0,287326533909.0,346733946036.0,13827303630.0,471272761022.0,-52354977793.0,214721743052.0,-55424406377.0,182626627990.0
205500,넥써쓰,CFS,18534589708.0,28783410151.0,3558746584.0,5043420094.0,10238235454.0,13305164429.0,29345121319.0,30709805495.0,5460260915.0,5759731909.0,-16159833315.0,-15115249647.0,-12037676999.0,-18480801052.0
206400,베노티앤알,CFS,56292284170.0,48528840236.0,40524072477.0,29458710586.0,42769653287.0,31282418942.0,80187917127.0,70001604179.0,9916844608.0,21796866525.0,-7013194952.0,-1910517180.0,-7919789348.0,-21858749823.0
206560,덱스터,CFS,47523579221.0,50705372390.0,15174239462.0,24739088801.0,27397729229.0,34282975881.0,58530268364.0,57630850112.0,,,-41361146.0,-2512357680.0,-886106340.0,-6173487763.0
206640,바디텍메드,CFS,138678847637.0,117306931524.0,27264278659.0,16121152677.0,30485131073.0,20825159656.0,197416532257.0,174830748524.0,134219239677.0,118076842537.0,28476969172.0,24671164725.0,26668388616.0,25281496224.0
206650,유바이오로직스,CFS,41764035794.0,41138707217.0,25698835170.0,24624319322.0,46988061439.0,42630827869.0,104817641521.0,119435087069.0,69365660612.0,55466694236.0,7699109509.0,-3768601411.0,-15359662286.0,-3437380138.0
207760,미스터블루,CFS,48874651610.0,60546199155.0,47110298336.0,53207169862.0,59546875225.0,68160009014.0,55616161388.0,68250221375.0,74126065820.0,77157401313.0,694659937.0,7440975335.0,-11228581159.0,3135273021.0
208140,정다운,CFS,125017412601.0,101149555592.0,69123475624.0,67308364830.0,73423148782.0,75680731272.0,122936530546.0,94014041711.0,185491756008.0,182649074204.0,35750469426.0,18439405569.0,32677793000.0,15319946333.0
208350,지란지교시큐리티,CFS,40534214525.0,61451230542.0,11935345289.0,26385177945.0,22884919612.0,47265307463.0,69668688905.0,76344554922.0,35281556819.0,32220888324.0,1836738399.0,2132985984.0,10939986148.0,2288855943.0
208370,셀바스헬스케어,CFS,40780612212.0,21684980619.0,6138838840.0,8870328449.0,6583287371.0,12274352048.0,60096936646.0,33759458368.0,29812771015.0,27685710222.0,3345879719.0,2482536562.0,5169790540.0,2812844654.0
208640,썸에이지,CFS,29550632698.0,39924140177.0,11737758550.0,1921217884.0,12966573602.0,13516264827.0,25981501693.0,34423348057.0,11560934744.0,12519373509.0,-12823161753.0,-16478666060.0,-12352279768.0,-21450141606.0
208710,포톤,CFS,62774719594.0,42037416778.0,49946536324.0,33609714287.0,50618029059.0,34757189325.0,57532194409.0,51297708927.0,123469141449.0,104282763040.0,-3261884829.0,544989472.0,-13725866240.0,398277026.0
208860,다산디엠씨,CFS,6322816711.0,4409596715.0,22018140307.0,27089101414.0,22583836840.0,27670055976.0,8339213489.0,8619461388.0,4941175060.0,3493950585.0,-2990583502.0,-5245703773.0,-6034420330.0,-252457734.0
209640,와이제이링크,,,,,,,,,,,,,,,
210120,캔버스엔,CFS,17904848670.0,11123648196.0,5280781611.0,12928286453.0,5735712985.0,13455347944.0,22996805793.0,12561023911.0,17543308552.0,32229780456.0,-545218192.0,1728667620.0,-249361468.0,1327427290.0
211050,인카금융서비스,CFS,428680944835.0,246916847972.0,333280033831.0,201339359147.0,400579929952.0,218532098744.0,96749183703.0,73412420490.0,556822367275.0,401448586391.0,46576295874.0,27392045468.0,29509280963.0,20787782439.0
211270,AP위성,CFS,129830727294.0,98071393389.0,49217428584.0,23802341170.0,49478944805.0,23948345977.0,95077662865.0,85351038402.0,49434135093.0,53604126086.0,10071432183.0,4494271143.0,10514932202.0,4077471425.0
212560,네오오토,CFS,88042263935.0,62034846851.0,56460149232.0,47816455944.0,68397691532.0,57869727665.0,107788386566.0,96865832508.0,198227864842.0,164034089080.0,10381323003.0,7969615246.0,11924396808.0,7851187788.0
212710,아이에스티이,,,,,,,,,,,,,,,
213420,덕산네오룩스,CFS,100923290970.0,189300361285.0,23665258217.0,16164865423.0,51134113424.0,41206237089.0,353193379457.0,320331678629.0,163702143267.0,176677173188.0,32919649532.0,44866531676.0,35804054122.0,38919638935.0
214150,클래시스,CFS,185737483070.0,147788690727.0,29246386638.0,36225225302.0,91942522091.0,101857251139.0,283500499663.0,229553857160.0,180122798016.0,141803242402.0,89622382063.0,68876207458.0,74225203196.0,75378647248.0
214180,헥토이노베이션,CFS,424200292697.0,365384039735.0,257298127672.0,217439653885.0,281290032080.0,244207085048.0,294803526459.0,282603992186.0,288489349653.0,262967082265.0,37263667814.0,35644081440.0,31316214531.0,32177184489.0
214260,라파스,CFS,52257403714.0,49050396983.0,62169090822.0,44377903974.0,68096348509.0,52047237069.0,32308257995.0,44012949071.0,27935888378.0,23638746585.0,-4050017651.0,-6550026777.0,-9248213114.0,-8627020406.0
214270,FSN,CFS,114177391021.0,152563531221.0,73937440738.0,75183174638.0,115169039811.0,113686842493.0,93485599208.0,147390114877.0,175608088741.0,176540642026.0,-5966339136.0,-2148181923.0,-24785408918.0,-12735718768.0
214370,케어젠,CFS,166427417966.0,158933019158.0,11313926179.0,10490639116.0,19978209343.0,18092034704.0,227298894775.0,215977998066.0,79209511675.0,69097674884.0,40377972813.0,33625928175.0,39929880781.0,27216920225.0
214430,아이쓰리시스템,CFS,84524125309.0,67550728130.0,38018341172.0,29043277746.0,41384291387.0,34665627500.0,89807641749.0,78660362925.0,121539205459.0,83845591819.0,12204489179.0,5686971942.0,12561262924.0,6183187601.0
214450,파마리서치,CFS,256465270267.0,247344585752.0,65899494138.0,54252843546.0,73086592473.0,106399144494.0,462194597084.0,371656045678.0,261010910564.0,194758643934.0,92257786628.0,65916151831.0,77264652455.0,43434103895.0
214610,롤링스톤,CFS,47387131537.0,36531412522.0,17535409868.0,27430059460.0,24989158472.0,39872312393.0,36328829782.0,17639471565.0,5367423455.0,16111429183.0,-19375745660.0,-25900397615.0,-25794884647.0,-38919205919.0
214680,디알텍,CFS,97527959766.0,78838198288.0,32069918282.0,51932122580.0,79424235063.0,60939402960.0,84594301542.0,59838380634.0,92438893337.0,89481004311.0,-148835330.0,4915277386.0,-2062455667.0,5949571727.0
215000,골프존,CFS,301898052674.0,306729689696.0,151027656261.0,157201781259.0,211943377227.0,216835171205.0,425679094448.0,373160471851.0,685111033775.0,617513986929.0,114549134545.0,148679447295.0,73621776385.0,111557527995.0
215090,솔디펜스,CFS,30539847525.0,45203777053.0,13419670485.0,14184698899.0,14293012659.0,15004161878.0,23091089274.0,37445903273.0,16254001186.0,15656058286.0,-2368528249.0,-2850938242.0,-14354813999.0,32639705520.0
215100,로보로보,CFS,17005451299.0,15722890008.0,2117793739.0,2056235863.0,2266401147.0,2123500160.0,31023837362.0,29541364163.0,14261192289.0,11863068045.0,220774308.0,-181933769.0,1420726608.0,-350277945.0
215200,메가스터디교육,CFS,235319047195.0,135469542769.0,406540183305.0,405545914243.0,464021649940.0,471008859752.0,491472805323.0,433701932099.0,935225125443.0,835952852633.0,127440527255.0,135389636306.0,95793196332.0,99557434650.0
215360,우리산업,CFS,200960020651.0,141587929497.0,163954199987.0,141631833147.0,211139955119.0,152485115921.0,100891689298.0,85746002293.0,462150813837.0,364601945122.0,20470002830.0,-24686526779.0,17804515460.0,-17957302320.0
215380,우정바이오,CFS,19690384461.0,13887253842.0,45698843146.0,45243832927.0,76360531780.0,65275433920.0,21972072471.0,29718339930.0,38615630587.0,46917852697.0,-4459664719.0,-2521314432.0,-5053734964.0,-1880194422.0
215480,토박스코리아,CFS,29211656851.0,31536842165.0,5300043289.0,8794712418.0,8155920536.0,8993728317.0,33376599526.0,32586587628.0,48648552369.0,51232869329.0,2947160145.0,4987863185.0,2478826296.0,4154447938.0
215600,신라젠,CFS,52227813490.0,77818233094.0,10242617734.0,17419591345.0,19400939135.0,24506568922.0,57313962974.0,78939492624.0,3939558696.0,5013362991.0,-21345852210.0,-24476247012.0,-20369238698.0,-24593128293.0
215790,이노인스트루먼트,CFS,64174379224.0,78751850440.0,29509566234.0,28664256114.0,32082662320.0,30693920197.0,79069185821.0,97627608086.0,43871733220.0,49851253116.0,-18881001149.0,2919080751.0,-18085582277.0,5622007529.0
216050,인크로스,CFS,197624671990.0,221175603229.0,96613789548.0,128217454777.0,98918270214.0,130941026561.0,114422411715.0,105956625119.0,46817787159.0,53308042480.0,12638559830.0,19632377505.0,12636625725.0,15408647437.0
216080,제테마,CFS,72199719566.0,35786043334.0,100272792915.0,61957943098.0,171173063335.0,131406988877.0,73055934873.0,56946608941.0,58716076773.0,45993818218.0,2633639012.0,4005811892.0,13604191635.0,1455004314.0
217190,제너셈,CFS,36124360196.0,38008183178.0,27279549164.0,27468524983.0,35354438566.0,38976017608.0,42427946688.0,40199380106.0,56453761125.0,59602938075.0,3561812639.0,8518688194.0,3596032748.0,12189838259.0
217270,넵튠,CFS,72308590119.0,48235197332.0,33757391373.0,20507824005.0,44197895593.0,46631148145.0,364226200726.0,379645731429.0,99746932814.0,29467097300.0,2155714673.0,-28668824982.0,-16741380684.0,-170489310627.0
217330,싸이토젠,CFS,56003179898.0,19388886841.0,10747184830.0,33929850518.0,21094677058.0,35564130930.0,53355392642.0,5656217069.0,3184360751.0,760777445.0,-11791605783.0,-11497462671.0,-15769500591.0,-18771226009.0
217480,에스디생명공학,CFS,59136734225.0,44050829157.0,30918860441.0,77839586293.0,31012941552.0,91611375693.0,45109672439.0,4827933875.0,46942769396.0,56573717993.0,-13655499521.0,-31524240027.0,-6006820648.0,-74971217040.0
217500,러셀,CFS,63903307086.0,67541143644.0,17195619553.0,14073578051.0,18467189072.0,22930463172.0,56086107499.0,55500196333.0,44710882827.0,41926139186.0,1871561870.0,4500835036.0,1506707474.0,3826630737.0
217730,강스템바이오텍,CFS,47366035977.0,45906520168.0,24199158766.0,19708665596.0,36735491548.0,33331410601.0,44517549654.0,47260294212.0,12704101187.0,16300572670.0,-22777439977.0,-20558498336.0,-23221104725.0,-20176260643.0
217820,원익피앤이,CFS,381359706040.0,263743348709.0,381731526762.0,290007358145.0,384375769030.0,294582543841.0,140063641803.0,114632271708.0,306840170909.0,288843655010.0,2894014787.0,3947745331.0,-3647631708.0,30378495.0
218150,미래생명자원,CFS,37935058799.0,41972094080.0,7126437581.0,14940677049.0,7430362056.0,15260426110.0,44160153160.0,40834828875.0,60015912443.0,75635321633.0,20185933.0,1582783593.0,359209934.0,878147425.0
218410,RFHIC,CFS,332901346749.0,339879606429.0,168002509439.0,94654050918.0,181123793582.0,165491087870.0,328275652396.0,307847122675.0,111432998779.0,108032898603.0,303024279.0,802971835.0,17683006519.0,4857592365.0
219130,타이거일렉,CFS,26126272882.0,34514341574.0,16098776141.0,15185717874.0,18348159679.0,17224125675.0,52802721212.0,55445585445.0,48569682585.0,58072250651.0,-3076374667.0,3114183364.0,-2557794000.0,3590222364.0
219420,링크제니시스,CFS,39200491906.0,40169139038.0,2374245341.0,2901928445.0,2902150817.0,3751429489.0,44982653485.0,43703107076.0,14193832035.0,17267914388.0,1398347384.0,3640941473.0,1399546409.0,1904568532.0
219550,디와이디,CFS,13011736444.0,13247152753.0,36059822814.0,2398586833.0,37304062193.0,2564822854.0,39024595795.0,44715715394.0,28464604767.0,20838794897.0,-3321192612.0,512634011.0,-19074765695.0,901618504.0
219750,한국비티비,CFS,21798566340.0,5141201955.0,36529246992.0,31064047813.0,37122794015.0,31912297842.0,409021206.0,3166054207.0,2698330828.0,5669831641.0,-7328519918.0,-7607617986.0,-9225595749.0,-12782647871.0
220100,퓨쳐켐,CFS,32003640451.0,45364870779.0,3640460006.0,13781687827.0,8918809764.0,18433015770.0,63914372132.0,70283242811.0,13968016475.0,12573624103.0,-8411501068.0,-12934275144.0,-6711785929.0,-14010877367.0
220180,핸디소프트,CFS,60027007578.0,62238629432.0,6695910266.0,10929061678.0,7160691080.0,12091227614.0,67982313651.0,66165447601.0,26120903057.0,33114803766.0,-967385251.0,464722372.0,1706373527.0,129171389.0
220260,켐트로스,CFS,34940808526.0,50705311192.0,30950834403.0,16360073866.0,36161909744.0,38509204976.0,61682968343.0,58949571296.0,47464098463.0,57025284590.0,3433724667.0,4442342875.0,2803432300.0,3811169019.0
221800,지구홀딩스,CFS,45172071715.0,47873266416.0,8003148264.0,14634472896.0,11207980910.0,17184204640.0,37991410209.0,33844163061.0,30792036515.0,69013134090.0,-1337992226.0,15707796256.0,645895277.0,13159994846.0
221840,하이즈항공,CFS,51780516652.0,57902951615.0,54682641470.0,52008864676.0,71919042408.0,76339887931.0,51356385778.0,60481639548.0,80764375263.0,58776316282.0,-4542965438.0,-8448934751.0,-7615245398.0,-12314293308.0
221980,케이디켐,CFS,74977155386.0,68903540421.0,23660873743.0,23910745719.0,23890935640.0,25868681592.0,99558536247.0,96356998586.0,59145786358.0,62124551836.0,6252594408.0,5697277366.0,5315844858.0,8161640063.0
222040,코스맥스엔비티,CFS,180467487081.0,188200635449.0,233628248909.0,212093266633.0,259486507058.0,256716552674.0,40591307315.0,47254354750.0,333630908880.0,328207413005.0,11976872715.0,2240434808.0,-5829252157.0,-12915172840.0
222080,SFA넥셀,CFS,481347759778.0,346206530085.0,327204717149.0,278449869046.0,331406985177.0,303962068566.0,265622342112.0,140033042208.0,310163525240.0,159362402652.0,38942742837.0,7811543178.0,28623638657.0,11536200897.0
222110,팬젠,CFS,9842644291.0,8576382749.0,5710647722.0,1129528758.0,8175177800.0,3454202506.0,12565977838.0,17219472966.0,7315125370.0,6500657968.0,-4225497054.0,-4590629269.0,-4488830770.0,-4493832137.0
222420,쎄노텍,CFS,45256710586.0,38614996406.0,28334087482.0,34157108330.0,59937088492.0,58454432600.0,37197880292.0,37877096472.0,31111152868.0,34731413625.0,-1056389909.0,1125897166.0,-5354149001.0,-72292961.0
222800,심텍,CFS,280223052607.0,504723382744.0,488445096807.0,474379874277.0,705622729689.0,653731684232.0,470437819665.0,612601561758.0,1041895724977.0,1697452348000.0,-88124119458.0,352354248115.0,-115143871777.0,246101011096.0
222980,한국맥널티,CFS,45968215335.0,50632048004.0,40350842561.0,32378600226.0,46989325351.0,47681158715.0,37513457839.0,41539462141.0,78399918458.0,70214592825.0,-4185981235.0,-669783264.0,-4307130117.0,-3016716177.0
223250,드림씨아이에스,CFS,42108471887.0,41762055054.0,28180669316.0,23860311379.0,31696402732.0,27523615378.0,56931043140.0,50442057810.0,47844017772.0,38873659888.0,1587789100.0,5817566011.0,3857550745.0,4522146622.0
223310,사토시홀딩스,CFS,18862791321.0,22751695679.0,2885933315.0,3255840734.0,3241272622.0,3641496894.0,22416885197.0,23921498295.0,27520272873.0,20726718540.0,293842758.0,424123177.0,-1317336656.0,-2265130271.0
224060,더코디,CFS,76910299236.0,83823334062.0,32782147514.0,23789403862.0,67221878409.0,55669858825.0,32171240562.0,37968632538.0,20212268116.0,20111858404.0,-10401169534.0,-9020440627.0,-13678159844.0,-23496403930.0
224110,에이텍모빌리티,CFS,87760307948.0,59321741742.0,64191228676.0,43318701518.0,77721820820.0,58900169379.0,98129741278.0,86784004910.0,201031429637.0,150481816041.0,15360086674.0,6525612779.0,11044491704.0,6241557940.0
225190,LK삼양,CFS,19923568688.0,29731933410.0,5622345579.0,8204249409.0,9471676463.0,13675703094.0,30111451699.0,36538482424.0,39031722713.0,54947071178.0,-1129207533.0,11006812462.0,728588894.0,8257567661.0
225220,제놀루션,CFS,48653587357.0,54542331567.0,10075178972.0,4643596015.0,25780678694.0,19754934993.0,87657143192.0,94698799896.0,9761301415.0,38084568962.0,-7091383866.0,14736700926.0,-5550372069.0,14601873870.0
225430,케이엠제약,CFS,5981834681.0,6345458544.0,11881808379.0,12498458000.0,15076886097.0,14953189853.0,35478598068.0,36327945673.0,17769628477.0,15631451503.0,-1090420388.0,-1246537676.0,-1320041642.0,-3924970515.0
225530,HC보광산업,CFS,57606625701.0,53247469023.0,22116434588.0,23429999387.0,70540296233.0,57055616274.0,95177679024.0,88924745376.0,85460172473.0,87471227933.0,18912752031.0,15372295022.0,16662368432.0,12074741153.0
225570,넥슨게임즈,CFS,237312302640.0,204036431993.0,66155783764.0,59676973659.0,104042716903.0,88500616331.0,262844332934.0,237048789376.0,193272169533.0,132374925965.0,12013961586.0,5155194997.0,11294417814.0,6048041788.0
225590,패션플랫폼,CFS,51347987851.0,61475025905.0,11168830178.0,16374365419.0,24476090611.0,30098157455.0,73939085004.0,67634357336.0,106002959393.0,109942797767.0,8104100267.0,11974747875.0,6371240132.0,9722407265.0
226330,신테카바이오,CFS,21979528685.0,37496886447.0,19398295354.0,22254406508.0,21688347914.0,24227949489.0,31228289972.0,31460774571.0,123405804.0,243991568.0,-12276297771.0,-11792093799.0,-11397644740.0,-4506425723.0
226340,본느,CFS,30525012705.0,26322211876.0,46524430937.0,35607318592.0,47647746421.0,53943951259.0,39684788987.0,29641175954.0,72910268640.0,60720302228.0,6736412730.0,735167461.0,499562054.0,45833900.0
226400,오스테오닉,CFS,40324476446.0,37422938718.0,11954352005.0,19685726599.0,19862481390.0,25024677636.0,51876887913.0,36500518925.0,27798503886.0,19838547123.0,4842541601.0,2526176814.0,3632897461.0,927271098.0
226590,엠디바이스,,,,,,,,,,,,,,,
226950,올릭스,CFS,32141697713.0,65045503731.0,6563263922.0,39543151650.0,52489094571.0,66448925303.0,50335955136.0,66202554547.0,,,-18185342175.0,-22375609579.0,-19101696120.0,-21887805751.0
227610,아우딘퓨쳐스,CFS,34382604185.0,31199350217.0,29609263196.0,48312493482.0,36588517576.0,49856594081.0,23649890606.0,8578197796.0,32698314649.0,35044593341.0,162986825.0,-9692810262.0,-328204673.0,-17255430584.0
227950,엔투텍,CFS,37663746124.0,38889151241.0,6206812028.0,11329686761.0,7929782604.0,11986732552.0,112343680329.0,97226471584.0,34305986615.0,21405514240.0,-1919414632.0,-1933857914.0,11125550062.0,985029548.0
228340,동양파일,CFS,79415710766.0,71431972728.0,7158584959.0,6336379433.0,7197048288.0,6498334498.0,128081693365.0,122914306020.0,71057300475.0,72584619200.0,4492854477.0,5272970932.0,5167432439.0,4906550380.0
228670,레이,CFS,147038045568.0,101078015139.0,109702066677.0,62482463072.0,128356138897.0,105887952257.0,131196233958.0,116308028180.0,145881865235.0,128997854042.0,6118370428.0,16205769609.0,-3047690982.0,7956937538.0
228760,지노믹트리,CFS,95371216840.0,117999575199.0,5281364782.0,53442112741.0,7812264461.0,55352892425.0,125031776869.0,107557037408.0,3418009378.0,29865674706.0,-17303489590.0,2405362117.0,-9006726868.0,-6237388514.0
228850,레이언스,CFS,236797059774.0,218954101245.0,30047588984.0,31335245903.0,36689221543.0,36500539616.0,240798429771.0,225498428892.0,142985961678.0,147160763834.0,19695606883.0,25357085371.0,19462480763.0,21849486643.0
229000,젠큐릭스,CFS,13648332787.0,8011451044.0,15667524006.0,25867820698.0,21498605085.0,31565458511.0,12003304356.0,5673206734.0,2600317668.0,2559487184.0,-11158545309.0,-11007096768.0,-20139383953.0,-25450909971.0
230240,에치에프알,CFS,159328288886.0,234084700782.0,54215747262.0,98240893119.0,91217115913.0,133104469916.0,176779760489.0,177825222594.0,164184216763.0,366282666520.0,-8418452143.0,90187284689.0,1870681319.0,68577076942.0
232140,와이씨,CFS,191972037314.0,314067119610.0,76663504753.0,86167134155.0,114468752526.0,164468338499.0,365804448525.0,354629698116.0,255182306180.0,285267759686.0,8571578913.0,36409046432.0,12879225237.0,34351072916.0
232680,라온로보틱스,CFS,29820908823.0,29557797301.0,11142160073.0,11213613941.0,18182645819.0,18202516326.0,28181973633.0,28103785453.0,34544095895.0,59431713088.0,1981864494.0,8943114313.0,2318370303.0,7475268384.0
232830,아이티센피엔에스,CFS,13620391050.0,11563658442.0,7562088946.0,7301744226.0,7609283308.0,10415681439.0,13154432361.0,8098968054.0,16219150218.0,39515795103.0,-1283047422.0,2171898590.0,-958968643.0,2219605920.0
234030,싸이닉솔루션,,,,,,,,,,,,,,,
234100,폴라리스세원,CFS,170714421844.0,151190724036.0,42000439278.0,44663979020.0,51974849567.0,54502949256.0,237374060776.0,207274496319.0,160350478984.0,176741126444.0,7363703486.0,8638821035.0,12208328147.0,3912239879.0
234300,에스트래픽,CFS,114046524924.0,126028877376.0,74204626722.0,88798267669.0,92325391783.0,110476617901.0,94239902118.0,68490898912.0,147172546236.0,132069703100.0,17379683944.0,9595456107.0,16699535561.0,32385358855.0
234340,헥토파이낸셜,CFS,300256608151.0,263185478726.0,227638203228.0,187850934141.0,231517769793.0,193243897914.0,145143370334.0,143361473193.0,153076082801.0,129250551413.0,12571136493.0,12845655211.0,10869731377.0,12036747376.0
234690,녹십자웰빙,CFS,61024456390.0,49711142860.0,49403647112.0,46536367278.0,56167617699.0,54078894403.0,100386713922.0,96164276133.0,120534664952.0,109729116676.0,10457190802.0,8395933914.0,6747905071.0,8001050144.0
234920,자이글,CFS,5119933082.0,12543259248.0,20339712891.0,19325460642.0,20399256115.0,19335105788.0,31347195338.0,41709024430.0,4144292300.0,14993012303.0,-8667430931.0,-2654127476.0,-10361829092.0,-3735114919.0
235980,메드팩토,CFS,75154222630.0,100330893207.0,7741496010.0,72799305257.0,9565722078.0,75364585732.0,70908663434.0,32322597622.0,0.0,0.0,-28757985751.0,-37193012232.0,-35324785772.0,-35753227225.0
236200,슈프리마,CFS,126371989265.0,116544677000.0,14202551232.0,11723533506.0,14326057392.0,11987764279.0,204104614492.0,181799482025.0,94630270174.0,89397131101.0,16661341796.0,17858985886.0,22954571032.0,17867698336.0
236810,엔비티,CFS,26501177155.0,32204759431.0,39579955965.0,18782216806.0,43239874352.0,46148077396.0,31928297376.0,37193803886.0,,,-2766359798.0,2279310361.0,-2974711099.0,-469248834.0
237690,에스티팜,CFS,348378134540.0,263233822482.0,83744630214.0,179223988711.0,288529670073.0,229549274594.0,386906418511.0,341102990526.0,284991652409.0,249321677973.0,33511661589.0,17851415161.0,17523410962.0,17515720880.0
237750,피앤씨테크,CFS,31503402414.0,45327647347.0,21059698385.0,7922220058.0,22286525222.0,9014073429.0,71803217624.0,68716889662.0,20683260694.0,21997928858.0,2716180905.0,2385433867.0,3643201532.0,2945800778.0
237820,플레이디,CFS,113874110601.0,139040327861.0,50506565274.0,77663319603.0,54237847289.0,83620933955.0,81295800338.0,79022426933.0,37255650160.0,43952147282.0,2531121706.0,5596977274.0,2885948551.0,4953447526.0
237880,클리오,CFS,170734836445.0,129713676306.0,54104818129.0,44063527784.0,65869393095.0,53509226607.0,213698489596.0,190376264982.0,330584497213.0,272455447001.0,33809871290.0,17882330512.0,27319035509.0,10128871042.0
238090,앤디포스,CFS,83296465050.0,106599332053.0,10083981705.0,31773307514.0,16310112338.0,32814412781.0,124813207460.0,140191937384.0,48866901806.0,89315793393.0,-4121556373.0,3716058221.0,-13798116487.0,-21527253434.0
238120,얼라인드,CFS,21602867611.0,19551898909.0,5238030181.0,1333198695.0,9620379015.0,8051756573.0,31311482652.0,28849730072.0,15214698591.0,13752579320.0,3337080633.0,2849002252.0,3236017811.0,2332756887.0
238200,비피도,CFS,37466820404.0,23849850078.0,19704755536.0,1890216972.0,20034389716.0,2447754196.0,51702407262.0,52489221060.0,18634263875.0,14578593937.0,-343653687.0,1263116123.0,1082151650.0,1545707759.0
238490,힘스,CFS,38458905514.0,30748607164.0,25374208916.0,15836006391.0,27066497386.0,17588863004.0,68531128354.0,61934534993.0,,,5685407130.0,-13275484597.0,5599495130.0,-8645207016.0
239340,이스트에이드,CFS,27842889618.0,36629648212.0,3851844586.0,3898128462.0,6142470168.0,13664405050.0,25818283340.0,31710944553.0,13837382502.0,22921900442.0,-6176198460.0,-725778895.0,-7210568111.0,-2470440856.0
239610,에이치엘사이언스,CFS,38864799075.0,37235502846.0,3243664005.0,3842334107.0,3375664005.0,4515737589.0,102593407123.0,104301840990.0,25587457016.0,52758204961.0,-4692442893.0,-603657954.0,-1391182447.0,1530197115.0
239890,피엔에이치테크,CFS,40701591117.0,41225440308.0,13903712399.0,27589600333.0,21200420874.0,34103304460.0,49895104304.0,28449001007.0,40181180331.0,35043741542.0,6506488174.0,4803053619.0,5621975904.0,7563900649.0
240550,동방메디컬,,,,,,,,,,,,,,,
240600,유진테크놀로지,CFS,40800645684.0,26011137025.0,18284736860.0,27414482620.0,22644921704.0,34898279391.0,47847141841.0,18199240571.0,47497623102.0,39824841246.0,6379656267.0,2384643399.0,-1813571109.0,1176755354.0
240810,원익IPS,CFS,587550843984.0,596025062092.0,209555443957.0,248902022998.0,218160246280.0,251943234499.0,866702595508.0,869727304162.0,690337586778.0,1011484981702.0,-18074991250.0,97554876588.0,-13507700947.0,89438212718.0
241520,DSC인베스트먼트,CFS,35181431116.0,33078863824.0,29762006760.0,23882408905.0,33879835335.0,30802852381.0,106666091637.0,95004279256.0,33564906112.0,33775348328.0,17544942089.0,18844849182.0,14606369802.0,16155973044.0
241690,유니테크노,CFS,81479045255.0,43013122947.0,39822440747.0,22662879655.0,83683576483.0,38536949095.0,126023613804.0,116968473280.0,101893975859.0,82372227506.0,11443596660.0,6119272210.0,9119873859.0,4880314736.0
241710,코스메카코리아,CFS,221214079602.0,186758079269.0,154576730601.0,142988836381.0,190455845488.0,185732073734.0,242169741587.0,207023560560.0,470719111291.0,399399237901.0,49154075509.0,10367437149.0,33886925952.0,6002734887.0
241770,메카로,CFS,93943647007.0,152899971903.0,7097592195.0,23843663613.0,10083864758.0,26023991757.0,186163877178.0,192203200876.0,40760860090.0,53990901173.0,-8467702995.0,2553660537.0,-2356650679.0,43694397631.0
241790,티이엠씨씨엔에스,CFS,127501940762.0,77690132284.0,78883090001.0,33026497516.0,83040785617.0,34047192858.0,108350668337.0,103569651369.0,140336756639.0,164969267191.0,13324269282.0,22791281609.0,11996857605.0,15783984267.0
241820,피씨엘,CFS,31854162024.0,58624921278.0,20602655737.0,48290402943.0,24582757982.0,54294178545.0,37611061131.0,33643619336.0,8429532300.0,37217226663.0,-16131251501.0,-8245365421.0,-20283875061.0,-4011235671.0
241840,에이스토리,CFS,59770284410.0,80090720780.0,32064756409.0,34880405767.0,33133859254.0,42777389437.0,62404561586.0,58504945353.0,56875968183.0,71680277467.0,6945016422.0,8499834556.0,4912258246.0,4086004413.0
242040,나무기술,CFS,55748458008.0,56135610599.0,37625195509.0,43379407030.0,56799345973.0,58405603281.0,44657816111.0,43821430305.0,90558433590.0,106218514270.0,-749823439.0,2178471444.0,-3528217964.0,625741609.0
243070,휴온스,CFS,271321679802.0,247014531023.0,133866060842.0,103452907674.0,206873327848.0,185107014549.0,330412261178.0,287519610797.0,552006502264.0,492386810765.0,56002319215.0,40866895874.0,50385066708.0,22608313829.0
243840,신흥에스이씨,CFS,254032731170.0,235930868007.0,304968762884.0,249723835910.0,502359634612.0,348472325271.0,337868238649.0,307841992429.0,539851981578.0,477824689682.0,43651743021.0,31015020437.0,30935991062.0,19598971754.0
244460,올리패스,CFS,4721630811.0,13873690848.0,7727595976.0,12041371154.0,11115880273.0,15715542087.0,2493718217.0,9226119226.0,5289606360.0,369374999.0,-13706542935.0,-21933793851.0,-12949428569.0,-24752092743.0
245620,EDGC,CFS,46252389190.0,41611880167.0,87548444481.0,108450939558.0,134407497088.0,159175170219.0,39111452292.0,32835416388.0,88456744573.0,94243692888.0,-9358686426.0,-9520183120.0,-33026500222.0,-29864754680.0
246250,에스엘에스바이오,CFS,11750534863.0,6058218212.0,1735743418.0,2043389150.0,4371356731.0,5047643945.0,13466226903.0,6705210549.0,9023399199.0,10751900430.0,1031032573.0,2423749751.0,1434045715.0,2826043673.0
246690,TS인베스트먼트,CFS,50655485285.0,39227027878.0,10520652373.0,8366281031.0,18989846957.0,25156090766.0,89845180457.0,73570765808.0,26165566670.0,27251625954.0,,,11967082163.0,8472856468.0
246710,티앤알바이오팹,CFS,57558297648.0,46834503438.0,50949353945.0,29102440094.0,68618804281.0,36674913732.0,31197257242.0,39262942836.0,5199194463.0,5754646263.0,-12723799161.0,-12897641203.0,-13418957337.0,-10337052492.0
246720,아스타,CFS,7428063210.0,7884569238.0,1044439533.0,1102735972.0,3536484472.0,3698557389.0,6174937624.0,7237087093.0,3133234465.0,3345404074.0,-2723517456.0,-2779103898.0,,
246960,SCL사이언스,CFS,10546159691.0,5469258136.0,3355592342.0,2465456428.0,11255033391.0,17645425148.0,18902868464.0,13168983646.0,1322103893.0,369776482.0,-4017181890.0,-4605036501.0,-5025557886.0,-5971957484.0
247540,에코프로비엠,CFS,2443491616196.0,2274293401185.0,2131306763902.0,1547889953385.0,2762382311340.0,1885951251552.0,1599392286411.0,1488215127423.0,6900867843535.0,5357607238956.0,156029935394.0,380676718075.0,54685871623.0,272653525172.0
247660,나노씨엠에스,CFS,23090156116.0,25268357596.0,9954670302.0,17393801033.0,11131136473.0,21388596145.0,26817931963.0,31012395280.0,4582873462.0,7409764202.0,-3162385769.0,554960715.0,-4135061835.0,206390015.0
250000,보라티알,CFS,64709329353.0,60513166455.0,19896763567.0,26426410653.0,20244709879.0,27089484959.0,83900597638.0,76409622647.0,76914485270.0,69472275173.0,13072198389.0,10605291100.0,9455736791.0,17315898144.0
250060,모비스,CFS,33115348979.0,53421517488.0,15770390123.0,28711266798.0,19851769776.0,32761774365.0,38808970916.0,44516043424.0,19082389118.0,19665103949.0,-6515719573.0,-4014750237.0,-4263808173.0,-6195299857.0
250930,예선테크,CFS,20929944497.0,28443479688.0,20401705068.0,14819464504.0,32171594446.0,30610199839.0,22035134476.0,32569108473.0,44115964461.0,53167628119.0,-8799246731.0,-8014902290.0,-10208264710.0,-9116961811.0
251120,바이오에프디엔씨,CFS,45725725338.0,44894264708.0,4090507578.0,5981270456.0,4195606130.0,6058430189.0,58616934674.0,52977381169.0,15592090130.0,15855322578.0,5034000925.0,4880635433.0,5585152519.0,4335264141.0
251370,와이엠티,CFS,91138273341.0,113902291078.0,81088136055.0,78960495402.0,101714875157.0,96546766864.0,148194135064.0,151365692859.0,127409975908.0,130567178008.0,-3169957958.0,3335010594.0,-75859645.0,2597047331.0
251630,브이원텍,CFS,87832240516.0,69388059300.0,55113122533.0,32520089797.0,71005962229.0,78168624399.0,132983436302.0,97244765725.0,81783667519.0,59783165596.0,1976702270.0,38008892.0,-3535929929.0,-3991332055.0
251970,펌텍코리아,CFS,179381672025.0,160600690819.0,63929704536.0,55054097183.0,68424925714.0,60462117414.0,287664469566.0,257757735059.0,284481252453.0,236643004231.0,35288650804.0,26480434041.0,29127641423.0,20034311474.0
252500,세화피앤씨,CFS,32937215163.0,29725975279.0,3873983234.0,3463464809.0,3989466953.0,3573135468.0,39266404278.0,37143489837.0,41216885876.0,37918740286.0,1957687472.0,825019863.0,2768413834.0,1320270921.0
252990,샘씨엔에스,CFS,44495449396.0,111330852377.0,61096400596.0,17336052664.0,89701559404.0,88307674085.0,102064297631.0,111957607437.0,30934610500.0,50118586232.0,-2912391718.0,14898936338.0,-1310363418.0,15137662739.0
253450,스튜디오드래곤,CFS,404522231887.0,400132364146.0,367986211750.0,416262541911.0,384456010525.0,429935208171.0,707770023253.0,660731176567.0,753145749935.0,697945822981.0,55871055692.0,65219473466.0,30082921099.0,50564996667.0
253590,네오셈,CFS,71123778819.0,100361630938.0,16537151007.0,65005793308.0,19633622819.0,68533207174.0,86808779775.0,62280243724.0,100931226581.0,74673208045.0,8086678336.0,8364613367.0,8281863319.0,9998738550.0
253840,수젠텍,CFS,77579292859.0,122054970281.0,18161742057.0,29312585701.0,20732164467.0,32719853884.0,112454854893.0,140576943704.0,7132305545.0,101399255833.0,-22758094888.0,24970549363.0,-17378269964.0,26677865768.0
254120,자비스,CFS,32551690257.0,15720889866.0,11015270138.0,18042789196.0,18499743445.0,18241999053.0,27498479480.0,10102951603.0,28708310774.0,22322811534.0,840610301.0,-13457464.0,-3958044137.0,262158344.0
254490,미래반도체,CFS,144479913386.0,109962966620.0,53101432781.0,24586086203.0,69136228303.0,60115142271.0,80186489156.0,54351183913.0,380510458504.0,550152694771.0,9406962299.0,22102061837.0,5063785932.0,15012668315.0
255220,SG,CFS,72974861922.0,100267858368.0,118139824157.0,100145652367.0,136805656860.0,118489962136.0,51254050891.0,74987706581.0,80921130313.0,89858217245.0,-13468746819.0,566173407.0,-32912462971.0,2411306811.0
255440,야스,CFS,88053990905.0,105913285154.0,40927211307.0,48942174159.0,48275050937.0,57075049639.0,155175900745.0,159665774361.0,41987801728.0,54812295302.0,-5437384165.0,-4830905960.0,-4047475709.0,-1260518791.0
256150,한독크린텍,CFS,35842572875.0,34974001962.0,5739064953.0,5299164793.0,6135168643.0,5662991414.0,57021495225.0,53473064391.0,65070075098.0,59149129432.0,5207688406.0,5073185064.0,5342078773.0,5065115955.0
256630,포인트엔지니어링,CFS,43878783400.0,50791066026.0,16903834180.0,20273871755.0,27076149247.0,24299579636.0,70887967390.0,77981875180.0,26151553519.0,39389905122.0,-8971675103.0,462064960.0,-6543076534.0,791573715.0
256840,한국비엔씨,CFS,109944408814.0,142065470756.0,15014556684.0,14243409490.0,21945924187.0,42423267978.0,214206459927.0,190098127806.0,80997489681.0,42303378385.0,6045988919.0,-10096839835.0,26116111831.0,-44541824089.0
256940,킵스파마,CFS,46766008843.0,43310497201.0,55879567764.0,32059097193.0,58699350741.0,33291305515.0,58579197784.0,52267501635.0,92133337144.0,14617273604.0,3060265295.0,-8614814503.0,3462994857.0,-12040326889.0
257370,피엔티엠에스,CFS,26451873340.0,23908202855.0,26614901135.0,28965402686.0,26692069638.0,32921717611.0,24209717132.0,15913666904.0,25029807561.0,6217222081.0,-1062362267.0,-5914319418.0,-2485154547.0,-7149077432.0
257720,실리콘투,CFS,136394594980.0,73230909481.0,74179193067.0,28605613290.0,80318624896.0,32829452721.0,134951936183.0,96386863307.0,342860997946.0,165272164547.0,47809343470.0,14239439136.0,38013204272.0,11155656520.0
258610,케일럼,CFS,30982149994.0,37935730179.0,48671063295.0,51860286008.0,64824133583.0,67370329459.0,31323105760.0,61499911072.0,84547280407.0,77842947816.0,-4408723587.0,-3292083621.0,-48873520830.0,-21685770057.0
258790,소프트캠프,CFS,14588761030.0,21620263709.0,9861451496.0,13821545597.0,12794327083.0,15824216634.0,11504180553.0,16819457750.0,18485371904.0,19017389288.0,-2568547973.0,1341910575.0,-5960747715.0,649253886.0
258830,세종메디칼,CFS,12332962027.0,41870713346.0,87345404491.0,111167408365.0,98574997008.0,111531148232.0,9886736241.0,26668474763.0,17991718820.0,16082925282.0,2190258857.0,-1799952350.0,-19201767394.0,-97573153569.0
259630,엠플러스,CFS,256311245267.0,268999426251.0,239562405654.0,229070289267.0,246119698368.0,264878703697.0,74140571229.0,56444439307.0,340051608007.0,116611603644.0,23880060108.0,-9856864630.0,20003842508.0,-15229187767.0
260660,알리코제약,CFS,83555285766.0,82122960345.0,70319988337.0,57258086445.0,84402305332.0,64990035666.0,89075116531.0,88546118877.0,187154507589.0,167737121788.0,3072523514.0,9863878345.0,3060924198.0,8034259857.0
260930,씨티케이,CFS,87350286020.0,81622063737.0,28503721925.0,22926669119.0,31215275974.0,27684675889.0,158492395433.0,151015535124.0,88916001181.0,69361422438.0,2740146615.0,-15216893394.0,6230656497.0,-21170055808.0
260970,에스앤디,CFS,89342404238.0,76369126899.0,17202483004.0,14839502945.0,17480911412.0,15230993296.0,88617361704.0,78106969378.0,88275911467.0,73317425404.0,12879020371.0,10945850743.0,11872534157.0,9846024417.0
261200,덴티스,CFS,96615880668.0,78496479232.0,99731807201.0,83647382148.0,130229959090.0,98819853253.0,57409173250.0,32250241601.0,94334674935.0,87087135928.0,428688410.0,5585567026.0,2550399236.0,303325771.0
261520,이지스,,,,,,,,,,,,,,,
261780,아리바이오랩,CFS,42485859393.0,58917220083.0,810184714.0,26789224255.0,9702161093.0,27703190784.0,35416951840.0,33365601666.0,294124200.0,179484500.0,-6419346568.0,-6469261798.0,-1749497491.0,-6715163612.0
262260,에이프로,CFS,174766811191.0,104081998977.0,163633906451.0,78759970162.0,174138991216.0,80332148875.0,72258160990.0,59921966996.0,235952253023.0,79393169579.0,15513720687.0,-2514713726.0,12068248422.0,-1682261292.0
262840,아이퀘스트,CFS,18652409693.0,17978741144.0,5156480845.0,6076924196.0,9057033985.0,9708710823.0,52018291885.0,49543556216.0,40078912565.0,26366936666.0,3624846623.0,4351135368.0,3731788079.0,2899249629.0
263020,디케이앤디,CFS,45757132172.0,60995838694.0,20108145230.0,43456182311.0,25623832131.0,48510694941.0,68810827679.0,62777175397.0,89793446871.0,110628048360.0,8159350105.0,11467847654.0,7584444716.0,7461205534.0
263050,유틸렉스,CFS,40256605567.0,69142513255.0,7886657081.0,11804081848.0,9509069569.0,13595823676.0,63195703249.0,90866730836.0,,,-29783867707.0,-36733227143.0,-28342103922.0,-34470151241.0
263600,덕우전자,CFS,60151139130.0,85480818970.0,76756817017.0,95576540575.0,102203691051.0,96247448806.0,104865362508.0,114173409424.0,165129193757.0,208968711857.0,-9934811736.0,18926504841.0,-8566887248.0,13019658022.0
263690,디알젬,CFS,77866585240.0,87132488457.0,41463814563.0,48812705876.0,49092232215.0,53071849344.0,79320915593.0,73633216835.0,112916729575.0,110165018342.0,10071371388.0,16958688699.0,9190879315.0,14392794623.0
263700,케어랩스,CFS,103620843094.0,111726874059.0,36383776069.0,34218500524.0,87134923961.0,89082140020.0,75066028603.0,91577013976.0,,,-11598829454.0,-6384531521.0,-23867142092.0,-26388369384.0
263720,디앤씨미디어,CFS,61067256505.0,55760520724.0,16465220179.0,15778165552.0,17631986431.0,17536314518.0,81028417528.0,76411093378.0,60372245944.0,61214379663.0,3486546807.0,5859879124.0,3961963285.0,6142385719.0
263750,펄어비스,CFS,582758554412.0,556502376180.0,315870655496.0,236211108933.0,487888865094.0,523250798714.0,724990449523.0,699304047752.0,,,-16350059645.0,16378240631.0,15206477531.0,-42999565857.0
263770,유에스티,CFS,71065582719.0,57654939796.0,21445244305.0,18081496348.0,21864784851.0,18431921458.0,78710669672.0,69348382551.0,99142525265.0,99891130805.0,14064443990.0,16205718762.0,,
263800,데이타솔루션,CFS,59427075678.0,54689586332.0,42156820841.0,37302212731.0,45648802271.0,38218359347.0,33543938392.0,31343073665.0,99260952857.0,99118758717.0,1263533953.0,2656856841.0,1609123225.0,2398477875.0
263810,상신전자,CFS,67467333499.0,55370077431.0,45347642235.0,29957393533.0,45495845742.0,34455726313.0,43400780149.0,41165865729.0,109703758730.0,111344599957.0,1544294604.0,840928487.0,2238253315.0,1124700879.0
263860,지니언스,CFS,46303040261.0,47484592365.0,12498821883.0,10841115171.0,13132539198.0,11791426186.0,50510731531.0,47901167626.0,42891621151.0,38452577834.0,6467031062.0,6920292722.0,6246383767.0,7146285721.0
263920,휴엠앤씨,CFS,20142122598.0,17833447246.0,13984064618.0,10577916192.0,14542086903.0,16425354207.0,40494439398.0,30253123407.0,48425321550.0,35630099179.0,4841527449.0,1766381436.0,10308405045.0,798284478.0
264450,유비쿼스,CFS,178133497568.0,152727034935.0,32802598149.0,32533642737.0,39077353247.0,38751420528.0,165092085034.0,142874328386.0,150278202365.0,133722826313.0,29038985036.0,24541815189.0,25889867333.0,21485809256.0
264660,씨앤지하이테크,CFS,107680904060.0,118384985950.0,45370614468.0,42221182789.0,49308780724.0,61330333284.0,111006139434.0,93360473789.0,166725521459.0,192780700293.0,12740846167.0,25428008497.0,12833684433.0,16856437136.0
264850,이랜시스,CFS,28833856111.0,27669450419.0,13909985945.0,14867554719.0,14077244258.0,18657610942.0,46876845312.0,42700323992.0,68449331332.0,82595000694.0,5447612687.0,5468895467.0,4982947261.0,5172733962.0
265520,AP시스템,CFS,390438128866.0,396470581144.0,173824889841.0,222421189934.0,249759323443.0,277913741218.0,321376369652.0,270199149705.0,533579250430.0,486607636185.0,60121226139.0,90485155839.0,60033917358.0,82237671374.0
265560,영화테크,CFS,50716507919.0,48226241555.0,12419104172.0,9227107582.0,23751408121.0,24369692791.0,62649712229.0,56935520497.0,64920252518.0,47944605467.0,5013561602.0,1905675069.0,6098020491.0,4825350646.0
265740,엔에프씨,CFS,35684352195.0,27704857686.0,19362257532.0,15857163081.0,19815601779.0,16142705360.0,60816474140.0,57271349789.0,42868677215.0,31478132683.0,4067734269.0,2272220164.0,3676430578.0,1872126783.0
267320,나인테크,CFS,155905973264.0,92617036479.0,130024120771.0,88808803644.0,168655808637.0,114637642064.0,90215111343.0,28941110931.0,123048379274.0,88818411489.0,-3097720350.0,5224708721.0,8695491782.0,418221195.0
267790,배럴,CFS,50986031377.0,29998225691.0,8998617835.0,14610487819.0,27765395433.0,17183383615.0,39654507121.0,30474568027.0,58163177764.0,38031771170.0,8503098170.0,-4333333786.0,6826013707.0,-5908294477.0
267980,매일유업,CFS,604124645634.0,599958025059.0,215905134775.0,266099319977.0,432715886369.0,477924807928.0,540085617857.0,496823485046.0,1782979215597.0,1685644029927.0,72229121232.0,60688076526.0,55050059635.0,14430960859.0
269620,시스웍,CFS,17808456608.0,21254239010.0,33833430812.0,34400523029.0,35491572075.0,36017119248.0,-6444491855.0,-4058617105.0,14496957782.0,26538567314.0,-2995920216.0,-38747592.0,-6103683789.0,-575024541.0
270520,앱튼,CFS,74440497588.0,58797454823.0,39808869768.0,23651614018.0,40137012185.0,23776898905.0,58425855851.0,42362352102.0,20415365649.0,17563145101.0,-6546305546.0,-3132579506.0,-5003432973.0,-3247801921.0
270660,에브리봇,CFS,36628203569.0,40864805681.0,14196748710.0,5455774635.0,22259081777.0,24616600291.0,65130685871.0,62247610796.0,31697412701.0,53006504474.0,1528651357.0,6178666797.0,2812991587.0,6949410125.0
270870,뉴트리,CFS,54102414419.0,83134136765.0,13356784850.0,34571677193.0,31385390585.0,47894962229.0,101346447644.0,98789343291.0,151377308327.0,185285942302.0,10523447198.0,4438879980.0,4665537648.0,4751401084.0
271830,팸텍,CFS,58731240873.0,42095911193.0,19397545181.0,25350260627.0,23822644990.0,27855414062.0,68239423566.0,44856304496.0,96146067572.0,101855488115.0,10829546939.0,24555361041.0,7512038277.0,16879857019.0
272110,케이엔제이,CFS,51569875452.0,36757707672.0,29532930187.0,21148704915.0,61267046128.0,54313783532.0,65129834355.0,53782774316.0,61919993102.0,62314404181.0,12021728068.0,13286629491.0,10761460446.0,9954382736.0
272290,이녹스첨단소재,CFS,263433227837.0,272995385373.0,109230230063.0,78731968723.0,165813982289.0,83647833377.0,406003672372.0,380267244857.0,387002612208.0,489352939422.0,42162013389.0,97114300759.0,32773848117.0,85361139247.0
273060,와이즈버즈,CFS,77847944981.0,62280184471.0,49277770275.0,27689128071.0,51567692431.0,29575390618.0,45636461171.0,45753210404.0,13858493766.0,15773791755.0,218773844.0,2566135736.0,842932802.0,2238845063.0
273640,와이엠텍,CFS,40082926159.0,47125095251.0,1663608439.0,4280243822.0,1663608439.0,4280243822.0,59262744895.0,59428258547.0,34880929940.0,49293430011.0,5960659671.0,14888566445.0,6678073165.0,12728292065.0
274090,켄코아에어로스페이스,CFS,82894585403.0,64296380388.0,68246923318.0,69707764157.0,91495147036.0,91598200086.0,58410709983.0,38147905769.0,91142703333.0,75855078822.0,877125128.0,7986393339.0,-1849276582.0,3244312389.0
274400,이노시뮬레이션,CFS,15433794238.0,8595157829.0,7390336383.0,15283774865.0,21843257423.0,28407089124.0,28459170633.0,14902663915.0,19483806089.0,16878208538.0,-155582735.0,-1795251839.0,-278235641.0,-4812607844.0
275630,에스에스알,CFS,26254696246.0,26562468655.0,2652042459.0,3205457388.0,3178342475.0,3689546679.0,27216223924.0,27839455471.0,12157598516.0,12509384182.0,1604365988.0,2386211078.0,1716863112.0,1897479803.0
276040,스코넥,CFS,23936890348.0,27981234963.0,2684498216.0,3771855091.0,3000157668.0,4242559322.0,22795808154.0,25481253884.0,,,-6054392063.0,-4634920334.0,-5250928765.0,-4448448680.0
276730,한울앤제주,CFS,18976202141.0,29789471247.0,24441316901.0,18580002913.0,26960441398.0,27601158517.0,22806470350.0,34348911755.0,22449535028.0,23969942752.0,-11007839914.0,-11612579554.0,-12390083212.0,-24764349316.0
277070,린드먼아시아,CFS,21733368673.0,25339549932.0,676434654.0,158646299.0,10408040871.0,11532200243.0,56397998529.0,54615513076.0,9667503356.0,9778298115.0,3400246788.0,4437147060.0,3677471296.0,3494825279.0
277410,인산가,CFS,33604686944.0,29063633618.0,15795055926.0,14182163694.0,25085624731.0,36170462340.0,65956190819.0,51354945006.0,37300346743.0,33537795922.0,5741488659.0,4704571278.0,4972375687.0,3602579198.0
277810,레인보우로보틱스,CFS,121223137827.0,62092470130.0,1035402952.0,3185025706.0,1955287162.0,14652195787.0,130656200153.0,61507271655.0,15258134872.0,13615411936.0,-44589778382.0,1300876285.0,-842680471.0,5774170711.0
277880,티에스아이,CFS,263438789430.0,176414627239.0,225105599663.0,146445829197.0,246129936881.0,187808127670.0,97410021883.0,45107311297.0,261126660091.0,148783063129.0,1992444395.0,4927723769.0,-4889773980.0,3124589356.0
278280,천보,CFS,281863280572.0,439441987127.0,233399463468.0,148425084497.0,583161645145.0,423815482608.0,350528760483.0,394840441483.0,182697745919.0,328858944972.0,-8044807665.0,56473078225.0,-45466112224.0,42836419269.0
278650,HLB바이오스텝,CFS,79413165187.0,112423720125.0,64681925613.0,12775215355.0,68141448662.0,99984345850.0,103572995860.0,72202293454.0,52814062371.0,86277023446.0,-1276200671.0,6414119685.0,-54238693.0,-882731842.0
279600,미디어젠,CFS,9041486784.0,14147624065.0,4126312917.0,3414372893.0,14508775491.0,14197936311.0,10715486732.0,16575641366.0,12752623418.0,17355905657.0,-5272166711.0,-2038724080.0,-5463026620.0,-1863151358.0
281740,레이크머티리얼즈,CFS,118800278420.0,86395353501.0,103482364101.0,76900458193.0,189134712477.0,126727506348.0,110734983780.0,86782630448.0,117789811143.0,131506715480.0,29526390623.0,35391255844.0,24368928333.0,27159823504.0
282720,금양그린파워,CFS,147624064211.0,102756750990.0,70165370577.0,51505316808.0,76946934881.0,57691200244.0,107820913103.0,60658007158.0,238857679141.0,230598444583.0,6051854924.0,10709399057.0,19500858620.0,7550054026.0
282880,코윈테크,CFS,335161201622.0,251618389663.0,146073018847.0,111343355721.0,189960408021.0,152261447420.0,276633579861.0,190789987268.0,335958325532.0,201154916332.0,22817285083.0,14781550437.0,22429639690.0,7634138040.0
284620,카이노스메드,CFS,17117149597.0,31235523734.0,5128702878.0,8677519321.0,5213982602.0,9065658287.0,15771123397.0,29916822398.0,267311985.0,130024441.0,-16811614766.0,-16155656398.0,-15239257166.0,-15913941243.0
285490,노바텍,CFS,132539083189.0,109879803155.0,7862848676.0,9413232490.0,10539940540.0,12741141344.0,158705947048.0,132861196407.0,92421026753.0,110494315651.0,25608083180.0,26470752477.0,29641335472.0,14263729951.0
285800,진영,CFS,15369875365.0,14417593167.0,6935887281.0,14084299874.0,8044152274.0,26084636827.0,41111073264.0,21422801767.0,30903076752.0,48111617674.0,-2361083010.0,6448571203.0,-1873144597.0,5122212589.0
286750,나노실리칸첨단소재,CFS,10106167329.0,15900881855.0,15831386845.0,16650563627.0,19063286755.0,17991578184.0,9704114921.0,10144094974.0,6459076533.0,7139299058.0,-2482020008.0,-3593951350.0,-6284184495.0,-2398820425.0
287840,인투셀,,,,,,,,,,,,,,,
288180,케이피항공산업,CFS,23318821650.0,14095421282.0,24942950763.0,18085419701.0,42213060168.0,30070321410.0,13009159330.0,10343927277.0,34568675428.0,26833818273.0,861199663.0,499254479.0,140024789.0,192612267.0
288330,파라택시스코리아,CFS,21730994346.0,54956573470.0,10375343815.0,7494364094.0,12962866891.0,9590117207.0,19720230925.0,51865109155.0,,,-40349292514.0,-43501316725.0,-42455262384.0,-41699706212.0
288620,에스프리즘,CFS,123197307811.0,127812620669.0,71246486756.0,53750957276.0,75259038035.0,82702817085.0,69381328685.0,70405985825.0,32525031491.0,46776298869.0,-2482196188.0,1191676163.0,-2283941972.0,750810030.0
288980,모아데이타,CFS,37707137322.0,32968261079.0,31917957151.0,18076704606.0,32948528778.0,18733855692.0,40070757630.0,37074727750.0,24542153231.0,21713748176.0,-357661650.0,1078590391.0,-582707850.0,1794502374.0
289010,아이스크림에듀,CFS,49859611916.0,49125185211.0,23779612634.0,20621279622.0,47303122484.0,25451275599.0,44559536946.0,67239469773.0,117613662193.0,133842491685.0,-16703739012.0,2092800853.0,-23465565405.0,817712848.0
289080,SV인베스트먼트,,,,,,,,,,,,,,,
289220,자이언트스텝,CFS,63445805235.0,87360365458.0,21158078495.0,14898451184.0,28482338772.0,23324552269.0,98623931459.0,122964192647.0,42309465927.0,40619850156.0,-26059397731.0,-17860766009.0,-25162118393.0,-12676277323.0
289930,웨이비스,,,,,,,,,,,,,,,
290090,트윔,CFS,48089490504.0,47509941913.0,12386630191.0,7108487315.0,12600233214.0,7274329573.0,66341418835.0,65986977497.0,34492364516.0,19561616492.0,2009168277.0,-6462409302.0,2976029951.0,-5331063918.0
290120,DH오토리드,CFS,116635110967.0,127434590757.0,105085032603.0,100533295355.0,119832562579.0,144521253816.0,84915629684.0,88410658548.0,235592265722.0,225952601224.0,15774631616.0,22316017859.0,-7545547060.0,23861774539.0
290270,휴네시온,CFS,25429183591.0,20564072072.0,8033729587.0,6266268514.0,8246221254.0,6632197869.0,42627390968.0,35930458173.0,36140422011.0,30423152330.0,4662572734.0,3418605715.0,6740050487.0,-5005354511.0
290520,신도기연,CFS,36034307640.0,42318797796.0,3220950780.0,10228607367.0,3875365943.0,10862378601.0,58003862289.0,61576817570.0,20754838406.0,21815309134.0,-2511118560.0,-3733139816.0,-3348436363.0,-400891592.0
290550,디케이티,CFS,136585970007.0,135183325378.0,103950792715.0,68873854791.0,107003394329.0,99251705735.0,132431241916.0,100797285717.0,280218060416.0,363542945233.0,14686766746.0,21185243178.0,4373432214.0,19639533722.0
290560,파라택시스이더리움,CFS,15514304046.0,9974847632.0,2813633962.0,4977915169.0,3868075754.0,5278412143.0,19054469642.0,12037764183.0,10459352357.0,9722819189.0,1533812236.0,2127650146.0,-19169236.0,1802650014.0
290650,엘앤씨바이오,CFS,130357498864.0,64283982666.0,101838386776.0,18738036312.0,105374593372.0,91903982601.0,156855512482.0,107821180109.0,68869546328.0,52572492155.0,7748005680.0,9483841990.0,48531489397.0,5691985564.0
290660,다이나믹솔루션,CFS,33536824784.0,12736862844.0,28712305845.0,28908318850.0,40262629468.0,40796743939.0,31446129206.0,9573827098.0,26613904786.0,26201602583.0,-1778204164.0,-7537255487.0,-5540676042.0,-9621945184.0
290670,대보마그네틱,CFS,49307813762.0,68525515752.0,25544267758.0,19281569848.0,28424068260.0,21304632203.0,69698234481.0,79648536057.0,39999530917.0,108560097334.0,126782002.0,26508416585.0,-8197570773.0,21887204023.0
290690,소룩스,CFS,47846798516.0,29648327383.0,83117843285.0,23852496188.0,97746027710.0,25071397259.0,62421326519.0,43339328178.0,59827801602.0,55896292167.0,515597483.0,-4321420711.0,-6697203911.0,-4331337827.0
290720,푸드나무,CFS,56962804312.0,52203455300.0,54649868080.0,47625488483.0,92676067233.0,58061049079.0,23080911027.0,47872922465.0,190692808996.0,217202243524.0,-17795536446.0,-2085848169.0,-19992768396.0,-3344927353.0
290740,액트로,CFS,70729579092.0,47562831428.0,47271330570.0,25851242854.0,50485528482.0,28384312497.0,68270109983.0,63629879021.0,156846101861.0,132980435155.0,4692405185.0,-5770031333.0,5745559474.0,-9330275899.0
291230,엔피,CFS,22616223912.0,11948816745.0,20929488215.0,20051397409.0,20993138574.0,20188786253.0,33537609705.0,34413394639.0,,,-3695829980.0,-959581925.0,-2977154285.0,-1322873439.0
291650,압타머사이언스,CFS,25033614040.0,37964324879.0,15239181806.0,2537725210.0,17056722072.0,16422509644.0,15478896907.0,29222836935.0,243186322.0,358252888.0,-12206656526.0,-8319877014.0,-13601504427.0,-7115574962.0
291810,핀텔,CFS,18450335606.0,24580949155.0,4371504805.0,5522942010.0,5165858503.0,6397752925.0,20664036426.0,20694575883.0,12753031638.0,8765256298.0,-2676771735.0,-3657563928.0,-1253496965.0,-3764288625.0
293490,카카오게임즈,CFS,1020759793411.0,1057386586545.0,710111348746.0,266999791328.0,1845488692378.0,1859048360222.0,1625527793504.0,2014893197778.0,1025085964285.0,1147692623364.0,74516883006.0,175817282307.0,-322405861214.0,-196113897255.0
293580,나우IB,CFS,,,,,54915252346.0,49279336309.0,93981271253.0,93735745176.0,26697697608.0,22344185768.0,,,1939073177.0,8301533164.0
293780,압타바이오,CFS,57474395833.0,20419014895.0,817953026.0,1040016820.0,31155725062.0,3744231253.0,61363391275.0,52369500962.0,323868818.0,48352850.0,-16373536399.0,-9506765792.0,-12061643748.0,-10564737257.0
294090,이오플로우,CFS,25323100224.0,103083886500.0,7492375187.0,38772334093.0,21812465624.0,53522475510.0,58875180058.0,98727957573.0,6589217470.0,6707876186.0,-39367250537.0,-34275183079.0,-62315059227.0,-31297576498.0
294140,레몬,CFS,13002407681.0,11915096872.0,11601742235.0,11797067101.0,11608987235.0,15954992797.0,16900047110.0,11797581144.0,10477073411.0,39769236730.0,-11688879337.0,-6646657964.0,-9140096883.0,-16358313077.0
294570,쿠콘,CFS,99095513974.0,86708282490.0,69058464718.0,50345752899.0,79387991203.0,52794389909.0,128160028671.0,129406692943.0,68365726730.0,64522541912.0,16586163829.0,20023636125.0,7174300310.0,3786625735.0
294630,서남,CFS,7266085319.0,9062023374.0,3420466057.0,8793405524.0,4419952103.0,9758454656.0,11013595899.0,7904220524.0,6390911562.0,6364610272.0,-3093888012.0,-2400302378.0,-11253726653.0,-2115205777.0
295310,에이치브이엠,,,,,,,,,,,,,,,
296640,이노에이엑스,CFS,23923734051.0,21376081325.0,3268362799.0,2756692462.0,4236289061.0,3392731440.0,30142173465.0,31344568676.0,15510863452.0,16231490364.0,-1240608765.0,1288468429.0,34782575.0,2148609581.0
297090,씨에스베어링,CFS,89417643356.0,82338178684.0,63097050668.0,64709371342.0,64120202715.0,68769971936.0,85669851121.0,87124252500.0,76607854875.0,49006656971.0,57074357.0,-8827162718.0,-1610060402.0,-17381640332.0
297570,아틀라스링크,CFS,39622797718.0,38238371431.0,16350860493.0,9791424009.0,17734245583.0,10345495068.0,40691908647.0,31254040556.0,26583526247.0,28744200269.0,4250212435.0,4297759688.0,4896695723.0,6084691305.0
297890,HB솔루션,CFS,116999215619.0,118475153658.0,51235251437.0,70224669663.0,68231954690.0,71547088288.0,229814779391.0,142997995882.0,96170053722.0,187600280055.0,6764041996.0,27124893443.0,75623976845.0,43592380338.0
298060,풍전약품,CFS,13260028756.0,10039817126.0,1148217990.0,4562237132.0,4930243910.0,8508993786.0,20473543664.0,24510961512.0,695697915.0,395982302.0,-12997668186.0,-12578927265.0,-23961422032.0,-22930003233.0
298380,에이비엘바이오,CFS,75538557727.0,80534636534.0,41759889908.0,72172317167.0,86065261491.0,115667312852.0,74079110485.0,69513282788.0,65547054627.0,67300799414.0,-2617101131.0,907999453.0,-2646663290.0,3208631006.0
298540,더네이쳐홀딩스,CFS,289595812307.0,246767543034.0,242743761413.0,223337629971.0,270883018769.0,247635672808.0,369287794008.0,319506982784.0,548443577367.0,497852449325.0,66951645379.0,90782683462.0,52424405163.0,69285640004.0
298830,슈어소프트테크,CFS,71101644254.0,51055841418.0,46899003110.0,28855611066.0,62158331220.0,42205293950.0,95980592254.0,56609781878.0,,,11472691041.0,9667508619.0,5832554236.0,9457183900.0
299030,하나기술,CFS,99123781278.0,110297632963.0,86356832415.0,78628899901.0,119056832415.0,159601940660.0,112666702313.0,72641590152.0,119948030553.0,113857990967.0,-6314995846.0,11190639902.0,-3808842306.0,1507374117.0
299170,더블유에스아이,CFS,22976402254.0,41085551254.0,16758892954.0,17503261867.0,20192691021.0,19380322964.0,40336377531.0,38084330544.0,30877345387.0,27128845288.0,3342668803.0,3684173156.0,2825836566.0,4313954359.0
299660,셀리드,CFS,16874029726.0,20977751045.0,10324841632.0,20539210401.0,23426981106.0,23418501954.0,40495260881.0,22438888800.0,,480000000.0,-12197950643.0,-14911333804.0,-11611435383.0,-22864575136.0
299900,위지윅스튜디오,CFS,62726636396.0,149696617253.0,87458883140.0,129802332817.0,103250999242.0,140948468189.0,233909027421.0,245602149240.0,147335163984.0,146520128397.0,-20281322515.0,-23322212624.0,46673309727.0,-27191529964.0
300080,플리토,CFS,12732215146.0,21893010836.0,8323531037.0,10778291623.0,11390622777.0,12776346891.0,4380458518.0,11991359341.0,17761267682.0,13639437063.0,-5094024751.0,-6595175443.0,-6792796311.0,-5868323015.0
300120,라온피플,CFS,34323461954.0,72604996896.0,30400884256.0,32846251055.0,31056518911.0,33286018580.0,46068773155.0,54777429519.0,11244331687.0,26489529720.0,-11135373701.0,2392786671.0,-8716360432.0,-507078053.0
301300,바이브컴퍼니,CFS,20190664376.0,34542892271.0,27355492929.0,62304565253.0,52096894925.0,81899807792.0,68154994335.0,12800237498.0,29977118711.0,34447925677.0,-9225955061.0,-13863107043.0,32029746357.0,-22902123919.0
302430,이노메트리,CFS,64757640424.0,60000967797.0,22309955740.0,23852699844.0,22436817991.0,24265931831.0,64078147118.0,55752506440.0,83783909848.0,75710472632.0,8208876108.0,3770745384.0,7806187062.0,2685093168.0
302550,리메드,CFS,21869417786.0,42186845586.0,16678236518.0,43398427282.0,24265899936.0,48123310478.0,30794429092.0,30001934104.0,18536134645.0,21363454119.0,-2859712374.0,1661058369.0,319244646.0,3951245350.0
303030,지니틱스,CFS,21920513534.0,24427168890.0,11093388820.0,7877771015.0,12335275433.0,9064217785.0,16202305256.0,21868608213.0,33068422790.0,27611138913.0,-6046795133.0,-5228689355.0,-5877620907.0,-9064827403.0
303360,프로티아,CFS,17113664932.0,10554270874.0,1298995239.0,1043814546.0,1608524686.0,1420097255.0,23527247072.0,15989349336.0,8227847326.0,7644000304.0,164092703.0,1057532719.0,462940443.0,1252814775.0
303530,이노뎁,CFS,33329915779.0,37589803018.0,12688224695.0,13713158903.0,14944019982.0,16298504381.0,39183677941.0,39261736614.0,84032973558.0,76416490550.0,635755479.0,413004227.0,1026911045.0,563087127.0
303810,동국생명과학,,,,,,,,,,,,,,,
304100,솔트룩스,CFS,43049685714.0,48279457123.0,13693426269.0,32846007766.0,25289789400.0,33776449726.0,73541967029.0,44928075355.0,,,-9292178997.0,-1959183772.0,-10727358908.0,-9363734179.0
304360,에스바이오메딕스,CFS,15700411581.0,11201110668.0,7731260134.0,11830730160.0,19672386442.0,23322795809.0,12274832794.0,1035029321.0,13108378002.0,12112652100.0,-5988043386.0,-3748042034.0,-8359998712.0,-7672592757.0
304840,피플바이오,CFS,14809651959.0,29341335722.0,3533167240.0,32836348568.0,7916573154.0,36391779973.0,19663884121.0,5923910166.0,4452858220.0,4444833582.0,-15247510964.0,-11696891262.0,-16034763881.0,-14303038897.0
305090,마이크로디지탈,CFS,16078819104.0,16961862571.0,15686307485.0,16635795090.0,21249582935.0,22970945975.0,8716568929.0,5436597593.0,10839854618.0,8883698808.0,880251845.0,-7952738449.0,590142736.0,-9335725976.0
306040,에스제이그룹,CFS,118873202289.0,123383414691.0,43667540495.0,48329644148.0,68342325488.0,68616718705.0,136436799197.0,127902597159.0,203710082691.0,197862796824.0,15427643757.0,35813067965.0,13120609692.0,29064443959.0
306620,지아이에스,CFS,96653765513.0,40350057962.0,99690494105.0,35852449709.0,109398961007.0,45453742539.0,55168173547.0,45073269861.0,86754563129.0,52890474671.0,2166554380.0,-3759261826.0,-3361475164.0,-8054815074.0
307180,아이엘,CFS,29798171346.0,31434846380.0,60542669285.0,40247600818.0,64954091032.0,49526338441.0,14444116567.0,23256020360.0,39078135188.0,49164956238.0,-16743020132.0,-743998868.0,-18081076589.0,2086569083.0
307280,원바이오젠,CFS,21137591453.0,18203675535.0,9347322281.0,11582537570.0,10278715703.0,12106993289.0,32624769872.0,26825582923.0,29614740095.0,26747721812.0,7122657150.0,5150275469.0,5960986356.0,3272495697.0
307750,국전,CFS,123991803043.0,142893236766.0,99822579641.0,70691339137.0,127646216919.0,103774196397.0,97456273081.0,92323186876.0,121997885408.0,103710827977.0,6498831883.0,3509148953.0,4692086205.0,8877145491.0
307870,비투엔,CFS,9555008213.0,26411892434.0,10930662629.0,15473847761.0,11147170943.0,22513922593.0,13602743962.0,17176433609.0,32029523451.0,27082999573.0,-2457973143.0,-2187641523.0,-12566848725.0,-2215744889.0
307930,컴퍼니케이,CFS,,,,,5431676518.0,9404011339.0,72039295185.0,77348406118.0,15858969653.0,15843840992.0,,,-5716324936.0,6471096923.0
308080,바이젠셀,CFS,54442161052.0,69891681774.0,8474099366.0,8353009264.0,9559879336.0,9730646291.0,71489172832.0,89642714054.0,0.0,0.0,-20084446567.0,-18213756319.0,-17875427073.0,-17393274508.0
308100,형지글로벌,CFS,44905850090.0,55479655530.0,17305309967.0,41694715270.0,40157773062.0,57975258372.0,56300982371.0,60901731925.0,48415136529.0,61760652447.0,-1009756608.0,-9376249915.0,-4546336943.0,-9264346501.0
308430,셀비온,,,,,,,,,,,,,,,
309710,아이티켐,,,,,,,,,,,,,,,
309930,조이웍스앤코,CFS,29368004368.0,29532579130.0,8581857017.0,6290943693.0,14512880720.0,13915127835.0,30615371283.0,28067549251.0,41039115328.0,32410293762.0,2056945685.0,1592161906.0,2459851873.0,1502318183.0
309960,LB인베스트먼트,CFS,32962038123.0,13452623368.0,4512315630.0,1390296877.0,11578139740.0,8763227175.0,115441887021.0,94463381744.0,27582188617.0,18525357387.0,8463269974.0,4765859547.0,6421973511.0,3874362660.0
310200,애니플러스,CFS,53202984366.0,54351714981.0,37384072649.0,43190243384.0,98515906429.0,61008563067.0,101123636490.0,80523250987.0,111346904329.0,57816068967.0,22862982635.0,9919085381.0,10393572993.0,5446041060.0
310210,보로노이,CFS,61297468938.0,49157797317.0,12490250109.0,13815861592.0,13309408301.0,29691863522.0,81343825337.0,34258167614.0,0.0,9767826850.0,-31335510474.0,-17863480687.0,-36848289927.0,-19899662518.0
310870,디와이씨,CFS,57657985263.0,66813406120.0,46188000145.0,51421103774.0,55738216535.0,71532980881.0,50986826392.0,46482315885.0,122419662930.0,120652617749.0,9142782188.0,9560822452.0,4402845474.0,4293292621.0
311320,지오엘리먼트,CFS,32899269607.0,38301361518.0,2066457717.0,3283492290.0,2812051497.0,4234946191.0,50391350383.0,48875613907.0,17811078054.0,28636133638.0,761102321.0,7291671548.0,2226687897.0,6683644080.0
311390,네오크레마,CFS,41041965095.0,37812802184.0,30672898617.0,27868336784.0,32274810933.0,29630647805.0,38861472689.0,47687873610.0,24866771855.0,26702893112.0,278868999.0,1420451374.0,-4957875150.0,-1837548495.0
311690,CJ 바이오사이언스,CFS,65210437330.0,50931897914.0,14722469349.0,34978585750.0,19632694113.0,41733747323.0,71495691643.0,49655411562.0,5575053720.0,4074661697.0,-32056613825.0,-33233168641.0,-22912847165.0,-34913430985.0
312610,에이에프더블류,CFS,31739939421.0,46071768365.0,2776399124.0,1439646349.0,2818399124.0,1460646349.0,62938019449.0,65957631315.0,6822097666.0,4437378741.0,-4082720063.0,-3992269863.0,-3019611866.0,-3368687912.0
313760,캐리,CFS,12665154551.0,31357925768.0,12848755447.0,15572978546.0,13421446424.0,16444473865.0,12898331437.0,29859457395.0,16989304352.0,52319150713.0,-13572581167.0,-12704679615.0,-17569623268.0,-13923340013.0
314130,지놈앤컴퍼니,CFS,97049667134.0,116909349345.0,28230659930.0,11140609039.0,48543266217.0,22452264197.0,113517123387.0,150544411899.0,14295995472.0,14084608191.0,-55092344303.0,-57512443619.0,-50652854697.0,-56949962422.0
314140,알피바이오,CFS,67713988629.0,81043297546.0,57496318391.0,78630256720.0,63471178301.0,82021315914.0,102746535753.0,91136602083.0,151046484340.0,138109319110.0,6622747030.0,9646809661.0,5437253181.0,4315650043.0
314930,바이오다인,CFS,21134021093.0,22914545138.0,603906356.0,1253613515.0,603906356.0,1255398594.0,43382132587.0,44158788596.0,4088693758.0,12210425936.0,-2050797880.0,6683364320.0,-991761827.0,5611320477.0
315640,딥노이드,CFS,31630547056.0,11753582331.0,5379521690.0,2902459343.0,7246314846.0,4560953361.0,27177742341.0,9966348823.0,1933065857.0,3181548542.0,-6726839518.0,-6158546806.0,-6737065539.0,-5333982810.0
317120,라닉스,CFS,11783781605.0,17405707598.0,6202753627.0,27534541939.0,18597348105.0,27652712250.0,10631958230.0,14321987349.0,11543221600.0,10984971091.0,-2957186931.0,-1800111623.0,-5369729462.0,-4930203244.0
317240,TS트릴리온,CFS,11047752353.0,13069962461.0,47549139837.0,49464241084.0,50274668541.0,50882427486.0,26597405033.0,17434198840.0,39984448895.0,62925391613.0,1226031443.0,-5813535569.0,-1592996096.0,-10183566653.0
317330,덕산테코피아,CFS,112170658300.0,71435629813.0,249651267192.0,17199914096.0,330061600648.0,95240671629.0,184305539033.0,203286055415.0,94076712274.0,111005121065.0,-6225474421.0,9261039886.0,-19273669673.0,15050342979.0
317530,에피소드컴퍼니,CFS,2173623017.0,3051861177.0,5517430144.0,2759534587.0,6225832586.0,3839751259.0,5798047330.0,11107254462.0,8483510899.0,10088032993.0,-3677587098.0,-2088411993.0,-5522902385.0,-1404429349.0
317690,퀀타매트릭스,CFS,13995558197.0,35852540101.0,3037949547.0,4117926160.0,4546307773.0,5717706035.0,18119805856.0,39879484967.0,3117941523.0,1285933974.0,-22448003344.0,-20017916127.0,-21556016716.0,-19237228776.0
317770,엑스페릭스,CFS,29670994718.0,39755226364.0,2353348073.0,2153786567.0,3719269102.0,2309737042.0,56379133583.0,47931467774.0,11908780233.0,15077690234.0,-4183750286.0,2817514520.0,-3713605408.0,3096994916.0
317830,에스피시스템스,CFS,59355502702.0,39808104657.0,27093965372.0,23634449109.0,31947167455.0,29523529532.0,68977117028.0,50480490379.0,60478372061.0,53123407721.0,-303597650.0,3392697899.0,419160638.0,2748403848.0
317850,대모,CFS,28454835936.0,33538487705.0,8811368809.0,12189671565.0,16796593993.0,22061585042.0,46347732881.0,47558975848.0,44410624430.0,54799709139.0,-378452195.0,2133866331.0,-244027673.0,1289347474.0
317870,엔바이오니아,CFS,24056879813.0,17614035574.0,13761288923.0,13350063874.0,21718060388.0,19007178362.0,42026470714.0,20978622994.0,14654775506.0,11023814761.0,-205229109.0,-701337249.0,-3932306012.0,73513472.0
318000,KBG,CFS,26049638344.0,26199302396.0,3383822944.0,7612594924.0,3898127573.0,8128342221.0,42053864772.0,34945813884.0,21589233488.0,24346169031.0,4309941625.0,4105345034.0,4583444412.0,3252436463.0
318010,팜스빌,CFS,43626860080.0,47798455871.0,5449375774.0,6932585391.0,7262800801.0,12168103254.0,64015921507.0,62666751601.0,21394730375.0,26113221456.0,1632976195.0,4062759172.0,3307098243.0,4063506428.0
318020,포인트모바일,CFS,47394036118.0,54655330783.0,18836257195.0,31431934798.0,20352519395.0,33940295218.0,46636257044.0,42167900624.0,80027251877.0,87565394346.0,4638590860.0,315519108.0,4843412566.0,-2507252141.0
318060,그래피,,,,,,,,,,,,,,,
318160,셀바이오휴먼텍,CFS,26918218987.0,19935542297.0,8558744589.0,13705590104.0,8633700249.0,13834709667.0,44562705949.0,32147113023.0,27324211009.0,27544537889.0,3149395754.0,3534897992.0,-1857096179.0,2889885474.0
318410,비비씨,CFS,47200225667.0,43746960570.0,6795664406.0,6534051838.0,11098532399.0,10843296801.0,76533986117.0,72837707754.0,53601594101.0,45266822991.0,4460279509.0,1907469460.0,5364831664.0,1021885578.0
319400,현대무벡스,CFS,162868633010.0,136785072621.0,77216693442.0,48651535920.0,88200130683.0,64868050893.0,160732665935.0,154581325900.0,267838061818.0,210456108794.0,4143334694.0,12155021726.0,4207016427.0,9245492544.0
319660,피에스케이,CFS,353608678775.0,383950967173.0,86122493918.0,100917650989.0,101823749358.0,119341821898.0,392569607133.0,353307517966.0,351863805650.0,460909201007.0,54118591422.0,91842998729.0,52520188202.0,77443254531.0
320000,한울반도체,CFS,29309752646.0,20020361872.0,14510629545.0,5651118859.0,14604937804.0,6013231953.0,24284435614.0,22722871332.0,15967468488.0,20269062117.0,392035396.0,1801558756.0,1561754324.0,1770713178.0
321260,프로이천,CFS,33892428340.0,26256897608.0,6660051288.0,3410323339.0,6966399500.0,3923446731.0,36888606967.0,32650843160.0,33363102492.0,38191882053.0,1468893907.0,3070109980.0,3447951116.0,4556759578.0
321370,센서뷰,CFS,11799699678.0,9757180166.0,8657231812.0,5977655205.0,14308429902.0,12218866029.0,13941156789.0,14196041306.0,8462919584.0,5614289674.0,-18044346431.0,-15690957885.0,-18332110830.0,-12698661374.0
321550,티움바이오,CFS,45310766619.0,40294599146.0,11665738472.0,30109893342.0,49171836702.0,33972065374.0,70374188758.0,62286700446.0,,,-27832080130.0,-25640393911.0,-19037667377.0,-31402338378.0
321820,아티스트컴퍼니,CFS,52367004538.0,39319605929.0,32238998649.0,9177917441.0,32719925014.0,41554710295.0,28505482727.0,7426354136.0,21272385828.0,30110649760.0,-3277590268.0,-1332504584.0,-5289845391.0,-18952081115.0
322180,LS티라유텍,CFS,33019405054.0,14543946126.0,34055117900.0,11640553081.0,49547878496.0,17959814589.0,15370496490.0,17839772694.0,54359306573.0,35942703346.0,-3849047367.0,-4267879043.0,-7007593474.0,-4672473566.0
322310,오로스테크놀로지,CFS,38148166464.0,41820543441.0,6836840751.0,5473247684.0,11845145811.0,8629170756.0,62366907479.0,61072760822.0,45529498555.0,35398202864.0,2369674252.0,-3292067759.0,3378588226.0,-2978002016.0
322510,제이엘케이,CFS,6710311866.0,8851869757.0,6345743704.0,1605699637.0,21429826827.0,19731533964.0,11724993204.0,16599264053.0,2488983756.0,3415330726.0,-7147568952.0,-8627804401.0,-7306037907.0,-9310493816.0
322780,코퍼스코리아,CFS,50074104513.0,65997546273.0,77190551722.0,90118296271.0,79171740609.0,92691796475.0,56915982752.0,47607303925.0,44653729856.0,29268713289.0,1698159467.0,9124945624.0,3182189140.0,-1431942513.0
323280,태성,CFS,31141529831.0,33019541683.0,24877740443.0,22165407856.0,26085358556.0,23440639577.0,30890434691.0,32393504296.0,33338955327.0,61247953344.0,-685706946.0,2313546898.0,-1416588755.0,-457379020.0
323350,다원넥스뷰,,,,,,,,,,,,,,,
323990,박셀바이오,CFS,51227394695.0,20898449206.0,924141265.0,307041990.0,1486927570.0,835777840.0,83493267971.0,23327267446.0,13723327.0,,-11507176671.0,-8212602189.0,-10274078948.0,-6825051481.0
327260,RF머트리얼즈,CFS,64082604240.0,56185011843.0,25753459645.0,25404022333.0,37100032893.0,43075468739.0,59913600633.0,52836962007.0,47911985391.0,50442251582.0,-34626044.0,2733808458.0,714080665.0,3562334693.0
328130,루닛,CFS,230417590193.0,68050191900.0,12793897901.0,9446098952.0,32811193379.0,28243417093.0,235109506784.0,68909657614.0,25080238712.0,13865732451.0,-42216718386.0,-50650984769.0,-36798251578.0,-39117907070.0
328380,솔트웨어,CFS,26385058355.0,25222722631.0,11386184810.0,6053890931.0,13490923255.0,13241665123.0,22962448830.0,20014179693.0,49340647407.0,31349477155.0,-88856956.0,-613214891.0,761051545.0,-4881695586.0
330350,위더스제약,CFS,58247361225.0,59450729531.0,31011188570.0,25572492936.0,40502049931.0,36358643311.0,90277966713.0,83036153600.0,80119449783.0,64680375722.0,7909423796.0,4877718076.0,7959175100.0,2479164125.0
330730,스톤브릿지벤처스,CFS,18693618680.0,31905062193.0,4235017428.0,7279881821.0,9521034026.0,12225401185.0,88821588904.0,85850507581.0,19002056584.0,29580726671.0,6440509588.0,7785826246.0,6186941884.0,7140255522.0
330860,네패스아크,CFS,82599550491.0,104719262766.0,81557655225.0,58754501773.0,169943132412.0,201529785315.0,225741470409.0,256438481660.0,126089387410.0,153861205199.0,-6915791712.0,22528425096.0,-30315851286.0,25695164285.0
331380,포커스에이아이,CFS,25242504171.0,27107995815.0,13443174627.0,12119837609.0,13684253265.0,16696898139.0,22772750995.0,20876395272.0,59458221600.0,61625592172.0,2646343421.0,2664914693.0,2467813093.0,2684914821.0
331520,밸로프,CFS,34931544787.0,30228108481.0,13540102488.0,5272691866.0,14640478131.0,6816293397.0,29237875657.0,24757906388.0,35972131511.0,30030226516.0,228744749.0,3005708589.0,909714167.0,1579351983.0
331740,아우토크립트,,,,,,,,,,,,,,,
331920,셀레믹스,CFS,12708076935.0,15612825733.0,1649083960.0,2644840140.0,2236223171.0,3622193431.0,15882369320.0,18589235384.0,6577578379.0,8728940013.0,-5770408718.0,-5733902326.0,-3875651433.0,-4796931594.0
332290,누보,CFS,53756202409.0,53810590681.0,57759681877.0,32493871380.0,59910199051.0,53640844439.0,23211903691.0,28233362516.0,82156943249.0,73028453524.0,-2277203205.0,-3308038580.0,-5988194091.0,-4362475814.0
332370,아이디피,CFS,50145434734.0,50516379212.0,2487892721.0,6709057490.0,2590066110.0,6889343040.0,54424660270.0,50797071455.0,36366131477.0,43111569109.0,5531281025.0,12372966273.0,6017003629.0,10375026000.0
332570,PS일렉트로닉스,CFS,123590619204.0,103313330256.0,53986350252.0,53134905734.0,59805172910.0,56653911695.0,83023014539.0,61977750855.0,68149317459.0,51388503167.0,6424251685.0,4325015868.0,19457636930.0,-10389635536.0
333050,이노테나,CFS,27102043721.0,24982284845.0,8493216258.0,6611152234.0,8785882847.0,8123881472.0,20863804573.0,18886542117.0,24589393987.0,23206668340.0,706087168.0,1547753243.0,1082489368.0,-1720965465.0
333430,일승,CFS,35182820952.0,34265952507.0,19044130076.0,22604778928.0,33427348140.0,41084320941.0,71188267359.0,62849591377.0,52971603874.0,65037011303.0,5293353311.0,3228784445.0,7677487731.0,3380072695.0
333620,엔시스,CFS,60053637964.0,43911124570.0,37986053315.0,16333318792.0,38909304386.0,27890895743.0,57739605510.0,55813247663.0,51226329598.0,41960341819.0,1854221965.0,4058967441.0,2249342340.0,3534647772.0
334970,프레스티지바이오로직스,CFS,70242171670.0,29835241874.0,89097643800.0,32551654497.0,205950267964.0,140467884642.0,99802775379.0,117611351026.0,1730263646.0,15565702.0,-22105262990.0,-36631252881.0,-17979638818.0,-49717904470.0
335810,프리시젼바이오,CFS,18444850234.0,20770897188.0,13345433985.0,20041437984.0,30450657951.0,25634437507.0,32027458683.0,33375101374.0,20391168324.0,20458017811.0,-4810588506.0,-4500034137.0,-4490309990.0,-6805937708.0
335870,윙스풋,CFS,28121051371.0,31549016438.0,12031654936.0,19047735173.0,13534906407.0,21609776835.0,29917620494.0,25459035888.0,51588558204.0,54337267257.0,3977336929.0,3706704519.0,3328367580.0,-16757090947.0
336060,웨이버스,CFS,32325486807.0,24677831424.0,13779398702.0,11252822018.0,14066152712.0,12667727975.0,35253365200.0,26855054897.0,48755717335.0,40546670553.0,5059915724.0,1784422368.0,7067361871.0,-8094591912.0
336570,원텍,CFS,139356169625.0,63131057709.0,52915934795.0,11666685222.0,53992834178.0,16734885777.0,99279475767.0,57055511316.0,115628803094.0,81508860190.0,46037112504.0,26755362989.0,38833153900.0,13396160438.0
336680,탑런토탈솔루션,,,,,,,,,,,,,,,
337930,젝시믹스,CFS,95841774607.0,80787048702.0,34601317268.0,30918790768.0,40194156501.0,32892024021.0,92907274100.0,81331020824.0,232577084972.0,206887174351.0,18194216294.0,19253714634.0,12226713691.0,10128509808.0
338220,뷰노,CFS,14601746030.0,23287496480.0,11123002353.0,13552617117.0,17536802020.0,16685812857.0,5019368554.0,18691886482.0,13275892081.0,8274530575.0,-15675806109.0,-15366682625.0,-15626719889.0,-15661891105.0
338840,와이바이오로직스,CFS,21762539998.0,18033782089.0,5507822354.0,16195420397.0,6885553284.0,17029482330.0,23408461012.0,12293166565.0,3479080759.0,4150557898.0,-10142692527.0,-18830214970.0,-20871053000.0,-18804401066.0
339950,아이비김영,CFS,37694477096.0,24227803212.0,30481094171.0,30328760640.0,38133149668.0,39956476494.0,41960551647.0,35656233380.0,94698742467.0,86509520445.0,8935524758.0,3082754489.0,6652680486.0,-2283897352.0
340360,다보링크,CFS,33714068165.0,31041582094.0,20087019405.0,17338323463.0,20153903465.0,17555076010.0,16809680073.0,17587466887.0,75369137413.0,64859341705.0,-907830665.0,-2938832229.0,-1777785274.0,-6143338897.0
340440,세림B&G,CFS,29720797000.0,25769751585.0,11704302533.0,14772015717.0,15549230763.0,16579543159.0,33053642879.0,29215342319.0,58245452504.0,52526153669.0,4298983844.0,2692107814.0,3811486156.0,2198438365.0
340450,지씨지놈,,,,,,,,,,,,,,,
340570,티앤엘,CFS,72046789776.0,58811713798.0,11250592149.0,9731422918.0,12554887185.0,10924859570.0,129553114080.0,106072409874.0,115461318940.0,81577391444.0,30839185026.0,24308838055.0,27438682343.0,21117565122.0
340810,시선AI,CFS,24150593980.0,23484754615.0,19752471592.0,31256681593.0,21938675743.0,33111162793.0,20628537910.0,4070403235.0,14100761179.0,16807020347.0,-9771154270.0,-6337998299.0,-9628112240.0,-8299242678.0
340930,성원에너텍,CFS,67845088241.0,62302548122.0,81350995609.0,72074613787.0,104670482838.0,89961439556.0,69840197411.0,66041788458.0,38507805865.0,47468577156.0,-10108980369.0,-19282004973.0,-13224110578.0,22143929999.0
342870,오아,,,,,,,,,,,,,,,
344860,이노진,CFS,15476062223.0,6215981822.0,1144253727.0,1175272751.0,1174151834.0,1205076646.0,16026304345.0,6744403464.0,10101040486.0,9139386732.0,1226337763.0,1487584298.0,1396145148.0,1339325234.0
347000,센코,CFS,31490867219.0,43655909735.0,23762082140.0,28809429183.0,27595872033.0,33207786038.0,42028696921.0,43576166826.0,33952242199.0,38490343314.0,2245775452.0,3321460234.0,-1161720602.0,848454790.0
347700,스피어,CFS,9953875084.0,17003308786.0,8466137061.0,14505248580.0,10057609647.0,16562624384.0,8975354607.0,9571359364.0,3325344082.0,2818919837.0,-9591751526.0,-5609469055.0,,
347740,피엔케이피부임상연구센타,CFS,51078785981.0,60359087839.0,2589924285.0,3084884256.0,3167700967.0,3732286119.0,74239464762.0,70807064039.0,14842604136.0,17957199424.0,1378893865.0,5640160033.0,4700385271.0,7130142756.0
347770,핌스,CFS,27579010044.0,33010493608.0,17869816158.0,27731367527.0,27256837706.0,37365374752.0,59261386919.0,56674353058.0,85256117009.0,83806870222.0,2597066496.0,1116180076.0,2095313061.0,1188683314.0
347850,디앤디파마텍,,,,,,,,,,,,,,,
347860,알체라,CFS,28054542009.0,49851515221.0,26554737050.0,6928528806.0,27981825975.0,24544354108.0,8209804991.0,34502168798.0,,,-18520484457.0,-16850508679.0,-26776024648.0,-14142547507.0
347890,엠엑스온,CFS,48192450815.0,50299109400.0,3480253386.0,4846672722.0,4572149548.0,6257830547.0,72446439932.0,73007861342.0,33020955073.0,41682637759.0,5611354850.0,11661086028.0,6315801759.0,10485805554.0
348030,모비릭스,CFS,46428221426.0,56654350585.0,5780164144.0,5796705135.0,6611246026.0,6653438106.0,72261887971.0,79828433134.0,,,-1524499350.0,5324161544.0,-4864471317.0,5650834941.0
348080,큐라티스,CFS,14931800078.0,11011536585.0,16128361065.0,38664469357.0,31079146259.0,91738899794.0,36123170444.0,-26840460811.0,1030058265.0,7524173635.0,-16931835655.0,-23289127797.0,-16989797179.0,-37215747366.0
348150,고바이오랩,CFS,75728641624.0,102478146573.0,21150704128.0,8943561013.0,52803920782.0,28475043065.0,61818987825.0,95454890672.0,33138037063.0,11605576680.0,-18458047336.0,-20291548073.0,-15157847947.0,-23385891159.0
348210,넥스틴,CFS,78769918264.0,99713358310.0,14485303158.0,20210449478.0,15952635677.0,21553973431.0,127009095062.0,99637662260.0,87930571023.0,114942873898.0,36165536410.0,56503520126.0,30933600268.0,43409750571.0
348340,뉴로메카,CFS,55823536288.0,39353412242.0,50800674000.0,4021921416.0,71664638731.0,4103488046.0,24056338423.0,39726633404.0,13742971105.0,9754641463.0,-14825326473.0,-7798121485.0,-17653500201.0,-8200588555.0
348350,위드텍,CFS,89008977347.0,117509697700.0,20672786560.0,37812924135.0,20875531620.0,38010409804.0,115189545341.0,109558778382.0,49561291840.0,72605947195.0,2424570894.0,14458737929.0,6331922425.0,12245350422.0
348370,엔켐,CFS,282567474853.0,342244958334.0,537373471253.0,250972696958.0,596798952591.0,386892153320.0,290080340181.0,293357352469.0,424691399327.0,509792825335.0,5120718637.0,15362754193.0,-49229039100.0,21805168839.0
351320,넥사다이내믹스,CFS,18334797360.0,26844373684.0,11889361311.0,11987696073.0,20834362034.0,21225788607.0,21806319252.0,29424767190.0,16178824956.0,32943720401.0,-8559622625.0,-158617123.0,-7432903278.0,-182227295.0
351330,이삭엔지니어링,CFS,55305602655.0,51561748481.0,26978880200.0,21914635485.0,27217241788.0,22073299175.0,48021094869.0,47890617495.0,100515237200.0,59678363357.0,134144976.0,2359014965.0,-462680769.0,2072307223.0
351870,차이커뮤니케이션,,,,,,,,,,,,,,,
352090,스톰테크,CFS,74422084889.0,28903859511.0,14623718831.0,15649397042.0,14869668186.0,15969168558.0,81865476368.0,35507702605.0,55161763218.0,51030670723.0,11654525617.0,11804290232.0,9766189478.0,9581624800.0
352480,씨앤씨인터내셔널,CFS,156646728856.0,101889958594.0,54325583569.0,42648864550.0,83389082142.0,44766027445.0,172587237085.0,134184641726.0,220327417089.0,130605728419.0,32089995970.0,17452497154.0,31413709186.0,16459825510.0
352700,씨앤투스,CFS,74340742455.0,89342893956.0,7470833876.0,16990105872.0,8646854947.0,18105815461.0,162675594677.0,166410351688.0,78037214136.0,141584468647.0,-744270435.0,26718958897.0,3307187799.0,19460334914.0
352770,셀레스트라,CFS,18198952511.0,52095097250.0,24282036993.0,36680992466.0,35486932434.0,43907208526.0,38996986016.0,53196755127.0,11407673306.0,23083152245.0,-34587921703.0,-10783594785.0,-42399154898.0,-10234416346.0
352910,오비고,CFS,35414007954.0,35424502385.0,2036578595.0,2271930068.0,4210667725.0,4181636749.0,36789220085.0,35037679222.0,15073316970.0,11004454445.0,-536638038.0,-2816572708.0,399387070.0,-2605213489.0
352940,인바이오,CFS,46568724570.0,68054744919.0,25067186144.0,39046743089.0,25592459886.0,40871129634.0,40726109951.0,46488480250.0,34024284250.0,34239810603.0,-3353973081.0,-4777387945.0,-6300317766.0,-3444682193.0
353190,휴럼,CFS,39104677596.0,33038954849.0,26729434637.0,20272466716.0,34689794342.0,22975936750.0,41285955731.0,36145708321.0,88406989389.0,66911197596.0,3755250074.0,-1697369589.0,4210032043.0,-1136849298.0
353590,오토앤,CFS,50372908614.0,40006506859.0,33473605817.0,21750000996.0,36278330772.0,25486171179.0,28934630101.0,30084148699.0,60355291297.0,47843108270.0,-2802719329.0,-3811304107.0,-1115481110.0,-2411682822.0
353810,이지바이오,CFS,119570924530.0,107326896495.0,71918844502.0,85067297629.0,105868718730.0,104999290600.0,66172834442.0,52811116485.0,165385090893.0,155557100437.0,20631216305.0,16153075579.0,16101039239.0,9347351033.0
354200,엔젠바이오,CFS,27021478064.0,43072428011.0,23816078331.0,29000716804.0,26048160308.0,30837407862.0,16234121063.0,25326935662.0,4350873259.0,11017557145.0,-13425114412.0,-8599416061.0,-12859744651.0,-9839397403.0
354320,알멕,CFS,155072149327.0,138309168279.0,64346415532.0,91314889514.0,151295305026.0,156654240366.0,146933092457.0,76901108341.0,216024728022.0,156754943320.0,15852555850.0,11276436299.0,-6631364894.0,5479090840.0
355150,코스텍시스,CFS,15006261427.0,12733332141.0,1352599417.0,11863748449.0,11931178966.0,25883443964.0,25858710986.0,9434907230.0,11549322439.0,25351771685.0,-1319886004.0,3574464219.0,-11379417475.0,-1079268744.0
355390,크라우드웍스,CFS,35885865010.0,16136898861.0,26311539073.0,13010685756.0,28148510245.0,15024327534.0,14712478867.0,4795865838.0,23978460238.0,11896419674.0,-1785822511.0,-6308534457.0,-9573266039.0,-13438673827.0
355690,에이텀,,,,,,,,,,,,,,,
356680,엑스게이트,CFS,38658557042.0,29174944221.0,7931170194.0,10475982618.0,9610492157.0,12134380786.0,40385096419.0,22572964744.0,42820685714.0,38299253515.0,4102235426.0,5417930052.0,294783793.0,4578999440.0
356860,티엘비,CFS,67509549420.0,78336674491.0,35364392454.0,28653241932.0,62314385129.0,52606751208.0,110236786201.0,112315916682.0,171306693402.0,221548161366.0,3044962734.0,38464449640.0,2509494867.0,30548453451.0
356890,싸이버원,CFS,26127825789.0,23118493320.0,5651923621.0,3846174218.0,5858776005.0,3895933970.0,38643780207.0,28729917724.0,24675744970.0,22753888786.0,1276134767.0,1868663188.0,2433817647.0,2087240063.0
357230,에이치피오,CFS,94063902856.0,90512523477.0,45100825516.0,17855250814.0,49193464049.0,20756426297.0,166328300394.0,161647916509.0,232025910017.0,195978389205.0,22059569867.0,17475680841.0,19076115306.0,14460551224.0
357550,석경에이티,CFS,21435994802.0,16312256690.0,1876159677.0,1845613431.0,4175165618.0,3573956415.0,36038751123.0,29713218324.0,12196671042.0,12345756305.0,3501622974.0,4708072873.0,3451233999.0,4292737114.0
357580,아모센스,CFS,71146628647.0,56433996672.0,65449985751.0,28020232226.0,74719119928.0,53179263639.0,36445242723.0,37616576305.0,87453532398.0,63013530325.0,796067214.0,852102867.0,-1422864416.0,-905284103.0
357780,솔브레인,CFS,345056035617.0,458877300878.0,71113528112.0,127596015859.0,76620708886.0,135667905528.0,918822162392.0,799239312030.0,844029122465.0,1090867446512.0,133488376256.0,207050667237.0,130955384417.0,167672934020.0
357880,SKAI,CFS,26788186511.0,40506089896.0,40566237352.0,4320005965.0,42443145364.0,37313020566.0,17726898575.0,34786187044.0,,,-13292681427.0,1620879293.0,-17105422489.0,-528858705.0
358570,지아이이노베이션,CFS,48194736136.0,72861876745.0,5795635946.0,6631551123.0,9636200844.0,10688441686.0,71704011142.0,95646210423.0,,,-53304560672.0,-67952023588.0,-55495299098.0,-79833059383.0
359090,씨엔알리서치,CFS,36522022464.0,29318757248.0,31555141796.0,30815374902.0,35354214000.0,34451007736.0,42493554012.0,36055578672.0,55102004323.0,48473173571.0,6232524670.0,4799911007.0,5559959413.0,3927564244.0
360070,탑머티리얼,CFS,160399736749.0,97987007499.0,11549057990.0,24472072582.0,47661067852.0,25065120829.0,155585835429.0,96334473636.0,122198212216.0,63019955083.0,13789507906.0,11772052136.0,17572091128.0,10555712706.0
360350,코셈,CFS,13594001652.0,11728930670.0,2827010211.0,2154569009.0,3349849232.0,3362721493.0,12761083491.0,10714849043.0,13729282775.0,12525421460.0,1501966865.0,1780218249.0,1684026449.0,1715629165.0
361390,제노코,CFS,39740946457.0,36570993760.0,27903782959.0,24877889785.0,31410243198.0,29534680770.0,34840308520.0,33814471591.0,55112129394.0,50704825056.0,1151079040.0,3151122885.0,1654812600.0,2715633173.0
361570,알비더블유,CFS,58582799718.0,51091092995.0,82322060362.0,41739766684.0,96166871900.0,56090682891.0,85853377557.0,88737325763.0,91434324727.0,63086449910.0,-2247765168.0,2815259566.0,-5537504670.0,1114161495.0
361670,삼영에스앤씨,CFS,21507718665.0,24614501716.0,1835109995.0,2231632816.0,3049588664.0,3173408378.0,23205712947.0,25183288297.0,11647345784.0,13637666082.0,-3538918071.0,-1274639116.0,-2758500280.0,-1026372565.0
362320,청담글로벌,CFS,98994395748.0,82781550495.0,47651694525.0,25780422434.0,48712205334.0,31541830302.0,65478755536.0,66689705145.0,237778587521.0,216298480050.0,5736203424.0,7698892910.0,-1940061300.0,4664529941.0
362990,드림인사이트,CFS,22349094783.0,16025729038.0,9862284537.0,8045254753.0,12507047969.0,10961877253.0,22748925650.0,18303728281.0,,,4079032132.0,3458098067.0,4015675111.0,3479694428.0
363250,진시스템,CFS,21039270683.0,30462460250.0,2431597517.0,1965975105.0,8244358773.0,6072662502.0,30683631792.0,35110441148.0,897027724.0,3653063417.0,-9484494700.0,-6604820388.0,-8059011085.0,-8996173934.0
363260,모비데이즈,CFS,74184483009.0,73943477371.0,61356712763.0,45221227430.0,63092374224.0,45264912626.0,48961689476.0,40048516630.0,23890581882.0,16050403622.0,-1902922259.0,4586103471.0,-914779751.0,-6668066162.0
364950,에이아이코리아,,,,,,,,,,,,,,,
365270,큐라클,CFS,44473449606.0,33406557981.0,10196545273.0,1370678057.0,27918956649.0,9486745731.0,41863176325.0,46170726976.0,10294390768.0,3582858972.0,-10508110228.0,-11982211458.0,-11585769153.0,-11405592529.0
365330,에스와이스틸텍,CFS,58318356591.0,35522352992.0,23042114237.0,25791574113.0,33715330018.0,30171889603.0,46233163956.0,22317538073.0,119756583109.0,100050838794.0,14600825047.0,8333440685.0,10819988624.0,5930478364.0
365340,성일하이텍,CFS,145951587112.0,215337850540.0,120435283164.0,88672931328.0,250938123919.0,129315239965.0,324130293226.0,291232642306.0,247367786854.0,269895520527.0,-8338433228.0,48313488557.0,25234062513.0,39143961950.0
365590,하이딥,CFS,19309258669.0,32254856894.0,10349849820.0,6318237582.0,10686983241.0,19939227676.0,15401609147.0,18207155178.0,10483522724.0,18145498845.0,-8614527090.0,-2271588709.0,-9377440990.0,-6982900895.0
365660,레몬헬스케어,,,,,,,,,,,,,,,
365900,브이씨,CFS,29355565802.0,35997173968.0,25357477358.0,39897579453.0,48908123343.0,46536187295.0,37991243448.0,49507188240.0,37224393565.0,54343550635.0,-11622553173.0,1270030161.0,-12639332953.0,1274463534.0
366030,나인앤컴퍼니,CFS,53334762146.0,47473058254.0,3133887459.0,3739388902.0,3408479896.0,3900734490.0,66168082478.0,59297313004.0,53009477352.0,58686880114.0,10512863283.0,12661735582.0,10055763184.0,11327935561.0
367000,플래티어,CFS,28107226095.0,35559145195.0,9972016871.0,8462423039.0,11228183360.0,9393083947.0,42384228487.0,47118013154.0,33291839469.0,49957146722.0,-4541180978.0,3184748987.0,-3235554655.0,3964859321.0
368600,아이씨에이치,CFS,35601404556.0,37185664026.0,35860340294.0,9336820765.0,64918811248.0,18187289096.0,54534593049.0,64115257236.0,43192695143.0,22820911963.0,-10061095197.0,-7640252962.0,-10646114847.0,-6437494530.0
368770,파이버프로,CFS,25148149073.0,27697610639.0,4256726782.0,6070321780.0,8694054973.0,10579087127.0,32009954201.0,29123290283.0,19386431576.0,18829443327.0,2616602601.0,3418167444.0,2851494746.0,-1731270003.0
368970,오에스피,CFS,29603904851.0,24449334374.0,16928388948.0,2554546361.0,27063322459.0,2770704550.0,44324858587.0,34650759721.0,35169415925.0,16800325318.0,2043258903.0,1093401408.0,128423183.0,1101244202.0
369370,블리츠웨이엔터테인먼트,CFS,12044987921.0,19006510577.0,3151812184.0,8976615964.0,15502537947.0,11645965720.0,28096214484.0,38270292802.0,,,-8087740075.0,-3643136406.0,-10041181452.0,-3505245600.0
370090,퓨런티어,CFS,50774185645.0,43063907126.0,10619702570.0,9954137644.0,11051663326.0,10615072634.0,49025312462.0,38454077095.0,46546986730.0,26904546553.0,7162414199.0,1632417729.0,7523544559.0,1981826045.0
371950,풍원정밀,CFS,23194834340.0,33965938832.0,30902970319.0,23435364472.0,45123137173.0,28490128710.0,57696814035.0,79747931501.0,43054017785.0,44913983313.0,-21932415342.0,751345764.0,-21842154341.0,6536120970.0
372170,윤성에프앤씨,CFS,264251004697.0,216281623966.0,163506429215.0,122707255967.0,184730828438.0,139816654930.0,161189665745.0,137753214067.0,312881434759.0,210275586398.0,26473951396.0,32072532646.0,24520766226.0,24762677390.0
372320,큐로셀,CFS,42786879396.0,41397339762.0,3270411791.0,106647939125.0,45869845467.0,135585619203.0,,,0.0,0.0,-31129752767.0,-21424611321.0,-29574854320.0,-38885125426.0
372800,아이티아이즈,CFS,36637649841.0,30586912525.0,30547881981.0,16018017066.0,30918151118.0,16539183020.0,17241597577.0,25132161572.0,74949243889.0,54571511944.0,-6388091963.0,-11335106806.0,-7097958534.0,-10008315681.0
373110,엑셀세라퓨틱스,CFS,4421004659.0,7215827207.0,5442542057.0,5187180000.0,8084749091.0,7025620615.0,2383503588.0,8483478553.0,1123898370.0,1020034637.0,-8705835094.0,-8298882838.0,-9280501109.0,-8342307927.0
373160,데이원컴퍼니,,,,,,,,,,,,,,,
373170,엠아이큐브솔루션,CFS,27685463163.0,9875743635.0,5184400020.0,5280007846.0,6798291694.0,6175003153.0,23071223820.0,5179303749.0,24152183801.0,22295174113.0,1756064734.0,2826779084.0,2498542535.0,2789877553.0
373200,엑스플러스,CFS,8739585515.0,5854904184.0,7087306553.0,14724743127.0,27872054450.0,14724743127.0,5014599333.0,14511048040.0,9776117626.0,15955888874.0,-3703454492.0,750125662.0,-8552100362.0,-4520072267.0
376180,피코그램,CFS,39398957268.0,23695426319.0,13699621767.0,20243747160.0,33069972590.0,20307763273.0,35832397320.0,31276243816.0,27708930019.0,29215510616.0,1525783534.0,3489034140.0,4454534539.0,3204593197.0
376270,HEM파마,CFS,10963278194.0,22964452853.0,8610160542.0,13504346182.0,10446763221.0,14600018430.0,17377005192.0,20234750715.0,5344041000.0,3667932078.0,-11761259820.0,-13242833549.0,-11666505260.0,-13008896040.0
376290,씨유테크,CFS,112989051305.0,108291182075.0,35588233313.0,34063269886.0,43805022302.0,43178535582.0,100525446384.0,101155167879.0,172928955346.0,216440887837.0,2171604116.0,4603329633.0,918638875.0,3816787591.0
376300,디어유,CFS,147354844557.0,134888840345.0,16856358234.0,11048726578.0,21099366603.0,11315793470.0,169513453417.0,141225482684.0,75691871495.0,49193860961.0,28625832888.0,16285613589.0,26189623258.0,16396183704.0
376900,로킷헬스케어,CFS,6357798277.0,10630365725.0,84374034633.0,109508391900.0,86936522599.0,111658662256.0,-78458254859.0,-97478689874.0,12417565750.0,9150881513.0,-7377752929.0,-13878248399.0,16626871873.0,1857113998.0
376930,노을,CFS,25163920441.0,14073321069.0,4153764127.0,6462172578.0,12587912581.0,14455726407.0,42988949230.0,11395687742.0,2733841254.0,541878769.0,-16138745065.0,-15632236504.0,-16321080150.0,-13680015268.0
376980,원티드랩,CFS,30335872856.0,41276165261.0,6196055603.0,7914883113.0,12161732555.0,13924466708.0,34824150155.0,42970742821.0,,,1573389396.0,8947526886.0,1404464810.0,9404086617.0
377030,비트맥스,CFS,39595632835.0,60971720079.0,24056323355.0,27190435707.0,26118120019.0,28924441702.0,25518079708.0,37989913659.0,1765567201.0,2896359385.0,-16524564320.0,-10772604434.0,-13230849857.0,-14999452348.0
377220,프롬바이오,CFS,37653319953.0,53560309629.0,21906336237.0,6427610086.0,22194424032.0,6810612393.0,75169237253.0,87012887135.0,66723974526.0,99330395890.0,-15420429088.0,897017858.0,-11609207598.0,1318014410.0
377330,이지트로닉스,CFS,36100557062.0,43947664999.0,8057701186.0,5078820382.0,11454087669.0,9276615184.0,55922179027.0,60767208342.0,35198119912.0,21609028786.0,-3961876831.0,-2975341670.0,-2840563606.0,-2308228261.0
377450,리파인,CFS,139111576346.0,120835389474.0,13459293924.0,11076279885.0,14286405827.0,12794391968.0,158639446589.0,139412413096.0,,,22552141363.0,17938589452.0,21682528512.0,17684668973.0
377460,큐에이드,CFS,46553698155.0,245175306505.0,165420075146.0,132450076529.0,202190055371.0,184434797197.0,78749665070.0,208332218370.0,274309385444.0,439461730494.0,-106090906757.0,22261045183.0,-123596364831.0,15846187670.0
377480,마음AI,CFS,23860022264.0,13660450451.0,1724816830.0,11103291511.0,35568979690.0,12212469544.0,20056198421.0,25576054722.0,10223567292.0,8243676344.0,-3856539651.0,-5470640452.0,-5555549863.0,-4763870752.0
378340,필에너지,CFS,196160620640.0,120088812961.0,110609035013.0,79067397424.0,121237352675.0,115643983865.0,128612259218.0,24550864263.0,196715168088.0,189709754189.0,15311910704.0,16812053025.0,-6416727169.0,3723210924.0
378800,샤페론,CFS,21648684913.0,33732076989.0,3261452851.0,3876376109.0,6012496717.0,5871485238.0,18996105571.0,29279774754.0,,,-13228301461.0,-11029970345.0,-12403429287.0,-10672728027.0
380540,옵티코어,CFS,20311973901.0,25163562042.0,8925143869.0,8252067312.0,14711630677.0,14969953175.0,19183995891.0,21301994778.0,26332441090.0,24318584868.0,-4057284201.0,-2680099071.0,-4524030253.0,-10801490987.0
380550,뉴로핏,,,,,,,,,,,,,,,
381620,제닉스로보틱스,,,,,,,,,,,,,,,
382150,온코크로스,CFS,16763434251.0,7196402863.0,1098997838.0,3589391307.0,1098997838.0,3705280383.0,16486811038.0,4695103973.0,91524496.0,150245454.0,-6810005586.0,-9999289571.0,-4214429550.0,-10204119916.0
382480,지아이텍,CFS,68030907246.0,42194503014.0,11947157732.0,12640977192.0,22128963485.0,21157216138.0,91544322597.0,55132137406.0,36622011346.0,39647018076.0,4499921853.0,6926041649.0,7212755774.0,6446216259.0
382800,지앤비에스 에코,CFS,82244420229.0,67962751432.0,22064074897.0,12506341881.0,24775061909.0,16554043120.0,91566126110.0,72354092614.0,89320182345.0,65592093147.0,18290380331.0,14711923379.0,17623516769.0,14772461013.0
382840,원준,CFS,143103432592.0,106557056341.0,77089888434.0,40891953316.0,81256972053.0,45876629217.0,119253004443.0,111444812546.0,137256469129.0,143200037748.0,4641272604.0,10891530920.0,5589942616.0,15180537139.0
382900,범한퓨얼셀,CFS,89028471835.0,103753548040.0,10647873408.0,17042643682.0,17739057109.0,23293138907.0,105896617500.0,106408906756.0,30515676816.0,50661225504.0,-5240371930.0,1309945938.0,-2430679796.0,2257779980.0
383310,에코프로에이치엔,CFS,146981107224.0,125944083592.0,78264304053.0,88668507094.0,115243728912.0,97600395630.0,110568912138.0,86489129235.0,228946023204.0,218237744878.0,41780811675.0,41420546422.0,33546467256.0,32362895640.0
383930,디티앤씨알오,CFS,17468313587.0,35877039104.0,15695691404.0,16540336211.0,28168966805.0,18214403273.0,31678923789.0,46320587817.0,26586277364.0,44007699900.0,-12124934209.0,5293710790.0,-16635630895.0,5255503061.0
384470,코어라인소프트,CFS,14711785478.0,3572919986.0,2493108046.0,2520362910.0,4152280428.0,3425078863.0,11709660743.0,2174906086.0,,,-11656276687.0,-10163695425.0,-14082727158.0,-10212447256.0
387570,파인메딕스,,,,,,,,,,,,,,,
387690,레메디,,,,,,,,,,,,,,,
388050,지투파워,CFS,47058752647.0,39064011221.0,22684394089.0,13414669721.0,23518634965.0,13934854723.0,32245404042.0,30748193607.0,49413146361.0,37376811261.0,-945440106.0,204481879.0,671236597.0,736027230.0
388210,씨엠티엑스,,,,,,,,,,,,,,,
388610,지에프씨생명과학,,,,,,,,,,,,,,,
388720,유일로보틱스,CFS,55131507983.0,34827301367.0,14615314705.0,13396064900.0,50928330318.0,14715514767.0,34883623843.0,39888085000.0,29454386714.0,38445045661.0,-7008150424.0,-3063639691.0,-6556244567.0,-2312336585.0
388790,라이콤,CFS,21854967657.0,18244087332.0,3252272759.0,5941311228.0,6102442859.0,8418607530.0,24150274827.0,18010944924.0,19463077256.0,34334226177.0,-2121544506.0,3956940484.0,-5800254962.0,3885794088.0
388870,파로스아이바이오,CFS,26170432005.0,15715099972.0,1213343939.0,950949080.0,1341046482.0,1056064167.0,28349203036.0,17665265108.0,0.0,300000000.0,-10116681013.0,-10619484027.0,-8858360895.0,-17061694617.0
389020,자람테크놀로지,CFS,29996615683.0,15429919170.0,1815626555.0,880694237.0,2184832664.0,993489469.0,35471428061.0,18822583171.0,11623137413.0,16118235547.0,-2141149247.0,202950131.0,-1268824382.0,617353369.0
389030,지니너스,CFS,25862948261.0,36553398648.0,4895225422.0,2306162081.0,6040833675.0,2559618253.0,34485425829.0,43270152717.0,6967191605.0,10083387356.0,-10078616482.0,-9676054912.0,-9684235393.0,-9384985083.0
389140,포바이포,CFS,31861563897.0,47310930411.0,21286275659.0,7032455930.0,24777618753.0,7993301645.0,42236092311.0,58175225750.0,,,-16258350170.0,-10498782236.0,-20571978089.0,-8775800027.0
389260,대명에너지,CFS,130018368675.0,126652274359.0,31270709865.0,48140160160.0,223036372240.0,213606791161.0,120955074835.0,107038760668.0,61640473408.0,87994198408.0,16741316162.0,25586563219.0,6142245415.0,26830121997.0
389470,인벤티지랩,CFS,26214430449.0,25277936416.0,28876176987.0,2609080266.0,40771715384.0,4427097270.0,4410627497.0,30434805466.0,658151686.0,3723683006.0,-15961004543.0,-10901805103.0,-26994167763.0,-10595328992.0
389500,에스비비테크,CFS,40547274335.0,17851743684.0,41729198789.0,7447099257.0,42922527108.0,8684723579.0,11610135457.0,22068368023.0,5134276778.0,7469840340.0,-5572218496.0,-1836705088.0,-11013300171.0,-5266381493.0
389650,넥스트바이오메디컬,,,,,,,,,,,,,,,
389680,유디엠텍,,,,,,,,,,,,,,,
391710,코닉오토메이션,CFS,28987935774.0,26018415288.0,13754947311.0,6779333794.0,16471765827.0,9043858638.0,26173693471.0,22358911809.0,27347504225.0,30092723073.0,1842558733.0,3354830122.0,2337095178.0,-5570285261.0
393210,토마토시스템,CFS,30373784539.0,13199327799.0,5571475998.0,3150954940.0,7754960451.0,4591675917.0,29774904789.0,12729448126.0,26572393885.0,27089927107.0,2824665460.0,7457456006.0,3289307797.0,4576290898.0
393890,더블유씨피,CFS,265638142427.0,477010049837.0,238910523947.0,115150107015.0,358102062582.0,143595088109.0,1000408000524.0,934645650994.0,304986337193.0,257451425430.0,46391318239.0,58027154917.0,53621155391.0,55257959855.0
393970,대진첨단소재,,,,,,,,,,,,,,,
394280,오픈엣지테크놀로지,CFS,29842671111.0,44303666680.0,19749846354.0,18318003222.0,24120855174.0,21605851110.0,20571164503.0,32249347246.0,19594562678.0,10011687568.0,-15863858723.0,-25261358390.0,-14856026689.0,-25226550275.0
394420,리센스메디컬,,,,,,,,,,,,,,,
394800,쓰리빌리언,,,,,,,,,,,,,,,
396270,넥스트칩,CFS,50854948694.0,41058490936.0,6638213673.0,3303138229.0,40577693022.0,4917524462.0,29337103246.0,39823562041.0,16154132649.0,12869167162.0,-22516720475.0,-27399489329.0,-26703134425.0,-27429341766.0
396300,세아메카닉스,CFS,35997575280.0,37738779697.0,30960417964.0,14463016969.0,31692564431.0,15216585650.0,70284330693.0,63750708195.0,86777674618.0,87638724987.0,1993701154.0,2253778350.0,6352339890.0,3827706880.0
396470,워트,CFS,55811517048.0,30217582594.0,1474987237.0,2889039542.0,1527197265.0,2911732425.0,60688559658.0,32597299237.0,12845576073.0,22835113396.0,1470379146.0,6705120210.0,2209150781.0,5870093710.0
397030,에이프릴바이오,CFS,66727609759.0,69359119258.0,21745595622.0,1787176532.0,21954286774.0,1903045715.0,57747482129.0,69161704787.0,,,-13387937231.0,-11474306802.0,-14129556273.0,-8959274574.0
397810,애드포러스,,,,,,,,,,,,,,,
398120,에스지헬스케어,,,,,,,,,,,,,,,
399720,가온칩스,CFS,64354916686.0,54993351356.0,24817647312.0,14380377375.0,32590129089.0,18791727827.0,62019549707.0,54389374240.0,63597349804.0,43320504880.0,4351646460.0,3899765486.0,6344445918.0,4418777712.0
402030,코난테크놀로지,CFS,33016655522.0,45458820379.0,13965525817.0,6879050856.0,16670651233.0,9262366418.0,31423222864.0,40606089429.0,24428255327.0,15388168002.0,-10994514501.0,-4040889577.0,-9836359727.0,-3276841493.0
402490,그린리소스,CFS,21246539066.0,8644741004.0,10346904348.0,11188335095.0,20206918977.0,13748133789.0,51130448315.0,20970921076.0,16501343055.0,25084703170.0,3268355911.0,3730726683.0,2602076258.0,3465338817.0
403490,우듬지팜,CFS,20415591209.0,6958458370.0,12125500352.0,3599586760.0,17111907059.0,6224147406.0,38527920777.0,27855765636.0,56576333044.0,44940424451.0,3352841287.0,3813004792.0,1426773714.0,4017972367.0
403850,더핑크퐁컴퍼니,CFS,99575319120.0,129421893627.0,41522585285.0,65422418784.0,45743180382.0,71490116677.0,86357379208.0,103366771682.0,94629881285.0,116964259597.0,-3222736589.0,3698960781.0,-18336595867.0,-243701466.0
403870,HPSP,CFS,275836046536.0,245046977511.0,41554582599.0,63423914921.0,43607317988.0,65554608357.0,277080288653.0,195371868774.0,179086660832.0,159336322822.0,95206074427.0,85174462019.0,80432402487.0,66005614943.0
405000,플라즈맵,CFS,22408057293.0,16741540651.0,15752478435.0,8562881181.0,31700707357.0,26884994510.0,8077431119.0,9369903318.0,12917403651.0,13305795654.0,-20572115103.0,-17352691670.0,-18791665604.0,-17680932460.0
405100,큐알티,CFS,64684378472.0,107069735725.0,27049577363.0,26408715020.0,41723964759.0,45161263148.0,100063768892.0,104050033991.0,53256955744.0,59628906235.0,752199915.0,10285825829.0,2624483373.0,6433583076.0
405920,나라셀라,CFS,83498602464.0,74435980339.0,48439358987.0,37605038482.0,61218141081.0,72300353485.0,70035650838.0,49262577453.0,85325300237.0,107162501611.0,196480866.0,11957918054.0,-1104873844.0,8944026358.0
406820,뷰티스킨,CFS,38115635639.0,25463613421.0,37227911472.0,28328845007.0,39139268837.0,32139651916.0,35095906111.0,32345244344.0,80903510908.0,58936831857.0,-6076737802.0,4046212529.0,-8650216233.0,2992341045.0
407400,꿈비,CFS,30892801027.0,8973155076.0,8106377546.0,5919845139.0,13521964849.0,7903098737.0,35684519853.0,8060473779.0,28927922420.0,27181744152.0,-2635913686.0,1133307231.0,-2267183143.0,1319045263.0
408470,한패스,,,,,,,,,,,,,,,
408900,스튜디오미르,CFS,28510764186.0,18624655161.0,3494947206.0,3929207525.0,3823664901.0,4406649594.0,36852474557.0,20939574046.0,23161814202.0,25781360550.0,861046653.0,3339855242.0,2503754270.0,1510994868.0
408920,메쎄이상,CFS,48479621945.0,33519456703.0,6523947184.0,5908424598.0,12213839522.0,11132105752.0,59438356780.0,44049530358.0,50814045322.0,38334447397.0,11169700575.0,8555103322.0,5551398366.0,6984075437.0
411080,샌즈랩,CFS,38901441085.0,7454473751.0,5717205498.0,7750847886.0,5743080985.0,7778049000.0,40619230679.0,1998416377.0,11721914034.0,9299538168.0,-883678732.0,2089463274.0,438727045.0,2155039572.0
412350,레이저쎌,CFS,23240824970.0,26406688246.0,2273282084.0,2783372184.0,3367264644.0,2876646421.0,36712517354.0,35188652064.0,6026961356.0,6032906052.0,-5779730382.0,-5033301516.0,-182193510.0,-4131432766.0
412540,제일엠앤에스,,,,,,,,,,,,,,,
413390,엠오티,,,,,,,,,,,,,,,
413630,씨피시스템,CFS,12728407090.0,12427859404.0,1425000.0,0.0,1499871835.0,1408433174.0,11228535255.0,11019426230.0,0.0,0.0,-76329244.0,-55315450.0,209109025.0,57682077.0
413640,비아이매트릭스,CFS,35025168398.0,20537068370.0,6186967203.0,5865564226.0,14105844077.0,12086251967.0,27416683717.0,13441468784.0,25855874322.0,27659091743.0,-2700550603.0,4563473776.0,,
415380,스튜디오삼익,CFS,18102755823.0,14277296924.0,12375924606.0,11781790845.0,12678897632.0,12102294241.0,19449489298.0,16736092052.0,95399010878.0,86585909893.0,2777920676.0,2396516104.0,2172911092.0,1925269107.0
416180,신성에스티,CFS,93801555031.0,50649657412.0,36362277130.0,45110361479.0,39279116423.0,49366802169.0,97136168195.0,36426069744.0,124673269789.0,106505634411.0,8372804515.0,7893242769.0,9108473330.0,9286891982.0
417010,나노팀,CFS,21026409331.0,16142175527.0,6646060662.0,12081022274.0,28974566036.0,28824493544.0,49796415754.0,18185059511.0,47190666523.0,38456611049.0,5444341870.0,3030381755.0,4877513036.0,4139727596.0
417180,핑거스토리,CFS,27977386828.0,17439906167.0,9305573954.0,3606525020.0,9633455073.0,4671057279.0,23867978125.0,14309666108.0,18424903125.0,17409149957.0,1382110446.0,986841680.0,1729625547.0,-3606105255.0
417200,LS머트리얼즈,CFS,178593741309.0,83743750531.0,62003392573.0,37566268707.0,63139076400.0,48572521895.0,203059842560.0,99131899682.0,136884683735.0,161987191236.0,13568106930.0,14458759701.0,12224407560.0,8410689871.0
417500,제이아이테크,CFS,39739805831.0,59854599848.0,26026730377.0,22564021313.0,40865917078.0,23029595692.0,64694112726.0,62095438483.0,43362684673.0,68282477637.0,4086021597.0,11393792040.0,3289882292.0,10924230878.0
417790,트루엔,CFS,64611090053.0,43372278817.0,5860963281.0,3748346739.0,6012635640.0,3985101784.0,89508351418.0,51104534102.0,47174831935.0,38831800711.0,11387643245.0,9009323935.0,10964127346.0,7633486968.0
417840,저스템,CFS,27685001637.0,46331542832.0,9927550904.0,12712631434.0,33940076271.0,19678211632.0,48614683674.0,50806250948.0,35933632867.0,46098648348.0,311430074.0,7144355552.0,-3385499445.0,6322186147.0
417860,오브젠,CFS,15984862895.0,8288912014.0,4264581651.0,5157851421.0,10834698307.0,10427336348.0,8204417607.0,105979396.0,,,-5830265264.0,-2045438028.0,-5409311254.0,-1946752195.0
417970,모델솔루션,CFS,57362876808.0,60117849954.0,20510172352.0,13290043660.0,23590976761.0,28271835339.0,61521968157.0,61099601573.0,64718955728.0,67404389979.0,2180729196.0,7889064608.0,2501200705.0,6274095335.0
418250,시큐레터,CFS,14426856583.0,3431164365.0,2311830656.0,1491507964.0,2918023798.0,2124745290.0,16064427286.0,6000417354.0,2143877357.0,2542390024.0,-5914101807.0,-5801838918.0,-5786419940.0,-5724751127.0
418420,라온텍,CFS,20604456884.0,12074277335.0,7267664636.0,2498297074.0,14264937302.0,5107464437.0,21392831595.0,7482902531.0,10744039299.0,10916365390.0,-2152629194.0,322444701.0,-7077869539.0,585383430.0
418470,KT밀리의서재,CFS,71950696915.0,25156971734.0,19183291814.0,18631209857.0,21010083742.0,20032681357.0,57722093401.0,7537513686.0,56572748963.0,45829673556.0,10406126329.0,4169062311.0,14537918835.0,13349631378.0
418550,제이오,CFS,50569663902.0,35186642300.0,33319299554.0,11379692239.0,61869659101.0,25975982701.0,134666033218.0,58843075979.0,114493962967.0,67655302339.0,12022840148.0,-2264546549.0,17419292082.0,-5687829119.0
418620,E8,CFS,2347658837.0,2487224011.0,14112134343.0,8626401176.0,15273039048.0,10595029183.0,-8247963191.0,-2016452438.0,3665563019.0,309153551.0,-5250143490.0,-7707829743.0,-6399001728.0,-8116734518.0
419050,삼기에너지솔루션즈,CFS,110183109213.0,56893615688.0,82455770427.0,31498486074.0,158427936927.0,48656139395.0,102411538172.0,43935749689.0,90853536525.0,107029528003.0,744813594.0,8594133801.0,4753502565.0,7984065119.0
419080,엔젯,CFS,41124434646.0,44699366933.0,1549873363.0,4315207278.0,4613513083.0,6402611403.0,48254054783.0,47367274714.0,12072705251.0,21665643146.0,-2118261206.0,5296438701.0,314021211.0,4113326062.0
419120,산돌,CFS,32350778284.0,37483432147.0,5664457534.0,4841076772.0,11501354731.0,11014074065.0,53945186164.0,56059763817.0,14186687039.0,18350443779.0,2781120402.0,8061085291.0,2843498738.0,9435129744.0
419530,SAMG엔터,CFS,60626359363.0,54719246284.0,21218756805.0,26191891492.0,53042963767.0,29592333346.0,47091518931.0,47088695438.0,95122568514.0,68322017040.0,-9418335494.0,-363931469.0,-17103166950.0,-22963177973.0
419540,비스토스,CFS,18726459231.0,18347959748.0,2574854042.0,4216870505.0,2993866970.0,4573487417.0,18540530310.0,15924626573.0,21304785943.0,23963204074.0,283820204.0,912889692.0,806497285.0,-4502437674.0
420570,제이투케이바이오,CFS,13881316052.0,10557834399.0,3676870947.0,3234834188.0,4203754128.0,6721002252.0,17811486522.0,10892114849.0,28472272288.0,16031904131.0,5606828782.0,2323857591.0,4798353526.0,2064403401.0
420770,기가비스,CFS,145221231145.0,122945609181.0,12837589781.0,38191679277.0,13241843016.0,41091534752.0,212614532291.0,100361451702.0,91422516772.0,99727656934.0,35013634833.0,33825685615.0,32663084523.0,27750570931.0
424760,벨로크,CFS,25655031126.0,18238987688.0,10349948495.0,12333275141.0,10760854705.0,12575570476.0,25441895493.0,12590645124.0,26394298398.0,27210184668.0,-366356900.0,1616255773.0,-4590423737.0,210015212.0
424870,이뮨온시아,,,,,,,,,,,,,,,
424960,스마트레이더시스템,CFS,24822972616.0,10812369114.0,4151628673.0,3614845875.0,4422853849.0,3763662558.0,21642924635.0,8623841731.0,4075934941.0,4024884536.0,-5372878506.0,-5515471027.0,-5098204568.0,-7737792622.0
424980,마이크로투나노,CFS,31474064227.0,30045614488.0,7284247754.0,7111502230.0,20064341813.0,23369171023.0,33444667375.0,26082480097.0,9370216743.0,41424950659.0,-12572002087.0,6288212703.0,-7835162200.0,5792009387.0
425040,티이엠씨,CFS,231807575201.0,142631725920.0,120591665037.0,91092063196.0,165917681739.0,102149921756.0,266556587935.0,100813378445.0,200782972392.0,351740130840.0,21119641858.0,53265371079.0,22777565044.0,42183551341.0
425420,티에프이,CFS,53468248562.0,54503038938.0,14371601798.0,16068280601.0,20207055893.0,22293584501.0,71231720445.0,60581410070.0,80325243852.0,63746725969.0,9223518541.0,6513363749.0,11110727809.0,6722151652.0
429270,시지트로닉스,CFS,22683664403.0,9783324575.0,7447924720.0,7927055539.0,10574342494.0,13593622274.0,28985865393.0,11828179791.0,12513645275.0,14521214328.0,-5442515302.0,-4846781071.0,-5535741609.0,-4369020361.0
430690,한싹,CFS,27557998020.0,10859661030.0,9750009358.0,7563800698.0,9949562874.0,7776186567.0,34461007140.0,12820382555.0,24095098864.0,21902816604.0,2628340155.0,1851925471.0,3231305265.0,2205418963.0
431190,케이쓰리아이,,,,,,,,,,,,,,,
432430,와이랩,CFS,35985057426.0,15476166918.0,10881753894.0,7350663460.0,14166641778.0,8214083281.0,32123143775.0,11148450419.0,19417877182.0,29780532001.0,-5513759393.0,-435498328.0,-6088783916.0,-572434054.0
432470,케이엔에스,CFS,42224320352.0,28781758989.0,16283705973.0,17800241543.0,16777455365.0,17906274931.0,44068479411.0,21583382143.0,30041057028.0,34734789512.0,3963507564.0,6075260613.0,3187843394.0,4830717611.0
432720,퀄리타스반도체,CFS,33386607421.0,7920067303.0,10643760255.0,6651754265.0,12989172974.0,18113798231.0,27722500504.0,-3984167976.0,10774541164.0,10789274729.0,-11186432731.0,-3671026788.0,-8108505639.0,-2281074471.0
432980,엠에프씨,,,,,,,,,,,,,,,
434480,모니터랩,CFS,38262239087.0,17069533856.0,1783342388.0,2597865705.0,6580014594.0,7545194850.0,35374725461.0,13762867818.0,14186630550.0,14134540020.0,7200025.0,1135173414.0,-1368578967.0,718990851.0
435570,에르코스,,,,,,,,,,,,,,,
437730,삼현,CFS,55147211472.0,39800184571.0,43934837459.0,38131597095.0,46276198726.0,40804282654.0,48583541972.0,39650787677.0,99848743018.0,68617808568.0,9796377029.0,2753382474.0,9449803386.0,3322524020.0
438700,버넥트,CFS,38940859126.0,11582949409.0,4425299744.0,6943072596.0,11986667833.0,14994440957.0,44840566806.0,24230563118.0,6501962372.0,5056493961.0,-11308437688.0,-14142263265.0,-10357495873.0,-8481198407.0
439090,마녀공장,CFS,99146671915.0,58349783101.0,8308636236.0,10263915580.0,8421677116.0,10637885849.0,97045319370.0,52150538589.0,105000932107.0,101835609615.0,15862041293.0,24494754918.0,11631841694.0,17297237363.0
439580,블루엠텍,CFS,49575125957.0,19438679411.0,37584864495.0,31993304705.0,46821484953.0,39184638610.0,45414636871.0,1178055998.0,113852749147.0,77146751918.0,1343769502.0,890609048.0,-2342124913.0,-14330655532.0
439960,코스모로보틱스,,,,,,,,,,,,,,,
440110,파두,CFS,203276135900.0,34345868733.0,50212157766.0,5449532767.0,57313618158.0,27240478290.0,186348175638.0,41025269900.0,22470905715.0,56401518172.0,-58569439226.0,1507325359.0,-56832521397.0,-227459980077.0
440290,HB인베스트먼트,CFS,,,,,6898165490.0,4901246614.0,58439464323.0,48880906601.0,20516634627.0,15928853534.0,,,8880952160.0,7471803658.0
440320,오픈놀,CFS,24211080417.0,21518816482.0,5475324856.0,6828209714.0,8022821538.0,9400427724.0,37530629804.0,21149319870.0,,,1347065447.0,685179971.0,1407681400.0,-560633830.0
441270,파인엠텍,CFS,81515904831.0,105430382014.0,99593017552.0,88469958703.0,115490895714.0,130048291557.0,174005692623.0,142564292065.0,380029515142.0,116372755248.0,20333866781.0,5442629061.0,10794348785.0,-7039642699.0
443250,레뷰코퍼레이션,CFS,60727216078.0,22739980670.0,23175299192.0,12849221775.0,24539395715.0,13787195860.0,54315426659.0,25896268915.0,51589751390.0,40268701494.0,2786624323.0,4545976316.0,3388171076.0,6149356728.0
443670,에스피소프트,CFS,25132398648.0,20220611975.0,6463418612.0,4964802885.0,7614591128.0,6215502373.0,32726211551.0,26986004804.0,35243425295.0,33421090634.0,4753100664.0,4868052890.0,4377778679.0,4112204285.0
444530,심플랫폼,,,,,,,,,,,,,,,
445090,에이직랜드,CFS,112530621407.0,61663377094.0,46701008852.0,67026161015.0,62163714626.0,70958779192.0,97793723657.0,3286164227.0,74154339770.0,69629209123.0,3859958977.0,11449730766.0,3641164604.0,5149538471.0
445180,퓨릿,CFS,51566773168.0,34174819117.0,15775507534.0,25828247811.0,15922862917.0,25966337880.0,83256336432.0,38723433580.0,120458972206.0,137372953698.0,12837905687.0,14282830314.0,12088188617.0,11554776238.0
445680,큐리옥스바이오시스템즈,CFS,21600669961.0,13949499136.0,2716567570.0,2834783378.0,4914538411.0,4766714313.0,52883455236.0,43860777282.0,6787910936.0,7236977820.0,-10557074113.0,-11421000114.0,-10041722918.0,-11497683485.0
446540,메가터치,CFS,40212524018.0,23087630779.0,14914537724.0,16783480371.0,16581646232.0,17158123278.0,50145001909.0,24788706934.0,50143416324.0,49044882988.0,-252673138.0,8094899886.0,-88210647.0,6575527672.0
446840,지슨,CFS,12032630182.0,1985817499.0,0.0,0.0,989682324.0,910501818.0,11042947858.0,1075315681.0,0.0,0.0,-21291150.0,-10549440.0,121793893.0,-16179063.0
448280,에코아이,CFS,132972364408.0,71400978900.0,7412078507.0,23530608693.0,18905394893.0,29148990683.0,131112058631.0,49238292017.0,64821406710.0,60121142197.0,18231549937.0,20033029594.0,15692864417.0,15559454518.0
448710,코츠테크놀로지,CFS,59153542190.0,29220818502.0,27150237242.0,17300986355.0,28066561913.0,18226264561.0,36587114533.0,16082629666.0,51299936158.0,41835502370.0,8801179354.0,2785574622.0,7013193567.0,2296576120.0
448900,한국피아이엠,,,,,,,,,,,,,,,
450330,하스,,,,,,,,,,,,,,,
450520,인스웨이브,CFS,46807247355.0,22110947147.0,9682456313.0,11270713079.0,11028284484.0,17049946097.0,45989525534.0,15195496273.0,32603845712.0,43629716712.0,5181088943.0,7039261197.0,4720146948.0,5391711724.0
450950,아스테라시스,,,,,,,,,,,,,,,
451220,아이엠티,CFS,24520648271.0,8433979729.0,1037942476.0,4283453145.0,3719898899.0,7425416172.0,26555558612.0,7577428864.0,6469805221.0,10756717708.0,-2238560925.0,254042570.0,-2327481928.0,-429546963.0
451250,삐아,,,,,,,,,,,,,,,
451760,컨텍,CFS,89560097769.0,59545116088.0,8605168868.0,111293340003.0,12060786243.0,113868074856.0,109714255111.0,-30942249945.0,15813851205.0,12760351277.0,-9982807232.0,-1857593758.0,-64886392989.0,-20705097680.0
452160,제이엔비,CFS,16475998810.0,5271442224.0,12738311322.0,10305284927.0,25221144111.0,28759211962.0,34580994535.0,22707930798.0,15313114696.0,16550325313.0,3289323223.0,5025838342.0,-2542800502.0,5220171984.0
452190,한빛레이저,CFS,28245471968.0,14883341483.0,14279362518.0,9313920425.0,16316158313.0,11171224348.0,23499166992.0,15265334179.0,22675958450.0,20585914682.0,645281713.0,2383537217.0,-5570699061.0,2079773701.0
452200,민테크,,,,,,,,,,,,,,,
452280,한선엔지니어링,CFS,37420467107.0,35445384943.0,8269113742.0,32333014003.0,17222864490.0,35637388699.0,54917000119.0,20538362495.0,47752548300.0,40971122327.0,6192440505.0,7167697077.0,4540751867.0,5498221693.0
452300,캡스톤파트너스,CFS,12327875010.0,3304878844.0,4180294607.0,5869251142.0,5207743605.0,12611331148.0,31025122392.0,21138473403.0,9508927375.0,12216491432.0,-2432527988.0,7100921456.0,-4315191604.0,6124121466.0
452400,이닉스,CFS,58191998541.0,54911510032.0,10925465739.0,12048085808.0,11636375321.0,12379429527.0,80795201543.0,72804221672.0,118889585648.0,114301523962.0,10785623995.0,9373779741.0,11019334056.0,10802010757.0
452430,사피엔반도체,CFS,5575802912.0,3679080601.0,882102363.0,16045938358.0,10730234970.0,16722236786.0,10833366343.0,-10775122512.0,3210281108.0,7192453947.0,-6922499119.0,-2845116156.0,-13111750083.0,-7079672678.0
452450,피아이이,,,,,,,,,,,,,,,
453450,그리드위즈,,,,,,,,,,,,,,,
453860,에이에스텍,CFS,40982940508.0,14046133439.0,20905645034.0,20821832650.0,23040718951.0,31000813898.0,46800270950.0,3829790038.0,47339369988.0,32163647980.0,9168234660.0,4516449711.0,6822113177.0,1839507948.0
455180,케이지에이,,,,,,,,,,,,,,,
455900,엔젤로보틱스,CFS,17187995497.0,12461943651.0,11018322980.0,34708666827.0,12640269223.0,36240926643.0,8677896459.0,-19785449759.0,5146186401.0,2184312362.0,-6496614879.0,-7101028909.0,-9238951561.0,-6797309830.0
456010,아이씨티케이,CFS,7977786095.0,7967702742.0,790934957.0,40719672235.0,1004537958.0,40969228553.0,9408274176.0,-31128135547.0,6187514371.0,2566873755.0,-2364614723.0,-3334554411.0,-9030707393.0,-10771971652.0
456070,이엔셀,,,,,,,,,,,,,,,
456160,지투지바이오,,,,,,,,,,,,,,,
457370,한켐,,,,,,,,,,,,,,,
457550,우진엔텍,CFS,22905937642.0,13773302167.0,4263355688.0,5039114102.0,5848450237.0,6534331483.0,33608449202.0,23928581794.0,40682712915.0,37364336431.0,5893114729.0,5673304262.0,5266178665.0,4761400117.0
457600,벡트,,,,,,,,,,,,,,,
458350,에스팀,,,,,,,,,,,,,,,
458650,성우,,,,,,,,,,,,,,,
458870,씨어스,,,,,,,,,,,,,,,
459100,위츠,,,,,,,,,,,,,,,
459510,나우로보틱스,,,,,,,,,,,,,,,
459550,알트,,,,,,,,,,,,,,,
460470,아이빔테크놀로지,,,,,,,,,,,,,,,
460870,에스엠씨지,,,,,,,,,,,,,,,
460930,현대힘스,CFS,45057508372.0,29281153736.0,34525887012.0,32524803054.0,73648230286.0,65889547709.0,176835518445.0,167667793771.0,189188021565.0,144752544468.0,14463678384.0,3756954475.0,10117377616.0,4366217534.0
460940,피앤에스로보틱스,,,,,,,,,,,,,,,
461030,아이엠비디엑스,,,,,,,,,,,,,,,
461300,아이스크림미디어,,,,,,,,,,,,,,,
462310,뉴키즈온,,,,,,,,,,,,,,,
462350,이노스페이스,CFS,13656240993.0,13031020107.0,2333201305.0,62091687093.0,4217878610.0,107327201556.0,19823509002.0,-83815696739.0,231425455.0,342201581.0,-15929213281.0,-25822444575.0,-83246975113.0,-48344907514.0
462510,라메디텍,,,,,,,,,,,,,,,
462860,더즌,,,,,,,,,,,,,,,
462980,아이지넷,,,,,,,,,,,,,,,
463020,뉴엔AI,,,,,,,,,,,,,,,
463480,모티브링크,,,,,,,,,,,,,,,
464080,에스오에스랩,,,,,,,,,,,,,,,
464280,티디에스팜,,,,,,,,,,,,,,,
464490,쿼드메디슨,,,,,,,,,,,,,,,
464500,아이언디바이스,,,,,,,,,,,,,,,
464580,닷밀,,,,,,,,,,,,,,,
465320,교보15호스팩,CFS,,,,,1393555812.0,,7446244059.0,,0.0,,,,-28662829.0,
465480,인스피언,,,,,,,,,,,,,,,
466100,클로봇,,,,,,,,,,,,,,,
466410,사이냅소프트,,,,,,,,,,,,,,,
466690,키움히어로제1호스팩,,,,,,,,,,,,,,,
467930,IBKS제23호스팩,CFS,9833932945.0,,12246690.0,,1460640920.0,,8373292025.0,,0.0,,-26709469.0,,-31340652.0,
468530,프로티나,,,,,,,,,,,,,,,
468760,유진스팩10호,CFS,1994409447.0,,0.0,,1392021335.0,,602388112.0,,0.0,,-19174640.0,,-21019233.0,
469480,IBKS제24호스팩,CFS,1975044758.0,,0.0,,1421950041.0,,553094717.0,,0.0,,-19692920.0,,-32567159.0,
469610,이노테크,,,,,,,,,,,,,,,
469750,아이비젼웍스,,,,,,,,,,,,,,,
469880,하나30호스팩,CFS,17069304027.0,,2677420.0,,2533818159.0,,14535485868.0,,0.0,,-18494320.0,,-21853427.0,
469900,하나31호스팩,CFS,2388207638.0,,2677420.0,,1517811860.0,,870395778.0,,0.0,,-7851320.0,,-20232888.0,
471050,대신밸런스제17호스팩,CFS,1977719009.0,,4400000.0,,1052674251.0,,925044758.0,,,,-20878400.0,,-32871713.0,
471820,셀로맥스사이언스,,,,,,,,,,,,,,,
472220,신영스팩10호,CFS,,,,,1441983193.0,,394509392.0,,0.0,,,,-16306846.0,
472230,에스케이증권제11호스팩,CFS,1985109712.0,,,,1517855538.0,,467254174.0,,,,-11964640.0,,-19929196.0,
472850,폰드그룹,CFS,159728472126.0,,77511920085.0,,151508810277.0,,187196616329.0,,2781338079.0,,667627775.0,,237886985.0,
473000,에스케이증권제12호스팩,,,,,,,,,,,,,,,
473050,유안타제15호스팩,CFS,2283775760.0,,220000.0,,1497024060.0,,786751700.0,,,,-12105940.0,,-14405021.0,
473950,에스케이증권제13호스팩,,,,,,,,,,,,,,,
473980,노머스,,,,,,,,,,,,,,,
474170,루미르,,,,,,,,,,,,,,,
474490,유안타제16호스팩,,,,,,,,,,,,,,,
474610,RF시스템즈,,,,,,,,,,,,,,,
474650,링크솔루션,,,,,,,,,,,,,,,
474660,신한제12호스팩,,,,,,,,,,,,,,,
474930,신한제13호스팩,,,,,,,,,,,,,,,
475040,스트라드비젼,,,,,,,,,,,,,,,
475230,엔알비,,,,,,,,,,,,,,,
475240,하나32호스팩,,,,,,,,,,,,,,,
475250,하나33호스팩,,,,,,,,,,,,,,,
475400,씨메스로보틱스,,,,,,,,,,,,,,,
475430,키스트론,,,,,,,,,,,,,,,
475460,미트박스,,,,,,,,,,,,,,,
475580,에이럭스,,,,,,,,,,,,,,,
475660,에스켐,,,,,,,,,,,,,,,
475830,오름테라퓨틱,,,,,,,,,,,,,,,
475960,토모큐브,,,,,,,,,,,,,,,
476040,오가노이드사이언스,,,,,,,,,,,,,,,
476060,온코닉테라퓨틱스,,,,,,,,,,,,,,,
476080,M83,,,,,,,,,,,,,,,
476830,알지노믹스,CFS,15986810525.0,31502226916.0,93282928355.0,96531016698.0,94938146858.0,98032109908.0,-74731410712.0,-62594958331.0,143607690.0,0.0,-15522148625.0,-19190939484.0,-13599580467.0,-31534497705.0
477340,에이치엠씨제7호스팩,,,,,,,,,,,,,,,
477380,미래에셋비전스팩4호,,,,,,,,,,,,,,,
477470,미래에셋비전스팩5호,,,,,,,,,,,,,,,
477760,DB금융스팩12호,,,,,,,,,,,,,,,
477850,마키나락스,,,,,,,,,,,,,,,
478110,이베스트스팩6호,,,,,,,,,,,,,,,
478340,나라스페이스테크놀로지,,,,,,,,,,,,,,,
478390,KB제29호스팩,,,,,,,,,,,,,,,
478440,미래에셋비전스팩6호,,,,,,,,,,,,,,,
478560,블랙야크아이앤씨,,,,,,,,,,,,,,,
479880,한국제15호스팩,,,,,,,,,,,,,,,
479960,위너스일렉,,,,,,,,,,,,,,,
481070,에이유브랜즈,,,,,,,,,,,,,,,
481890,엔에이치스팩31호,,,,,,,,,,,,,,,
482520,교보16호스팩,,,,,,,,,,,,,,,
482630,삼양엔씨켐,,,,,,,,,,,,,,,
482680,미래에셋비전스팩7호,,,,,,,,,,,,,,,
482690,대신밸런스제19호스팩,,,,,,,,,,,,,,,
484120,도우인시스,,,,,,,,,,,,,,,
484130,하나34호스팩,,,,,,,,,,,,,,,
484590,삼양컴텍,,,,,,,,,,,,,,,
484810,티엑스알로보틱스,,,,,,,,,,,,,,,
486630,KB제30호스팩,,,,,,,,,,,,,,,
486990,노타,,,,,,,,,,,,,,,
487360,신한제14호스팩,,,,,,,,,,,,,,,
487580,폴레드,,,,,,,,,,,,,,,
487720,키움제10호스팩,,,,,,,,,,,,,,,
487830,신한제15호스팩,,,,,,,,,,,,,,,
488060,유진스팩11호,,,,,,,,,,,,,,,
488280,에스투더블유,,,,,,,,,,,,,,,
488900,비츠로넥스텍,,,,,,,,,,,,,,,
489210,교보17호스팩,,,,,,,,,,,,,,,
489460,바이오비쥬,,,,,,,,,,,,,,,
489480,키움제11호스팩,,,,,,,,,,,,,,,
489500,엘케이켐,,,,,,,,,,,,,,,
489730,디비금융제13호스팩,,,,,,,,,,,,,,,
490470,세미파이브,,,,,,,,,,,,,,,
491000,리브스메드,,,,,,,,,,,,,,,
492220,KB제31호스팩,,,,,,,,,,,,,,,
493280,아이엠바이오로직스,,,,,,,,,,,,,,,
493330,지에프아이,,,,,,,,,,,,,,,
493790,유안타제17호스팩,,,,,,,,,,,,,,,
494120,큐리오시스,,,,,,,,,,,,,,,
496070,신한제16호스팩,,,,,,,,,,,,,,,
498390,한화플러스제5호스팩,,,,,,,,,,,,,,,
