종목코드,종목명,재무제표종류,유동자산_2025,유동자산_2024,유동부채_2025,유동부채_2024,부채총계_2025,부채총계_2024,자본총계_2025,자본총계_2024,매출액_2025,매출액_2024,영업이익_2025,영업이익_2024,당기순이익_2025,당기순이익_2024
000020,동화약품,CFS,231993648349.0,237806254928.0,142587965602.0,134010964667.0,240684303154.0,217959805338.0,401879650949.0,401675120174.0,125024623356.0,115162146532.0,614122813.0,4613224826.0,6133884669.0,3122056844.0
000040,KR모터스,CFS,11709878111.0,11944057793.0,51281211745.0,30219368878.0,53722975438.0,52629712095.0,31187802068.0,32642815777.0,4536488204.0,4592042871.0,-233346778.0,-1105393815.0,171225988.0,-1547393126.0
000050,경방,CFS,140288023828.0,145868325619.0,228954721891.0,247427767447.0,436268409201.0,454721013440.0,768453141331.0,759626462484.0,95102613530.0,95023681989.0,5491798195.0,375236808.0,9029356590.0,2960181721.0
000070,삼양홀딩스,CFS,2009543071119.0,1866108031174.0,947002080993.0,988834692935.0,2298261119062.0,2292419017261.0,3166186406569.0,2998088452026.0,907514246318.0,917356667346.0,43105132495.0,55197706504.0,42600515059.0,39690519138.0
000080,하이트진로,CFS,940963986965.0,1023166046028.0,1502685477201.0,1653251708979.0,2191541612078.0,2292042901576.0,1166727184051.0,1149495697352.0,646554290798.0,665239760116.0,64459394712.0,68246734750.0,32918400885.0,43880658674.0
000087,하이트진로2우B,,,,,,,,,,,,,,,
000100,유한양행,CFS,1454880948966.0,1360261256866.0,645242085304.0,619136487792.0,824342028929.0,791378826075.0,2214637156731.0,2150670010559.0,578987017426.0,528312352203.0,49861015710.0,18542379417.0,44001163318.0,31912289535.0
000105,유한양행우,,,,,,,,,,,,,,,
000120,CJ대한통운,CFS,2855438043009.0,2783266786865.0,3108825717302.0,2996783656303.0,5644719325029.0,5518255667581.0,4257765716099.0,4225599854802.0,3048408107265.0,3059182081054.0,115243326538.0,125360555896.0,58185410405.0,61306671861.0
000140,하이트진로홀딩스,CFS,957701034344.0,1029097623299.0,1924190179999.0,2098357740903.0,2818204014456.0,2923029298430.0,1178721258119.0,1154414666187.0,642895817131.0,661623893726.0,67482230769.0,72913637437.0,29619177552.0,38809393335.0
000145,하이트진로홀딩스우,,,,,,,,,,,,,,,
000150,두산,CFS,13266719000000.0,11912646000000.0,12204269000000.0,11024159000000.0,19612186000000.0,18253581000000.0,11875816000000.0,11889482000000.0,5346439000000.0,4592222000000.0,357778000000.0,336735000000.0,233171000000.0,216313000000.0
000155,두산우,,,,,,,,,,,,,,,
000157,두산2우B,,,,,,,,,,,,,,,
000180,성창기업지주,CFS,52242647130.0,50986246413.0,59578859438.0,58260420912.0,141489421680.0,141518712667.0,569484956216.0,578374605374.0,32641965719.0,39207054599.0,-1366103199.0,-1628335801.0,-3242922101.0,-2728504215.0
000210,DL,CFS,2848887877516.0,2878649711744.0,2275598706777.0,2641617003401.0,7396938471129.0,7749224680441.0,4522388301151.0,4786090727143.0,1321718752729.0,1492081109016.0,72031012101.0,142802691384.0,-84294998185.0,9259053739.0
000215,DL우,,,,,,,,,,,,,,,
000220,유유제약,CFS,96248142062.0,101947330682.0,58091553887.0,64479826927.0,66659213777.0,72624048180.0,134747146148.0,135063350824.0,35846274558.0,33176915977.0,2245951213.0,3782409192.0,591697065.0,2027964646.0
000225,유유제약1우,,,,,,,,,,,,,,,
000227,유유제약2우B,,,,,,,,,,,,,,,
000230,일동홀딩스,CFS,303284327343.0,267472842690.0,458817925524.0,369324959655.0,597304455678.0,600703310841.0,251602360066.0,253998132129.0,148840351768.0,157741107735.0,-1970464923.0,-4274686425.0,-8622731946.0,-3117936230.0
000240,한국앤컴퍼니,CFS,617122935147.0,749903811373.0,302174023004.0,484686609846.0,489590484644.0,683552763446.0,4386399202660.0,4452873418433.0,343752270221.0,363522852688.0,73867315730.0,124767967904.0,56528925341.0,108476328333.0
000270,기아,CFS,41271414000000.0,41797457000000.0,27473136000000.0,26977376000000.0,36751668000000.0,36915565000000.0,56910558000000.0,55840309000000.0,29349635000000.0,27567907000000.0,2764766000000.0,3643732000000.0,2268222000000.0,2956622000000.0
000300,DH오토넥스,CFS,14956673410.0,26813922849.0,26295339775.0,29190990620.0,34967254734.0,39899647221.0,27952992781.0,26161988954.0,6855602097.0,8044910307.0,-1705354536.0,686701981.0,562087995.0,-11326763728.0
000320,노루홀딩스,CFS,633941988112.0,618344524322.0,371550491188.0,358871107456.0,462479729901.0,442599207599.0,772627050415.0,772239740646.0,348834561219.0,345695939354.0,23624948361.0,28727957655.0,14039373184.0,23891181089.0
000325,노루홀딩스우,,,,,,,,,,,,,,,
000370,한화손해보험,CFS,,,,,17973772328000.0,16881077313000.0,2691399803000.0,2953083271000.0,,,,,69863877000.0,116053592000.0
000390,SP삼화,CFS,320996557872.0,309605425089.0,232099896259.0,259275948055.0,300195105188.0,289704209848.0,323218932719.0,329610877682.0,177509100088.0,182670371102.0,8136976147.0,12425967549.0,7734525394.0,9861946990.0
000400,롯데손해보험,CFS,,,,,14234570000000.0,14747239000000.0,598326000000.0,794239000000.0,,,,,36182000000.0,23319000000.0
000430,대원강업,CFS,558811627000.0,534673538000.0,569739169000.0,544575655000.0,662733684000.0,621334585000.0,689832926000.0,681014742000.0,421726561000.0,295258220000.0,16589517000.0,-5792633000.0,8243733000.0,-1078909000.0
000480,CR홀딩스,CFS,526513255000.0,509568451000.0,554466702000.0,687414034000.0,815044710000.0,835588274000.0,844254334000.0,862107307000.0,214325065000.0,201928347000.0,7833757000.0,6403490000.0,5282386000.0,2306748000.0
000490,대동,CFS,1116684804294.0,1133886383951.0,1047106683910.0,1101155537489.0,1522501220605.0,1531411970874.0,674463505113.0,601215345248.0,414557236419.0,412438021959.0,25099712218.0,36044999380.0,6827628928.0,11450618875.0
000500,가온전선,CFS,861361411000.0,654804752000.0,654243168000.0,518334366000.0,797976140000.0,589179383000.0,449102202000.0,453705043000.0,643289510000.0,409978737000.0,23232978000.0,10484305000.0,14315178000.0,6845405000.0
000520,삼일제약,CFS,87735890069.0,91345650494.0,138947402302.0,106660109599.0,226313310200.0,218947290895.0,149262817088.0,176123873044.0,53785726229.0,54287928880.0,-3107268503.0,1104040363.0,-6497760950.0,350311777.0
000540,흥국화재,CFS,,,,,12298365000000.0,12122030000000.0,883601000000.0,772659000000.0,,,,,12763000000.0,48194000000.0
000545,흥국화재우,,,,,,,,,,,,,,,
000590,CS홀딩스,CFS,269880226162.0,267523910482.0,19240646500.0,23777076696.0,32307682298.0,35090175721.0,381868575038.0,377496622222.0,35656160687.0,30812809216.0,6231421111.0,6354270500.0,1107481043.0,7176300291.0
000640,동아쏘시오홀딩스,CFS,476794358377.0,449172482597.0,652404977434.0,703282253044.0,936825879307.0,966546316740.0,1113137429167.0,1063937470276.0,346899471790.0,324491161455.0,28159773544.0,22310543626.0,38024244975.0,17038065664.0
000650,천일고속,CFS,2854992165.0,3614554270.0,20615134039.0,20146010641.0,40023356651.0,39416038248.0,12965418569.0,14086493860.0,11387733583.0,10954145633.0,-1405835033.0,-1764978099.0,998062656.0,-138525741.0
000660,SK하이닉스,CFS,45203170000000.0,42278887000000.0,25324404000000.0,24965444000000.0,41945296000000.0,45939505000000.0,87142485000000.0,73915704000000.0,22231952000000.0,16423258000000.0,9212851000000.0,5468536000000.0,6996216000000.0,4120003000000.0
000670,영풍,CFS,1270145454275.0,1556095230506.0,830563859286.0,927947129412.0,1500702731267.0,1716406429617.0,4213672257010.0,3985301285146.0,599848046104.0,752044603729.0,-94138666433.0,83383704.0,-22981763041.0,53896357289.0
000680,LS네트웍스,CFS,7890514997491.0,6941205350867.0,9628141750905.0,8038791827299.0,10347327919885.0,8670672911334.0,941691615383.0,930832206826.0,549156612718.0,498726404888.0,30664463329.0,20390526208.0,21302911049.0,8042848291.0
000700,유수홀딩스,CFS,276962447946.0,290996966701.0,58723363534.0,59333022696.0,65628682618.0,67044758212.0,397482840206.0,411670667039.0,102451921634.0,103757637683.0,6704764665.0,6034467608.0,1386258977.0,9925536010.0
000720,현대건설,CFS,20472218000000.0,21100663000000.0,14087088000000.0,14663775000000.0,16393515000000.0,17335972000000.0,9764636000000.0,9669413000000.0,7720720000000.0,8621236000000.0,217001000000.0,147303000000.0,158584000000.0,146117000000.0
000725,현대건설우,,,,,,,,,,,,,,,
000760,이화산업,CFS,43556908671.0,42344858051.0,34011035275.0,33929612974.0,63342162622.0,62687904131.0,207821072302.0,207072687850.0,12472974308.0,13456163136.0,874423960.0,1113551337.0,584235650.0,912210291.0
000810,삼성화재,CFS,,,,,71788967137939.0,71667277794649.0,16648089953753.0,15602214746140.0,,,,,638378878364.0,612410989828.0
000815,삼성화재우,,,,,,,,,,,,,,,
000850,화천기공,CFS,178958143053.0,176995789691.0,62222696592.0,60808670588.0,90361505851.0,91541077262.0,332530248899.0,337268734423.0,58549522868.0,57762277422.0,2076901970.0,-141600774.0,3398948602.0,3947268232.0
000860,강남제비스코,CFS,322444484825.0,319967771943.0,221606190608.0,197301334490.0,265486432989.0,264762207818.0,704867431609.0,704976952838.0,161608711288.0,177370313651.0,6451094522.0,11718647060.0,5316595084.0,8546108476.0
000880,한화,CFS,87657812000000.0,83191377000000.0,61781417000000.0,58787318000000.0,222036460000000.0,212475211000000.0,42386068000000.0,39561774000000.0,19242236000000.0,12992719000000.0,1334841000000.0,528567000000.0,268714000000.0,37164000000.0
00088K,한화3우B,,,,,,,,,,,,,,,
000890,보해양조,CFS,61878357182.0,57184493101.0,48497837755.0,43173429441.0,54941425045.0,51788332179.0,88358129050.0,87043381312.0,22669354719.0,23235372955.0,1485387905.0,763886475.0,1176904358.0,48544164.0
000910,유니온,CFS,122627655607.0,122193394507.0,159866463573.0,157110551573.0,206006861361.0,203861422466.0,106245017576.0,101612342310.0,54520373596.0,56090559948.0,1804365694.0,2242264818.0,1495836176.0,1249112448.0
000950,전방,CFS,159667284506.0,153107927636.0,3385301606.0,26440887480.0,10119975173.0,33296379985.0,228333380110.0,198677621596.0,11703904938.0,12856562949.0,-2981351329.0,-1729399785.0,-2058300085.0,5574487048.0
000970,한국주철관,CFS,241866940621.0,248241693218.0,57687102508.0,59564211370.0,72710730389.0,73720798815.0,355886694476.0,355985182032.0,109966651229.0,114045861213.0,4253017207.0,5279220288.0,4625630217.0,4780022976.0
000990,DB하이텍,CFS,1185543738908.0,1194370198832.0,299536450789.0,316866668877.0,384262710570.0,396162364261.0,2021262260308.0,2000688804317.0,337406491433.0,298387736089.0,73842437551.0,67451961546.0,59996804136.0,64099392514.0
001020,페이퍼코리아,CFS,219557611157.0,237387840491.0,172890173404.0,138769477694.0,191252796162.0,206282900332.0,278116222200.0,283763281983.0,66428370047.0,82361874452.0,-2373738210.0,1899639166.0,-3803124720.0,4176871070.0
001040,CJ,CFS,13068443441000.0,14105667795000.0,17403437759000.0,17256896957000.0,29483487905000.0,29750163868000.0,16974437890000.0,17730414070000.0,11119028491000.0,10682936102000.0,618771596000.0,662555072000.0,363269578000.0,304817948000.0
001045,CJ우,,,,,,,,,,,,,,,
00104K,CJ4우(전환),,,,,,,,,,,,,,,
001060,JW중외제약,CFS,324824886880.0,306413411729.0,230454046691.0,208615136614.0,266803082233.0,275111775158.0,323276080753.0,329486742125.0,191104766782.0,172276013572.0,24969238147.0,11639774923.0,-1865381337.0,8511180957.0
001065,JW중외제약우,,,,,,,,,,,,,,,
001067,JW중외제약2우B,,,,,,,,,,,,,,,
001070,대한방직,CFS,87305315772.0,71711246842.0,52122428487.0,43014337076.0,68939762187.0,53060622616.0,131507690959.0,132337892416.0,46881302810.0,37247135805.0,76181637.0,942299041.0,318844777.0,614128694.0
001080,만호제강,CFS,126331290552.0,121071760175.0,57844657175.0,17629494257.0,63865979043.0,22593210389.0,166027937138.0,188570901745.0,36054465466.0,38781317656.0,-3699139711.0,-5538065600.0,-5013952822.0,-3714678013.0
001120,LX인터내셔널,CFS,4764987119280.0,4576965059781.0,3095519622406.0,3397095815278.0,5854436985761.0,5611254021107.0,3370018558402.0,3319611595109.0,3830161397654.0,4073558531214.0,55038466491.0,129608508554.0,56239949541.0,113117477582.0
001130,대한제분,CFS,788516841755.0,798433553928.0,443890203460.0,476946307010.0,501729853188.0,523130128106.0,1067630978743.0,1037332248569.0,336317642034.0,341660153167.0,14996756959.0,18653839143.0,23420485035.0,15579040322.0
001200,유진투자증권,CFS,,,,,8852588314723.0,8595331993613.0,1092153456408.0,1051376155736.0,455105370618.0,361034268110.0,,,33567715640.0,20674452215.0
001210,금호전기,CFS,16387932922.0,19385525236.0,14199844638.0,20420748765.0,18065071097.0,24425699025.0,11586085334.0,8915865803.0,9764589381.0,12929960297.0,-963471155.0,-424809370.0,-1457018592.0,-1329755931.0
001230,동국홀딩스,CFS,1020095458252.0,1035879772290.0,620271080272.0,618918584762.0,727632439859.0,729676090365.0,1840122454583.0,1779602185677.0,480658285537.0,506353718793.0,12647114620.0,26083982226.0,6898933166.0,25334204480.0
001250,GS글로벌,CFS,880178377000.0,896442498000.0,508688955000.0,636926816000.0,833707687000.0,872554135000.0,579013535000.0,567087325000.0,1073997170000.0,957374245000.0,19794027000.0,21233232000.0,12531879000.0,18852335000.0
001260,남광토건,CFS,329967567153.0,337729671089.0,260003722206.0,282348102600.0,276175666122.0,297349706762.0,124552517658.0,119683863204.0,98337004388.0,124033368723.0,2644918189.0,761762086.0,2693117040.0,294797876.0
001270,부국증권,CFS,,,,,5253111149708.0,881102905317.0,805138400593.0,770265469916.0,262754984431.0,186145814052.0,,,17829030934.0,8431528593.0
001275,부국증권우,,,,,,,,,,,,,,,
001290,상상인증권,CFS,,,,,1725304093937.0,1049832859211.0,183184251705.0,181089697651.0,44883569935.0,69931142235.0,,,-7518378026.0,-18247893808.0
001340,PKC,CFS,89739510844.0,79549216386.0,253744497288.0,175955497556.0,295631224692.0,250865510826.0,217107476243.0,213430158021.0,66208267786.0,59120203366.0,2182673235.0,1226696707.0,2240341494.0,228623107.0
001360,삼성제약,CFS,37244856184.0,47006028527.0,15464253942.0,18561708903.0,19170215545.0,22596614412.0,207032811159.0,105855344767.0,10898173929.0,10578353089.0,-4303689449.0,-6176912236.0,63572258200.0,-10275987375.0
001380,SG글로벌,CFS,44939755105.0,39361219157.0,29290245176.0,28602095038.0,51512147780.0,50176243098.0,150671295946.0,149705433926.0,27491995155.0,28816762236.0,2627134371.0,3756248978.0,1567796736.0,2906595580.0
001390,KG케미칼,CFS,3598398738227.0,3465840270196.0,3383131697148.0,3563805566281.0,4598055561695.0,4386466503710.0,3855386537758.0,3774481745939.0,2181204768618.0,2277400514954.0,78861051925.0,128268494474.0,58185063604.0,88531670717.0
001420,태원물산,CFS,43096105397.0,48204252257.0,1550698124.0,5588451148.0,4306535978.0,8263798005.0,44114350705.0,45275972501.0,3991068467.0,2931655048.0,-156196219.0,-193079991.0,93328491.0,308158749.0
001430,세아베스틸지주,CFS,1723454714699.0,1712680355639.0,982761157790.0,1137233323820.0,1936734136645.0,1795239994311.0,1896387702793.0,2031406869735.0,964508023158.0,970077373441.0,44495774299.0,63658581844.0,18183692026.0,46611818614.0
001440,대한전선,CFS,2002934153273.0,1775776358196.0,1258275976584.0,920138411138.0,1436579860117.0,1146613736888.0,1504353480632.0,1496112472158.0,916356132633.0,864348922364.0,28563173202.0,37389017835.0,-23037078192.0,25839681527.0
001450,현대해상,CFS,,,,,45551778173371.0,43780411936254.0,4580299803000.0,4743378657629.0,,,,,300639835273.0,347744323855.0
001460,BYC,CFS,134828606014.0,123654577939.0,88653587931.0,48270062613.0,170644239258.0,146993205799.0,550363334418.0,549407749514.0,39494650463.0,41210525658.0,2780619216.0,2189379520.0,1661125684.0,1157335208.0
001465,BYC우,,,,,,,,,,,,,,,
001470,삼부토건,CFS,169117441397.0,209360557938.0,290749628011.0,269202733551.0,315902717715.0,292664231363.0,-71955197645.0,7667270832.0,41607036496.0,88150172124.0,-30245316509.0,-27392867283.0,-48950067529.0,-35425538231.0
001500,현대차증권,CFS,,,,,11277571000000.0,10689901000000.0,1421747000000.0,1302095000000.0,27029000000.0,19448000000.0,,,20726000000.0,14965000000.0
001510,SK증권,CFS,,,,,6114191622512.0,5550018800036.0,581314980132.0,559276595602.0,,,,,12861159460.0,-47604704028.0
001515,SK증권우,,,,,,,,,,,,,,,
001520,동양,CFS,346820887493.0,390266904593.0,535416688816.0,545044064776.0,601943748186.0,610910330680.0,700855806382.0,705178026498.0,163717961253.0,211061834037.0,-3535537023.0,7072146898.0,8023948473.0,5785334142.0
001525,동양우,,,,,,,,,,,,,,,
001527,동양2우B,,,,,,,,,,,,,,,
001530,DI동일,CFS,290625559748.0,321145555378.0,378655755838.0,337713509938.0,467419655578.0,449411248598.0,526631940660.0,564332201147.0,155325169552.0,170715710028.0,325815956.0,3657693060.0,-5877656469.0,5847907449.0
001550,조비,CFS,92982402783.0,70287874785.0,71132830094.0,54929390221.0,84564420341.0,67248089753.0,58983719112.0,52676679417.0,49090766834.0,52240093216.0,5328241122.0,4387046272.0,5019612304.0,3065173551.0
001560,제일연마,CFS,71477544054.0,69672914276.0,10686450474.0,14153635378.0,13680026230.0,16856515562.0,106083331598.0,99235580509.0,19254628108.0,20331193631.0,840717652.0,1589161639.0,10201883793.0,1627800814.0
001570,금양,CFS,78594900109.0,104787666155.0,704640918967.0,707560253213.0,750354514283.0,762397544483.0,486131198907.0,494536343970.0,23287136001.0,38560729690.0,-11974572473.0,-817790388.0,-13190571843.0,-35081522773.0
001620,케이비아이동국실업,CFS,396261277275.0,353715956276.0,484404784770.0,439454123604.0,588334297685.0,538883051385.0,235080754070.0,225927965754.0,213263962476.0,180274947089.0,5495582505.0,3042241503.0,767903018.0,7912852532.0
001630,종근당홀딩스,CFS,461100813182.0,438920169131.0,525956195382.0,502533923523.0,674356379265.0,646028179296.0,863080705262.0,849773425561.0,242183624575.0,248442461564.0,16513978202.0,8569046196.0,11350292438.0,17407215834.0
001680,대상,CFS,1770897245732.0,1806075853037.0,1115717629826.0,1173502913647.0,2019388083236.0,2062236472429.0,1430652344626.0,1447598637619.0,1076032912852.0,1054219299628.0,40802324548.0,44377424717.0,18209099645.0,23155243272.0
001685,대상우,,,,,,,,,,,,,,,
001720,신영증권,CFS,,,,,10121894302061.0,8546880622161.0,1949342065406.0,1832693975299.0,458458957592.0,562918360361.0,,,30166715867.0,30118130068.0
001740,SK네트웍스,CFS,1900719000000.0,2006679000000.0,2015558000000.0,1964539000000.0,3070454000000.0,3103820000000.0,2002893000000.0,2053309000000.0,1516333000000.0,1689973000000.0,43030000000.0,29082000000.0,26085000000.0,21245000000.0
001750,한양증권,CFS,,,,,4093681625623.0,1217180250407.0,545874244354.0,514157230371.0,246453788007.0,205581448481.0,,,13629832740.0,12530804031.0
001755,한양증권우,,,,,,,,,,,,,,,
001770,SHD,CFS,59934726535.0,58537414643.0,29749316106.0,26209905367.0,29852884945.0,28355010203.0,54369670326.0,53615737061.0,26842628737.0,26256109363.0,653088462.0,-2175218133.0,98703944.0,2245165759.0
001780,알루코,CFS,447337457646.0,461558929372.0,460897688482.0,498690419092.0,526996988287.0,562283552384.0,388008695919.0,391717017908.0,165338421810.0,174676310190.0,11548694768.0,10740587333.0,-1829736430.0,5938504755.0
001790,대한제당,CFS,763189688000.0,643291931000.0,374626621000.0,373176321000.0,705838556000.0,674391517000.0,590483028000.0,559151508000.0,351935252000.0,340576537000.0,14690370000.0,13471816000.0,6372369000.0,9741591000.0
001795,대한제당우,,,,,,,,,,,,,,,
001800,오리온홀딩스,CFS,1614371015087.0,1735604960268.0,555200615994.0,707188930335.0,861487632676.0,1054452244274.0,4845507361733.0,4878744091875.0,795509604155.0,735910954840.0,99279933172.0,111503649739.0,57735453610.0,60306876475.0
001820,삼화콘덴서,CFS,214408312023.0,206064227174.0,58805888307.0,53903325361.0,66509604513.0,60837129024.0,273056060377.0,267277119143.0,78772584384.0,76501000705.0,5568378908.0,7650795059.0,2841210964.0,7724014877.0
001940,KISCO홀딩스,CFS,1187697940544.0,1238126290260.0,106831080823.0,96248723917.0,163650436711.0,149540197852.0,1504594270106.0,1560754995518.0,211590458553.0,280559109176.0,-2647293047.0,701146531.0,-1207463707.0,11423340265.0
002020,코오롱,CFS,2145820473866.0,2272647721749.0,3324494467900.0,3005020321369.0,4665473398801.0,4634154109648.0,2363428244539.0,2346992488061.0,1503801236181.0,1510748064134.0,43509953366.0,14139245149.0,-73934923867.0,270503401290.0
002025,코오롱우,,,,,,,,,,,,,,,
002030,아세아,CFS,863909252000.0,869742108000.0,564624823000.0,916274124000.0,1290831225000.0,1304355185000.0,2046013383000.0,2029923970000.0,502249783000.0,535721090000.0,51053513000.0,66919497000.0,33931892000.0,46058708000.0
002070,비비안,CFS,189402131985.0,152370493925.0,157043051129.0,128689325288.0,169127069957.0,137091719096.0,136645630186.0,120308609129.0,80497859204.0,74041581895.0,2341824018.0,3346564209.0,6502582761.0,1535460249.0
002100,경농,CFS,323140963909.0,281270525135.0,203156700702.0,181636550864.0,225344471008.0,210427634017.0,310581117930.0,278591569698.0,114292314203.0,108190977741.0,14481621693.0,9348156072.0,11553804830.0,6895212025.0
002140,고려산업,CFS,135641488116.0,134528768016.0,153996075520.0,156602956296.0,176565658985.0,179413304608.0,113194859306.0,108440741213.0,73671928237.0,74659610106.0,3715161087.0,1639025226.0,3092768960.0,-522946142.0
002150,도화엔지니어링,CFS,290841733624.0,268534541204.0,336031007110.0,308354003444.0,459014229861.0,348775867462.0,246862508719.0,256405506072.0,166874483491.0,151518836041.0,4742067454.0,6414044674.0,-3579226281.0,5450398443.0
002170,SYTS,CFS,313317781930.0,315459594451.0,11625589287.0,16056251355.0,17511327868.0,19985723720.0,436616723555.0,434145677117.0,45899013683.0,49721391185.0,4916983850.0,3970208104.0,5203145938.0,1218185077.0
002200,한국수출포장,CFS,146586206101.0,148488716494.0,40964688083.0,41181461679.0,57373284886.0,58039993133.0,290238968825.0,293163472999.0,74713939519.0,76674723841.0,465217456.0,3105359742.0,1326447971.0,4822043577.0
002210,동성제약,CFS,60118268508.0,68152105319.0,89566380951.0,77032522832.0,107398741216.0,96734438882.0,40548848307.0,55178210272.0,19960546657.0,21740017898.0,-4154261543.0,-1991498721.0,-18788043880.0,-1059979732.0
002220,한일철강,CFS,98415955174.0,102427180661.0,125461374418.0,130607402678.0,167088839261.0,172002310190.0,167861414470.0,168449736071.0,50110081938.0,55504693049.0,1540416892.0,444485962.0,1840586135.0,-1643411064.0
002240,고려제강,CFS,1180198081371.0,1170233577266.0,496281498434.0,469146355930.0,694870988177.0,681869875402.0,1890720257726.0,1927107971605.0,475531979642.0,449168337591.0,20391964632.0,9001469008.0,5142937746.0,11631470294.0
002310,아세아제지,CFS,393096991749.0,390047677635.0,161019687604.0,150651829167.0,200650725016.0,190547901751.0,844157405233.0,835936616430.0,216238453858.0,227720097520.0,10011156403.0,9619932354.0,9886514959.0,9824681012.0
002320,한진,CFS,745959494811.0,690928628597.0,925118598597.0,1051487341131.0,2766764041753.0,2665596451720.0,1524001566808.0,1523909993995.0,740791671733.0,734209778927.0,36997679146.0,36855948767.0,11221754357.0,12768584184.0
002350,넥센타이어,CFS,2025866985515.0,1875057158477.0,1650991436426.0,1454287824352.0,2844830122231.0,2702865100532.0,1910084650667.0,1871609370421.0,804669445680.0,763752950501.0,42631661052.0,62860795899.0,19219995819.0,44404857648.0
002355,넥센타이어1우B,,,,,,,,,,,,,,,
002360,SH에너지화학,CFS,64696449704.0,71908117461.0,11455971658.0,13659611589.0,30512212708.0,30420665142.0,73897638413.0,79955248236.0,25390305138.0,34793813103.0,-3279500389.0,-1381244733.0,-2832998361.0,-825246731.0
002380,KCC,CFS,4012252101374.0,3994488398577.0,3073266095889.0,3230859313899.0,8520441397831.0,8140304571558.0,7069240991823.0,5265962627794.0,1705263967248.0,1778727715198.0,140380693875.0,140560930036.0,893270715343.0,-29517529636.0
002390,한독,CFS,323504309694.0,327554127847.0,414305621398.0,340995943212.0,512175399592.0,499494735812.0,262430026482.0,289060270969.0,130534195531.0,128250650701.0,218547495.0,1862973116.0,-6379323100.0,-12915153094.0
002410,범양건영,CFS,90706731895.0,85310733695.0,169239757657.0,152013805762.0,183165374792.0,168333689461.0,-13477068319.0,18850797039.0,16318518171.0,29018636564.0,-23083646346.0,-15565340413.0,-22536431736.0,-18284683022.0
002420,세기상사,CFS,5442319046.0,4366468892.0,18486298083.0,20550680021.0,25422090705.0,25782660593.0,25258588810.0,24321926462.0,7256278835.0,8436942905.0,-82658765.0,-261370500.0,-221716578.0,-475904550.0
002450,삼익악기,CFS,182293719595.0,185274119456.0,189070666006.0,124256579687.0,236467609488.0,252829655722.0,274583564810.0,272153151245.0,48537901931.0,46536478781.0,-2374637039.0,-5447544537.0,15120646671.0,-4829609528.0
002460,HS화성,CFS,518278367517.0,518244492344.0,428147307160.0,367206782256.0,460724267302.0,450537649623.0,389512543991.0,382940741210.0,116134021553.0,139979886394.0,2351559280.0,4894670231.0,3324040246.0,871135399.0
002600,조흥,CFS,280281578335.0,232805858312.0,304543948594.0,217999588245.0,308156960305.0,251571451127.0,148889467789.0,147550831370.0,122334411448.0,100275845063.0,4035379535.0,7139830675.0,5458972494.0,4534587498.0
002620,제일파마홀딩스,CFS,367796581327.0,409560549090.0,323730491753.0,377990965280.0,400369802446.0,453036058158.0,445678833661.0,437396879539.0,159780244481.0,197027607152.0,6927077436.0,-12434611761.0,2891631366.0,-26592939804.0
002630,오리엔트바이오,CFS,44679746178.0,47414825027.0,3760810324.0,4210715028.0,12526461336.0,12935042105.0,69621299994.0,71846796584.0,6931410599.0,6730808571.0,-680008062.0,-690574857.0,-151097633.0,-1091470733.0
002690,동일제강,CFS,112860686720.0,106555939754.0,17375898590.0,15301434738.0,20369158225.0,18144701982.0,155697335430.0,153656469741.0,38460464729.0,37957585384.0,-146062408.0,-604934871.0,1495039710.0,1252026864.0
002700,신일전자,CFS,111099264245.0,80901351685.0,70964716343.0,41905285455.0,73973023680.0,45686024818.0,82796990611.0,80640138413.0,62143588994.0,58453740335.0,3483527549.0,3189129138.0,3680785625.0,2185022695.0
002710,TCC스틸,CFS,243205993585.0,226678497778.0,253117907516.0,271028505600.0,332023346858.0,314934973362.0,253995985523.0,259015651210.0,155416669306.0,167063443601.0,-3369562211.0,4783275215.0,2291108206.0,8425466010.0
002720,국제약품,CFS,64127704432.0,56973814608.0,28365417766.0,28547062654.0,78318043883.0,75999396198.0,93407910403.0,89548177376.0,45022820223.0,37643332251.0,3508843017.0,683858261.0,2665344230.0,600472033.0
002760,보락,CFS,28389638215.0,27854068612.0,7543003425.0,5931247709.0,12270656470.0,12631226025.0,47503879696.0,46650925460.0,13733592112.0,11826948376.0,890696048.0,330089820.0,1050109395.0,446509875.0
002780,진흥기업,CFS,388609176248.0,454615373444.0,137296884730.0,198984551275.0,229255408853.0,275318465980.0,262659925994.0,268266216957.0,136765973592.0,188956735764.0,240414377.0,-18370363429.0,-9042240504.0,-14873334294.0
002785,진흥기업우B,,,,,,,,,,,,,,,
002787,진흥기업2우B,,,,,,,,,,,,,,,
002790,아모레퍼시픽홀딩스,CFS,2693080391654.0,2583268440605.0,1089226004786.0,1138099827158.0,1485876257070.0,1548821316419.0,7058678521855.0,6991700107789.0,1094967154413.0,1005691033800.0,80115843928.0,12221736499.0,50770896153.0,537253049580.0
002795,아모레퍼시픽홀딩스우,,,,,,,,,,,,,,,
00279K,아모레퍼시픽홀딩스3우C,,,,,,,,,,,,,,,
002810,삼영무역,CFS,456950861649.0,428917387208.0,98996289236.0,92940806857.0,115723004928.0,112276372181.0,630400445936.0,616433034895.0,119979898769.0,127643847509.0,5232980263.0,6230650872.0,16798533297.0,18231634361.0
002820,SUN&L,CFS,252428524262.0,133411086490.0,258193914714.0,248998953121.0,276132345028.0,277690611795.0,217218227682.0,225090675243.0,77671813590.0,86077557838.0,-2947261596.0,-1274962655.0,-3879206380.0,-4632791116.0
002840,미원상사,CFS,223153940718.0,222219793896.0,43447742019.0,47794274109.0,74582553850.0,78232426252.0,407602796106.0,400463662799.0,111209697621.0,111058284687.0,10347861535.0,20024905883.0,7321746796.0,17752779109.0
002870,신풍,CFS,46700698402.0,51179891219.0,2664937720.0,3049242489.0,2955400839.0,3600933052.0,72758257989.0,71716646067.0,6413035648.0,5507773450.0,-466040920.0,-1315796946.0,355061588.0,204413737.0
002880,디와이에이,CFS,121678402818.0,106918126917.0,259057478899.0,270795424999.0,295523560767.0,290605495297.0,48337771516.0,44105861002.0,152948442879.0,148518063603.0,10277439353.0,10692959051.0,2706577013.0,4008018567.0
002900,TYM,CFS,475784263568.0,473248817594.0,362025149373.0,343318708741.0,421325949313.0,429733832221.0,409704854061.0,406834003463.0,262571662592.0,215184653184.0,24235608689.0,12012251579.0,12559954225.0,9423335184.0
002920,유성기업,CFS,202646025834.0,205082884796.0,57773803507.0,64076926428.0,105850576648.0,109496384588.0,328467313554.0,328011975289.0,82274136077.0,84648900115.0,-1580281364.0,117004045.0,2414518852.0,-7539322087.0
002960,한국쉘석유,CFS,139748743096.0,157856833443.0,41780734906.0,51307135816.0,58214429398.0,64020495113.0,118572848638.0,127275601718.0,90546309654.0,88899281810.0,14416657990.0,12931703140.0,11681528660.0,11065712197.0
002990,금호건설,CFS,1002950509088.0,975826697352.0,1160273895638.0,1082586754263.0,1359621143287.0,1327331892723.0,223908079006.0,225439415336.0,531191571548.0,511156569182.0,16183002717.0,-31424769001.0,10446958199.0,-38164414556.0
002995,금호건설우,,,,,,,,,,,,,,,
003000,부광약품,CFS,216934833585.0,203739430076.0,37616552425.0,35398194086.0,132407146135.0,129034731764.0,250514633808.0,244145580064.0,42578570332.0,36915360889.0,2012555765.0,-1886037917.0,6393845509.0,-2796942847.0
003010,혜인,CFS,164362191833.0,185817238552.0,112396887052.0,134566280405.0,116543358291.0,142673830031.0,123433378385.0,120265987485.0,65829262840.0,55235917862.0,4202707646.0,900932614.0,5974463265.0,267971220.0
003030,세아제강지주,CFS,2611461213185.0,2576717302425.0,2424510378592.0,1284439436223.0,3218489412693.0,2897364493988.0,2651354966957.0,2658209264520.0,1020890959670.0,1009853726892.0,85038673561.0,85778901251.0,45499433501.0,61653300639.0
003060,에이프로젠바이오로직스,CFS,135733773609.0,115200392568.0,192473653375.0,147508669310.0,261581525386.0,212293831663.0,338483876097.0,378690640165.0,14896234814.0,15191585418.0,-17951428693.0,-12134775542.0,-66887829188.0,-23473562986.0
003070,코오롱글로벌,CFS,1461680621130.0,1586961773645.0,1713527120127.0,1327575564822.0,2156434759742.0,2123999589045.0,555316803882.0,606614384635.0,734427787980.0,791930051477.0,19078560584.0,-1710235478.0,-20258291303.0,-25189239811.0
003075,코오롱글로벌우,,,,,,,,,,,,,,,
003080,SB성보,CFS,137721415046.0,67393794112.0,28290603531.0,38709849743.0,80713233176.0,91444010113.0,172827709040.0,125302707399.0,10941498959.0,10108155083.0,-3497293397.0,-1542355067.0,44657024685.0,-1401762216.0
003090,대웅,CFS,1034091480574.0,953746869492.0,714522087042.0,716162949633.0,1331882480649.0,1218198152023.0,1561839324087.0,1502495759151.0,528428497429.0,473290460322.0,85334437965.0,68681195289.0,61338368326.0,18423195700.0
003120,일성아이에스,CFS,263145999275.0,270473320917.0,11481306194.0,10373524125.0,12843076784.0,11745156467.0,375966567190.0,385134595275.0,16255098547.0,17142966616.0,-2286162368.0,-3059853011.0,-4121016550.0,-421806134.0
003160,디아이,CFS,210635250453.0,173173365346.0,158930381773.0,105622992203.0,201468790647.0,151870737375.0,180896826488.0,167739843041.0,119269899032.0,46133634199.0,12249705307.0,943509137.0,8841828300.0,-911651997.0
003200,일신방직,CFS,426285063126.0,390199501402.0,107237924817.0,148536835401.0,169373601080.0,208139452398.0,922585958140.0,907619445584.0,121879333202.0,123812627312.0,1749991432.0,4422456549.0,1426274513.0,19874494680.0
003220,대원제약,CFS,247275775606.0,257570267988.0,205764697575.0,200776166523.0,301419081279.0,298810595744.0,279950629974.0,284578237939.0,143855801445.0,137959438045.0,-1408435107.0,-1276820436.0,-3502318359.0,-2269612626.0
003230,삼양식품,CFS,709977793843.0,676663603748.0,552693885742.0,492425282678.0,937442900354.0,766748854360.0,995563943525.0,828033342607.0,553077609232.0,424443489341.0,120087954818.0,89467723637.0,84074794328.0,70346499605.0
003240,태광산업,CFS,2712661343416.0,1965406986073.0,486315336189.0,402529646167.0,751363032633.0,706711261253.0,4025582714695.0,4015566539464.0,464633416898.0,554560913764.0,-18904639411.0,6939938496.0,-25546794224.0,49579793545.0
003280,흥아해운,CFS,112172306486.0,102086052549.0,61357069093.0,65466002331.0,191192524744.0,209520122001.0,226038523902.0,234039195529.0,48688619276.0,48144063141.0,5854068698.0,8588090326.0,6578288543.0,7319037760.0
003300,한일홀딩스,CFS,1079964686049.0,1183500630716.0,853398005422.0,774455967057.0,1353432150130.0,1404784278901.0,2298424085834.0,2304234455798.0,543122350704.0,613999736116.0,47312378769.0,119909290407.0,24105207413.0,84626636206.0
003350,한국화장품제조,CFS,103844840529.0,79197383397.0,40301688820.0,29419494187.0,46626307490.0,35062289728.0,87302473279.0,74215065804.0,53773985225.0,48114103321.0,10824711844.0,8948888722.0,8476674484.0,6984039554.0
003460,유화증권,CFS,,,,,273129431352.0,260119655443.0,519650842457.0,511233305479.0,,,,,1263360097.0,4907025909.0
003465,유화증권우,,,,,,,,,,,,,,,
003470,유안타증권,CFS,,,,,15579260847000.0,15165958980000.0,1626618353000.0,1634308431000.0,802679141000.0,595327710000.0,,,23490642000.0,6903752000.0
003475,유안타증권우,,,,,,,,,,,,,,,
003480,한진중공업홀딩스,CFS,321374000000.0,444234000000.0,536669000000.0,713972000000.0,1254954000000.0,1429144000000.0,445392000000.0,420523000000.0,201201000000.0,181992000000.0,823000000.0,2834000000.0,-683000000.0,-789000000.0
003490,대한항공,CFS,10496957979505.0,11616873056353.0,14712981840462.0,16973485891743.0,35806631728879.0,36048874072912.0,11531367617133.0,10963191867177.0,6210705839436.0,4402231429467.0,370083817468.0,442930111031.0,557275604992.0,359140635058.0
003495,대한항공우,,,,,,,,,,,,,,,
003520,영진약품,CFS,125391250568.0,123818398434.0,102556517637.0,114633810121.0,149214270587.0,144454841644.0,91160790367.0,89803131309.0,62515879754.0,62201580098.0,1885149685.0,1209269872.0,338819535.0,-1456205463.0
003530,한화투자증권,CFS,,,,,12947810000000.0,12311894000000.0,1781724000000.0,1706230000000.0,889628000000.0,484163000000.0,,,29323000000.0,-19299000000.0
003535,한화투자증권우,,,,,,,,,,,,,,,
003540,대신증권,CFS,,,,,27255174591000.0,23080719628000.0,3588275252000.0,3315389037000.0,1322101606000.0,940626773000.0,,,75216468000.0,52103355000.0
003545,대신증권우,,,,,,,,,,,,,,,
003547,대신증권2우B,,,,,,,,,,,,,,,
003550,LG,CFS,4544129000000.0,5064132000000.0,1779238000000.0,2244807000000.0,2907483000000.0,3506640000000.0,28554437000000.0,28132633000000.0,1797748000000.0,1824042000000.0,276889000000.0,309408000000.0,244174000000.0,290431000000.0
003555,LG우,,,,,,,,,,,,,,,
003570,SNT다이내믹스,CFS,594461497885.0,526652954048.0,172695658884.0,162946662241.0,310144389989.0,243741577262.0,813334065922.0,790344489614.0,186530952841.0,145063224962.0,29586124273.0,57442223410.0,28013018809.0,47019777866.0
003580,HLB글로벌,CFS,41135155358.0,49459423619.0,30569168261.0,37292278904.0,35313092970.0,40853639450.0,78668278982.0,95064945424.0,27044347810.0,25720360977.0,-1697837232.0,481175190.0,-4249691371.0,-158386907.0
003610,방림,CFS,108574173637.0,113436024468.0,41431747503.0,34721913024.0,49098561404.0,41948591533.0,179943569593.0,189678539654.0,30400147259.0,25978555735.0,-129019150.0,-1879116204.0,735219598.0,555332327.0
003620,KG모빌리티,CFS,1298570410491.0,1171965568545.0,1083362144016.0,1017426980564.0,1900475271464.0,1683909503308.0,1444040961577.0,1420542693233.0,986435230412.0,984859917169.0,8013267735.0,10582554163.0,-7704242793.0,32613320380.0
003650,미창석유,CFS,384065617148.0,360989405614.0,63146123770.0,68519265391.0,76695141562.0,76419929556.0,450947977467.0,412505084328.0,104163160601.0,117357451967.0,8552877804.0,11882547350.0,38970040917.0,29357719851.0
003670,포스코퓨처엠,CFS,1853123507458.0,2112748442946.0,1884374636612.0,1570069945473.0,4886199459340.0,4611953968440.0,3241534116897.0,3320505865578.0,660936939289.0,915486800782.0,773324990.0,2737318766.0,-35547312063.0,-11195351567.0
003680,한성기업,CFS,135855182365.0,132109348443.0,117788121348.0,138250431324.0,179256205920.0,176744116198.0,68919186430.0,67812016491.0,78697084089.0,86311739415.0,3020055924.0,1550836533.0,43643783.0,58471675.0
003690,코리안리,CFS,,,,,9685375368964.0,9707522557270.0,3496418772624.0,3452869465595.0,,,,,106471305782.0,97128627876.0
003720,삼영,CFS,53793308357.0,52947767038.0,64433628301.0,61810665861.0,64569502988.0,61866350493.0,77270381413.0,74183530314.0,33372869740.0,33076655802.0,2321417240.0,3240998954.0,1422995845.0,3356904231.0
003780,진양산업,CFS,32082843329.0,33329262059.0,23250914982.0,25265584480.0,29142332092.0,31597574345.0,64417746026.0,64368177547.0,24253766530.0,22324864193.0,2585138045.0,2449120483.0,2168282521.0,2526199204.0
003830,대한화섬,CFS,105273341725.0,103720154380.0,55568350234.0,54337475258.0,130358895527.0,129833012247.0,690912893652.0,690751693091.0,27079210597.0,33009801907.0,-635096061.0,1272298730.0,-679136019.0,686291662.0
003850,보령,CFS,669304087458.0,631573603644.0,243583595297.0,239339291363.0,537944002245.0,379583669062.0,782047896776.0,784503260930.0,251518343105.0,255561581071.0,25366419828.0,20120846625.0,8864322176.0,23650330962.0
003920,남양유업,CFS,337275409766.0,348233969792.0,90565469349.0,85480919589.0,97265351101.0,92408003076.0,605288627618.0,631785721012.0,232090757801.0,244444596951.0,925361507.0,-16037044320.0,862991989.0,-13479191457.0
003925,남양유업우,,,,,,,,,,,,,,,
003960,사조대림,CFS,875178899231.0,827540017183.0,928279490785.0,778714536256.0,1316708473707.0,1284969216510.0,898569971859.0,838581573734.0,860453610053.0,584955789114.0,31625485459.0,32180888699.0,22090237081.0,23585136974.0
004000,롯데정밀화학,CFS,1067527868466.0,1045870950817.0,205531684807.0,177757081955.0,356345402527.0,345163994108.0,2377402790891.0,2368686673109.0,424673817977.0,422072382126.0,8711987833.0,17108460831.0,15524391249.0,43266150680.0
004020,현대제철,CFS,10910950639990.0,11459924503844.0,6706265707565.0,7699051534479.0,14249177969891.0,15410222889378.0,19405066418135.0,19333565136259.0,5945554952398.0,6041380201899.0,101768116766.0,97966232564.0,37399297230.0,1352768328.0
004060,SG세계물산,CFS,83839279478.0,81156509366.0,29224173205.0,33868652717.0,34395026031.0,40793896633.0,260247517774.0,267459474206.0,28788261900.0,31784250996.0,-426281034.0,-808034694.0,1075051541.0,6404399392.0
004080,신흥,CFS,53747905253.0,48814600961.0,28029305289.0,23043559112.0,32419891254.0,25267017171.0,116890920369.0,116160640620.0,24542121157.0,24980633406.0,1698704385.0,1898920777.0,1935703834.0,1514902631.0
004090,한국석유,CFS,197292064581.0,191645514390.0,164607162815.0,155594487362.0,206835496746.0,186827178792.0,202071298686.0,197577357210.0,192310404308.0,192005761734.0,3527560431.0,6109957433.0,4195800888.0,3148963930.0
004100,태양금속,CFS,295780818844.0,289426904277.0,337943635212.0,337426404299.0,424820213472.0,417835346277.0,104661717508.0,110305490991.0,156861680439.0,164625846015.0,1221218139.0,4575336427.0,-8479600977.0,728977311.0
004105,태양금속우,,,,,,,,,,,,,,,
004140,동방,CFS,257858690846.0,228206856820.0,233965901561.0,270815535620.0,490746919665.0,471155865814.0,171975973132.0,159174522703.0,220500527584.0,220135198497.0,7144183034.0,8349765968.0,7738788423.0,11463608176.0
004150,한솔홀딩스,CFS,337635232000.0,351030660000.0,203578771000.0,219176724000.0,239718601000.0,259801490000.0,666095537000.0,673357379000.0,278565743000.0,104060340000.0,7397959000.0,541691000.0,16637239000.0,9362888000.0
004170,신세계,CFS,2201751196474.0,2342662811362.0,4603793133162.0,4947367431132.0,8620023696733.0,8697075677726.0,6499146862076.0,6374698444225.0,1693824109664.0,1604387896295.0,75339516369.0,117465484570.0,8315133956.0,58074562808.0
004250,NPC,CFS,155364307420.0,160023114312.0,121884671831.0,122915061382.0,164446443753.0,139357329293.0,438359232748.0,438253096661.0,112366590261.0,128084217137.0,9794432198.0,9078094326.0,6479145641.0,7023368105.0
004255,NPC우,,,,,,,,,,,,,,,
004270,남성,CFS,95064924843.0,95561330811.0,133460022351.0,135776415226.0,169962703013.0,168670191071.0,110177860656.0,107387182541.0,18721138984.0,19713639619.0,401453892.0,556652364.0,-1526982760.0,-430494478.0
004310,현대약품,CFS,85111894424.0,79562139507.0,76354367234.0,58687244814.0,85398564745.0,77322023506.0,77992589345.0,79074176370.0,48413959779.0,43880589210.0,1077665605.0,1428330218.0,956456846.0,1081802805.0
004360,세방,CFS,279957836444.0,338816161501.0,206846864295.0,254930329487.0,298118908528.0,345651980660.0,1178798246546.0,1134629636929.0,326618703882.0,363822082575.0,11613875158.0,11556786479.0,17409652473.0,29939294183.0
004365,세방우,,,,,,,,,,,,,,,
004370,농심,CFS,1812941043093.0,1743739590775.0,689990891333.0,678174791731.0,942790843409.0,924886441245.0,2661874932465.0,2672575129457.0,867725185755.0,860699099208.0,40152228653.0,43678194387.0,36412680438.0,42820022965.0
004380,삼익THK,CFS,177717005254.0,219780282709.0,223259167068.0,238758164454.0,257105742824.0,264770756288.0,162980120860.0,198828649589.0,52865463646.0,72449951855.0,-6851924859.0,1388843786.0,-27052521183.0,585354094.0
004410,서울식품,CFS,23255476969.0,21525925202.0,38275426949.0,31605356571.0,46624115282.0,43334977612.0,21438544187.0,22972735241.0,18311884911.0,14944170221.0,-5393133.0,-306416231.0,-332816219.0,-520409976.0
004415,서울식품우,,,,,,,,,,,,,,,
004430,송원산업,CFS,678863000000.0,654244000000.0,348809000000.0,329649000000.0,434020000000.0,424083000000.0,745440000000.0,756110000000.0,265408000000.0,273521000000.0,8592000000.0,16417000000.0,-1481000000.0,10575000000.0
004440,삼일씨엔에스,CFS,154600432529.0,159162832765.0,111415433163.0,123304139235.0,115198429124.0,127003075315.0,266859296740.0,267068544523.0,58012355907.0,57508758626.0,2330601223.0,1232600239.0,1224591355.0,-236776267.0
004450,삼화왕관,CFS,54669750102.0,54134966171.0,36268863459.0,37273207463.0,90256257308.0,92385437720.0,114032625744.0,111564987034.0,43007722260.0,45624727083.0,2066346671.0,4399871295.0,897029577.0,3387140438.0
004490,세방전지,CFS,1157413568053.0,1075877589238.0,490785187852.0,504967120550.0,575453694466.0,586279421321.0,1576306820326.0,1507838365556.0,551614819656.0,519590837544.0,36193829321.0,59017132287.0,23443724934.0,56616932646.0
004540,깨끗한나라,CFS,159801810548.0,159480921600.0,285660772414.0,340255083612.0,421636676477.0,430942361723.0,200119765551.0,190134948768.0,123536957214.0,129687971672.0,-6186014886.0,1086762797.0,-11309770583.0,-2843818354.0
004545,깨끗한나라우,,,,,,,,,,,,,,,
004560,현대비앤지스틸,CFS,404930047144.0,413660311029.0,88273358758.0,171501975356.0,203780859567.0,237513520737.0,521653088801.0,516108525904.0,188493227313.0,231312786394.0,9806825241.0,19018658658.0,2635680901.0,14480299529.0
004690,삼천리,CFS,1557933269928.0,1776410315886.0,1082714605820.0,1392939479151.0,2425132061907.0,2757654283604.0,1856357588808.0,1760543940050.0,1100196894821.0,990842964204.0,29228432336.0,17144933789.0,22807497971.0,19481725236.0
004700,조광피혁,CFS,96770098681.0,96339355279.0,11478854175.0,10911048946.0,68944608666.0,75372431014.0,523608087999.0,543391319155.0,26433348099.0,23076446136.0,1381328402.0,1763674234.0,2421464061.0,3619877889.0
004710,한솔테크닉스,CFS,377861087829.0,333316612074.0,263438783056.0,270153207185.0,398607056318.0,367642900986.0,521133693677.0,512372272804.0,293573552867.0,282466132205.0,12790594545.0,9975799476.0,8497196338.0,12322016022.0
004720,팜젠사이언스,CFS,94464745856.0,110708529863.0,44189410361.0,65422042364.0,85483698209.0,114022310240.0,245387827728.0,249428137040.0,45874233990.0,42901165204.0,3322229453.0,2718613851.0,3861146493.0,1070072815.0
004770,써니전자,CFS,79652490093.0,78312236857.0,862808611.0,1574607230.0,1182958714.0,1936772265.0,83852528429.0,83206699478.0,3207827520.0,3066486071.0,539060502.0,560903437.0,604850356.0,588813370.0
004800,효성,CFS,1087561960088.0,1021710482736.0,1387345457987.0,1351828011529.0,2024729815099.0,1836425734781.0,2557115617306.0,2504438694987.0,601914227660.0,564294199673.0,99137937022.0,38199997496.0,89737939050.0,15140091741.0
004830,덕성,CFS,69083441273.0,68982682841.0,42559486330.0,28859209577.0,48364854167.0,43840629211.0,93444003820.0,92406698916.0,35386946839.0,27165239578.0,2185971909.0,2095676659.0,893634732.0,2009697351.0
004835,덕성우,,,,,,,,,,,,,,,
004840,DRB동일,CFS,438140729760.0,478727560616.0,379745802253.0,408506836778.0,429560570303.0,461777219168.0,506187840519.0,520636965696.0,205321075418.0,208307828938.0,4368494715.0,11657638657.0,-4015182172.0,6871129592.0
004870,티웨이홀딩스,CFS,5896952585.0,6740780690.0,5166303793.0,13981462042.0,31628492644.0,38677031412.0,118969920188.0,149000968642.0,2328074000.0,1095988600.0,-1044518635.0,-1315302341.0,-15676163521.0,1736467755.0
004890,동일산업,CFS,339272711354.0,348021187878.0,51336549132.0,45197051085.0,53674731421.0,59240677942.0,422026200537.0,422764699231.0,88258053645.0,108319095918.0,-982394189.0,3853411894.0,2493187139.0,5981307659.0
004910,조광페인트,CFS,103379365727.0,103057316418.0,176599255171.0,156165441188.0,210795273471.0,201767372795.0,183020060120.0,190123242167.0,53725984365.0,68721033856.0,-4659288036.0,3084404157.0,-5523234863.0,3954216653.0
004920,씨아이테크,CFS,33708974552.0,31263365194.0,25472115264.0,28184439252.0,37885310935.0,37027166960.0,56570544303.0,54776475448.0,15960919035.0,11505411757.0,963457703.0,-907515736.0,934824363.0,-1693978997.0
004960,한신공영,CFS,1547717754652.0,1445741750171.0,1088033386619.0,1094799963674.0,1629840107476.0,1536556216382.0,786191848278.0,781317369985.0,300192352678.0,350147078387.0,17693193169.0,5810129062.0,3614686424.0,13657770745.0
004970,신라교역,CFS,311101872594.0,341143157396.0,115375823403.0,143338801837.0,131638408098.0,160627956409.0,585649419596.0,604089322710.0,103711053217.0,134754393853.0,-1556116495.0,1279624221.0,-11773828915.0,8504117351.0
004980,성신양회,CFS,375448473082.0,408726596821.0,469574163425.0,510349800517.0,752650230145.0,791487099045.0,572454755064.0,575000537228.0,335361302021.0,320508715994.0,22445902846.0,35301794608.0,17572538170.0,24001484182.0
004985,성신양회우,,,,,,,,,,,,,,,
004990,롯데지주,CFS,5388745034834.0,5016589922670.0,7119921805678.0,6577895941552.0,13459452355533.0,13460513348442.0,9008483818801.0,9199764345455.0,4043186553890.0,4107852445373.0,142199157410.0,165113152372.0,-68541091392.0,-146907876244.0
00499K,롯데지주우,,,,,,,,,,,,,,,
005010,휴스틸,CFS,453485894885.0,446254043410.0,199003609524.0,132875098643.0,353910868152.0,311625423766.0,1061258849025.0,1119640246593.0,155500460739.0,214759738604.0,-2742360456.0,-1800584656.0,3566372906.0,6680848438.0
005030,부산주공,CFS,134985991407.0,133067670090.0,197561065940.0,178801401231.0,212673771402.0,210360873859.0,13208217785.0,15976005089.0,52278142090.0,60809226882.0,755046921.0,1150007272.0,-759472831.0,148578528.0
005070,코스모신소재,CFS,241402695503.0,288406338978.0,238155341980.0,270240677905.0,255074169942.0,289009302755.0,497237064085.0,495532641195.0,120131119607.0,185391348079.0,528819599.0,6928593019.0,2281893785.0,4290003693.0
005090,SGC에너지,CFS,1268269635168.0,1320315333894.0,1590399773808.0,1633746951972.0,2500334638563.0,2548064349819.0,853899661639.0,888235536959.0,618460152234.0,606810889359.0,34011337486.0,68054529661.0,-5175848142.0,30096267733.0
005110,한창,CFS,35720680747.0,53823309025.0,44134040954.0,84315594017.0,45574965480.0,85913739014.0,13734711836.0,-15705535524.0,2299232749.0,9457442906.0,-4162138996.0,-1654699118.0,64339382098.0,-4130636841.0
005180,빙그레,CFS,470343526251.0,474435696633.0,216407422308.0,224112021093.0,277032222243.0,281231244140.0,729078527792.0,721843501869.0,409607281954.0,407452512530.0,26831207999.0,44914027655.0,24258893053.0,36334542983.0
005250,녹십자홀딩스,CFS,1607131427157.0,1379407685089.0,1618415418859.0,1273345272400.0,2286643848404.0,1818397075103.0,1862547986302.0,1852175173527.0,600551774521.0,559774272162.0,21683104587.0,10622642678.0,62871491080.0,-25020693940.0
005257,녹십자홀딩스2우,,,,,,,,,,,,,,,
005300,롯데칠성,CFS,1126399454578.0,1125318015137.0,1608760564021.0,1466325841694.0,2782036849960.0,2794129119355.0,1561014584973.0,1578400353857.0,1087294314227.0,1099249543258.0,62356488363.0,60242714107.0,27733578828.0,21080612438.0
005305,롯데칠성우,,,,,,,,,,,,,,,
005320,온타이드,CFS,99956793248.0,99040056857.0,48500564696.0,49023562161.0,64123016096.0,58538598939.0,106265108584.0,115574349112.0,57802092483.0,59449608909.0,-4417254725.0,-3066971354.0,-5706384797.0,-3230843103.0
005360,모나미,CFS,95764921826.0,103773458841.0,94388577346.0,98348575676.0,100301586225.0,105785547605.0,88594704406.0,93508383767.0,31843806714.0,28001102797.0,-1623667566.0,-2566280834.0,-2585325037.0,-3692333393.0
005380,현대차,CFS,113694952000000.0,115764287000000.0,81320097000000.0,79509643000000.0,218165355000000.0,219522496000000.0,121537114000000.0,120275933000000.0,48286677000000.0,45020581000000.0,3601597000000.0,4279136000000.0,3250390000000.0,4173900000000.0
005385,현대차우,,,,,,,,,,,,,,,
005387,현대차2우B,,,,,,,,,,,,,,,
005389,현대차3우B,,,,,,,,,,,,,,,
005420,코스모화학,CFS,375069608489.0,406984350596.0,498876931932.0,497957360273.0,600905077779.0,613616795423.0,583139693871.0,590712804094.0,177062518053.0,233533193379.0,-4723625708.0,4235652081.0,-4111841071.0,-2350477910.0
005430,한국공항,CFS,202588470208.0,204525354364.0,66938628892.0,82130016899.0,122951548179.0,132293838478.0,388674579838.0,370243190857.0,160296842370.0,150005236385.0,11469468996.0,14253494316.0,9473658943.0,11405510218.0
005440,현대지에프홀딩스,CFS,3699275772000.0,3874977499000.0,2034551174000.0,2024324094000.0,3153567307000.0,3092722881000.0,7028920830000.0,6992188963000.0,1998795057000.0,2079893461000.0,74480766000.0,74489301000.0,103266238000.0,492150379000.0
005490,POSCO홀딩스,CFS,43657671340153.0,44029923444233.0,22223767973119.0,22779718796788.0,40564919014820.0,41953831078121.0,60589900712160.0,61450367919684.0,17555587387894.0,18509680963034.0,607172109226.0,751999831661.0,83846022696.0,546220419825.0
005500,삼진제약,CFS,166499165391.0,159105066908.0,137360776974.0,159130274420.0,170880698021.0,163511213621.0,258271031498.0,261655067978.0,74611643705.0,70754289100.0,7951344591.0,7762093098.0,4679074369.0,24792196335.0
005610,삼립,CFS,530314433952.0,553829119524.0,501828688632.0,525312848647.0,733202186404.0,760966764852.0,478397758618.0,479829767129.0,823541890151.0,849427048253.0,8784353577.0,27003710659.0,3793820604.0,46981293104.0
005680,삼영전자,CFS,376209398970.0,377653566898.0,20898159952.0,22925705189.0,24639186503.0,25897633126.0,533597105859.0,531398425190.0,39468491434.0,44186354507.0,4253347397.0,3975390414.0,5234997605.0,5766444427.0
005690,파미셀,CFS,70928452123.0,48035030555.0,7163588653.0,7645983072.0,19577981310.0,12825146702.0,101364554123.0,86439169857.0,26762784575.0,17810623011.0,8164543412.0,2234314546.0,7384548337.0,2827787483.0
005720,넥센,CFS,2244440695844.0,2090595587272.0,1751344343325.0,1555102692514.0,3142126497881.0,2997370200454.0,2460596234907.0,2425181660057.0,904714309216.0,852201926288.0,50253353819.0,72094240688.0,23676283039.0,53787135222.0
005725,넥센우,,,,,,,,,,,,,,,
005740,크라운해태홀딩스,CFS,264105903551.0,251687914614.0,363781724535.0,387404791614.0,607116737624.0,605441320859.0,589522137418.0,575373817106.0,273414642969.0,262603450801.0,14586993815.0,18599481393.0,8069561035.0,12799235425.0
005745,크라운해태홀딩스우,,,,,,,,,,,,,,,
005750,대림바스,CFS,123411247942.0,139123654248.0,109351617343.0,123124095668.0,167596114587.0,186457044510.0,164830394168.0,161824773050.0,77234965125.0,70929840206.0,4419604353.0,4446075705.0,2996839090.0,3236553530.0
005800,신영와코루,CFS,186839245463.0,186376319611.0,29998278808.0,26764322084.0,39897804788.0,35543585068.0,373221386214.0,368625705505.0,57891947885.0,59514018617.0,-126329482.0,1626821367.0,3037835661.0,1791002575.0
005810,풍산홀딩스,CFS,236413356879.0,238906673249.0,162152569890.0,133732756150.0,197637641542.0,203669595007.0,1118318707094.0,1115463598070.0,123054891849.0,126120100339.0,29680893769.0,49050245660.0,25282160176.0,46089746066.0
005820,원림,CFS,102251223282.0,102167521487.0,25609499743.0,26019596905.0,29580300870.0,29940749375.0,155646766571.0,155063393390.0,20260622718.0,19861221607.0,35147876.0,554405526.0,393370178.0,800635710.0
005830,DB손해보험,CFS,,,,,60869872000000.0,57114914000000.0,8996998000000.0,9391222000000.0,,,,,652305000000.0,611869000000.0
005850,에스엘,CFS,2492477473753.0,2346052089698.0,1167183682006.0,1142207374201.0,1355568208336.0,1301616145058.0,2467852419197.0,2397248075458.0,1294709816672.0,1298411047247.0,105897947355.0,147786004965.0,70188616052.0,123698699876.0
005870,휴니드,CFS,202432175738.0,172168272605.0,43752800637.0,65513617415.0,106367187887.0,69226929333.0,164611849158.0,171784515191.0,31284374649.0,65671637332.0,-1980164502.0,5542855957.0,-2400038078.0,4957501003.0
005880,대한해운,CFS,802443200749.0,1040960860744.0,478505543909.0,822686417005.0,1823152371080.0,2290699171630.0,2222990608253.0,2289682269547.0,332213686140.0,408452574689.0,33036046980.0,72172687910.0,49376117304.0,51926645307.0
005930,삼성전자,CFS,212160671000000.0,227062266000000.0,84402645000000.0,93326299000000.0,105313218000000.0,112339878000000.0,399561967000000.0,402192070000000.0,74566317000000.0,74068302000000.0,4676057000000.0,10443878000000.0,5116435000000.0,9841345000000.0
005935,삼성전자우,,,,,,,,,,,,,,,
005940,NH투자증권,CFS,,,,,66213619000000.0,54307696000000.0,8145677000000.0,8119369000000.0,,,,,256890000000.0,197203000000.0
005945,NH투자증권우,,,,,,,,,,,,,,,
005950,이수화학,CFS,426385398000.0,502743175000.0,503287907000.0,605518618000.0,647767451000.0,735518289000.0,227303272000.0,221727943000.0,339854268000.0,475945348000.0,3908943000.0,-7280117000.0,-4690058000.0,-12420424000.0
005960,동부건설,CFS,1225398685084.0,1200324643117.0,890977268563.0,1031943317710.0,1164046636374.0,1198332468597.0,467585813333.0,452761664688.0,413185085437.0,444565459329.0,1618329238.0,-40299760810.0,-6085112575.0,-62869201109.0
005965,동부건설우,,,,,,,,,,,,,,,
006040,동원산업,CFS,3359857975793.0,3167813675841.0,2599976441515.0,2420635326745.0,4031460246897.0,3911798907580.0,3320791898901.0,3246412301301.0,2358613258350.0,2142854682814.0,133642247427.0,84766661191.0,88030990764.0,45634630181.0
006060,화승인더,CFS,714971284093.0,856019219209.0,955606891870.0,1090388108402.0,1059683484217.0,1208778053988.0,564570771666.0,624256318598.0,443450881100.0,461100661588.0,19459641046.0,29358585290.0,-8027434057.0,8126251416.0
006090,사조오양,CFS,138682467206.0,135820201226.0,179071727783.0,177644799611.0,192332968708.0,185475288231.0,241928602822.0,229720173118.0,100747046407.0,93496459887.0,5909900272.0,2394483883.0,7059838746.0,1554603001.0
006110,삼아알미늄,CFS,139052112049.0,165674914963.0,105665112349.0,115443784275.0,209800654745.0,192553436844.0,235488390808.0,243610317884.0,67413723975.0,68545430596.0,-3270000886.0,400309081.0,-3660325499.0,191697611.0
006120,SK디스커버리,CFS,5558262562381.0,5683985411498.0,3862441495471.0,3840552509679.0,8932755969251.0,8624337888533.0,6509588660853.0,6453354241883.0,2497784560362.0,2119447645325.0,87996032670.0,39556087929.0,22020162260.0,16274787419.0
006125,SK디스커버리우,,,,,,,,,,,,,,,
006200,한국전자홀딩스,CFS,250532520868.0,265362583946.0,91697253058.0,88638513497.0,129229316199.0,123311984020.0,387372448736.0,394567889707.0,70274136746.0,80712196201.0,-3486662080.0,2066920418.0,-2283262417.0,2227821150.0
006220,제주은행,CFS,,,,,6956049000000.0,6854663000000.0,648941000000.0,590108000000.0,,,,,5151000000.0,1840000000.0
006260,LS,CFS,14030762000000.0,12938266000000.0,11283389000000.0,10546216000000.0,14528502000000.0,13646786000000.0,7280532000000.0,6881153000000.0,7854425000000.0,7414274000000.0,235640000000.0,374383000000.0,163359000000.0,232245000000.0
006280,녹십자,CFS,1454365792818.0,1201833945085.0,1217726080952.0,769474794987.0,1633027102495.0,1262860145974.0,1467845687286.0,1481015706005.0,500259622106.0,417363117829.0,27371547637.0,17649631704.0,32682569868.0,-9055179855.0
006340,대원전선,CFS,225582311232.0,167968538290.0,109610163364.0,89009008719.0,167541997956.0,113147385668.0,144553871605.0,113845590709.0,151419534768.0,151795374467.0,5395602351.0,4003889657.0,3198265169.0,-564752464.0
006345,대원전선우,,,,,,,,,,,,,,,
006360,GS건설,CFS,9023139540934.0,8666549605548.0,7524340909104.0,9031905115658.0,12954361278371.0,12716169965113.0,5117019391958.0,5087123959443.0,3196053298560.0,3297187514259.0,162060901459.0,93432450123.0,-87060721066.0,35209638286.0
006370,대구백화점,CFS,26916564061.0,22880384861.0,255873778502.0,163237240115.0,271271849265.0,266183596847.0,154054182856.0,166004539549.0,12546143086.0,14915488587.0,-2497827979.0,-2960796742.0,-6978015017.0,-6629656455.0
006380,카프로,CFS,17152188922.0,54127481380.0,10817977415.0,7719144965.0,156068677370.0,150981955753.0,67820922012.0,88175526950.0,12305768810.0,1308734926.0,9404950744.0,1628607985.0,-11738415735.0,64677278483.0
006400,삼성SDI,CFS,10498362679931.0,10334312926481.0,9602134272323.0,10855694147360.0,18758307614321.0,19030107423830.0,22678595127357.0,21567237112527.0,3179406065745.0,4085942678099.0,-397836794835.0,240970035515.0,-166735071101.0,301156745531.0
006405,삼성SDI우,,,,,,,,,,,,,,,
006490,프리티,CFS,40484774623.0,29113003993.0,46826945938.0,37157200041.0,53228038466.0,42344195202.0,32927184110.0,48385591541.0,28638948402.0,24655761531.0,621453857.0,-1988176482.0,-6012956728.0,-9080989315.0
006570,대림통상,CFS,82351852165.0,86589811368.0,89248854150.0,89241690322.0,106769369222.0,104211186452.0,51480993767.0,58616650592.0,30539395556.0,34864312611.0,-2617568608.0,-125201340.0,-4322980280.0,-1205414675.0
006650,대한유화,CFS,711870987766.0,628061373296.0,424656220334.0,307104451721.0,613797297010.0,412100919394.0,2005509041452.0,1807642130951.0,846772033313.0,741621789315.0,-4595218151.0,-6314624512.0,7868218584.0,-1783135316.0
006660,삼성공조,CFS,246331465932.0,236466172407.0,36852124304.0,31147578310.0,45429231418.0,40059595049.0,286013264277.0,282544315422.0,32738976447.0,30549945331.0,2311809255.0,2630850422.0,3899024732.0,4010595968.0
006740,블루산업개발,CFS,39670307195.0,45481972718.0,68687524329.0,70472330801.0,76273720735.0,73621309369.0,98368873615.0,105643446102.0,22801468490.0,23159364563.0,-2819834660.0,-2905718814.0,-2365466787.0,-3111020574.0
006800,미래에셋증권,CFS,,,,,127928990000000.0,124913290000000.0,12419039000000.0,12263708000000.0,7694877000000.0,4724691000000.0,,,405857000000.0,199707000000.0
006805,미래에셋증권우,,,,,,,,,,,,,,,
00680K,미래에셋증권2우B,,,,,,,,,,,,,,,
006840,AK홀딩스,CFS,1350470232149.0,1346081352937.0,3211626943028.0,2673498897898.0,4429887831056.0,4091846427178.0,1188070710951.0,1245028500925.0,931918585016.0,1132391551074.0,-27356554249.0,22944422656.0,-21861794945.0,-14198449607.0
006880,신송홀딩스,CFS,53476507051.0,44564590220.0,91892703571.0,79524052080.0,166609237758.0,148133972979.0,103982918008.0,106747551398.0,42980598302.0,25531552020.0,772754544.0,1167991980.0,-1739127435.0,648933755.0
006890,태경케미컬,CFS,38958611831.0,57858386062.0,7958634205.0,15047072464.0,53899571514.0,20524575562.0,166555012100.0,163784617311.0,14718028630.0,17973596816.0,767208570.0,3723071861.0,1444612878.0,3866595615.0
006980,우성,CFS,256260605592.0,243003797804.0,186477506536.0,185029802110.0,233242041952.0,230413176180.0,205097863734.0,200178302014.0,148453930227.0,152208824834.0,4510372219.0,1555280078.0,4387668507.0,228237038.0
007070,GS리테일,CFS,1572286612573.0,1481155501474.0,1937467783237.0,1898445971005.0,4306871000489.0,4400125241585.0,3164613111124.0,3181518137325.0,2980562190769.0,2930346910907.0,84498851402.0,83106777251.0,14223118059.0,63852062879.0
007110,일신석재,CFS,39224126632.0,39774365147.0,26606707575.0,27500129424.0,37485260168.0,38374441329.0,59151360473.0,59023216856.0,15367939583.0,23598743015.0,772506620.0,3652897551.0,541890891.0,3026014733.0
007120,미래아이앤지,CFS,16966068444.0,14950027707.0,6860544661.0,5234827463.0,23831704399.0,23895046475.0,50091602734.0,50972143110.0,3623753047.0,2994652457.0,1218212350.0,754978843.0,-783992776.0,1328442386.0
007160,사조산업,CFS,360302066377.0,287936747984.0,533770170914.0,462075806858.0,634939873856.0,553184226975.0,713072268435.0,663611446144.0,176444379554.0,162613807182.0,16181036550.0,8701953390.0,20946596367.0,18225099596.0
007210,벽산,CFS,298665004220.0,268044342475.0,211904641661.0,179658414008.0,331277390118.0,292595811921.0,362362944195.0,347688352726.0,155183213456.0,174248898213.0,8290191143.0,15121962380.0,19802674874.0,16120630555.0
007280,한국특강,CFS,236601401539.0,233535168118.0,144092988570.0,216140100005.0,327637356344.0,328610417323.0,220741660428.0,222038176760.0,214184688822.0,184437099026.0,9811729663.0,1579149125.0,6090656027.0,-1519027005.0
007310,오뚜기,CFS,1531498329488.0,1478843336530.0,1039616931098.0,1028844274979.0,1419951032848.0,1415871492212.0,2186296192708.0,2181531596082.0,902001635019.0,859213257482.0,45104724632.0,61608288512.0,34126808581.0,42296544907.0
007340,DN오토모티브,CFS,1840031568000.0,1964801236000.0,1550151783000.0,1334190771000.0,2687180668000.0,2835259915000.0,2245820648000.0,2170771614000.0,909635342000.0,885166914000.0,121590097000.0,148594955000.0,53461011000.0,110106199000.0
007460,에이프로젠,CFS,251863572750.0,134316587265.0,246336579878.0,112959362693.0,309523143708.0,169877622962.0,498923627368.0,440090638442.0,24164785944.0,35591527669.0,-23891088028.0,-17664015461.0,-42228889754.0,-18776841504.0
007540,샘표,CFS,211170374855.0,206559971881.0,124325667337.0,122340913957.0,139416191117.0,139037541062.0,349727093743.0,340743378948.0,99243286262.0,101898184224.0,7411861321.0,-3808919047.0,6850088402.0,-1518361268.0
007570,일양약품,CFS,139809503679.0,125370496112.0,160259857071.0,156901998511.0,205406767095.0,189634840121.0,239407466107.0,241576310519.0,62700806684.0,58468555422.0,1170482491.0,1111068257.0,613351122.0,1089038913.0
007575,일양약품우,,,,,,,,,,,,,,,
007590,동방아그로,CFS,189554914822.0,182594443190.0,54164402145.0,59966817284.0,71940422828.0,72524598170.0,177582093678.0,166142226081.0,40865029169.0,41538966498.0,1466733428.0,2345846859.0,-82945724.0,1387964731.0
007610,선도전기,CFS,43096364207.0,35133226716.0,47755317525.0,42798535701.0,51765753002.0,55203970007.0,35767321439.0,31267465740.0,7835856706.0,7980126276.0,116603111.0,-790941723.0,7436341156.0,4531114168.0
007660,이수페타시스,CFS,731068431679.0,522697354400.0,327941259729.0,377363096552.0,410631043798.0,462609658014.0,665819312628.0,327526708412.0,241419469661.0,204739981040.0,42070313737.0,27501553319.0,31366224051.0,22044067526.0
007690,국도화학,CFS,791585570638.0,705366764254.0,536580703815.0,552802381994.0,766747298567.0,739488447502.0,850166172407.0,853824016796.0,348703926209.0,343033085932.0,16838847488.0,9917999740.0,8570669848.0,4925725541.0
007700,F&F홀딩스,CFS,603638240746.0,677653077150.0,317153195144.0,517707865880.0,456437485970.0,663353855362.0,3426125076696.0,3369899587839.0,378708067386.0,391622627872.0,74492779464.0,81150191857.0,52138805224.0,64499505986.0
007810,코리아써키트,CFS,562853587071.0,576776531766.0,292008100414.0,291371896557.0,528525231440.0,574186642619.0,649994777196.0,681195506573.0,331347811712.0,375450919694.0,6155917919.0,-4596726122.0,4079196754.0,2011770159.0
007815,코리아써우,,,,,,,,,,,,,,,
00781K,코리아써키트2우B,,,,,,,,,,,,,,,
007860,서연,CFS,1577083247876.0,1431646364734.0,1632494950002.0,1488671644650.0,2095243196073.0,1896835374301.0,1503283453037.0,1527631381240.0,1336692170137.0,1147917560289.0,62618343193.0,70111884455.0,1825559453.0,53642600350.0
007980,TP,CFS,402539459453.0,349684695189.0,249568257673.0,408318948684.0,549788673450.0,510409966345.0,246992651044.0,241920412681.0,258119497328.0,234235667107.0,11354794173.0,9312477396.0,9918220234.0,-1841209652.0
008040,사조동아원,CFS,238561485073.0,208021643871.0,181010314838.0,178488084143.0,189096351190.0,184581979533.0,288945604541.0,270724470419.0,170987766013.0,177332368369.0,11132928839.0,13654939904.0,11404357600.0,9114025171.0
008060,대덕,CFS,774445477553.0,759643831117.0,239062463441.0,215192007648.0,307548137926.0,299989343198.0,1437403078408.0,1517772874977.0,323844377289.0,331184294242.0,-19750907851.0,11314958627.0,-8495693283.0,19477960903.0
00806K,대덕1우,,,,,,,,,,,,,,,
008250,이건산업,CFS,124498759837.0,131574750994.0,137628178109.0,166721579666.0,223225210921.0,236524438768.0,191040278392.0,202224071114.0,75598356865.0,79030931182.0,1450496890.0,3429961453.0,-759811347.0,419842418.0
008260,NI스틸,CFS,137960501299.0,121736624206.0,223223876409.0,187047319512.0,254374477983.0,219167117318.0,260101055966.0,254522399415.0,63015581054.0,79826052963.0,7521797296.0,11819003709.0,5142470103.0,9462598176.0
008350,남선알미늄,CFS,153758947024.0,141224574305.0,93029493676.0,57940026635.0,149245382854.0,107185227528.0,288125116186.0,297532317360.0,73700380373.0,78141725644.0,1182332904.0,2350191712.0,6178176110.0,8051153829.0
008355,남선알미우,,,,,,,,,,,,,,,
008420,문배철강,CFS,44289859698.0,42823266142.0,35243776371.0,33192826033.0,40626829610.0,38213706389.0,187436959819.0,185995113545.0,32001716110.0,33516215248.0,-382695552.0,-1618035066.0,2344911155.0,2946894263.0
008490,서흥,CFS,451877875542.0,449583166661.0,369649988500.0,384153830520.0,505693456192.0,509924601861.0,518272097967.0,507774363636.0,190020810619.0,172765182746.0,20122519215.0,10958282468.0,23943010363.0,3011193527.0
008600,윌비스,CFS,188104872296.0,197175081516.0,170392045786.0,184865907416.0,204411422703.0,208000513628.0,76636139312.0,86578650335.0,53810531642.0,69799215976.0,299382042.0,1221933890.0,-2030766606.0,-2098155960.0
008700,아남전자,CFS,126581808.0,104666521.0,75753527.0,58139433.0,77588916.0,59624589.0,91797842.0,89163424.0,39903634.0,45818031.0,1181890.0,1377638.0,1249685.0,1778591.0
008730,율촌화학,CFS,231372322375.0,215983446615.0,221902011815.0,213476851167.0,380854464644.0,364539143448.0,290810166644.0,290930427545.0,119651088853.0,119549066213.0,1127464387.0,1290137813.0,-2169993520.0,1361403082.0
008770,호텔신라,CFS,1455110287912.0,1410885750525.0,1197256385260.0,1149968381271.0,2544455936877.0,2529540898565.0,1270376959882.0,1284345073338.0,1025447046840.0,1002686135964.0,8660336755.0,27628103403.0,-882809656.0,27431334683.0
008775,호텔신라우,,,,,,,,,,,,,,,
008870,금비,CFS,92906581852.0,93869968355.0,99963108488.0,97797571232.0,161788527664.0,157863839910.0,122848823151.0,124905780653.0,62619356358.0,61112510026.0,-623135973.0,2221560923.0,-608264084.0,1617036091.0
008930,한미사이언스,CFS,331980219264.0,327964548355.0,464594576646.0,468827139886.0,510825423690.0,510375220087.0,870032859491.0,838703712282.0,338268934102.0,309095853133.0,34612153908.0,26488532301.0,28324627476.0,20348536828.0
008970,KBI동양철관,CFS,112781913039.0,108557492796.0,65238620245.0,63812290124.0,86507406112.0,84284314182.0,111436519790.0,108051401811.0,54854901549.0,65491733520.0,-166322035.0,2413010752.0,1902375638.0,-21364997893.0
009070,KCTC,CFS,234965133885.0,218072075510.0,293830103464.0,211750907285.0,476942241273.0,457113288707.0,314381361120.0,305504661279.0,262830130508.0,231623636670.0,14824317396.0,11357150078.0,8069657976.0,7203351875.0
009140,경인전자,CFS,63756724912.0,64254027855.0,4060717129.0,2714126475.0,5758158178.0,4312447327.0,75440437365.0,76557379085.0,9060696707.0,5565638984.0,298319948.0,-130309952.0,1891184101.0,1362273636.0
009150,삼성전기,CFS,6480855544100.0,5891746488305.0,3484088592464.0,3056860858021.0,4185128646957.0,3776548889114.0,9015420339369.0,9015854031770.0,2784629132129.0,2572578369958.0,213008153549.0,211450485480.0,137235897375.0,181376140061.0
009155,삼성전기우,,,,,,,,,,,,,,,
009160,SIMPAC,CFS,616607232000.0,584417406000.0,471490415000.0,437888404000.0,509334301000.0,474348566000.0,608245437000.0,605256122000.0,301476277000.0,213235692000.0,5152801000.0,19811176000.0,10688122000.0,16433591000.0
009180,한솔로지스틱스,CFS,179463736519.0,171827160123.0,109919713416.0,108350135045.0,134902829821.0,137874930696.0,135055380032.0,130119794464.0,178076340476.0,172313407207.0,6405170385.0,6626437901.0,7352403450.0,3053715776.0
009190,대양금속,CFS,100308693260.0,92254990902.0,44342629280.0,45007160154.0,50135664918.0,49894371959.0,93520083790.0,90384510022.0,56923793706.0,55319154296.0,2971338241.0,2906737341.0,4509585363.0,2188904562.0
009200,무림페이퍼,CFS,903304620473.0,921515238909.0,1246995140071.0,1289858400717.0,1800713690895.0,1757952556032.0,721570997438.0,724749118554.0,300204516587.0,361530424670.0,9844691964.0,46874378577.0,4961770020.0,28602066774.0
009240,한샘,CFS,533825003887.0,512253408952.0,450295245637.0,472039476175.0,665109813694.0,716587845787.0,392019985915.0,350663939878.0,459435936286.0,477996437020.0,2255878741.0,7089777696.0,32152794810.0,13540643053.0
009270,신원,CFS,412854786202.0,371682719549.0,291301411224.0,266955903959.0,450334235174.0,402124433814.0,218378566435.0,226777655430.0,280172251598.0,218343953208.0,1015739878.0,5759016965.0,-3497357061.0,-2028557773.0
009290,광동제약,CFS,713286452846.0,719111794531.0,465800030822.0,461298834088.0,559987177389.0,552007659862.0,620001371732.0,618267488792.0,425289593430.0,412812733804.0,4541187957.0,5041702602.0,2395895308.0,1697722302.0
009310,참엔지니어링,CFS,384522672157.0,490655932841.0,486137137923.0,580680313192.0,500259544866.0,594552709306.0,62444322348.0,69752313943.0,18400260551.0,17345220148.0,8687806426.0,-8033499190.0,2866598554.0,-4564367752.0
009320,아진전자부품,CFS,46069259137.0,43711660683.0,62596217964.0,64711996727.0,73839931578.0,73629953427.0,31672885606.0,28912743879.0,41422765443.0,32202524331.0,2637026528.0,1256923189.0,2592671088.0,381499943.0
009410,태영건설,CFS,2095066728081.0,2195061005399.0,2701194182457.0,2499973532470.0,3752595256583.0,3796724785337.0,408806038919.0,527198971669.0,563862096779.0,715595554921.0,29880151040.0,34446007304.0,-74788464879.0,33364209243.0
009415,태영건설우,,,,,,,,,,,,,,,
009420,한올바이오파마,CFS,67683416753.0,85353313757.0,27127517695.0,34720482983.0,34586431055.0,44529201856.0,156106469831.0,168351403333.0,40681535264.0,31592938521.0,1145818081.0,-3057012579.0,598772436.0,-3323560843.0
009440,KC그린홀딩스,CFS,77489956096.0,84779505466.0,82167316187.0,81623441027.0,100861637020.0,116324161045.0,151403326851.0,173018234369.0,26362338718.0,121962807768.0,3607373163.0,-63578000809.0,6657592676.0,-87632355946.0
009450,경동나비엔,CFS,744939169010.0,735122507338.0,583179673187.0,581653232429.0,670642418284.0,663453095174.0,743339691542.0,695417009624.0,392276892421.0,307576748234.0,51190374152.0,29465269733.0,19334592536.0,28489423463.0
009460,한창제지,CFS,94537715170.0,100717749201.0,140313291691.0,141369537117.0,190120985351.0,193177410262.0,88692253497.0,94381732867.0,67411525900.0,74145463424.0,-1727270483.0,1199933401.0,-2570338555.0,-508282969.0
009470,삼화전기,CFS,110731228748.0,108212114156.0,48317258817.0,47016453756.0,63844102206.0,61084348626.0,115013708480.0,112074123471.0,59227403188.0,61305804649.0,5339305885.0,9081630027.0,5798125341.0,7202909841.0
009540,HD한국조선해양,CFS,22015176066000.0,20431356435000.0,19875202801000.0,19325058391000.0,21968154449000.0,22563324218000.0,15305272037000.0,14155813204000.0,7428417053000.0,6615483679000.0,953641034000.0,376465002000.0,447073045000.0,357778969000.0
009580,무림P&P,CFS,576729538094.0,553511009262.0,706106946315.0,699539047561.0,1139621187250.0,1045487789466.0,632337894287.0,645969475501.0,168349940340.0,211407752133.0,-1361176910.0,26499888965.0,1494001648.0,17074907842.0
009680,모토닉,CFS,425377669717.0,377829685058.0,40575885929.0,23628721890.0,46149229118.0,31205741041.0,468469000044.0,468171602831.0,71195119021.0,74441192691.0,3866649598.0,5304057887.0,5826832018.0,7618455455.0
009770,삼정펄프,CFS,165525917694.0,152770987902.0,19558552261.0,27750931290.0,34681757930.0,40124645490.0,269603983269.0,258334606861.0,38888680894.0,40912945396.0,1000256290.0,1691410248.0,6591430429.0,15986915822.0
009810,플레이그램,CFS,167206923922.0,185758536169.0,101872919243.0,121511103110.0,132508225731.0,131314143054.0,203979613984.0,205435953766.0,55127479482.0,74334039497.0,-48312832.0,-481768697.0,-3113003119.0,-5715747549.0
009830,한화솔루션,CFS,10579239000000.0,10882665000000.0,10532136000000.0,11707552000000.0,19284797000000.0,19429975000000.0,10835891000000.0,10606856000000.0,3117265000000.0,2651775000000.0,102067000000.0,-112242000000.0,-178439000000.0,-330624000000.0
009835,한화솔루션우,,,,,,,,,,,,,,,
009900,명신산업,CFS,671723657129.0,704495197208.0,276113409839.0,286388478382.0,454216459566.0,512838006337.0,694316281257.0,697476492867.0,398869136477.0,397619520118.0,25693851902.0,42302222811.0,13902824389.0,34867971175.0
009970,영원무역홀딩스,CFS,4337326773573.0,4372107678298.0,923913640786.0,828777285830.0,1675736782647.0,1589606369987.0,4864753946976.0,4987109262473.0,1177889411355.0,1039450776402.0,162574850800.0,195869220185.0,106822102743.0,217712132871.0
010040,한국내화,CFS,130566371234.0,121843071543.0,118621110296.0,91201979805.0,164221158199.0,125787539987.0,148738200227.0,181574402966.0,106258988619.0,105250343898.0,-3074585208.0,-111506848.0,-27139819659.0,-262426310.0
010060,OCI홀딩스,CFS,4078278881000.0,4763348250000.0,1494020696000.0,1901359096000.0,3053758820000.0,3258113380000.0,4593301129000.0,4835541342000.0,776231951000.0,949857051000.0,-80341806000.0,89552846000.0,-82447094000.0,22811161000.0
010100,한국무브넥스,CFS,515250107425.0,498104353353.0,462044750712.0,459466966386.0,591353118329.0,601460673428.0,419935974424.0,412077664913.0,435397099656.0,401086476110.0,7442360412.0,20726503288.0,2273789003.0,15775149897.0
010120,LS ELECTRIC,CFS,3135068924238.0,3052191652183.0,1809277002621.0,1846349798510.0,2644587508009.0,2595105380936.0,1945338811858.0,1890092083448.0,1193042129325.0,1132436891154.0,108597651385.0,109629901691.0,67257505238.0,64646382335.0
010130,고려아연,CFS,7284468654093.0,7567074179254.0,4971025389177.0,6366334342627.0,6983131119647.0,7196894404555.0,7854622150076.0,7595427776993.0,3825380317089.0,3058166231058.0,258885283093.0,268723597830.0,329737872467.0,175494630825.0
010140,삼성중공업,CFS,7000349856826.0,9369985101261.0,9559551224248.0,12029241642640.0,10332762132331.0,13445186022785.0,3608957330867.0,3749451105353.0,2682977392293.0,2531955020493.0,204816240484.0,130728942748.0,212337932037.0,73999085236.0
010400,우진아이엔에스,CFS,57057942001.0,50962270761.0,22851049772.0,18198470225.0,23859637011.0,18832315805.0,74744299727.0,72883270241.0,41353414168.0,35899816146.0,3954083050.0,-4693453470.0,4941793712.0,-3901452170.0
010580,에스엠벡셀,CFS,49904832951.0,48458469243.0,28033401772.0,29900258981.0,37364804595.0,38611068175.0,69267732587.0,67316795376.0,39312706247.0,41049412923.0,1291715583.0,57654100.0,1158336175.0,16222566.0
010640,진양폴리,CFS,8985841516.0,10715463503.0,12605861821.0,7920425946.0,34527375298.0,24679368630.0,31639392471.0,32734111402.0,11202550906.0,15048529770.0,452262830.0,1503975907.0,284254987.0,1143583068.0
010660,화천기계,CFS,74362218009.0,72445937100.0,41452004958.0,34609476930.0,43341856550.0,35312548411.0,139604160750.0,139019845718.0,67016122832.0,63841970334.0,2083945086.0,1874254839.0,1532629656.0,2130376822.0
010690,화신,CFS,723844478137.0,599667165885.0,681765841165.0,668820568133.0,948729935612.0,804237462385.0,519708351139.0,517432407373.0,490801719994.0,429123217294.0,26483320433.0,24370597529.0,239363760.0,14418297647.0
010770,평화홀딩스,CFS,302248225483.0,274635432231.0,386823864052.0,370260877387.0,422322772080.0,413487424502.0,136943268679.0,119934182119.0,232842873084.0,215331813332.0,9429836198.0,7749722269.0,9118997705.0,-4386126356.0
010780,아이에스동서,CFS,2104961582900.0,2117324178302.0,1482010785797.0,1601069118020.0,1990096901114.0,1996798520994.0,1542100455135.0,1557190039328.0,335161525839.0,409594646691.0,53797194062.0,56273251372.0,19209424283.0,24128231453.0
010820,퍼스텍,CFS,238628603775.0,217806921769.0,291423330427.0,266701357066.0,315383656188.0,286784104108.0,69456535463.0,63670296047.0,61861083042.0,46583421761.0,1517066609.0,515105505.0,2373268928.0,334628100.0
010950,S-Oil,CFS,8583352000000.0,10048039000000.0,11029987000000.0,11656683000000.0,15993982000000.0,15755786000000.0,8580933000000.0,8695647000000.0,8048504000000.0,9570838000000.0,-343971000000.0,160647000000.0,-66782000000.0,-21337000000.0
010955,S-Oil우,,,,,,,,,,,,,,,
010960,삼호개발,CFS,199830388801.0,225174763187.0,104010526428.0,108870755931.0,118077812912.0,121095952109.0,233141684646.0,224600676393.0,98952790167.0,104405172921.0,4202614890.0,-116554944.0,5157698942.0,-135972783.0
011000,진원생명과학,CFS,24906594097.0,28635226886.0,43386128398.0,42505721985.0,64178890922.0,65729165208.0,62492958608.0,85605242604.0,6812910584.0,9290167297.0,-10185945964.0,-11693749586.0,-15409161686.0,-12805421205.0
011070,LG이노텍,CFS,4699586000000.0,5853122000000.0,2831760000000.0,3954860000000.0,4574080000000.0,6024346000000.0,5274768000000.0,5353866000000.0,3934575000000.0,4555269000000.0,11392000000.0,151684000000.0,-8677000000.0,98886000000.0
011090,에넥스,CFS,58242419768.0,61722657125.0,76581846634.0,80986554377.0,93209958313.0,99767809090.0,44979251037.0,42721432425.0,54815010945.0,64069638428.0,1554511366.0,1014970221.0,1151658340.0,2883487346.0
011150,CJ씨푸드,CFS,84994882276.0,83796240137.0,82005658770.0,82523634073.0,89032820269.0,89450601925.0,83650056660.0,83628617966.0,42474176399.0,47497113882.0,-1488275703.0,-170931382.0,295182813.0,74041839.0
011155,CJ씨푸드1우,,,,,,,,,,,,,,,
011170,롯데케미칼,CFS,9047712117997.0,8983401895060.0,8291723154345.0,8502342739017.0,14478464548050.0,14564385612175.0,18970185481562.0,19987944762878.0,4197070355158.0,5090056294063.0,-244879980612.0,-121288492623.0,-471255514787.0,-107134370517.0
011200,HMM,CFS,16370752000000.0,17996844000000.0,2278563000000.0,2357189000000.0,5850913000000.0,5993018000000.0,26395520000000.0,27855544000000.0,2622747000000.0,2663432000000.0,233175000000.0,644381000000.0,471321000000.0,660761000000.0
011210,현대위아,CFS,4129475000000.0,3966900000000.0,2158480000000.0,2400075000000.0,3087652000000.0,3049692000000.0,3986205000000.0,4026299000000.0,2178558000000.0,2114888000000.0,56331000000.0,55156000000.0,17318000000.0,45729000000.0
011230,삼화전자,CFS,13335246193.0,13085261830.0,40995900132.0,36937954401.0,54843994446.0,50174759301.0,15393334205.0,20017950227.0,7456431591.0,7948984166.0,-1412023738.0,-1091640340.0,-2152450739.0,-1379632096.0
011280,태림포장,CFS,161694707000.0,163906860000.0,302313341000.0,281901111000.0,379126876000.0,381159169000.0,327854259000.0,330834884000.0,188103435000.0,175858094000.0,4255908000.0,1258946000.0,1120201000.0,793429000.0
011300,우성머티리얼스,CFS,14898320523.0,25142984915.0,52528796783.0,68724615092.0,68951783715.0,85797260818.0,37042589092.0,31095762234.0,4824871787.0,5405365446.0,418763253.0,-1924377249.0,-1880119030.0,-15078474144.0
011330,유니켐,CFS,68126824748.0,54182427489.0,66315066584.0,54495956009.0,75567742022.0,65615230160.0,122317150701.0,120704782185.0,30869360652.0,18254106489.0,462171237.0,-670505675.0,189267116.0,-1819332875.0
011390,부산산업,CFS,51415944907.0,58002005749.0,39490228117.0,40690942429.0,158004342852.0,160882133328.0,171202803900.0,174519120669.0,25545043019.0,29797020644.0,-1394767610.0,1063882390.0,-1988474399.0,-226364547.0
011420,갤럭시아에스엠,CFS,28173973044.0,26220940269.0,3739107992.0,4652497275.0,10440102564.0,6863602131.0,81554658552.0,62965288688.0,10420030557.0,10039526015.0,1429253621.0,1316588813.0,951962962.0,1301198440.0
011500,한농화성,CFS,101698217183.0,112306889512.0,31547563735.0,32886980777.0,64573650425.0,68068037232.0,166964511525.0,164878103494.0,53006921501.0,68574809956.0,1612957730.0,4228287381.0,421096532.0,2841398344.0
011690,와이투솔루션,CFS,90485998363.0,98402704882.0,12919940549.0,13586163558.0,15842353674.0,16278035323.0,103860115162.0,108715336808.0,32069829716.0,38975690681.0,-1395095016.0,1666557231.0,-4829241376.0,3991420177.0
011700,한신기계,CFS,60003519836.0,72877249097.0,16141806787.0,26595444736.0,26592850009.0,36963570328.0,89493166647.0,89595559015.0,13526017908.0,11211818687.0,-238252977.0,2050764796.0,221909440.0,2517107942.0
011760,현대코퍼레이션,CFS,2080035941854.0,1678438009822.0,1721618648488.0,1202129077146.0,1822967667806.0,1406981950208.0,666684756890.0,655327234223.0,1918494566467.0,1728936165484.0,34649290935.0,36523325225.0,15818222871.0,30752210322.0
011780,금호석유화학,CFS,2661480189133.0,2710939308766.0,1282466821494.0,1534476881893.0,2163477507009.0,2298015880753.0,6118631727710.0,6042223071506.0,1773366505911.0,1852492782500.0,65229500384.0,119148422774.0,57732406426.0,131558691268.0
011785,금호석유화학우,,,,,,,,,,,,,,,
011790,SKC,CFS,1786645454021.0,1520451642691.0,2153053348061.0,2211034562287.0,4495594626726.0,4455945828201.0,2385320461728.0,2292732707978.0,467295042292.0,453429064283.0,-70169650923.0,-61637650779.0,-3972872146.0,-115336296983.0
011810,STX,CFS,301330000000.0,285265000000.0,451587000000.0,422042000000.0,488821000000.0,457751000000.0,93837000000.0,118657000000.0,156505000000.0,253854000000.0,-11181000000.0,-192000000.0,-18330000000.0,-6487000000.0
011930,신성이엔지,CFS,234920034321.0,266270817626.0,306845718946.0,323538562174.0,347378653448.0,367722936876.0,237003135679.0,237546701947.0,139969061921.0,145278031605.0,3359293002.0,-2564098080.0,41303685.0,-6285119588.0
012030,DB,CFS,256084073044.0,286545469511.0,303070344275.0,325817463861.0,434692699159.0,475782051448.0,432109848318.0,394276238337.0,150102613021.0,153621000764.0,8876537179.0,9395962621.0,14878823083.0,14965466995.0
0120G0,삼양바이오팜,,,,,,,,,,,,,,,
012160,영흥,CFS,245765394823.0,243785076346.0,218537121900.0,239390594983.0,257982262570.0,296559024494.0,191306020036.0,216837076986.0,116282145705.0,122650154796.0,-2383703365.0,2564662749.0,-24962048747.0,-381990868.0
012170,아센디오,CFS,6720009174.0,7658777801.0,5136514413.0,3786335591.0,5252259236.0,4021425355.0,11721037325.0,19274942915.0,1686882989.0,6286582371.0,-1674508543.0,-981642684.0,-6661985161.0,2589658453.0
012200,계양전기,CFS,152130201356.0,139994698791.0,158175415942.0,125476864726.0,171773810239.0,137235940047.0,46562123284.0,55514885605.0,102181636363.0,97729988466.0,-8518397525.0,-717819399.0,-8568148544.0,-108312819.0
012205,계양전기우,,,,,,,,,,,,,,,
012280,영화금속,CFS,133772478053.0,114834676235.0,121274487899.0,103562128654.0,157242970403.0,143807580072.0,77125518151.0,72967224045.0,97006575740.0,79090830783.0,6703748474.0,2026765262.0,3417681331.0,1504476831.0
012320,경동인베스트,CFS,205724332767.0,222134211563.0,60285679669.0,69330917387.0,116488960551.0,133834417001.0,486266277696.0,482485709681.0,51773858571.0,69068488638.0,-1263941950.0,82357043.0,209984209.0,3690386973.0
012330,현대모비스,CFS,29190883000000.0,28424073000000.0,13120469000000.0,12745182000000.0,20977949000000.0,20478673000000.0,46702605000000.0,46118232000000.0,15936241000000.0,14655307000000.0,870000000000.0,636107000000.0,934408000000.0,997668000000.0
012450,한화에어로스페이스,CFS,24389721662000.0,22867968340000.0,26508319743000.0,25516144577000.0,32969073074000.0,31972556938000.0,11860170244000.0,11364316747000.0,6310959074000.0,2334749403000.0,864517384000.0,337238787000.0,286431742000.0,159918644000.0
012510,더존비즈온,CFS,176220808637.0,215914131430.0,199823214561.0,204315065486.0,479605714203.0,482789066484.0,565592231552.0,554824182699.0,105889523908.0,99422527570.0,25220053082.0,20417655568.0,17584209957.0,10671907849.0
012610,경인양행,CFS,263074527868.0,266392675860.0,235453986344.0,242345900299.0,279010260415.0,279544870913.0,262897120684.0,265424410500.0,100325622637.0,99786574290.0,5413797851.0,7583782034.0,-1923561463.0,7195279026.0
012630,HDC,CFS,7291401636662.0,7159430992590.0,5095591169624.0,4829691304933.0,7598743169400.0,7299508679919.0,5228543472426.0,5098799362525.0,1818814468138.0,1540327355116.0,166411826097.0,84198290965.0,97758485942.0,63305192626.0
012690,모나리자,CFS,42444724775.0,44310939571.0,14403672059.0,15436739186.0,15107105888.0,16472368696.0,80993329357.0,80695916224.0,29822247560.0,31933387462.0,435394124.0,1251206995.0,458429770.0,891756401.0
0126Z0,삼성에피스홀딩스,,,,,,,,,,,,,,,
012750,에스원,CFS,1190195520084.0,1221725877876.0,440313576637.0,496652905477.0,625817493633.0,662027523939.0,1661918660710.0,1660670981711.0,732658198965.0,695649512286.0,61557254879.0,52330578835.0,52089555361.0,43334401045.0
012800,대창,CFS,458737956302.0,447743662578.0,401498279592.0,452787926061.0,533627432533.0,523189782232.0,313437662063.0,315371796227.0,338049781706.0,353449043133.0,-854134683.0,22188724192.0,-1672887853.0,7899784664.0
013000,세우글로벌,CFS,50297152526.0,50478712318.0,4366975474.0,4720615453.0,4393003755.0,4747680537.0,52080434049.0,51828532046.0,8088923528.0,8986969620.0,748342093.0,622216395.0,440565422.0,826148114.0
013360,일성건설,CFS,195865573993.0,178187192942.0,257970339578.0,215388494227.0,320427100022.0,303608163981.0,66255794778.0,66811989264.0,115142530383.0,130843594181.0,3773477626.0,2416310904.0,406215215.0,634486300.0
013520,화승코퍼레이션,CFS,719516217322.0,703098958768.0,726336214493.0,730810726006.0,913470426282.0,926508894133.0,368352368220.0,361990247304.0,113004095709.0,107719681654.0,27866543061.0,23468431240.0,10604162868.0,17202279711.0
013570,디와이,CFS,598825065899.0,585993354469.0,334950924718.0,337175540185.0,435373517612.0,423003601657.0,576069551512.0,580490578302.0,318375713225.0,318021130382.0,14463726500.0,14950045217.0,3685342691.0,12378936401.0
013580,계룡건설,CFS,2102718223966.0,1969670551170.0,1430192389673.0,1364140067139.0,2144953449270.0,2023839811971.0,957330306883.0,917477903262.0,734052832753.0,846577220078.0,49011144701.0,23082492416.0,25510627902.0,12197244926.0
013700,까뮤이앤씨,CFS,183019092017.0,174042410331.0,144883311033.0,143742403671.0,183700662641.0,181056190782.0,101937874479.0,95485083998.0,61679110147.0,67730835455.0,8462036405.0,-191049722.0,5530539480.0,-205707657.0
013870,지엠비코리아,CFS,389250137240.0,335263266225.0,375171220336.0,318294235739.0,402522706106.0,345034614956.0,282839674675.0,285508678234.0,199980765883.0,187804482529.0,10107942639.0,5705660890.0,2876885416.0,5059999877.0
013890,지누스,CFS,550317844063.0,656034005285.0,304280903662.0,429089098883.0,380828502234.0,519464564797.0,660302269933.0,672764012916.0,229465627387.0,206264531460.0,29114479506.0,-14238564275.0,7567134613.0,-10422024814.0
014130,한익스프레스,CFS,137162522671.0,149675833389.0,190718249910.0,194807189010.0,319737273059.0,297454403153.0,91966093354.0,102729277120.0,160279855346.0,181624741354.0,1406851192.0,4566256235.0,-2132387275.0,277343677.0
014160,대영포장,CFS,76384818174.0,58006360987.0,40297899399.0,34341357449.0,60023701733.0,49682648480.0,191962180860.0,175397853041.0,71246228841.0,70501044109.0,2023259797.0,2162941296.0,1693186025.0,2422900228.0
014280,금강공업,CFS,509681049960.0,453123569511.0,560078997558.0,512506283004.0,707911173253.0,662560902622.0,498973088466.0,499338342916.0,211821386999.0,189474926171.0,4038541561.0,8672816113.0,-3265801752.0,5237459255.0
014285,금강공업우,,,,,,,,,,,,,,,
014440,영보화학,CFS,95038576798.0,99966539342.0,15693353310.0,19236817612.0,16077554626.0,19723072777.0,179326169957.0,182857623279.0,28573833936.0,28629914032.0,4706392405.0,4333134775.0,2605894763.0,4672891256.0
014530,극동유화,CFS,209739004622.0,202363367662.0,241750034104.0,216422931863.0,279174683682.0,246369399377.0,227220356000.0,232185622191.0,240814522042.0,280245199445.0,3879095486.0,7661583806.0,-505383340.0,5577370808.0
014580,태경비케이,CFS,187171095095.0,146425697867.0,73165870488.0,56240750537.0,216702002946.0,73702842253.0,401674775650.0,311906332929.0,111928440823.0,89204789465.0,12008764386.0,12076575931.0,7971413646.0,10422515838.0
014680,한솔케미칼,CFS,400252977715.0,348048080154.0,236098969813.0,272370414176.0,402149095354.0,393235114115.0,1128418060834.0,1071443703044.0,221915819187.0,199075562515.0,48854536364.0,35120557615.0,48626211174.0,36522456603.0
014710,사조씨푸드,CFS,85403568849.0,46153603126.0,128929893952.0,90149299054.0,156877491795.0,100104157747.0,252834368098.0,237724628867.0,57087582350.0,49898427383.0,3600639105.0,1991473560.0,5724366066.0,2621379451.0
014790,HL D&I,CFS,1148020700576.0,916854791424.0,803458783910.0,964613107281.0,1478154702769.0,1228285239092.0,484152336642.0,474711222881.0,406858479750.0,393294503956.0,19770037387.0,11170450367.0,8799610943.0,5526409334.0
014820,동원시스템즈,CFS,589022192956.0,593875438854.0,457366073695.0,452442102646.0,697150082989.0,716177688598.0,836565669309.0,836434543858.0,366345514313.0,344378115336.0,25908993006.0,30312383080.0,15824448516.0,22296201930.0
014825,동원시스템즈우,,,,,,,,,,,,,,,
014830,유니드,CFS,566015802867.0,562354787006.0,205424816091.0,217800064965.0,318996732494.0,352543859657.0,1017023973075.0,1012258117518.0,340940040543.0,291637564123.0,32823667934.0,35034101722.0,23777024722.0,27146159205.0
014910,성문전자,CFS,30393213159.0,30580197774.0,35085632924.0,29342093130.0,39821623097.0,34099639612.0,40989898763.0,41327217082.0,14568015309.0,13604738670.0,548361450.0,537058684.0,87215599.0,1152878395.0
014915,성문전자우,,,,,,,,,,,,,,,
014990,인디에프,CFS,43376609671.0,45517105261.0,59536290037.0,48761886256.0,74998365561.0,83474102455.0,37191291897.0,37860333783.0,27344805634.0,31965086226.0,1798592496.0,2835606928.0,1371059414.0,1963557860.0
015020,이스타코,CFS,15476416734.0,14253220847.0,34649111243.0,36465170706.0,40415948896.0,40495659040.0,39705408108.0,37436333189.0,5908910793.0,2706367106.0,1751639043.0,-559612194.0,1725808125.0,-759945951.0
015230,대창단조,CFS,244620342455.0,250300992393.0,47379476763.0,40486249523.0,76536921570.0,70997328719.0,303878653683.0,301343784779.0,85029032687.0,81927857148.0,8744956562.0,7144160755.0,3567995250.0,10009406200.0
015260,에이엔피,CFS,35484486625.0,36069988010.0,65572520108.0,60603407360.0,69684766885.0,67638519716.0,21373526116.0,25863672422.0,31667048433.0,28795137711.0,-1771717003.0,-1967528063.0,-614367605.0,-1844513765.0
015360,INVENI,CFS,198087492000.0,314600657000.0,221059803000.0,403064256000.0,640772112000.0,737154980000.0,619375938000.0,476675264000.0,247067221000.0,171790477000.0,50085460000.0,7229844000.0,51151609000.0,9502047000.0
015590,DKME,CFS,125956210083.0,143292086691.0,55583901490.0,77469008174.0,65480720342.0,87188099607.0,126961639326.0,126685318809.0,35639784386.0,28651595437.0,4903253467.0,-392217052.0,-719373452.0,-238018660.0
015760,한국전력,CFS,28950092000000.0,29255205000000.0,62775504000000.0,63968789000000.0,206232333000000.0,205444962000000.0,43667339000000.0,41362833000000.0,21950138000000.0,20473707000000.0,2135872000000.0,1250262000000.0,1176357000000.0,114418000000.0
015860,일진홀딩스,CFS,1350494216125.0,1200902391591.0,869754751897.0,739380996991.0,1049382472856.0,923236339253.0,1070327209353.0,1044105740198.0,580010182540.0,492877225895.0,36073631189.0,25545363072.0,24074381609.0,20578706762.0
015890,태경산업,CFS,356645907063.0,309895464453.0,192697221973.0,184292929485.0,406206633445.0,206748842959.0,567924117084.0,477982351431.0,209717590368.0,181571256125.0,13663376191.0,16115415584.0,9943299078.0,13337200073.0
016090,대현,CFS,142928529666.0,152777849305.0,32285065015.0,32802211072.0,35886466819.0,36066464183.0,270704129865.0,270392739404.0,52901997592.0,59879949271.0,1069042575.0,6048542877.0,2024131998.0,5382422803.0
016360,삼성증권,CFS,,,,,62950997716182.0,54949703002180.0,7503286605910.0,7324213114450.0,,,,,234644016515.0,257867883810.0
016380,KG스틸,CFS,1340966029254.0,1336208150513.0,1216967795543.0,1273167466778.0,1343264333638.0,1381154118863.0,2019779434770.0,1960217245439.0,805067758861.0,858433774276.0,36888601041.0,74473778758.0,41742677726.0,37890953597.0
016450,한세예스24홀딩스,CFS,1394106513105.0,1235053587294.0,1421023461819.0,1429490153650.0,2007869721726.0,1831199793408.0,988095563693.0,994460069104.0,803820418176.0,689097374401.0,540275924.0,42968832540.0,-10287774369.0,17837827443.0
016580,환인제약,CFS,205175646214.0,201297208213.0,41820313346.0,42376240826.0,49231650501.0,48704233167.0,380482513659.0,376001534036.0,64135226819.0,63619256086.0,2700979141.0,6975095537.0,3187743143.0,6208945750.0
016590,신대양제지,CFS,312870452883.0,301577722497.0,120393396964.0,123368093026.0,187109203539.0,183832235420.0,710674640623.0,692090313315.0,160601164604.0,165588869823.0,10299220575.0,10818542561.0,6203736844.0,14477067828.0
016610,DB증권,CFS,,,,,10847639349702.0,9496592720797.0,1214157810237.0,1174049116712.0,509306728815.0,317226349793.0,,,26802720456.0,16947318340.0
016710,대성홀딩스,CFS,342724249892.0,495509621846.0,229842889090.0,392471935595.0,498745953131.0,660560447178.0,605978649962.0,589102058542.0,214319320056.0,200180741517.0,167443375.0,-6644618681.0,-5634725854.0,5043513842.0
016740,두올,CFS,362673075250.0,350942024033.0,223184953496.0,229392239185.0,271417502118.0,273790726702.0,258165720135.0,240411524798.0,201970704442.0,203200540979.0,12797596871.0,13911647062.0,7094339789.0,7202441034.0
016800,퍼시스,CFS,217210335578.0,258056611366.0,47174138322.0,65584524438.0,50868870429.0,69918424596.0,570671838678.0,574010179978.0,82344044430.0,85952831254.0,243140237.0,3381992152.0,9037154512.0,15676437867.0
016880,웅진,CFS,993069151978.0,404122873919.0,1115753940135.0,678617510607.0,4716622812898.0,782069798792.0,353190499223.0,188901005477.0,278827157448.0,257465251153.0,25888373035.0,13564333960.0,8107242659.0,4678558599.0
017040,광명전기,CFS,55401809697.0,62761054961.0,77603208593.0,55972867801.0,92059505701.0,70393109887.0,48491577163.0,72285942906.0,26656883883.0,28943734577.0,-2238493507.0,-3725782264.0,-20614656661.0,-9522295356.0
017180,명문제약,CFS,93982325325.0,80329215087.0,95599642282.0,92659589991.0,166382006673.0,154865086757.0,104350329803.0,103122599441.0,48757224804.0,46081059940.0,5680182844.0,-671255530.0,3430070150.0,-1660670414.0
017370,우신시스템,CFS,219441041841.0,277388522963.0,230460969311.0,288134378591.0,253467975848.0,305511677606.0,133377815065.0,128241252445.0,94248235755.0,87580019800.0,1280093536.0,7299002011.0,-2529128146.0,4425203405.0
017390,서울가스,CFS,852885995806.0,1012528061866.0,242245820078.0,411465396140.0,496112229166.0,668245264059.0,1118084791724.0,1097717099043.0,299067288200.0,249590747893.0,2396562731.0,-4557163105.0,7338645061.0,1552193518.0
017550,수산세보틱스,CFS,144121821974.0,119069182868.0,69539988289.0,45310094268.0,75157912466.0,50986247092.0,187535869999.0,186252303463.0,56532633563.0,47182200221.0,5210719713.0,2245957791.0,2345816834.0,1509961318.0
017670,SK텔레콤,CFS,7536918000000.0,7476682000000.0,7284859000000.0,9224278000000.0,17332912000000.0,18687621000000.0,11971398000000.0,11827634000000.0,4338760000000.0,4422359000000.0,338260000000.0,537508000000.0,83247000000.0,350174000000.0
017800,현대엘리베이터,CFS,1237786228808.0,1536223960141.0,1425142909843.0,1638004530402.0,1965048748350.0,2231470469732.0,1256515119275.0,1342280676829.0,637507149931.0,739497236758.0,55453737223.0,49892920151.0,52546148796.0,21670267947.0
017810,풀무원,CFS,730094756449.0,818179437324.0,1078908658636.0,1145117063926.0,1727654436075.0,1747718363739.0,522433843179.0,583439342122.0,839112628072.0,793048953509.0,19560575643.0,16854354866.0,-8208585785.0,5220546443.0
017860,DS단석,CFS,316671006182.0,307863278744.0,334785935491.0,300059010432.0,469543540589.0,452780585481.0,282907581381.0,283038467880.0,221725308957.0,266308181947.0,-1317288354.0,5226251933.0,-5398949312.0,1991084206.0
017900,광전자,CFS,142510289660.0,142959298884.0,22921240914.0,21364960611.0,23131964868.0,21589720855.0,236608641271.0,239242200373.0,34674239526.0,34133859715.0,1116841654.0,1458218324.0,-2351886104.0,3250192734.0
017940,E1,CFS,9613401008536.0,9222023068454.0,11219436500560.0,10063698688299.0,13365359203742.0,12350698295631.0,2241092309378.0,2189076637225.0,2265591351666.0,2969725643413.0,100663418104.0,92196737091.0,28868480665.0,89800257102.0
017960,한국카본,CFS,502890884987.0,460860282424.0,360072684995.0,369168308880.0,405797271015.0,404682305973.0,525647074853.0,474286350797.0,231273164942.0,194212273280.0,31643545534.0,17779466304.0,29357658733.0,8666193278.0
018250,애경산업,CFS,281063246129.0,295771084439.0,94373293267.0,94267395263.0,98211574861.0,98740445649.0,398811767522.0,400611022456.0,171310787639.0,173609216609.0,11154212121.0,17458280437.0,11118207989.0,12942144294.0
018260,삼성에스디에스,CFS,8923490781161.0,9003786950710.0,2322593885183.0,2495408581399.0,3220883402156.0,3532880772221.0,9694016702027.0,9705449479475.0,3511984578644.0,3368954228185.0,230161317475.0,220919767275.0,176014235475.0,190523662420.0
018470,조일알미늄,CFS,287312397809.0,263775197497.0,213666032179.0,204883144085.0,235003504662.0,222047633614.0,206962328221.0,199619106960.0,117416143650.0,129642989199.0,-304758301.0,6030505474.0,-1101569051.0,3161071932.0
018500,동원모빌리티,CFS,241625281933.0,187026469672.0,288142656807.0,238882092784.0,434861041893.0,382866740611.0,144654152935.0,132961973930.0,155607687238.0,149326944732.0,8452546629.0,4562199365.0,9854379024.0,360383316.0
018670,SK가스,CFS,2604920276138.0,2608910830555.0,1883388209264.0,2021018622987.0,4771714541761.0,4801285742388.0,2825196025437.0,2738336227747.0,1880348502825.0,1651434218567.0,120673482843.0,46946379856.0,50822956852.0,38455519270.0
018880,한온시스템,CFS,4192436735946.0,4439022125072.0,4836752635466.0,5033806802743.0,7426774285256.0,7621513909130.0,2887121163327.0,2998738468366.0,2858195834535.0,2559894417508.0,64300533984.0,71580646483.0,-15086203476.0,-31203905718.0
019170,신풍제약,CFS,189055017637.0,189321115229.0,73098536319.0,75843983909.0,80280777325.0,84002936786.0,257327976392.0,258089868288.0,58619573408.0,56027219808.0,4935074357.0,-4710201800.0,2782243930.0,-26969042.0
019175,신풍제약우,,,,,,,,,,,,,,,
019180,티에이치엔,CFS,298468100418.0,238402470628.0,283121317166.0,228723390670.0,347909517469.0,306374015988.0,160799913818.0,147980318373.0,252542375428.0,168571296628.0,20784856773.0,10663557694.0,18699371963.0,10794893984.0
019490,엑시큐어하이트론,CFS,24266325433.0,55719921608.0,25340903408.0,37831210164.0,33482569953.0,45624555207.0,20739974410.0,34784353110.0,1685031639.0,1375646883.0,-4181877024.0,-1523565118.0,-14071258264.0,-1663864974.0
019680,대교,CFS,122003433866.0,140668654797.0,199120921825.0,214689849481.0,295809327084.0,292016253038.0,311329226324.0,313248341854.0,162531876140.0,160378545719.0,44654989.0,-5213961491.0,-2786674878.0,-4405528959.0
019685,대교우B,,,,,,,,,,,,,,,
020000,한섬,CFS,785923181000.0,839542319000.0,215672339000.0,265319416000.0,275577262000.0,340068257000.0,1411308179000.0,1406099401000.0,338094912000.0,341716819000.0,737068000.0,4088040000.0,2450194000.0,1681812000.0
020120,키다리스튜디오,CFS,113474763199.0,121643085634.0,108277215520.0,106393637948.0,130998671556.0,130298400385.0,202036137553.0,200089815452.0,51766722277.0,49772802653.0,1881366039.0,733081159.0,523463118.0,-1278271676.0
020150,롯데에너지머티리얼즈,CFS,947880918424.0,1031452427826.0,228500227677.0,117640878983.0,393396781226.0,380066851548.0,1767019806259.0,1901956206905.0,204945979311.0,262700694495.0,-31103338140.0,3032433387.0,-51366582409.0,8032889987.0
020560,아시아나항공,CFS,2429412713752.0,2804786445362.0,4187885077824.0,4983192845762.0,11331904445250.0,12446781316354.0,1312435778913.0,1003122157778.0,1887049130097.0,2015348083684.0,-6938292714.0,18001350702.0,179239780093.0,-122104296928.0
020760,일진디스플,CFS,31861939793.0,36284117718.0,34979721825.0,27757856672.0,46673300329.0,43663123200.0,30455029420.0,35231680495.0,18440376121.0,25296122781.0,-1064844845.0,723994182.0,-2932070814.0,524879474.0
021050,서원,CFS,561353993051.0,530070345490.0,528833609101.0,539238812166.0,666776167122.0,634909571228.0,343461823669.0,346738390254.0,393218321834.0,420118364486.0,-695393350.0,10515344786.0,-2679055049.0,-5139354566.0
021240,코웨이,CFS,2029021538376.0,1771007871650.0,2218843108924.0,1877989167049.0,3069733384430.0,2565445323713.0,3255608346704.0,3196115767366.0,1258874709586.0,1082259100116.0,242721142680.0,211194775407.0,155506917280.0,154183926045.0
021820,세원정공,CFS,453116874902.0,411597093990.0,66573414852.0,44826484430.0,90964028188.0,67597340884.0,752336458764.0,712034833382.0,41966689502.0,35415718006.0,5123165081.0,5037924581.0,14017160113.0,18665932458.0
022100,포스코DX,CFS,600497672861.0,676687634640.0,244654134735.0,355027712350.0,254582139386.0,366555515263.0,553762986435.0,525897500876.0,272857095032.0,353016292156.0,17081846937.0,24344939998.0,14440771191.0,20390461956.0
023000,삼원강재,CFS,148539819717.0,159018973451.0,51071243919.0,36770153156.0,55846543749.0,40138066038.0,250883502176.0,250520367725.0,95820745288.0,90421961662.0,2460828946.0,3588045868.0,2421381857.0,4378927316.0
023150,MH에탄올,CFS,55949354553.0,60311747946.0,276028667456.0,290086194478.0,309953033871.0,324598918701.0,82871299707.0,77103002082.0,27130284749.0,29182302102.0,7979412238.0,8541767084.0,4076074596.0,2251257414.0
023350,한국종합기술,CFS,201766187737.0,190999442448.0,227171171968.0,217827022588.0,273001414256.0,261422296029.0,154859293481.0,156663604671.0,101753682583.0,106293073467.0,3055571020.0,-334821573.0,2476213972.0,-208232158.0
023450,동남합성,CFS,46647879666.0,32717728761.0,36249431063.0,22033749831.0,56339270004.0,43124996016.0,52765128582.0,53741648238.0,43302701795.0,45084306423.0,985926310.0,1738529787.0,63538177.0,1523236726.0
023530,롯데쇼핑,CFS,5358497842310.0,5516937795010.0,9565094586634.0,9836042195532.0,21525293948556.0,21969427278570.0,16640697317913.0,17033617306143.0,3349696312762.0,3427810100753.0,40639191033.0,56054697237.0,-10321824905.0,-79677904498.0
023590,다우기술,CFS,58341282502944.0,47687656704946.0,58351318046268.0,47941097923479.0,61879218076706.0,50855367307244.0,6766752173130.0,6292556736075.0,4595277807527.0,2366770550497.0,429534809113.0,332306504691.0,328369926570.0,237172700566.0
023800,인지컨트롤스,CFS,262313047134.0,252430147900.0,320147454376.0,272862854017.0,468316588097.0,455359778821.0,230970669832.0,230188967743.0,175701454598.0,167929506576.0,12044698712.0,14342925786.0,1680440498.0,13080170384.0
023810,인팩,CFS,218423744547.0,212984460452.0,280931501878.0,287281682938.0,389644524966.0,393237229990.0,166687870021.0,162978477659.0,148525651623.0,141488538252.0,10816633082.0,7963575852.0,7325575129.0,5225988967.0
023960,에쓰씨엔지니어링,CFS,56897272019.0,63428609313.0,54195626862.0,59280216981.0,61852928056.0,65999178206.0,46199185812.0,45856905573.0,43450506791.0,52243488391.0,667211557.0,3576457486.0,133039233.0,2495712957.0
024070,WISCOM,CFS,64553611005.0,62109138903.0,15272005339.0,12287502499.0,15774333178.0,12822245368.0,85978104472.0,87370532548.0,26470828149.0,25430235779.0,-311363496.0,-1941170275.0,565535547.0,-1168359942.0
024090,디씨엠,CFS,137283359004.0,146902976588.0,27469544722.0,34747533051.0,29391259012.0,36497911953.0,257870456440.0,257072098301.0,57922432451.0,68740963512.0,1955613186.0,7423988567.0,1631676958.0,8638303914.0
024110,기업은행,CFS,,,,,454316274000000.0,437988747000000.0,35162799000000.0,34231091000000.0,,,,,694401000000.0,609693000000.0
024720,콜마홀딩스,CFS,276611016321.0,288536518698.0,371886093482.0,393940927189.0,470120787378.0,476323079442.0,842734251093.0,815108708643.0,175670231830.0,180188561909.0,16377410182.0,14207222733.0,39279793640.0,10752113154.0
024890,대원화성,CFS,71353314859.0,83287269153.0,91921679957.0,96775573391.0,98794181107.0,110607498538.0,38261062193.0,41913992465.0,28854841168.0,28941500723.0,387089538.0,-3639627292.0,-270334346.0,-3197525265.0
024900,디와이덕양,CFS,360590124309.0,362762519898.0,411330908831.0,424932604285.0,453415064849.0,456873783724.0,100276777383.0,101692817051.0,450563913937.0,501396889417.0,-593842020.0,3458784373.0,-3517754055.0,4281511963.0
025000,KPX케미칼,CFS,387803812289.0,477690446351.0,160864906985.0,163828442680.0,177482533290.0,179383789175.0,709299258932.0,701262896956.0,212643186409.0,231897964164.0,9783413095.0,11794801694.0,16073076120.0,18143193337.0
025530,SJM홀딩스,CFS,249224339448.0,257396258734.0,43176479740.0,39713821071.0,58733210037.0,67375678505.0,301322043065.0,302200127404.0,49760659563.0,53638998832.0,4547916725.0,4786267004.0,1720444332.0,7113560712.0
025540,한국단자,CFS,840735388000.0,877243341000.0,349969415000.0,391600030000.0,446686283000.0,488008902000.0,1091189191000.0,1076241953000.0,380343048000.0,391447897000.0,36891094000.0,56810222000.0,17571247000.0,46893785000.0
025560,미래산업,CFS,37326390726.0,45145359164.0,10059830179.0,20305759009.0,21998631231.0,25602470995.0,115040650192.0,106010231722.0,6806499081.0,5889135854.0,1036722598.0,303352071.0,1314168684.0,-4653241333.0
025620,차AI헬스케어,CFS,22863526172.0,12736254162.0,10864182878.0,8910661080.0,11257138240.0,9279512833.0,39821445874.0,29636061108.0,1965029305.0,5160008664.0,-1418474984.0,133505121.0,1343946089.0,-1141344154.0
025750,한솔홈데코,CFS,114411857470.0,119962615583.0,99326393924.0,111639835644.0,158908737395.0,166525623963.0,125187533901.0,123853523380.0,68617370941.0,91187708713.0,1595165698.0,5859153680.0,2639728884.0,1468907250.0
025820,이구산업,CFS,262371248017.0,222401596625.0,207247947719.0,175427179788.0,224411627101.0,192583407720.0,144496495508.0,136425181348.0,125997453568.0,125444915616.0,4407356590.0,12012731816.0,5598229871.0,7439577637.0
025860,남해화학,CFS,627760013834.0,428549098119.0,366038949122.0,191866171446.0,414626687149.0,239076382835.0,555342368664.0,534754014161.0,426192850901.0,405298602524.0,14154118354.0,12342387503.0,9398489198.0,8171316851.0
025890,한국주강,CFS,11618586455.0,12638309471.0,4984309962.0,6720787073.0,5667470345.0,7363072434.0,33886557539.0,34135293917.0,11673151291.0,11863486638.0,354344068.0,319525038.0,247350845.0,167538648.0
026890,스틱인베스트먼트,CFS,70736921661.0,62141571976.0,18165493639.0,12807079001.0,19801032170.0,15910398085.0,238136629506.0,248740897223.0,26845683407.0,16773602616.0,,,3378703088.0,-2607067528.0
026940,부국철강,CFS,107404382337.0,102963885423.0,25174128238.0,21419469108.0,25182128238.0,21427469108.0,131508786176.0,131679507549.0,46828407784.0,48298214990.0,-382244815.0,651221941.0,294008835.0,1204558472.0
026960,동서,CFS,900561960306.0,899754296790.0,57383827419.0,59271554235.0,67474835080.0,69670001190.0,1693693818440.0,1709476549885.0,136891078661.0,128411035795.0,11739033213.0,11639302181.0,41003607078.0,47042696005.0
027410,BGF,CFS,454664302477.0,487999688478.0,156673598148.0,178970172062.0,315349406461.0,319875641992.0,1982422636213.0,1981102616458.0,123008851020.0,113493930088.0,17312971297.0,16526438982.0,14232960322.0,17677871260.0
027740,마니커,CFS,51251330370.0,51044194005.0,80474546101.0,79464202895.0,116226552861.0,114231741935.0,39348232444.0,41049366206.0,87071720862.0,85293799743.0,2054893693.0,-2561185889.0,1398704926.0,-3073602514.0
027970,한국제지,CFS,369893197473.0,384645687795.0,255649968412.0,278363195354.0,292149507465.0,313423911419.0,447856459580.0,441673752990.0,191956571527.0,199546297246.0,2018712938.0,10653120658.0,3100144289.0,4477984623.0
028050,삼성E&A,CFS,7315664567750.0,7941890024257.0,5060058996584.0,5871110579495.0,5327531148198.0,6117596009939.0,4072691769499.0,3895741786193.0,2178022750175.0,2686275966447.0,180856635847.0,262573016528.0,141716656088.0,205264248510.0
028100,동아지질,CFS,296759267676.0,306321167207.0,185220129125.0,169783118869.0,188812788795.0,173152864336.0,227108963348.0,227099447160.0,105471850367.0,94219392591.0,4190283212.0,1584342220.0,4292054619.0,2428976863.0
028260,삼성물산,CFS,18957922376161.0,20180976210724.0,12529998397180.0,14747260718483.0,23676430500493.0,24731886937019.0,41089862264264.0,37258539898529.0,10022075966797.0,11004818659155.0,752614345055.0,900371845266.0,526524285930.0,734036363262.0
02826K,삼성물산우B,,,,,,,,,,,,,,,
028670,팬오션,CFS,1863840000000.0,2021806000000.0,1427786000000.0,1276861000000.0,4950793000000.0,4618123000000.0,5314838000000.0,5653383000000.0,1293649000000.0,1233427000000.0,123034000000.0,135151000000.0,122785000000.0,109636000000.0
029460,케이씨,CFS,451603537801.0,470435034873.0,135498595700.0,150844471850.0,186611821883.0,189293618423.0,933365629819.0,857551793904.0,209504617968.0,172307671095.0,14635154337.0,-5615296633.0,13427749549.0,-3963661474.0
029530,신도리코,CFS,916280547896.0,950335008957.0,52278147501.0,70476669537.0,63717745867.0,79293063063.0,1044244473406.0,1064287620242.0,71240646209.0,91331526344.0,-1787399566.0,5867502823.0,-14559612415.0,15950464195.0
029780,삼성카드,CFS,,,,,22437482000000.0,21007902000000.0,8526653000000.0,8486181000000.0,,,,,151199000000.0,184901000000.0
030000,제일기획,CFS,2480195035736.0,2723977664902.0,1366838120825.0,1564856744000.0,1746153628533.0,1832516799814.0,1403257141580.0,1474033393149.0,1118834219151.0,1089446812856.0,92117590305.0,88210021231.0,51245020633.0,65323493391.0
030190,NICE평가정보,CFS,261933817676.0,273006123077.0,122665474963.0,144087439540.0,148498666542.0,168928869777.0,431495587743.0,416738330961.0,151339188668.0,131147870489.0,27572907291.0,24088075156.0,22604998424.0,18747571753.0
030200,KT,CFS,14385375000000.0,14251937000000.0,12123497000000.0,13874734000000.0,23316209000000.0,23883408000000.0,18877118000000.0,17996549000000.0,7427337000000.0,6546399000000.0,1014818000000.0,493986000000.0,733282000000.0,410541000000.0
030210,다올투자증권,CFS,,,,,9107411364984.0,8827179129671.0,791753992275.0,775990640118.0,503183579666.0,299715958328.0,,,22368850243.0,-28371688101.0
030610,교보증권,CFS,,,,,15914314325000.0,13912608589000.0,2092459984000.0,1985723994000.0,1257802256000.0,439999529000.0,,,54332516000.0,41052687000.0
030720,동원수산,CFS,76743044566.0,72875722872.0,49705862110.0,36987502653.0,62078706988.0,60080578223.0,52579024662.0,48788729407.0,52274546693.0,51248150579.0,3905136588.0,2512114359.0,2790653890.0,2104313330.0
031210,서울보증보험,CFS,,,,,4232406808821.0,4158132454250.0,5204953264267.0,5175465610826.0,,,,,65422814278.0,50583288222.0
031430,신세계인터내셔날,CFS,531306921264.0,524533100412.0,267135579127.0,328810219093.0,507127439780.0,486609054388.0,837294810739.0,846514185729.0,308601399002.0,320891870954.0,-2302511238.0,13275127030.0,53273234.0,15552843121.0
031440,신세계푸드,CFS,329172122542.0,335412439744.0,234920665283.0,199593696038.0,450458013348.0,540195226718.0,310455213386.0,293492439730.0,371487792054.0,393946074582.0,13482188296.0,9666486991.0,14232869771.0,5090014027.0
031820,아이티센씨티에스,CFS,408663577927.0,444524112699.0,331501423503.0,360125250486.0,406359025234.0,384687536227.0,238890039299.0,233584889623.0,258707356135.0,201193783005.0,803218794.0,2530438689.0,627243376.0,7379848052.0
032350,롯데관광개발,CFS,157213384241.0,114360872494.0,542614195578.0,609689104711.0,1845853989727.0,1853556860635.0,332825203311.0,313060388033.0,157681880576.0,116078341581.0,33114050931.0,5886539939.0,5914849247.0,-2521382322.0
032560,황금에스티,CFS,286956249602.0,283595487203.0,93203614766.0,92257871908.0,105979458178.0,105023082066.0,426932945330.0,417533188457.0,79109441662.0,82986345718.0,4117011069.0,6680765663.0,5624794949.0,6796986011.0
032640,LG유플러스,CFS,5417821000000.0,5263896000000.0,4989100000000.0,5116288000000.0,10452795000000.0,10939351000000.0,9014048000000.0,8768379000000.0,3844385000000.0,3493696000000.0,304506000000.0,254011000000.0,217079000000.0,164618000000.0
032830,삼성생명,CFS,,,,,285466765000000.0,279480913000000.0,33657838000000.0,32737931000000.0,,,,,793580000000.0,788837000000.0
033240,자화전자,CFS,271320747473.0,335121622579.0,270106916032.0,311228949560.0,275652717659.0,317147270863.0,382569366198.0,400535767145.0,167831236097.0,131258590377.0,-9199987751.0,6802317319.0,-16128158497.0,731792501.0
033250,체시스,CFS,34291745395.0,29934224105.0,36035151044.0,36452108849.0,43446439370.0,44498263414.0,42586045936.0,38647779315.0,26424353778.0,24315904656.0,2425258825.0,1898070232.0,1308451032.0,2179970000.0
033270,유나이티드제약,CFS,250657317836.0,244753092122.0,46084424922.0,48194834231.0,65013870141.0,67721520995.0,413680215608.0,406207015461.0,70374422029.0,70993649389.0,10759288652.0,12530126143.0,1180438661.0,-6386240687.0
033530,SJG세종,CFS,842608483902.0,791910926692.0,697767400391.0,678364577748.0,810627893913.0,781290611162.0,487880477354.0,459327355559.0,481456623408.0,460942237359.0,37208317458.0,24014336593.0,22907724683.0,19583964966.0
033780,KT&G,CFS,7082731000000.0,7176310000000.0,3134992000000.0,3142888000000.0,4804101000000.0,4566772000000.0,9237623000000.0,9358465000000.0,1547903000000.0,1423774000000.0,349882000000.0,321993000000.0,143514000000.0,312760000000.0
033920,무학,CFS,65394921317.0,286447074856.0,122762362393.0,107170857404.0,128239687080.0,108799456137.0,598687557211.0,571647855552.0,38745908204.0,40200300112.0,4157490938.0,5156159055.0,19545671348.0,14924450380.0
034020,두산에너빌리티,CFS,9989814000000.0,10049022000000.0,8833188000000.0,8945820000000.0,14676911000000.0,14653743000000.0,11628285000000.0,11661092000000.0,4569021000000.0,4150487000000.0,271106000000.0,309790000000.0,197809000000.0,220766000000.0
034120,SBS,CFS,914092813238.0,760169765222.0,447128039710.0,335895417132.0,733942574517.0,605931982154.0,904669204602.0,906434619768.0,268242292699.0,275030342364.0,6990683915.0,9570453927.0,5669773278.0,4937579159.0
034220,LG디스플레이,CFS,7268151000000.0,10123037000000.0,11755907000000.0,15859084000000.0,20385610000000.0,24786759000000.0,7598046000000.0,8072807000000.0,5586956000000.0,6708199000000.0,-116033000000.0,-93673000000.0,890771000000.0,-470798000000.0
034230,파라다이스,CFS,777411580543.0,863960043760.0,555457427564.0,668181620209.0,1763092134220.0,1858565750759.0,2136287567980.0,2075202630542.0,284461115698.0,273264222236.0,42851813099.0,32009063189.0,32352075906.0,17568153282.0
034310,NICE,CFS,2011643968507.0,1867798528710.0,1942186027759.0,1855737451213.0,2238641317543.0,2129112538772.0,1382628285272.0,1392768409037.0,,,68531622054.0,60094020978.0,27435844033.0,34253844403.0
034590,인천도시가스,CFS,269573465462.0,248731680082.0,156330575988.0,140290465522.0,245081614992.0,230712986576.0,229088974049.0,223967087876.0,222232384832.0,174285722837.0,5740483613.0,1062189305.0,6143518186.0,1860984817.0
034730,SK,CFS,61560541000000.0,67431274000000.0,64862210000000.0,71532821000000.0,128422973000000.0,134690218000000.0,77962553000000.0,80287536000000.0,30141963000000.0,30998805000000.0,199554000000.0,725907000000.0,976811000000.0,454132000000.0
03473K,SK우,,,,,,,,,,,,,,,
034830,한국토지신탁,CFS,,,,,817204509806.0,873901304679.0,959399834862.0,958230240130.0,39944959710.0,44481123626.0,,,890046989.0,-20273793129.0
035000,HS애드,CFS,400460417120.0,496064356498.0,260715627224.0,339118877025.0,273288225611.0,350150957414.0,183332347444.0,202921956513.0,98998065756.0,124781927477.0,461292507.0,6152193693.0,-612361784.0,6806350767.0
035150,백산,CFS,237147722826.0,252845839402.0,145488043037.0,162482987783.0,187185759245.0,207518597628.0,255702785690.0,250366355972.0,122109962054.0,115572331000.0,14279878052.0,18071940657.0,6638025015.0,12429334310.0
035250,강원랜드,CFS,844752033064.0,1213770948090.0,662567834518.0,749911256800.0,729401402944.0,816978340813.0,3781481647280.0,3883662813757.0,360822450458.0,337951449451.0,58514423002.0,73930494058.0,62811314384.0,160984663294.0
035420,NAVER,CFS,9933739423065.0,9374912034828.0,7643738252006.0,6092160669672.0,11415295638497.0,11166964187683.0,27935765164612.0,27000911848337.0,2915085056213.0,2610485920192.0,521553747074.0,472685144828.0,497358303760.0,332056526993.0
035510,신세계 I&C,CFS,165827046153.0,197957819047.0,74292509558.0,87483688953.0,109984406141.0,94332706112.0,424214422143.0,408601289160.0,181435274234.0,144793674279.0,13453529510.0,10507245615.0,11746549955.0,9481385461.0
035720,카카오,CFS,11267555824236.0,10721670330953.0,8189436812779.0,8545228313494.0,11973025091591.0,11830134144725.0,14589550363202.0,13942894159737.0,2028312877031.0,2004898184520.0,185925958096.0,133964231639.0,171815194437.0,87149200101.0
036420,콘텐트리중앙,CFS,331631347981.0,586557018683.0,1412534919167.0,1425658125002.0,2016270507165.0,2189728550386.0,464324733965.0,568935923135.0,315521295126.0,226784796506.0,1663585634.0,-6519355891.0,-47410954533.0,-25541588726.0
036460,한국가스공사,CFS,10909308000000.0,16968511000000.0,14419294000000.0,21266507000000.0,39895801000000.0,46843281000000.0,10992826000000.0,10826356000000.0,7630102000000.0,7533827000000.0,404628000000.0,465719000000.0,85109000000.0,253309000000.0
036530,SNT홀딩스,CFS,1849080514620.0,1758018743626.0,565324314826.0,553758036447.0,769780060927.0,699374498185.0,2192292416107.0,2133189519610.0,561174632318.0,439478875210.0,84316155060.0,87487362005.0,55026181441.0,81982802884.0
036570,NC,CFS,1786298886823.0,1788536858276.0,393684205587.0,322187630188.0,871058571621.0,890352556840.0,3079849668140.0,3063588634574.0,382393317848.0,368868769967.0,15078651780.0,8843526162.0,-35952980718.0,71106633849.0
036580,팜스코,CFS,746908965898.0,749837273559.0,884227372971.0,932755452740.0,908552556330.0,986775011486.0,213677634875.0,162609198302.0,382791148658.0,392700613786.0,16967760495.0,13786922573.0,43342859738.0,-13103187147.0
037270,YG PLUS,CFS,132073826256.0,124029203202.0,51111172578.0,56072334740.0,64111870799.0,68555347342.0,180358368233.0,169246537581.0,48323423630.0,48092592302.0,4190869645.0,370847665.0,4539141860.0,2179679307.0
037560,LG헬로비전,CFS,494584277048.0,459450179633.0,424040080923.0,374034995913.0,818944372742.0,799432319472.0,454268311009.0,444085285409.0,354114627527.0,283611493628.0,10492980669.0,7404701469.0,7206887836.0,5132235352.0
037710,광주신세계,CFS,71378770188.0,83931914044.0,235090654575.0,140678266267.0,376153396828.0,390963927368.0,841152579361.0,837120198750.0,44527221519.0,43243485629.0,11776448166.0,12119670571.0,9507136678.0,12015013471.0
039130,하나투어,CFS,432082524538.0,480374608896.0,347562116512.0,383113105005.0,451777544707.0,488252515727.0,167517670224.0,180536987571.0,119937210957.0,131667885778.0,9650066328.0,3665614076.0,11146623336.0,12637659696.0
039490,키움증권,CFS,,,,,60995373514807.0,50056548792460.0,6032403797669.0,5631874937999.0,4505662862144.0,2280527726002.0,,,310133146638.0,232143676263.0
039570,HDC랩스,CFS,275235345199.0,293294214752.0,155397105574.0,163834649872.0,166507222158.0,170656124460.0,260130901179.0,267505128726.0,169401960299.0,154566518154.0,3677548224.0,2026578168.0,4188093264.0,2827338612.0
041650,상신브레이크,CFS,350871212412.0,382825424019.0,310567030564.0,336875293320.0,332283658494.0,358440742250.0,209843355768.0,232637650656.0,142864117047.0,147459313204.0,-4053932107.0,7029042899.0,-13808166305.0,5236946636.0
042660,한화오션,CFS,11517406931519.0,11246034307660.0,10456875070157.0,10346614469478.0,13077936434673.0,12980459270570.0,5225776432828.0,4863349890725.0,3294113466275.0,2536090807951.0,371703649349.0,-9658691187.0,148476121325.0,-27382906193.0
042700,한미반도체,CFS,433974617542.0,407791209288.0,152658813517.0,160040613379.0,157286520715.0,169984503289.0,588879200460.0,540887863389.0,180047311088.0,123477831465.0,86308097687.0,55438446471.0,64687278708.0,-11811401699.0
044380,주연테크,CFS,31381712484.0,33628393704.0,2688643598.0,3188393774.0,5093849900.0,5627782344.0,35961411467.0,36914277068.0,14181696025.0,10381282388.0,-602496320.0,-922347634.0,-572226409.0,-752664742.0
044450,KSS해운,CFS,155056969595.0,172380624699.0,604396875188.0,357313279623.0,1245656131478.0,1362506415456.0,484285860706.0,529497387975.0,133616003114.0,136843425122.0,22109629094.0,29386450129.0,-5911581491.0,18532179488.0
044820,코스맥스비티아이,CFS,286730885895.0,265258875033.0,607948084858.0,586470739103.0,697222765930.0,672673012576.0,268493410845.0,281230193236.0,163725947929.0,158969116513.0,9904626333.0,6860787334.0,7293099164.0,6789635925.0
047040,대우건설,CFS,9589792478728.0,9588714887380.0,4301101649671.0,4543987487164.0,8376009508129.0,8324364439243.0,4191833348839.0,4334091827571.0,2273320646524.0,2821467566663.0,82191159199.0,104766484568.0,-42910596477.0,96528191081.0
047050,포스코인터내셔널,CFS,7613495620000.0,8268175054000.0,6197700962000.0,6659697291000.0,9685576998000.0,9986863050000.0,7270359284000.0,7349462921000.0,8144101621000.0,8282262877000.0,313699256000.0,349695174000.0,90499820000.0,189595251000.0
047400,유니온머티리얼,CFS,76382958950.0,78834875574.0,97234263848.0,96775605513.0,119621627990.0,122844808859.0,15421466645.0,15425888242.0,26527822072.0,29474910457.0,718216174.0,493766696.0,-2098432374.0,168073833.0
047810,한국항공우주,CFS,6749151052815.0,5439008063568.0,6033827111612.0,4914742846130.0,7629332937245.0,6298361527272.0,1764551857106.0,1727176882121.0,828336336027.0,891809660832.0,85215939637.0,74295976832.0,57082376093.0,55434107932.0
049800,우진플라임,CFS,142176561879.0,143957405078.0,163947777224.0,167396582219.0,218718478683.0,222479751452.0,104211705404.0,106911445736.0,63883193365.0,56061790708.0,3480627346.0,475652439.0,1011993063.0,213779488.0
051600,한전KPS,CFS,983327396630.0,1051206546951.0,289892596097.0,347424669408.0,348153412371.0,361741271133.0,1262635001111.0,1328473540425.0,453978398935.0,428591733915.0,65619523206.0,74395341216.0,50875830408.0,59546378485.0
051630,진양화학,CFS,23461234759.0,39627599563.0,23958227309.0,4988858022.0,42302484439.0,43289520271.0,37790366059.0,38779355828.0,5419284738.0,6197621902.0,-104469731.0,-663702647.0,182271845.0,-759172749.0
051900,LG생활건강,CFS,2818622560302.0,2856048500735.0,1123958457693.0,1295900316472.0,1513118664669.0,1719864001122.0,5756874626838.0,5685920091079.0,1604872243862.0,1759670347652.0,54814037403.0,158537063877.0,38563291892.0,107204250563.0
051905,LG생활건강우,,,,,,,,,,,,,,,
051910,LG화학,CFS,27024817000000.0,27815627000000.0,21631159000000.0,21085717000000.0,49364724000000.0,45862299000000.0,44587280000000.0,47995463000000.0,11417711000000.0,12241915000000.0,476783000000.0,392474000000.0,-111885000000.0,59793000000.0
051915,LG화학우,,,,,,,,,,,,,,,
052690,한전기술,CFS,521512910136.0,575753925755.0,253875413982.0,361039308185.0,262203985242.0,369373230109.0,601605285520.0,577473652879.0,102267262792.0,127244356813.0,-4427718119.0,13177763177.0,326182118.0,16754062649.0
053210,스카이라이프,CFS,413967666043.0,434893066211.0,198737935693.0,243473401173.0,411468270865.0,463595564711.0,569681197495.0,576645175949.0,247210302682.0,254625229783.0,12958425414.0,-158748526.0,10935578764.0,-1905312077.0
053690,한미글로벌,CFS,213646516532.0,262561392432.0,111457988078.0,211298830283.0,200093222111.0,243265452886.0,227957065207.0,227618501981.0,108454587904.0,102595928491.0,7393074035.0,8129495450.0,6700878911.0,3379261764.0
055490,테이팩스,CFS,44217197284.0,44092146173.0,26635731688.0,28008481856.0,37254041120.0,35342683206.0,151531103595.0,154616300756.0,35826581408.0,37592557860.0,549971666.0,1152453493.0,-733873368.0,127946239.0
055550,신한지주,CFS,,,,,692495598000000.0,680943223000000.0,60195864000000.0,58821033000000.0,,,,,1577234000000.0,1450986000000.0
057050,현대홈쇼핑,CFS,2259056618000.0,2478404971000.0,857156630000.0,925250718000.0,1255851122000.0,1339607887000.0,3699704516000.0,3835459441000.0,923785176000.0,951000473000.0,30184198000.0,33490548000.0,28724060000.0,28113214000.0
058430,포스코스틸리온,CFS,359351708119.0,399725771488.0,134896540382.0,167848216879.0,138374967650.0,171503934925.0,385411710120.0,385299788248.0,284118751865.0,328351413318.0,5510138453.0,15485289468.0,3984014039.0,11199523895.0
058650,세아홀딩스,CFS,2979420408460.0,2879291867155.0,2086687446382.0,2113005041486.0,3215044838344.0,2955434363327.0,3025693626109.0,3150105651595.0,1696326813189.0,1594806174351.0,44594630012.0,83194297741.0,28223405069.0,55362318780.0
058730,다스코,CFS,178928913128.0,197698916821.0,144458469813.0,141763282350.0,174789759166.0,176157214827.0,141851144604.0,148579043638.0,70050080348.0,84595714701.0,744175717.0,3602938224.0,-2208350232.0,3102445443.0
058850,KTcs,CFS,310210609704.0,296120269781.0,197650555170.0,189899537072.0,246095709132.0,232128612836.0,212609889056.0,202937510449.0,248012946186.0,318132193950.0,12818813571.0,-9702622731.0,10029353396.0,-7164348651.0
058860,KTis,CFS,147225312392.0,129014669810.0,110029522117.0,122879370792.0,266170513041.0,261826403729.0,216128108663.0,208105745130.0,140722303391.0,135174371873.0,6588508260.0,6658208098.0,5481091470.0,3164472454.0
060980,HL홀딩스,CFS,478556368318.0,519050174611.0,844833664119.0,793893999174.0,1264769911910.0,1306183795018.0,1022663971497.0,1064580084389.0,334920112307.0,332948217071.0,16337596586.0,16999485053.0,257743684.0,4576387906.0
062040,산일전기,CFS,348507033517.0,305188896644.0,57368555175.0,52564399265.0,64150040148.0,58432311269.0,497719389175.0,434241887238.0,128255019954.0,75232311893.0,46190173936.0,24500704169.0,37865600433.0,17320254928.0
063160,종근당바이오,CFS,128477128445.0,115212165653.0,101860820224.0,90680812447.0,161506320203.0,153482842653.0,130859448404.0,131009150230.0,41211114520.0,50914023506.0,2876542069.0,4981167782.0,-479990015.0,4404101240.0
064350,현대로템,CFS,4190051758000.0,3686316730000.0,3186671467000.0,3019853718000.0,3556015723000.0,3276309551000.0,2662261996000.0,2009085189000.0,1417634367000.0,1094527012000.0,257586859000.0,112762515000.0,189545376000.0,100833906000.0
064400,LG씨엔에스,CFS,3394122933000.0,3435316290000.0,1432201195000.0,1852324271000.0,1830354889000.0,2381697364000.0,2713773584000.0,2122810399000.0,1460159054000.0,1449646907000.0,140789544000.0,137688331000.0,99038926000.0,102089396000.0
064960,SNT모티브,CFS,868024815188.0,846409225737.0,231241023722.0,216497131447.0,271647838854.0,257030368028.0,1004621268793.0,984795341182.0,257539576696.0,240285770949.0,26645675111.0,25092005279.0,14166486630.0,27242780893.0
066570,LG전자,CFS,31136961000000.0,33923517000000.0,23976827000000.0,27307439000000.0,36491823000000.0,40417925000000.0,25869961000000.0,25211664000000.0,20735142000000.0,21694472000000.0,639404000000.0,1197287000000.0,609643000000.0,629470000000.0
066575,LG전자우,,,,,,,,,,,,,,,
066970,엘앤에프,CFS,1046894047838.0,1089837750806.0,1858736647978.0,1552202559623.0,2308075665843.0,2076483586372.0,500082679200.0,723347931361.0,520075586214.0,554830104466.0,-121188291178.0,-84193884472.0,-112581775806.0,-74417061851.0
067830,세이브존I&C,CFS,138622892534.0,133600046759.0,46302830338.0,49041772537.0,90812076852.0,92415578513.0,489724832083.0,483958509861.0,29401218715.0,30059440483.0,2674468600.0,4107753422.0,3620776707.0,4614267277.0
068270,셀트리온,CFS,5247921050569.0,5584129149603.0,3664445135801.0,3187120605915.0,3891548491706.0,3475160069015.0,16658208367616.0,17580062368691.0,961457364491.0,874741298986.0,242466845608.0,72487799838.0,63299715413.0,78452159407.0
068290,삼성출판사,CFS,32436201413.0,29523739385.0,5297788220.0,4241713741.0,33235171917.0,32179528826.0,176844310283.0,176385645244.0,9250027902.0,9669850269.0,-495527347.0,-431190489.0,613173544.0,1031189850.0
069260,TKG휴켐스,CFS,421312818509.0,461335593081.0,195456540624.0,235768978897.0,239425164370.0,293338426488.0,871262794984.0,874888474177.0,290203713723.0,280722658947.0,21990312590.0,21485469220.0,18061951523.0,21411089407.0
069460,대호에이엘,CFS,116746361959.0,84921704990.0,70133255097.0,47475026492.0,79039943644.0,55481697890.0,113718342271.0,94682511143.0,50135540427.0,45581768874.0,3998161577.0,1486448227.0,3516784009.0,130855940.0
069620,대웅제약,CFS,707468193810.0,612792473976.0,636074566828.0,629415583933.0,1153735417770.0,1049992505369.0,953844013130.0,926984605142.0,405449021657.0,360544556084.0,57855685915.0,42313143847.0,40118319893.0,-1321523202.0
069640,한세엠케이,CFS,133920744128.0,139835780082.0,191406612251.0,193106794332.0,237817006286.0,222522933049.0,24981522589.0,46006391754.0,60847647859.0,65055106262.0,-7219089992.0,-4365331248.0,-12347737392.0,-5771002558.0
069730,DSR제강,CFS,124763316522.0,135676293683.0,55783405365.0,56430251970.0,57775801189.0,59420779472.0,175203337877.0,165264567456.0,61611359820.0,54734708637.0,7724130765.0,6370581542.0,6064300581.0,-41362296608.0
069960,현대백화점,CFS,3041261117000.0,3046190875000.0,3664557146000.0,3287978218000.0,4965635243000.0,4983278191000.0,6290463758000.0,6234443483000.0,1080285956000.0,1023813115000.0,86873102000.0,42838068000.0,54472367000.0,-145436232000.0
070960,모나용평,CFS,230325465071.0,185389241480.0,315236040753.0,315034776939.0,652977453996.0,624549090172.0,401818904893.0,393167351992.0,89292048835.0,61288206109.0,5923850831.0,473408662.0,1627270978.0,-2582242833.0
071050,한국금융지주,CFS,,,,,105523465000000.0,99485650000000.0,10374198000000.0,9734549000000.0,7033792000000.0,5208501000000.0,,,540313000000.0,281136000000.0
071055,한국금융지주우,,,,,,,,,,,,,,,
071090,하이스틸,CFS,118182926087.0,105912610167.0,112718730540.0,101706199298.0,130707345318.0,119467669590.0,147210684397.0,148020028503.0,58870200121.0,56030364340.0,1783485083.0,-1167541433.0,-546470197.0,-3419980242.0
071320,지역난방공사,CFS,764968522414.0,1046898156591.0,1882173218237.0,1688436011189.0,5732974471629.0,6093988617579.0,2423753994183.0,2268249159307.0,623079458188.0,532347390574.0,-9557147575.0,-23353438855.0,-21568910178.0,-31596687357.0
071840,롯데하이마트,CFS,606048934136.0,553721430375.0,677912847949.0,543151442679.0,986982368065.0,960994908355.0,924326006203.0,927594551701.0,594202678520.0,589327207444.0,10491113346.0,2781123092.0,11117246436.0,1449004253.0
071950,코아스,CFS,32834732755.0,43529332573.0,80979607256.0,75081963696.0,84220467578.0,80084340642.0,-6612545220.0,2426341781.0,10866835041.0,15257767384.0,-2203412573.0,-914404416.0,-8140835205.0,-1316270687.0
071970,HD현대마린엔진,CFS,369410100074.0,293886545654.0,215179844977.0,180908739583.0,217851613731.0,185588379579.0,357158474461.0,309374582999.0,99233105518.0,85092789926.0,17462405744.0,9004374942.0,16558892529.0,9383196993.0
072130,유엔젤,CFS,30774118225.0,36436463822.0,8522519562.0,8754777976.0,11214934533.0,11193119981.0,60367731519.0,60112993653.0,14202567495.0,10805805263.0,834599297.0,-611382729.0,-22230709.0,1117974579.0
072710,농심홀딩스,CFS,405380150711.0,360726988109.0,363485443539.0,327143942876.0,438007692607.0,393969146885.0,1220322944155.0,1217526082411.0,174379718806.0,199537431276.0,18471790972.0,28697172969.0,15545143425.0,24280951358.0
073240,금호타이어,CFS,2443337564369.0,2335000622135.0,2339159002447.0,2258019237755.0,3304216476378.0,3458014762916.0,1877260446461.0,1904822013747.0,1221253035004.0,1131937454817.0,175174609519.0,151508579635.0,5543145446.0,80809694534.0
074610,이엔플러스,CFS,40908260722.0,23544537791.0,36951641641.0,86406847069.0,39607355930.0,92824682953.0,19944602639.0,7462560386.0,5317982620.0,5277350103.0,-1083570330.0,-3706282910.0,-5001708349.0,-14220972185.0
075180,새론오토모티브,CFS,160170966531.0,164160519937.0,23348478937.0,25937044897.0,27361626615.0,30141029215.0,233121437889.0,244866840012.0,36393132442.0,38314621875.0,-295620250.0,874047671.0,-6551896760.0,3785617408.0
075580,세진중공업,CFS,166651688003.0,179641925874.0,303540870543.0,307570481168.0,370535377453.0,371486102583.0,256598574869.0,249391451944.0,98171231773.0,80837887690.0,8764460228.0,7951481826.0,4830152436.0,1735429035.0
077500,유니퀘스트,CFS,414022763672.0,437449553383.0,229505201586.0,248930723337.0,231481809660.0,250947742906.0,229427875982.0,231403672151.0,164904644037.0,171097154800.0,7364169964.0,9123680316.0,4966672034.0,6063385914.0
077970,STX엔진,CFS,635843100501.0,555213660302.0,670122455037.0,628413767045.0,739754325346.0,692240663831.0,315047894495.0,276569773273.0,213655135457.0,197361010739.0,33347615287.0,21765852556.0,29714152571.0,15867098052.0
078000,텔코웨어,CFS,53109225380.0,71086040837.0,7211518555.0,12998899608.0,9134918813.0,14609886894.0,104343051022.0,109396406008.0,6116345272.0,8921509212.0,-1390395002.0,-539608634.0,-376583776.0,156812518.0
078520,에이블씨엔씨,CFS,97612674872.0,95757748200.0,44778594509.0,50771135596.0,60090371354.0,67809347370.0,93693904114.0,91276503428.0,67693239943.0,65685608347.0,7187853866.0,5150210381.0,3943790634.0,3614825175.0
078930,GS,CFS,5507189000000.0,5706980000000.0,5897050000000.0,6060442000000.0,16503427000000.0,16593042000000.0,18369091000000.0,18470356000000.0,5937959000000.0,6196974000000.0,484647000000.0,800188000000.0,88453000000.0,275410000000.0
078935,GS우,,,,,,,,,,,,,,,
079160,CJ CGV,CFS,826376775050.0,778878190773.0,1853570534815.0,1703186270539.0,3326512358248.0,3420269607130.0,534456510293.0,576744707602.0,491616609098.0,429940035091.0,1716783656.0,22344869877.0,-38212416618.0,-6706164809.0
079430,현대리바트,CFS,461003206784.0,478301937347.0,372215972436.0,386392172449.0,409738765361.0,446642673267.0,415543552476.0,411743742429.0,409870545262.0,496957045200.0,5079834116.0,8170065201.0,618086997.0,5749233820.0
079550,LIG디펜스앤에어로스페이스,CFS,4597032941772.0,3894568274428.0,5220356298321.0,4616518043951.0,5519341991466.0,4928006670794.0,1393137636001.0,1263877194310.0,945351323737.0,604683922126.0,77579428413.0,49139801560.0,100596296019.0,45662154387.0
079900,전진건설로봇,CFS,143516393459.0,160248199462.0,60054899280.0,62139938871.0,61479961528.0,64838435404.0,149615452090.0,154397892502.0,51467220935.0,48384165866.0,9449238673.0,9557351827.0,6056440282.0,9163920066.0
079980,휴비스,CFS,285062698935.0,298074271753.0,469033154261.0,414867161830.0,494910602597.0,530394278052.0,244072057824.0,234983676851.0,224518202838.0,240465181531.0,2458143432.0,-4765251736.0,8983686715.0,-18538808789.0
081000,일진다이아,CFS,450570969253.0,456134584431.0,45469128084.0,43571182000.0,64345533488.0,66147688980.0,540824858256.0,541199375533.0,37994173898.0,41294038394.0,-1948778907.0,842641225.0,2580156703.0,3628267416.0
081660,미스토홀딩스,CFS,2357866916394.0,2462449282236.0,1095975301946.0,1233701673828.0,2752032028974.0,2800091219487.0,2578315590045.0,2736298905138.0,1227713625124.0,1175289066339.0,181885342574.0,140146971593.0,139202283953.0,100433626274.0
082640,동양생명,CFS,,,,,33964681733068.0,32580517250674.0,1649568551252.0,1966694605576.0,,,,,36218191495.0,83504780950.0
082740,한화엔진,CFS,853459437959.0,785001242520.0,528929204899.0,586563184908.0,999698910626.0,1019806164340.0,430052988856.0,393295789886.0,387700400107.0,286485259327.0,33775391862.0,18622976943.0,21556459726.0,14307739967.0
083420,그린케미칼,CFS,86110571326.0,85906423035.0,76739619839.0,79432424938.0,80468612561.0,82463882715.0,120658174734.0,122326778802.0,71776668637.0,85423841949.0,1095688620.0,3971128309.0,784152740.0,2957824300.0
084010,대한제강,CFS,639406367736.0,656234146561.0,244538108253.0,211101455384.0,302897242933.0,253778803967.0,898564737912.0,896018275070.0,348879346394.0,337116190004.0,7919721174.0,18897726723.0,10387581611.0,16795650996.0
084670,동양고속,CFS,14449093990.0,15631667073.0,79701129288.0,81996765167.0,101991014731.0,106593157791.0,51716468627.0,51141561846.0,30898546208.0,30217979521.0,1113260608.0,-1231152031.0,1437818064.0,-1518243786.0
084680,이월드,CFS,28230173590.0,30065512682.0,76551922470.0,75715633966.0,192082976589.0,192613813274.0,228601907098.0,234290040039.0,24173519106.0,31722785611.0,385243320.0,817641134.0,-489932469.0,-1001898155.0
084690,대상홀딩스,CFS,2164570698173.0,2191924268418.0,1441892694871.0,1484241865395.0,2725079314273.0,2747590382281.0,1647705869618.0,1670963848337.0,1381158830297.0,1305451021836.0,49861846020.0,45599489577.0,22700199706.0,17141223264.0
084695,대상홀딩스우,,,,,,,,,,,,,,,
084870,TBH글로벌,CFS,71761072267.0,72433490402.0,33874417686.0,35980224537.0,39808503863.0,43578439704.0,62227487028.0,62185844392.0,47848544193.0,49888725281.0,3754498945.0,3026325256.0,3924970267.0,2080412407.0
085310,엔케이,CFS,135473652788.0,166228284209.0,27685474545.0,37203714805.0,34554905728.0,44087116095.0,171229133981.0,183056578852.0,28559281454.0,25567911013.0,340238473.0,-2030702064.0,-1677035358.0,-4127308232.0
085620,미래에셋생명,CFS,,,,,29786393658446.0,29929969052256.0,2476310640454.0,2563654662740.0,,,,,50692164966.0,16751426668.0
086280,현대글로비스,CFS,9822751850123.0,9861432178173.0,5047121423428.0,5310609012498.0,7853343739907.0,8039781176784.0,9381524087163.0,8809364261941.0,7515967179642.0,7064318730070.0,538878486559.0,439290464321.0,503392238547.0,313040229203.0
086790,하나금융지주,CFS,,,,,597994571000000.0,594270586000000.0,44048458000000.0,43576927000000.0,,,,,1184800000000.0,1045551000000.0
088350,한화생명,CFS,,,,,153386699000000.0,145868430000000.0,15549348000000.0,14278001000000.0,,,,,165765000000.0,299005000000.0
088790,진도,CFS,61105800065.0,54293690193.0,14528545280.0,21482871416.0,20418545280.0,26852871416.0,107905763753.0,107941079613.0,3455082780.0,3779722894.0,-990910447.0,-1533139142.0,-600457146.0,-1346722241.0
089470,HDC현대EP,CFS,418918355980.0,417375227221.0,246268314693.0,243274261394.0,290922590634.0,298279353699.0,335509370097.0,332710058749.0,258580210926.0,257408193015.0,13446634018.0,7503318697.0,6572825911.0,3785303753.0
089590,제주항공,CFS,461038908458.0,473142682037.0,1164054895432.0,1122042039965.0,1830765541923.0,1674433062788.0,280544785670.0,324073130473.0,332393347660.0,449047319508.0,-41874267641.0,-5303329402.0,-9858599415.0,-17904523474.0
089860,롯데렌탈,CFS,802194142655.0,924286327449.0,3004227124545.0,3088285062979.0,5663803975595.0,5538031329236.0,1477195506289.0,1468585451804.0,748755427747.0,696187638569.0,77211597817.0,75784817007.0,30064678180.0,32719705596.0
090080,평화산업,CFS,156496392270.0,143781759987.0,168153131711.0,150862497490.0,196327383287.0,186505889950.0,49953880307.0,46074402187.0,165490968199.0,153089785325.0,2942480729.0,5162608573.0,2595531828.0,1563779733.0
090350,노루페인트,CFS,332236369281.0,310163396329.0,234242255105.0,210928107924.0,284407821041.0,260834969198.0,405191099958.0,406837318795.0,224428116881.0,229762422028.0,14087089048.0,18743565487.0,5715344479.0,14854074486.0
090355,노루페인트우,,,,,,,,,,,,,,,
090370,메타랩스,CFS,34769777385.0,9490356663.0,43954860509.0,35550473537.0,114196160757.0,53789377586.0,145529773470.0,79454060439.0,11786923227.0,10798103788.0,-5121723491.0,-556931011.0,-6833344578.0,-751326655.0
090430,아모레퍼시픽,CFS,1813735075175.0,1734808826757.0,1043118882778.0,1095705144331.0,1392076184662.0,1457499911662.0,5372438014537.0,5326007889106.0,1005023630792.0,904751327724.0,73662493730.0,4153760695.0,37630569127.0,530597868353.0
090435,아모레퍼시픽우,,,,,,,,,,,,,,,
090460,비에이치,CFS,659798001577.0,752149257044.0,437717413526.0,471938509300.0,531179044920.0,578970235782.0,677699615606.0,740898515355.0,389731259793.0,468477449639.0,16034672646.0,31338702976.0,3801641970.0,27621244631.0
091810,트리니티항공,CFS,323092218190.0,440712804681.0,645441258958.0,584871942242.0,1568683132242.0,1480167986422.0,-42258092677.0,82281964755.0,377868316603.0,325860086247.0,-78327631859.0,-21524823917.0,-78056080490.0,-24761128753.0
092200,디아이씨,CFS,311616589001.0,276230172856.0,407539917231.0,416120106072.0,563051320506.0,540435145539.0,173046516471.0,174611421946.0,206591248334.0,193253268380.0,8266475746.0,7747496094.0,-494261368.0,3195953141.0
092220,KEC,CFS,201704917983.0,217992430413.0,78601385867.0,73252008017.0,110063786693.0,101356508426.0,339372204347.0,349133047090.0,59781486115.0,67655261140.0,-5128036860.0,405682988.0,-3715165585.0,1284375171.0
092230,KPX홀딩스,CFS,910648988792.0,988080702820.0,370508717627.0,373733225985.0,491017366712.0,467827693533.0,1547778400669.0,1550326592151.0,293826413878.0,316105331070.0,12714223769.0,16290162363.0,41188253578.0,45692245385.0
092440,기신정기,CFS,128433680873.0,124532754464.0,12366958418.0,13680948497.0,12860284498.0,14413875933.0,244184588825.0,249969268041.0,29804035947.0,31683142044.0,-712692249.0,-531969131.0,-270721354.0,552416950.0
092780,DYP,CFS,214209437694.0,210849973982.0,184785753967.0,186483843288.0,287702941461.0,273246474921.0,130205146712.0,140708797281.0,110296284608.0,116554284679.0,1901315837.0,5308399690.0,-3402790601.0,3300798306.0
092790,넥스틸,CFS,288003364695.0,330408979180.0,138836682349.0,161461005443.0,211138134241.0,226851563384.0,486201256487.0,464931760501.0,178033482763.0,143263485312.0,14592301181.0,42922841751.0,9753126184.0,26090693482.0
093050,LF,CFS,1197726210624.0,1245918824337.0,739479853001.0,495101004897.0,1295638840908.0,1142187985288.0,1799203325180.0,1772778738357.0,455745798629.0,469151469354.0,44256869160.0,21659057724.0,31038999952.0,19026519309.0
093240,형지엘리트,CFS,139052123720.0,139238913295.0,80523021458.0,82311941231.0,92207739631.0,95969965637.0,94358924650.0,89312927042.0,43485554573.0,40557026800.0,-178055963.0,148396940.0,97851456.0,-697116503.0
093370,후성,CFS,297008101981.0,292759671564.0,328438391653.0,335420634734.0,484584861954.0,493529728930.0,345706201328.0,332747551614.0,124206380449.0,111927952635.0,14768093614.0,4243234280.0,-18059472896.0,11025738835.0
094280,효성ITX,CFS,92762924480.0,91483073831.0,78454930435.0,77532976561.0,106100765834.0,95724948757.0,72290256220.0,70600164777.0,127065177636.0,120273065145.0,4396689472.0,4428581915.0,3538545767.0,3098732625.0
095570,AJ네트웍스,CFS,344769204000.0,304434525000.0,646516870000.0,631018876000.0,1293246029000.0,1274047255000.0,431474961000.0,443723179000.0,262299625000.0,252192021000.0,17275246000.0,20265989000.0,5061116000.0,3184262000.0
095720,웅진씽크빅,CFS,343955713669.0,363873561683.0,437583149956.0,343449464007.0,466101732663.0,376456726635.0,281186423010.0,302598667969.0,205913340191.0,220998169183.0,3558316454.0,6593829521.0,-77886432.0,1862800392.0
096760,JW홀딩스,CFS,433208889488.0,421634579798.0,516378950071.0,465138198802.0,701568286772.0,729213687628.0,525497576114.0,521394976830.0,228383480454.0,214732948789.0,41026589276.0,27884148226.0,10126579525.0,38771522928.0
096770,SK이노베이션,CFS,30557553080000.0,36318431920000.0,35148985674000.0,37725576071000.0,68175038394000.0,70881188555000.0,33642224657000.0,39648908994000.0,19306626093000.0,18799113475000.0,-417568625000.0,-45842439000.0,-1032175524000.0,-639709030000.0
096775,SK이노베이션우,,,,,,,,,,,,,,,
097230,HJ중공업,CFS,1150434000000.0,1073183000000.0,1577354000000.0,1555136000000.0,1941523000000.0,1861032000000.0,343644000000.0,343397000000.0,507777000000.0,484800000000.0,5339000000.0,-39544000000.0,-6615000000.0,-41374000000.0
097520,엠씨넥스,CFS,310023191754.0,313977354593.0,179899817088.0,197258255686.0,184947338164.0,201879404879.0,362741856946.0,372224146153.0,326423553542.0,225759412794.0,16170796092.0,7650453061.0,13050287771.0,18422813873.0
097950,CJ제일제당,CFS,8805137390000.0,8954370527000.0,10070512847000.0,10309712954000.0,17828370083000.0,17906800341000.0,11829822359000.0,12226875900000.0,7237175773000.0,7238674606000.0,353129964000.0,379565670000.0,209114950000.0,143926283000.0
097955,CJ제일제당 우,,,,,,,,,,,,,,,
100090,SK오션플랜트,CFS,461898694355.0,588057571898.0,457686309301.0,618812439102.0,576043014645.0,708435867254.0,740149515310.0,713505699944.0,240624810043.0,173356964333.0,15550811204.0,14981324850.0,8499642777.0,3008837528.0
100220,비상교육,CFS,128980059440.0,135005206625.0,176655226881.0,106951734548.0,182451019055.0,210528990787.0,191026039226.0,177698972217.0,43958930156.0,46638877581.0,-9511096717.0,-5085814148.0,-9152068269.0,-6249547506.0
100250,진양홀딩스,CFS,288579458307.0,293357152670.0,166132857272.0,153553462189.0,241583203830.0,225942986842.0,426444562020.0,441103962844.0,76410782606.0,71135839381.0,3085409367.0,3339369757.0,11135303576.0,10279955520.0
100840,SNT에너지,CFS,346739651159.0,343266726899.0,186534920453.0,185205581887.0,208874616713.0,210326405293.0,311677666387.0,306281786285.0,140680573296.0,67258298526.0,27364301022.0,5020443119.0,10968526048.0,8326829557.0
101140,인바이오젠,CFS,6713645040.0,9280375890.0,1646790167.0,2116675384.0,2275961698.0,2893552444.0,162560748701.0,159836576011.0,1849918422.0,1424136219.0,-1004326140.0,-1415141070.0,1123567128.0,-4343825129.0
101530,해태제과식품,CFS,141277958853.0,135254526028.0,249706946255.0,264820048526.0,414658623510.0,408271226941.0,297717170572.0,291561980203.0,163725441643.0,158388064230.0,10298071087.0,11964128657.0,5188852178.0,8672606747.0
102260,동성케미컬,CFS,529796680199.0,554145661176.0,393366326143.0,405813818730.0,461661091297.0,476110338367.0,606634736565.0,596783918115.0,312988312689.0,252361824376.0,26578498702.0,22607040429.0,15707508859.0,21555276101.0
102460,이연제약,CFS,80016444380.0,89443386339.0,130591530144.0,135536869755.0,238781753979.0,250052738249.0,236966876787.0,249941078898.0,37692046101.0,35681092068.0,-11090092098.0,143320444.0,-13145960017.0,659644979.0
103140,풍산,CFS,2647000053076.0,2561697235286.0,1314248378172.0,1358506297397.0,1954168454112.0,1897280647817.0,2204851728402.0,2199301948907.0,1293963022374.0,1233626661437.0,93593429513.0,161314167539.0,64199650879.0,111261372055.0
103590,일진전기,CFS,846875204000.0,702238015000.0,730967257000.0,606533501000.0,872128084000.0,748728568000.0,532726266000.0,500309704000.0,522820363000.0,433761183000.0,37606488000.0,24522862000.0,23235240000.0,10879337000.0
104700,한국철강,CFS,551085480642.0,588761842517.0,63944091146.0,56462883464.0,100126330056.0,88709937336.0,766673870015.0,810359379879.0,122300509014.0,165389431846.0,-2551067223.0,607657229.0,-2672524214.0,4248822046.0
105560,KB금융,CFS,,,,,719668715000000.0,698030351000000.0,60953949000000.0,59815181000000.0,,,,,1747580000000.0,1710904000000.0
105630,한세실업,CFS,842667982504.0,688476047198.0,609609059120.0,567944203757.0,783729747462.0,714861592217.0,704299184568.0,709665754071.0,475031717630.0,447979277579.0,12327881894.0,42547053427.0,21922859120.0,22309495569.0
105840,우진,CFS,110625535503.0,124433998948.0,21330514543.0,26708968137.0,38675950245.0,44187522635.0,224958925168.0,232322909582.0,34903842100.0,39452747336.0,3839581153.0,8278710776.0,2005685177.0,6548704595.0
107590,미원홀딩스,CFS,174079401760.0,148347026620.0,141019310483.0,112891482312.0,215360434464.0,196740505869.0,310103863779.0,297586436531.0,118084898895.0,120871135164.0,4410183327.0,7433102228.0,3084073783.0,4437792667.0
108320,LX세미콘,CFS,1094586242760.0,1124302602321.0,292973229959.0,351838480250.0,356634064237.0,420215422354.0,1093299020153.0,1079586526506.0,378615032141.0,484883424512.0,10229040970.0,56057845000.0,8319125780.0,44303868523.0
108670,LX하우시스,CFS,1016076000000.0,1082160000000.0,836697000000.0,974232000000.0,1386267000000.0,1484422000000.0,844064000000.0,869875000000.0,819479000000.0,941911000000.0,12798000000.0,37815000000.0,-81000000.0,31433000000.0
108675,LX하우시스우,,,,,,,,,,,,,,,
109070,주성코퍼레이션,CFS,32309607287.0,30330933237.0,8410606979.0,8079877301.0,10182249703.0,9765482630.0,28249495359.0,26846585480.0,20883725835.0,19114110154.0,770146039.0,1146556282.0,126256679.0,874757187.0
111110,호전실업,CFS,288252218982.0,231530604360.0,261486888118.0,195600189609.0,282880604579.0,218550594743.0,162870142120.0,177481265441.0,114839491942.0,99230194648.0,241349340.0,4458298784.0,-7542412697.0,2807182767.0
111380,동인기연,CFS,144837124554.0,157504617295.0,90593101746.0,106455471033.0,147253987817.0,143110185044.0,141537986670.0,149297790333.0,62109746346.0,56158109290.0,4842131966.0,6155932172.0,-905761531.0,5507407442.0
111770,영원무역,CFS,3479070553699.0,3429710995583.0,886910160630.0,727832706578.0,1648144867213.0,1494069817610.0,3786408594350.0,3895653089851.0,1038208547635.0,892687058546.0,145719620317.0,166451779097.0,100117531160.0,164291565528.0
112610,씨에스윈드,CFS,1581383193982.0,1828066183450.0,1300717012465.0,1480639888675.0,2082184074791.0,2409218018892.0,1236736895373.0,1200264992078.0,650003261036.0,857831078807.0,59265110656.0,123955337613.0,38918944884.0,103380404121.0
114090,GKL,CFS,382539663456.0,365879399937.0,138853182880.0,165401331269.0,172522126312.0,202686629847.0,432998176731.0,413545764357.0,100941840898.0,98828946525.0,15960923114.0,13209046092.0,16958333805.0,11325854689.0
117580,대성에너지,CFS,130856073943.0,258300485931.0,139553178322.0,288192401075.0,320755337051.0,468522956948.0,344849795812.0,328882817126.0,170994576420.0,156640138296.0,1251784298.0,-6675938909.0,1859811624.0,-4454426321.0
118000,메타케어,CFS,24340754659.0,43178380236.0,9105542539.0,11948032761.0,62628997231.0,41021937363.0,121355994290.0,115674902388.0,5761673298.0,4867308574.0,815919790.0,166214576.0,2930457419.0,-1641206934.0
119650,KC코트렐,CFS,184376932257.0,221166307243.0,111233187380.0,160466523254.0,191659545445.0,208784501101.0,73999759814.0,85279262119.0,53042004799.0,67594280649.0,-449321726.0,-65571180122.0,-8696093646.0,-67610172997.0
120030,조선선재,CFS,137060110737.0,136644136013.0,8227809513.0,9930020790.0,9865889223.0,11180660826.0,158402105116.0,157112264514.0,14547737033.0,12532507603.0,2312846023.0,2358913159.0,-143455384.0,2865717265.0
120110,코오롱인더,CFS,2396622761740.0,2401813499302.0,2231202398987.0,2357087607958.0,3551558100503.0,3475049512534.0,3931476882647.0,3773001643532.0,1258513221825.0,1257647417939.0,45304529602.0,60987561729.0,29092863958.0,43919332818.0
120115,코오롱인더우,,,,,,,,,,,,,,,
122900,아이마켓코리아,CFS,864118791439.0,898710532851.0,767322524274.0,818354900186.0,855483192430.0,865266355370.0,424641186367.0,414701607307.0,735473513962.0,816333845725.0,6539820651.0,10242751498.0,16479569715.0,8667813366.0
123690,한국화장품,CFS,37990449760.0,38732348040.0,20558105215.0,23637095904.0,24047721303.0,27536043039.0,32757648767.0,30366415066.0,20543751211.0,23497801772.0,-176370197.0,-37142448.0,-124092944.0,47248306.0
123700,SJM,CFS,202723430448.0,211666279020.0,34789312658.0,45082749963.0,46934781390.0,57800801022.0,227413551668.0,227310076154.0,48684508167.0,52480998258.0,4771916093.0,4307881285.0,2238424072.0,6029403439.0
123890,한국자산신탁,CFS,,,,,790930925010.0,680125388347.0,1057261939281.0,1045754337172.0,52251157758.0,54069713022.0,,,9616224591.0,9197709373.0
126560,현대퓨처넷,CFS,407753279000.0,487401822000.0,36909995000.0,71226932000.0,47909395000.0,79346617000.0,824509778000.0,834474237000.0,63026827000.0,45709796000.0,4371213000.0,3886532000.0,8919763000.0,4524838000.0
126720,수산인더스트리,CFS,343051681754.0,348601693442.0,58586685974.0,59153281257.0,102908855771.0,105412955331.0,518739841996.0,518394835899.0,86152556149.0,99996820581.0,10259195257.0,20099829105.0,5356416082.0,17363148206.0
128820,대성산업,CFS,367124022777.0,351768631329.0,275894936109.0,278018328169.0,1077684735235.0,1066139472621.0,616182390170.0,620225867698.0,372310167423.0,345258970062.0,-510170518.0,704477505.0,-15486091328.0,-4068930298.0
128940,한미약품,CFS,736750843043.0,746306484262.0,596295940946.0,682758544357.0,683350744575.0,780088902015.0,1279721829078.0,1240751591638.0,361277145258.0,378132765603.0,60438495646.0,58109013554.0,43011564814.0,47058134677.0
129260,인터지스,CFS,216364892418.0,207051255831.0,152977407849.0,137748132738.0,191694908539.0,182061875724.0,297478963745.0,288919848986.0,182809761924.0,179637027543.0,7668532130.0,8621806809.0,5568679790.0,6794158811.0
130660,한전산업,CFS,117429611689.0,114397264945.0,54976177822.0,61292033691.0,99534905596.0,104361127264.0,119835981813.0,115619790519.0,109159827531.0,103764240750.0,13781728345.0,13290108762.0,10505141333.0,10897717516.0
133820,화인베스틸,CFS,47356743635.0,43473530539.0,111044198209.0,111705158589.0,117828981564.0,118779789967.0,31975288872.0,33593048106.0,47626538938.0,26005855618.0,1582745267.0,-935430784.0,5604691068.0,-3143787285.0
134380,미원화학,CFS,133856163236.0,105311586713.0,30130730539.0,15055587522.0,41927084352.0,24781683343.0,170064239708.0,162371006938.0,70158179725.0,64925142850.0,8265286665.0,8981843147.0,5965347061.0,8257666463.0
134790,시디즈,CFS,44785414993.0,47828561741.0,26203228413.0,26256023106.0,31869652633.0,33088263097.0,61750195217.0,65514993732.0,45634099689.0,49941624202.0,-3891650931.0,-885938608.0,-3316005569.0,325403749.0
136490,선진,CFS,667816831167.0,632157199274.0,689242639736.0,750905065568.0,760579739318.0,820884083784.0,537163173442.0,463345603021.0,463006680745.0,414701089897.0,44313690796.0,35416233879.0,49234269028.0,8116888522.0
137310,에스디바이오센서,CFS,1214129443314.0,938393272402.0,161399737388.0,176563757199.0,890500401042.0,956183635797.0,3030737167807.0,2932280852411.0,166500840996.0,167460522094.0,-20580255887.0,-14884107844.0,275135386560.0,-17987540673.0
138040,메리츠금융지주,CFS,,,,,112949768093018.0,104648211084850.0,11295577008660.0,10930036028008.0,9351455876300.0,11222749598651.0,,,737568059859.0,736173274948.0
138930,BNK금융지주,CFS,,,,,144475963650921.0,141322916379933.0,11058639808647.0,11147574546601.0,,,,,314483253515.0,248232566094.0
139130,iM금융지주,CFS,,,,,93859388649867.0,87942881715123.0,6300347330891.0,6205753395658.0,,,,,159280087477.0,30774021465.0
139480,이마트,CFS,10210798542431.0,10429147031287.0,11112583804569.0,10804132770697.0,20631815990440.0,20746562841227.0,13333547044911.0,13184076424361.0,7038971418605.0,7055986092073.0,21629773276.0,-34636421554.0,-31361984649.0,-111889481487.0
139990,아주스틸,CFS,399612158628.0,328910964551.0,636357604606.0,610993689022.0,858221567117.0,842867833691.0,150051089554.0,118518413413.0,270389582393.0,294963639289.0,-4817337656.0,358709000.0,-6593353606.0,-9469238553.0
143210,핸즈코퍼레이션,CFS,314129234552.0,329901419756.0,604981997091.0,647142868725.0,684848511502.0,715139179755.0,174620467692.0,169940573688.0,208533877801.0,195230631463.0,-8269162728.0,-18379874963.0,3082722426.0,-33621996755.0
145210,다이나믹디자인,CFS,37283715418.0,45571738200.0,32743958795.0,36365775045.0,56008162716.0,57234697701.0,42939980184.0,46931014819.0,17777179979.0,17984873586.0,123163991.0,11708095.0,-2694104744.0,5309363208.0
145720,덴티움,CFS,447963674714.0,476571452155.0,277263625431.0,293337718513.0,329931773974.0,340923315720.0,546291717735.0,553505557383.0,82252612759.0,111672209619.0,15541190907.0,27704816431.0,4733267408.0,20466572401.0
145990,삼양사,CFS,1189064911229.0,1160289267102.0,595880852748.0,677083758174.0,1359909734846.0,1372245218680.0,2081761786929.0,1947681281235.0,673784138127.0,706962856152.0,38515463299.0,53974687158.0,34919759526.0,42553837901.0
145995,삼양사우,,,,,,,,,,,,,,,
155660,DSR,CFS,165023137077.0,157101448500.0,110906069825.0,113969624319.0,124591167868.0,129191951566.0,234940745144.0,234202276765.0,76690585011.0,75451317534.0,2950636953.0,5142182082.0,-123349707.0,4675113475.0
161000,애경케미칼,CFS,559792075000.0,511991652000.0,587110686000.0,442783683000.0,721897693000.0,615478243000.0,711433027000.0,740953977000.0,376154138000.0,450191272000.0,-828015000.0,10764429000.0,-6978615000.0,3084604000.0
161390,한국타이어앤테크놀로지,CFS,10992058234838.0,7274793716706.0,7426011182196.0,3687123538870.0,12669076750091.0,4654891700069.0,12526856817481.0,11194852809819.0,5369659666942.0,2317897362730.0,353640275653.0,420037687992.0,178752428429.0,323136733225.0
161890,한국콜마,CFS,942838876829.0,858706005147.0,1252431613744.0,1215031627082.0,1710084690384.0,1620961053261.0,1555370806304.0,1505731966547.0,730849244128.0,660271275247.0,73477279890.0,71741069792.0,41803205089.0,45164951823.0
163560,동일고무벨트,CFS,186452941490.0,206252277076.0,86924614448.0,107879070073.0,103662091448.0,125203862408.0,228391080664.0,228872644738.0,89181030883.0,94564147531.0,5972699290.0,4082638406.0,127638069.0,2469776377.0
170900,동아에스티,CFS,530250352528.0,585872140631.0,324354229609.0,247017016150.0,664833442775.0,682926806770.0,667732768936.0,708807698387.0,193994436742.0,172382016579.0,-5825734993.0,-5984896781.0,-21791812652.0,-6603963645.0
175330,JB금융지주,CFS,,,,,64327671000000.0,60997109000000.0,5860373000000.0,5724805000000.0,,,,,213712000000.0,200733000000.0
178920,PI첨단소재,CFS,161574444127.0,160008765997.0,67847472966.0,77854042831.0,169884215042.0,191899816749.0,342893560687.0,335795127560.0,72468633994.0,73713022295.0,16169871636.0,17391182963.0,11711104100.0,13239325472.0
180640,한진칼,CFS,405669502000.0,539972243000.0,543663193000.0,672904948000.0,930619401000.0,893997036000.0,3403884106000.0,3313160945000.0,70664384000.0,70222678000.0,9891118000.0,14515436000.0,112722364000.0,137265999000.0
18064K,한진칼우,,,,,,,,,,,,,,,
181710,NHN,CFS,1273743375792.0,1418758452233.0,723784344882.0,878401421499.0,1241845617314.0,1427673401848.0,1735034919309.0,1765363195971.0,604887356986.0,599404031868.0,21921852320.0,28476733712.0,11233363653.0,4630225889.0
183190,아세아시멘트,CFS,432935725000.0,438308459000.0,392947608000.0,752245415000.0,1067356948000.0,1088981397000.0,1115376670000.0,1106421810000.0,284358119000.0,306503109000.0,40564681000.0,56872778000.0,23559189000.0,35832347000.0
185750,종근당,CFS,963362072433.0,962152421564.0,390904757101.0,368558589449.0,586620153267.0,562386857139.0,915164053406.0,896377939244.0,434849104888.0,396802358706.0,23642938344.0,35839760970.0,19426002326.0,55039839809.0
192080,더블유게임즈,CFS,885914809336.0,893303167559.0,70096549125.0,57225048189.0,155712727460.0,89908330956.0,1515093011546.0,1556373404033.0,171945692649.0,163135196751.0,54317738818.0,67071923825.0,32989838890.0,64155608386.0
192400,쿠쿠홀딩스,CFS,505325259501.0,523018402472.0,88102156319.0,112045495458.0,150138277498.0,173459381542.0,1211789157301.0,1196406069177.0,206265461854.0,183542807430.0,20351970819.0,17965815397.0,19827148153.0,33258437043.0
192650,드림텍,CFS,447243210851.0,460384454414.0,357484808932.0,343397378014.0,402203340375.0,392978009734.0,467458849272.0,515162575458.0,291394805606.0,266507014801.0,8824592378.0,2284278660.0,-2386595448.0,8150941946.0
192820,코스맥스,CFS,987992147967.0,940910911301.0,1212143736266.0,1114158039590.0,1523547479262.0,1424903002848.0,490098103064.0,508810486465.0,623560619449.0,551453223808.0,60812964839.0,46712160025.0,21838012255.0,35296879567.0
194370,제이에스코퍼레이션,CFS,456948587257.0,464427581405.0,557029169900.0,418307738350.0,1274872524900.0,1323106741993.0,524765144639.0,507407204600.0,317329311384.0,228665903050.0,28118332425.0,26129745417.0,22893458066.0,54726585534.0
195870,해성디에스,CFS,293988631649.0,321749298601.0,123423810978.0,201425547108.0,238508254772.0,237917616723.0,543028824396.0,556276567172.0,157382615237.0,153470183276.0,8228054891.0,18009547844.0,-438248139.0,20987896919.0
200880,서연이화,CFS,1292495844076.0,1184825463270.0,1503839497255.0,1402243612424.0,1942710019782.0,1792340376391.0,1129486346366.0,1161501151039.0,1210680770816.0,1029034223177.0,52954511699.0,49819411541.0,-3903600775.0,42275128606.0
204320,HL만도,CFS,3649314959936.0,3676853130994.0,3092037723419.0,2900489614702.0,4465760884731.0,4379288260980.0,2447195016305.0,2672754766186.0,2400873734426.0,2147360059307.0,104101108144.0,89624503819.0,9898018247.0,11876014967.0
207940,삼성바이오로직스,CFS,5708915604482.0,5518117814577.0,3643961213478.0,3853188425809.0,6170850219996.0,6431620287493.0,11602793794048.0,10904676062018.0,1289905421405.0,1156904189162.0,475599675863.0,434510778135.0,324386142540.0,317992129218.0
210540,디와이파워,CFS,215460178812.0,199186839753.0,65483477746.0,57274535200.0,68112265204.0,59964657414.0,295255715656.0,293430635027.0,107271709948.0,110535374358.0,7756112069.0,9304525964.0,4413034302.0,6696393106.0
210980,SK디앤디,CFS,930174132964.0,872667640641.0,665068450891.0,598069661724.0,994487057895.0,892193902440.0,605517905327.0,570030647132.0,137521249356.0,71871694943.0,33542045724.0,2562098959.0,18840481642.0,9758230587.0
213500,한솔제지,CFS,871280562348.0,862161882521.0,971243040077.0,907245285503.0,1323612698973.0,1329564252421.0,712976253513.0,687286304949.0,565039432595.0,562969999425.0,19334988586.0,5072197973.0,8480985381.0,-9539926595.0
214320,이노션,CFS,1760256636946.0,1984555352694.0,1262339158309.0,1484041313304.0,1473542117291.0,1682701928481.0,1015135398503.0,1031880296378.0,519043151754.0,522073586393.0,36415108527.0,36661234943.0,23823935469.0,26781990927.0
214330,금호에이치티,CFS,247564293360.0,246263268073.0,110529061479.0,120187294158.0,119155600650.0,128368433109.0,297005492902.0,305088945177.0,97013430353.0,104217662788.0,747847760.0,3470248127.0,-1386895699.0,-13327765384.0
214390,경보제약,CFS,160856832220.0,151941081636.0,165280759733.0,132660414083.0,170348682704.0,137732634119.0,142016505657.0,146154021841.0,65312570375.0,58411474646.0,2407371860.0,1267662098.0,-1734210060.0,156515731.0
214420,토니모리,CFS,85464010898.0,69470952657.0,88226685382.0,54478892350.0,109753739891.0,93929367767.0,118404331156.0,116840358853.0,62484448773.0,47096608612.0,5580897883.0,5324742002.0,2632419392.0,3931597541.0
217590,티엠씨,,,,,,,,,,,,,,,
226320,잇츠한불,CFS,375397360710.0,380957841769.0,19879178065.0,27431204712.0,21502935204.0,28590295791.0,487524362747.0,487448466268.0,37252431069.0,36116401828.0,3943545436.0,3832055157.0,4271854704.0,6865593443.0
227840,현대코퍼레이션홀딩스,CFS,103648042560.0,94829705579.0,26325874748.0,49221799364.0,75292403203.0,71673492888.0,309832691242.0,304435935145.0,61183824223.0,49472393569.0,5430249637.0,4805954235.0,7245554913.0,11190307922.0
229640,LS에코에너지,CFS,345985773315.0,385022153104.0,234958370662.0,284024081296.0,241170053599.0,291703638368.0,199007106311.0,196973509173.0,250235674686.0,232581527902.0,23593793137.0,14729811153.0,18175485674.0,12987166927.0
234080,JW생명과학,CFS,101816104559.0,105663981313.0,90133233077.0,80179248728.0,102716877746.0,124878866041.0,209989778782.0,200444748408.0,62260553099.0,54397331635.0,9381699435.0,8380360404.0,11179930277.0,6656966596.0
241560,두산밥캣,CFS,3291021000.0,3052266000.0,1976447000.0,1678066000.0,3742042000.0,3479665000.0,4938471000.0,4690139000.0,1566660000.0,1629270000.0,145380000.0,173676000.0,86623000.0,114467000.0
241590,화승엔터프라이즈,CFS,611471724165.0,747104297938.0,779141045157.0,899823895471.0,839437621399.0,973854812468.0,498987145397.0,563749531320.0,386980778665.0,391677790942.0,9313066681.0,18773696917.0,-10180604783.0,6924634539.0
244920,에이플러스에셋,CFS,311459443464.0,312108294169.0,150566681785.0,146202325017.0,248177232946.0,235502732714.0,250448405355.0,243773453584.0,167423665795.0,111041691218.0,8938964809.0,10140466112.0,5654955203.0,9517194992.0
248070,솔루엠,CFS,747686227432.0,604792948813.0,649313106374.0,529170284044.0,784506820590.0,548377732430.0,439825942081.0,434353083187.0,402576796316.0,393932007688.0,12218680953.0,20565530691.0,10159304123.0,15181752011.0
248170,샘표식품,CFS,171828176303.0,167430456632.0,121645909865.0,118681821703.0,127622490621.0,123944384064.0,250120696959.0,245983538983.0,99228578895.0,101925037928.0,7353279614.0,-4052010925.0,3900474651.0,-2011408673.0
249420,일동제약,CFS,243618982252.0,246991408745.0,315828407181.0,275966749216.0,423562463261.0,429985294537.0,160213790266.0,159057600668.0,138479788275.0,152149525366.0,596181948.0,1016807399.0,-3895216581.0,-4174326654.0
251270,넷마블,CFS,1109760598158.0,1114816595237.0,1617136041498.0,1348239156045.0,2365155199912.0,2703206043701.0,5459857994426.0,5473860209795.0,717640895462.0,782086584242.0,101140974173.0,111211470656.0,160117831248.0,162279162853.0
259960,크래프톤,CFS,4677799186796.0,5004427032417.0,544210503412.0,784829947760.0,845317950429.0,1090331965788.0,6842611729211.0,6829131602227.0,662048249145.0,707023004068.0,246063427020.0,332109396449.0,15534820668.0,341406130858.0
264900,크라운제과,CFS,119839807695.0,114260145785.0,77886169860.0,80563873300.0,135055361464.0,135725043126.0,220067009509.0,215153059751.0,114395639671.0,109769547152.0,4565509517.0,7538023989.0,3553362614.0,5559016189.0
26490K,크라운제과우,,,,,,,,,,,,,,,
267250,HD현대,CFS,37325357300000.0,35592849734000.0,32461598974000.0,32333112202000.0,47159363930000.0,47481568074000.0,28156247706000.0,26385102145000.0,17211008448000.0,17554834298000.0,1138886949000.0,879816617000.0,487975447000.0,544086536000.0
267260,HD현대일렉트릭,CFS,2982781085765.0,2763740978393.0,2249776394395.0,2001078594202.0,2463895381262.0,2288027971862.0,1643111229982.0,1507517124598.0,906219054679.0,916909063295.0,209142369028.0,210055878805.0,141909212363.0,161208877690.0
267270,HD건설기계,CFS,2104210516000.0,2112846135000.0,925363580000.0,1063541773000.0,1548650171000.0,1530794897000.0,1832123508000.0,1793830435000.0,967707502000.0,852993368000.0,40043555000.0,58556575000.0,620645000.0,30625856000.0
267290,경동도시가스,CFS,396347285212.0,566459349616.0,243607677287.0,429784142724.0,314561888858.0,501812608872.0,464824990929.0,445870668227.0,336736643548.0,374758068800.0,2892006387.0,3695171291.0,4576579748.0,4409788532.0
267850,아시아나IDT,CFS,135671839310.0,132738984079.0,37687564697.0,45041440207.0,43420260139.0,51204777417.0,169362500127.0,168733144633.0,49005693124.0,48827569812.0,3456052119.0,264646690.0,3734879687.0,1355784028.0
268280,미원에스씨,CFS,348293960523.0,339277775188.0,76751641898.0,82491706756.0,101954306093.0,105759888855.0,421657608510.0,406341856929.0,134805610423.0,129806922376.0,19206157974.0,16741593858.0,11900731986.0,15093412075.0
271560,오리온,CFS,1539725785028.0,1647381241517.0,368380215076.0,537615043736.0,543885723869.0,734403929389.0,3594589314437.0,3574045867619.0,777166026153.0,719263617517.0,121451009117.0,121709967091.0,71662403021.0,76152846084.0
271940,일진하이솔루스,CFS,285683879234.0,285465117720.0,22855572988.0,21477389959.0,28597726428.0,26806085878.0,316518617288.0,317471681211.0,18327518924.0,20951085139.0,-2770279392.0,-1361394441.0,-465982729.0,935885499.0
271980,제일약품,CFS,304445300846.0,343035512055.0,242571496372.0,291690183860.0,258715290829.0,306382840578.0,227223734621.0,219316846488.0,137628245268.0,173178876109.0,4684007072.0,-15042911194.0,3036393908.0,-27577363343.0
272210,한화시스템,CFS,2699940205955.0,2286147317733.0,2992558749710.0,2677051475212.0,4237090730131.0,3307593220262.0,3805769917319.0,2416416895456.0,768190548880.0,687073249853.0,33451471776.0,84407555160.0,47009425828.0,27036133805.0
272450,진에어,CFS,642539038116.0,680697894111.0,509116232614.0,582605901371.0,954938848151.0,995885951451.0,261799017848.0,231252257412.0,306073367543.0,308156621832.0,-42286120579.0,904461715.0,-15718261352.0,-5866014755.0
272550,삼양패키징,CFS,158617061100.0,171292626478.0,101193306125.0,100990729223.0,277273700891.0,287690156541.0,381318075339.0,379587063292.0,120109842856.0,125579987987.0,13976450991.0,18659500516.0,13589835914.0,15057127968.0
278470,에이피알,CFS,427353926832.0,286027445388.0,152522671915.0,145136758580.0,243204805352.0,241619489197.0,408131939548.0,323524073990.0,327734894608.0,155493932205.0,84552442450.0,28011311863.0,66309082291.0,24099143128.0
279570,케이뱅크,CFS,,,,,27349680000000.0,29187554000000.0,2182250000000.0,1995845000000.0,,,,,68189000000.0,34738000000.0
280360,롯데웰푸드,CFS,1442642514328.0,1428740497729.0,951007680330.0,1056086436201.0,2121596339744.0,2115346236982.0,2200522034738.0,2226381930534.0,1064280630826.0,1044195926481.0,34333734683.0,63289794506.0,15678280816.0,40710433150.0
281820,케이씨텍,CFS,427545238643.0,419989369465.0,49823772384.0,61889881465.0,53514603812.0,67292470772.0,495390047399.0,481848727958.0,97529632802.0,71986533422.0,15557553762.0,5330442664.0,11007621744.0,7442492643.0
282330,BGF리테일,CFS,1009877554859.0,1051821792855.0,1253568922538.0,1296161749989.0,2210592311832.0,2218457219442.0,1178907548385.0,1184132956540.0,2290149968095.0,2202880660591.0,69423840540.0,76214866056.0,52805591090.0,58485751903.0
284740,쿠쿠홈시스,CFS,614507274331.0,574506033284.0,285714052748.0,277930131694.0,332791537359.0,334896272718.0,1138082953462.0,1046680861205.0,294039702349.0,261489060291.0,41704289957.0,32292097991.0,24931139399.0,43529902536.0
285130,SK케미칼,CFS,2540258641472.0,2385758405311.0,1164762221123.0,983245942540.0,2610263224112.0,2334082396873.0,3068798600176.0,3032966230466.0,596865084017.0,413898116981.0,-962758092.0,8866714251.0,8189317303.0,5116748147.0
28513K,SK케미칼우,,,,,,,,,,,,,,,
286940,롯데이노베이트,CFS,345771638195.0,394421023574.0,264144298953.0,309391536950.0,439186779324.0,500757140716.0,442193817786.0,449815903322.0,280758261633.0,286541204947.0,8020317562.0,5843324375.0,2634346161.0,2382149554.0
293480,하나제약,CFS,106323318822.0,105992171853.0,53886393989.0,31825545677.0,78228378467.0,72834560079.0,310084905201.0,309176120601.0,57878608755.0,53498277532.0,6021732854.0,4569347808.0,5527590292.0,5031454229.0
294870,IPARK현대산업개발,CFS,5428291266907.0,5380387938712.0,3720239456089.0,3510023081334.0,4728172861241.0,4347278471962.0,3165895342217.0,3114585393894.0,1163210276482.0,1087158883893.0,80277863404.0,53834120811.0,52691749035.0,47386413037.0
298000,효성화학,CFS,802058287766.0,1061744926335.0,2172198104167.0,3047298890425.0,2277342558363.0,3340022426701.0,456871280214.0,-67992669067.0,616978906053.0,597542006881.0,-8993614284.0,-60674095647.0,102361554001.0,-90065977763.0
298020,효성티앤씨,CFS,2009740525304.0,2034208124252.0,2496956155441.0,2328368322765.0,3703056440853.0,2904245104005.0,1727222067711.0,1819937560940.0,1889169023452.0,1982564664492.0,73319138703.0,84648133853.0,21352131455.0,51766214843.0
298040,효성중공업,CFS,3439293555054.0,3036422654447.0,3431807897546.0,3092775159627.0,4536017218246.0,4163194426688.0,2175102037847.0,2055618494514.0,1525284991620.0,1193776288521.0,164261404691.0,62659608870.0,87348730741.0,28204228075.0
298050,HS효성첨단소재,CFS,1249673674391.0,1257529655605.0,2175857612507.0,1985785205756.0,2771550009174.0,2663425624831.0,1044290380120.0,1157339482999.0,843036715836.0,840489038818.0,58740601299.0,66246887917.0,1434824190.0,26495326947.0
298690,에어부산,CFS,188175254575.0,257082024162.0,265160162244.0,370063226228.0,1098486106070.0,1278483070166.0,246616342459.0,139102615031.0,171362431007.0,235399567237.0,-11125356390.0,18075192126.0,27738204210.0,-12791529651.0
300720,한일시멘트,CFS,777404394301.0,868324491310.0,699176027369.0,582312093269.0,1130541486706.0,1149514661177.0,1811428733587.0,1838819908315.0,407647906673.0,498126903694.0,47495853427.0,106995901926.0,24007408533.0,73853876300.0
302440,SK바이오사이언스,CFS,1436041964640.0,1576672643818.0,320390202392.0,310589417433.0,829759520099.0,821143859318.0,2024697166342.0,2022452177574.0,161859526907.0,26777434120.0,-37395041197.0,-19939724541.0,-16779005362.0,-11408895116.0
306200,세아제강,CFS,810356007483.0,896481829981.0,286322355887.0,498283553198.0,659842952610.0,711291494979.0,1120565206736.0,1112556559045.0,414879401513.0,439502853867.0,20927920129.0,35949311156.0,8674346950.0,29397437379.0
307950,현대오토에버,CFS,1982988212000.0,2215496769000.0,1015713746000.0,1242253167000.0,1388006367000.0,1618990538000.0,1757865775000.0,1730526263000.0,1042052024000.0,918097339000.0,81370112000.0,68547494000.0,59732144000.0,52651459000.0
308170,씨티알모빌리티,CFS,120842644748.0,108514632209.0,184976010398.0,182712872362.0,240763278906.0,224708968630.0,69806549626.0,71551051571.0,123440553225.0,109168300085.0,2122775898.0,1529378139.0,-656031099.0,201179080.0
316140,우리금융지주,CFS,,,,,498397258000000.0,489858051000000.0,35715518000000.0,35895269000000.0,,,,,939743000000.0,961509000000.0
317400,자이에스앤디,CFS,798584776575.0,870460896599.0,325826050320.0,437228803352.0,524786583664.0,639120136968.0,647709241182.0,666115579509.0,336953996611.0,427369027552.0,-2718602944.0,1082651121.0,4324063565.0,1708025019.0
317450,명인제약,,,,,,,,,,,,,,,
322000,HD현대에너지솔루션,CFS,339810698440.0,318190545438.0,80671539420.0,70005020112.0,99355897015.0,84090604074.0,386208292436.0,369683769362.0,133712996227.0,112760369046.0,15061308978.0,7904470574.0,11394765311.0,10344000477.0
323410,카카오뱅크,CFS,,,,,65278200000000.0,56265151000000.0,6635647000000.0,6540131000000.0,778033000000.0,734144000000.0,,,126257000000.0,120245000000.0
326030,SK바이오팜,CFS,576122398555.0,651371301562.0,263188805667.0,396276252761.0,338748050106.0,462826530311.0,614069809749.0,573984249312.0,176276907902.0,133995443891.0,61882853308.0,26045557300.0,29524369733.0,24558061603.0
329180,HD현대중공업,CFS,11299361319000.0,10403121877000.0,12558575609000.0,11796215796000.0,13558714916000.0,13686498249000.0,6182724554000.0,5704448501000.0,4147124837000.0,3883982539000.0,471455984000.0,195630124000.0,210911338000.0,154109791000.0
336260,두산퓨얼셀,CFS,577986593791.0,660567068897.0,429491005725.0,365954063568.0,747068489260.0,680758798234.0,485598495056.0,498895839831.0,128467303931.0,86488248797.0,-1914347507.0,2167251682.0,-2578854642.0,-331795400.0
33626K,두산퓨얼셀1우,,,,,,,,,,,,,,,
33626L,두산퓨얼셀2우B,,,,,,,,,,,,,,,
336370,솔루스첨단소재,CFS,479691620897.0,597219070821.0,779571036807.0,823611303776.0,1022268014007.0,987931457327.0,978371680352.0,1091463651219.0,143864742733.0,149262285309.0,-14971742011.0,-10450394054.0,-52301803583.0,-9931164065.0
33637K,솔루스첨단소재1우,,,,,,,,,,,,,,,
33637L,솔루스첨단소재2우B,,,,,,,,,,,,,,,
339770,교촌에프앤비,CFS,96041764707.0,106774281567.0,117559085167.0,127020768943.0,161832634436.0,164320859910.0,182589451722.0,178545057707.0,126104497331.0,113883765499.0,9305824409.0,-9877735554.0,4584244390.0,-8808095399.0
344820,KCC글라스,CFS,992106783772.0,1041992358100.0,393905026992.0,554315377237.0,948768563090.0,1005357692298.0,1419779001744.0,1488941202070.0,512917153727.0,514327030746.0,-35426443766.0,21576836800.0,-35337325566.0,12152524954.0
352820,하이브,CFS,2276356966000.0,1787698519000.0,763667320000.0,830931772000.0,2127512433000.0,1965408202000.0,3489314442000.0,3513778658000.0,705649177000.0,640463967000.0,65918974000.0,50904725000.0,15457861000.0,10099979000.0
353200,대덕전자,CFS,497256466992.0,465866345845.0,203284913368.0,159688137695.0,242222618450.0,213209811638.0,850828879160.0,875513939249.0,245857719982.0,238238516857.0,1866095223.0,10903641724.0,4408899615.0,12231291862.0
35320K,대덕전자1우,,,,,,,,,,,,,,,
361610,SK아이이테크놀로지,CFS,402261937000.0,549927364000.0,1030843216000.0,927962757000.0,1755298451000.0,1825581137000.0,2336529554000.0,2324557015000.0,82724538000.0,61695093000.0,-53715706000.0,-58673100000.0,-19029848000.0,-48000237000.0
363280,티와이홀딩스,CFS,351837946410.0,387919954080.0,321712268122.0,330852741253.0,813907878185.0,797163469891.0,1035545407183.0,1004255716553.0,23305353680.0,25245646228.0,1672178385.0,-10474917525.0,-17355391320.0,-16646119297.0
36328K,티와이홀딩스우,,,,,,,,,,,,,,,
372910,한컴라이프케어,CFS,119383284771.0,121276212090.0,61060725569.0,61671956527.0,62109387547.0,63131348085.0,132694964706.0,135376667975.0,27094029528.0,36283803483.0,2842393863.0,6853657210.0,56143483.0,5171297314.0
373220,LG에너지솔루션,CFS,16344776000000.0,15327395000000.0,13503306000000.0,12054922000000.0,34682328000000.0,29340248000000.0,28300174000000.0,30966543000000.0,5565408000000.0,6161866000000.0,492159000000.0,195319000000.0,90605000000.0,-23740000000.0
375500,DL이앤씨,CFS,5944189380418.0,6005539219289.0,3953455952745.0,3854535631268.0,4780978451015.0,4866692108869.0,4978347088006.0,4845710111118.0,1991446059297.0,2070221320140.0,126205591469.0,32569939240.0,8291406572.0,40644556452.0
37550K,DL이앤씨우,,,,,,,,,,,,,,,
37550L,DL이앤씨2우(전환),,,,,,,,,,,,,,,
377300,카카오페이,CFS,4353152154428.0,3907691508569.0,2800618329893.0,2380941810289.0,2924808915904.0,2503903745690.0,1920281362158.0,1910808471743.0,238288944366.0,185496810686.0,9328415077.0,-7270371455.0,14119988311.0,626203635.0
377740,바이오노트,CFS,413521445039.0,465700247721.0,10604349602.0,23655700987.0,45565100142.0,61384157458.0,1676974020139.0,1635773099144.0,32405553022.0,26278296914.0,6348802177.0,2664045066.0,84531276675.0,6753117317.0
378850,화승알앤에이,CFS,220740158167.0,219373366972.0,294141634342.0,265139588198.0,320994103841.0,319391985439.0,151234241282.0,150475860464.0,181636149565.0,189462920403.0,5355178076.0,12041131029.0,-2857482397.0,10257367255.0
381970,케이카,CFS,248397139365.0,231704436352.0,168309881224.0,252576760212.0,322154268897.0,299060059596.0,220613191736.0,225787538542.0,608868718148.0,589014003178.0,18121020059.0,18102562283.0,12011910854.0,11812500969.0
383220,F&F,CFS,539401386176.0,636793849985.0,324924112732.0,522109298846.0,502944138090.0,708606516604.0,1647756130806.0,1577298222080.0,378870814153.0,391472978343.0,84029901879.0,91801185581.0,62638678575.0,73951034814.0
383800,LX홀딩스,CFS,315313000000.0,281829000000.0,16139000000.0,14456000000.0,40990000000.0,35690000000.0,1939648000000.0,1869328000000.0,10136000000.0,10646000000.0,42462000000.0,58660000000.0,43628000000.0,59738000000.0
38380K,LX홀딩스1우,,,,,,,,,,,,,,,
402340,SK스퀘어,CFS,2631960000000.0,2702773000000.0,1126625000000.0,1396345000000.0,2198324000000.0,2335636000000.0,22343787000000.0,19585415000000.0,406594000000.0,468566000000.0,1401104000000.0,774813000000.0,1447114000000.0,728816000000.0
403550,쏘카,CFS,106288392790.0,140724277459.0,204019541062.0,223463227518.0,368344639348.0,448049075006.0,175859616279.0,183467679227.0,98659697859.0,101761676907.0,1834766895.0,-6652661236.0,-1781283000.0,-11589316936.0
439260,대한조선,CFS,827551813228.0,901913231625.0,630345167714.0,832103622335.0,655434898818.0,895997087255.0,557677333760.0,453443097219.0,296047844245.0,253569299366.0,62466789590.0,33882260558.0,43683093606.0,28434074508.0
443060,HD현대마린솔루션,CFS,1033004121315.0,1075525917500.0,354776174882.0,342617751499.0,391868837333.0,378693406923.0,728279486183.0,773534561558.0,467721569416.0,437855158584.0,83009935293.0,70985869191.0,52997053677.0,56679200309.0
446070,유니드비티플러스,CFS,149512831267.0,153026633842.0,28186845172.0,34622689311.0,33760515636.0,40657498508.0,193663050702.0,194794115200.0,41221709871.0,51985323151.0,-572468562.0,3501525532.0,578409700.0,3832125744.0
450080,에코프로머티,CFS,439357610507.0,426945927746.0,358195974325.0,428984528487.0,588427819315.0,552631250526.0,1089928988298.0,737605448212.0,78068573064.0,66691644013.0,-28789921739.0,-3666619580.0,-33501838342.0,-846827453.0
452260,한화갤러리아,CFS,312698354968.0,369031271416.0,630586059122.0,606002758042.0,1149201140020.0,1085300116867.0,796474435500.0,802529688167.0,126944312081.0,126318893055.0,-4905869801.0,-4480607905.0,-14259724429.0,-845399150.0
45226K,한화갤러리아우,,,,,,,,,,,,,,,
453340,현대그린푸드,CFS,499272452000.0,475256242000.0,230250830000.0,246697464000.0,281599085000.0,285404788000.0,700358467000.0,670221485000.0,552103613000.0,542383858000.0,30907002000.0,32523228000.0,23390338000.0,23559864000.0
454910,두산로보틱스,CFS,304310709579.0,342028598622.0,10013038804.0,15446451719.0,18941047634.0,19189791718.0,377003977001.0,402501180228.0,4532272039.0,14423531367.0,-15650237991.0,-7870538654.0,-16566633373.0,-3705669662.0
456040,OCI,CFS,1211393035000.0,1210697237000.0,904061480000.0,612355011000.0,1261980919000.0,1041423355000.0,1193572427000.0,1241622062000.0,526975389000.0,566487673000.0,-2272091000.0,33554528000.0,-2384183000.0,24817816000.0
457190,이수스페셜티케미컬,CFS,151720959854.0,140988568163.0,197540813366.0,164100833549.0,221288866723.0,177892196843.0,121323930164.0,121654548291.0,99707789560.0,102398879582.0,-4652559392.0,7945517106.0,-4097637517.0,5069675992.0
460850,동국씨엠,CFS,1029510386039.0,818914273781.0,1288651767894.0,758015279702.0,1579500022358.0,819840114726.0,1033843553205.0,1015299615768.0,690800536737.0,562795980963.0,-20068538914.0,29089290405.0,-32720979668.0,22883984291.0
460860,동국제강,CFS,1463870008549.0,1184763059309.0,1506361463554.0,1271534776390.0,1750931314774.0,1492183763192.0,1698600802403.0,1701831258254.0,893658443588.0,940165881288.0,29915366057.0,40472505952.0,9183260824.0,23149829447.0
462520,조선내화,CFS,243898187000.0,234272761000.0,312964910000.0,320102740000.0,329522913000.0,334112538000.0,251328225000.0,241425674000.0,136342019000.0,127396126000.0,5588917000.0,5169512000.0,5061330000.0,2368614000.0
462870,시프트업,CFS,824453991020.0,768171881980.0,81130764412.0,28585967115.0,92894183061.0,39427774284.0,793117394833.0,764404135605.0,112382500954.0,65201790796.0,68215269758.0,45006614436.0,51306448265.0,40260260740.0
465770,STX그린로지스,CFS,50365681848.0,54306004506.0,86494947007.0,99153865485.0,140758061524.0,163553214247.0,54220491966.0,75473498388.0,43580244367.0,8582526193.0,-5040568931.0,1239618034.0,-8212368452.0,652194463.0
475150,SK이터닉스,CFS,736873997438.0,255027256240.0,639730535422.0,297066304665.0,978124454390.0,489721923418.0,256753929894.0,241972753239.0,65324077464.0,13995173106.0,9593792372.0,-2356583927.0,14298600862.0,-2696419059.0
475560,더본코리아,CFS,241645013373.0,263881963406.0,80181748785.0,81466457210.0,84632363481.0,85109581494.0,246201437251.0,267587785372.0,74188477012.0,113315248889.0,-22475420292.0,9967306477.0,-23805177662.0,8083382767.0
480370,씨케이솔루션,CFS,135517734654.0,156222425652.0,81450301798.0,92432056362.0,84876127331.0,97291883827.0,95590766175.0,91131194349.0,58519477691.0,73865151178.0,-9409870385.0,10348137856.0,-11118135474.0,8310879447.0
483650,달바글로벌,CFS,222105313870.0,128308613752.0,43742209486.0,31320324507.0,48017563240.0,34039092723.0,188983673487.0,102069072470.0,128372734047.0,73879928767.0,29230269832.0,17613630476.0,19803061297.0,13745601166.0
484870,엠앤씨솔루션,CFS,291067315595.0,243839572784.0,232793875776.0,190452655198.0,233867510483.0,191727483272.0,170569953270.0,165385831216.0,97426631253.0,76130788175.0,13449223099.0,8572619884.0,10836224960.0,6381614348.0
487570,HS효성,CFS,635272710553.0,683891275777.0,489853477548.0,565635836784.0,519562292369.0,590154122636.0,535641906789.0,553338553702.0,387927752857.0,,10779067344.0,,5886389643.0,
489790,한화비전,CFS,1100996582316.0,996234441988.0,619557993233.0,530103580800.0,936150130625.0,766419408117.0,799572905795.0,824726773737.0,457161852438.0,,56267894060.0,,-10187994593.0,
499790,GS피앤엘,CFS,45567423685.0,33720429238.0,191910489390.0,227197032866.0,1078003161785.0,1032808789681.0,1243806468465.0,1236746410784.0,112145167893.0,,11563712655.0,,6013604380.0,
0001A0,덕양에너젠,,,,,,,,,,,,,,,
000250,삼천당제약,CFS,201163025691.0,242532347978.0,68376284941.0,93420519276.0,142341759921.0,170368051944.0,343895042190.0,349404158895.0,56900188945.0,54889641602.0,-1079593760.0,2137821265.0,-1614608532.0,1826519896.0
000440,중앙에너비스,CFS,8957784174.0,10755896807.0,2121658445.0,2345500563.0,3661083017.0,3915805410.0,52039786666.0,54559923135.0,12481128517.0,12035758664.0,-947928447.0,-1048025373.0,-898771534.0,-914004605.0
0004V0,엔비알모션,,,,,,,,,,,,,,,
0004Y0,디비금융제14호스팩,CFS,2066122598.0,2092980522.0,4400000.0,0.0,1507377495.0,1482555231.0,558745103.0,610425291.0,0.0,,-11575200.0,,-21980312.0,
0007C0,아크릴,,,,,,,,,,,,,,,
0007J0,인벤테라,,,,,,,,,,,,,,,
0008Z0,에스엔시스,CFS,127555004901.0,136660747102.0,53004552768.0,68046382798.0,59810650522.0,75342129316.0,110855292778.0,102134854286.0,41234708690.0,30588546587.0,5006408277.0,4703054096.0,5930680441.0,4391715891.0
0009K0,에임드바이오,,,,,,,,,,,,,,,
001000,신라섬유,CFS,703348805.0,513180968.0,16869448349.0,16225729662.0,16886005639.0,16238075778.0,13880094411.0,14396697455.0,726784868.0,861065863.0,-506165977.0,-507287072.0,-664786172.0,-677121523.0
0010F0,보원케미칼,,,,,,,,,,,,,,,
0010V0,제이피아이헬스케어,CFS,43534941085.0,42748246817.0,8753814166.0,14587032646.0,23836176585.0,24476147053.0,42048405474.0,41375829781.0,13058529564.0,11080616136.0,1321977564.0,966180825.0,686569862.0,1914508994.0
0011A0,액스비스,,,,,,,,,,,,,,,
0011T0,채비,,,,,,,,,,,,,,,
0013V0,삼진식품,,,,,,,,,,,,,,,
001540,안국약품,CFS,135631958852.0,134772259823.0,76765404373.0,77059152882.0,137852317051.0,137791875333.0,164001306561.0,164743443563.0,76822927894.0,67176583673.0,4965314865.0,1686227700.0,3070707210.0,9685782828.0
0015G0,그린광학,,,,,,,,,,,,,,,
0015N0,아로마티카,,,,,,,,,,,,,,,
0015S0,페스카로,,,,,,,,,,,,,,,
0017J0,세미티에스,,,,,,,,,,,,,,,
001810,무림SP,CFS,116991602547.0,100437085208.0,72701867994.0,81120981563.0,134706391063.0,122023219587.0,207036169547.0,202607556068.0,50540097450.0,44007261934.0,1265941728.0,1268830869.0,4214734092.0,3996434523.0
001840,이화공영,CFS,38062547300.0,25500256832.0,43617471138.0,42352973570.0,48304652753.0,47797054386.0,7722783343.0,6169437970.0,33947019532.0,36001466964.0,2625264827.0,-813063303.0,2671247269.0,-808411906.0
002230,피에스텍,CFS,126127060534.0,118535414106.0,30956145444.0,26671399510.0,46847426354.0,42959807699.0,127994342853.0,128541927309.0,29997126438.0,23372169794.0,1650282159.0,1734742864.0,3667599472.0,251757981.0
002290,삼일기업공사,CFS,75952532936.0,73999408479.0,16931906689.0,16897312934.0,17242009647.0,17142535708.0,70253289981.0,68922710629.0,19821547499.0,25577858867.0,1947706561.0,416810116.0,1951537393.0,522323068.0
002680,한탑,CFS,32473822508.0,39388001658.0,66996473930.0,78396895884.0,85061419173.0,93058308016.0,47796418721.0,45839623885.0,21574397279.0,22749157736.0,927053542.0,1321817772.0,1731242204.0,-336308323.0
002800,신신제약,CFS,57181414298.0,51492326845.0,63940876977.0,59100525274.0,66949006738.0,63915345101.0,67930306976.0,65568741039.0,29596846240.0,29457215362.0,2221653597.0,3246802705.0,1392559835.0,2708351374.0
003100,선광,CFS,91277932468.0,101054692110.0,46656084389.0,65556661012.0,256825270320.0,262489992921.0,410422540346.0,397079515159.0,47284566368.0,47312046319.0,7508449003.0,8445768097.0,7661578879.0,6939866151.0
003310,대주산업,CFS,36994259827.0,34391894547.0,15382523925.0,15352456641.0,28033836833.0,27901796683.0,86026071436.0,83509903825.0,24901312872.0,26464131902.0,2082666412.0,2540948598.0,1864069454.0,1242689521.0
003380,하림지주,CFS,4803740000000.0,4749366000000.0,6240962000000.0,6010822000000.0,10500994000000.0,10137006000000.0,5817843000000.0,5941952000000.0,3310850000000.0,3021256000000.0,238893000000.0,199733000000.0,261544000000.0,54598000000.0
0037T0,KB제32호스팩,CFS,14367330814.0,,8779900.0,,2036889246.0,,12330441568.0,,0.0,,-25648536.0,,-23081445.0,
003800,에이스침대,CFS,181795268998.0,183059135465.0,59090338840.0,72082345426.0,63294373095.0,75722970626.0,724966220779.0,706721320746.0,76480851459.0,78335431163.0,16908921587.0,21070530175.0,22716793969.0,21778930712.0
0039P0,매드업,,,,,,,,,,,,,,,
0041B0,교보18호스팩,CFS,2669441727.0,,6622000.0,,1912077581.0,,757364146.0,,0.0,,-30588900.0,,-35177339.0,
0041J0,엘에스스팩1호,,,,,,,,,,,,,,,
0041L0,하나35호스팩,CFS,2496145858.0,,1749633870.0,,1795695001.0,,700450857.0,,0.0,,-9233900.0,,-17306698.0,
0044K0,삼성스팩10호,CFS,2987388491.0,,,,2197111539.0,,790276952.0,,,,-5954400.0,,-20060811.0,
004590,한국가구,CFS,85909083922.0,85931292787.0,33900262669.0,30850449115.0,53213508199.0,49950369076.0,194670667417.0,189349446404.0,33853896986.0,29695862080.0,4077031810.0,3628151361.0,3196347909.0,2735965997.0
004650,창해에탄올,CFS,60617350929.0,66959794466.0,42405417534.0,49169438097.0,46588419688.0,53589638347.0,139557686380.0,136498586059.0,31982755647.0,43360115190.0,5254030993.0,6808353944.0,3938033703.0,4510947534.0
004780,대륙제관,CFS,136942198949.0,132837776856.0,39179537665.0,37154956593.0,57366121114.0,54713699917.0,151995825031.0,150827898725.0,71098865770.0,71687992466.0,2914545400.0,6054188412.0,1987687900.0,4213652432.0
005160,동국산업,CFS,427954401090.0,426793597845.0,349344330966.0,346436575535.0,457916051876.0,454512716073.0,479111119329.0,488308213659.0,195452146645.0,231399050610.0,5591815223.0,16255513335.0,-7711674129.0,7613999796.0
005290,동진쎄미켐,CFS,970252438631.0,1082970678911.0,647902451031.0,722768727205.0,863334141992.0,996558402618.0,1022222422435.0,1020430600571.0,376841102993.0,355414492717.0,53838021830.0,49971733169.0,5480635030.0,43150828150.0
0054V0,엔에이치스팩32호,,,,,,,,,,,,,,,
005670,푸드웰,CFS,115776731999.0,99923925031.0,92591851529.0,84519448161.0,126039798556.0,116716235832.0,122496918535.0,119796236379.0,89809362170.0,77005824135.0,7565329669.0,3815663063.0,4669006572.0,2564000808.0
005710,대원산업,CFS,591698682469.0,543956820532.0,201334086752.0,188873443976.0,213682561177.0,199331916325.0,547159656989.0,512394587369.0,289567032277.0,227347916779.0,27513011344.0,323988045.0,21076907887.0,9691569572.0
005860,한일사료,CFS,124178424999.0,126897150045.0,39064832599.0,41646918969.0,47651752891.0,50691587128.0,157477735993.0,156889498844.0,107899181163.0,99598389340.0,1038570964.0,1357137230.0,1746167514.0,352965346.0
005990,매일홀딩스,CFS,776949200278.0,791121107544.0,375081426373.0,319830095165.0,523806819467.0,570207348480.0,801257332452.0,787443982451.0,550688218315.0,541352964374.0,14480588702.0,20322755283.0,16662292009.0,11862990441.0
006050,국영지앤엠,CFS,38870067817.0,38348370910.0,19839108658.0,20459086372.0,21159197779.0,21910937401.0,51269818595.0,51029248680.0,15498223615.0,20663717424.0,146222871.0,737514137.0,261236514.0,1036380774.0
006140,피제이전자,CFS,78369670354.0,84812522245.0,43683528485.0,49097200087.0,53759003438.0,59154475387.0,133346848682.0,132706434963.0,39708543585.0,40177875669.0,1482410683.0,1894159667.0,-129541586.0,1722152276.0
006620,동구바이오제약,CFS,103738960284.0,107241958828.0,112163302527.0,115250894523.0,147178256564.0,138612886712.0,112134235265.0,105447613672.0,60117319871.0,61307826678.0,1929829358.0,1455834311.0,11293071318.0,2275276396.0
006730,서부T&D,CFS,134820654207.0,148092993505.0,654092349965.0,493610365085.0,1777282354482.0,1653580260893.0,1248716456715.0,1240878774961.0,54612507277.0,46937993063.0,11208127677.0,8920454983.0,-3763932332.0,-4768122527.0
0068Y0,비엔케이제3호스팩,,,,,,,,,,,,,,,
006910,보성파워텍,CFS,87209330701.0,49733731902.0,32415840138.0,6474584928.0,32817461202.0,6898945741.0,101883250732.0,90264717386.0,55831806382.0,13043647714.0,13663961910.0,773997231.0,11007422911.0,1086524116.0
006920,모헨즈,CFS,36380174960.0,40636036141.0,11664935052.0,13570430556.0,20301670633.0,23729841073.0,43215671508.0,45176237539.0,22984344434.0,29973661655.0,443169717.0,544974607.0,447819038.0,52228744.0
0071M0,삼성스팩11호,,,,,,,,,,,,,,,
0072Z0,KB제33호스팩,,,,,,,,,,,,,,,
007330,푸른저축은행,CFS,,,,,1089008991582.0,1011508317071.0,317156348719.0,314578430185.0,,,,,12232574191.0,7069441863.0
007370,진양제약,CFS,44558862980.0,43354504086.0,14379107661.0,19793669563.0,102459557819.0,107695873551.0,126310394230.0,119877794627.0,30181978031.0,27480883876.0,2475517198.0,1938500125.0,1685067758.0,3038718486.0
007390,네이처셀,CFS,40270228735.0,42039040994.0,4174361574.0,4123539813.0,8352423560.0,7373108088.0,63653534036.0,64624400671.0,6404076401.0,9624073437.0,-286822536.0,1251183493.0,-667777259.0,1286813209.0
007530,와이엠,CFS,73445078809.0,76679736333.0,78591637852.0,85629660565.0,96765242632.0,100319913271.0,55174177403.0,56084246992.0,46021583791.0,43857639462.0,534816254.0,1377502401.0,-447068984.0,36005637.0
007680,대원,CFS,390478354583.0,410535046547.0,96567933877.0,123893475571.0,183551082473.0,193280670250.0,282541083427.0,287991061779.0,24308056480.0,71974183399.0,-5754884205.0,-871582805.0,-3126745047.0,2285427242.0
007720,소노스퀘어,CFS,79613170081.0,69367869353.0,55282267011.0,44167432635.0,57929143442.0,46192054913.0,92009627324.0,100752117851.0,45789973580.0,34984978274.0,1286447812.0,495429733.0,947148813.0,2172851677.0
007770,한일화학,CFS,54345117995.0,56243122357.0,30230508984.0,31511318032.0,36668081115.0,35711064816.0,102201549298.0,108101038499.0,31275707577.0,31506904848.0,-2812653422.0,-1335380737.0,-4034772463.0,-1371287126.0
007820,엠엑스로보틱스,CFS,85229347299.0,79519899131.0,45934083824.0,40615815637.0,54643843057.0,49718887454.0,60015076444.0,59863173051.0,37841986772.0,32346124135.0,268251652.0,2089592936.0,-1472065049.0,2981968581.0
008290,원풍물산,CFS,19160089667.0,21891844888.0,3642310392.0,31801948378.0,3778930585.0,31801948378.0,17810211357.0,20544163382.0,4040047031.0,6030628810.0,-1381440168.0,-1231038940.0,-1576228481.0,-1628886338.0
0082N0,카나프테라퓨틱스,,,,,,,,,,,,,,,
008370,원풍,CFS,71217401050.0,62792456473.0,9971813111.0,3018915996.0,13576417154.0,6735545572.0,92910807950.0,91578044945.0,24083598931.0,21859026832.0,2078539391.0,2244727523.0,1557517192.0,2559820258.0
008470,부스타,CFS,63068714433.0,62560769682.0,20747300542.0,22446915020.0,26371691726.0,26379685572.0,77307756347.0,78627628604.0,31781327074.0,25565038075.0,1327011937.0,961333091.0,-193070041.0,1035664149.0
008830,대동기어,CFS,92567068600.0,102693802640.0,109662846091.0,128981338527.0,166465603107.0,163859772924.0,81599614535.0,85553708334.0,59138967864.0,78864947944.0,357131625.0,2741862892.0,-1203605134.0,1339644791.0
0088D0,메리츠제1호스팩,,,,,,,,,,,,,,,
0088M0,메쥬,,,,,,,,,,,,,,,
0091W0,신영스팩11호,,,,,,,,,,,,,,,
009300,삼아제약,CFS,125260968062.0,113088937110.0,19240890057.0,20508104809.0,24834118623.0,28758074694.0,223990838062.0,219975767583.0,17422274808.0,25029734264.0,2009706936.0,7564496476.0,2692616413.0,6348255801.0
0093G0,미래에셋비전스팩8호,,,,,,,,,,,,,,,
009520,포스코엠텍,CFS,108729151365.0,113441675896.0,34023654206.0,37724721580.0,34349146729.0,37944730555.0,104487891259.0,111813133703.0,89345921880.0,80569005520.0,-3244441828.0,2006094251.0,-3603475934.0,1862388634.0
009620,삼보산업,CFS,160905505807.0,149580803456.0,219244967507.0,209699341212.0,270787582045.0,263962379620.0,34180225494.0,31791814369.0,75652108168.0,94744506782.0,4340858801.0,1402901375.0,1912886476.0,-4040993240.0
0096B0,삼성스팩12호,,,,,,,,,,,,,,,
0096D0,미래에셋비전스팩9호,,,,,,,,,,,,,,,
009730,이렘,CFS,48391991818.0,59698335129.0,32823424622.0,46867864513.0,65699043572.0,77665410950.0,52952338087.0,52663290570.0,23072525031.0,26617444441.0,-3068858349.0,-691773552.0,-1210965737.0,-2635926743.0
009780,엠에스씨,CFS,136969948713.0,129105461787.0,77500347700.0,80222235328.0,87223397322.0,89919374737.0,180149620560.0,169574664874.0,50833782733.0,46397181840.0,9196295509.0,7562880891.0,6140092970.0,5673185144.0
0097F0,미래에셋비전스팩10호,,,,,,,,,,,,,,,
0098T0,교보19호스팩,,,,,,,,,,,,,,,
0099W0,미래에셋비전스팩11호,,,,,,,,,,,,,,,
0099X0,IBKS제25호스팩,,,,,,,,,,,,,,,
010170,대한광통신,CFS,94164343465.0,100943077261.0,142162482727.0,144703785611.0,155990829873.0,168835060507.0,54480592908.0,40826257677.0,41638182684.0,40168672189.0,-2773349398.0,-3177964469.0,-1081437144.0,-7964207746.0
0101C0,하나36호스팩,,,,,,,,,,,,,,,
010240,흥국,CFS,80895069717.0,75753027801.0,17161033211.0,14029333540.0,18785961805.0,17120947567.0,110486931826.0,109182934489.0,34758823892.0,34184904146.0,3767370374.0,3021883396.0,1789845801.0,2825717854.0
010280,아이티센엔텍,CFS,182260510550.0,178460103663.0,181290603424.0,186257476757.0,225563243626.0,191998031013.0,71311747593.0,76820561835.0,127830606478.0,81281782012.0,1459281264.0,-838472867.0,-4976842979.0,-202776920.0
010470,오리콤,CFS,146635621753.0,137081407485.0,86164534608.0,79640096004.0,108748310223.0,99116689061.0,123163562964.0,123798623997.0,63409902583.0,51537123143.0,4155456087.0,3574846627.0,3505309369.0,2983404029.0
0105P0,유진스팩12호,,,,,,,,,,,,,,,
011040,경동제약,CFS,101021266164.0,101829283957.0,84567079818.0,78428372667.0,90224283165.0,82535668961.0,213439610093.0,220336956662.0,49416502805.0,49690057493.0,478355679.0,636361681.0,-423412955.0,1464704847.0
011080,형지I&C,CFS,42881281638.0,40129855688.0,24349617201.0,29871481908.0,28638521873.0,36648897475.0,39142945162.0,28221071857.0,14194798363.0,15709296489.0,-1013728818.0,-198724162.0,-2132463399.0,-216134140.0
011320,유니크,CFS,144977486642.0,135173874010.0,130907300647.0,125104486117.0,153380621072.0,143542089120.0,128913682801.0,124570304919.0,107791112646.0,92293394379.0,5458636278.0,4225791827.0,3818823071.0,3048325702.0
011370,서한,CFS,861768096091.0,953170138283.0,470999198596.0,574237952300.0,747354335213.0,860420619473.0,550970063729.0,524911491984.0,198163847565.0,216921450359.0,33940397338.0,5971816401.0,20339101308.0,2239911573.0
011560,세보엠이씨,CFS,303155925559.0,306013724984.0,122332511758.0,128390891394.0,139314896529.0,139885805832.0,254249061136.0,241718530101.0,178273947391.0,202792548777.0,9762781239.0,8770805762.0,9480406316.0,7547859358.0
0115H0,삼성스팩13호,,,,,,,,,,,,,,,
0117P0,피스피스스튜디오,,,,,,,,,,,,,,,
012210,삼미금속,CFS,33388301366.0,27316070050.0,58973516100.0,49938529756.0,98433378900.0,98926579415.0,81491593225.0,73820906285.0,22565990682.0,18722013717.0,2444282445.0,1846862567.0,1622167563.0,1772839563.0
012340,뉴인텍,CFS,32556693070.0,29723183863.0,44661593853.0,35396689996.0,54446693291.0,50064763215.0,22606725521.0,25684300013.0,21545451145.0,21576516499.0,-1656306873.0,-762560019.0,-2576585184.0,-895295746.0
012620,원일특강,CFS,174924140939.0,153137711337.0,106470679850.0,89618360021.0,112537259782.0,95874433992.0,164377048515.0,160201463021.0,105163989862.0,102815480835.0,4346256304.0,3754694660.0,3573992407.0,1741092484.0
012700,리드코프,CFS,816903801119.0,744864729608.0,473570236453.0,404505557636.0,597623392314.0,479256035802.0,457004991236.0,419403616336.0,90146597572.0,107693953737.0,2416026554.0,5109526791.0,13251566375.0,4189914790.0
012790,신일제약,CFS,78459418182.0,77449170999.0,13888105987.0,16452856762.0,18080658944.0,19355663176.0,149100124437.0,146505712284.0,19557548837.0,24500399326.0,3171567843.0,4468767603.0,2775019602.0,3953741857.0
012860,모베이스전자,CFS,427167028851.0,437910389997.0,431297446162.0,443284328584.0,542975533474.0,558987182912.0,227805336049.0,227650748885.0,263113606958.0,246877384172.0,9375569576.0,13247641633.0,-1263744602.0,6204328154.0
0129K0,신한제18호스팩,,,,,,,,,,,,,,,
013030,하이록코리아,CFS,358155415312.0,367167095120.0,24211679132.0,25915261384.0,38151697235.0,36716960000.0,429082459093.0,435963251846.0,54333025958.0,46087068689.0,16429010197.0,14699213560.0,11153104204.0,13059467969.0
0130D0,신한제17호스팩,,,,,,,,,,,,,,,
0130H0,엔에이치스팩33호,,,,,,,,,,,,,,,
013120,동원개발,CFS,1335028815130.0,1286003700508.0,195746782793.0,189391514389.0,365749890170.0,331956291081.0,1051454619038.0,1046366295258.0,105424577608.0,160624899965.0,4271112072.0,9612425363.0,6483529581.0,8802539348.0
0131D0,키움히어로제2호스팩,,,,,,,,,,,,,,,
0132G0,교보20호스팩,,,,,,,,,,,,,,,
013310,아진산업,CFS,528683457586.0,388141550316.0,511077715774.0,439901829765.0,1054382891998.0,958150207137.0,334551606536.0,331684904235.0,255571712756.0,198691631159.0,47490146205.0,9966076597.0,22873356526.0,998000497.0
0134X0,대신밸런스제20호스팩,,,,,,,,,,,,,,,
013720,청보,CFS,24877589341.0,19916105609.0,16641329324.0,14978296229.0,22019954019.0,20528684499.0,66567331002.0,58300505633.0,6320695764.0,7132719116.0,288779939.0,283633402.0,-623941987.0,-416054074.0
013810,스페코,CFS,50485658167.0,56847618648.0,24226674024.0,25827370301.0,36272023889.0,40468638153.0,45506338628.0,46244258373.0,7850903672.0,8131758948.0,-418037620.0,-958204633.0,-297047682.0,-376122328.0
013990,아가방컴퍼니,CFS,115877307891.0,115448650039.0,38413997213.0,42222017356.0,51824896962.0,56213810425.0,172414254873.0,167552989186.0,44511626864.0,43606993815.0,4890458745.0,6149329785.0,4249812058.0,4786773307.0
014100,메디앙스,CFS,23700204779.0,24413571755.0,29242817461.0,29729683025.0,38701325302.0,39061535186.0,67358811903.0,73696997218.0,13947813998.0,15758913420.0,846364571.0,-3418344958.0,-940753257.0,-10760413634.0
014190,원익큐브,CFS,104472271052.0,118523293471.0,31980582544.0,44289090180.0,40514553317.0,46489578459.0,109811229591.0,106877322123.0,78954713521.0,78060430172.0,2686822150.0,1575843929.0,2321483850.0,1228712140.0
014470,부방,CFS,71994027124.0,107492661291.0,52042889009.0,126858892049.0,74086155725.0,148492977426.0,170055544069.0,168774792056.0,77744437331.0,83167077757.0,-143687974.0,712449592.0,1188340203.0,193121480.0
014570,고려제약,CFS,65463281463.0,62925434190.0,8246382261.0,7210112259.0,11240562604.0,10781299944.0,79133755350.0,78106002540.0,14936590104.0,18966574038.0,2240055653.0,4881513197.0,1989506277.0,-1112402292.0
014620,성광벤드,CFS,314231166832.0,310361598549.0,33595731579.0,34883625786.0,41240607308.0,44348506483.0,529069431500.0,518749675916.0,58108547980.0,66887367076.0,10770220498.0,20366297119.0,6455597355.0,18058565568.0
014940,오리엔탈정공,CFS,75640450241.0,68812361580.0,77690126574.0,78987276634.0,104812660040.0,105554683482.0,116515045333.0,110132169395.0,51535902036.0,55166378054.0,6238725595.0,6890852905.0,4103397409.0,6680798431.0
014950,삼익제약,CFS,41410213976.0,34128504755.0,11336952077.0,10431911452.0,13984264061.0,12356758129.0,53354872000.0,51951945269.0,14920216187.0,14229756255.0,1136142116.0,777229766.0,716397980.0,967840663.0
014970,삼륭물산,CFS,50384424136.0,46919566754.0,45429290547.0,42779742357.0,49126226988.0,47010456513.0,52706362845.0,51673631624.0,24680825715.0,23916937620.0,944840602.0,484245609.0,1146076452.0,35121032.0
015710,코콤,CFS,64475701364.0,63251963445.0,18397225105.0,18766645025.0,25404386587.0,25442771784.0,126193182556.0,123985810890.0,26528573052.0,20528790512.0,1155554345.0,-675105240.0,1266560995.0,-73855044.0
015750,성우하이텍,CFS,2044433427937.0,2016483442334.0,1889001161801.0,1965804109636.0,2728940442495.0,2721044802192.0,1899183001709.0,1842065789472.0,1153919361798.0,1114487357962.0,65383671135.0,38129940199.0,21913096656.0,31244064975.0
016100,리더스코스메틱,CFS,21016787597.0,23183160176.0,33123678933.0,34762289597.0,38744983569.0,37335688489.0,33392341662.0,37406902652.0,19510289056.0,18963772952.0,-515302100.0,-8790321.0,-717791234.0,545933663.0
016250,SGC E&C,CFS,769883940907.0,767163012845.0,578120269827.0,671517681902.0,905814126587.0,981780706262.0,409249283040.0,316976813622.0,336035230776.0,301835000858.0,14943658326.0,936165249.0,-8470666451.0,-7372792011.0
0164H0,한국제16호스팩,,,,,,,,,,,,,,,
0165X0,메리츠제2호스팩,,,,,,,,,,,,,,,
016600,큐캐피탈,CFS,,,,,41109550283.0,41325954768.0,138937709443.0,138094113910.0,,,,,457287569.0,4658304215.0
016670,디모아,CFS,78826242763.0,68499803819.0,45669454657.0,30686773673.0,47805488471.0,32026946073.0,68552464272.0,62181419262.0,5973060554.0,4335235610.0,1039779747.0,-282486029.0,6080169678.0,-1265716467.0
016790,현대사료,CFS,66770258423.0,67536023432.0,13995269126.0,22244945373.0,28173047906.0,28052894996.0,77316769933.0,88931121555.0,27057586750.0,31589844762.0,-253832229.0,1505812552.0,14208069.0,38840255851.0
016920,카스,CFS,80616966858.0,77716179520.0,98140364669.0,92518424590.0,109522320599.0,103048079456.0,65519963932.0,69711282272.0,38540507061.0,38844324123.0,654788017.0,596134627.0,-946858432.0,253047737.0
017000,신원종합개발,CFS,166606680498.0,157470837553.0,75948450460.0,72210462160.0,107613303396.0,111263948975.0,110497250582.0,106997656933.0,47880354300.0,58905819676.0,1291245413.0,925613517.0,1249972973.0,2698537486.0
017250,인터엠,CFS,42129950831.0,43205873107.0,35798985208.0,38361200970.0,45097128279.0,45627859152.0,39524965622.0,40320121752.0,13558282654.0,14747257710.0,-271298417.0,289886898.0,-783835954.0,-873489495.0
017480,삼현철강,CFS,180621604543.0,180534306285.0,22342199089.0,21674155923.0,22404520603.0,21674155923.0,193058857033.0,195194764606.0,54430219474.0,60253132928.0,1869109778.0,-241061271.0,1775807598.0,601869631.0
017510,세명전기,CFS,31249982363.0,24398001680.0,7144828019.0,3466073355.0,13416837653.0,9878751995.0,85243273321.0,78580956066.0,11076510263.0,3444252054.0,6202283600.0,752723682.0,5519361907.0,-203335547.0
017650,대림제지,CFS,92923991431.0,84830095094.0,16118195663.0,15022689009.0,44223313550.0,43257538778.0,280655319150.0,274106778503.0,40637714882.0,39685376466.0,4088710908.0,1425471864.0,3824339483.0,1797964706.0
017890,한국알콜,CFS,208401640834.0,199984245978.0,48327972014.0,39248073752.0,101745704431.0,92968334166.0,571997143598.0,561955806071.0,105962800893.0,109246178998.0,9337041080.0,7781064999.0,11094564362.0,8920551720.0
018000,유니슨,CFS,58031342436.0,39929580479.0,169461691775.0,160636328938.0,191487642934.0,182760478433.0,57433546260.0,66210386048.0,13285012689.0,5234051468.0,-1653596667.0,-3128091288.0,-7704295725.0,-6799150646.0
018120,진로발효,CFS,67998852408.0,62578989705.0,10110432376.0,7021625176.0,12371338298.0,9025980225.0,89962867401.0,88672511862.0,25357472947.0,27684965783.0,5632073857.0,4837131546.0,4623596421.0,4574581447.0
018290,브이티,CFS,237780238691.0,213057247574.0,95235316942.0,103652567747.0,102171414402.0,118903508491.0,279103266177.0,240702601527.0,111520825859.0,113352649646.0,29066880443.0,27022616665.0,21267639845.0,16069546562.0
018310,삼목에스폼,CFS,401564813203.0,400863558426.0,104052793157.0,112960138204.0,126116738164.0,136598800876.0,645579848311.0,644674852163.0,92018058297.0,99387074005.0,9515046279.0,20697813099.0,6375491217.0,18309852268.0
018620,우진비앤지,CFS,39394507299.0,40882939455.0,29395423211.0,31924860937.0,43899918446.0,43454448377.0,68531988258.0,69415158530.0,13740771759.0,14427903280.0,205930101.0,858296212.0,1038266659.0,2899395839.0
018680,서울제약,CFS,34494100995.0,32257237031.0,17309643644.0,14141378746.0,34329938646.0,31448162683.0,38677069284.0,40171982583.0,12010636712.0,12851940324.0,-913646139.0,156381507.0,-1330710226.0,271860459.0
018700,졸스,CFS,21437426922.0,21944128652.0,9345240504.0,13031251599.0,12947996017.0,17426835962.0,30431552489.0,28961266332.0,16560689469.0,15319073652.0,-252108880.0,-1831071948.0,-937811026.0,-3711509176.0
019010,베뉴지,CFS,152753659163.0,139739269627.0,154297394310.0,166455236059.0,263922401549.0,272148879436.0,367433574693.0,347413995632.0,14614228806.0,14403383724.0,6803917772.0,6973412976.0,10701076621.0,5757172771.0
019210,와이지-원,CFS,635144551671.0,565554863989.0,574636434372.0,535701014092.0,753785954338.0,672592952023.0,393984186784.0,403584111785.0,150738655754.0,140734611003.0,15564196036.0,11219147979.0,2433373292.0,4400448990.0
019540,일지테크,CFS,323372754677.0,267259922124.0,305638058703.0,284834677988.0,440030774202.0,425065450648.0,160371240667.0,150332698154.0,216580431489.0,188503724728.0,6516353149.0,10449780778.0,7957106009.0,14290559359.0
019550,SBI인베스트먼트,CFS,52105648380.0,59800248359.0,2875217175.0,3388652244.0,4993162429.0,4275651419.0,139491054172.0,137474408019.0,4305192419.0,6966415872.0,,,1109634697.0,3212485573.0
019570,플루토스,CFS,29017169338.0,32669961065.0,13598542071.0,10059756575.0,13722835006.0,10134637441.0,38719663965.0,37440891821.0,,,996186756.0,4783594254.0,1439739348.0,3823481638.0
019660,글로본,CFS,13803392745.0,10813215445.0,1287636797.0,2221993345.0,1770828833.0,2255781418.0,15363384600.0,11144110055.0,1384402325.0,6412112267.0,-563010800.0,-57263434.0,-376835731.0,-96783298.0
019770,서연탑메탈,CFS,104818108036.0,86223833209.0,55202097228.0,54973839751.0,57243537468.0,57578319381.0,97229103597.0,92206476327.0,45256352195.0,51827213815.0,4915170827.0,3607451746.0,3144889741.0,3189173506.0
019990,에너토크,CFS,21133036956.0,20766720080.0,2760232663.0,2418107525.0,3304582647.0,3097017450.0,41221737004.0,41589875023.0,6329256249.0,5364409793.0,-752240293.0,-187252370.0,-701409729.0,-10322311.0
020180,대신정보통신,CFS,118598152652.0,106544910699.0,96458554927.0,45421115536.0,116839720056.0,96662192142.0,38310258006.0,38942736867.0,48484275645.0,29527838077.0,2188565544.0,-1990389694.0,1211413370.0,-1739276095.0
020400,대동금속,CFS,29400539786.0,26620784365.0,39354580865.0,37181367322.0,54223926410.0,51466413813.0,44646325057.0,45866594573.0,29410525225.0,25597340542.0,287520458.0,-1303681119.0,52424136.0,-1707898200.0
020710,시공테크,CFS,80087459705.0,91705416330.0,42232557287.0,57759142668.0,55073933331.0,69660883794.0,162986277792.0,157532416867.0,38073658204.0,24289279555.0,3655869655.0,-2089613166.0,6365008956.0,2848357420.0
021040,대호특수강,CFS,115927786202.0,118853544986.0,124785622417.0,120434571351.0,139076423474.0,143904297626.0,40790572933.0,40998176244.0,72472915277.0,81446849270.0,1600890354.0,1385031305.0,537221727.0,-8861981.0
021045,대호특수강우,,,,,,,,,,,,,,,
021080,에이티넘인베스트,CFS,62224835666.0,71753192771.0,19685037616.0,29107729468.0,22293106828.0,34216051995.0,189975193444.0,182633288838.0,23780745137.0,9304406595.0,11070094731.0,3366177682.0,8944938639.0,3120938889.0
021320,KCC건설,CFS,1014517216896.0,908709365263.0,919502610739.0,680236803949.0,1081797751198.0,970078202930.0,528119107786.0,508559512856.0,487165234011.0,447989612517.0,17144446316.0,3024169216.0,9291355737.0,1111300595.0
021650,한국큐빅,CFS,116166446804.0,109356150386.0,74232368489.0,72870438365.0,77599739942.0,76692752955.0,96904953520.0,94773911753.0,61953662251.0,67303700959.0,3564265038.0,4172884128.0,1072564066.0,3342678370.0
021880,메이슨캐피탈,CFS,,,,,12644054667.0,14189047347.0,83824351808.0,54992629389.0,4606869310.0,6002208867.0,-487734689.0,-256293319.0,-331538832.0,-277942043.0
022220,티케이지애강,CFS,41646282656.0,45696586766.0,22119371584.0,10405685501.0,57172139055.0,11891853795.0,94460100355.0,97993699503.0,19210196162.0,17495478326.0,-2100656399.0,-200027197.0,-1974871922.0,167042636.0
023160,태광,CFS,324760501664.0,308837752518.0,38558256536.0,34503118953.0,56830816483.0,50851645509.0,626834361147.0,609487365059.0,72315648639.0,65538316297.0,7656783941.0,9816917523.0,13382480386.0,10448310404.0
023410,유진기업,CFS,549678050486.0,555661775871.0,958069254664.0,854711671721.0,1335301720215.0,1348176971778.0,1165527441323.0,1026691337024.0,347593510534.0,384012953789.0,11002713860.0,25731504646.0,89843215805.0,32412603754.0
023440,제이스코홀딩스,CFS,41468264104.0,28171892579.0,58509639972.0,54077348174.0,61450552479.0,56844124351.0,71452498452.0,49051398352.0,10690789431.0,7055258448.0,-3037796343.0,-4551966159.0,-7021155521.0,3183204478.0
023600,삼보판지,CFS,249043355938.0,247695340105.0,96392120257.0,81555441524.0,181985971876.0,175744424634.0,653073042703.0,637925846259.0,135440719339.0,137641535043.0,9696256558.0,12299892337.0,9457280211.0,11484402634.0
023760,한국캐피탈,CFS,,,,,4052825949842.0,3786612886756.0,705660216348.0,673685463526.0,,,,,24166207686.0,18809131822.0
023770,플레이위드,CFS,18441506016.0,11988567633.0,14870203962.0,12876337684.0,18665994076.0,17925162162.0,19720795252.0,19056830577.0,13609505870.0,6054859388.0,753841094.0,-3075866190.0,1578744103.0,-2908701202.0
023790,동일스틸럭스,CFS,13055946817.0,14525838867.0,37035589592.0,39288744501.0,53538273687.0,54571265639.0,14980818019.0,16991378086.0,4944389244.0,4551584145.0,-597849743.0,-73845926.0,-983220836.0,-505836049.0
023900,풍국주정,CFS,59136354495.0,59542147490.0,19570422482.0,19238538483.0,29768883316.0,29184892511.0,190888804917.0,186053714812.0,40456858228.0,36966101302.0,3247127432.0,2888956514.0,2961438661.0,2352707477.0
023910,대한약품,CFS,163571526799.0,137365780221.0,43367185466.0,42644017384.0,50394313806.0,48417628383.0,284551153285.0,275993788722.0,51493390948.0,48883355662.0,7747913299.0,8405635171.0,6203030017.0,8018225473.0
024060,흥구석유,CFS,7066411462.0,8124300607.0,12339017933.0,12890028843.0,13410500585.0,14004200182.0,78106880353.0,78922743547.0,26444392556.0,29953198215.0,-791133127.0,-495728442.0,-548981566.0,-334363438.0
024120,KB오토시스,CFS,111046209812.0,106999284146.0,98499592909.0,88778330598.0,125716644233.0,121719436593.0,112277988590.0,118982873164.0,55959442534.0,56529408132.0,3353340532.0,1554749567.0,273443157.0,1340437135.0
024740,한일단조,CFS,143684962746.0,152139611611.0,109566452817.0,115308483187.0,117014171030.0,126998345989.0,137961343259.0,137967291659.0,32672168011.0,37136882212.0,1355705436.0,3503985226.0,-185138616.0,2563056684.0
024800,유성티엔에스,CFS,21263717931.0,30526175537.0,73442157057.0,87973151873.0,101810015757.0,117494348649.0,521103767233.0,495576000965.0,16030006028.0,41163600169.0,806710323.0,1933175688.0,14305659386.0,12005860722.0
024830,세원물산,CFS,262636179961.0,249730973415.0,54909468641.0,57063795958.0,93203042223.0,94018268394.0,388776010461.0,381410293871.0,59687348520.0,62505731226.0,1915388578.0,-282542104.0,6487972598.0,2767050760.0
024840,KBI메탈,CFS,195184541365.0,177301795156.0,136382689315.0,98687041693.0,146214948964.0,127304715705.0,128990867043.0,130349897936.0,201243521765.0,182049933764.0,-1993077528.0,13265666292.0,823013855.0,2747644024.0
024850,HLB이노베이션,CFS,70103286249.0,55517202905.0,43362328728.0,13554105576.0,45049503949.0,16028155146.0,222979700607.0,251982911446.0,8990097225.0,6132626961.0,-9522379541.0,-263840247.0,-10017120835.0,120061370.0
024880,케이피에프,CFS,361029402434.0,379123674107.0,344810424033.0,367047219193.0,375489655963.0,406379277195.0,259324931167.0,255987732230.0,191119373468.0,206853682688.0,10053088784.0,13820704392.0,4084875863.0,8277844951.0
024910,경창산업,CFS,166544740891.0,157605944193.0,262941145725.0,258434857473.0,354328630791.0,343896888038.0,140290815475.0,141577609443.0,184398589831.0,163644112793.0,2046862160.0,4306990922.0,-563655440.0,-277864791.0
024940,PN풍년,CFS,41205870059.0,40321787803.0,6412705887.0,6920985178.0,7321293661.0,7539952690.0,50982898172.0,49276767014.0,12803040570.0,12407455157.0,145221253.0,-71625064.0,1150211110.0,213658569.0
024950,삼천리자전거,CFS,144526458959.0,146692763547.0,100046526058.0,101448393532.0,111545516879.0,121637359365.0,165756818936.0,159696654483.0,49045405203.0,48816008906.0,6108489532.0,3003753242.0,5158107295.0,1720754663.0
025320,시노펙스,CFS,123282695155.0,99611095796.0,72396652312.0,60470079645.0,80896601882.0,67776755580.0,168574622841.0,167637040544.0,67652475495.0,55760449041.0,5664081563.0,3721240548.0,2695951934.0,5833931049.0
025440,DH오토웨어,CFS,142446821417.0,100371283413.0,141343806425.0,120201832678.0,255829373365.0,215596992098.0,74975896010.0,57845390838.0,122530921736.0,100964082138.0,-871600668.0,-1194924411.0,227450614.0,1138152207.0
025550,한국선재,CFS,136584721525.0,135071573655.0,120900324605.0,104619007906.0,150651123357.0,135738033014.0,144663219588.0,145690333298.0,56100876630.0,59840336091.0,5168522103.0,2131092863.0,5416031402.0,1017678348.0
025770,한국정보통신,CFS,462188858000.0,349075906000.0,238993388000.0,143798907000.0,254405513000.0,156409020000.0,318968809000.0,306452843000.0,204838008000.0,202587754000.0,14019871000.0,14710296000.0,10901958000.0,12063351000.0
025870,신라에스지,CFS,31395082266.0,20836107144.0,34117448755.0,13873950658.0,39685669057.0,28500199142.0,16098235902.0,17363413587.0,17873345274.0,23611407897.0,-439690238.0,1044474066.0,-513241665.0,831398511.0
025880,케이씨피드,CFS,55625687412.0,48012023893.0,37660388792.0,28639786367.0,38949660869.0,31333125574.0,75223589050.0,71970230488.0,32107300266.0,26352098086.0,2907032833.0,2820279180.0,2745722569.0,2493530820.0
025900,동화기업,CFS,295260224430.0,388059837756.0,729158982223.0,815427697836.0,1353419203523.0,1419417502379.0,915736332315.0,977783899371.0,205604997569.0,206109962107.0,-5009378506.0,3794178284.0,-845958135.0,-5327491931.0
025950,동신건설,CFS,82434392546.0,83461554413.0,10523155494.0,11704778146.0,12591185000.0,13919787688.0,97895701309.0,98716253653.0,8773742915.0,18700165280.0,611799381.0,760006082.0,1692648525.0,1513521191.0
025980,아난티,CFS,180233928302.0,192731025136.0,260284255779.0,458863039619.0,916526957868.0,911040886185.0,677323668683.0,711361342600.0,61851976514.0,70363669350.0,-2504768491.0,-5919800939.0,-29473808814.0,-10442290344.0
026040,제이에스티나,CFS,31432809600.0,29016825066.0,8537872542.0,8519426534.0,9964224038.0,10324689099.0,41027358465.0,40336305103.0,17176511099.0,18547286495.0,-144415310.0,-126443114.0,18689365.0,-199446771.0
026150,특수건설,CFS,122493505526.0,133178735604.0,80131668483.0,99525674274.0,105197891141.0,109672540490.0,120004500400.0,108690980816.0,48188637973.0,50406386492.0,-20445194.0,1031537299.0,-745497954.0,35055746.0
026910,광진실업,CFS,34284291946.0,34788364761.0,43794846342.0,39441250871.0,71620205838.0,69475707631.0,22536641908.0,24776374440.0,15230560494.0,16160942660.0,-794356690.0,-2158401163.0,-581362163.0,-1925311636.0
027040,서울전자통신,CFS,19259828204.0,27407212620.0,29688987773.0,40883802627.0,42333482756.0,54420205158.0,9021537352.0,15003347601.0,9166018994.0,8624492070.0,45430956.0,-483073837.0,153339.0,-884533212.0
027050,코리아나,CFS,34351545910.0,36308955089.0,14651409298.0,15120814343.0,20599054439.0,21456985570.0,85271451010.0,86322556896.0,20506289752.0,21528235735.0,-506942257.0,204470090.0,616351334.0,253142284.0
027360,아주IB투자,CFS,,,,,76839002570.0,80584740272.0,258135181615.0,261129182967.0,,,,,2424886812.0,3419899832.0
027580,상보,CFS,67974715671.0,67821113847.0,46159321534.0,45739372212.0,55042612956.0,54288454336.0,46544079065.0,51131936935.0,15240195493.0,15531365674.0,-465912340.0,647060578.0,-1829149512.0,1227489738.0
027710,팜스토리,CFS,606685452969.0,610627872599.0,607312565244.0,640636120672.0,667344000908.0,689416315215.0,319647009324.0,308587019685.0,371507768823.0,364439785275.0,15889752256.0,19786309302.0,18598732301.0,8316938382.0
027830,대성창투,CFS,50332546331.0,59096114188.0,419036520.0,1693668672.0,557138305.0,1701297672.0,96300861374.0,98779413338.0,2565880569.0,8647629138.0,28538121.0,7052840237.0,-2801778312.0,6008891892.0
028080,휴맥스홀딩스,CFS,196258803655.0,287482890464.0,256447332292.0,344685664132.0,438856660570.0,505317002950.0,112886547001.0,163653016659.0,113549960306.0,118375049171.0,-5739851601.0,3620721287.0,-37709588206.0,-28808497925.0
028300,HLB,CFS,123602854268.0,172281679541.0,191562241639.0,160718376716.0,231484058276.0,235310995214.0,513849340067.0,652113818215.0,15732443379.0,14794148400.0,-23061473106.0,-37470348733.0,-60751604424.0,-107223583267.0
029480,광무,CFS,145837855822.0,182433629609.0,18726276276.0,37608881524.0,22900922880.0,49001163131.0,202904909379.0,232201380502.0,2452525929.0,1411768438.0,-1125374741.0,-262466773.0,13126806239.0,47635890386.0
030350,드래곤플라이,CFS,4221001054.0,5368671381.0,9770812259.0,9507026875.0,10442455690.0,10029807866.0,11715406984.0,13247584564.0,4085699640.0,5253269150.0,-246371320.0,-1676144999.0,-812830666.0,-4858257212.0
030520,한글과컴퓨터,CFS,321237623358.0,301472580464.0,132009971654.0,130175967340.0,200360361068.0,196273107269.0,502319590126.0,485666272174.0,86412575354.0,90519456008.0,16404841198.0,19920287670.0,15083817218.0,21195028974.0
030530,원익홀딩스,CFS,322366041919.0,363038309672.0,603846261393.0,574057113202.0,676688188159.0,641601852997.0,1254067595871.0,1248469845742.0,157556525045.0,175200601117.0,-1860225279.0,9542239707.0,-2991226843.0,-901862768.0
030960,양지사,CFS,136769848788.0,131890641049.0,26922559188.0,16725361150.0,28242968172.0,17728771610.0,189381540305.0,188169295596.0,25059590866.0,26747150620.0,1321788953.0,2552988807.0,1762785894.0,3237014746.0
031310,아이즈비전,CFS,110743066074.0,110930702094.0,63350033801.0,34263478712.0,69521386918.0,47139308709.0,197068281101.0,193068978931.0,47204636231.0,48318175333.0,1502463328.0,30195858.0,2920778080.0,-1082642378.0
031330,에스에이엠티,CFS,847345930528.0,719651653059.0,525186032267.0,392611491956.0,534653788491.0,402434225260.0,424276241510.0,430580095588.0,918010552994.0,718130680818.0,22251510416.0,14864036770.0,14632250475.0,21598801588.0
031510,오스템,CFS,89257353199.0,85969514435.0,52784536909.0,48198810424.0,61083928929.0,54837429855.0,62992713200.0,64972139031.0,30116941749.0,30632173046.0,2385500931.0,1391812410.0,1862726818.0,-3591393325.0
031860,디에이치엑스컴퍼니,CFS,14147603725.0,20105493372.0,8550501235.0,7814822355.0,9453628739.0,8910079354.0,38211157752.0,47246747648.0,3694744785.0,1473613706.0,-1899810644.0,-1947017508.0,-6363326459.0,947893711.0
031980,피에스케이홀딩스,CFS,254898616482.0,241142492384.0,87310824821.0,51738271298.0,116181054370.0,82100998394.0,441095707768.0,431463424801.0,34657233583.0,40523650200.0,8450383251.0,15574828253.0,17381849263.0,15162994962.0
032080,아즈텍WB,CFS,73947917747.0,72666916202.0,8934982506.0,11376711964.0,11089611419.0,11724101018.0,108783555190.0,106251389038.0,6895202249.0,8191126057.0,-375182091.0,-437156100.0,2135582081.0,-455737548.0
032190,다우데이타,CFS,58707751079592.0,48060173962098.0,58690412646480.0,48284803620713.0,62320120417174.0,51286171478053.0,6950600227277.0,6470930135849.0,4728978712870.0,2488697038085.0,438789327917.0,340672580526.0,327589764104.0,237401951890.0
032280,삼일,CFS,14372714432.0,15899088275.0,40246665593.0,34978436395.0,41789433272.0,44950311866.0,64117157621.0,63397288404.0,24797035854.0,26633265573.0,453338867.0,839407999.0,82266844.0,434733322.0
032300,한국파마,CFS,68555339019.0,73633548095.0,40094626344.0,19320751850.0,55808137710.0,40945529859.0,71035220606.0,71441420171.0,23385899169.0,19830732706.0,82574531.0,1383746671.0,-375776134.0,1165477175.0
032500,케이엠더블유,CFS,97991460509.0,111136013863.0,122249970583.0,117105935229.0,130274400039.0,125390345718.0,119047897686.0,143650686108.0,25283633625.0,17691275745.0,-4625687039.0,-13421963767.0,-14376333110.0,-14930146802.0
032540,TJ미디어,CFS,49961993122.0,53836894619.0,32529817242.0,31232205553.0,42064593750.0,39385858847.0,81760979701.0,85335199600.0,27490257083.0,23169812004.0,331630026.0,1808875010.0,124968023.0,1381569297.0
032580,피델릭스,CFS,46935513082.0,50355525583.0,6392706085.0,6409519672.0,8990816594.0,9129957344.0,43905683609.0,47550626152.0,11948325874.0,10021470349.0,-1586627034.0,-472716815.0,-2870000607.0,194027220.0
032620,GC메디아이,CFS,58029981420.0,58414107100.0,35049551574.0,32802384451.0,47580189333.0,52290576599.0,155767324079.0,107773038232.0,48673547294.0,46559516344.0,1111605127.0,76867554.0,36711744834.0,-1038594533.0
032680,소프트센,CFS,61682039853.0,69978520911.0,25421596157.0,29694900079.0,25666569576.0,30017752674.0,61997821677.0,66890101036.0,10344549334.0,17276188979.0,307590855.0,-733868847.0,-1187299293.0,96190803.0
032685,소프트센우,,,,,,,,,,,,,,,
032750,삼진,CFS,75805320736.0,80174062524.0,13021779293.0,18628292413.0,13379765781.0,19547247466.0,106046716876.0,106616908078.0,36156182492.0,39420664236.0,1543572396.0,1952853790.0,305370406.0,2761475789.0
032790,엠젠솔루션,CFS,32533002111.0,41124576464.0,22376380862.0,24443946513.0,24278475017.0,27303137349.0,35194286830.0,44120655713.0,9624071641.0,11692351002.0,-2211223782.0,-1223753243.0,-4409641612.0,-790387215.0
032800,판타지오,CFS,58744916157.0,52391381242.0,46884389067.0,36183619104.0,50802389806.0,39538629488.0,46084319435.0,48958941021.0,9275211147.0,9369315971.0,-1387618141.0,-933116953.0,-1439204803.0,1581152564.0
032820,우리기술,CFS,111208522126.0,82988672851.0,114451428588.0,73265138811.0,181594961806.0,153372917554.0,135003268957.0,112086289530.0,22584360190.0,12862580603.0,-659253157.0,-1227897688.0,20150908411.0,-763107007.0
032850,비트컴퓨터,CFS,36917485578.0,35562963584.0,7885559893.0,7538741970.0,9031366341.0,9198182499.0,71872565673.0,70400839060.0,8224567915.0,8819960062.0,1546020691.0,1700239694.0,2263822600.0,1906242851.0
032860,더라미,CFS,22486426170.0,25969755087.0,1705063848.0,4439904041.0,2425234872.0,5188851490.0,56797380269.0,56640231673.0,12413118638.0,20150613247.0,-368506001.0,1443973948.0,-329125544.0,1451531725.0
032940,원익,CFS,47447896826.0,42737479898.0,49717839985.0,45153167309.0,96650454383.0,88808134050.0,276997981131.0,273819996803.0,43886473766.0,41261116349.0,4141058358.0,4468990643.0,-60996626.0,1340785780.0
032960,동일기연,CFS,59358567030.0,56877974163.0,2295516739.0,2551127931.0,3523446205.0,3817701443.0,67390640154.0,65553492348.0,4859917255.0,6366843924.0,-262710336.0,107685859.0,1842880441.0,1449086212.0
033050,제이엠아이,CFS,41802632341.0,44089679202.0,24167691159.0,25159705200.0,29814449893.0,31173832548.0,55261129678.0,56116466561.0,21367645266.0,21258224828.0,439573764.0,1398684984.0,-251881258.0,1329343942.0
033100,제룡전기,CFS,220204639563.0,215440726053.0,35621375840.0,43684677955.0,37299989549.0,45073334552.0,210484311465.0,196694449295.0,60357879475.0,77572569346.0,20407513412.0,32761991822.0,15121031887.0,27212934592.0
033130,디지틀조선,CFS,51172024130.0,62118094788.0,8612777782.0,8221367977.0,16040478695.0,10025032610.0,88042234648.0,87962696909.0,10113506513.0,9050077745.0,2090148490.0,949762663.0,1595425108.0,994093089.0
033160,엠케이전자,CFS,363870445638.0,331733414915.0,480589181872.0,446418758890.0,1368215952686.0,1400129015305.0,919433804802.0,914068396112.0,336132279544.0,295142382188.0,11765626668.0,21258997830.0,6267579547.0,-19172340967.0
033170,시그네틱스,CFS,33448157502.0,27615045493.0,39978298778.0,33181039108.0,45775135784.0,36104675030.0,51482236056.0,69202668200.0,26539764845.0,31474671375.0,-3033845256.0,-5931056462.0,-2795987622.0,-5278644355.0
033200,모아텍,CFS,52953048459.0,53323103355.0,6631512642.0,5593155519.0,7366526345.0,6193557565.0,68605085939.0,69980766637.0,10116042607.0,8034646670.0,-554804692.0,-645873997.0,-191020564.0,-434248623.0
033230,인성정보,CFS,168613525559.0,195488242610.0,105725786422.0,111461952572.0,120652264204.0,143002358063.0,83390288913.0,89035521479.0,75158294847.0,83790792006.0,-3612083581.0,-1717748173.0,-3868021303.0,-2750056133.0
033290,로젠,CFS,107278543591.0,90635198247.0,170908162459.0,195714718488.0,557932092627.0,547823375343.0,370375694224.0,357468396579.0,192758568311.0,197486698360.0,7668557604.0,9533862591.0,11106147922.0,3275458449.0
033310,엠투엔,CFS,42347370689.0,28761408284.0,29660546910.0,27199769584.0,48921790851.0,36432640493.0,144677260154.0,145007320232.0,24159351950.0,24156608219.0,1510477236.0,1728095737.0,2348777360.0,5127044690.0
033320,제이씨현시스템,CFS,108569225831.0,103354168576.0,34069339047.0,39148782673.0,38514203391.0,44561045533.0,117609673511.0,111629256770.0,70507462160.0,58608847342.0,265675933.0,174960951.0,2348057243.0,90514597.0
033340,좋은사람들,CFS,49839128412.0,51102155384.0,17875343219.0,14201746432.0,27051500110.0,24223487527.0,53373299802.0,56613382228.0,20615917017.0,24293752768.0,-972503789.0,960654340.0,-859509738.0,980499285.0
033500,동성화인텍,CFS,325520841478.0,307243994696.0,242243762704.0,244661518921.0,251269341631.0,253014742958.0,223275758544.0,202436234795.0,193322131283.0,138272896134.0,16932461260.0,12466057976.0,11028113936.0,1139672195.0
033540,파라텍,CFS,96215563988.0,108214887023.0,79437157624.0,78838291669.0,107778736795.0,111936257615.0,99918861403.0,102457490863.0,44083637760.0,75375113848.0,208610227.0,1093538403.0,-1113161262.0,214404923.0
033560,블루콤,CFS,4057631115.0,10345349514.0,16429707174.0,18180698327.0,29661934549.0,41556378285.0,169259141261.0,159950750116.0,2898446875.0,4184810527.0,239110204.0,-727500913.0,-2691682663.0,62244638.0
033640,네패스,CFS,180661638908.0,151479352999.0,266290483409.0,305587528081.0,460003764836.0,502876077951.0,241589953369.0,207236457987.0,130909286542.0,128508146912.0,7999469438.0,10557951858.0,13243224931.0,-36238691658.0
033790,피노,CFS,120765528255.0,91980943273.0,42915527773.0,15571501958.0,92014874307.0,60204326678.0,52416273358.0,56072283756.0,46751175052.0,841133814.0,629840691.0,-381452716.0,-1479465153.0,-378843795.0
033830,티비씨,CFS,95726165072.0,87023039783.0,6928612566.0,6929342414.0,7520905060.0,7645164007.0,129259818596.0,127976372285.0,9885080851.0,8540791214.0,2238742.0,12994345.0,685474401.0,806946979.0
034810,해성산업,CFS,1030925277036.0,1071756878072.0,854322117096.0,941141769718.0,1238029513409.0,1244041943494.0,1326527648002.0,1347987638851.0,568066451582.0,567617201196.0,5282815944.0,29333327202.0,-4085234140.0,21835896880.0
03481K,해성산업1우,,,,,,,,,,,,,,,
034940,조아제약,CFS,35121733148.0,39739783142.0,34334303795.0,36655608663.0,42942912644.0,42759148441.0,24774646356.0,28560888330.0,13640061947.0,15312636243.0,-1502730634.0,-1775553836.0,-1577164874.0,-1579527315.0
034950,한국기업평가,CFS,124225799039.0,124338966438.0,33819644503.0,30634627585.0,44139284725.0,40541832943.0,132074038198.0,134783166184.0,42660154133.0,38944761558.0,20778807391.0,18802331466.0,16807035012.0,15411239112.0
035080,그래디언트,CFS,974708258064.0,1068556709996.0,774054777594.0,852154296491.0,922984708710.0,955910708047.0,761771589752.0,782040648510.0,736447701405.0,816122462012.0,-7269002629.0,-2328506359.0,3284602691.0,-21215346479.0
035200,프럼파스트,CFS,28108996757.0,28800657108.0,3567800604.0,3775712616.0,4305691231.0,4623125400.0,38236790675.0,38779117804.0,6713024514.0,7641834026.0,43856268.0,678042030.0,184244391.0,668756734.0
035290,골드앤에스,CFS,12193626591.0,13413681789.0,2650773841.0,2079867985.0,5125146332.0,2888200401.0,12148383346.0,12971734923.0,2107572794.0,2302366792.0,-426756026.0,-178128338.0,-355749172.0,-36701198.0
035460,기산텔레콤,CFS,95345172398.0,84275152992.0,54137327352.0,42576628930.0,69469946332.0,60515604403.0,57392304471.0,52763147472.0,18980846479.0,17729649212.0,-1992851605.0,-1880749851.0,-3446551794.0,-1712542130.0
035600,KG이니시스,CFS,866419232263.0,913210961045.0,909005392583.0,1056537432094.0,1110480337081.0,1112846714464.0,737935337658.0,753545210474.0,323309779824.0,348030937642.0,24861789000.0,26781786538.0,16546730310.0,20013818971.0
035610,솔본,CFS,202346736413.0,190280531221.0,38420810176.0,40303572781.0,53994253839.0,56725656760.0,302106731017.0,294628485111.0,40179488284.0,30794579112.0,21780627399.0,9486617738.0,20536671887.0,14507211422.0
035620,바른손이앤에이,CFS,6626055264.0,9345908459.0,33743279715.0,36553060626.0,40617247985.0,43744774776.0,67412582088.0,67421632577.0,2371521284.0,2143694189.0,32416285.0,161048050.0,-760653266.0,-1360529473.0
035760,CJ ENM,CFS,2292209915345.0,2909496824375.0,3639550581897.0,3814173897612.0,5002065954738.0,5638566211854.0,3635985046737.0,3678070719057.0,1312869558905.0,1164731113925.0,28610310690.0,35326550939.0,114588167872.0,10150090057.0
035810,이지홀딩스,CFS,1260519661020.0,1322520032775.0,1120580477296.0,1233813702521.0,1536972951648.0,1649339630230.0,1219428959161.0,1206545906491.0,828164429260.0,826798685986.0,54663922152.0,56202431034.0,45848099809.0,34402212543.0
035890,서희건설,CFS,968108194571.0,975402856471.0,444994146901.0,460756588420.0,568128825287.0,566802380650.0,1007814395624.0,973788086702.0,302858929655.0,407558892756.0,39119360966.0,63705896818.0,29684693915.0,23001389724.0
035900,JYP Ent.,CFS,439251040129.0,362268599891.0,194896292387.0,174828773094.0,213257564011.0,195900558505.0,570040218001.0,482881501386.0,215832158598.0,95708169944.0,52908292627.0,9342431908.0,36259049372.0,1279236950.0
036000,예림당,CFS,264490633632.0,57901770328.0,45569098414.0,16569684740.0,45611441294.0,18909811159.0,255210580261.0,178095978305.0,2558369879.0,2652043786.0,-264185127.0,-250132465.0,139544879067.0,-2562070786.0
036010,아비코전자,CFS,90667135286.0,81492120365.0,25733869966.0,23953056212.0,36703328673.0,35327341595.0,110881653722.0,107216639233.0,33577872168.0,32060959087.0,2844599067.0,-733502027.0,3417712998.0,-188465447.0
036030,케이티알파,CFS,392124625823.0,391571559367.0,164035645183.0,195267172327.0,168605981185.0,200856698744.0,286215874107.0,261271227086.0,100065958747.0,98773871105.0,13915795176.0,5394100137.0,13267492519.0,2756302649.0
036090,위지트,CFS,221308885077.0,216516283510.0,243295452770.0,111377418487.0,259440654930.0,240192013683.0,331600747905.0,322220286866.0,125054225748.0,74762316055.0,9518638849.0,4398801708.0,7361955010.0,4826442668.0
036120,서울평가정보,CFS,25489966993.0,18120652805.0,6171349414.0,5445248313.0,6598164561.0,6082804675.0,34116921227.0,30646847797.0,15453701841.0,13845535097.0,6507984199.0,5197944425.0,5182387318.0,3946396099.0
036170,에이치엠넥스,CFS,97907531758.0,87092378858.0,5298063157.0,979697694.0,26766782262.0,1132524203.0,127333620197.0,123979650021.0,4754359907.0,3954125528.0,156731512.0,202152545.0,1729933009.0,3363041918.0
036190,금화피에스시,CFS,277909953383.0,259229924927.0,67605581944.0,76572265655.0,90837598502.0,100863618933.0,370640632266.0,360921043276.0,110574314904.0,109359527373.0,18278114711.0,25441819816.0,13800012611.0,21274678627.0
036200,유니셈,CFS,179478008723.0,174017224458.0,39216288427.0,33204799713.0,40920211260.0,34751570642.0,228761414234.0,228299924242.0,80043467028.0,45062156347.0,2106284841.0,-500134134.0,-735941170.0,1557979460.0
036220,오상헬스케어,CFS,95186732962.0,62615441213.0,12205378060.0,8360178889.0,47781049189.0,8982220742.0,275538724988.0,286017981301.0,42034821923.0,19998099711.0,6409306919.0,-4371037282.0,-236839240.0,-5841082126.0
036480,대성미생물,CFS,24728356454.0,23641437729.0,7671802758.0,4530331894.0,23677605867.0,23229800645.0,34466730446.0,35149367374.0,6686280031.0,5603990044.0,727648126.0,-1006829605.0,-133689164.0,-1114878491.0
036540,SFA반도체,CFS,216295664183.0,220511034740.0,86116923193.0,91517108583.0,118472451053.0,125578068973.0,469401427824.0,497907590933.0,76104471137.0,111350986982.0,-6721677481.0,476179823.0,-7151558288.0,1002380172.0
036560,KZ정밀,CFS,93115373119.0,87724669677.0,18567896431.0,19821895502.0,107493682607.0,122071874986.0,417711329319.0,482375961342.0,32132811468.0,27105451364.0,4005699657.0,4019346451.0,4073010981.0,3921875841.0
036620,감성코퍼레이션,CFS,108988733092.0,127129107531.0,23212250942.0,28409381538.0,36014077396.0,41864080477.0,115338823048.0,112447789446.0,53624407742.0,50076383081.0,8742020083.0,10031923708.0,6853803160.0,6944507697.0
036630,세종텔레콤,CFS,156888320644.0,232616177599.0,96830816473.0,117370772340.0,197123008029.0,223923068700.0,244241095726.0,270086047406.0,67497165886.0,95675738316.0,-4029781577.0,-5706520795.0,17068702405.0,-9980096333.0
036640,HRS,CFS,83410992927.0,87217986853.0,9305035978.0,10027695080.0,12924581287.0,13170342931.0,124789790069.0,122643203451.0,20261409165.0,21622259970.0,3935833816.0,4204077064.0,3813825488.0,3825100115.0
036670,삼양케이씨아이,CFS,100883983496.0,90945082781.0,22014385596.0,17321714187.0,22385403891.0,17689482768.0,122110625049.0,118486995967.0,32059397237.0,31246902926.0,3578934101.0,6018658745.0,2882296014.0,5839097647.0
036690,코맥스,CFS,38885663654.0,42665529856.0,63855193985.0,65899365021.0,79944124178.0,82236700910.0,23914423024.0,26207157287.0,17685568308.0,37336433854.0,-1015925787.0,-7979761262.0,812933652.0,-8410354962.0
036710,심텍홀딩스,CFS,525122872294.0,443380167105.0,1026541286972.0,950277690768.0,1248647796970.0,1190642671630.0,269036821289.0,278656340332.0,368115385559.0,317862844748.0,-3708925269.0,-16224979897.0,-9363690704.0,-35683149619.0
036800,나이스정보통신,CFS,990856693002.0,906232282342.0,791418346868.0,725838839571.0,800878928808.0,736704810545.0,398620717627.0,385856252789.0,266704938201.0,246163056699.0,15617501303.0,12198389007.0,10840435909.0,9742444971.0
036810,에프에스티,CFS,135069896523.0,143687391034.0,152013129860.0,159194611393.0,264677751141.0,262008001057.0,240355505818.0,244135781322.0,75999145398.0,51264615593.0,1730010718.0,656801530.0,-3608699358.0,-670179560.0
036830,솔브레인홀딩스,CFS,390961860609.0,356256357447.0,489160939903.0,394654953375.0,619034447068.0,507190299178.0,1485161987420.0,1495160062192.0,169413808602.0,129059494785.0,19410966777.0,31802928113.0,22847305926.0,47959788359.0
036890,진성티이씨,CFS,296529795862.0,317192998284.0,175418899691.0,173151444155.0,192940730225.0,193060380276.0,265158409865.0,262294164990.0,116719320693.0,100307994185.0,14610645596.0,6188311436.0,6421861716.0,5203676007.0
036930,주성엔지니어링,CFS,265950869645.0,398129947454.0,65671936606.0,191704927851.0,294705448263.0,420234495676.0,585698227951.0,566590299600.0,78792213478.0,97332738359.0,6575447323.0,36063378159.0,5039630588.0,33072711892.0
037030,파워넷,CFS,198853023676.0,195014256781.0,221863072459.0,86938409644.0,237001716477.0,218451441114.0,269516896398.0,259122455812.0,116611556997.0,64819849257.0,9620915763.0,3587398450.0,7521991066.0,5289410002.0
037070,파세코,CFS,70830681114.0,67041623201.0,38247369434.0,33148532234.0,42465966957.0,37269092942.0,81967193073.0,82920809493.0,47502553305.0,38470016101.0,1718369899.0,-3560249812.0,2233807025.0,-981952314.0
037230,한국팩키지,CFS,63333077859.0,68520695124.0,92461139192.0,103361846149.0,108240709817.0,118744684966.0,110646764437.0,107632455374.0,56754525621.0,57278416122.0,3094321731.0,2368277856.0,3126532552.0,662538865.0
037330,인지디스플레,CFS,187896139554.0,180405349463.0,265049151329.0,261717371827.0,276488334099.0,276599185791.0,218300146442.0,224440938097.0,179024416296.0,178831786705.0,5258066829.0,2781709986.0,1533235087.0,857852684.0
037350,성도이엔지,CFS,336719676380.0,356699129408.0,226556424266.0,269130402060.0,335149276086.0,372964991363.0,306380835453.0,293125434130.0,201245071664.0,261405338888.0,25490012686.0,26133501331.0,17370960282.0,19432699140.0
037370,EG,CFS,16243675896.0,17971347740.0,108677303772.0,111685961637.0,126240758325.0,125171960584.0,22726217914.0,26779987984.0,15603452820.0,15556494406.0,-172696798.0,-1313933113.0,-1297698003.0,-1723406083.0
037400,우리엔터프라이즈,CFS,568936897535.0,417753717379.0,452593661234.0,289987327236.0,518468959910.0,365329396681.0,323116929368.0,339656113215.0,235816257863.0,311726939445.0,-2322814765.0,10276578502.0,-10138530736.0,8274945251.0
037440,희림,CFS,148263061110.0,152705728755.0,109037527362.0,112429936320.0,122420050006.0,126168801730.0,82527296989.0,82129572177.0,60005458531.0,61716325193.0,2750561454.0,3614327186.0,1595825131.0,2168442827.0
037460,삼지전자,CFS,1112112143476.0,935677556618.0,718728275141.0,512391956807.0,738438938479.0,561651096262.0,647057419049.0,640230666587.0,1054955529482.0,834518805555.0,29226329986.0,25251621374.0,20771930396.0,30428820463.0
037760,쎄니트,CFS,93834653948.0,90766977664.0,100504509547.0,82781742986.0,127123832561.0,100924174709.0,96748299898.0,100002060924.0,34590918099.0,38908080716.0,-192435855.0,2711498554.0,-1916500548.0,1710101530.0
037950,엘컴텍,CFS,24367174542.0,33003978222.0,8634554863.0,8738304226.0,10857681853.0,10698031336.0,73212699857.0,72515491814.0,12028470413.0,16128249875.0,676043451.0,1268909554.0,-7301899.0,1451459455.0
038010,제일테크노스,CFS,71429202412.0,75438760114.0,23943074713.0,32539169454.0,36689105774.0,44757110209.0,138737121536.0,132702407274.0,35403779583.0,50480418100.0,2633845729.0,8549361081.0,6350101436.0,6800995007.0
038060,루멘스,CFS,122650219440.0,130776277257.0,37411365446.0,46748544860.0,47123361718.0,56878008806.0,106361624745.0,111439312894.0,36719652098.0,41675962170.0,-2056952019.0,884877859.0,-5084750316.0,1354099532.0
038070,서린바이오,CFS,65450835101.0,59841242923.0,26104130766.0,13634433460.0,27643568576.0,14652341210.0,85608455175.0,86872474357.0,16222443430.0,19794046995.0,-332432653.0,198178638.0,-67839984.0,658346843.0
038110,에코플라스틱,CFS,600935825000.0,506510090000.0,872823556000.0,784552028000.0,1218903856000.0,1078900161000.0,355050180000.0,228274584000.0,697706576000.0,561457795000.0,17059879000.0,18911669000.0,-5448536000.0,9554175000.0
038290,마크로젠,CFS,100427504863.0,112080621589.0,123539315930.0,126077025137.0,158156594560.0,152232735586.0,165421828180.0,177427276009.0,48985110862.0,30163232667.0,-1528116388.0,-1575244609.0,-2263021108.0,-3011382723.0
038390,레드캡투어,CFS,104976180875.0,112724761578.0,272881942932.0,276070086196.0,489931968815.0,481558032420.0,199450103850.0,215676545461.0,94772792831.0,90268754214.0,13526311937.0,12183694202.0,7472868909.0,6235686525.0
038460,바이오스마트,CFS,158895020656.0,133746085814.0,83201899308.0,79267027936.0,111738978410.0,106394119610.0,174008032300.0,156448510624.0,120765404211.0,130061038958.0,4183004888.0,4961687578.0,-2776621917.0,-4666585744.0
038500,삼표시멘트,CFS,277338906551.0,317873666526.0,226600537785.0,311290002411.0,665408922690.0,728853926996.0,756954553324.0,756213299450.0,177819954335.0,214268975640.0,28375598278.0,40243935460.0,18336716727.0,26056504300.0
038530,케이바이오랩스,CFS,69174614197.0,70637662380.0,8194464084.0,9607701750.0,8715223991.0,10066647940.0,104555671518.0,107082344005.0,20798767509.0,19022043160.0,9281337.0,-43680485.0,-3308892561.0,4468664966.0
038540,상상인,CFS,2962113033471.0,2994115237374.0,3045900519350.0,2750767547632.0,4956340419425.0,4533973404307.0,571045000796.0,570267727110.0,188699163466.0,189051841757.0,-14663154273.0,-83798406812.0,-11538959334.0,-79064703527.0
038620,위즈코프,CFS,31803921596.0,29496993229.0,8605958720.0,12645414675.0,18574406137.0,22271369627.0,94753919165.0,89353477095.0,27564767730.0,24777313074.0,1077348002.0,1083378997.0,1197824976.0,240663250.0
038680,에스넷,CFS,214078406131.0,203030973669.0,151968253000.0,141754522845.0,160843056338.0,148705417328.0,107750066242.0,111323900915.0,91893704788.0,102455374931.0,1735929519.0,-2245292217.0,543523681.0,-2243407328.0
038870,에코심플렉스,CFS,9361641976.0,7446162260.0,20766161259.0,20890188568.0,39416852816.0,37285564095.0,79861302169.0,81060659709.0,4695184328.0,5067910864.0,251245834.0,-748784023.0,-686595757.0,238326602.0
038880,아이에이,CFS,59707946983.0,24699556776.0,70850191924.0,51127730683.0,80334118727.0,65092484390.0,85879038896.0,79314068509.0,10423745298.0,13437395825.0,-1711121899.0,-591879351.0,-4179170537.0,-2123905475.0
038950,파인디지털,CFS,80548111249.0,81914080050.0,6366451473.0,6515195356.0,11106352359.0,11025018903.0,92331430807.0,96542256056.0,14896911218.0,21182425917.0,-1408925540.0,-136400792.0,-1001912046.0,1012551180.0
039010,현대에이치티,CFS,85470661771.0,89089012732.0,29678223497.0,39183305841.0,30506821369.0,39759697355.0,103380678462.0,99707900228.0,38934408797.0,44190595357.0,2677140113.0,3539947844.0,4951156306.0,5109617519.0
039020,이건홀딩스,CFS,173038802592.0,183231225752.0,240587602202.0,296850715220.0,400754867093.0,420866008971.0,355067501813.0,365048917851.0,114744973777.0,112437701818.0,2346055981.0,-2316418658.0,-1058695518.0,-5554351676.0
039030,이오테크닉스,CFS,461217825832.0,445645616892.0,71140844465.0,48106248426.0,73160456322.0,49983890382.0,610201578293.0,603031420844.0,94250015346.0,74402177739.0,25825067486.0,6867434000.0,2793919234.0,10869732916.0
039200,오스코텍,CFS,129180809302.0,141218953845.0,33688411212.0,34779293086.0,35955849722.0,38418568371.0,122073657191.0,132359641489.0,10016722927.0,1553791134.0,-631853058.0,-7369059333.0,-2503772150.0,-7345751411.0
039240,경남스틸,CFS,120803902646.0,116497373973.0,56110261297.0,55116983161.0,56597106860.0,55480787738.0,111654583263.0,112221946535.0,96348422007.0,107139181709.0,2257496415.0,2598476392.0,1676575782.0,1888181457.0
039290,인포뱅크,CFS,31042955160.0,35184462939.0,22396178654.0,22377137871.0,25822029798.0,25145453411.0,69991674705.0,71781907237.0,32962435415.0,34570799168.0,-1848827930.0,-1109057164.0,-2171648396.0,-1667017761.0
039310,세중,CFS,63429810904.0,67681750857.0,8100054758.0,6746919650.0,15272644396.0,15175794569.0,103036716772.0,102116366551.0,7814484357.0,8325462795.0,318396227.0,-123440798.0,287657374.0,26510149.0
039340,한국경제TV,CFS,34116004831.0,36105845353.0,10539204713.0,12101272652.0,18757217558.0,20498131641.0,148415233179.0,151254264022.0,,,1044651760.0,1658302643.0,3259262240.0,4118515087.0
039420,케이엘넷,CFS,40261305140.0,36049625368.0,5553122490.0,5343260736.0,6714796285.0,6319226718.0,61559510448.0,60163966769.0,12742365050.0,12325827180.0,3254194377.0,3499616730.0,2390553793.0,2924046277.0
039440,에스티아이,CFS,239367647718.0,260644211882.0,84330969483.0,106626163332.0,85888946119.0,107975821028.0,263335398288.0,260790332315.0,87194838726.0,75270623479.0,5384766891.0,4582361957.0,2464908906.0,4769560552.0
039560,다산네트웍스,CFS,375492741931.0,371143694361.0,269274651954.0,264630689299.0,298206266100.0,297697526320.0,351248018940.0,323712093180.0,134322730858.0,96684116855.0,11812799031.0,-8330577344.0,18283113138.0,-2663653720.0
039610,화성밸브,CFS,78134071711.0,79468937085.0,19432557343.0,21285611581.0,34028090686.0,36314952018.0,95809373595.0,94538169255.0,21766013650.0,24635629311.0,393525423.0,2427622042.0,131200084.0,1689381174.0
039740,한국정보공학,CFS,44576655114.0,50605699524.0,27321005213.0,32832334200.0,32613717417.0,38859065966.0,50379183340.0,50739862091.0,36814915030.0,56603725847.0,350297552.0,354059490.0,-5283761.0,-41880096.0
039830,오로라,CFS,152293692460.0,171280827568.0,331808116938.0,322891209304.0,388573596554.0,412527515258.0,154468899013.0,153205924813.0,77053211311.0,60922281919.0,8774321895.0,4699072755.0,6837127487.0,-1772716564.0
039840,디오,CFS,161257606900.0,171174806327.0,105819475052.0,119610263525.0,135701670128.0,139216215409.0,197795972001.0,204113830109.0,40099205051.0,15539529366.0,3020388364.0,-47147141276.0,-8920229976.0,-47342298119.0
039860,나노엔텍,CFS,55848253842.0,57092623033.0,3880343332.0,4462270195.0,4441957548.0,5012050359.0,73716224102.0,73994475555.0,8971079249.0,6715145387.0,175706875.0,16129772.0,-1091467916.0,536268340.0
039980,폴라리스AI,CFS,77380286290.0,82315132282.0,10740008404.0,18464144862.0,12280015883.0,20301407746.0,98144277724.0,95658472076.0,11328069103.0,12240363111.0,-337937419.0,-198721334.0,2162258859.0,-135047209.0
040160,누리플렉스,CFS,108164965221.0,115795109464.0,76874457728.0,78418635091.0,83051581432.0,83896228795.0,72334257885.0,77517809971.0,20372558830.0,30280682229.0,-903176127.0,-3993280086.0,-4736869968.0,-3469750911.0
040300,YTN,CFS,164898456256.0,163654201939.0,22957651758.0,36395745823.0,116120322517.0,128290969150.0,231858016409.0,222602998256.0,32698319404.0,32515309145.0,-2855215988.0,-1944668987.0,-3858478069.0,-167767971.0
040350,크레오에스지,CFS,27730332328.0,33671458593.0,4816381042.0,7915727119.0,38536347807.0,41110090373.0,45284273070.0,50393346954.0,2744700893.0,2102522688.0,-1544720034.0,-1270971598.0,-2478449873.0,-625267651.0
040420,정상제이엘에스,CFS,16550995018.0,17885108819.0,16096267765.0,16480892442.0,20031772946.0,20399021945.0,81241102881.0,84192180559.0,25218776318.0,26006955568.0,2335466304.0,2765568377.0,1824708610.0,1652531222.0
040610,SG&G,CFS,36707463705.0,38180260856.0,47884013119.0,49290233674.0,72006749247.0,72885525628.0,389537140483.0,380538565211.0,12474352432.0,12645657895.0,863319247.0,1587170343.0,2233706520.0,6067827601.0
040910,아이씨디,CFS,125282359183.0,119672651679.0,93263257978.0,78029323424.0,98071684529.0,94137693565.0,93337625755.0,97012260053.0,85735227689.0,36471729259.0,7561515723.0,-7690634980.0,86669972.0,-5159050458.0
041020,폴라리스오피스,CFS,307265562272.0,293366069102.0,55437047594.0,67829179620.0,71909748545.0,85706190181.0,447143204802.0,434059921390.0,,,3568771394.0,4231718204.0,3175500075.0,6307321648.0
041190,우리기술투자,CFS,,,,,170944897663.0,137589761898.0,809818535022.0,666204353780.0,171484833351.0,90652003692.0,,,130659694384.0,68849907197.0
041440,현대에버다임,CFS,241312241339.0,213942294798.0,133053128241.0,104108165785.0,135665246649.0,108259464311.0,185718529825.0,188274190697.0,85286708657.0,70852381136.0,2806219926.0,435744316.0,307952388.0,1914412563.0
041460,한국전자인증,CFS,23421923114.0,24427565253.0,17626076280.0,18534536724.0,19971056851.0,20837523086.0,59880401564.0,60613999564.0,9366791601.0,9056833704.0,1245171488.0,700289400.0,929863481.0,524707720.0
041510,에스엠,CFS,904032881212.0,814044282096.0,521239111528.0,484572824709.0,652926641017.0,590028281693.0,1246215261556.0,829079862089.0,302914439760.0,253880979618.0,47610585554.0,24749411451.0,30878185080.0,8408807386.0
041520,이엘씨,CFS,123887942082.0,125539976139.0,8828053202.0,6798752062.0,10496875482.0,9880899070.0,174915102229.0,179779629706.0,11146995887.0,4060917557.0,730696149.0,-2566256929.0,-1429771292.0,-593088346.0
041590,플래스크,CFS,18532894050.0,24301164097.0,8273148551.0,9180474307.0,8589791226.0,9704805776.0,38832075694.0,40863601357.0,2148078412.0,4133603868.0,-989419116.0,-2333449405.0,-4162571097.0,1713996210.0
041830,인바디,CFS,164589839678.0,171374127009.0,25034358605.0,25822902924.0,31229756146.0,31911836600.0,270142247029.0,273904819027.0,56170250098.0,50243080882.0,10393708125.0,9413243230.0,7396575114.0,8191392449.0
041910,폴라리스AI파마,CFS,91720923449.0,78217331669.0,6547739971.0,4717114055.0,7741223936.0,5868228211.0,130823996776.0,128582659933.0,13808514300.0,15027289973.0,1274300417.0,1149456161.0,1294272091.0,2506718257.0
041920,메디아나,CFS,119103513437.0,118148159000.0,11931454899.0,10651578867.0,13390958762.0,11762671776.0,129655327589.0,127795923895.0,15684839421.0,15148276192.0,1239689061.0,930346650.0,-430111682.0,1533334557.0
041930,SY동아,CFS,207289306463.0,196664236890.0,134617766940.0,134541367328.0,139245696924.0,138134501225.0,172947278935.0,166499916479.0,102223838512.0,94568014499.0,5477511294.0,5361524263.0,3227620571.0,5394898501.0
041960,코미팜,CFS,58966465427.0,59935147606.0,38882960089.0,46233130902.0,50831132752.0,57229040325.0,70840565683.0,65537575536.0,13677613272.0,19153486318.0,1626720438.0,3954722902.0,-3275983984.0,4836091680.0
042000,카페24,CFS,222218164357.0,189009801831.0,121494750533.0,111041940884.0,136854597830.0,126717179463.0,249342351843.0,215572807759.0,79421955567.0,74459331356.0,11235522115.0,7822562188.0,13101571268.0,6729508246.0
042040,케이피엠테크,CFS,66452629155.0,43160331721.0,86242840416.0,72822796140.0,95135841892.0,80913578365.0,82764748834.0,89195359349.0,20491948439.0,7377110552.0,-4063249291.0,-1251631495.0,6990012117.0,-4548530876.0
042110,에스씨디,CFS,136003237016.0,134359311262.0,37178829863.0,37704734888.0,38127889667.0,38211802801.0,131328033486.0,130969306396.0,52428801068.0,56216890627.0,1632429528.0,2411568484.0,2170216267.0,2006042331.0
042370,비츠로테크,CFS,371423491141.0,370012997414.0,98560035934.0,105424366107.0,137442351089.0,167934152081.0,426264553044.0,422551109922.0,104502252937.0,99889538300.0,10727786089.0,11641013416.0,3147523001.0,8833424218.0
042420,네오위즈홀딩스,CFS,409917051706.0,395685398243.0,119809652032.0,118115961594.0,154250006839.0,146714642102.0,696723819626.0,675828043789.0,110435696998.0,87274679224.0,17193732713.0,-308598992.0,25873461330.0,-440007668.0
042500,링네트,CFS,101878682841.0,107037712480.0,30106504293.0,40841908386.0,34865890581.0,40921908386.0,107799708819.0,106822305832.0,34505474209.0,35258406885.0,2101041229.0,3175790788.0,3427157895.0,2987848332.0
042510,라온시큐어,CFS,32057811149.0,37208380231.0,16380291881.0,14724331934.0,22081577346.0,21031929083.0,47563508125.0,50475846205.0,13896828006.0,12739526212.0,-801575376.0,-1442834027.0,7146199.0,571133816.0
042520,한스바이오메드,CFS,58113229848.0,49707049182.0,53571000597.0,50092356907.0,63384455210.0,54592999238.0,65211849529.0,67122440485.0,24155166069.0,20452807800.0,1767590174.0,189360020.0,728957959.0,-431578523.0
042600,새로닉스,CFS,73363878224.0,79663081164.0,108078301993.0,104590057532.0,121857071669.0,130847369596.0,84443164046.0,127534339762.0,39503226243.0,48699273694.0,-3376513004.0,1258237782.0,-22213404336.0,-10068687450.0
042940,상지건설,CFS,162646749975.0,151930578844.0,90346314525.0,88503315362.0,103690906400.0,112766265971.0,110662760817.0,87832389195.0,2660510165.0,6288447618.0,-3662600192.0,-8211289551.0,-600624558.0,-6976113101.0
043090,더테크놀로지,CFS,18917411092.0,30479226855.0,4547675994.0,11441660445.0,4940661528.0,12580483275.0,21908302744.0,30741475301.0,2436452962.0,2502495305.0,-782415926.0,-1852823421.0,-5211001479.0,-2477578805.0
043100,알파AI,CFS,29511002793.0,41631996806.0,19872851728.0,32755344584.0,23632851169.0,35455596938.0,29845236156.0,30335941560.0,5506767344.0,6663126867.0,-374987767.0,-1385529364.0,-756063292.0,-2052947310.0
043150,바텍,CFS,354157941037.0,353857085185.0,115145555621.0,124054973633.0,173939882887.0,179800922335.0,473008847557.0,470488930272.0,110618107428.0,101980427374.0,16877105957.0,16843792867.0,7381432687.0,15064887157.0
043200,파루,CFS,22385542315.0,23626130825.0,27578572334.0,28800225515.0,32809323949.0,31309627696.0,24819598252.0,27915716457.0,5995163169.0,7651066817.0,-1138932408.0,-79891436.0,-1624390959.0,454628367.0
043220,티에스넥스젠,CFS,21846075764.0,33978079033.0,37096459612.0,55403681469.0,43495353501.0,62250831059.0,44669907364.0,66064298975.0,3812092609.0,5783427573.0,-1299554980.0,-1092715096.0,-8754199608.0,-5837877466.0
043260,성호전자,CFS,148470571948.0,189750127718.0,169889752254.0,167849424705.0,212784613482.0,223858021730.0,152499741196.0,143473786324.0,56551289696.0,75089897014.0,1322860055.0,14399637828.0,3171395538.0,15188590002.0
043340,에쎈테크,CFS,28438995397.0,29403589934.0,29684849179.0,26447705447.0,43839874600.0,46539906703.0,25694644170.0,25515992730.0,13600988323.0,15029189498.0,348258922.0,251325081.0,-189187950.0,-965534295.0
043360,디지아이,CFS,21402020195.0,21295723025.0,2905987297.0,3063274223.0,3969243438.0,4186787274.0,40521406961.0,40946256087.0,6193949394.0,5658961544.0,-50649556.0,-37619056.0,-201051202.0,199654840.0
043370,피에이치에이,CFS,597856350893.0,596888121675.0,237526171696.0,250513370420.0,259016029790.0,269393547021.0,798758665206.0,800192909386.0,316543171999.0,298988417265.0,13508600790.0,13819963941.0,6370615377.0,16671089267.0
043590,웰킵스하이텍,CFS,21697386888.0,22295369678.0,9656801968.0,10491815698.0,20258710256.0,19695824562.0,37826858139.0,38100961883.0,5617299478.0,8742852441.0,-665813999.0,-2478033432.0,-909276867.0,-2288125631.0
043610,KT지니뮤직,CFS,207369008433.0,184360696196.0,113004000701.0,122333546024.0,135504094490.0,126359852209.0,233533879196.0,226071386353.0,73467464255.0,73709043011.0,5023065107.0,4601660133.0,4337373711.0,-579011197.0
043650,국순당,CFS,90995076592.0,97176426094.0,7632893270.0,11775799166.0,18319845274.0,22120337760.0,236513949022.0,234202854046.0,16922859279.0,17426729158.0,60683172.0,349352439.0,2416570366.0,-438133633.0
043710,코스리거글로벌,CFS,34244285165.0,12114034482.0,52336374191.0,5639263559.0,71679695694.0,11100747241.0,57259814566.0,39130111997.0,10494617792.0,4163016420.0,-822435786.0,-691349539.0,-1454517567.0,1712511249.0
043910,자연과환경,CFS,56433948630.0,54746959836.0,32007536089.0,29588739894.0,49411779274.0,47136178638.0,93179207824.0,94896641536.0,12489714150.0,7380755846.0,119244987.0,-412676536.0,-1617730403.0,-689071124.0
044180,KD,CFS,190526424402.0,198138892264.0,188963831184.0,166472420684.0,275118390357.0,272225371109.0,34890371169.0,39447081081.0,7020925815.0,33775204707.0,-2699070010.0,1106033491.0,-2095010839.0,10337791393.0
044340,위닉스,CFS,216873110606.0,198475966427.0,161824514824.0,169548141183.0,204390071911.0,190635424085.0,203660551556.0,169215408498.0,105447956301.0,90946505388.0,-1894166754.0,921494704.0,-3398760445.0,899819982.0
044480,빌리언스,CFS,10185274785.0,14117436306.0,22066292652.0,25681617081.0,23028188715.0,26820501763.0,33990580728.0,22025895853.0,7829437964.0,13170109621.0,-158728746.0,85648300.0,239695409.0,14445983860.0
044490,태웅,CFS,356299057282.0,305484976963.0,210802165153.0,96393882626.0,258214983036.0,208145383455.0,608189092229.0,604467136955.0,87022462157.0,100742975714.0,4749735780.0,6466979517.0,2295200299.0,7512626948.0
044780,에이치케이,CFS,44398239993.0,47821994032.0,10785203910.0,19323455881.0,17090789541.0,20441898619.0,58139021434.0,58560909414.0,12896992678.0,14723015647.0,-135847629.0,-621880022.0,338713326.0,-211647368.0
044960,이글벳,CFS,28877823558.0,28069831498.0,8735890082.0,10072859839.0,11205444724.0,12647300570.0,49998243317.0,48589838956.0,11026092548.0,10955824444.0,1625280932.0,685694827.0,1141064515.0,1006198879.0
044990,에이치엔에스하이텍,CFS,72713315560.0,79877004874.0,7451836476.0,6069822103.0,10868974977.0,8209323375.0,95028593481.0,106040600479.0,16471941053.0,17121545491.0,-749094958.0,2731409195.0,-2011216836.0,2725451759.0
045060,오공,CFS,72147851777.0,72667883450.0,16854334287.0,20803459881.0,22891319679.0,26199836102.0,118957502399.0,117943211419.0,40644785727.0,41533244751.0,1371497984.0,2302011891.0,1432871677.0,2044194517.0
045100,한양이엔지,CFS,515836386229.0,574708258603.0,232158037040.0,301119303222.0,240394358526.0,306700290181.0,607547704317.0,602035331795.0,290044095259.0,309856692245.0,20122267910.0,20287837855.0,16289926252.0,16968740718.0
045300,성우테크론,CFS,23920352288.0,34093446048.0,21924507600.0,23503116234.0,25524919258.0,27928193253.0,72833170434.0,70747136878.0,9746532019.0,9858148019.0,252089591.0,277364248.0,923291440.0,717449983.0
045340,토탈소프트,CFS,41258721883.0,31975772406.0,12666805472.0,7990815703.0,20024516599.0,15321958860.0,32032452321.0,27447605550.0,9652523113.0,4005900094.0,5101427139.0,487350896.0,3245307052.0,682332752.0
045390,대아티아이,CFS,114583426133.0,121912662573.0,118314558495.0,116199203200.0,141976165696.0,158439366887.0,143643270514.0,133566510985.0,38734532249.0,29510764887.0,3283756378.0,2526729361.0,5666716410.0,3570819352.0
045510,정원엔시스,CFS,65366601527.0,71746902266.0,39398616596.0,45608604130.0,42538547978.0,49546010021.0,44633958106.0,43972238150.0,44107783652.0,40480371428.0,565614002.0,172747376.0,659489928.0,-59267727.0
045520,크린앤사이언스,CFS,44498205102.0,43747903661.0,41668359677.0,42679956970.0,58985666214.0,62756024342.0,20049382522.0,19641405147.0,24756270588.0,21501547808.0,1139645931.0,214643364.0,-866084759.0,372830162.0
045660,에이텍,CFS,97723223561.0,60427043306.0,108412520869.0,60476371957.0,116535797053.0,63521532625.0,116648518028.0,99542508830.0,36324833500.0,902494076.0,2293073795.0,723672179.0,3000538382.0,1750749923.0
045970,코아시아,CFS,179005316182.0,202377564834.0,132575382899.0,151232581779.0,232486854185.0,244473205195.0,125232773781.0,138611634129.0,98512064608.0,80373180332.0,3699360002.0,-5835752138.0,-4855366341.0,-8835579864.0
046070,코다코,CFS,96352631937.0,98025987464.0,236030241056.0,252006431823.0,331156331097.0,346826114237.0,20149910444.0,13004985271.0,65996935916.0,65303234673.0,754167118.0,-2214772094.0,1358664135.0,115207831574.0
046120,오르비텍,CFS,41477835294.0,45053430917.0,33341770790.0,38693495826.0,47132666548.0,51606025116.0,64204858675.0,57710495099.0,14837552015.0,15942780403.0,-3849440966.0,-548488804.0,-870204154.0,-732318715.0
046210,HLB파나진,CFS,64981760820.0,69444590759.0,25633480277.0,28693199992.0,28018618859.0,33483031304.0,78418342576.0,76127573307.0,3640002576.0,2463636695.0,-199789069.0,-998670694.0,1210774431.0,-3684337525.0
046310,백금T&A,CFS,101789885607.0,108957108926.0,20424666811.0,27470624124.0,25449739649.0,33465794313.0,99668477242.0,98982547200.0,37983399818.0,34513851143.0,2431092292.0,3757851250.0,1427175116.0,4198839557.0
046390,삼화네트웍스,CFS,34527430421.0,19703028324.0,18131623115.0,1801272238.0,25099949608.0,9640994792.0,56949644835.0,58451565408.0,622268868.0,15085863925.0,-1284710128.0,982253417.0,-1166250210.0,1251193155.0
046440,KG파이낸셜,CFS,397920534509.0,396181230048.0,194480358021.0,187104106587.0,198010531199.0,191495850675.0,347215434996.0,347008283942.0,56176902707.0,72399634503.0,7485287668.0,9139617652.0,4533742057.0,7111608609.0
046890,서울반도체,CFS,469431645211.0,589589656919.0,393705635185.0,461311238506.0,469598937959.0,572506615077.0,617081479696.0,691544640267.0,251578036373.0,282412682502.0,-7881350254.0,4034688169.0,-24746271731.0,8303729997.0
046940,우원개발,CFS,172137744009.0,135313173985.0,137443277133.0,116119954879.0,153251409730.0,125052749886.0,114447070518.0,104083386524.0,100407818230.0,69216664459.0,12187190676.0,-151733878.0,9212784370.0,76865306.0
046970,우리로,CFS,40275236802.0,46030099774.0,12726504277.0,17584211246.0,15565902244.0,20215315660.0,38132154972.0,39794790431.0,10077603301.0,12649427582.0,-209072001.0,-600004967.0,218257354.0,-837308468.0
047080,한빛소프트,CFS,17211547331.0,26466788702.0,4962087113.0,14065382525.0,6084414362.0,15414965673.0,18345161650.0,17371886645.0,11925126673.0,11538835949.0,616261514.0,406449007.0,1042190177.0,3160595103.0
047310,파워로직스,CFS,216308255047.0,273513240360.0,144529584653.0,191862352482.0,149359382228.0,198125887424.0,196484441318.0,217956482373.0,165921234705.0,175062794145.0,-5963275329.0,1528401333.0,-6501844742.0,1600330129.0
047560,이스트소프트,CFS,106119444042.0,106947709647.0,81142555992.0,73971994062.0,120789969577.0,110573917724.0,79291246846.0,88514686814.0,,,80683095.0,-2219618359.0,-1705999284.0,-2746849123.0
047770,코데즈컴바인,CFS,45884171294.0,44639364450.0,11588628572.0,13379789270.0,20381145008.0,21049771001.0,70010774520.0,67833803565.0,9465418085.0,10185300897.0,132995673.0,690007724.0,614339480.0,812703342.0
047820,초록뱀미디어,CFS,216785191018.0,135080430889.0,121953373461.0,60794175538.0,132442377580.0,74154398989.0,282008801719.0,285755701541.0,37872314838.0,80521275491.0,-1107317976.0,-529937561.0,-5090624952.0,43837703904.0
047920,HLB제약,CFS,80226805443.0,63380683741.0,37701797005.0,38631700881.0,40170835136.0,41531726191.0,122811015595.0,116401738999.0,46919447745.0,35773302073.0,-1791629955.0,634413766.0,909671868.0,496293106.0
048410,현대바이오,CFS,39202729028.0,6809973145.0,4677903815.0,27486792004.0,5353565412.0,28266362503.0,114455270182.0,39438422428.0,332908407.0,9175990779.0,-4818579603.0,5688344617.0,-4253004912.0,1575589704.0
048430,유라테크,CFS,116788015808.0,121544207505.0,20556264390.0,28138720696.0,25258676933.0,32660648453.0,147532769153.0,145230052803.0,49101099913.0,48543894038.0,1158846257.0,2996692871.0,3835222339.0,3256673705.0
048470,대동스틸,CFS,84702248611.0,80782912818.0,21974411444.0,18497596773.0,25844062784.0,22638619544.0,70257095766.0,69717464703.0,29598533379.0,36040559040.0,-162182198.0,-1725825060.0,68566252.0,-1041878292.0
048530,인트론바이오,CFS,47402176341.0,52226221404.0,5702684523.0,1338100974.0,6087165043.0,2601943129.0,75584996477.0,83772673346.0,1225907511.0,1777844597.0,-1955325232.0,-1153495816.0,-1111690981.0,579251867.0
048550,SM C&C,CFS,172617287509.0,198556138228.0,118528164811.0,138441286006.0,129951919422.0,149991615620.0,80547873128.0,83340359266.0,21114396498.0,27850327215.0,-1255153492.0,2575383815.0,-983359022.0,3074007570.0
048770,TPC로보틱스,CFS,55025375722.0,57305158474.0,56393542188.0,58276340314.0,71543987822.0,71020222337.0,39226240127.0,42206403781.0,20334957770.0,20712377130.0,-415052294.0,-513078773.0,-602963723.0,-785388699.0
048830,엔피케이,CFS,27899573532.0,25623026460.0,14952339951.0,13040600776.0,25353625143.0,22880153584.0,43583592928.0,45066288827.0,20942723359.0,15763444619.0,368338910.0,62787374.0,617482069.0,23784496.0
048870,시너지이노베이션,CFS,147457190884.0,148869595433.0,55458762271.0,74786615024.0,68711636682.0,78956909614.0,261427900216.0,235104155079.0,27685126559.0,22695249317.0,4693830022.0,3209125080.0,3443781232.0,8557468112.0
048910,대원미디어,CFS,125708377289.0,108699139595.0,56508818788.0,67992725246.0,95235252805.0,75792952468.0,130348148123.0,130220166170.0,87332652372.0,65494108918.0,186115016.0,882044448.0,429339715.0,-441185412.0
049070,인탑스,CFS,369527138630.0,384528430397.0,102003763251.0,116139476689.0,114686517315.0,128876387597.0,727967951969.0,771783566816.0,144390996742.0,151493277752.0,-9720474858.0,2220181352.0,-10001220057.0,10608846518.0
049080,기가레인,CFS,39152566729.0,36811542013.0,20111025975.0,20498180052.0,44904495153.0,42044127753.0,48846639696.0,49107342860.0,13237822458.0,13330513953.0,-1715599963.0,-486476644.0,-2341576380.0,-33788918.0
049120,파인디앤씨,CFS,26731356316.0,37310484481.0,57195693898.0,51957081637.0,63356867859.0,69998089080.0,35701759782.0,35530819136.0,14912892429.0,17569950771.0,-447235670.0,539574823.0,-834202468.0,1065556647.0
049180,셀루메드,CFS,58388003267.0,52293162637.0,63775538270.0,58419703083.0,66040770793.0,61163767291.0,8466876346.0,9060888051.0,35372783360.0,32951308177.0,-4306657042.0,-1742817146.0,-2526546592.0,-2721620916.0
049430,코메론,CFS,135119025180.0,131251392410.0,6269414523.0,9668779141.0,6749253463.0,9831775825.0,240140330793.0,234411443757.0,18255669146.0,19615935917.0,4308057415.0,7614305602.0,6817497075.0,9787017407.0
049470,비트플래닛,CFS,9835289015.0,10964281930.0,7577951114.0,5493817531.0,8886236006.0,5780776747.0,33503105975.0,36244466847.0,7059595687.0,8850260068.0,-301460573.0,89774281.0,-1485201928.0,270337196.0
049480,오픈베이스,CFS,104060173647.0,107883536376.0,57598577508.0,64779850760.0,73132659502.0,81339565266.0,92517122483.0,91777592145.0,48346374698.0,35560125307.0,1919515249.0,-12193777.0,2728005111.0,2340135759.0
049520,유아이엘,CFS,161148513264.0,173527124022.0,57743918299.0,67806272156.0,73895170781.0,82379523834.0,189212508688.0,198456751729.0,102897713555.0,101491309849.0,7024348743.0,7269295245.0,2107505265.0,7989298375.0
049550,잉크테크,CFS,37581442037.0,36957888276.0,24131342958.0,27653737583.0,84688728209.0,82986549158.0,74712818386.0,75910504676.0,18402896682.0,18772796847.0,-42649680.0,1541845722.0,-987132404.0,1778008738.0
049630,재영솔루텍,CFS,57603542043.0,72272451543.0,95101405386.0,108919867408.0,114874196561.0,131143297224.0,68162766832.0,68916755187.0,33306234932.0,29831916824.0,-1109082363.0,3943738800.0,-2440556222.0,2402015424.0
049720,고려신용정보,CFS,67480903249.0,63201200115.0,35835430269.0,35753256924.0,49454471840.0,44449054657.0,55686291539.0,52915691580.0,44851512925.0,43174114663.0,4183337007.0,3921918847.0,3405191706.0,3481144651.0
049830,승일,CFS,94511165614.0,90596784452.0,26886082697.0,27694202973.0,27030034086.0,27764563377.0,150291959112.0,148613037489.0,36789027957.0,37476333157.0,1437089769.0,1194509031.0,731119587.0,796840477.0
049950,미래컴퍼니,CFS,70005047557.0,91242346186.0,19028652631.0,20893454868.0,21284253382.0,23182440140.0,111591325152.0,126016245566.0,5271334892.0,19290520424.0,-6917521832.0,-2896284866.0,-9363652602.0,-1041948329.0
049960,쎌바이오텍,CFS,97345941487.0,97148336219.0,5947773017.0,5862744043.0,6063300331.0,6229408038.0,123491607467.0,124168472657.0,11909770622.0,12557619109.0,1281347367.0,2508812642.0,213456846.0,4037067068.0
050090,비케이홀딩스,CFS,10420048605.0,14133843896.0,1163277832.0,2965887246.0,2025173313.0,3850787080.0,12868852736.0,15055664306.0,1589164240.0,3417841827.0,-1093971635.0,-548956673.0,-1045866538.0,-568266079.0
050110,캠시스,CFS,121178567849.0,139359664463.0,134467493817.0,134091112708.0,164895520832.0,172212012364.0,56122043069.0,78866714000.0,123714395556.0,91625198750.0,-10387209479.0,-1706349188.0,-12973751319.0,-3089961719.0
050120,ES큐브,CFS,23296708220.0,26261494477.0,6364007605.0,2041697317.0,8724652533.0,4509174709.0,82007349065.0,85901731483.0,4247579686.0,3120923107.0,-5106681675.0,-1369632577.0,-5813389270.0,-14488572953.0
050760,에스폴리텍,CFS,55101458681.0,55260207388.0,47238189089.0,42012679536.0,52306811220.0,46438820582.0,60374452420.0,65207891677.0,17288470325.0,20088226361.0,-503953816.0,84903011.0,-2876205702.0,1407600502.0
050860,아세아텍,CFS,134282883690.0,135626165048.0,65067062308.0,61471370089.0,70723329321.0,66796164285.0,125453197132.0,129646925868.0,28886090263.0,24567803417.0,1429230926.0,-514324274.0,359136506.0,-320954334.0
050890,쏠리드,CFS,233987390567.0,239978381597.0,155892975244.0,146307960678.0,179799729734.0,173963839514.0,318545023792.0,322835242958.0,56222016651.0,80491310549.0,4142342138.0,7679445944.0,952957839.0,5477572541.0
050960,수산아이앤티,CFS,38204906068.0,38269948143.0,3380566796.0,3761289824.0,3693373338.0,4261187861.0,90099784078.0,87363598594.0,6067032138.0,6230368358.0,611634831.0,1400094731.0,1307805535.0,2685837785.0
051160,지어소프트,CFS,203825221798.0,212665213276.0,68206212886.0,62279266528.0,96303179135.0,88110185244.0,219196936903.0,216671974430.0,155977522605.0,140474990151.0,5344416059.0,8726685623.0,4602983494.0,6161867026.0
051360,토비스,CFS,330641309032.0,306758514567.0,250738201878.0,243710282174.0,268205491381.0,263594186747.0,283628069234.0,264555313031.0,166352727089.0,162677751829.0,18331807068.0,16001977953.0,11182500358.0,12088737287.0
051370,인터플렉스,CFS,182141354833.0,205103222810.0,47725174721.0,82521281887.0,48030631486.0,83072705978.0,288212719156.0,281778746020.0,85788373386.0,145047802490.0,1759653210.0,9522473977.0,-191573011.0,16690775928.0
051380,피씨디렉트,CFS,100093283903.0,82221880666.0,65671765514.0,47980059251.0,69177144406.0,51825546196.0,38347678570.0,38255442246.0,89702132070.0,83821679614.0,256048202.0,291988874.0,445546618.0,187609217.0
051390,YW,CFS,55068798227.0,54004985489.0,7015000399.0,6717987055.0,15538782341.0,15715960280.0,81226690368.0,80811326954.0,4757531204.0,3690276267.0,1391463495.0,1824397865.0,1037065214.0,1353050470.0
051490,나라엠앤디,CFS,143747996234.0,156216261019.0,120390160772.0,129166229612.0,141803688327.0,150528581224.0,102408111828.0,105569758987.0,44239134265.0,42147313242.0,195359302.0,219130459.0,13858674.0,-522819738.0
051500,CJ프레시웨이,CFS,653785909361.0,654342781639.0,820503893177.0,815556491248.0,1125586717838.0,1148980725062.0,425263850573.0,415381333819.0,883317024683.0,811278309321.0,27436591402.0,30110236420.0,14984729384.0,15890707784.0
051780,큐로홀딩스,CFS,37223655941.0,37848397907.0,46175446500.0,49141381778.0,56993553100.0,60664023019.0,20235126394.0,19852339733.0,13117186808.0,14411719574.0,-280595241.0,216181717.0,-1935364867.0,-166492348.0
051980,중앙첨단소재,CFS,60617848557.0,68000968550.0,7711819189.0,9419539855.0,25789676041.0,27845314216.0,91887568817.0,96668561797.0,5014597161.0,6486037416.0,-1016204059.0,-83046854.0,-3503837130.0,-59260326303.0
052020,에스티큐브,CFS,85615659677.0,98069152406.0,2807760895.0,3544728235.0,16264247369.0,17628385814.0,83816390564.0,94275894291.0,934844240.0,2922160298.0,-5498646343.0,-5489047972.0,-5434026465.0,-5208820334.0
052220,iMBC,CFS,26430731652.0,35240623183.0,15914804916.0,9400086933.0,16956318771.0,10686520563.0,57453114045.0,63065794367.0,9740850009.0,11748503292.0,-6179910281.0,592295608.0,-5758010943.0,886264117.0
052260,현대바이오랜드,CFS,81516954369.0,107139424680.0,21128904449.0,55753631530.0,22356524210.0,56717857643.0,134649449134.0,138008364704.0,34612596330.0,32849941268.0,5506367678.0,6276982070.0,5095080668.0,4610994883.0
052300,오션인더블유,CFS,79949288302.0,141030440361.0,16533584943.0,15444331048.0,150413284129.0,83641220548.0,333090712402.0,286304024803.0,2198130929.0,1643687637.0,-423127017.0,-646607434.0,46214400808.0,71090784540.0
052330,코텍,CFS,315099403802.0,313780112331.0,81233153089.0,76379368674.0,86616378956.0,82648472486.0,357507296090.0,361054277021.0,94373881317.0,71805247120.0,6685362901.0,5877428449.0,1690192705.0,6848287891.0
052400,코나아이,CFS,289203521360.0,277238523549.0,223009866881.0,209356886643.0,229020219235.0,215309421859.0,208851301699.0,197803274733.0,67214312354.0,66407656369.0,17207317369.0,13540389378.0,15574561871.0,10629996407.0
052420,오성첨단소재,CFS,134745294432.0,125475855816.0,18224650540.0,20413158749.0,50682434274.0,54213809464.0,256515934554.0,242871977644.0,39696992210.0,35902441231.0,6225401975.0,5378127076.0,3464503043.0,-1340765511.0
052460,아이크래프트,CFS,55140728392.0,49016405187.0,32158982104.0,23844660702.0,37074654006.0,29021324257.0,37052703417.0,36091205895.0,29380493428.0,19740010364.0,-721866803.0,-1584084873.0,2100619203.0,-2061741500.0
052600,한네트,CFS,35921949591.0,36221903030.0,14260409967.0,13840745230.0,16775643563.0,16469765998.0,37349281175.0,37564318670.0,7105314831.0,5868823255.0,1235360847.0,812532157.0,954354285.0,531311354.0
052710,아모텍,CFS,145025002227.0,160793952989.0,142987594538.0,168385407504.0,179803679517.0,206566561373.0,153556938816.0,149203783339.0,59404900694.0,54341254498.0,1265973478.0,-6182404018.0,7006434506.0,-5567774253.0
052770,아이톡시,CFS,7192499323.0,7101562234.0,5532737926.0,5085745393.0,5579620123.0,5165757567.0,5530376874.0,5484649269.0,6411108385.0,5596122400.0,-1354982032.0,-1434457798.0,3254754562.0,1585458332.0
052790,액토즈소프트,CFS,243639245078.0,271578581665.0,81190751986.0,99639039883.0,112874959266.0,132396117534.0,222428702333.0,239167345744.0,9498804850.0,9631481892.0,-125847434.0,-803620544.0,-512771268.0,-5721340737.0
052860,아이앤씨,CFS,29677783514.0,23140277743.0,20664118181.0,19117230464.0,22350113313.0,20808353151.0,34555082800.0,30480555064.0,14355043352.0,6103247393.0,3462978042.0,-1656930560.0,3472485859.0,-2295766981.0
052900,KX하이텍,CFS,85040809625.0,94936377106.0,65747188323.0,53089606579.0,76567880066.0,80511698119.0,121835309352.0,128004681877.0,33567398645.0,32178948893.0,-66493479.0,2744522587.0,-870904493.0,3911674853.0
053030,바이넥스,CFS,105298055170.0,92571000771.0,63265723246.0,92218712013.0,110130091069.0,97780918346.0,186379822001.0,181607355709.0,44527959992.0,31471717166.0,1022512317.0,-8261424546.0,1389278435.0,-5358551115.0
053050,지에스이,CFS,32026871160.0,61310753056.0,53114536607.0,76951098401.0,120087100863.0,143987661707.0,99375703593.0,94393841257.0,30887281553.0,27714680183.0,1621282539.0,140347786.0,1117314328.0,252066724.0
053060,세동,CFS,66668799405.0,50272111469.0,74443809706.0,62083333543.0,88470506144.0,73542370176.0,39479194742.0,35101157735.0,46189050377.0,41529197864.0,3086706144.0,2663864640.0,1685184228.0,-6682252235.0
053080,케이엔솔,CFS,247728061216.0,266757312461.0,173209291083.0,222547307960.0,208089702317.0,229796437364.0,178408037602.0,185948142869.0,108441212477.0,153997327517.0,-1650056160.0,8233750363.0,-2118809773.0,3308831275.0
053160,프리엠스,CFS,41573769757.0,37075973046.0,3121950139.0,3918506039.0,5036325805.0,5437889220.0,58963621860.0,55320903486.0,7601719260.0,5273922757.0,228795980.0,-250349205.0,221012450.0,-38103659.0
053260,금강철강,CFS,112280774539.0,125146173628.0,20782836666.0,34105348319.0,22145833895.0,35711648449.0,121889993174.0,128977992283.0,47878562336.0,51995941111.0,-8615100.0,1340207315.0,-4379210676.0,2700810260.0
053270,구영테크,CFS,141595278871.0,135841330678.0,191384840342.0,157466801792.0,306299509811.0,254019330410.0,131480242592.0,130500728510.0,103285037955.0,99892298945.0,5004243750.0,9097508358.0,2702899807.0,5951830889.0
053280,예스24,CFS,113251207032.0,106902121860.0,184936633093.0,202748309249.0,284737321280.0,253738460026.0,216437782643.0,180928083148.0,139805969759.0,157101388804.0,-4281714610.0,3265024973.0,-6692565543.0,3263582096.0
053290,NE능률,CFS,59968613164.0,65839122646.0,14191600370.0,16589340853.0,15878032022.0,18216972603.0,76619965572.0,80285137050.0,9273159734.0,9645231886.0,-3483279436.0,-4432556777.0,-4070333360.0,-5814005883.0
053300,한국정보인증,CFS,219408593506.0,197760792822.0,150015462901.0,161223432391.0,160492504744.0,173115324997.0,238127763237.0,232197892594.0,33108479673.0,30278989173.0,6649406395.0,3743012375.0,4355108401.0,-1026094602.0
053350,이니텍,CFS,94283512612.0,107371056440.0,3716463531.0,6903047083.0,7365600374.0,7322345359.0,125662639457.0,111099610408.0,7821895868.0,8402828250.0,-1402557632.0,202468911.0,13968896217.0,1080187173.0
053450,세코닉스,CFS,157577798324.0,147983773125.0,99572155743.0,95865590486.0,145206647958.0,145355651539.0,137930513387.0,137353782046.0,117242354699.0,116470496387.0,4249666369.0,4002772871.0,2183326147.0,3967220806.0
053580,웹케시,CFS,38124003481.0,26618798801.0,14496324820.0,15534608655.0,22206934458.0,23554416041.0,106709687900.0,102328906099.0,18450846492.0,17925294965.0,3270954872.0,3606227627.0,3199852132.0,2412804616.0
053610,프로텍,CFS,246564623905.0,245158562306.0,45694463802.0,45909524822.0,56522501355.0,53957967475.0,327262506511.0,322807636128.0,64454895135.0,52577276735.0,9828238539.0,11725060709.0,6203259322.0,10517059107.0
053620,태양,CFS,114869616111.0,114119136526.0,20406730104.0,30585964231.0,25798994156.0,36291093347.0,191464777389.0,184080999897.0,34254790730.0,38639171818.0,110552266.0,919609870.0,6623767467.0,826893764.0
053700,삼보모터스,CFS,612500037363.0,565512668560.0,698891320255.0,666899517247.0,856159110376.0,827595481304.0,402901565366.0,381447737508.0,430094062030.0,416501489995.0,19427638709.0,26493932971.0,4399548853.0,22286971938.0
053800,안랩,CFS,223192132420.0,220101602381.0,96613409720.0,86491356483.0,107094562327.0,95894548248.0,371255783421.0,368769582836.0,62289211779.0,59903000746.0,3458561771.0,3539134365.0,13359619359.0,4768746811.0
053950,경남제약,CFS,77307513662.0,77824770835.0,44833013977.0,46279000276.0,47057630087.0,51360765294.0,116883682097.0,115223111871.0,14034177608.0,15327469378.0,-839229713.0,-1188403326.0,2528261519.0,17259515769.0
053980,오상자이엘,CFS,80549200773.0,71404806487.0,41163382801.0,29839757902.0,43566034741.0,32184715064.0,102207424008.0,104064859018.0,35318099972.0,26892375158.0,3054993985.0,2558684856.0,1796322487.0,1450780170.0
054040,한국컴퓨터,CFS,114273631086.0,113399919566.0,34801983435.0,29691404621.0,36840163555.0,31692086340.0,143946264886.0,150727500186.0,103098705449.0,123741963436.0,2704974263.0,7225201684.0,905005747.0,6422384484.0
054050,NH농우바이오,CFS,213189884143.0,214386837403.0,62012517911.0,55741935916.0,68743224803.0,71743947078.0,272037080737.0,271565404591.0,43347378604.0,40491070270.0,3203714824.0,1831737350.0,2586642470.0,2621864604.0
054090,삼진엘앤디,CFS,63430724886.0,83502102759.0,73818285369.0,90630637879.0,84755923786.0,99996839683.0,37993047028.0,47280425046.0,31245533194.0,37938687317.0,929777586.0,-2179051219.0,-6655509928.0,-5062376031.0
054180,메디콕스,CFS,12188473983.0,13255667979.0,19239742997.0,23801495277.0,25186540004.0,28973776103.0,52309810176.0,52445389249.0,7674793777.0,7364211531.0,-1453621490.0,-2292735879.0,-3724170571.0,-7420177494.0
054210,이랜텍,CFS,219882065288.0,239928216156.0,273503587090.0,266639264683.0,302421660260.0,293597492872.0,267038196803.0,285964663799.0,154557307704.0,133868080374.0,7481148248.0,-2576433343.0,-1885874650.0,-15844887842.0
054220,비츠로시스,CFS,25695083885.0,23055659124.0,26612515437.0,29233172600.0,30988315356.0,33741859013.0,22190097474.0,17578682254.0,10044799505.0,4557813620.0,-593282084.0,-2092615810.0,4561453842.0,-3328218759.0
054300,팬스타엔터프라이즈,CFS,58938576087.0,42016403501.0,44086650698.0,30160001468.0,60252917078.0,43308471970.0,90385966936.0,56580631903.0,16727744558.0,22961780804.0,-137992422.0,152723195.0,1541873742.0,391911768.0
054410,케이피티유,CFS,16504647661.0,14895255769.0,29800559883.0,27655378104.0,40481181691.0,39600197035.0,52987812546.0,52747059315.0,11554485593.0,9048865912.0,539558870.0,432535913.0,-687868930.0,1414066973.0
054450,텔레칩스,CFS,130007162121.0,139782155852.0,106463444661.0,112426732340.0,180537850174.0,176140255487.0,194225198165.0,201741800960.0,44302951058.0,45997549696.0,-3554239767.0,1067628354.0,-3219852873.0,-15628347203.0
054540,삼영엠텍,CFS,72386589988.0,70562192575.0,40415491807.0,41132791159.0,42922746609.0,41663916063.0,76498015620.0,74221637248.0,29631693945.0,34057660197.0,2438401045.0,1427978881.0,2234363135.0,481487478.0
054620,APS,CFS,85160858053.0,99096320293.0,141068083865.0,152901380289.0,185871790962.0,187494650134.0,215576060392.0,225714445727.0,20017714229.0,4037904185.0,-2645179313.0,-7593875246.0,-8034837403.0,50132573310.0
054670,대한뉴팜,CFS,104116933066.0,115354344259.0,64871399642.0,71880926064.0,108853594975.0,95846326423.0,126743396862.0,125438916498.0,49872815756.0,54137726679.0,3061118884.0,6321788459.0,3007695083.0,5599383730.0
054780,키이스트,CFS,32143926597.0,39153490923.0,20474489087.0,27475944950.0,22698599765.0,29395792643.0,40003474851.0,42052904531.0,2951400395.0,16126020340.0,-1256728956.0,370307087.0,-1367517570.0,-1454511615.0
054800,아이디스홀딩스,CFS,778615809592.0,803256044811.0,296484937411.0,298032835880.0,315952074674.0,319321011322.0,843323273200.0,853188760354.0,218948507991.0,188604572819.0,20915370391.0,17639644964.0,10544097530.0,20734402097.0
054920,한컴위드,CFS,28792866915.0,33572894462.0,80231501295.0,69085449933.0,95270283541.0,76013137904.0,148951464720.0,140204421595.0,186939091778.0,133113123524.0,546297376.0,-40671347.0,4129995542.0,2504103962.0
054930,유신,CFS,174837833170.0,158024004707.0,155437991078.0,133281006362.0,167655273342.0,145806561042.0,149183725860.0,147724393781.0,88231514223.0,79110944834.0,1749785087.0,2186870531.0,1679808020.0,2868723763.0
054940,엑사이엔씨,CFS,97390078594.0,108775284317.0,57477790313.0,81969320546.0,69038580924.0,85701986760.0,80372552140.0,83665269807.0,37561133026.0,40924257765.0,1318572184.0,1676314726.0,-794843341.0,1411556072.0
054950,제이브이엠,CFS,190861144714.0,176537137910.0,75183567623.0,79284846765.0,79220968299.0,82463755191.0,213076286364.0,202336022424.0,47537480253.0,37746091382.0,10903180253.0,6870050855.0,8899813894.0,6041892698.0
056080,유진로봇,CFS,34890191927.0,34473675316.0,20980418792.0,15198624672.0,24352331429.0,19023980404.0,30470592775.0,35703756043.0,2870622913.0,5734039047.0,-2804275963.0,-1136413996.0,-2900154104.0,-780425453.0
056090,시지메드텍,CFS,47042241042.0,54079305810.0,13161167742.0,11867242239.0,22261423003.0,20434374286.0,88310706676.0,86765892360.0,12630323089.0,7924401638.0,1904581440.0,-143331009.0,1163213457.0,63391271.0
056190,SFA,CFS,1300682959677.0,1370892360019.0,684955068049.0,815554758028.0,881924436961.0,957193535343.0,1493948378920.0,1522364024097.0,444992026297.0,556176217586.0,21121709711.0,54458480781.0,2569631428.0,37427266702.0
056360,코위버,CFS,91687495064.0,94685839251.0,21703090817.0,23559808827.0,22410347097.0,24442609577.0,124899819852.0,126647805083.0,14232237131.0,7691951866.0,-667703164.0,-3115865226.0,484662800.0,-1537971971.0
056700,신화인터텍,CFS,86485815988.0,84878244065.0,85863312744.0,94317898477.0,86763703076.0,94941502880.0,97938288677.0,94290334344.0,54622863563.0,58889621443.0,4117740420.0,2058080396.0,2005965402.0,-24443149.0
056730,CNT85,CFS,60186397008.0,61808833334.0,13619263576.0,16302245179.0,15148145666.0,18408006814.0,70262239836.0,71111613473.0,7779059639.0,19021662967.0,-575306998.0,381830026.0,-120231319.0,815502754.0
057030,YBM넷,CFS,41079457419.0,41558378400.0,21198798436.0,21821342670.0,27915798059.0,28896977621.0,51641892361.0,52472420359.0,11995600170.0,13561724642.0,-174698825.0,17763936.0,14016010.0,60899382.0
057540,옴니시스템,CFS,62689419443.0,63279287151.0,21748193208.0,20912767365.0,24181358276.0,22525119670.0,109244280874.0,110002936000.0,28155547797.0,25607432199.0,-65097701.0,932421395.0,-189939971.0,363180527.0
057680,티사이언티픽,CFS,23401921065.0,22563393538.0,11470245309.0,22728762067.0,20287811818.0,24038847142.0,139886627998.0,139229397336.0,8261901282.0,8937800346.0,39994560.0,517939100.0,1599437341.0,-6188278187.0
058110,멕아이씨에스,CFS,17862520249.0,19993618146.0,14556058392.0,14379817612.0,20102358669.0,20190022303.0,36560510510.0,39259772825.0,2364706300.0,3162367290.0,-1689427999.0,-1281101862.0,-1737282970.0,-1726119674.0
058400,KNN,CFS,71182487852.0,73187229493.0,10209420862.0,13735546925.0,12663220391.0,15947931350.0,220499479130.0,220397227061.0,16122412032.0,18707332964.0,586896009.0,2419113777.0,2268592213.0,3810207548.0
058450,한주에이알티,CFS,14423712094.0,22124138619.0,14173011472.0,16337489579.0,15605886751.0,16909126578.0,14391722759.0,20376492424.0,1556655135.0,2942943666.0,-1350068424.0,-1673577541.0,-2827469669.0,-330388000.0
058470,리노공업,CFS,476962547883.0,449498090730.0,59577989735.0,30614692642.0,64567130805.0,34814668593.0,647599534697.0,622629112163.0,112522064123.0,70979235277.0,53444357551.0,33209620466.0,41110227661.0,29847243219.0
058610,에스피지,CFS,271896474205.0,267611617008.0,128881336017.0,118946486396.0,152599581929.0,143378467479.0,246940419849.0,254135688485.0,80467181959.0,100368896955.0,3920254141.0,3464223226.0,2408250934.0,4071263445.0
058630,엠게임,CFS,78238349499.0,98172607247.0,18224813904.0,24080571012.0,18969441096.0,24624223713.0,127554809434.0,124269961035.0,19980372615.0,18131004902.0,2696245566.0,685364370.0,1656702638.0,3767420171.0
058820,CMG제약,CFS,128667619669.0,134859155102.0,95040545016.0,74644738355.0,110491287812.0,113894697972.0,197061539184.0,189542119217.0,22668933360.0,24853775932.0,-4605643742.0,315710435.0,-10891106848.0,5982369389.0
058970,엠로,CFS,44911761851.0,36870473084.0,14600455974.0,9198238577.0,19099078968.0,13426742981.0,92425521462.0,88993007788.0,22052046590.0,19199416433.0,151709251.0,1751327513.0,-553217554.0,8716967499.0
059090,미코,CFS,730145797748.0,596219133792.0,615927533838.0,609493350413.0,1027503474042.0,859828437142.0,552563093345.0,532847652534.0,248593861112.0,142241564088.0,30202679869.0,34926516728.0,22823308117.0,20405256105.0
059100,아이컴포넌트,CFS,26185637182.0,26168075136.0,9162722851.0,12328524079.0,15081757305.0,18821748687.0,40950488141.0,39285492875.0,8739936912.0,7901034967.0,2042020582.0,443452383.0,1414082371.0,530764007.0
059120,아진엑스텍,CFS,29353335557.0,30777205233.0,3688336936.0,4460561691.0,4059512597.0,4858629301.0,37955285816.0,40260811047.0,5327500964.0,6092337668.0,-1132155189.0,-1126448220.0,-1208789179.0,-260206677.0
059210,메타바이오메드,CFS,91914820986.0,93957019990.0,61633739730.0,73597244748.0,64776620617.0,81184863406.0,113962132913.0,96110218826.0,25474754587.0,25327086205.0,7794010550.0,3711764389.0,-884342254.0,3896617558.0
059270,해성에어로보틱스,CFS,19875510637.0,18463746100.0,2382101743.0,2006634291.0,3281879527.0,2763870392.0,39847406209.0,39468301619.0,4000587566.0,4521405165.0,12088860.0,-2048692.0,675524758.0,29055553.0
060150,인선이엔티,CFS,133109987612.0,120920045248.0,95900181865.0,96647466823.0,177166491188.0,173077246538.0,315121409354.0,322630959961.0,50362342952.0,54129359006.0,3742838933.0,4765079235.0,-2232082161.0,3440639158.0
060230,제이케이시냅스,CFS,42803163452.0,33413109765.0,74810181929.0,53394297378.0,86579255660.0,91943446082.0,59611827003.0,51524798915.0,8561863144.0,10789062916.0,-2754556090.0,-3055375627.0,-6822958825.0,-18134896859.0
060240,스타코링크,CFS,9581599460.0,8582786627.0,20412673772.0,17232064174.0,22406063296.0,18616547476.0,2448246630.0,6519271403.0,7624660916.0,806889351.0,-845234670.0,-1606920597.0,-2320470311.0,-4001154596.0
060250,NHN KCP,CFS,470704016697.0,480100716456.0,276341377298.0,297537805897.0,283944316756.0,305102662686.0,273088358130.0,265170070668.0,300661675649.0,275927270569.0,12370181593.0,11652038693.0,9543342383.0,11517552315.0
060260,뉴보텍,CFS,26549892762.0,24615143882.0,23968484011.0,24962429524.0,28981499375.0,30258706397.0,21158295546.0,20950989358.0,9673714209.0,10345194000.0,209994144.0,670139916.0,398706937.0,419709980.0
060280,큐렉소,CFS,89897126834.0,87942029346.0,8663495832.0,7936446825.0,10032942092.0,9202707135.0,93653881999.0,93380746180.0,16794769259.0,13512898743.0,-205403768.0,-1286545760.0,-890041325.0,-1440664725.0
060310,3S,CFS,20303387552.0,29644179647.0,13281083851.0,22033265483.0,15715509270.0,25264350857.0,47295789258.0,49524691112.0,5951718894.0,6482402989.0,-2682471984.0,-383724411.0,-2116108459.0,-814718912.0
060370,LS마린솔루션,CFS,183690616047.0,163704383661.0,64355314349.0,43728878053.0,66798502792.0,46112417811.0,207253528556.0,208157112796.0,66986959531.0,38367451692.0,3416376038.0,5949464445.0,1446729881.0,5688014590.0
060380,동양에스텍,CFS,89002674168.0,84356615409.0,46651378478.0,39639032694.0,68463070775.0,59938314363.0,120236825246.0,120373748722.0,47948408227.0,48460025992.0,453549329.0,81389024.0,326848468.0,27180589.0
060480,국일신동,CFS,17225163195.0,19101979370.0,1276168807.0,2638071473.0,3587472588.0,5042229042.0,42109012412.0,42329304560.0,6921785282.0,10804564251.0,-352540663.0,-429167422.0,-329993985.0,-232524643.0
060540,에스에이티,CFS,61091642773.0,63375758937.0,51899300816.0,52120335640.0,57906631514.0,60590877932.0,99163036853.0,104609540544.0,35215641946.0,35169890075.0,-181055666.0,-781804173.0,-2725088910.0,-1037744554.0
060560,HC홈센타,CFS,157737520950.0,155082911584.0,177527513071.0,155144846685.0,282738068221.0,247386183081.0,235683287319.0,240399458701.0,74574970111.0,103649098261.0,-3009626287.0,6999765048.0,3662131158.0,9393658034.0
060570,드림어스컴퍼니,CFS,114587254462.0,169661444746.0,62387001669.0,98353045929.0,65117617704.0,100603886390.0,144703466053.0,146696788904.0,51110544693.0,50182622784.0,494446561.0,-1853797453.0,-1922817554.0,-3151132122.0
060590,씨티씨바이오,CFS,69559525289.0,73538670785.0,61160083362.0,66185847611.0,74387113329.0,84068036867.0,71437918703.0,69620419955.0,35419486115.0,34817399949.0,2267814511.0,-354502005.0,1194235491.0,-2254760445.0
060720,KH바텍,CFS,233591651727.0,150144446816.0,190910762738.0,120288641564.0,211081049140.0,124762543866.0,256464090971.0,262360269009.0,136531264588.0,101569181691.0,11585625201.0,8517746904.0,2049455822.0,9140314174.0
060850,영림원소프트랩,CFS,46054969333.0,44396719217.0,15670767630.0,13233922220.0,27162927298.0,20489490852.0,50124913035.0,47916065970.0,19125729283.0,15093380696.0,1270883432.0,359872698.0,2936934767.0,561807880.0
060900,에이전트AI,CFS,24513461785.0,29870925624.0,13408964489.0,21009111443.0,13482929947.0,21149509054.0,38177697531.0,40793190032.0,2792701196.0,4982677814.0,-1888637279.0,-378583238.0,-1731566789.0,-4561977859.0
061040,알에프텍,CFS,178154683369.0,201707962861.0,162600907852.0,173376783390.0,222591226090.0,234286685009.0,199370616679.0,222319836471.0,65237666878.0,100968306489.0,-5686979682.0,4874275013.0,-3655661356.0,3112120605.0
061090,세나테크놀로지,,,,,,,,,,,,,,,
061250,화일약품,CFS,131269012776.0,133789210145.0,7324123898.0,11712974051.0,7941633281.0,12194304647.0,208756327853.0,203415490923.0,27956364353.0,31618461835.0,50913808.0,222845479.0,551483836.0,-553217403.0
061970,LB세미콘,CFS,167688682061.0,193261922927.0,321386787262.0,303283158752.0,436736315402.0,459813471035.0,326137840588.0,346236165510.0,115688096141.0,123226505579.0,-3306404461.0,1257478395.0,-10950827226.0,-1063884215.0
062970,한국첨단소재,CFS,10435264027.0,18471710695.0,8097565409.0,22901537250.0,9554216370.0,25963260245.0,13858374724.0,5442439510.0,1076490844.0,2071066742.0,-888785615.0,-1397129724.0,-1109245084.0,-1621554843.0
063080,컴투스홀딩스,CFS,43373537611.0,68651871487.0,163490294063.0,214256630995.0,313654593183.0,330516825780.0,206104541477.0,211441431476.0,,,-2199473310.0,-3962706508.0,-6121759309.0,-6096185977.0
063170,서울옥션,CFS,100895368255.0,101160716544.0,72347323317.0,46272683193.0,112171124506.0,104864570655.0,102469661070.0,107677116211.0,,,590875058.0,-337582880.0,-549247313.0,-1472348915.0
063440,SM Life Design,CFS,26782959112.0,27132998174.0,5644009452.0,7528124563.0,5939391761.0,7706707879.0,65408490848.0,61795348671.0,16878219095.0,8700217171.0,2357082912.0,970477961.0,2819359052.0,1086972401.0
063570,NICE인프라,CFS,231207788564.0,211195698813.0,318877153726.0,277239689492.0,406666033764.0,367297752842.0,179492038900.0,180470714949.0,92693353050.0,82360320189.0,9875441320.0,6263226707.0,3007296266.0,1892743362.0
063760,이엘피,CFS,23848343106.0,22710305909.0,15542976071.0,12175768634.0,16266410874.0,13226997626.0,58996456708.0,62405480470.0,5541719593.0,4770964233.0,-842596216.0,-745912459.0,-1106395223.0,-436778713.0
064090,인크레더블버즈,CFS,45030688835.0,77518722598.0,2827188560.0,2735527344.0,3972706860.0,2992954318.0,77196847591.0,96829213044.0,1899077639.0,881532042.0,-1373640320.0,-702815209.0,-10781736118.0,-6406233901.0
064240,홈캐스트,CFS,75940141278.0,71053180583.0,21167023065.0,23253645008.0,21428325549.0,24434856445.0,88909323933.0,96392027098.0,7023124220.0,12113425406.0,-1443720705.0,-1142707592.0,-5046579196.0,-1128849526.0
064260,다날,CFS,586236291330.0,528338229254.0,476323292376.0,417547982809.0,514336892179.0,435582092118.0,287680566346.0,310010645938.0,56539413260.0,67515684318.0,1076033845.0,-667386150.0,-17642079862.0,-3589585750.0
064290,인텍플러스,CFS,89093569805.0,87523094200.0,75545395730.0,78273233753.0,83819294845.0,78563621105.0,41292226500.0,45505737211.0,25149574762.0,22900562059.0,1575596707.0,-5139171121.0,1047493238.0,-4229892495.0
064480,브리지텍,CFS,24289006185.0,34598040938.0,10193290793.0,16757377248.0,14024743752.0,21058995211.0,43644290483.0,46826828659.0,9738879083.0,7750079905.0,-1232177235.0,-1748703958.0,-1218811138.0,-1357571584.0
064520,테크엘,CFS,55219283181.0,57745022795.0,2205002672.0,2355288283.0,4683446147.0,4763259906.0,96371716401.0,99389175172.0,3980332630.0,6780339006.0,-1465388003.0,-24733445.0,-2368549062.0,-1405459139.0
064550,바이오니아,CFS,154035112536.0,148504083221.0,70017219237.0,65590504850.0,145525010563.0,105294276787.0,229871972493.0,226891095647.0,88282755656.0,78444101566.0,5296934685.0,-594678950.0,345368697.0,-1935627989.0
064760,티씨케이,CFS,392709550447.0,405757965821.0,37669400607.0,44574894545.0,40894100608.0,47264861755.0,508124847897.0,516254748314.0,72674140670.0,68343638988.0,19501585703.0,20325084385.0,15986620242.0,19030568149.0
064800,포니링크,CFS,314371002611.0,159919669778.0,56870223570.0,31151910053.0,88206105017.0,48377089151.0,309843669378.0,198249734782.0,9779342485.0,17076106699.0,-5017264565.0,-5541790946.0,65251163361.0,-29273542754.0
064820,케이프,CFS,52564754715.0,39511733480.0,78401351767.0,160326078220.0,4027441231855.0,2145156709369.0,279302701843.0,259508030767.0,160466951045.0,124885265797.0,34794089472.0,10849346085.0,18582562360.0,3868211310.0
064850,에프앤가이드,CFS,41550414952.0,42857714412.0,17879263676.0,23022183266.0,18153349535.0,23256126616.0,63891030663.0,61800567747.0,7600081200.0,8048851414.0,2062954881.0,1842614293.0,3260114455.0,1720064012.0
065060,지엔코,CFS,57796971872.0,64781582938.0,80262383395.0,81387261574.0,107170529082.0,109913538476.0,118497325214.0,123931404189.0,31096337985.0,35179625279.0,-484468495.0,2163969144.0,-2759975465.0,5013979945.0
065130,탑엔지니어링,CFS,296453657658.0,388642327428.0,183503450340.0,245653037739.0,190977171489.0,254710238680.0,305207682000.0,340096703499.0,213125628545.0,199055458284.0,-11926422332.0,5710580009.0,-11314311839.0,6812806224.0
065150,대산F&B,CFS,22704123580.0,21512471948.0,22424665675.0,26360911785.0,23356315276.0,27798942174.0,15835040360.0,10654231800.0,29751640372.0,24382629487.0,1725987211.0,961490624.0,1897031944.0,75230851.0
065170,비엘팜텍,CFS,7599377344.0,6937385689.0,10624230000.0,6628855630.0,12015851762.0,12189936816.0,22493700911.0,24268209604.0,1802298929.0,1505459056.0,-573611972.0,-545169945.0,-851601011.0,-589914643.0
065350,신성델타테크,CFS,455376948769.0,433541107750.0,449008570511.0,424500528876.0,507134484281.0,456799590721.0,317239357067.0,317312385835.0,220782410107.0,221271125928.0,6680401069.0,9559652208.0,3526502798.0,-2373391884.0
065370,위세아이텍,CFS,10412815292.0,16617738184.0,7243520683.0,19209348118.0,29881984483.0,41085344958.0,29812638716.0,30873079286.0,7628590879.0,7163946628.0,476828672.0,-98706900.0,1012332984.0,630798365.0
065420,에스아이리소스,CFS,4384522322.0,5850796471.0,5499617536.0,7135312940.0,5595071426.0,7258880771.0,7690486810.0,7623241025.0,6733760015.0,1612064589.0,-100883400.0,-1110334746.0,69642826.0,-750647135.0
065440,이루온,CFS,41685700041.0,58782831704.0,16485771559.0,22803729732.0,23142890124.0,24393764908.0,51530839834.0,51057917508.0,14799976909.0,13674771889.0,461474492.0,961188681.0,52586786.0,1267254382.0
065450,빅텍,CFS,57259456695.0,43901129667.0,60055682645.0,44612661609.0,65386307230.0,48933221134.0,58086185130.0,58249544422.0,14661043904.0,13196039388.0,861143817.0,-349684341.0,1231613668.0,-1170783220.0
065500,오리엔트정공,CFS,37702007313.0,43899906989.0,38889895061.0,44049470449.0,56795430076.0,61402956677.0,37509917470.0,38036984275.0,39650415333.0,45335861025.0,1023429701.0,601393022.0,139855977.0,376546010.0
065510,휴비츠,CFS,91901598016.0,91220603439.0,79222674537.0,79131647078.0,101575529466.0,100346019736.0,119748407461.0,121786740601.0,29133366794.0,30985497789.0,1864901988.0,5193787005.0,-1424550811.0,5489117928.0
065530,와이어블,CFS,32308301492.0,44151687089.0,40551141772.0,48451534252.0,54898957853.0,63068578657.0,74165808125.0,75888338837.0,16713117143.0,22983871970.0,506194305.0,438839216.0,615018024.0,142647617.0
065570,삼영이엔씨,CFS,43118858495.0,44111575138.0,34377272552.0,37788957187.0,34690116784.0,38471189223.0,19091297450.0,16429766418.0,8117376271.0,9706653324.0,1429210649.0,-1611927415.0,1137883731.0,-1750295881.0
065650,하이퍼코퍼레이션,CFS,29620548205.0,25602015778.0,39119413473.0,37222907922.0,45465202156.0,42914181285.0,23767076310.0,17490366497.0,14556810244.0,12450058081.0,106646701.0,-703840190.0,5365246479.0,-14079583856.0
065660,안트로젠,CFS,48986183674.0,45075167110.0,958441223.0,1481726768.0,1144357949.0,5866850030.0,90690936186.0,110211617127.0,1887622229.0,1709862305.0,-454659751.0,-885103843.0,-90119562.0,-517961346.0
065680,우주일렉트로,CFS,233371075183.0,234009685874.0,71558157586.0,74134011884.0,78877449335.0,81359692786.0,247725320187.0,246373997170.0,43183701265.0,43446608156.0,4957827092.0,5831482263.0,2593288095.0,5165379192.0
065690,파커스,CFS,65983810748.0,93175530004.0,29109532756.0,63000247894.0,34528745445.0,68573111833.0,54320727997.0,46454103598.0,14325022472.0,16485333481.0,829387052.0,709095864.0,-235110747.0,839110121.0
065710,서호전기,CFS,71638077309.0,45547003277.0,33265678906.0,11292481692.0,34577843632.0,12646404711.0,88606365583.0,89328968210.0,31169701526.0,11031068347.0,5140442462.0,1041170844.0,390121144.0,2664277415.0
065770,CS,CFS,16498068986.0,20763374633.0,2079757908.0,5275734200.0,2316815637.0,5381497456.0,17474614586.0,18581257360.0,4668609405.0,6114176754.0,-393958203.0,-39755627.0,-406675889.0,951472060.0
065950,웰크론,CFS,134679223781.0,156327870538.0,147404056796.0,172613336861.0,244879487471.0,270925455535.0,103229795879.0,111140749464.0,63999671663.0,83316909295.0,845521360.0,-2385205929.0,-5579172298.0,-3408746307.0
066130,하츠,CFS,83192566461.0,93280044621.0,40068818639.0,43195757170.0,45678428037.0,48142320209.0,113130434942.0,109992119742.0,48077696401.0,49928388607.0,3364290886.0,5956529087.0,4380162205.0,4766937506.0
066310,큐에스아이,CFS,34540739124.0,38264697370.0,3367279741.0,3360642781.0,4818502654.0,4600959753.0,81976688713.0,83942667086.0,5722983938.0,6008068369.0,15235933.0,519014394.0,194477026.0,282699798.0
066360,체리부로,CFS,102954151110.0,97508125317.0,156975816695.0,165193655505.0,185056402033.0,191460328817.0,118763536647.0,105774024835.0,105591963539.0,88307000806.0,8190585688.0,-1147136418.0,9604000973.0,-3873755102.0
066410,버킷스튜디오,CFS,10970979354.0,16923290725.0,56619320516.0,59680445945.0,57978334569.0,61157187684.0,129404583572.0,129563270304.0,3988335293.0,4012575064.0,-1146568537.0,-1514767253.0,-153708058.0,-12974859318.0
066430,아이로보틱스,CFS,14995545938.0,18047563869.0,7241249941.0,7632267806.0,7904831314.0,8665200550.0,42647626136.0,42581711839.0,10197768282.0,9055834892.0,63138873.0,-254140958.0,244273515.0,-850133592.0
066590,스모트로닉,CFS,135751476372.0,129843426010.0,183272977364.0,166939521924.0,207698537536.0,195858715283.0,86747748869.0,90228675226.0,93480011081.0,89865532492.0,773083083.0,2732482918.0,-1924660195.0,2443402711.0
066620,국보디자인,CFS,285647660778.0,261274790105.0,144523782978.0,139184400405.0,150494263103.0,147198541758.0,283662322002.0,279812971824.0,119276792072.0,106811077742.0,11203486325.0,10466759671.0,9741651944.0,10007292475.0
066670,디티씨,CFS,193145210697.0,94501831636.0,39208114832.0,3916050259.0,52385601104.0,5995316909.0,246289904392.0,162151584222.0,40012801361.0,2626025887.0,-1488425167.0,386739522.0,-3811969665.0,985933488.0
066700,테라젠이텍스,CFS,148226496441.0,150714083354.0,88773957079.0,100419443456.0,95526893751.0,106458788275.0,141751093149.0,130544378780.0,66825193860.0,61416240033.0,-475733826.0,3000911356.0,793144341.0,1440727112.0
066790,씨씨에스,CFS,22796405763.0,24463845624.0,2657449101.0,2768625036.0,3379017591.0,3524268696.0,33196545228.0,34485344178.0,4350500979.0,4590897162.0,-792491920.0,-130032931.0,-677060582.0,254045291.0
066900,디에이피,CFS,101160334320.0,98182214094.0,212909651785.0,195364168674.0,355529933555.0,317074444808.0,26151086971.0,45291472751.0,123660074403.0,116533910355.0,-19831367827.0,-10992587762.0,-15725670481.0,-16148293539.0
066910,손오공,CFS,54350860090.0,25361930294.0,70755878606.0,25356133246.0,92361930085.0,29570732886.0,44479772017.0,28132018861.0,18632048054.0,8012863822.0,-947806260.0,-2092147922.0,-1165570755.0,117465277.0
066980,한성크린텍,CFS,62897655491.0,70559564628.0,76844858575.0,87201576633.0,101034332852.0,111872358663.0,66962874906.0,64304487159.0,54174743224.0,48325395843.0,2200524442.0,-6586382350.0,2106588945.0,-12940364008.0
067000,조이시티,CFS,56312915381.0,49189816866.0,67370917921.0,58853437815.0,132355100220.0,133687577013.0,96711423003.0,96457584903.0,,,3148963804.0,3179773801.0,-477607317.0,1959918445.0
067010,이씨에스,CFS,71874379503.0,64013478419.0,28960155259.0,21733983729.0,30603806317.0,22708690924.0,51280403822.0,51316889561.0,25730020314.0,18582824187.0,706518636.0,17375774.0,883430620.0,370393421.0
067080,대화제약,CFS,59238496641.0,61607309421.0,121386220220.0,117692583160.0,128730775697.0,129514553679.0,73241303332.0,76369875608.0,35961660611.0,38800198414.0,285167326.0,1792375802.0,-517247797.0,676189365.0
067160,SOOP,CFS,675867010160.0,615464053943.0,360697799965.0,324878082191.0,372882006356.0,333300172487.0,444154824365.0,382424625846.0,116883434076.0,101469040922.0,30013805163.0,33302793893.0,22516548847.0,27670105777.0
067170,오텍,CFS,421430792139.0,320660241057.0,439400376753.0,342349502454.0,504260134023.0,414517767804.0,131544562755.0,128171941645.0,275087870701.0,283232311463.0,2985112200.0,4645207813.0,4675446087.0,-111359324.0
067280,멀티캠퍼스,CFS,223836217762.0,229757790436.0,58301905393.0,67750615634.0,84679858384.0,99690002918.0,217567952383.0,221027496038.0,84872940243.0,88535063606.0,,,7112651988.0,8004056422.0
067290,JW신약,CFS,27374168988.0,28607831815.0,22670727197.0,34064527137.0,24976228607.0,36466121296.0,37247519394.0,26569281642.0,19697115002.0,21631143851.0,2668414007.0,1885344439.0,3101375918.0,987476477.0
067310,하나마이크론,CFS,630190186593.0,615552798363.0,668539394042.0,620248022180.0,1325667196608.0,1338819768429.0,584373172861.0,605829084189.0,340178666798.0,285938044991.0,30213756660.0,18618286796.0,7089201276.0,-9252202986.0
067370,선바이오,CFS,8623669124.0,12568571477.0,23202991014.0,17493644901.0,33263142230.0,33939038507.0,25523580131.0,27078173797.0,1721630741.0,1591392830.0,118452462.0,-1500087784.0,-1186779826.0,-818793657.0
067390,아스트,CFS,319361801165.0,297795364301.0,82472409353.0,60670387485.0,277806353719.0,265915269861.0,305082876866.0,296127254452.0,56577165795.0,36825938068.0,-3408085403.0,-6096507188.0,-8213177427.0,-4658292153.0
067570,엔브이에이치코리아,CFS,690761367459.0,689687178119.0,764730148410.0,832205100447.0,1126719720969.0,1123011489928.0,386483478422.0,391980785900.0,414789931488.0,417262753951.0,24116834733.0,31062683767.0,4975381103.0,23927125122.0
067630,HLB생명과학,CFS,111476810892.0,155291406556.0,62043176985.0,53546779838.0,168234728378.0,140192113684.0,314248699955.0,398825310553.0,11768945377.0,7477490395.0,-6650785199.0,-6017052278.0,-26085419626.0,-144703178532.0
067730,로지시스,CFS,18754712769.0,19150975358.0,7894585032.0,9116113839.0,9286352258.0,10242919926.0,19159161731.0,18729513604.0,11642406634.0,10221297678.0,832959533.0,579450402.0,695321804.0,466093765.0
067770,세진티에스,CFS,35528600171.0,37150756888.0,1176366780.0,1427771757.0,1203071372.0,1467009762.0,46183396902.0,47189421114.0,2748618934.0,3483221843.0,-288433766.0,400062618.0,-572876254.0,1178871322.0
067900,와이엔텍,CFS,74610857747.0,75804039548.0,55805185627.0,61950798864.0,143651183993.0,137072801754.0,311921330062.0,303057910498.0,30142813803.0,30537296850.0,9229681733.0,9944356797.0,7839247816.0,7335668199.0
067920,이글루,CFS,28875723757.0,39093193194.0,25849090547.0,14573923338.0,26912847777.0,15938665712.0,78042215739.0,80784037031.0,,,648460435.0,-435889838.0,1106754785.0,-592274940.0
067990,도이치모터스,CFS,377231407589.0,366872809126.0,824509505048.0,861329447371.0,1282981449066.0,1263992620117.0,389758361677.0,405329884974.0,654882862409.0,503540525072.0,13728855695.0,6271335591.0,2858059683.0,1923981139.0
068050,팬엔터테인먼트,CFS,18234473040.0,25569367549.0,41923224698.0,36667493707.0,54414969952.0,50986182977.0,66950433659.0,70147189037.0,6848479227.0,12027076206.0,-1997810975.0,749534306.0,-2103788805.0,2225648639.0
068100,케이웨더,CFS,8776477109.0,9820814801.0,3398892937.0,2998495316.0,5739583038.0,5594625993.0,11916410715.0,13234061414.0,5250425576.0,2812374814.0,-458934890.0,-1618471837.0,-432741685.0,-1569919868.0
068240,다원시스,CFS,419044423446.0,418742818992.0,423133705496.0,386827010524.0,537890401799.0,486801930998.0,218370006913.0,258928850724.0,35463273344.0,96980424740.0,-24110973458.0,10956267736.0,-19615944612.0,13869074195.0
068330,일신바이오,CFS,51668512066.0,49821692994.0,3806176838.0,3455753422.0,3840708934.0,3490285518.0,61599873903.0,60449710729.0,3542514259.0,2765539453.0,1120164636.0,608937638.0,742356791.0,802725012.0
068760,셀트리온제약,CFS,441964676185.0,391673280914.0,281796478975.0,247650113121.0,313851050400.0,272540920812.0,414343566779.0,396921557126.0,131297669346.0,117154557098.0,15522277801.0,9418680329.0,11088193043.0,5590916345.0
068790,DMS,CFS,228426533454.0,224309216121.0,98491144931.0,132114914895.0,101989031057.0,135929671420.0,374535441729.0,387157575655.0,23678418842.0,32441137664.0,-7077789594.0,1187349183.0,-15623063268.0,11212347079.0
068930,디지털대성,CFS,29529328600.0,35310303016.0,138220697171.0,138065365253.0,173085711938.0,176890783177.0,156220556951.0,161093422736.0,59311761045.0,47702241241.0,10078294429.0,7529355607.0,8231261651.0,5197483813.0
068940,셀피글로벌,CFS,17029253503.0,16835265737.0,6851663232.0,8883573912.0,7836907997.0,10201129283.0,19673781938.0,17778813569.0,9384764517.0,10320396672.0,-273610127.0,401769350.0,-311800076.0,563464168.0
069080,웹젠,CFS,449305987263.0,482311423202.0,68681561767.0,68602219380.0,81336428474.0,78288375720.0,666982220343.0,672635084186.0,39111056282.0,48046502659.0,6173238130.0,11802171311.0,6739136609.0,13918778164.0
069140,누리플랜,CFS,53422165244.0,54194924178.0,76436192853.0,83843045829.0,98497993653.0,104863854642.0,46891500862.0,42611321205.0,32986422423.0,25062276903.0,5672984735.0,-1017832208.0,4650673073.0,117812260.0
069330,유아이디,CFS,19750367940.0,18504180025.0,22985637210.0,15153318746.0,24525855723.0,23741925863.0,19029830648.0,19488058128.0,13194702967.0,14055177521.0,102759260.0,485647102.0,-250586116.0,449433505.0
069410,엔텔스,CFS,46144237290.0,49721500572.0,10124477011.0,11221217620.0,10943734182.0,12000061804.0,53807514401.0,52784511961.0,14913963266.0,8680506030.0,507702503.0,-1675211292.0,589234382.0,-1036000189.0
069510,에스텍,CFS,289556375730.0,339766235852.0,123564759339.0,178331510734.0,129867588747.0,184452276635.0,205696718147.0,203509360274.0,118341331221.0,123509870545.0,14927618471.0,15849167858.0,8148730843.0,16463597265.0
069540,빛과전자,CFS,44217406801.0,44872438880.0,20069274613.0,15735077761.0,23604157055.0,19115300632.0,57235002254.0,62503170819.0,7977360322.0,5225488474.0,-3693074007.0,-3144466422.0,-6155955770.0,-5712083332.0
069920,엑시온그룹,CFS,26633336430.0,27117918352.0,37661790048.0,12259980076.0,42724479991.0,13124140949.0,49344242961.0,45015633763.0,820668245.0,992927543.0,-1420234452.0,-2449083073.0,-3482299200.0,-3770164958.0
070300,엑스큐어,CFS,35360326210.0,13868744649.0,19765746670.0,3024038483.0,19996062680.0,3334635904.0,22433636350.0,20922099577.0,5216641442.0,2922941625.0,1180549121.0,31371940.0,-765794260.0,-590522198.0
070590,인티큐브,CFS,22704358080.0,22451047098.0,15467171444.0,16981741719.0,19401979466.0,19763870533.0,13922250786.0,12982373796.0,19573396097.0,11140133014.0,316785128.0,-979549384.0,308246963.0,-1238713990.0
071200,인피니트헬스케어,CFS,188857180109.0,188462283930.0,37935056886.0,40245821342.0,48256820048.0,51579175711.0,180878497947.0,180869556451.0,25775132138.0,23832727053.0,1324233686.0,3911605109.0,952803843.0,8458553368.0
071280,로체시스템즈,CFS,86548645196.0,91541553712.0,20918894607.0,34505687565.0,21834454578.0,35218713930.0,130063304314.0,122250566787.0,36255092412.0,44739395515.0,4920976324.0,4437747847.0,4634954174.0,3068437822.0
071670,에이테크솔루션,CFS,197603855802.0,181270244655.0,199690770710.0,185454439593.0,205866833202.0,192411725283.0,87892429211.0,87837650771.0,68287135775.0,69665182377.0,1349633308.0,799519026.0,-121645285.0,211858792.0
071850,캐스텍코리아,CFS,91397965086.0,116584498630.0,115500414761.0,121760439985.0,127956890667.0,130718524327.0,67454797044.0,79429451204.0,42587569528.0,41843383249.0,49000274.0,-2180652390.0,-2908246940.0,-588923390.0
072020,중앙백신,CFS,52818634932.0,52450390049.0,12506144986.0,12011992777.0,19644917326.0,19408142397.0,103014146545.0,103867274096.0,12045976749.0,12295689648.0,1499948378.0,2018239218.0,676667914.0,2071377227.0
072470,우리산업홀딩스,CFS,302160560428.0,256514124950.0,268341504221.0,245421585272.0,326779603135.0,290849708346.0,198011955169.0,198190430170.0,183141063085.0,173502103945.0,12016359166.0,5714939647.0,2289194044.0,3498308432.0
072770,멤레이비티,CFS,75580813465.0,84019590918.0,50840663265.0,47667153208.0,96284717631.0,85915174235.0,57295704383.0,58687302975.0,22977621970.0,19370571509.0,-656505642.0,373045301.0,-3032851769.0,451055262.0
072870,메가스터디,CFS,99994721132.0,112182093387.0,134206754258.0,133323138815.0,174578611064.0,182959887481.0,356933850893.0,355761084132.0,35906901369.0,38162435468.0,8812314558.0,9077785346.0,9980883618.0,6919123550.0
072950,빛샘전자,CFS,69121592360.0,58168985731.0,30686159769.0,22284584168.0,34068520057.0,25392876876.0,77424830208.0,75863710102.0,29220245415.0,16636836999.0,1478480043.0,1015415496.0,1193098589.0,1194617686.0
072990,에이치시티,CFS,51117667510.0,48189657727.0,48546126040.0,39131589363.0,79532485900.0,72766686801.0,92185762564.0,94429724105.0,29187347622.0,23979563465.0,4969087783.0,3846417259.0,3303196803.0,2953403748.0
073010,케이에스피,CFS,58204601916.0,56476592706.0,41964630850.0,29969806289.0,44372720857.0,34124085792.0,74578742316.0,71388910108.0,23669216075.0,20562036333.0,3341360745.0,4189861180.0,2067021470.0,3895777095.0
073110,엘엠에스,CFS,57843907139.0,67832639297.0,68188196651.0,76710556648.0,76574621444.0,78958609319.0,68275095500.0,76890624536.0,18048989143.0,15844937783.0,-3477975075.0,-1729879529.0,-6197383556.0,-1702979299.0
073190,듀오백,CFS,6093821885.0,7405319373.0,8144260826.0,8798256994.0,8942566870.0,9807022943.0,11565240480.0,13036671770.0,4537990992.0,6289890709.0,-679863484.0,-898154734.0,-822827167.0,-875354618.0
073490,LIG아큐버,CFS,125729073255.0,150023661098.0,44810966007.0,55605500596.0,50903623265.0,61930238423.0,158722811240.0,173451813772.0,44926784876.0,41299642757.0,-1623977381.0,-3632241989.0,-2706230856.0,-2779326929.0
073540,에프알텍,CFS,31282433432.0,26815885124.0,8706365888.0,7134584810.0,13267042083.0,11742138551.0,60406755731.0,59068202093.0,4144879239.0,4276484887.0,-18794025.0,-605818049.0,-57609391.0,252993688.0
073560,우리손에프앤지,CFS,213119006255.0,217053475968.0,170236097450.0,166814231928.0,230604973844.0,240414433817.0,333445568498.0,330049180209.0,70767018685.0,73395353583.0,16525772854.0,17819717769.0,11219939695.0,12328615237.0
073570,리튬포어스,CFS,41506221724.0,34514984276.0,1730629304.0,1619318880.0,2349948580.0,2152844028.0,61872608885.0,53116662669.0,2582717903.0,3585393920.0,-1377233011.0,-531390992.0,-1829591785.0,-71223293099.0
073640,테라사이언스,CFS,30266372824.0,24020014224.0,19498798470.0,8269671988.0,22303790013.0,10926567577.0,59057894451.0,67576133153.0,3645461916.0,5015558552.0,-2627803410.0,-1828223484.0,-1692414662.0,-3320760008.0
074430,아미노로직스,CFS,79743732144.0,46517164168.0,31353816684.0,4341946514.0,31983196965.0,5093830758.0,54818937756.0,51695321418.0,4763746563.0,5440202167.0,215938225.0,266148755.0,89880061.0,451395647.0
074600,원익QnC,CFS,408720536812.0,405856510459.0,358841012988.0,401977984931.0,936478910428.0,965379615586.0,576215956310.0,569309290545.0,232914663342.0,232978043485.0,14091408134.0,36315629833.0,-11593744757.0,20138166794.0
075130,플랜티넷,CFS,46845227138.0,41670926071.0,12027350276.0,10781859401.0,14974327587.0,14741400008.0,83536843679.0,81649925585.0,11941697715.0,9117721231.0,132644104.0,931326520.0,888725740.0,-836097876.0
075970,동국알앤에스,CFS,64446279410.0,68612381318.0,40695395193.0,41809294618.0,44011121194.0,45660854199.0,80619853794.0,81846453621.0,29194016383.0,29220794759.0,1555514398.0,420968435.0,843775408.0,649880354.0
076080,웰크론한텍,CFS,68530371107.0,114171425545.0,79473435022.0,111451761366.0,81460077731.0,113659852626.0,49381408084.0,57297840964.0,28128075222.0,58810223088.0,-2500160525.0,-5346359329.0,-7878019201.0,-6021085498.0
076610,해성옵틱스,CFS,50637889124.0,48444922581.0,82899644846.0,79616234862.0,103135804823.0,97835140688.0,17695982629.0,19416582809.0,32218364606.0,25592293258.0,-2122590925.0,-981298236.0,-2317062056.0,-1531147679.0
077360,덕산하이메탈,CFS,190507300792.0,214254425024.0,109351632624.0,108378076882.0,349982661787.0,363635740337.0,449860307706.0,454851689708.0,57408052168.0,60678727125.0,2580609710.0,7056824278.0,1173596294.0,6066952459.0
078020,LS증권,CFS,,,,,9561169242609.0,7908255208770.0,889955169347.0,871417272578.0,470987623039.0,403343462707.0,,,21651299146.0,10345451311.0
078070,유비쿼스홀딩스,CFS,307442351219.0,294945499957.0,23665044028.0,23732930781.0,30703343190.0,31131576569.0,365311918144.0,356587039999.0,43528950651.0,25855346699.0,7862922063.0,2479773080.0,7936488491.0,3745117676.0
078130,국일제지,CFS,41518133657.0,64773040751.0,4980611104.0,9825037641.0,12372212817.0,19437928479.0,125188390124.0,122979078839.0,18365371134.0,12761817619.0,-55468432.0,24058348.0,1805435508.0,-208982415.0
078140,대봉엘에스,CFS,97986596018.0,115173596687.0,24836135969.0,40048963342.0,83093329374.0,74720338532.0,174473046738.0,163992513947.0,26449958355.0,23577526663.0,2352160039.0,2305920346.0,7804178368.0,1671809872.0
078150,HB테크놀러지,CFS,102209204441.0,92541329090.0,74262628436.0,64400131178.0,85617049481.0,92110792917.0,264041754757.0,256705992169.0,42288688973.0,60692489945.0,112189539.0,864623076.0,8474799072.0,-19809559133.0
078160,메디포스트,CFS,102523462902.0,135292661460.0,101591257368.0,81497758035.0,178163707587.0,161686303403.0,208622832333.0,252601166948.0,17835930287.0,17515788655.0,-18994119593.0,-9255779515.0,-24309624265.0,2588395443.0
078340,컴투스,CFS,435824361832.0,454272225134.0,426288848004.0,441824119594.0,582738648028.0,596108993286.0,1061918650284.0,1049873729353.0,184819101683.0,173009456522.0,1375090454.0,1374279763.0,2393348073.0,504991936.0
078350,한양디지텍,CFS,153584472710.0,141374476747.0,111530697153.0,104945840056.0,122474083522.0,117479943862.0,153791194898.0,159374278567.0,155194997734.0,155679635775.0,-92214679.0,9897807245.0,-3545599731.0,6058879244.0
078590,휴림에이텍,CFS,17242582608.0,16904284712.0,26904566332.0,26597195387.0,28371584790.0,27396067815.0,54444799831.0,47915397335.0,16615946421.0,18076244829.0,124933188.0,1155766927.0,1461202052.0,1034505213.0
078600,대주전자재료,CFS,170431321558.0,175050332242.0,308941524591.0,315426510534.0,383347446417.0,392710922285.0,237970288516.0,230239136477.0,63419925122.0,58264133560.0,5348572754.0,8292746836.0,4329529508.0,6457348732.0
078860,아이오케이이엔엠,CFS,29283261114.0,34824525288.0,18891207365.0,17240135189.0,19406538860.0,18795747437.0,79146910875.0,79470205190.0,2496814509.0,2764189875.0,-1823445610.0,-1877787420.0,-2139567393.0,-2890549584.0
078890,가온그룹,CFS,301583021358.0,373047018086.0,239798117674.0,310360716870.0,268811908489.0,333668246254.0,120366265280.0,114897682454.0,133336201144.0,116097936885.0,1478564234.0,-11032429007.0,5396117852.0,-17622025871.0
079000,와토스코리아,CFS,62031429829.0,67776585529.0,2525055820.0,2954883588.0,4102132516.0,4869134894.0,75675487531.0,78869429917.0,3330662225.0,4306489577.0,-438018862.0,369822.0,-33579674.0,448741622.0
079170,한창산업,CFS,55319932348.0,58314749579.0,8423315690.0,15672449551.0,12357800624.0,19436703827.0,71989439704.0,67363376622.0,34348628889.0,37164267788.0,6830150827.0,7206977487.0,5252281378.0,5572347443.0
079190,케스피온,CFS,18001574484.0,21907857065.0,11320179133.0,13845178060.0,13228266560.0,17505029531.0,16970472773.0,17697544084.0,9589904111.0,6035987127.0,-972666687.0,-1558147730.0,-164496495.0,-438215521.0
079370,제우스,CFS,375847404932.0,432531751431.0,165216839086.0,195413626580.0,227291506940.0,258614689137.0,365726936004.0,382316626215.0,116164319554.0,130796675827.0,671559384.0,9242357207.0,-13031377814.0,7795998219.0
079650,서산,CFS,79573655157.0,82642700842.0,6176423275.0,8248878773.0,6281482680.0,8356165388.0,102291808070.0,103887324014.0,11011037520.0,9764435523.0,-624792511.0,-244320686.0,34304852.0,513267356.0
079810,APS이노베이션,CFS,155047323741.0,162387565890.0,50648714298.0,68781234544.0,65833435110.0,72555345274.0,159210667966.0,164980316718.0,23798768325.0,19719675355.0,538183567.0,-522876183.0,-4783572235.0,1737490521.0
079940,가비아,CFS,147217353062.0,159674949105.0,105877964572.0,120759832806.0,259163668878.0,287789538999.0,355080455124.0,346711305202.0,80646745460.0,64451200432.0,8038085134.0,7648169846.0,6096478632.0,6344952917.0
079950,인베니아,CFS,33239653162.0,32666506553.0,43304132578.0,42187973714.0,48761657198.0,48281765479.0,18498080874.0,24987487116.0,2850491464.0,6230848539.0,-565349540.0,-5627067885.0,-2946315070.0,-5468940127.0
079960,동양이엔피,CFS,264669110394.0,280853968340.0,63876474993.0,72036456564.0,81473418230.0,87430142158.0,402056374706.0,401092650061.0,141213458072.0,141470098096.0,13504295749.0,13530374001.0,311638102.0,15828437556.0
079970,투비소프트,CFS,13749133267.0,15232691422.0,9158052463.0,9990188808.0,11389127702.0,11915652684.0,20027825309.0,18383291246.0,6418285050.0,7241395975.0,70255466.0,-402056811.0,108187159.0,-16536493387.0
080010,이상네트웍스,CFS,93135704889.0,83037781722.0,24476039776.0,20795628860.0,36989021758.0,33501938562.0,163987293300.0,156687600008.0,26274803584.0,21598331341.0,8477437047.0,4688121381.0,7604147170.0,3908681764.0
080160,모두투어,CFS,120828308013.0,166097822372.0,107595657411.0,136790309889.0,133778334427.0,163782569561.0,80918422757.0,71150134320.0,39696207971.0,51733830930.0,2688999190.0,-4634887492.0,6715856858.0,-3597640282.0
080220,제주반도체,CFS,202936558701.0,175914531374.0,55456808920.0,38259555518.0,62519779504.0,41193831641.0,189249574779.0,184233770184.0,51066931074.0,43871041093.0,4337849902.0,2401191378.0,-2621940932.0,2023437448.0
080420,모다이노칩,CFS,184447216883.0,218640198016.0,440256578529.0,432073605779.0,558438392580.0,586504931429.0,384660209816.0,381558649266.0,91659645185.0,99714662641.0,12154433670.0,13813733156.0,3953011399.0,7042010605.0
080470,성창오토텍,CFS,112171107157.0,93795229392.0,112684809961.0,99832047312.0,132831503707.0,121266252824.0,66222851379.0,61647521650.0,64651482787.0,50129852857.0,5841390640.0,2224715745.0,2859515636.0,3085282546.0
080520,오디텍,CFS,73821431283.0,74890681179.0,6630562003.0,10367969194.0,7680794121.0,11285823781.0,124286279707.0,125689547464.0,8972384829.0,10441915359.0,-1076911097.0,-1014595441.0,-798011731.0,862228796.0
080530,코디,CFS,49546009061.0,43911852505.0,20798378388.0,16866624711.0,23836108991.0,35485400507.0,56221917658.0,39992556469.0,22023478133.0,23130814389.0,2021054607.0,1007382632.0,1415597703.0,2501637129.0
080580,오킨스전자,CFS,42759020270.0,33861005199.0,45648324135.0,46490413320.0,60257920934.0,59530210394.0,37178020087.0,27593929728.0,27081629679.0,16067951781.0,3187052822.0,1049962742.0,2952520263.0,-509257355.0
080720,한국유니온제약,CFS,33018176686.0,40197971803.0,44512854549.0,63949417232.0,65175426529.0,66650855331.0,1579656209.0,8249356140.0,10151656059.0,15043228679.0,-2894485057.0,-1573465028.0,-4105961490.0,-3825500543.0
081150,티플랙스,CFS,114520678092.0,106477252815.0,65433734157.0,56955697872.0,80064712953.0,71543314188.0,157628296892.0,158437482533.0,53672244205.0,55098720422.0,1583472744.0,1991093624.0,1163853867.0,331711694.0
081180,쎄크,CFS,60778911364.0,49816560684.0,40627597660.0,41642350380.0,56003731117.0,57574142347.0,33670750296.0,20570027396.0,13179099821.0,10987547305.0,-1921393795.0,-959843870.0,-2374338792.0,-1321918006.0
081580,성우전자,CFS,69301470020.0,64736511332.0,36820200895.0,44103855657.0,45370770179.0,51954023951.0,104097189251.0,103466485657.0,43043880353.0,31889324073.0,1728371182.0,-2095187590.0,2011584371.0,-1214462604.0
082210,옵트론텍,CFS,52806506657.0,83640642394.0,129641463059.0,130255795843.0,137391734158.0,144593713579.0,71946891307.0,80335932234.0,44589736610.0,43213103616.0,734109970.0,788958502.0,-946988971.0,-6167365811.0
082270,젬백스,CFS,40007634970.0,25166181267.0,66211849782.0,70270367265.0,121410716731.0,121740371913.0,55972190326.0,39950336902.0,25016538373.0,16951981600.0,-1502761438.0,-3115822457.0,-1583048381.0,2206862846.0
082660,코스나인,CFS,6704548841.0,10173921101.0,5498047177.0,15861669418.0,6104611597.0,16944357845.0,6167795210.0,22079843272.0,1871314345.0,2803790039.0,-1628651211.0,-1684010751.0,-159869485.0,-1296589819.0
082800,비보존 제약,CFS,35768844562.0,44407302514.0,70247953419.0,72211441450.0,76141204669.0,78022246167.0,99181359350.0,106426761450.0,17802353518.0,20866698522.0,-2731270729.0,351033512.0,-4224216316.0,-522454263.0
082850,우리바이오,CFS,556889135360.0,405199756419.0,444657103535.0,280792552120.0,494645020325.0,340613000867.0,252688675205.0,269204173918.0,231006487739.0,306675238353.0,-2344333910.0,10009970527.0,-10243535708.0,8147476509.0
082920,비츠로셀,CFS,243871147000.0,237675367513.0,29901055941.0,32826959998.0,33096116865.0,34838584936.0,295611177802.0,283013473108.0,56513426791.0,54168778689.0,16131205627.0,14661338061.0,10162824345.0,12587887459.0
083310,엘오티베큠,CFS,182087533960.0,188555581700.0,67186142104.0,69839911030.0,77092305440.0,82369241128.0,252441882628.0,256802271004.0,63218231127.0,69566935713.0,3322811611.0,1006639728.0,2315304408.0,2011081031.0
083450,GST,CFS,214150365702.0,207147387096.0,52165909487.0,60122421454.0,60109904291.0,66534901575.0,282220521342.0,268293551495.0,99435779004.0,91715874132.0,17341274299.0,19633188005.0,11364983111.0,13569520182.0
083470,이엠앤아이,CFS,14156537500.0,15022021061.0,7145090996.0,7900408514.0,7981654804.0,8640911229.0,14415249255.0,14910818124.0,6286471978.0,8462499746.0,212090217.0,590979824.0,175683345.0,1071162395.0
083500,에프엔에스테크,CFS,51570769136.0,60373906685.0,27865002591.0,33433974439.0,36589244668.0,51435801712.0,80822094713.0,77478456565.0,29876094647.0,13020844966.0,4539606454.0,422914691.0,3573742462.0,5546192751.0
083550,케이엠,CFS,75723443547.0,78671101668.0,46562106056.0,45094887545.0,52865156604.0,51317811526.0,123761743989.0,127101963620.0,33438533242.0,31911304828.0,100770064.0,-905052440.0,1407180739.0,-824665989.0
083640,인콘,CFS,45163909098.0,46662599695.0,3456177121.0,4941066565.0,3723735801.0,5194193389.0,76178771701.0,77462239259.0,10784451802.0,12014753504.0,-54262983.0,205366712.0,-2226883814.0,1685451927.0
083650,비에이치아이,CFS,435913315060.0,247320460329.0,550119765820.0,379905605041.0,582195870906.0,408329846238.0,151716799991.0,116446559547.0,169299323933.0,86309476210.0,20389794178.0,5980356476.0,29888265753.0,1502394926.0
083660,CSA 코스믹,CFS,23060872328.0,26516487649.0,16326941052.0,16600834202.0,16724147541.0,17387066212.0,13041599019.0,15830280976.0,6416432236.0,10878870739.0,-1734312119.0,191499366.0,-1837647699.0,125528053.0
083790,CG인바이츠,CFS,55969130700.0,75802310828.0,125647083540.0,79936325024.0,144105014028.0,139666301076.0,100735565280.0,120799008597.0,6178617786.0,2180004062.0,-7898132160.0,-7511246986.0,-11704644755.0,-14252895350.0
083930,아바코,CFS,258597954328.0,296978217287.0,140917401122.0,183888702576.0,146755199786.0,189516026237.0,200020734577.0,201171898029.0,159046515446.0,58113571725.0,19404789364.0,3279313927.0,6726622759.0,2294184194.0
084110,휴온스글로벌,CFS,608871736007.0,572345925400.0,318253850508.0,302465525840.0,436448328570.0,441783898790.0,1017041604387.0,964165141453.0,212659079271.0,209650901643.0,25266430500.0,30390151615.0,11495091239.0,22992501789.0
084180,수성웹툰,CFS,46148514021.0,42393264558.0,125024756188.0,93780056397.0,139850867870.0,111034386008.0,111640378177.0,139729641488.0,31961203960.0,11491496871.0,3121801103.0,-1017123817.0,-288902344.0,568277052.0
084370,유진테크,CFS,382701557711.0,391289214675.0,57735594901.0,83383640937.0,79427913791.0,103757408575.0,448294121768.0,435742335000.0,104924667101.0,77715635784.0,19739955399.0,9902870381.0,10899598971.0,12301770800.0
084440,유비온,CFS,18586865523.0,15073665760.0,17810908825.0,16272519146.0,18388760147.0,16782544057.0,8075412276.0,6366506068.0,8873294179.0,7772382341.0,336032240.0,-1249174173.0,284492381.0,-1103294548.0
084650,랩지노믹스,CFS,113476390535.0,135567058683.0,60713394778.0,76315460653.0,75781207242.0,79347973546.0,189395013225.0,216314157965.0,22301331535.0,22230710621.0,-20164930935.0,-2900524156.0,-14650184725.0,208457533.0
084730,팅크웨어,CFS,264630908131.0,283419406257.0,158030804314.0,174200062697.0,164655826521.0,182890363709.0,239581829132.0,229927996733.0,138442468869.0,126827490450.0,9099425721.0,9198558511.0,2830454889.0,11631503246.0
084850,아이티엠반도체,CFS,207652691037.0,216343106286.0,368533753879.0,394071922621.0,381714671937.0,400840400367.0,159981170881.0,194383667525.0,134518267178.0,143421663673.0,496425315.0,1056485149.0,-14402837589.0,702279010.0
084990,헬릭스미스,CFS,84669269885.0,80370392536.0,5293812522.0,6435332768.0,6093464160.0,6851971858.0,139490825593.0,142037666741.0,612736154.0,720461631.0,-1990197992.0,-5914679562.0,-769522933.0,-4354321663.0
085660,차바이오텍,CFS,791890518313.0,733844173401.0,1098027546506.0,1020667092916.0,1505514725089.0,1475529477270.0,768565649241.0,718849192072.0,298895196431.0,264645494449.0,-20766895969.0,-776913774.0,-75242347141.0,10478565061.0
085670,뉴프렉스,CFS,57593489252.0,59827109378.0,49616865785.0,53921462127.0,59988580926.0,64746084487.0,99986297045.0,101536606263.0,39960986020.0,41532700382.0,3214263401.0,4088265318.0,1043128143.0,3172792051.0
085810,알티캐스트,CFS,52148113735.0,28081879472.0,22302153410.0,7110972658.0,25806583425.0,7943672649.0,49281407757.0,36849837799.0,,,1161871263.0,-945944483.0,1768894675.0,-4771581876.0
085910,네오티스,CFS,60340271566.0,63003778318.0,45865093522.0,46765589981.0,49193500961.0,49983443944.0,73036455109.0,75148482982.0,15736511387.0,14129247420.0,1285255520.0,2080548112.0,-382653156.0,3734196499.0
086040,바이오톡스텍,CFS,52244054785.0,58917592258.0,83399377421.0,82209550520.0,100199027108.0,101665656163.0,30565222938.0,34525463278.0,9623499507.0,9813374278.0,-1928445341.0,-2905636866.0,-1999807462.0,-3231861922.0
086060,진바이오텍,CFS,53503897437.0,55835781428.0,15067994019.0,18364126239.0,20786982594.0,21015937239.0,53107585007.0,50972317837.0,23147674737.0,20344159627.0,896997057.0,781276537.0,1208583451.0,540841683.0
086390,유니테스트,CFS,114588859667.0,110768046840.0,52004383472.0,45424091957.0,80558647238.0,68014028440.0,106216383916.0,116956593525.0,29198075486.0,20600607623.0,-4392442188.0,-8649068069.0,-6157564072.0,-7544259480.0
086450,동국제약,CFS,537049208352.0,470006554416.0,238976485791.0,232691774670.0,276521895074.0,274188701048.0,721919755650.0,678975888258.0,233460830713.0,203537923066.0,22141217108.0,19221827630.0,18058134181.0,12828305748.0
086520,에코프로,CFS,2935445302491.0,2654323460355.0,2437366117379.0,2184548910738.0,4785454414154.0,4299802389265.0,4065415125695.0,3838462173266.0,931704760248.0,864089524284.0,16227581454.0,-54647929668.0,-37959402703.0,-47702822493.0
086670,비엠티,CFS,130729310594.0,137308027055.0,117155382585.0,124867388162.0,118823420902.0,126640338071.0,123436601447.0,123031060872.0,39269116749.0,32566322293.0,3416997023.0,1384331573.0,1094977426.0,-1266056014.0
086710,선진뷰티사이언스,CFS,56462808081.0,46628690150.0,57805268949.0,40574479855.0,91410756233.0,71265404882.0,86769144327.0,82819016937.0,21648345304.0,21842753620.0,2033316150.0,3808577639.0,2189928303.0,2684119894.0
086820,바이오솔루션,CFS,17944508578.0,20982863626.0,32778234244.0,33383550523.0,35000873733.0,36206631843.0,28075803826.0,31257447786.0,3132996258.0,3293195136.0,-1379591655.0,-637896648.0,-950093088.0,-610756010.0
086890,이수앱지스,CFS,82453152657.0,84302775297.0,54062798974.0,51890455379.0,61711604722.0,59367602636.0,107105853695.0,100863326755.0,22828756745.0,14341947472.0,9381968191.0,4767851400.0,9231617537.0,2046782751.0
086900,메디톡스,CFS,159221758015.0,186568194748.0,88347631126.0,117552958315.0,116457519624.0,144377992978.0,464932456287.0,470784825686.0,61647431545.0,65005462915.0,6317418939.0,14332239899.0,8174040116.0,11329258014.0
086960,MDS테크,CFS,192375834228.0,163383610488.0,95608779836.0,85662278894.0,97805195349.0,89609396993.0,146034948903.0,149739546973.0,44572173880.0,38655720622.0,1885433527.0,938889862.0,-4779984499.0,2859440729.0
086980,쇼박스,CFS,91249791139.0,95037515569.0,24685118609.0,20364479324.0,25723039266.0,21850146248.0,115251682623.0,132196641474.0,18897756377.0,16979429172.0,-5479952045.0,5562556338.0,-5983589124.0,6417756901.0
087010,펩트론,CFS,106960310925.0,126479180456.0,4774326319.0,5097415494.0,17975537520.0,17184168838.0,143975473492.0,151708564960.0,1425607749.0,541961364.0,-4978702501.0,-4277569588.0,-3797726292.0,-8189023472.0
087260,모바일어플라이언스,CFS,42876968271.0,56908571680.0,14979164512.0,29072282212.0,16229090649.0,30199082475.0,51175493499.0,49033552460.0,11089168416.0,7909857570.0,256088956.0,-218940665.0,1684189010.0,-993298826.0
087600,픽셀플러스,CFS,33060142802.0,32931244664.0,8871064043.0,6306851650.0,20327949541.0,18703864916.0,84600182844.0,87590390086.0,9350719203.0,14031932708.0,-2228832531.0,-626589339.0,-2323964187.0,-276136413.0
088130,동아엘텍,CFS,398804907260.0,315473149875.0,307480769419.0,263588042910.0,313781468760.0,289075482157.0,198424802400.0,146971439993.0,210479956966.0,66970820684.0,40458280675.0,12458993936.0,58510917722.0,134813524.0
088280,쏘닉스,CFS,21135400913.0,24343803231.0,10846978568.0,8725458877.0,16982060481.0,15011381591.0,37765075212.0,41942779528.0,4488719088.0,5174570182.0,-1507258800.0,-724406113.0,-2566869377.0,-317711650.0
088290,이원컴포텍,CFS,18697752615.0,15933271621.0,24356627947.0,26058288964.0,26002200310.0,27621473396.0,24502744741.0,18633246627.0,16600862642.0,14213180756.0,663648786.0,1237696244.0,79056387.0,3994144927.0
088340,유라클,CFS,29747146422.0,34057039311.0,8978625855.0,7503815835.0,18586564682.0,12587474155.0,23887182122.0,28353431628.0,11626423072.0,11616983274.0,-1271670521.0,1117621351.0,-1281382036.0,932060818.0
088390,이녹스,CFS,72242549394.0,71135263762.0,73184888191.0,62213016304.0,111851935538.0,99891248034.0,220745495061.0,217962394230.0,19785803982.0,14460599068.0,2840152362.0,3671560427.0,4103974025.0,4463837881.0
088800,에이스테크,CFS,153248686823.0,165003490521.0,182621917810.0,202558590861.0,197883371682.0,209271060213.0,81905127490.0,95593655060.0,46088165985.0,35275988839.0,-4988720846.0,-9628553498.0,-12885578281.0,-12174736919.0
088910,동우팜투테이블,CFS,132423455598.0,122573709446.0,47388366615.0,48194392933.0,55552773623.0,56835047223.0,224803529339.0,211330375706.0,85463329304.0,78842061523.0,5184830488.0,-1480532216.0,11296073409.0,-714863689.0
089010,켐트로닉스,CFS,269141147105.0,258431533875.0,316177312357.0,305402036442.0,439879203635.0,406647407240.0,238199082890.0,235017576595.0,147729461755.0,160025913725.0,6102310674.0,14993676232.0,2477512925.0,9015150730.0
089030,테크윙,CFS,173129157663.0,156076110331.0,241212134842.0,218505563731.0,338538829791.0,317917190961.0,203062330338.0,188303434692.0,48893652605.0,50769762440.0,6361081674.0,7175303768.0,21722830381.0,-1424242212.0
089140,넥스턴앤롤코리아,CFS,95862833299.0,53106913748.0,95653239433.0,22833007828.0,120588179281.0,96413013564.0,232730221440.0,136623964919.0,13958901199.0,7702335512.0,1119075358.0,55359346.0,12367796158.0,-3711458264.0
089150,케이씨티,CFS,3980025008.0,2807376397.0,4178709277.0,2698313340.0,20844651967.0,19364683433.0,33430078481.0,33815647168.0,4567854798.0,1986518845.0,933347729.0,90361315.0,643079074.0,-121148838.0
089230,THE E&M,CFS,18349594162.0,18155078513.0,50441574707.0,47108960674.0,50777655224.0,47533273706.0,25167643025.0,30083808764.0,4570805963.0,5683514085.0,-1840533481.0,-1791251747.0,-3822134109.0,-3164013595.0
089600,KT나스미디어,CFS,321028236976.0,427077347191.0,175647455222.0,245041163667.0,197398462217.0,253292732799.0,193604648497.0,239403717473.0,26263719267.0,25942224371.0,2614194940.0,5931776635.0,-472615334.0,6903583435.0
089790,제이티,CFS,69055917556.0,62827413282.0,30043568729.0,26308365746.0,30270544543.0,26448875151.0,61594283419.0,64705698769.0,10442123038.0,15492610280.0,-449798335.0,359568617.0,-2323888389.0,1910776680.0
089850,유비벨록스,CFS,332526587580.0,347689902942.0,266828381055.0,276672266475.0,299893942158.0,288326299597.0,285037097360.0,268936544132.0,173739887634.0,157680625873.0,11740082086.0,11151563958.0,3185456257.0,11811590145.0
089890,코세스,CFS,54007079205.0,47402887022.0,21132805226.0,21917533139.0,24509639373.0,25105904552.0,67131546811.0,60834124454.0,17073864677.0,19262085647.0,6858158688.0,276306885.0,3048835190.0,894598794.0
089970,브이엠,CFS,162991061320.0,150464460407.0,45562183100.0,39334613923.0,48082299548.0,41402951688.0,131584717290.0,124300634423.0,39209331210.0,19728035756.0,4423926410.0,276238529.0,2100638343.0,706271691.0
089980,상아프론테크,CFS,147260781206.0,154181335154.0,156210789407.0,154175756199.0,167476709013.0,161209437817.0,196258180854.0,201029299104.0,44755526401.0,44952470122.0,1572757221.0,2116549938.0,2311121588.0,-2326447353.0
090150,아이윈,CFS,63204600213.0,61156235922.0,81214846299.0,78395423565.0,88123731261.0,89145925041.0,41536594646.0,40901219279.0,30387425319.0,30883064884.0,2805623212.0,2983722336.0,-305163200.0,744232293.0
090360,로보스타,CFS,73455358690.0,75791860679.0,18559312560.0,20362069432.0,18871430490.0,20606274061.0,88385456657.0,91989903584.0,19651450559.0,27622070785.0,-815687336.0,1593024367.0,-1351103069.0,1788010965.0
090410,덕신이피씨,CFS,97468158216.0,70261975663.0,71735818436.0,33895247195.0,103148163027.0,34943943293.0,125098657515.0,125106376737.0,29131096713.0,43561437686.0,-69378149.0,7310810322.0,-284000241.0,7625063094.0
090470,제이스로보틱스,CFS,76245268032.0,70771541624.0,40697338405.0,21456520784.0,41581000131.0,22472988993.0,146171495246.0,163031557537.0,4416536832.0,8989540332.0,-6172983025.0,-3950641773.0,-9370665838.0,-4809139635.0
090710,휴림로봇,CFS,164190658230.0,192287656552.0,101902711610.0,119954924061.0,106713528471.0,122545868366.0,216084101850.0,212389564046.0,52622002571.0,21906569783.0,953681244.0,-271855369.0,353441852.0,-2079831636.0
090850,현대이지웰,CFS,174522347270.0,170442372627.0,121732073897.0,114093483352.0,129387909318.0,128049712503.0,106636049602.0,97294368190.0,29623866134.0,28422664406.0,6617649212.0,6575844308.0,8674535952.0,5548749628.0
091120,이엠텍,CFS,131145297807.0,146575357469.0,111743132557.0,113206634504.0,135274705485.0,139754175734.0,187227089008.0,206460991702.0,53179464770.0,35425537843.0,-1461263000.0,-8727389617.0,-2043099084.0,-7633859605.0
091340,S&K폴리텍,CFS,149807846534.0,164522635526.0,103209434644.0,117313187234.0,117868105001.0,134959870900.0,131507093133.0,133465394865.0,78297721385.0,76236769855.0,1891541480.0,4231110372.0,217428586.0,7845806553.0
091440,한울소재과학,CFS,21273466325.0,43346292135.0,27927350114.0,25645244672.0,66856042056.0,81382862006.0,49756332816.0,47833006811.0,1643131899.0,3666982836.0,-5410995399.0,-3850089668.0,-7516266596.0,-8821352575.0
091580,상신이디피,CFS,115325020304.0,123104728274.0,151650928052.0,136079250901.0,195831590944.0,163690778320.0,144209296451.0,154201417526.0,61276083634.0,71636227016.0,887045801.0,1565725385.0,-3508811977.0,1478875198.0
091590,남화토건,CFS,26024634218.0,29908278654.0,15673457360.0,19533731902.0,21008806588.0,24868336421.0,167743635387.0,167835662011.0,15406103635.0,13929447107.0,318648736.0,-458260531.0,1376560201.0,4964226102.0
091700,파트론,CFS,385589550429.0,385532550136.0,181870443164.0,181619316143.0,188737278221.0,187823738196.0,525782943744.0,555460657504.0,301465426644.0,369933699956.0,6402638446.0,14298578138.0,-2049072183.0,16580688602.0
091970,LSK아이로봇,CFS,18855762371.0,21096118536.0,31724816153.0,26345983871.0,46155882829.0,44410948058.0,25226510222.0,28595107498.0,7712304651.0,11727137815.0,-1023356103.0,-1021657654.0,-1491419539.0,708282805.0
092040,아미코젠,CFS,54871090327.0,87873112592.0,79969840161.0,99280308186.0,145694082162.0,171129822267.0,110005006784.0,123097071618.0,10147995350.0,42673867850.0,-4242055803.0,-1916037957.0,-6017848787.0,-8847866760.0
092070,디엔에프,CFS,54387822578.0,56774853843.0,8637673472.0,7908019132.0,9486915000.0,8765372882.0,148226907703.0,153151060986.0,18384119545.0,20222382252.0,-1180833725.0,-329035656.0,-1092268391.0,-251054625.0
092130,이크레더블,CFS,45590070926.0,51557908632.0,14257960384.0,10276253356.0,14403203802.0,10427306182.0,40044256674.0,48991051065.0,22006367405.0,20426196874.0,11986009463.0,11607942069.0,9636196823.0,9468062292.0
092190,서울바이오시스,CFS,239266127975.0,276462581907.0,499457046980.0,522549078983.0,616405975829.0,661884283938.0,93910144944.0,133929571681.0,188143307953.0,188345603274.0,-916558926.0,6283586334.0,-3696007948.0,42128408602.0
092300,현우산업,CFS,92314228190.0,85295827284.0,75899448404.0,71883608906.0,82884053593.0,82249693825.0,107623690087.0,106627031967.0,61652415940.0,54451642659.0,2757165588.0,2643485784.0,2064117640.0,2905875794.0
092460,한라IMS,CFS,106294145829.0,123488982283.0,33813609126.0,29637877257.0,35936234554.0,36564285247.0,184848213724.0,171717862387.0,35662182789.0,25584692664.0,6160752967.0,3964772075.0,6514511972.0,3597472103.0
092600,앤씨앤,CFS,57938415291.0,74473853759.0,68631340674.0,66442264439.0,74871832852.0,76107219362.0,9578939279.0,23166164013.0,24508498078.0,23699561516.0,-4236802879.0,-5302759051.0,-7312947561.0,-9047992047.0
092730,네오팜,CFS,158427885909.0,153049755384.0,14623402511.0,15127912869.0,15304068455.0,15555446511.0,181616394186.0,176884836527.0,31982006218.0,30620977220.0,7010729640.0,6106596242.0,7066811995.0,5882554143.0
092870,엑시콘,CFS,64971662991.0,65342102131.0,17615644188.0,10991935734.0,20437201064.0,13966536356.0,171856696908.0,176817320387.0,7567410445.0,7728755345.0,-2880133626.0,-3091021444.0,-1723748367.0,6999941363.0
093190,빅솔론,CFS,112222408986.0,118299741266.0,16386053972.0,16139463869.0,25112749392.0,24169329670.0,209284529604.0,213102661022.0,28800587337.0,30316608344.0,2341506338.0,3694623274.0,2707153939.0,2468740712.0
093320,케이아이엔엑스,CFS,74887984982.0,77215922848.0,27085821386.0,44566310344.0,89947965164.0,106825168123.0,236803997388.0,229967390062.0,39155504978.0,31502485365.0,5833916236.0,6234735601.0,4049530475.0,4761733355.0
093380,풍강,CFS,41449832837.0,38656969988.0,18368688633.0,15569491398.0,24534849740.0,20766325778.0,69673154943.0,70249498854.0,21949985129.0,22975810294.0,-257523150.0,-195591804.0,82882352.0,1453066.0
093520,매커스,CFS,362104526869.0,399140380851.0,254426398305.0,295227496119.0,254972926022.0,295828374411.0,118355757701.0,113386210790.0,65683642868.0,41666445236.0,9329154632.0,5472406257.0,7678947414.0,4171707287.0
093640,케이알엠,CFS,58262789362.0,88588624811.0,36705051747.0,40493206246.0,37122410988.0,64913243038.0,78772375206.0,81657267721.0,2100677621.0,3151750445.0,-2928480699.0,-2272069101.0,-2609520496.0,-5442506319.0
093920,서원인텍,CFS,188364886232.0,189840361222.0,34254980911.0,32615135888.0,34413532601.0,32774186513.0,214485239808.0,219457848437.0,51970128423.0,56308180032.0,3602156456.0,3725285629.0,379031725.0,4777223195.0
094170,동운아나텍,CFS,88123524992.0,85321834387.0,16890458725.0,13918538980.0,36370463635.0,27504354991.0,65059501285.0,71278538029.0,30122164874.0,36911727276.0,3108336716.0,5138787441.0,32636867.0,4507642694.0
094360,칩스앤미디어,CFS,49422815529.0,51900686779.0,5105821541.0,4960909675.0,11760167144.0,8197583832.0,76816121910.0,75782540733.0,6613279142.0,6049940785.0,1376378642.0,628509336.0,802160682.0,1246488726.0
094480,갤럭시아머니트리,CFS,324119176084.0,309842044081.0,245855378004.0,229714361501.0,261737346566.0,252514687614.0,115868243242.0,112115909471.0,32348227805.0,32633919880.0,4967237245.0,3773334823.0,3364183689.0,1525794044.0
094820,일진파워,CFS,108349954041.0,90027111859.0,66756822180.0,33217787288.0,166665950350.0,133333451327.0,138120560031.0,137120376302.0,75795535314.0,67560472985.0,6290857909.0,4925590935.0,5596222217.0,1418744967.0
094840,슈프리마에이치큐,CFS,57304264858.0,63882080715.0,6609862441.0,3616171340.0,12085977066.0,11078437353.0,229134337082.0,221786624067.0,5299244753.0,4738061259.0,830590439.0,705506430.0,356656567.0,4000646881.0
094850,참좋은여행,CFS,101741116162.0,108058327714.0,56403239229.0,67101060495.0,57705635807.0,67417303798.0,89300314837.0,86292445404.0,,,2333218170.0,314093706.0,2552255204.0,87551745.0
094860,네오리진,CFS,18224048223.0,21231381697.0,13184587356.0,14301921734.0,13258371756.0,14335760948.0,27072884655.0,30364282023.0,7008544255.0,12089032025.0,-2421279561.0,-2469756093.0,-3091928513.0,-1767228130.0
094940,푸른로보틱스,CFS,24102101969.0,25373223529.0,3862364270.0,5257614440.0,7497197325.0,9181159260.0,38817610698.0,38271157901.0,6520119797.0,8676658582.0,-50884190.0,556269104.0,652609335.0,210944033.0
094970,제이엠티,CFS,159249482770.0,169639058503.0,59522616208.0,62893221790.0,66470834957.0,70313255653.0,167747964957.0,175396662305.0,46265369320.0,58674214662.0,2890219280.0,4791428679.0,2534266756.0,6116115820.0
095190,신화프리텍,CFS,99121875187.0,93773333691.0,74858947015.0,103215289297.0,127650857989.0,143990196419.0,110949911836.0,92771873467.0,36008786858.0,24573293174.0,-1179980552.0,727935599.0,-1612810559.0,-374961373.0
095270,웨이브일렉트로,CFS,68673607691.0,69125920807.0,33159989408.0,31799968453.0,37191938198.0,36124443322.0,49285835150.0,50786372105.0,16985412294.0,16093113636.0,-780799618.0,-999282676.0,-651935226.0,-1098674793.0
095340,ISC,CFS,401213366596.0,405104881247.0,73600794947.0,52271209748.0,77868894038.0,59741369182.0,496965698222.0,523141601304.0,51659253551.0,49758426475.0,13712859846.0,14912035450.0,11548566624.0,16055605615.0
095500,미래나노텍,CFS,299220605835.0,355471586716.0,297650073117.0,270684447317.0,305312466389.0,280214930205.0,316679030168.0,317425399168.0,122681767015.0,158583806392.0,6101191065.0,11549943000.0,-5705491586.0,11222267688.0
095610,테스,CFS,197775766053.0,183222047838.0,50138129206.0,37380024934.0,60627456905.0,50648891417.0,354981220561.0,330537992260.0,82064274419.0,60512548464.0,20368092326.0,10010161340.0,18897490057.0,12920273131.0
095660,네오위즈,CFS,336126900377.0,314032311342.0,87315002034.0,81059842634.0,109719390316.0,101061621627.0,532477771451.0,518936747128.0,110010328934.0,87012071902.0,18585841719.0,4743226856.0,12771277038.0,7673252337.0
095700,제넥신,CFS,46453570500.0,46935655359.0,61000279056.0,53991836822.0,98520282487.0,83361162470.0,234166122338.0,261680674537.0,671863983.0,344496511.0,-7498988447.0,-6699066006.0,-14703067399.0,-12090438481.0
095910,에스에너지,CFS,144976008536.0,186936337810.0,130669658956.0,170854294218.0,159822195068.0,203404692723.0,81946821088.0,84428052996.0,29630520779.0,35967817678.0,1105723187.0,-405321234.0,1110462235.0,-691749347.0
096240,크레버스,CFS,83776408718.0,42660835752.0,133219573811.0,131496919132.0,159773580485.0,157908908847.0,46069787828.0,40504687596.0,54738792393.0,56917758963.0,1556356743.0,4170791991.0,222318021.0,1087296250.0
096250,와이즈넛,CFS,55951174724.0,49671647967.0,5850903438.0,6018586435.0,6488320200.0,6609646859.0,63945630788.0,51354121489.0,8143813319.0,6538258290.0,870617191.0,-776988802.0,1581199320.0,-541698626.0
096350,대창솔루션,CFS,43434694441.0,40739028923.0,74122066502.0,72788404334.0,102926026362.0,102592307267.0,34845400410.0,32836239020.0,14619542029.0,14064243508.0,-320002001.0,-153393218.0,-5873925166.0,1387402557.0
096530,씨젠,CFS,763119787685.0,746256805808.0,161921182154.0,161440193237.0,218724805847.0,223802444305.0,993149963634.0,981476561361.0,114059888071.0,100139623963.0,3144788257.0,-1136417925.0,-71415711.0,24061202212.0
096610,알에프세미,CFS,16819644941.0,14942079728.0,8018631781.0,8313936419.0,9890017727.0,10765547122.0,14215903040.0,12029827864.0,5983904031.0,5753976941.0,433674494.0,796425819.0,395914452.0,-4735111.0
096630,에스코넥,CFS,95783481496.0,122196613483.0,104727449325.0,127058686429.0,116018444219.0,141663437913.0,59500521445.0,53794329119.0,63275988980.0,63475142614.0,1247626370.0,2610231242.0,-4068753611.0,-14096459720.0
096690,에이루트,CFS,69751054348.0,70951541934.0,46514943535.0,64031542370.0,80703079354.0,100416222344.0,110671129677.0,121882083664.0,10701939969.0,17534809410.0,-1577279866.0,-3437061691.0,-8637313962.0,427879752.0
096870,엘디티,CFS,13097549426.0,12141057992.0,2069050425.0,1835864449.0,2493830916.0,2242346856.0,15390139966.0,15004753664.0,3151955270.0,2011837063.0,359988449.0,-347835420.0,740938489.0,-228842627.0
097780,에코볼트,CFS,162274641565.0,173499571572.0,57852645679.0,59072945360.0,58740002094.0,60677699929.0,222637799377.0,251532534867.0,58941101610.0,61964319539.0,-3616522185.0,-3431336881.0,-16026201815.0,-5126300020.0
097800,윈팩,CFS,24799046646.0,23529702945.0,72228844851.0,71059490513.0,82611151411.0,76950766295.0,58132722067.0,66159050654.0,18295749465.0,20423042525.0,-3561251744.0,-4767359349.0,-5511162335.0,-8472167580.0
097870,효성오앤비,CFS,20897165925.0,48396056554.0,10043043547.0,10843876239.0,10371328380.0,11511064644.0,78872879542.0,79305779608.0,4218058709.0,6208188059.0,196982644.0,1144276986.0,-502535531.0,802832573.0
098070,한텍,CFS,99757874620.0,99111000147.0,60013809044.0,94279235916.0,61179702098.0,95845397548.0,147210922101.0,111691072712.0,49313953657.0,39397001575.0,18172050118.0,6169401882.0,13840495892.0,11536707947.0
098120,마이크로컨텍솔,CFS,49807837507.0,47445105545.0,7956621031.0,9481849902.0,12572561243.0,11858903848.0,71011042199.0,65058500062.0,22367139280.0,15147509224.0,3692919283.0,1518017657.0,2162913937.0,1405419175.0
098460,고영,CFS,265941397273.0,284011001294.0,35345787501.0,36095207500.0,57884868223.0,54763375690.0,312326137735.0,323168894802.0,52090079755.0,52474194177.0,2513135606.0,3160797440.0,-4704109767.0,7343309807.0
098660,에스티오,CFS,37135770744.0,35766160382.0,33422831919.0,26456046971.0,48405963392.0,46402395655.0,26119285334.0,27576707405.0,19875639424.0,19627630184.0,438655582.0,1400141992.0,167622177.0,1076113343.0
099190,아이센스,CFS,246734342277.0,270907264790.0,142790071236.0,112085028736.0,231239735524.0,247886717849.0,337775500727.0,342981416266.0,76789423184.0,69900129738.0,1680552140.0,1970493073.0,784020277.0,28882015.0
099220,SDN,CFS,58612310220.0,62137421559.0,53966519967.0,69015832851.0,78785561292.0,93151501807.0,75378016626.0,62442792772.0,24450088761.0,20895440517.0,1449741271.0,-3554076052.0,-712935473.0,-6162063148.0
099320,쎄트렉아이,CFS,211111142811.0,289087192982.0,132925951138.0,209768801579.0,147056472233.0,222962870782.0,227030601651.0,224021721955.0,44484212137.0,47463296828.0,2026061507.0,-1527866989.0,3340446891.0,3495511215.0
099390,브레인즈컴퍼니,CFS,41666403824.0,44660460410.0,2804508846.0,3270673697.0,3914696849.0,5315221358.0,49535465673.0,50479733877.0,5369024938.0,5837591511.0,74678126.0,412359040.0,926866241.0,714392200.0
099410,동방선기,CFS,15127590149.0,15741672041.0,4619821350.0,6674589219.0,16312096900.0,18263355673.0,42583984139.0,41834341932.0,8868559228.0,7734213033.0,693085675.0,729476181.0,451989784.0,915067490.0
099430,바이오플러스,CFS,52160409594.0,76819703138.0,95981184307.0,112327542498.0,99995340366.0,116557805636.0,171362453611.0,147740198661.0,20673615024.0,11289346781.0,2071669467.0,2711717266.0,3427868758.0,6229695501.0
099440,스맥,CFS,278054573986.0,234878080751.0,164565226560.0,162146090504.0,170714853429.0,171545296849.0,172784642116.0,129545095388.0,34759039380.0,54576860968.0,-1044655604.0,7350178037.0,-3767856605.0,7871439907.0
099520,DGI,CFS,18110678167.0,22821701161.0,3816942310.0,1666658652.0,4830337955.0,2651843419.0,23198337605.0,26020457464.0,4398161106.0,8513283421.0,-1040374808.0,848391369.0,-1577012042.0,1107310460.0
099750,이지케어텍,CFS,32450745509.0,22475647712.0,11556329674.0,10066409225.0,14489613445.0,12092691630.0,38887052409.0,36630661362.0,17109973689.0,18699601886.0,2130100524.0,1275005742.0,2394823316.0,901751000.0
100030,인지소프트,CFS,50758731466.0,41924219496.0,11512900199.0,9335009314.0,14894422045.0,9536903643.0,60623966056.0,52349899208.0,5220152498.0,4204390457.0,662555931.0,-241889811.0,6297830736.0,1107985063.0
100120,뷰웍스,CFS,187284686319.0,184295286817.0,99378195869.0,59829246689.0,108910469503.0,86097904463.0,230121287277.0,236797033017.0,62704424423.0,54224333299.0,6531884313.0,3756588360.0,1958196323.0,2627527752.0
100130,동국S&C,CFS,127254208160.0,132918936259.0,108937575621.0,123313484703.0,108989358226.0,123334931270.0,186493446143.0,187429252894.0,32431336051.0,67509552597.0,4026609559.0,6850468173.0,-4797916030.0,3157992809.0
100590,머큐리,CFS,83849699467.0,79227821666.0,29417824189.0,16884843835.0,34087647206.0,27997947412.0,97492916282.0,98929937049.0,32189698001.0,36779615851.0,-194120249.0,-31912238.0,741822401.0,1146009724.0
100660,서암기계공업,CFS,54752164338.0,52968521577.0,9171733924.0,8287747603.0,9221143238.0,8345745602.0,65601800485.0,65515973819.0,11439919027.0,11069216191.0,367543761.0,253028503.0,315797240.0,653815931.0
100700,세운메디칼,CFS,120200016832.0,119380519226.0,6465795087.0,7009932181.0,7067287225.0,7781973365.0,148053959467.0,149066155125.0,15673403045.0,15282449001.0,2438051908.0,2773047046.0,1863569229.0,3042864869.0
100790,미래에셋벤처투자,CFS,,,,,712384920582.0,708864307845.0,351859230430.0,351921676556.0,85874675799.0,63850057477.0,,,5938984414.0,5825819022.0
101000,KS인더스트리,CFS,22120282052.0,25980496501.0,15322087064.0,18613958814.0,29645735346.0,28987416397.0,38448649966.0,36831384461.0,11208933457.0,5503841651.0,-1475912968.0,647629769.0,-1837847242.0,-3669723824.0
101160,월덱스,CFS,307715897856.0,302108927877.0,67303763599.0,69372818282.0,87933311804.0,84308931196.0,302700082326.0,307487406239.0,66658231561.0,81732274366.0,8393254765.0,21836864130.0,-14062376578.0,20254112492.0
101170,우림피티에스,CFS,42130549032.0,41226554678.0,14749635317.0,11102351727.0,16025137830.0,11948308926.0,79017647166.0,80441842199.0,12000881821.0,23416173537.0,-1286832578.0,1089578695.0,-1632968408.0,1331478545.0
101240,씨큐브,CFS,50103808141.0,46657487594.0,26818293444.0,26799882252.0,27293784411.0,27316067738.0,92949803832.0,88472909167.0,15991102362.0,16650355963.0,3595290115.0,3517241374.0,3659302957.0,3243184456.0
101330,모베이스,CFS,556059218409.0,574300590868.0,485403416527.0,509125480857.0,622566338876.0,641883297584.0,439463196842.0,452374050053.0,339917323171.0,329327008724.0,8377913801.0,20350451989.0,-2627967211.0,12934975158.0
101360,에코앤드림,CFS,118583273636.0,78760732020.0,120136308033.0,86931762514.0,268061812218.0,184121603761.0,221915192698.0,221648903638.0,39602397564.0,28453464809.0,-280603773.0,283840489.0,-481506677.0,-835839000.0
101400,엔시트론,CFS,24395220827.0,25349151147.0,2673508991.0,6406894175.0,5796938840.0,9273907150.0,37141738737.0,39203819723.0,6670708917.0,9163895153.0,-1383886128.0,113892668.0,-1567647548.0,319095574.0
101490,에스앤에스텍,CFS,170523995435.0,155043401195.0,44256135475.0,39676525728.0,54811377481.0,50184639632.0,265720974457.0,246847048853.0,60671932959.0,42442295147.0,13293171706.0,8513151237.0,10090029110.0,7843918018.0
101670,하이드로리튬,CFS,18985873025.0,29498729585.0,15163152548.0,10236599649.0,15737291096.0,10529823753.0,50470626628.0,83495464411.0,512587170.0,51364100.0,-3087653506.0,21524876.0,-28366308736.0,-4208500653.0
101680,한국정밀기계,CFS,59833925223.0,60304357423.0,30429853340.0,28253760624.0,34768974214.0,30717519354.0,36895644292.0,41758865927.0,4926881420.0,18566206437.0,-2037721120.0,1118858200.0,-2338308916.0,1073926225.0
101730,위메이드맥스,CFS,185252405552.0,196689324954.0,58807983809.0,66040795696.0,86711459767.0,96201915077.0,481356374057.0,501381448397.0,33025065295.0,18685741929.0,-16689643588.0,-1294727319.0,-15185457610.0,-1215831407.0
101930,인화정공,CFS,177354448340.0,104918128458.0,122439305993.0,133955176174.0,137508889640.0,170331948275.0,308634435216.0,259924757563.0,25162399258.0,25498503135.0,4408809436.0,4562097785.0,19229010988.0,-12241574168.0
101970,우양에이치씨,CFS,87533880802.0,111398434553.0,23353665215.0,62652762928.0,49956812966.0,87765663332.0,185098142035.0,173167279415.0,27000711969.0,60790163782.0,2505003159.0,14040953267.0,-194584376.0,11987832652.0
102120,어보브반도체,CFS,130989520471.0,126223672324.0,102341424737.0,112038701012.0,139823145775.0,138500865028.0,156583239606.0,154580908154.0,60888329471.0,64006898180.0,3101861348.0,372975262.0,-643869557.0,-2802362147.0
102370,케이옥션,CFS,50001241908.0,52671592981.0,32790701591.0,80326543812.0,90113789183.0,89109027012.0,109226199915.0,112011666946.0,2221775445.0,4833738061.0,-1110020360.0,-829473571.0,-1584514852.0,-1480226383.0
102710,이엔에프테크놀로지,CFS,223870523277.0,246158714600.0,201074611462.0,281201183343.0,274018898243.0,322156441586.0,425717324793.0,401394179462.0,164227404225.0,139244348799.0,23502016591.0,15633847554.0,14718915545.0,9958754433.0
102940,코오롱생명과학,CFS,109597701039.0,102054754701.0,218666238772.0,206255196322.0,312666965894.0,270225116745.0,276136719062.0,149337504175.0,52958598860.0,40045494396.0,1257628266.0,-6417066698.0,-1486414405.0,-59312266111.0
103230,에스앤더블류,CFS,21230913988.0,23323585230.0,7262287071.0,14169697195.0,30233930366.0,21475770395.0,52538896650.0,49821274749.0,12033717315.0,11523915217.0,709524872.0,756270157.0,1082358068.0,839669793.0
103840,우양,CFS,68069245619.0,67239800346.0,88409241916.0,88866020428.0,105919927046.0,107860709420.0,44825100733.0,44135409233.0,45342059590.0,43637185989.0,955221556.0,379568707.0,451390980.0,248725578.0
104040,디에스엠,CFS,26035078735.0,24318163823.0,24373578150.0,18491672392.0,30182994541.0,24372227977.0,60298860288.0,64781484134.0,7922449747.0,9476784549.0,-300111024.0,93873200.0,-4000042740.0,107749450.0
104200,NHN벅스,CFS,25624737342.0,27812530640.0,13792745735.0,15685560911.0,15877232716.0,19597854396.0,55427313805.0,56597115571.0,11586460332.0,14008486608.0,219719728.0,300367186.0,-664802232.0,-769554980.0
104460,디와이피엔에프,CFS,180704546954.0,177095178412.0,154748031340.0,158020212850.0,165534130737.0,192550528357.0,147943500784.0,128220087780.0,107621240178.0,55128476272.0,14966544042.0,3047499134.0,11863633281.0,2516640611.0
104480,티케이케미칼,CFS,197017382973.0,194033059111.0,191655820272.0,308529702723.0,242564027214.0,378280251620.0,1184515578752.0,1108123360508.0,92094648821.0,90030536411.0,446862823.0,2820256881.0,48058222135.0,25432543672.0
104540,코렌텍,CFS,114583675830.0,116647201593.0,78812195413.0,87631314788.0,91451737950.0,101820364664.0,83481155375.0,84451939181.0,23418853855.0,20507285418.0,1368892408.0,89744030.0,-1042763518.0,-1730862457.0
104620,노랑풍선,CFS,57049971037.0,78997493243.0,73220901660.0,94533208271.0,77087443524.0,98526147967.0,35064834156.0,36617171277.0,24382641981.0,30608400437.0,-38445192.0,-6455402334.0,-1598679621.0,-5040136455.0
104830,원익머트리얼즈,CFS,153203313249.0,179352753030.0,88220280588.0,87800074519.0,132818483294.0,102129933194.0,497654551348.0,481165744039.0,74996289494.0,76483498976.0,11310471924.0,15945258898.0,9942765095.0,13901729685.0
105330,케이엔더블유,CFS,65942092908.0,98751539619.0,68494515504.0,74390875029.0,87483364830.0,79475008582.0,124765729045.0,128147463770.0,20178420831.0,20282479564.0,-533686717.0,-1062347646.0,-2024690604.0,-555426874.0
105550,엣지파운드리,CFS,65072715102.0,67675827412.0,60858214473.0,47336514955.0,64608613515.0,54699678473.0,131743920311.0,76862215138.0,9253131526.0,9453372211.0,-4588140453.0,-888668263.0,5577318981.0,-1350688072.0
105740,디케이락,CFS,115957080681.0,104851368512.0,74793836769.0,59864772937.0,82167028007.0,65837012281.0,126367782084.0,131860480496.0,30636780088.0,24409241753.0,313508346.0,387059182.0,-4259869894.0,572346922.0
105760,포스뱅크,CFS,66939742838.0,66601393856.0,18756813417.0,13718219177.0,19509245919.0,14501242937.0,75447952047.0,73844522020.0,25967066088.0,22731161880.0,1637930691.0,2253007734.0,486347553.0,2575978544.0
106080,케이이엠텍,CFS,18074350763.0,31752704969.0,20757849358.0,20896442359.0,20978594099.0,21383526126.0,28361786530.0,34733671554.0,1896994738.0,4497311743.0,-1970670527.0,-1102312999.0,-3502779578.0,512757920.0
106190,하이텍팜,CFS,68470679847.0,64234021228.0,18681087590.0,18946065275.0,19427008674.0,20351771011.0,123201013279.0,119738277761.0,23020606627.0,21945404421.0,3217915769.0,5269279940.0,2341868887.0,4404596724.0
106240,파인테크닉스,CFS,35790679236.0,39508918516.0,56559607057.0,61211123000.0,58124385096.0,63363131215.0,80911734187.0,85628935152.0,10735822925.0,14897544453.0,-1656880884.0,228300114.0,-4540655959.0,-281614656.0
107600,새빗켐,CFS,34661931223.0,28022571396.0,6848382300.0,7384287271.0,40715764689.0,41089844378.0,58507239709.0,52953900833.0,10820350932.0,9260891891.0,-1706691866.0,-188898849.0,-2312872727.0,-3946352697.0
107640,한중엔시에스,CFS,65679564072.0,74943767449.0,43414659546.0,49771001454.0,80606140470.0,86360720328.0,79815057324.0,80416707892.0,36429493817.0,43646189256.0,398098913.0,2378546047.0,203196564.0,1067490562.0
108230,톱텍,CFS,401434831389.0,437568704317.0,173342294191.0,187332482196.0,189523218918.0,202066139500.0,393161732949.0,414403569548.0,25845781788.0,97743356008.0,-6352583059.0,-809936119.0,-15025925037.0,5215009994.0
108380,대양전기공업,CFS,203513931506.0,167739866504.0,62691416151.0,61797775643.0,64380143700.0,63337140713.0,254461609789.0,245268750051.0,56326021556.0,49900400420.0,5782069164.0,3061885789.0,4434377928.0,4198011974.0
108490,로보티즈,CFS,68605945347.0,53196902516.0,3487138056.0,3851569684.0,3676602473.0,4239672714.0,100828891931.0,96006772289.0,7877483576.0,8091981653.0,240743602.0,86653088.0,173709246.0,-405208507.0
108860,셀바스AI,CFS,171943121655.0,171475046744.0,39392696380.0,37668765734.0,51177629077.0,49224080095.0,259132520177.0,262912105624.0,28001327101.0,27505496947.0,72363717.0,238251829.0,-4352443501.0,1286020944.0
109080,옵티시스,CFS,39066229111.0,42028110524.0,3882482512.0,4282020467.0,4094365128.0,4516667810.0,58010233306.0,55704589845.0,7543078620.0,5643896121.0,1643370281.0,744767405.0,782541311.0,1172617345.0
109610,에스와이,CFS,227656407978.0,217100204678.0,191418641020.0,209906633338.0,228263201277.0,237505470307.0,212213065874.0,195875094118.0,135936283945.0,151659174491.0,-88144756.0,5945708374.0,-3219885394.0,1406742832.0
109670,씨싸이트,CFS,84883236830.0,83528598915.0,41849520759.0,38989478075.0,47149924513.0,43168583871.0,53742524607.0,55895509638.0,41781925527.0,42251783742.0,284994961.0,302824529.0,-871053586.0,74586519.0
109740,디에스케이,CFS,56279786439.0,72736849743.0,22499631818.0,30691811856.0,25134741714.0,32926880491.0,125734246006.0,133448708542.0,30859185960.0,9251089342.0,-3229496271.0,-3415332282.0,-3149205469.0,-2150948695.0
109820,진매트릭스,CFS,19625953102.0,19567826424.0,4618387650.0,4704330461.0,9491352736.0,9230964851.0,18050405498.0,19227336451.0,2693825528.0,2955676919.0,-90715551.0,-144906474.0,-390567766.0,-1265077642.0
109860,동일금속,CFS,51582604060.0,57086201337.0,21598098299.0,19603655735.0,24287891890.0,21444668627.0,155318934782.0,154917546149.0,24141045566.0,24963418672.0,1204629831.0,-351171734.0,2713415278.0,2890206074.0
109960,앱토크롬,CFS,54174373035.0,52673622667.0,13202661342.0,31126145021.0,15313781543.0,33035134415.0,310877748094.0,301855689217.0,1508302240.0,4923641272.0,-1565053658.0,785593826.0,169554757.0,-27390243837.0
110020,전진바이오팜,CFS,9123334971.0,10144388988.0,881404984.0,1086171872.0,1044848968.0,1191861555.0,17383010789.0,17661431638.0,3643597952.0,5214068191.0,86210130.0,176490127.0,104990026.0,3393592676.0
110790,크리스에프앤씨,CFS,312194772485.0,204256450924.0,298889322904.0,285665680748.0,418793111483.0,300850115856.0,438125007430.0,358338390482.0,146859811021.0,95371902372.0,1604408320.0,7906168981.0,-1984548411.0,1487697968.0
110990,디아이티,CFS,198976341312.0,194426386936.0,23797378975.0,26717173221.0,24734670827.0,27980193736.0,220604090488.0,212879673844.0,29072553774.0,30738776677.0,8496096764.0,6855268122.0,8561980386.0,7715208062.0
111710,남화산업,CFS,47223419569.0,50020556741.0,2654806994.0,1941565479.0,14288138360.0,13614434932.0,185086022173.0,186304469469.0,6257094546.0,7467894092.0,2101182155.0,3203170765.0,3058335262.0,4336278453.0
112040,위메이드,CFS,506413090495.0,550706768821.0,731470093927.0,981280741285.0,942414518097.0,1043785464054.0,809763554350.0,831897265007.0,116820341975.0,171389602633.0,-28548447095.0,-24139535236.0,-28314273451.0,443394072.0
112290,와이씨켐,CFS,54067274672.0,43548941885.0,66476782058.0,50569152289.0,86919196961.0,71779900051.0,46010874066.0,44500264484.0,18926991368.0,17603825462.0,-1074881793.0,-2094349562.0,3302317591.0,-1812038806.0
113810,디젠스,CFS,38075130712.0,38168418630.0,15524518324.0,17039113382.0,36601820377.0,37496134440.0,23292631888.0,22177947931.0,22815827080.0,22739998370.0,773875004.0,1621467695.0,572047687.0,1788301416.0
114190,강원에너지,CFS,105930009481.0,105189765492.0,71765566081.0,69259406821.0,93812957059.0,92000859233.0,72043947305.0,71882484756.0,70743945298.0,54515446296.0,-1696667889.0,2307347836.0,211266412.0,-387601644.0
114450,그린생명과학,CFS,22974205900.0,21990518325.0,10460122726.0,8314000320.0,11443651150.0,9224015117.0,34638039510.0,35747597395.0,11479249339.0,6914415497.0,57816915.0,714469739.0,36158930.0,1347071816.0
114630,폴라리스우노,CFS,48253944687.0,45835686177.0,10744189458.0,15390140519.0,13387989845.0,17643536465.0,129199443350.0,121454077028.0,25656054326.0,19416031594.0,1723796310.0,1212439989.0,191909790.0,2233906526.0
114810,한솔아이원스,CFS,100170456631.0,93303842270.0,36585439050.0,39191343528.0,45887241264.0,49735812430.0,200377803106.0,182201098517.0,47021148050.0,39538032476.0,9086242679.0,7264435119.0,7463667946.0,13512920054.0
114840,아이패밀리에스씨,CFS,111624741252.0,98414337469.0,39560178452.0,30723230766.0,41190048576.0,30761092636.0,101400784023.0,91557419380.0,57659513095.0,49008529025.0,7178936728.0,6956237730.0,5766088963.0,6618161743.0
115160,휴맥스,CFS,194852682376.0,283585912597.0,250887811790.0,337557883198.0,429641083273.0,497393318329.0,115297180655.0,165419017811.0,111935021933.0,117198381884.0,-5471489236.0,3819145258.0,-37175431899.0,-28736107470.0
115180,큐리언트,CFS,45095219398.0,50626748387.0,3561926894.0,5014602377.0,4031186782.0,5386510821.0,56151734409.0,60186410454.0,1845892502.0,1985720281.0,-6764054716.0,-7947917716.0,-6358106456.0,-7569025827.0
115310,인포바인,CFS,69910269078.0,91143330461.0,9458715829.0,8394966369.0,11110240457.0,10438148694.0,90947224405.0,113542209180.0,7335554898.0,6037657531.0,-322339381.0,2171214395.0,30878617.0,2484602439.0
115440,우리넷,CFS,89454143252.0,107830931553.0,25076871475.0,43786319489.0,30457226572.0,44818891310.0,94790330118.0,93216897138.0,25070762693.0,40890825094.0,2719799537.0,12360393827.0,3153133354.0,10089647557.0
115450,HLB테라퓨틱스,CFS,43173950182.0,54125069361.0,32758678861.0,31904449585.0,38002186151.0,37924951179.0,173326109562.0,181868117434.0,15671715272.0,11662324701.0,-665831174.0,-3206773541.0,-38902352.0,-22507996207.0
115480,씨유메디칼,CFS,42152823211.0,40221019740.0,12227485469.0,11150679106.0,43500506512.0,44264686180.0,60399205666.0,59304149382.0,12418109088.0,10061485138.0,3213679934.0,2332029034.0,599079169.0,653656695.0
115500,케이씨에스,CFS,10879418845.0,13060257701.0,4985503372.0,4731407030.0,5139715677.0,4996788834.0,17851105402.0,18878320893.0,4699295960.0,5796981286.0,681040082.0,314422797.0,854369846.0,322513852.0
115530,씨엔플러스,CFS,33978069135.0,33900272133.0,35751156303.0,30319393437.0,44473070029.0,40824092926.0,4645723078.0,9684958016.0,18301357915.0,8628593620.0,-462870467.0,1389065194.0,-3462580889.0,1057319014.0
115570,스타플렉스,CFS,46345163072.0,45656820427.0,27319917583.0,28408955064.0,29175908383.0,29896847363.0,64537054830.0,66506351443.0,25856739477.0,22510162396.0,604704756.0,1645197087.0,-4971233964.0,1850741515.0
115610,이미지스,CFS,5403375156.0,12353000587.0,1439323503.0,9327769427.0,1610615335.0,9593092147.0,6102532135.0,4844609118.0,3332121020.0,4448221290.0,-596944106.0,-218673197.0,-929203486.0,2042850885.0
117670,알파칩스,CFS,37308694164.0,31761885820.0,17511954575.0,16246635437.0,18201554526.0,19444640819.0,37510715713.0,33547495615.0,15941371118.0,21436834106.0,-1915150979.0,-29351720.0,-2438205604.0,-1735423584.0
117730,티로보틱스,CFS,65410404363.0,67300184109.0,74591095895.0,67586158372.0,82049580217.0,75532456040.0,20917398775.0,31440440781.0,10951300018.0,12118092183.0,-1025910435.0,-3565675779.0,-12510447970.0,-729358350.0
118990,모트렉스,CFS,369324606983.0,399657191136.0,311395517271.0,354644472549.0,620611826710.0,659978782821.0,288382200320.0,271839307083.0,176660624333.0,128946112559.0,12865126942.0,14202060461.0,3386462863.0,8383068843.0
119500,포메탈,CFS,24596480905.0,21896959227.0,11252158368.0,10660734478.0,13109511150.0,12157570068.0,50760388641.0,50060419673.0,18136039399.0,17356101646.0,1021760802.0,820901569.0,827287721.0,658185007.0
119610,인터로조,CFS,119405285435.0,127965543110.0,64208303067.0,63398385605.0,65052267639.0,64456275015.0,156144049759.0,169941962591.0,31336030848.0,26644134102.0,6342751283.0,2001119897.0,3473076309.0,-1735211199.0
119830,아이텍,CFS,128536623076.0,134061929885.0,40839984916.0,51857208059.0,48235458018.0,61153477953.0,172243804612.0,168482117364.0,15464842233.0,15334833031.0,-1553405028.0,-1536939401.0,1400839679.0,-39106573.0
119850,지엔씨에너지,CFS,154353576124.0,158458548470.0,65078673045.0,94619055080.0,73618820334.0,103760889448.0,184335339330.0,161470908656.0,60825133664.0,36978826707.0,12206200776.0,2969863999.0,9729902399.0,16895759590.0
120240,대정화금,CFS,89716774672.0,88349248889.0,23354057027.0,22240021923.0,30129796386.0,29106658909.0,175032647270.0,173048494224.0,26968333040.0,23343347634.0,2566892994.0,1887735620.0,2293245871.0,2566010959.0
121440,골프존홀딩스,CFS,247267408928.0,196414638724.0,185501814318.0,158555979073.0,349318723847.0,303745792856.0,748239696133.0,746516960678.0,104929254595.0,117367585654.0,15139254019.0,19362509388.0,10761944958.0,14202279781.0
121600,나노신소재,CFS,302259682228.0,303805189900.0,203555456744.0,10390185097.0,205084878465.0,198041577200.0,236610721496.0,244175095854.0,29360181181.0,21142509535.0,1845545612.0,2366526656.0,-1953118867.0,2197714386.0
121800,비덴트,CFS,80526093218.0,52692562565.0,22036838937.0,56022008809.0,65912763608.0,102606396742.0,651397522643.0,638210987434.0,2642540601.0,2636344300.0,-2887098891.0,-1646311528.0,5096741540.0,-4778126519.0
121850,코이즈,CFS,12612242181.0,12964525972.0,14282998254.0,14455791333.0,18126460662.0,16457954906.0,9675097753.0,12277500475.0,4807769870.0,5720431489.0,-497794416.0,-296817004.0,-826540422.0,-217786127.0
121890,에스디시스템,CFS,11130073612.0,12868459656.0,4782595625.0,6855060111.0,4909439461.0,6958317874.0,10996069747.0,10736913669.0,6497004206.0,4958580282.0,23653819.0,-277549415.0,46629895.0,-104146230.0
122310,제노레이,CFS,75156524890.0,73820909935.0,37628344062.0,30464521645.0,47342819008.0,38166895927.0,78973785798.0,85277562527.0,27004352107.0,29219256632.0,-36483176.0,3196466900.0,-1829145157.0,1104023289.0
122350,삼기,CFS,205671835785.0,199285801776.0,286706560155.0,314094527874.0,464265451135.0,456434934499.0,166050464979.0,173141507270.0,143467903783.0,136369316008.0,5714230935.0,225674490.0,1018424734.0,1439097821.0
122450,KX,CFS,255341830378.0,296045610710.0,300759215028.0,275199457955.0,389626723386.0,443828770310.0,453850347164.0,443016483902.0,100215456292.0,118862169837.0,18228112542.0,30389162041.0,16445360872.0,21940417993.0
122640,예스티,CFS,69341175873.0,70624926468.0,51637478231.0,52811126987.0,74278364414.0,78586090347.0,129610616066.0,125800496778.0,23767355831.0,27754586716.0,2847502470.0,2821911415.0,-4158407280.0,-4988960076.0
122690,서진오토모티브,CFS,747960061086.0,649118845759.0,1061995580244.0,955629283505.0,1475687334681.0,1308207013725.0,425055824191.0,274348121957.0,810071383988.0,645695648322.0,17474550940.0,20922962844.0,-22451004309.0,8950998906.0
122870,와이지엔터테인먼트,CFS,372384397935.0,302925155159.0,149128614479.0,110480349761.0,169938041207.0,131074491602.0,619601374625.0,603250105509.0,100410739470.0,90010872226.0,8359636043.0,-10976006803.0,11219863973.0,-338014153.0
122990,와이솔,CFS,165543454307.0,176714320501.0,35441831135.0,49137268529.0,37841527374.0,52413887998.0,314972872874.0,361843148990.0,77986657307.0,92945777385.0,-21048741797.0,2762003973.0,-14049994782.0,6621288003.0
123010,알엔티엑스,CFS,17856050558.0,19356690849.0,13883763562.0,14303012406.0,20658929917.0,22127991297.0,27581167677.0,30341358941.0,7767572456.0,6729289607.0,-1783428818.0,-78799097.0,-1912853843.0,881080277.0
123040,엠에스오토텍,CFS,752458125326.0,824154704668.0,645357074084.0,737846819706.0,1024915557302.0,1061687586679.0,603331297875.0,679297542090.0,441803161223.0,447908111600.0,6989307096.0,34351421022.0,-45169188456.0,-16549937923.0
123330,제닉,CFS,33969802989.0,20826527773.0,19657904742.0,15276713171.0,20435799268.0,16002869116.0,29637413328.0,22154400823.0,24648863702.0,8974097039.0,5460571392.0,888814264.0,3999656414.0,788337749.0
123410,코리아에프티,CFS,292514826436.0,276176142021.0,188208215340.0,179925027106.0,244907654107.0,246054175513.0,238998517858.0,220473939194.0,202609481405.0,190576121228.0,15756232252.0,12757050981.0,12426682994.0,11187818124.0
123420,위메이드플레이,CFS,66391219554.0,49358712365.0,13711461061.0,113708819464.0,30431907883.0,148901084851.0,273083127052.0,255312199617.0,29625138384.0,29220474431.0,2454819792.0,413450030.0,13567758067.0,167710980.0
123570,이엠넷,CFS,100133118809.0,108035436733.0,23052246028.0,31429747675.0,33129455095.0,40267553966.0,98609278937.0,98483500746.0,8118864194.0,9058462492.0,2255847.0,1181204334.0,681039385.0,1494405495.0
123750,알톤,CFS,25614482808.0,24078000524.0,10666473681.0,10152602710.0,11048745810.0,10592186396.0,21005066559.0,20074358034.0,13921576485.0,7203031778.0,1605936271.0,-238133023.0,1480556347.0,469273281.0
123840,뉴온,CFS,24332170602.0,23227408985.0,42380836421.0,31636505692.0,46218585467.0,35395431888.0,81552222845.0,92320195886.0,14358823842.0,5840641034.0,-3459845638.0,-3133502672.0,416357473.0,-7075983477.0
123860,아나패스,CFS,110988987632.0,108731500902.0,45659969441.0,44748464825.0,45823159609.0,44912316817.0,75890347198.0,72705934324.0,25762053474.0,40693234722.0,3999986560.0,3281877579.0,-509299161.0,3761194808.0
124500,아이티센글로벌,CFS,704920001510.0,656595006501.0,571998938076.0,550089331589.0,674193825136.0,622948234873.0,354658213465.0,322487711525.0,1266741725652.0,1259803544070.0,21567081546.0,16063524056.0,17163089523.0,12355080198.0
124560,태웅로직스,CFS,312722724568.0,341288694495.0,235929291414.0,227953956078.0,279533762798.0,280791177854.0,255732736126.0,254411368031.0,285873226318.0,233883543823.0,6296701460.0,7168077636.0,-1375321701.0,4219532924.0
125020,티씨머티리얼즈,CFS,65373170480.0,43517820417.0,20093789677.0,17932014012.0,21936054163.0,19297178109.0,73427108282.0,56945961336.0,76922479199.0,82867657568.0,1441312480.0,3062414860.0,-3243454225.0,-93194177.0
125210,아모그린텍,CFS,83456550877.0,81294054141.0,74508737947.0,78582811506.0,102267449290.0,103924509329.0,72355592540.0,70697445626.0,35644187353.0,33057722989.0,3844286978.0,1052580188.0,1318161351.0,199270108.0
125490,한라캐스트,,,,,,,,,,,,,,,
126340,비나텍,CFS,50984913656.0,46404298572.0,64979320262.0,57190202071.0,101901963230.0,92202600811.0,75388386362.0,83923633993.0,20689950380.0,18344878659.0,957086327.0,694586880.0,-2902889192.0,1300666799.0
126600,BGF에코머티리얼즈,CFS,244847075571.0,289833577077.0,143915074140.0,159756417942.0,225099374537.0,221315508884.0,491579954221.0,493928278188.0,103745572573.0,92516680447.0,6129687942.0,3634046602.0,1862964683.0,2772628087.0
126640,화신정공,CFS,100958441553.0,77946354478.0,80067723355.0,61148320351.0,82821345088.0,62892161289.0,113787669159.0,106836858564.0,98460172144.0,83619515734.0,5425570783.0,2062164056.0,4274554292.0,1996698883.0
126700,하이비젼시스템,CFS,257523398875.0,267061749403.0,69266021350.0,73723148505.0,72166219266.0,76051099044.0,286999334772.0,289689958346.0,41174920288.0,90722401870.0,-6456106933.0,14737916784.0,-10370840585.0,13792296017.0
126730,코칩,CFS,38091581979.0,38599926509.0,4177220257.0,4005982465.0,9635290974.0,9202133100.0,53492235511.0,52798358121.0,8626932766.0,7095601452.0,477303216.0,484107383.0,974607467.0,1072455951.0
126880,제이엔케이글로벌,CFS,130556776173.0,186127959628.0,94579373464.0,143161846202.0,100977644500.0,162869719117.0,166662665970.0,213688715590.0,29379710314.0,25589208116.0,674854323.0,-228412599.0,-818727852.0,86607131547.0
127120,제이에스링크,CFS,18663235844.0,14275051922.0,34278525567.0,27143520701.0,36162290846.0,29356732430.0,38904003368.0,25029674158.0,3838068372.0,3050374035.0,-2360132718.0,-2386340387.0,-2450255608.0,-2979555431.0
127710,아시아경제,CFS,162204494567.0,153891062144.0,192854230834.0,220478130230.0,237816814849.0,279876278163.0,93620866958.0,90900770634.0,19440682351.0,20324909718.0,3316848.0,-6066648198.0,3568375024.0,-10323756987.0
127980,화인써키트,CFS,40499177719.0,54441304015.0,38270065217.0,44170904502.0,49335643859.0,55948153111.0,44695393450.0,51810027096.0,23928482645.0,24933731701.0,-287469948.0,2025279202.0,364531611.0,1573095379.0
128540,에코캡,CFS,107098858701.0,125896402984.0,58326469027.0,75798502265.0,67337488774.0,82308062830.0,101815029049.0,108847850618.0,41063680925.0,32465315003.0,-9760809681.0,-1954067866.0,-1375947121.0,-1969898915.0
128660,피제이메탈,CFS,92569704398.0,84797307968.0,62851686983.0,51499213674.0,66300356239.0,58641666118.0,72538469012.0,72158559109.0,87183260300.0,65933003748.0,-836327403.0,5412912976.0,1055497888.0,3239822281.0
129890,앱코,CFS,49729469330.0,50331316658.0,11660490632.0,11179659809.0,45882964761.0,41189716951.0,58684551964.0,56617240558.0,15886491648.0,13302703489.0,851785154.0,446909903.0,848938058.0,459684657.0
129920,대성하이텍,CFS,94058456080.0,92092683735.0,101189215506.0,87400292615.0,137109477391.0,123969416116.0,57024748295.0,62626270426.0,28888966618.0,25532361500.0,-1507428199.0,3108186684.0,-4773319213.0,1476409471.0
130500,GH신소재,CFS,43030713565.0,44870002809.0,52201133871.0,54482096696.0,89237282489.0,93739096161.0,94996088540.0,98496588468.0,21525200461.0,21709651278.0,1835410487.0,2952596667.0,-1358953135.0,2352277510.0
130580,나이스디앤비,CFS,93877057970.0,88037921447.0,20585837292.0,19609032065.0,24483108198.0,23566249370.0,110916442195.0,105511378796.0,30133100069.0,29337852139.0,10034480980.0,9697595999.0,7936662828.0,7918088617.0
130740,티피씨글로벌,CFS,62210495645.0,53242785838.0,24794172797.0,17545236402.0,26741575673.0,19273104811.0,94021607401.0,93559996243.0,21173404576.0,23305839565.0,135401620.0,702903987.0,1455566992.0,2520962047.0
131030,옵투스제약,CFS,74869596980.0,77896444839.0,23015665966.0,21109656221.0,24509101868.0,22768475450.0,147276963996.0,143734917507.0,21792737635.0,20934719415.0,3073973897.0,2042327971.0,2849520818.0,2423625040.0
131090,시큐브,CFS,42561861348.0,43143538722.0,1744800371.0,2222479382.0,2163511324.0,2634226873.0,45706948312.0,45897760141.0,2251407930.0,3040860010.0,100886695.0,551512026.0,273812082.0,685845497.0
131100,티엔엔터테인먼트,CFS,39570152320.0,54429732549.0,41744593056.0,54864083614.0,43909914150.0,57808719789.0,67904999171.0,66640639194.0,31786447780.0,38574557379.0,254408990.0,3714444765.0,-216039784.0,2501571270.0
131180,딜리,CFS,31322651595.0,35716235908.0,3969475180.0,7140207996.0,4480973261.0,8547552497.0,62580344181.0,63085923482.0,7661145816.0,10076956827.0,352951642.0,1434743506.0,267450224.0,1413252126.0
131220,대한과학,CFS,47027749247.0,46980252615.0,11605256664.0,13698035082.0,12752308942.0,14938842631.0,54217909925.0,52874890920.0,19007803302.0,17620239751.0,1691699791.0,902452654.0,1423743637.0,909468651.0
131290,티에스이,CFS,251004128371.0,268896709967.0,85134430904.0,94754519261.0,112879035167.0,119709051858.0,399558147250.0,399699298627.0,117613948450.0,76048823648.0,14802459788.0,8705670590.0,4559116921.0,8586572151.0
131370,알서포트,CFS,27610384220.0,33334775729.0,13660408774.0,20273773714.0,14443102552.0,24577817031.0,98629982529.0,95908197041.0,15834596057.0,14586147671.0,4184843128.0,3563469444.0,3694975409.0,2344173287.0
131400,이브이첨단소재,CFS,37766500062.0,56439994374.0,28029870992.0,23300874674.0,35041787631.0,28397342198.0,104002486549.0,115640404640.0,14505145166.0,23925394298.0,-293856876.0,3475726678.0,-5351846761.0,-2723041981.0
131760,파인텍,CFS,30494924857.0,40897574698.0,32466148939.0,38967923373.0,48934724088.0,43741565382.0,31518592223.0,36255484236.0,7446365714.0,17290021165.0,-485943335.0,386450828.0,-1673581832.0,645580668.0
131970,두산테스나,CFS,104927126000.0,113602076000.0,147431895000.0,183136544000.0,284070392000.0,350030052000.0,417694114000.0,437666508000.0,75900772000.0,99808850000.0,-2118273000.0,16772868000.0,-845290000.0,23552829000.0
133750,메가엠디,CFS,37339270292.0,43630419789.0,18636193512.0,18958118891.0,20585974957.0,21608477324.0,65667434702.0,65778680169.0,9760182224.0,10728614792.0,1207461232.0,1497251300.0,1417845804.0,947263214.0
134060,이퓨쳐,CFS,18300157126.0,18437890110.0,1198641378.0,1072505618.0,4606330671.0,4366696579.0,22564448356.0,23075950255.0,2601825392.0,2210544746.0,127576511.0,-207513557.0,32734035.0,117692000.0
134580,탑코미디어,CFS,25553467851.0,21807698471.0,25843854035.0,5866197615.0,29950985451.0,6086477043.0,35201652747.0,32471483481.0,14888794111.0,5518853683.0,2978886087.0,-1873891135.0,1575990037.0,-2247230263.0
136150,원일티엔아이,CFS,37933836733.0,42173658453.0,19035827000.0,35112549422.0,21015461858.0,36865545694.0,46949755146.0,36119491241.0,6888495333.0,10619676590.0,-2082943963.0,1970316270.0,-3147228405.0,2640932589.0
136410,아셈스,CFS,52642901903.0,50010920356.0,29298676509.0,35077803549.0,38155648131.0,40018301870.0,69465780049.0,66760271892.0,14546862972.0,13554691405.0,2913061761.0,1958708023.0,2365984568.0,897139349.0
136480,하림,CFS,347696858000.0,323593327000.0,491322116000.0,526150282000.0,526289733000.0,543712385000.0,321782999000.0,289074614000.0,387407541000.0,326218434000.0,19770940000.0,-2416132000.0,29963402000.0,-16838865000.0
136540,윈스테크넷,CFS,116389934138.0,129962626326.0,11912370962.0,19846165028.0,14200484937.0,23137037636.0,174915834729.0,180725651588.0,21949128958.0,21394874949.0,4675241741.0,3877234427.0,3852424996.0,3769339212.0
137080,나래나노텍,CFS,39168623123.0,51079719897.0,73072987119.0,84542083047.0,83922318890.0,96986732045.0,68101305842.0,76445170865.0,20209134568.0,8836586446.0,-2830882698.0,-5284068331.0,-4248163792.0,-4974333426.0
137400,피엔티,CFS,1222188539534.0,1210531353152.0,947245075868.0,948946125578.0,1037785859162.0,995710766322.0,627326601474.0,624560599351.0,113422824502.0,240512520298.0,22557098425.0,26407031405.0,7532707768.0,21465944892.0
137940,넥스트아이,CFS,72566689462.0,67339210169.0,32841100129.0,32756638819.0,34871036580.0,35197530221.0,83183934175.0,79507092363.0,16405413876.0,30067446395.0,1866470366.0,1507145215.0,2324290482.0,-293257828.0
137950,제이씨케미칼,CFS,161412515346.0,118756251907.0,173150234128.0,131906227496.0,215805754175.0,173317617742.0,155799156843.0,158526610089.0,92176045001.0,93985919113.0,3962969378.0,2202747671.0,2095415219.0,-2266317503.0
138070,신진에스엠,CFS,48836581896.0,50213620261.0,18793204991.0,16811279528.0,25932040616.0,27129545649.0,77562477283.0,78730659401.0,13597398533.0,14169315125.0,-304166983.0,814834025.0,-407154828.0,574651108.0
138080,오이솔루션,CFS,78703136425.0,67674995648.0,55677291711.0,53116063082.0,65889958992.0,62537147362.0,63461732074.0,74098406711.0,15875402539.0,7492919160.0,-4008616293.0,-8441298531.0,-4843650406.0,-9050432703.0
138360,앤로보틱스,CFS,28342999902.0,34548819320.0,21717149319.0,10263836105.0,24364166578.0,18453899640.0,56878215846.0,52253539177.0,4443608630.0,3528491965.0,-274096602.0,-839070349.0,1445148524.0,-1179380929.0
138610,나이벡,CFS,40826074334.0,37829276023.0,14569166949.0,25026284959.0,20410966135.0,30222660123.0,45765015403.0,32230984229.0,15799610372.0,5961890300.0,8393086652.0,297192883.0,7724343709.0,-906359823.0
139670,키네마스터,CFS,24393093851.0,23354968877.0,802094727.0,1420801226.0,1671032276.0,2332035122.0,23267992211.0,21932645831.0,3094499255.0,3468850946.0,121338259.0,286137772.0,-433495939.0,1150514546.0
140070,서플러스글로벌,CFS,244467711455.0,286808819825.0,200864066281.0,223945729177.0,237500204546.0,259244713388.0,189845015392.0,192879863183.0,51802837936.0,79295357169.0,1142793513.0,9070162143.0,997621966.0,5019459614.0
140410,메지온,CFS,52022099572.0,41925551798.0,47021210145.0,26670294572.0,47928262337.0,27935166913.0,41184014194.0,46062511803.0,1744204057.0,2268674650.0,-3547630702.0,-4598984366.0,-1850287390.0,-1618067546.0
140430,카티스,CFS,19269266467.0,26167974106.0,16328316047.0,21299325992.0,20653331153.0,23184531131.0,31369400083.0,33012807316.0,7026753719.0,7854717869.0,-623905438.0,-56950478.0,-672990036.0,-7421568127.0
140520,대창스틸,CFS,163854513060.0,174977165967.0,99768967370.0,103300575988.0,107075823603.0,112754873595.0,145007295937.0,149468828236.0,104707794398.0,103774830683.0,-907061139.0,-148526916.0,-2495102229.0,-1028687465.0
140670,알에스오토메이션,CFS,42246519378.0,44850462187.0,32213045985.0,32836706923.0,35344812158.0,36203654095.0,24538287954.0,26784960628.0,16754499485.0,16890173351.0,-788526798.0,-1704620500.0,-1059745166.0,-3283295855.0
140860,파크시스템스,CFS,180522914974.0,191151103812.0,59681615067.0,62937674219.0,95649862864.0,86405683184.0,207216828309.0,187909793142.0,52309189062.0,44696800463.0,11966820237.0,12694645397.0,4048386140.0,13385456558.0
141000,비아트론,CFS,120088517980.0,127020137556.0,21609538453.0,24345908418.0,23473656417.0,25867322224.0,180130383179.0,178206517409.0,22459340662.0,10403516971.0,2898067990.0,1895541264.0,-983517593.0,3014514211.0
141080,리가켐바이오,CFS,623440328343.0,550261759025.0,82375185212.0,117182806549.0,152185195450.0,122384802337.0,551502701381.0,615998105853.0,32616872894.0,30753645209.0,-21549573416.0,-10590225212.0,-38084253680.0,-7445218944.0
142210,유니트론텍,CFS,306599688488.0,261645646966.0,169882993720.0,140192885382.0,225870500219.0,179752221529.0,129941892077.0,131938869803.0,205326559543.0,191939664690.0,3592081086.0,9551977621.0,-4837929533.0,7710860917.0
142280,녹십자엠에스,CFS,54115134388.0,39428573941.0,51163701305.0,37122888853.0,59255639043.0,44545776353.0,45385002571.0,43428750520.0,30438074479.0,25478428858.0,1058167968.0,354459748.0,2412797396.0,-173925937.0
142760,모아라이프플러스,CFS,36507034037.0,46369579673.0,20687846323.0,20628354048.0,21450154162.0,21742569722.0,31902654751.0,40507219013.0,2327833101.0,3954432345.0,-1184332851.0,304697810.0,-7006012331.0,929848082.0
143160,아이디스,CFS,288760396574.0,310881097434.0,95707282872.0,103043490017.0,102890200598.0,111753425217.0,334820063458.0,340342912869.0,79935287103.0,74509559251.0,4905679790.0,3852372586.0,3427807879.0,6867503126.0
143240,사람인,CFS,60980343074.0,75984084631.0,22036806096.0,27712303871.0,35593636434.0,29689501054.0,177350645765.0,179972964499.0,,,4986685563.0,6576897499.0,4120770385.0,5322823844.0
143540,영우디에스피,CFS,45963563776.0,40558234756.0,31087582192.0,43181184826.0,31620961178.0,43714563812.0,24897640484.0,24759391285.0,18503659119.0,24781476953.0,-135783022.0,-74412304.0,658725756.0,155665319.0
144510,지씨셀,CFS,57725374762.0,42043067615.0,97680807630.0,81582107426.0,135061341803.0,115983427707.0,434135526353.0,462365736297.0,42954377336.0,45406164315.0,-3374990390.0,-2719165032.0,-9531684574.0,-6404103411.0
144960,뉴파워프라즈마,CFS,377765702893.0,369126810889.0,419097044239.0,432059788809.0,576224155804.0,562213510657.0,379160490733.0,382477708913.0,163345046451.0,141004293508.0,12202634508.0,12560871525.0,122853635.0,16216239145.0
145020,휴젤,CFS,599957557191.0,522925414568.0,81918978092.0,61079734078.0,120187384077.0,98627325098.0,886693795138.0,840812000743.0,110260417924.0,95423375602.0,56670315005.0,42431041528.0,38213817234.0,36978818606.0
145170,노브랜드,CFS,247883110459.0,272934185672.0,188851740384.0,176872004975.0,219851752923.0,239670939580.0,147677119677.0,154232023266.0,139306123211.0,123470057320.0,-6186191151.0,1843532203.0,-2135981558.0,-22008122269.0
146060,율촌,CFS,45227280615.0,48194934099.0,44002437056.0,42493414729.0,51845876841.0,43833115631.0,52982829148.0,49854262646.0,19423851115.0,19689775073.0,872393088.0,1467584391.0,535230135.0,494263124.0
146320,비씨엔씨,CFS,58688243315.0,42805705539.0,62948216194.0,58607717706.0,97612925792.0,88615269642.0,75976158305.0,73201826510.0,21942532902.0,19521894563.0,1607621477.0,-224407242.0,130238143.0,-151002990.0
147760,피엠티,CFS,18996545706.0,21216143768.0,28243489476.0,23094300725.0,35378380052.0,29086727290.0,22153328083.0,30934647285.0,5803774200.0,5317194001.0,-4662668914.0,-3431719014.0,-4795594278.0,-3334826438.0
147830,제룡산업,CFS,77019100134.0,72957144113.0,6970538345.0,4805805117.0,8010667760.0,5844076296.0,80572479771.0,78576791648.0,9763669607.0,8896641173.0,3173205628.0,2387503922.0,3144629905.0,2712960498.0
148150,세경하이테크,CFS,175860564260.0,218382604077.0,75844409010.0,93652212514.0,78577647352.0,96247353640.0,239834244584.0,248740229134.0,74811290044.0,100137219348.0,1841535686.0,12854334513.0,,
148250,알엔투테크놀로지,CFS,28554074427.0,23899415931.0,11278591525.0,9705550854.0,11729500850.0,10167871589.0,42220822408.0,35646551192.0,4613647757.0,2573144086.0,-832074016.0,-1005830029.0,665827740.0,-428227809.0
148780,비큐AI,CFS,13790015890.0,14054400634.0,4389888270.0,3669097563.0,4578312920.0,3918078767.0,11205079859.0,11829723461.0,4209328258.0,4150424197.0,-118656973.0,-249446182.0,-31944602.0,-136227855.0
148930,에이치와이티씨,CFS,41097413248.0,44298669165.0,4743051650.0,4630116912.0,11140732556.0,10464298286.0,59140748571.0,61363778564.0,6143440949.0,8762481621.0,-2223581229.0,327800744.0,-1981334694.0,777470698.0
149950,아바텍,CFS,61206182220.0,64614449907.0,8495682067.0,9046149225.0,8954180192.0,9463511764.0,145181946423.0,145205339840.0,18423555117.0,24828430562.0,1320246325.0,4844757481.0,1649179589.0,5984681455.0
149980,하이로닉,CFS,28376628329.0,38021655810.0,3305083120.0,5277717799.0,8814846172.0,10176095160.0,63931204812.0,69838505413.0,7887530007.0,7202681508.0,-322884863.0,634260096.0,-1051856117.0,1227186853.0
150900,파수AI,CFS,17212112563.0,22831542233.0,6201003234.0,7490472477.0,13151186413.0,13536638959.0,30578574197.0,36655903275.0,10698906240.0,11298374192.0,-938848887.0,644488798.0,-1243451398.0,593298739.0
151860,KG에코솔루션,CFS,2662719045353.0,2550116041097.0,2407623633754.0,2492802184380.0,3415897657925.0,3254441402862.0,3049277001110.0,2958917418442.0,1805738563054.0,1853817634535.0,48312239115.0,87926197336.0,39707445449.0,77693220830.0
153460,네이블,CFS,26132858625.0,27629241080.0,1851370863.0,2862266050.0,2325357414.0,3358685134.0,33013535840.0,32637620429.0,3601703111.0,2546353434.0,582795079.0,-1055549075.0,652771656.0,-628114299.0
153490,우리이앤엘하루틴,CFS,76056669744.0,80704188777.0,26186250309.0,29832273098.0,26683062936.0,30703657379.0,89060072373.0,89852474485.0,33898983668.0,40472843801.0,3068784770.0,5325470870.0,2262101.0,5698624918.0
153710,옵티팜,CFS,17454950611.0,18674831380.0,13763921282.0,12733667134.0,17172881055.0,15983394832.0,26079072887.0,27335443686.0,5789140848.0,4953712660.0,-433976034.0,-792297742.0,-470325383.0,-769373516.0
153890,져스텍,,,,,,,,,,,,,,,
154030,아시아종묘,CFS,23233455570.0,22641849677.0,16601793507.0,14960968782.0,16935458809.0,18356211528.0,24815973719.0,22719591551.0,9188396120.0,7975932156.0,1351828736.0,299677052.0,2207357788.0,1398220222.0
154040,다산솔루에타,CFS,22970998651.0,9573299762.0,41247010448.0,44316469665.0,43334309611.0,44490515223.0,53762783717.0,39062526464.0,8617790703.0,10650557655.0,777267054.0,2021815354.0,11422488631.0,1368941656.0
155650,와이엠씨,CFS,73315329777.0,67644778620.0,45916370832.0,42893200325.0,51121137599.0,48140253441.0,122829895400.0,124011266083.0,43238442657.0,43629880287.0,2482179102.0,2707493468.0,508800163.0,2179839105.0
156100,엘앤케이바이오,CFS,60547754496.0,63565787097.0,36476118169.0,39074089770.0,43206220349.0,47028020264.0,37031728053.0,36032999943.0,11320223793.0,7194270793.0,1721096054.0,-403310383.0,-2280187556.0,2340825011.0
158430,아톤,CFS,60426244134.0,59274424827.0,17165083838.0,39755653823.0,35999664707.0,49015171146.0,105202504107.0,89930680663.0,19685979924.0,16235999871.0,1637924244.0,4363454950.0,133342449.0,2931431179.0
159010,아스플로,CFS,79588959484.0,87478478647.0,62498784759.0,63844914632.0,81305168549.0,83581885383.0,46542831788.0,54665432366.0,14921970103.0,21396719862.0,-1991884462.0,-20275916.0,-5387027983.0,-219183710.0
159580,제로투세븐,CFS,49435178325.0,46711151407.0,9797891065.0,8706382818.0,10011798260.0,9254491987.0,81659177904.0,80798908142.0,19490533315.0,18132340803.0,796589578.0,640962309.0,866146661.0,706100442.0
159910,에코글로우,CFS,18658305455.0,14482057496.0,12516358833.0,8983354319.0,13138389859.0,10949936943.0,13789477435.0,12912141631.0,3318495931.0,2479040129.0,-866788198.0,-1273388620.0,36213856.0,-1260636008.0
160190,하이젠알앤엠,CFS,52857487802.0,62813519249.0,22659299580.0,36373171473.0,47658866483.0,51811416248.0,63734885669.0,68373885015.0,16711093054.0,18344755450.0,-1391926870.0,337831178.0,-1653976999.0,92270846.0
160550,NEW,CFS,139635508296.0,144130684155.0,109322020154.0,127389676774.0,133986353128.0,138755971710.0,121141282037.0,121121419411.0,32233543703.0,26521961506.0,285417325.0,-7100730232.0,-463992563.0,-7503080887.0
160980,싸이맥스,CFS,135684073062.0,129597757151.0,49901586406.0,50617533313.0,53544117213.0,53733731499.0,181239586715.0,173668408972.0,48303379665.0,38621840017.0,7411647717.0,5636344005.0,5605735028.0,3623212253.0
161580,필옵틱스,CFS,187404026440.0,213803676077.0,140424221244.0,136828998163.0,141686995607.0,144113878461.0,224979694824.0,238634190326.0,33807602044.0,120978509531.0,-8448169581.0,6533846293.0,-9322863279.0,6736203871.0
162300,신스틸,CFS,153566167918.0,154821496462.0,134423318703.0,131514139355.0,147030364221.0,148614738124.0,78744345791.0,81088075825.0,91108324034.0,107190689462.0,20503411.0,4408940374.0,-1985613806.0,-793089793.0
163280,에어레인,CFS,51357655449.0,48693396787.0,12439476006.0,15142649115.0,15492778438.0,18428638491.0,65479015226.0,64006308597.0,8873860514.0,5690310189.0,1096979032.0,507926928.0,115652802.0,571618201.0
163730,핑거,CFS,40975169705.0,40519482796.0,13211268446.0,12989517048.0,19312222167.0,15471216132.0,48553963611.0,47995248186.0,21845117019.0,15152734367.0,527701213.0,-52984510.0,598502697.0,191798075.0
166090,하나머티리얼즈,CFS,121852306136.0,137267888958.0,107811860609.0,121039753948.0,199568213500.0,220102424816.0,366137077149.0,353781902893.0,64090378835.0,61312735403.0,8499384039.0,9572883829.0,5444333708.0,5624863350.0
166480,코아스템켐온,CFS,13894935376.0,15783512957.0,45550901564.0,41931972850.0,68785264135.0,68863831145.0,45374496498.0,48593356064.0,5492570158.0,7144382483.0,-6787209600.0,-6094599054.0,-7858531382.0,-14316086932.0
168330,내츄럴엔도텍,CFS,9442074391.0,7299243068.0,6122044311.0,4510056809.0,9782254489.0,6471299968.0,25039654279.0,26866264421.0,5052268158.0,5737439283.0,-1053216484.0,-899808458.0,-1127103234.0,-900148526.0
168360,펨트론,CFS,52062474503.0,28325040024.0,74574427335.0,37002238735.0,82624891610.0,43645846945.0,20283069327.0,28041378121.0,16711700723.0,12560714966.0,259209424.0,-2406868024.0,-5274344515.0,-1716873516.0
169330,엠브레인,CFS,31666628159.0,27778931948.0,14829829846.0,12979414253.0,19559192602.0,18489482044.0,29114125280.0,28047605126.0,21834854522.0,20366515313.0,2535334450.0,1535371170.0,2151046777.0,1462208881.0
170030,현대공업,CFS,140752211263.0,135336919823.0,81853671838.0,66956035078.0,85711603756.0,70525483125.0,153697902823.0,152758061105.0,98508257444.0,83956585582.0,6041876036.0,3138762332.0,3004881524.0,4717313821.0
170790,파이오링크,CFS,67912569956.0,70667204222.0,10048341762.0,8854692845.0,12444064826.0,10966586424.0,81197409462.0,82805356522.0,14722296787.0,12759573300.0,-71458195.0,40764053.0,1353544945.0,426013694.0
170920,엘티씨,CFS,200212521365.0,182932872890.0,137069247506.0,131755574781.0,143996777556.0,138449074535.0,197871048661.0,187273670433.0,61344515924.0,57760955259.0,4911706283.0,3609214120.0,921405967.0,359355332.0
171010,램테크놀러지,CFS,33761675940.0,37672525312.0,29867543252.0,31414875495.0,61992576721.0,56418154213.0,46707334047.0,47994453035.0,10778924748.0,11912563283.0,10529437.0,-199618654.0,-128921760.0,-72463129.0
171090,선익시스템,CFS,326274743016.0,243307001093.0,273449203657.0,231180031123.0,279445377321.0,256476494776.0,102806915737.0,46420975111.0,190054705124.0,42593689227.0,39961738195.0,7438877651.0,59341252424.0,105686509.0
171120,라이온켐텍,CFS,77974184727.0,79120390360.0,21685017899.0,21098532753.0,22088633308.0,21357950543.0,130406074746.0,131589916258.0,38353098434.0,42755357191.0,5078628783.0,5103414002.0,2002042705.0,1717789768.0
172670,에이엘티,CFS,15605570199.0,16866912955.0,30714719229.0,35493824581.0,112344536899.0,115323316556.0,93814023746.0,102335546592.0,11228778877.0,9297933807.0,-2246322386.0,-2162692154.0,-4499604365.0,-824107298.0
173130,오파스넷,CFS,108641168422.0,111741062786.0,58302447785.0,67498754241.0,74364270978.0,83392851408.0,58356426233.0,54678187355.0,58156186060.0,38981745557.0,5582060825.0,1675713371.0,4566272168.0,1353492331.0
173940,에프엔씨엔터,CFS,47631712338.0,59609571040.0,72323584524.0,58657482674.0,88729106032.0,87565409135.0,26147718511.0,30815021182.0,26514914594.0,18169206344.0,928873470.0,419235644.0,-315973327.0,380267384.0
174900,앱클론,CFS,16460541553.0,23224120815.0,8177246793.0,18106875355.0,9041402017.0,18776896323.0,32368372220.0,29405991612.0,1112112258.0,394671844.0,-3344542288.0,-3679769314.0,-3469384398.0,-3964323438.0
175140,아고스,CFS,32112916644.0,47975126999.0,15509481869.0,18096608269.0,18095201116.0,18805406095.0,50391564479.0,43240937356.0,11452891101.0,9166461756.0,-6143734504.0,-2263488425.0,-6865661491.0,-1570026713.0
175250,아이큐어,CFS,50077925001.0,55094391307.0,70472830979.0,64557661700.0,80551686771.0,72151138921.0,48393992313.0,60732142035.0,25255055758.0,16835883925.0,-4415220735.0,-3984835313.0,-9811394764.0,-836107724.0
176750,듀켐바이오,CFS,25685240425.0,22239675086.0,14890173670.0,14924746151.0,22266964113.0,22158782636.0,44779191361.0,43009559883.0,9504526393.0,9345178673.0,1887314772.0,1854202379.0,1352464109.0,1703037353.0
177350,베셀,CFS,23161183802.0,10291633041.0,10648877733.0,26382304827.0,11294396566.0,29782797780.0,37291584481.0,21538065758.0,4696066216.0,7664930291.0,-776015640.0,-1673182082.0,15052779809.0,-1235107916.0
177830,파버나인,CFS,66367718238.0,68911761810.0,71952215474.0,74346248159.0,83377066325.0,86265521991.0,75769591094.0,79643422660.0,33205773970.0,36774644749.0,1178809530.0,2851670113.0,-975858507.0,2656093973.0
177900,쓰리에이로직스,CFS,36984036185.0,41164745121.0,10157586376.0,16851406134.0,21107429845.0,23259078855.0,49633825026.0,49349891560.0,4481953253.0,5640596505.0,-203211111.0,990980145.0,-629975953.0,778995235.0
178320,서진시스템,CFS,1123865667440.0,1141566418825.0,1090147270281.0,884795098474.0,1362288723186.0,1227629988817.0,745184975445.0,875584263726.0,258576171797.0,308857669892.0,-5972202220.0,31143601036.0,-81223426084.0,14813150822.0
178780,일월지엠엘,CFS,31689355982.0,35077569483.0,7899596896.0,12567618720.0,8170818936.0,12727277864.0,33924459477.0,33445815007.0,954048532.0,2473824893.0,-951403836.0,-279496088.0,156593289.0,313915171.0
179290,엠아이텍,CFS,86989674081.0,91245559060.0,9057308363.0,9171708746.0,13827671721.0,9695442584.0,115860473314.0,108832540986.0,15665785262.0,12803289169.0,4064790635.0,3829373773.0,4457168572.0,4760087636.0
179530,애드바이오텍,CFS,9744630855.0,8389666163.0,16106377954.0,15296670151.0,20287457866.0,20099314045.0,2311476575.0,2975017910.0,2848435308.0,2474339994.0,-1887830142.0,-1703412919.0,-4863451134.0,-2322718307.0
179900,유티아이,CFS,43145854130.0,94713635682.0,98079282446.0,61227792542.0,101549186573.0,86087550491.0,47115107044.0,74552206980.0,5524812367.0,3929484758.0,-9614525868.0,-5533646218.0,-9395994514.0,4077177627.0
180400,DXVX,CFS,21064743335.0,29263252852.0,27590576590.0,18527119745.0,62317995453.0,56004333673.0,5427368575.0,16354398554.0,8663403311.0,8691973513.0,-7899275071.0,-2377983408.0,-7703889601.0,-3710928636.0
182360,큐브엔터,CFS,145820527605.0,76083029761.0,125917725409.0,67870323667.0,168242488295.0,111740423973.0,166954876890.0,158222325619.0,55199636021.0,51522020214.0,906289637.0,5146135571.0,2182445554.0,2138387120.0
182400,엔케이젠바이오텍코리아,CFS,30841166967.0,10127051629.0,27524964139.0,47696803621.0,28034603072.0,47884002006.0,9161159296.0,-25005220750.0,2021139646.0,2436476592.0,-904994824.0,-714207202.0,2469589841.0,-17817201719.0
183300,코미코,CFS,392632940915.0,319319304670.0,248286789211.0,276059405083.0,526584348986.0,424624460497.0,387649196529.0,375718062479.0,146003399733.0,133556719003.0,30164038414.0,36890928137.0,21464282254.0,22038572710.0
183490,엔지켐생명과학,CFS,140048020511.0,148230247322.0,8098283088.0,11374846566.0,17214916550.0,20261120319.0,154432531826.0,161482820540.0,16401010016.0,19604901317.0,-3676797129.0,-3632334846.0,-3024266353.0,-3319793515.0
184230,SGA솔루션즈,CFS,21766944219.0,22940789827.0,29418145223.0,27007498750.0,53484380666.0,53430319451.0,49522408403.0,50181252648.0,10307603749.0,9348037128.0,-573264632.0,-646188566.0,-2392361041.0,-103691113.0
185490,아이진,CFS,31993740766.0,35297604246.0,11312310724.0,10999624656.0,15037908169.0,14471232710.0,45548737889.0,50834578908.0,877306449.0,561390912.0,-2452563523.0,-3707526708.0,-2460809417.0,-3263884391.0
186230,그린플러스,CFS,39847386747.0,36965512606.0,43219696400.0,47757191088.0,55914889358.0,55133061257.0,47677330078.0,46218737381.0,25893558366.0,20976295530.0,-1521950404.0,-628644880.0,-1941573164.0,-1526404828.0
187220,디티앤씨,CFS,68989749412.0,61094952343.0,107438555310.0,97714875901.0,147909568855.0,132984127344.0,117937725401.0,112378827371.0,29231371744.0,23351238718.0,203190054.0,-4236174963.0,2930641011.0,-2443800192.0
187270,신화콘텍,CFS,43194456630.0,48837082051.0,18716090137.0,29509994141.0,20221741715.0,30240330309.0,69580636414.0,66983130028.0,12047524974.0,12235900675.0,1171141430.0,1338106791.0,-1184109221.0,2306719533.0
187420,HLB제넥스,CFS,64432025828.0,97455007321.0,68836588671.0,90863630508.0,87729834783.0,118040313790.0,47546217053.0,28221292788.0,10009690104.0,9104486478.0,1430435007.0,62545878.0,19060039706.0,391552419.0
187660,페니트리움바이오,CFS,7095594145.0,11318540872.0,16697011841.0,20544553253.0,17710762110.0,21898111403.0,8448376562.0,6628509224.0,2523948387.0,2626563311.0,-1651900516.0,-10566487230.0,1814120392.0,-12729516749.0
187790,나노,CFS,57121176448.0,57695760348.0,52966299953.0,50959951842.0,57001321807.0,55616629999.0,38541462131.0,30712428760.0,15765961168.0,22949235910.0,14611905.0,2365916523.0,1247395387.0,6076120712.0
187870,디바이스,CFS,131554870496.0,110731273249.0,64466171714.0,43515386136.0,81094820611.0,60127126789.0,142936368088.0,143741011759.0,9207331101.0,7674566378.0,2203986180.0,-3184916424.0,1034732722.0,-980658961.0
188040,바이오포트,CFS,38487341439.0,29068051014.0,13986953789.0,14289859352.0,18786401001.0,19333538468.0,38431407517.0,28672060688.0,19226279280.0,17015355988.0,747208640.0,964238768.0,-2010101282.0,1285652326.0
188260,세니젠,CFS,10505939982.0,11851800627.0,2325879567.0,2407067336.0,6369739338.0,6445905697.0,8444882108.0,10196017802.0,8567011722.0,5681120736.0,-791011862.0,-1348252266.0,-812342847.0,-1331881236.0
189300,인텔리안테크,CFS,237396120591.0,225272824430.0,145073278568.0,91670412395.0,216129359421.0,176050780239.0,243443251532.0,264642289439.0,74736003382.0,71699403378.0,1763174467.0,910464541.0,-4067811414.0,2655172860.0
189330,씨이랩,CFS,7315002814.0,9952190703.0,1699065418.0,2589275907.0,2657647275.0,3796002594.0,7534843854.0,9599640362.0,716262333.0,348231363.0,-1245282273.0,-1905078424.0,-1235561581.0,-1872311322.0
189690,포시에스,CFS,33361782381.0,31222414130.0,5017385437.0,5128927433.0,5430171627.0,5536070399.0,78556707940.0,75173355253.0,12610338721.0,10626459471.0,3996735058.0,3771326556.0,4641012601.0,4449759236.0
189860,서전기전,CFS,39221098559.0,31337222516.0,36643311029.0,21754352217.0,37726885467.0,31961322330.0,22749918136.0,31475500021.0,11152087676.0,9616242412.0,-4089408405.0,-3711347537.0,-4032348153.0,-3646879657.0
189980,흥국에프엔비,CFS,66158425930.0,73573070368.0,61202648549.0,64770798042.0,119569437767.0,123960968622.0,97368982025.0,97122319579.0,25360285150.0,29393369074.0,2811642975.0,3623067032.0,2652272743.0,1949075437.0
190510,나무가,CFS,196128066670.0,197942389811.0,87978214930.0,92016079215.0,93664536155.0,97506321212.0,161016915772.0,166878423810.0,110603246673.0,111668264185.0,7684394557.0,3616421053.0,3185149861.0,4429463541.0
190650,코리아에셋투자증권,CFS,,,,,950775718161.0,306140349807.0,97723783120.0,97520053886.0,59583455124.0,65233415714.0,,,3301373400.0,2308087705.0
191410,육일씨엔에쓰,CFS,30441023794.0,27175326743.0,40209700617.0,33910032867.0,45323195228.0,38866217684.0,19745493878.0,24996477487.0,7347287312.0,4976276236.0,-924402407.0,-40647060.0,-1916997468.0,-227953398.0
191420,테고사이언스,CFS,62479823873.0,32134169334.0,2210604062.0,2285100382.0,24279002577.0,2826935112.0,58370231550.0,49688436018.0,1616134265.0,1897379761.0,-462994601.0,-137205116.0,-338037404.0,4900923268.0
192250,케이사인,CFS,72416923834.0,80238622462.0,71425411453.0,75949849902.0,71542179748.0,75970473102.0,117740184150.0,115471431811.0,,,-662770869.0,-326290243.0,-529812879.0,-366287893.0
192390,윈하이텍,CFS,83060684266.0,74764150423.0,63365601990.0,63111982837.0,79481937148.0,64393116664.0,75932697758.0,77088683756.0,21978843949.0,35025507112.0,-830215268.0,6237803409.0,-2179565095.0,5619170341.0
192410,오늘이엔엠,CFS,11040042288.0,28632096251.0,68115026796.0,37148695921.0,68629968403.0,37916122367.0,-20692762012.0,35446506701.0,4161064166.0,3657092686.0,-574926049.0,-1216398145.0,-48998319501.0,-2305658790.0
192440,슈피겐코리아,CFS,242113433706.0,264735739304.0,29928933113.0,42826790207.0,38037333037.0,50927720847.0,500257526546.0,518075282774.0,95898378169.0,96818423871.0,957900843.0,1112837945.0,-1767787866.0,2727570437.0
193250,링크드,CFS,22412012717.0,27436990392.0,22128130863.0,9595692708.0,22498645513.0,9742202016.0,50114458445.0,62288984299.0,2459377186.0,2818513140.0,-1718693881.0,-1116277217.0,-11740134333.0,-5289755064.0
194480,데브시스터즈,CFS,149001015878.0,129191077583.0,41730521707.0,37418492188.0,115413183861.0,106219465941.0,175868062716.0,154148055027.0,91975737546.0,54484986551.0,10108303452.0,4944371654.0,10329115145.0,6310059739.0
194700,노바렉스,CFS,173931197381.0,142289545852.0,82861904552.0,66062177478.0,85670534861.0,69347327713.0,231774025900.0,220263068035.0,99063137876.0,81758138876.0,11018967455.0,7344008565.0,7826079970.0,7118759341.0
195500,마니커에프앤지,CFS,64325778898.0,64976523261.0,41084644564.0,42783311364.0,43780546944.0,45238445739.0,77975600083.0,77386444251.0,28123727334.0,27052192113.0,810328501.0,1347219262.0,618734650.0,1106788131.0
195940,HK이노엔,CFS,401021883629.0,385467722761.0,489400864439.0,463964828224.0,668902661925.0,638197975184.0,1273187533944.0,1251377196361.0,263090744256.0,219285215605.0,19532648310.0,24348158172.0,12042049462.0,17416458447.0
195990,루트K,CFS,35601971400.0,48980792064.0,15110836933.0,21015088672.0,27029473768.0,33250998236.0,62328917184.0,108011934963.0,9116828993.0,1958236095.0,-2524555424.0,-3024799217.0,-44371185651.0,-1198878294.0
196170,알테오젠,CFS,408101888275.0,211784660785.0,249502329067.0,129185745943.0,255231116279.0,134920913122.0,347661224007.0,274091061091.0,18643000115.0,12234116831.0,-426290507.0,-6727123999.0,-34317124543.0,-3180472602.0
196300,HLB펩,CFS,45768476167.0,5129411753.0,31209759254.0,7224524569.0,31963946465.0,11136832951.0,24668218517.0,5381363924.0,1231142535.0,1211445762.0,-1262321138.0,-1603568869.0,381729699.0,-1488879816.0
196450,코아시아씨엠,CFS,74494845825.0,83385867760.0,65243162494.0,75459872508.0,68300189303.0,78535747594.0,58902571473.0,64661547308.0,70740733045.0,58618337747.0,1852823539.0,-2150275138.0,1356444946.0,-4176624894.0
196490,디에이테크놀로지,CFS,30138075253.0,35774872935.0,58700177545.0,65435697923.0,59227196712.0,65501153395.0,-10627611196.0,-7029251778.0,2383381864.0,8123485322.0,205067648.0,-6065350950.0,-1803264383.0,-25708253133.0
196700,웹스,CFS,43837934735.0,44026036461.0,27779194611.0,25922244500.0,32968093211.0,33742350531.0,36299204091.0,37157895516.0,12110782970.0,8514543345.0,1573992993.0,1310048315.0,1200788441.0,640614696.0
197140,디지캡,CFS,27328127509.0,34332427073.0,12378668401.0,13006584424.0,15181762118.0,16965523003.0,55885727719.0,57526644401.0,18753599511.0,3184676674.0,-1754972396.0,-646818663.0,-803381921.0,-438431261.0
198080,캐프,CFS,139807363368.0,147262556000.0,80631352232.0,93614955159.0,88780321011.0,106163651756.0,118370124954.0,115905879188.0,74455708872.0,72695334661.0,4388747720.0,5137787071.0,2791428571.0,8284367065.0
198440,강동씨앤엘,CFS,11254779188.0,8077723149.0,154949138523.0,154039819772.0,301915018204.0,305614614647.0,133856460608.0,134277570439.0,19302417333.0,6554170712.0,2839260370.0,-797241359.0,1530172674.0,-240620438.0
198940,한주라이트메탈,CFS,98910113157.0,96448770078.0,132224798635.0,140364835528.0,168504584437.0,161922881238.0,48758181161.0,48460899255.0,73126961255.0,65398357231.0,2540660441.0,391326218.0,-583357281.0,2533440017.0
199430,케이엔알시스템,CFS,17181874926.0,22857378055.0,17315337908.0,15024638945.0,20765936205.0,18350305707.0,23838712245.0,28180406744.0,1751428270.0,4427615522.0,-2303655657.0,-3049566513.0,-2298199886.0,-2975070549.0
199480,뱅크웨어글로벌,CFS,37903186626.0,41988063975.0,15327223096.0,15391807771.0,32168319958.0,33015965120.0,16180639411.0,18913586715.0,14851191221.0,12699265683.0,-604139970.0,-3692114218.0,-991197895.0,-3904320811.0
199550,레이저옵텍,CFS,31817553579.0,34302872261.0,10735403428.0,10704608937.0,13800168844.0,14888370468.0,27553600715.0,30461354342.0,3900220969.0,10354587657.0,-2300302122.0,1750616308.0,-3027734809.0,1992275630.0
199730,바이오인프라,CFS,13150813782.0,14764292475.0,15834023106.0,9218558862.0,15990702132.0,13552753632.0,22284830948.0,27568287705.0,6079516143.0,5857104365.0,-1116280000.0,-1305227465.0,-1598107071.0,-1229736645.0
199800,툴젠,CFS,42332445495.0,50406121181.0,17108560105.0,15640247720.0,18520956616.0,17042659114.0,54637343771.0,58435847293.0,142609857.0,159140750.0,-6331605117.0,-6025757281.0,-4393164355.0,-6179721737.0
199820,제일일렉트릭,CFS,116820701701.0,116389211301.0,66856060245.0,57477322469.0,74033846361.0,64841463000.0,158036567438.0,154462791189.0,54665450312.0,44364648254.0,6604323559.0,4011545313.0,3626280017.0,4354426940.0
200130,콜마비앤에이치,CFS,219717289869.0,223762213099.0,217039262137.0,236369483858.0,290472731625.0,295602347076.0,392193208307.0,395266206758.0,164101635234.0,165919886854.0,10702622108.0,7793939093.0,6705464609.0,4943128069.0
200230,텔콘RF제약,CFS,20514815066.0,26010954718.0,67314110909.0,69720074939.0,68011165108.0,70453177889.0,65611706868.0,83134901856.0,10030462890.0,8827441423.0,-396842433.0,-1002685014.0,-1829319618.0,-9893543813.0
200350,아티스트스튜디오,CFS,45404123073.0,50438929031.0,4687011939.0,2951622285.0,4982155513.0,5117658444.0,53035871871.0,54151852976.0,3555918554.0,9584275941.0,-1181305699.0,-1058310093.0,-896779496.0,-930642462.0
200470,에이팩트,CFS,56174750667.0,26469625212.0,82484683874.0,86311819478.0,104030409348.0,107251744663.0,50957255068.0,55236215989.0,26683639789.0,20153636908.0,934342379.0,-6858301860.0,-1217647019.0,-11465244045.0
200670,휴메딕스,CFS,183483625223.0,160032415495.0,19359182665.0,19354034912.0,20568098159.0,21219459767.0,248184232503.0,228532466992.0,42979079887.0,45861582466.0,10799351634.0,13058509231.0,7890672011.0,11857862853.0
200710,에이디테크놀로지,CFS,112930216944.0,123943170286.0,88157075632.0,77004041547.0,123357170716.0,113259369739.0,126377948138.0,131634014077.0,34026867815.0,20201187493.0,-1019789581.0,-4426970645.0,-3134225282.0,-2683390971.0
200780,비씨월드제약,CFS,45289604354.0,44558018219.0,91328001122.0,85864602925.0,101349155027.0,100302537550.0,73426843729.0,76010380831.0,20442441334.0,19460161464.0,1824821872.0,-316339459.0,-217116633.0,-1753747422.0
201490,미투온,CFS,117862582256.0,110149167645.0,46924298219.0,34760818100.0,53109540045.0,51232842547.0,228915977076.0,239814560952.0,22339656675.0,24557754523.0,2948530416.0,4727021395.0,2342834601.0,4941571397.0
203400,에이비온,CFS,2590727566.0,5280992780.0,28950564736.0,33094365805.0,31760581247.0,35652041942.0,11649746111.0,28130267229.0,212275667.0,186648798.0,-4363819320.0,-8702005246.0,-5859199739.0,-20974034700.0
203450,유니온바이오메트릭스,CFS,41463210368.0,52390900857.0,14581301034.0,23195126993.0,20757593480.0,28940730601.0,40776406187.0,41981218783.0,11829962647.0,10037802345.0,-320673710.0,72272686.0,-198563043.0,487497840.0
203650,드림시큐리티,CFS,161396646459.0,168095639092.0,310892233748.0,256209902627.0,387606488052.0,388891992199.0,143497989036.0,147742892486.0,74881773359.0,51039943402.0,2472084272.0,1920903040.0,-624201941.0,-105476715.0
204020,그리티,CFS,102679462132.0,85236096499.0,42013230556.0,20834976848.0,80415602105.0,21676334394.0,81658892003.0,81191885667.0,62057314508.0,63149667438.0,2361755021.0,5197977165.0,1679266391.0,4395030084.0
204270,제이앤티씨,CFS,156022153091.0,200160959755.0,271285489055.0,280557411483.0,287120900691.0,302569686748.0,276347900597.0,337126919326.0,56085163295.0,65345742375.0,-23845215982.0,-20865693381.0,-39650994118.0,-15088816230.0
204610,티쓰리,CFS,91069984606.0,100400188985.0,9646383316.0,16050254370.0,12875191321.0,18669387644.0,108384410713.0,103921495244.0,19688858726.0,17830455523.0,5945939071.0,2907574416.0,5665093298.0,5212647857.0
204620,글로벌텍스프리,CFS,163111266682.0,135053106001.0,40997794536.0,40983859692.0,46575803598.0,46165978691.0,143782110227.0,128371067905.0,44993151541.0,33900931461.0,8264141445.0,6362498089.0,9903963851.0,2229184908.0
204840,지엘팜텍,CFS,19040194552.0,19014221570.0,14344483825.0,13913996790.0,23960006775.0,22772408440.0,19756200261.0,19667919316.0,8358911235.0,6966738157.0,181602821.0,-487457735.0,57055750.0,-680685036.0
205100,엑셈,CFS,64128316394.0,73160732863.0,9087129988.0,13872688842.0,10751584457.0,15555922543.0,127947744037.0,131827578408.0,12559639198.0,13320429456.0,-95977889.0,319055241.0,-38154289.0,735321632.0
205470,휴마시스,CFS,201618532025.0,212571940377.0,77246591853.0,81193198533.0,78531075000.0,82812472510.0,253372921821.0,249103577877.0,8878121872.0,1098179971.0,-2047803819.0,-3036737282.0,-5974505391.0,1151382942.0
205500,넥써쓰,CFS,28340133536.0,17479567881.0,8535799115.0,5717340058.0,30293468023.0,7956275133.0,31090022290.0,25845114675.0,9328206547.0,528893719.0,281198504.0,-4047743995.0,-1893263909.0,-4481627511.0
206400,베노티앤알,CFS,46523096642.0,52164009060.0,3010518443.0,7212226305.0,5870377128.0,9484815643.0,80252481471.0,95260737568.0,1721009957.0,12647313625.0,181935291.0,-1133790559.0,619594663.0,-8414497785.0
206560,덱스터,CFS,46797708524.0,57834568799.0,27079641907.0,37594390914.0,51177323979.0,54676679449.0,40813787532.0,48888931152.0,11634361568.0,13784662062.0,-4255460730.0,-624913816.0,-4553308278.0,321386667.0
206640,바디텍메드,CFS,136055156400.0,135822442454.0,23899556316.0,27385939045.0,27895556246.0,31621689672.0,233605879351.0,223052758611.0,41481315937.0,36247594939.0,9200811969.0,9263448477.0,7457218735.0,9798282749.0
206650,유바이오로직스,CFS,105877719347.0,83142675103.0,42278653421.0,43044101771.0,68307652503.0,70052296606.0,156007948951.0,132032511461.0,36234094390.0,7867018083.0,11240277023.0,-1645378985.0,7728944934.0,-1590178395.0
207760,미스터블루,CFS,41680493450.0,41980726668.0,26770149060.0,30958665473.0,31201804167.0,36159143615.0,62209085516.0,58693479737.0,16437479831.0,16159975751.0,-1773210890.0,-3009175727.0,-8285500167.0,-1172886161.0
208140,정다운,CFS,137680271551.0,136060289349.0,81397294267.0,79994215370.0,88953180462.0,85468491642.0,129347976369.0,134157768612.0,46011137566.0,51322930843.0,2954007035.0,5776648799.0,2035810174.0,6000760421.0
208350,지란지교시큐리티,CFS,31623650352.0,34976673381.0,8398570299.0,8910846244.0,20977369611.0,21454309006.0,63871204419.0,63648935697.0,8921369454.0,7548438831.0,131785866.0,-827247066.0,752622079.0,-351797251.0
208370,셀바스헬스케어,CFS,43057235101.0,43967657569.0,6757252762.0,5444114925.0,7680249245.0,6422724040.0,63383122341.0,63800621523.0,6704105034.0,7175742643.0,-1029350791.0,595279774.0,-456425875.0,195839434.0
208640,썸에이지,CFS,6788021931.0,10547552028.0,2189146043.0,1463355104.0,2805440174.0,2452356889.0,17782836373.0,22642022134.0,1779473955.0,3679747533.0,-2777250012.0,-2176890151.0,-2686279950.0,-2341059126.0
208710,포톤,CFS,38669533113.0,52829985017.0,33758996851.0,44801510865.0,33870329750.0,45048982368.0,46897073982.0,53849624313.0,26862368350.0,25311083815.0,-1170585992.0,-1842844607.0,-3993834288.0,-3164441865.0
208860,다산디엠씨,CFS,55766182592.0,15274532100.0,52227320058.0,6302722561.0,58009835487.0,6932404992.0,63390745954.0,52184972888.0,40581414440.0,852529590.0,3777737270.0,-1252999478.0,1228746369.0,-607828014.0
209640,와이제이링크,CFS,40719948023.0,60953019295.0,18590680588.0,19229000845.0,35631944467.0,37544914420.0,71240349725.0,78181301428.0,10322054424.0,14187973375.0,-2068557948.0,2052082947.0,-3544637606.0,2112758824.0
210120,캔버스엔,CFS,11731129848.0,11325668616.0,13913762240.0,12117515994.0,24608095921.0,22872117701.0,15632901008.0,17165417106.0,340200977.0,594268117.0,-850063958.0,-320247192.0,-972099289.0,-828905577.0
211050,인카금융서비스,CFS,656935647000.0,585172917000.0,556272720000.0,497951785000.0,624225113000.0,560171071000.0,175349293000.0,147260448000.0,238768322000.0,210444797000.0,23748557000.0,21011582000.0,17333255000.0,14766276000.0
211270,AP위성,CFS,104772725487.0,116066466172.0,20642855884.0,28599997438.0,22607165240.0,29936745897.0,102830061234.0,105220711236.0,16366840771.0,5021466603.0,-1879992584.0,-1193655191.0,-2292292085.0,89382043.0
212560,네오오토,CFS,97936599261.0,131904739970.0,69186074289.0,86465977646.0,74092196150.0,92931545979.0,131326160429.0,124078771644.0,62060444340.0,56386808756.0,4290436976.0,4380688519.0,5140494403.0,4941763075.0
212710,아이에스티이,CFS,25240097505.0,26235937752.0,24446480890.0,37828155068.0,33504605889.0,44136544360.0,23779544304.0,8921065626.0,3360588560.0,14026940847.0,-901840774.0,2886771557.0,-957317861.0,2821945107.0
213420,덕산네오룩스,CFS,223052563141.0,124326716974.0,69409418378.0,23495699694.0,226293024097.0,53306384178.0,431910400389.0,399005359184.0,80927423415.0,52708870962.0,10279839180.0,10044771310.0,8966061554.0,9949575292.0
214150,클래시스,CFS,248438390169.0,234201823223.0,47097148539.0,128903651305.0,131814816409.0,155734894073.0,494739682886.0,452643914758.0,83283805952.0,58742159578.0,43010649853.0,31188835568.0,26472747965.0,26580699262.0
214180,헥토이노베이션,CFS,579870270507.0,538582089280.0,366386926371.0,342579379197.0,386607263223.0,362434259746.0,352733501848.0,329720255396.0,91790640659.0,77824679635.0,13421792659.0,11227451064.0,13314400821.0,10263242158.0
214260,라파스,CFS,40542932750.0,32017821686.0,46465116350.0,41799652896.0,50776735026.0,44462976816.0,33364725950.0,31631778237.0,8115063858.0,7306598285.0,-722060217.0,-564753847.0,-529311547.0,2352144680.0
214270,FSN,CFS,231131630763.0,180304018839.0,198734932161.0,201710176561.0,246196457550.0,229458262905.0,113153751943.0,96097527325.0,72106282045.0,29880483325.0,9437980220.0,-100011684.0,4546936596.0,-2305184170.0
214370,케어젠,CFS,89725344688.0,96406401615.0,6895599209.0,8066161756.0,17104311012.0,17719088633.0,216877170873.0,222977779434.0,18118191913.0,20462336553.0,7442036583.0,6180271248.0,4794807479.0,6027547782.0
214430,아이쓰리시스템,CFS,114019380635.0,100643207354.0,25178690347.0,26185440715.0,45331616373.0,41145093016.0,117329518086.0,105685894097.0,25305386866.0,29949274868.0,2645038665.0,4100453277.0,4646711499.0,3912964657.0
214450,파마리서치,CFS,612909225673.0,554541963954.0,79657850281.0,82817556411.0,285763146729.0,286260118189.0,637474666633.0,569440798163.0,140607447466.0,83106581620.0,55877690378.0,30760698843.0,42044835186.0,28718192888.0
214610,롤링스톤,CFS,18732239258.0,26708675979.0,10841647000.0,13948337552.0,13300403275.0,28581379055.0,18922733833.0,25885177108.0,494097249.0,2264100272.0,-1978198208.0,-5899073359.0,-4385514730.0,-5354486767.0
214680,디알텍,CFS,129614675428.0,111200719905.0,60401750272.0,44159525615.0,126517547767.0,106545006762.0,68388383680.0,72801278974.0,33551265940.0,26339744419.0,922089229.0,-2838069319.0,-5923658666.0,-5648465882.0
215000,골프존,CFS,312696688736.0,328859815245.0,112407910296.0,149183789650.0,178550289778.0,218798139682.0,449905731275.0,446700744744.0,121058288753.0,160713478915.0,19779335660.0,25626632772.0,9306425726.0,16552211225.0
215090,솔디펜스,CFS,42616443961.0,38639715888.0,3756156828.0,6292993959.0,5089504815.0,7166241212.0,49757301601.0,40966956407.0,8684196103.0,6360738117.0,1164795173.0,1005578226.0,1806266117.0,2351518406.0
215100,로보로보,CFS,10647442399.0,16958700057.0,2267219489.0,2244304652.0,2358427008.0,2351424821.0,30472963752.0,31049632648.0,3482488467.0,3385088603.0,-255259333.0,-294060006.0,-484234077.0,45401101.0
215200,메가스터디교육,CFS,227055454501.0,214990218391.0,345683316879.0,370015192280.0,397081361188.0,411601585240.0,485742682657.0,466740892004.0,200992980641.0,214423751061.0,32657775934.0,32093024897.0,25730703408.0,22979837891.0
215360,우리산업,CFS,248937261900.0,210067885795.0,178722093396.0,160770589199.0,246590022026.0,212593689790.0,112773802449.0,111941804730.0,140528126194.0,144441764703.0,5127482755.0,4734229414.0,976954391.0,6216271563.0
215380,우정바이오,CFS,17760471763.0,19928382600.0,31944723443.0,31348497891.0,65517932355.0,65326105204.0,25192471707.0,29372956885.0,7087485941.0,11846870830.0,-1611546605.0,668530790.0,-1539685109.0,2350907240.0
215480,토박스코리아,CFS,29881977485.0,30001779208.0,8142748111.0,9157719874.0,8564894599.0,9831002648.0,33333980205.0,32843005338.0,12642389497.0,13121566949.0,849997976.0,645168769.0,740423589.0,484100461.0
215600,신라젠,CFS,96793759958.0,126119216714.0,6033957408.0,16600095675.0,7893870093.0,17198509580.0,123566814269.0,131817269896.0,2392539486.0,806943259.0,-6188994617.0,-6696514920.0,-5508383361.0,-6707529601.0
215790,이노인스트루먼트,CFS,36752577977.0,46852992695.0,30509138833.0,34739332629.0,31417068188.0,35921364465.0,34250763903.0,44405960645.0,13273350059.0,9830304918.0,-1220316042.0,-6056169886.0,-5002748360.0,-8912234685.0
216050,인크로스,CFS,209158755811.0,267239172086.0,100314562797.0,160297198154.0,103172260742.0,163700618383.0,121970498846.0,120023471243.0,10353115880.0,10006319463.0,2240513425.0,582310829.0,2372067092.0,935555740.0
216080,제테마,CFS,59453118166.0,51010840379.0,109369006582.0,140232133828.0,170457490188.0,151288990537.0,64567466747.0,71427922822.0,20572927984.0,17306005305.0,1772142200.0,2151333347.0,-2471300463.0,-407410898.0
217190,제너셈,CFS,41223566593.0,43483732743.0,30515499533.0,29712061701.0,36880680625.0,36518636446.0,49286018077.0,49863404872.0,18568571232.0,27068543054.0,2662542053.0,4537033576.0,1426938677.0,3934833201.0
217270,넵튠,CFS,70533328172.0,74095483581.0,25189279279.0,21656357929.0,50180692628.0,37038722403.0,388575619237.0,370414959421.0,34161163389.0,26832079118.0,1138958269.0,753901935.0,8973394469.0,10958135328.0
217330,싸이토젠,CFS,44015355378.0,48078793028.0,13349097339.0,4714902827.0,25142753146.0,23535092605.0,43235562598.0,48942969389.0,6286128001.0,1193727809.0,-1928108612.0,-3245624873.0,-2832891031.0,-2954715148.0
217480,에스디생명공학,CFS,40918898303.0,45688012163.0,28775592592.0,30766331250.0,31561475212.0,30890607117.0,37549544697.0,29796961150.0,7802407192.0,9687560456.0,-1871671811.0,-1708552875.0,-1259151037.0,-3561404608.0
217500,러셀,CFS,59115279120.0,67086612982.0,13053869959.0,16853456491.0,14088670835.0,18217200953.0,55199793826.0,59359965615.0,9294749942.0,7824889143.0,-385739583.0,1054595713.0,-1805065947.0,1766214245.0
217730,강스템바이오텍,CFS,17449553798.0,28528439364.0,6381667536.0,7732495470.0,11113134771.0,12804092628.0,33461909052.0,43182021406.0,1030470030.0,2275530969.0,-4435363949.0,-4497763671.0,-4817049582.0,4646429005.0
217820,원익피앤이,CFS,244604473457.0,356941922582.0,273953068488.0,398258383509.0,277015475763.0,400426310522.0,83339380078.0,79469360623.0,66777473971.0,23433797277.0,-1737456015.0,-17909065710.0,-5704243801.0,-21070694145.0
218150,미래생명자원,CFS,32906668631.0,33117119915.0,14745132616.0,16910441408.0,16565691419.0,18237359146.0,46517302571.0,45671928034.0,16764784659.0,15584942996.0,503348707.0,-79804410.0,167467888.0,-249501826.0
218410,RFHIC,CFS,286668608515.0,317854211716.0,79755859486.0,95043343488.0,122754041292.0,124988407222.0,365120228147.0,357960809650.0,44638672150.0,26074181227.0,8305469280.0,-211175270.0,8393216819.0,2477973023.0
219130,타이거일렉,CFS,44631325142.0,33332562506.0,21158864621.0,21381034374.0,27334794165.0,24147984217.0,55026915403.0,52961621182.0,19236196609.0,15724735470.0,2899010852.0,-292658926.0,1268091331.0,175114401.0
219420,링크제니시스,CFS,41359748916.0,39585839335.0,4701547757.0,3433450067.0,5226641160.0,4034929017.0,45649718435.0,45004307047.0,3449203471.0,3398333681.0,266363856.0,425144101.0,553920145.0,642723471.0
219550,디와이디,CFS,12634279134.0,9300048534.0,21149781501.0,18759079051.0,22980999331.0,20054769044.0,10614250245.0,10017002892.0,10717481670.0,9765765811.0,-405755180.0,-309752679.0,-8179958374.0,-30720823462.0
219750,한국비티비,CFS,16738123241.0,13985097438.0,6821145963.0,9372704252.0,17313500391.0,14413142351.0,27740174429.0,28235065071.0,7307127135.0,6778877276.0,-972791388.0,-23760789.0,-773784644.0,-1086256473.0
220100,퓨쳐켐,CFS,38041999829.0,39504893717.0,12291887523.0,15775845213.0,16505935774.0,19904477492.0,54689479196.0,54516963988.0,3639662927.0,3432929031.0,-1915233621.0,-2692990141.0,2237221816.0,-2609047064.0
220180,핸디소프트,CFS,46276454753.0,53062975408.0,12175019615.0,14659567606.0,12734414938.0,15227963727.0,66737579072.0,68580078119.0,5897982381.0,4777854739.0,-441122310.0,-1176475466.0,-1382726268.0,-849672651.0
220260,켐트로스,CFS,40436200658.0,59711346664.0,44650015225.0,54664043798.0,49208429300.0,59039575445.0,64882783303.0,66656747640.0,14733109403.0,11784232577.0,-882257616.0,685703037.0,-2210271966.0,825607788.0
221800,지구홀딩스,CFS,42291971199.0,42332073457.0,6420114230.0,6613867469.0,10418374004.0,10555405882.0,34291711601.0,34427465466.0,6826079412.0,6759774963.0,-205405666.0,-440481239.0,31399690.0,-25657827.0
221840,하이즈항공,CFS,46630174421.0,46227287462.0,21839788075.0,20564056246.0,72699755428.0,73585477618.0,41065726623.0,40195442189.0,17429493775.0,19140607262.0,801603390.0,-517885780.0,-73620301.0,-680419602.0
221980,케이디켐,CFS,64550304054.0,76164197201.0,18998856833.0,29074217863.0,21238324465.0,31037412823.0,98631016164.0,100896412058.0,16870941375.0,15853487137.0,1908814265.0,2022167162.0,-1121345686.0,670229348.0
222040,코스맥스엔비티,CFS,165903848436.0,177120897897.0,227992800714.0,237166343872.0,246082774002.0,255243545749.0,54462206768.0,62002278315.0,75651920674.0,80937813405.0,2520435730.0,3327245564.0,-1130349832.0,-502591456.0
222080,SFA넥셀,CFS,465147712788.0,525125193372.0,147307293158.0,211941898855.0,185038534155.0,255080519088.0,484810687480.0,478739602530.0,129612546705.0,134317050538.0,1368147222.0,24956319175.0,-8721477553.0,22026921531.0
222110,팬젠,CFS,27589016339.0,20768229783.0,4520713566.0,2898826853.0,7388491971.0,5635969023.0,29494381858.0,24908713346.0,3485402308.0,2267635672.0,832536452.0,-116439036.0,884640374.0,200502471.0
222420,쎄노텍,CFS,34573546883.0,37245627736.0,30236786484.0,33798447107.0,48763668683.0,52770828605.0,34645011757.0,34566952642.0,9086136903.0,9052077655.0,964167934.0,152137231.0,-309455469.0,-352219203.0
222800,심텍,CFS,621822854239.0,509727948750.0,847250870693.0,780155095194.0,1062866816876.0,994803895879.0,436480193542.0,448475401000.0,340767377716.0,311661006046.0,5543628386.0,3609894197.0,-18719413835.0,-15923201993.0
222980,한국맥널티,CFS,46652893476.0,45058463081.0,37134967834.0,34443995610.0,43536533530.0,43112411047.0,37710030318.0,38205175034.0,24945799798.0,22447859538.0,-2679442.0,752807544.0,-68462307.0,824845941.0
223250,드림씨아이에스,CFS,73246930256.0,66499896561.0,42918447575.0,38728151849.0,45770954584.0,41983147641.0,79323919002.0,76555187296.0,16601235101.0,13750196061.0,1511454083.0,566955835.0,1196934008.0,747575529.0
223310,사토시홀딩스,CFS,13700086686.0,24347633350.0,27044621299.0,13619804186.0,27851127497.0,14163177911.0,21586020049.0,21117877477.0,5450749042.0,4661085556.0,-819005344.0,-828566675.0,669382983.0,-2447295249.0
224060,더코디,CFS,67497827950.0,74723733415.0,60567641196.0,34647821482.0,63761742486.0,67990333367.0,20948642802.0,26060471030.0,6747241376.0,7198889335.0,154184138.0,-153449215.0,-2436031363.0,-1629548657.0
224110,에이텍모빌리티,CFS,58113626984.0,62799881996.0,33266976118.0,39492197804.0,36196017178.0,49095762834.0,69152322926.0,98593618162.0,16841918803.0,8809732351.0,1760027099.0,140202254.0,-134295845.0,3305172901.0
225190,LK삼양,CFS,16443806262.0,18882770341.0,11580718965.0,9335687572.0,18051064003.0,15517135164.0,23928939323.0,27859628765.0,7305589900.0,7551443796.0,-1808766001.0,225115645.0,-481043436.0,620337053.0
225220,제놀루션,CFS,36035102080.0,37286313120.0,6112676629.0,5822008544.0,26235827146.0,26055925308.0,74650203709.0,80396845336.0,2881665381.0,2056175190.0,-1694685420.0,-2421308208.0,-3742802718.0,-2302809790.0
225430,케이엠제약,CFS,4144805875.0,4716970066.0,10205717806.0,9316186008.0,16988535279.0,16358123221.0,30827292110.0,32615111338.0,3241178733.0,3313795203.0,-720674486.0,-1114392099.0,-963938762.0,-1232579085.0
225530,HC보광산업,CFS,72643262823.0,79894881720.0,33426750412.0,19702195939.0,76135478839.0,79412181298.0,92727849321.0,99733465686.0,10187656678.0,19939200593.0,1811600.0,3997110283.0,293654846.0,5651278126.0
225570,넥슨게임즈,CFS,252462214382.0,292030950012.0,38808372870.0,60911188187.0,148625639811.0,174498507346.0,295384793534.0,312706441653.0,38572109458.0,43593373658.0,-21795674502.0,-8437600891.0,-23232046456.0,-10979283725.0
225590,패션플랫폼,CFS,51086817350.0,54080416538.0,13105555868.0,12845968837.0,26204945121.0,25783947511.0,72596580778.0,74886242961.0,26661867795.0,28007933635.0,920732852.0,2699766838.0,-3448227373.0,1884283736.0
226330,신테카바이오,CFS,10890407572.0,12564754898.0,24505390996.0,16301146028.0,26901052717.0,18771721887.0,14123648656.0,24943253107.0,345912019.0,899968.0,-3002386683.0,-3558141715.0,-3774175662.0,677083340.0
226340,본느,CFS,19566969071.0,32155800507.0,12725731874.0,20118522132.0,21529708791.0,29796528514.0,48932193825.0,52813789441.0,12335092051.0,19008914636.0,-2603386995.0,1297804558.0,-1115537739.0,-4440618963.0
226400,오스테오닉,CFS,53516277703.0,53518440705.0,18142569843.0,17370896541.0,31789328323.0,30595885707.0,61901212951.0,59324467784.0,10976551642.0,8645604251.0,2747922768.0,1755834275.0,1009014310.0,1622621384.0
226590,엠디바이스,CFS,37195578771.0,21428285576.0,11733065104.0,5004615844.0,15310739959.0,8932877898.0,39209757475.0,26285702635.0,25320184615.0,9846597238.0,3300914098.0,392944514.0,1536926936.0,318919385.0
226950,올릭스,CFS,23031299995.0,15534061431.0,24286447273.0,30060339329.0,52713354127.0,52776577150.0,23376997227.0,18472649178.0,,,-4961606943.0,-3773197709.0,-9204795051.0,-9584858583.0
227610,아우딘퓨쳐스,CFS,30245150602.0,28916016538.0,26991567151.0,24005370373.0,34791710960.0,31900531192.0,19140932910.0,21340463689.0,11237810558.0,7690100125.0,-945370476.0,-1059276792.0,-2002813440.0,-2704840784.0
227950,엔투텍,CFS,25368897542.0,37260539496.0,3867904707.0,6509625682.0,7357423792.0,7034986595.0,125861091708.0,86567527434.0,11807252874.0,3574937140.0,7450593549.0,-1159184293.0,5818174816.0,-2117668526.0
228340,동양파일,CFS,26332873074.0,75637535269.0,6244596451.0,5650956966.0,6244596451.0,5650956966.0,119354241934.0,122795161178.0,16541784680.0,17685833640.0,-1669942580.0,-497156516.0,-1944197750.0,43893194.0
228670,레이,CFS,119358659368.0,119273032835.0,112314637717.0,90487864527.0,128937415134.0,129796541508.0,73963271179.0,74418634726.0,27506130245.0,24743676550.0,-1847354308.0,-18791646772.0,-3653564518.0,-18189560891.0
228760,지노믹트리,CFS,87869978310.0,97662358660.0,4577277503.0,4750850596.0,6313219091.0,6355817821.0,117207580492.0,124319609160.0,1721124729.0,559780466.0,-1505159520.0,-3895766411.0,-1451395203.0,-2836932343.0
228850,레이언스,CFS,221991223710.0,228631780403.0,15007501160.0,15880698335.0,24906731187.0,24547492577.0,242169160086.0,244668362161.0,28992617210.0,32938743971.0,-309761093.0,2249273087.0,-1258736338.0,2749736273.0
229000,젠큐릭스,CFS,7659058253.0,9277488552.0,13925198989.0,13627999961.0,15425186571.0,15147394717.0,11471465201.0,14896659415.0,2001595627.0,562889489.0,-1310419697.0,-2780825100.0,-1537194678.0,-4121495758.0
230240,에치에프알,CFS,118688909298.0,137790602584.0,83934614988.0,81825508343.0,112818725668.0,112271469571.0,157978476659.0,158813332783.0,41456867106.0,35285301276.0,4036262620.0,-5205035627.0,4236352710.0,-10279404736.0
232140,와이씨,CFS,237650124945.0,260930516127.0,70267386202.0,101255439318.0,130629982053.0,158643144911.0,420287981081.0,418212295510.0,80403850103.0,65027640902.0,4364462440.0,9992417718.0,3506825758.0,8867304754.0
232680,라온로보틱스,CFS,36219727162.0,39221890064.0,12369807336.0,13034130962.0,28390773007.0,29072848179.0,32684362381.0,32332094946.0,13515731257.0,10462430290.0,1529900655.0,829779582.0,692748943.0,2129061576.0
232830,아이티센피엔에스,CFS,121067388781.0,127440132623.0,117299070768.0,120136714855.0,132461797130.0,135118349124.0,9759111972.0,11127870768.0,76841769705.0,4387967180.0,1524204718.0,-632066299.0,891532511.0,-593990630.0
234030,싸이닉솔루션,,,,,,,,,,,,,,,
234100,폴라리스세원,CFS,190270200964.0,192067746403.0,43735365207.0,58680875011.0,57773224932.0,73146502333.0,343186715447.0,329802618193.0,59951352514.0,53523854700.0,1637351849.0,2280870514.0,1800786181.0,4248757553.0
234300,에스트래픽,CFS,95246601906.0,113358831886.0,63283325499.0,74573695525.0,80452756520.0,90933776898.0,96983942132.0,98462042879.0,38778960920.0,34382848097.0,3915376867.0,3306428054.0,491050768.0,2145034099.0
234340,헥토파이낸셜,CFS,427711037727.0,371639449445.0,324821834165.0,295461988225.0,332282445859.0,300208818426.0,172827831223.0,151361613126.0,44525827435.0,38053026424.0,3835601531.0,3569834313.0,2748849561.0,3992240992.0
234690,녹십자웰빙,CFS,80443969301.0,69406149760.0,74973815914.0,50066494179.0,101944321457.0,56573578154.0,108263489752.0,104952958736.0,38921496137.0,32647534311.0,4221778994.0,4028929461.0,341693835.0,2912577971.0
234920,자이글,CFS,6443814724.0,10268662868.0,29382623054.0,30007408375.0,29423653394.0,30063398365.0,21790874154.0,24580450414.0,1945070513.0,3133093693.0,-798070926.0,-1246253983.0,-928888201.0,-1401424727.0
235980,메드팩토,CFS,51631067784.0,56790022607.0,1404257142.0,1375361358.0,3037354090.0,3042065028.0,52434018285.0,57743233567.0,839629079.0,0.0,-2559349130.0,-5114958000.0,-2266742391.0,-4682283931.0
236200,슈프리마,CFS,124441321831.0,112927391811.0,17051651797.0,22157079709.0,19273171908.0,23471533042.0,247454498282.0,236656973706.0,32530412603.0,28139969660.0,7569816710.0,6728126790.0,743650361.0,8846494254.0
236810,엔비티,CFS,55842039408.0,25043429298.0,26161718716.0,20815551103.0,48130576720.0,43910679510.0,20991305764.0,25335950860.0,,,-2187525735.0,-748975016.0,-2030462608.0,-1181303240.0
237690,에스티팜,CFS,322489567719.0,330078457410.0,147596367725.0,133281223062.0,231941337272.0,218884522840.0,500450770923.0,502991186991.0,68250893813.0,44592016777.0,12918898204.0,-3058878992.0,5367408105.0,907078180.0
237750,피앤씨테크,CFS,27510315702.0,41518316444.0,17750864567.0,28307984768.0,19530107807.0,29387975664.0,63990204467.0,67899413844.0,8174704693.0,10193834307.0,351788692.0,1244113241.0,30134882.0,504347824.0
237820,플레이디,CFS,112879485441.0,114652648139.0,43704460184.0,46668652088.0,45763711064.0,48983847521.0,87709673711.0,85708884420.0,9792163381.0,9916372357.0,1696753489.0,1101767727.0,1626723291.0,1120233199.0
237880,클리오,CFS,189370771156.0,186896152222.0,53735752404.0,46505968880.0,67748744636.0,61533515029.0,232129926405.0,233892856254.0,82129745417.0,92581105814.0,3520752737.0,9576226939.0,1940764463.0,8968547491.0
238090,앤디포스,CFS,54516533586.0,56341967188.0,13351698016.0,14320300802.0,14432257264.0,15627026017.0,92795794505.0,90250499149.0,10820765135.0,13780422752.0,-1090585831.0,222555447.0,-1279621377.0,-8934895946.0
238120,얼라인드,CFS,24638314735.0,25566846619.0,2005008372.0,1896007223.0,8943946988.0,8780660106.0,34682840098.0,35494356134.0,3923386790.0,3259732569.0,259795605.0,256110534.0,-117325236.0,620824824.0
238200,비피도,CFS,23180189307.0,22550379039.0,15684889821.0,14082257925.0,16171192857.0,14526880929.0,47661578613.0,46685550044.0,6196932842.0,3020429606.0,1339017981.0,-1196334110.0,757836599.0,-1742623300.0
238490,힘스,CFS,31375627145.0,22928435073.0,32782474845.0,14413669055.0,34568811415.0,15994113834.0,68539041608.0,70686925656.0,,,1421999544.0,-2486688729.0,810556774.0,-1274875044.0
239340,이스트에이드,CFS,33336265399.0,32793183774.0,3985195827.0,3487253663.0,18439092416.0,15481893115.0,18402188719.0,21366688523.0,4264703393.0,4079026372.0,-951340342.0,-1378424717.0,-1185661195.0,-1270295929.0
239610,에이치엘사이언스,CFS,37011232128.0,33187045609.0,2251546256.0,1989518795.0,2963546256.0,3151518795.0,89604634144.0,94626654116.0,5821122238.0,5290596375.0,-3080190700.0,-2136940002.0,-2646501053.0,-1253483206.0
239890,피엔에이치테크,CFS,38234503056.0,41767297760.0,7746803980.0,15064187890.0,13402280744.0,19066665070.0,54089959212.0,52265913016.0,8943648524.0,7916554187.0,422569599.0,315211148.0,825903683.0,731671939.0
240550,동방메디컬,CFS,89186056892.0,72574060897.0,34843694117.0,50382934748.0,52994152602.0,69646790500.0,116414814547.0,80704495044.0,26192538393.0,26364807088.0,3135648750.0,4042910672.0,1926711839.0,-3492187949.0
240600,유진테크놀로지,CFS,26038214815.0,31413635428.0,17664698114.0,16387782803.0,19662222795.0,19508302922.0,41521125592.0,45209968702.0,6957820657.0,6968649462.0,-1537360238.0,-1988763001.0,-1890353403.0,-1624847715.0
240810,원익IPS,CFS,782422908422.0,645135490548.0,335760035532.0,228970241659.0,343935517808.0,236686893210.0,904534020273.0,887460172581.0,242168631002.0,154901639504.0,36451478993.0,-3086434987.0,27654473992.0,7026274477.0
241520,DSC인베스트먼트,CFS,35915515754.0,38027950148.0,32147012526.0,36470828357.0,43392869244.0,43538234575.0,117418082675.0,114276128958.0,11473627048.0,10836436371.0,5566498765.0,1935493341.0,4368217274.0,1029373263.0
241690,유니테크노,CFS,60455427012.0,61025635270.0,70880925229.0,66499072985.0,95885001199.0,91677587612.0,138547920548.0,139377141598.0,28029905005.0,27771838895.0,1026826663.0,3450536943.0,512295577.0,4300336234.0
241710,코스메카코리아,CFS,294732193420.0,255492679362.0,239491360061.0,170560154777.0,288680525668.0,210310233758.0,291448079425.0,307639274077.0,161733978593.0,143769968969.0,23016587256.0,18093595214.0,10796450502.0,16309165885.0
241770,메카로,CFS,86289381424.0,88106893926.0,10574075523.0,12039829928.0,13911435777.0,15101861547.0,198015695164.0,192481453545.0,22898120774.0,13690359419.0,3397142180.0,464953514.0,3147668463.0,358458716.0
241790,티이엠씨씨엔에스,CFS,95306230950.0,95837162924.0,42562106796.0,44044658220.0,43884701772.0,45865974770.0,115965841704.0,115264648667.0,52381877206.0,34279106252.0,4173462238.0,-1929340910.0,341856902.0,-1614286253.0
241820,피씨엘,CFS,5354898154.0,7785377198.0,10073148075.0,11116633878.0,12941551381.0,14460325889.0,2510036573.0,7116364807.0,1675542216.0,345346059.0,-4147497137.0,-2907442020.0,-4460702949.0,-3258522189.0
241840,에이스토리,CFS,28690727279.0,39761865364.0,10492847182.0,14638980289.0,10941339935.0,15248738373.0,52918860434.0,56462733672.0,3873173493.0,1353334545.0,-1241045605.0,-907908437.0,-1674814333.0,-999496264.0
242040,나무기술,CFS,59901658197.0,53085438434.0,56807919482.0,52192620149.0,67663587682.0,57067020268.0,37665420210.0,40012191968.0,18046739069.0,22312367464.0,-1223050654.0,-1016923871.0,-1865934914.0,-1729603664.0
243070,휴온스,CFS,276394393727.0,256909332839.0,163496925617.0,153495824595.0,247159296742.0,255690371372.0,388373059299.0,350594854563.0,156030261805.0,148980710805.0,13057468872.0,9309137888.0,11847619291.0,8088546779.0
243840,신흥에스이씨,CFS,213284165474.0,208305012653.0,296787543332.0,289057679544.0,526608031313.0,517334309661.0,339093948068.0,358403579067.0,102695286684.0,114069891441.0,2139393360.0,6149760949.0,-12176791259.0,7821040041.0
244460,올리패스,CFS,1745811553.0,3289219301.0,14081189599.0,11001062042.0,14667565543.0,14422352888.0,4065227162.0,11857420414.0,159069586.0,3300000.0,-2307580520.0,-3210435974.0,-9846449009.0,-3404574288.0
245620,EDGC,CFS,15373511494.0,44849830294.0,39021706373.0,114989528118.0,46298358861.0,130480533738.0,6414857220.0,4401474997.0,2169651218.0,7682879722.0,-563949401.0,-2644136967.0,5469349643.0,-2275202077.0
246250,에스엘에스바이오,CFS,8205827950.0,9789248358.0,1171142205.0,1474453077.0,3339601928.0,3845419216.0,11116663563.0,12513139320.0,1592296064.0,2375042477.0,-674358595.0,296572333.0,-1189014764.0,351613409.0
246690,TS인베스트먼트,CFS,61614570811.0,38604023554.0,13396086720.0,2543874075.0,27328665442.0,8435390155.0,87643356366.0,87211026207.0,5917541545.0,4085412126.0,,,352388806.0,-147184160.0
246710,티앤알바이오팹,CFS,20347155195.0,26293869160.0,44494305198.0,40846083219.0,75717552045.0,74241955240.0,19202877847.0,24211060303.0,6536306056.0,1360461106.0,-1915300110.0,-4189162535.0,-4289642471.0,-955774043.0
246720,아스타,CFS,10748775955.0,6461013696.0,4238330926.0,1787027884.0,6815610375.0,4411971853.0,5233575281.0,4147828147.0,354009097.0,732719582.0,36278215.0,-1049737444.0,-73326945.0,-1057314649.0
246960,SCL사이언스,CFS,24560882036.0,5453263884.0,11011404573.0,3457370122.0,33189988142.0,8540100536.0,25886137515.0,15517324182.0,4493689608.0,1005093941.0,-1371305909.0,-971798074.0,207381530.0,-984428575.0
247540,에코프로비엠,CFS,1690911715707.0,1377994380074.0,1627107763131.0,1297207589056.0,2837248494489.0,2346640328950.0,1944566113456.0,1977019769174.0,779716508199.0,809516920383.0,49000956082.0,3891624609.0,34265184612.0,6945050188.0
247660,나노씨엠에스,CFS,15116958834.0,16418192623.0,10330730990.0,10889932788.0,11538025692.0,12043475755.0,17882700979.0,19230884353.0,1056985198.0,598211149.0,-713157376.0,-2584267062.0,-1328160007.0,-2680078744.0
250000,보라티알,CFS,122294339715.0,117038563492.0,99717187330.0,70985982265.0,108616566792.0,76020437712.0,93558189013.0,93152883708.0,26250353422.0,22305505780.0,2904841559.0,3523581317.0,2203407430.0,2316048271.0
250060,모비스,CFS,43907985069.0,46320331779.0,9473810009.0,3200863998.0,13286847456.0,15064285787.0,34583099283.0,35078917575.0,1691571755.0,1098758878.0,-548716349.0,-915904711.0,-231427401.0,-868067496.0
250930,예선테크,CFS,20736123459.0,19085816332.0,15005171295.0,26940481336.0,40617346990.0,37031288256.0,13716633125.0,16290238085.0,9263738215.0,13779803760.0,-730190725.0,-349747735.0,-1411158496.0,-431126389.0
251120,바이오에프디엔씨,CFS,52966469291.0,50846560431.0,2738690749.0,3979883918.0,2983480851.0,4184249316.0,66522246203.0,63131418006.0,4681164830.0,3929105344.0,1843277141.0,1227377481.0,1774471082.0,600368294.0
251370,와이엠티,CFS,102120752022.0,115105128632.0,87751522396.0,79324814519.0,166391329489.0,153982031880.0,193627353567.0,196584642530.0,35101321408.0,34813433883.0,4021618359.0,922054764.0,2058312644.0,-4439510080.0
251630,브이원텍,CFS,72907224890.0,75978877511.0,48088943473.0,53517804340.0,57976016437.0,58480374101.0,130743513927.0,139767466933.0,13426814639.0,15302792187.0,-3674857192.0,-1527646498.0,-4389995336.0,-1201899261.0
251970,펌텍코리아,CFS,217055684554.0,196153341753.0,86830614665.0,76823837782.0,107429643578.0,86947660467.0,339101516947.0,320629065568.0,105420763329.0,85509800530.0,19427710096.0,12733913766.0,13058002336.0,7237588067.0
252500,세화피앤씨,CFS,35945645377.0,36623159207.0,4896416617.0,4078616896.0,5149290788.0,4220279825.0,39281158248.0,41301720750.0,10525805121.0,12235514533.0,265029082.0,1797285406.0,248815129.0,1708232897.0
252990,샘씨엔에스,CFS,62847844078.0,64050013935.0,25854206879.0,25029266285.0,75009639484.0,78179837873.0,148893951460.0,143987757154.0,18715609877.0,13530137307.0,3454013725.0,3044311205.0,3214532527.0,2150620910.0
253450,스튜디오드래곤,CFS,223886343445.0,393799198479.0,136865295669.0,169437693840.0,211854585610.0,185882470870.0,767887380413.0,739624004353.0,114491407434.0,137120041113.0,-2915558439.0,10453746889.0,-3728536979.0,8152213902.0
253590,네오셈,CFS,84196887683.0,99134188693.0,12803665333.0,22315072961.0,15680357263.0,26009826668.0,112191070400.0,115895048429.0,16326681894.0,9948872690.0,494518119.0,-1557105444.0,-1572372084.0,-316318875.0
253840,수젠텍,CFS,52555316390.0,64147450523.0,4665118326.0,7780683591.0,10548088804.0,10345572670.0,88991807731.0,97295411802.0,3173084426.0,1557244303.0,-4890142456.0,-4835141461.0,-5273063554.0,1721244823.0
254120,자비스,CFS,24046191893.0,25855645114.0,8129537335.0,9727622691.0,8961896796.0,10534376696.0,28190067166.0,28757686508.0,9007680642.0,12083971588.0,151906766.0,1391903722.0,-148273748.0,1178932065.0
254490,미래반도체,CFS,146547502036.0,126147050433.0,49742095855.0,32573493581.0,63713766824.0,47427063347.0,93119992041.0,85879275201.0,142751239613.0,132269840960.0,3776650159.0,3005640300.0,2927335272.0,1673048420.0
255220,SG,CFS,108219416900.0,116211873984.0,104330404775.0,122797695112.0,133452613087.0,146058452533.0,96967041333.0,86774282733.0,35137804034.0,33355571099.0,2152677787.0,-1077032021.0,3484573713.0,-3956182227.0
255440,야스,CFS,57589047870.0,65237847544.0,34544317997.0,31064681485.0,36243250676.0,37816610253.0,127679134087.0,137355569495.0,6147532917.0,7294642251.0,-4168392951.0,-3589717012.0,-3692846402.0,-2632496715.0
256150,한독크린텍,CFS,33709569594.0,33714730419.0,6443293134.0,5714815256.0,7526861810.0,6156643067.0,56545686945.0,56769464758.0,17931623680.0,17680647228.0,1110069903.0,1062534004.0,897343624.0,1155593098.0
256630,포인트엔지니어링,CFS,48406049089.0,46770169242.0,15225215696.0,9553850475.0,27087830073.0,25477393167.0,72046470628.0,72400589327.0,9208888546.0,7720940074.0,119355642.0,-123183654.0,-610244786.0,422759842.0
256840,한국비엔씨,CFS,138443613935.0,126096362665.0,17185116222.0,19661137239.0,39000871051.0,30584078223.0,242847385807.0,236490269805.0,24631230053.0,22717617081.0,1593376754.0,4444302332.0,280939602.0,148271840.0
256940,킵스파마,CFS,110222533172.0,70713984358.0,72181585512.0,85793163964.0,122137312948.0,103573748437.0,88821687316.0,63415268200.0,43342809468.0,31508308460.0,-976067528.0,3083355555.0,717749205.0,-1362334699.0
257370,피엔티엠에스,CFS,30585140058.0,32406231083.0,18116730381.0,19035441162.0,27631462078.0,28522887724.0,27318016527.0,28147222667.0,3638070000.0,5931649990.0,-771767689.0,584712284.0,-967945783.0,514341922.0
257720,실리콘투,CFS,431060803139.0,297095793185.0,112638187847.0,189336374914.0,235588213856.0,196171192588.0,357490694886.0,261587951523.0,265286436523.0,181360484748.0,52181838032.0,38940941740.0,35599494171.0,33348953174.0
258610,케일럼,CFS,39404612445.0,36511387666.0,28685364771.0,21829500971.0,43470089861.0,41814179270.0,45320153583.0,44979881066.0,17121482583.0,17868990425.0,1123933606.0,276122814.0,-310448891.0,7754801844.0
258790,소프트캠프,CFS,9949787235.0,11208365068.0,8819162663.0,8754759138.0,26077610471.0,27669420871.0,11106012695.0,11650825883.0,5090332577.0,3882104411.0,153559294.0,-1254584369.0,-305193878.0,-1966222091.0
258830,세종메디칼,CFS,15168861128.0,15480449756.0,6206601376.0,13073784540.0,24163289920.0,30153407648.0,24007645690.0,21590167663.0,4623123435.0,4435818474.0,739579701.0,-338460003.0,-140066572.0,-12949561932.0
259630,엠플러스,CFS,206676542637.0,227929854295.0,131380934899.0,166123580964.0,179392020703.0,208235679596.0,93396455730.0,84599173965.0,59597486351.0,18842751337.0,12237550217.0,-1506510364.0,6555609979.0,160029714.0
260660,알리코제약,CFS,88630911485.0,85334151704.0,75065104762.0,75195088432.0,94393027091.0,92683700268.0,79598521829.0,79679418062.0,50295309846.0,44927956064.0,1664279734.0,-4242694082.0,532752153.0,-2814709786.0
260930,씨티케이,CFS,67295208967.0,77475741296.0,37462915605.0,32347314442.0,59919030497.0,34661036271.0,152431073176.0,156518215203.0,22470338179.0,23124487040.0,230669951.0,720284528.0,,
260970,에스앤디,CFS,78669208339.0,74313203613.0,30923968102.0,24693901135.0,31442386470.0,24955580259.0,75061867612.0,68055114699.0,38133542260.0,28819673010.0,5994253235.0,5161130561.0,4929468125.0,4228031565.0
261200,덴티스,CFS,113621779594.0,111548233234.0,110081758966.0,97972137983.0,157835824690.0,156316552515.0,57000911470.0,57930431474.0,32402783788.0,30377675674.0,-308162764.0,2005687660.0,-5906695912.0,3827536413.0
261520,이지스,,,,,,,,,,,,,,,
261780,아리바이오랩,CFS,40306822937.0,44590429253.0,10661041396.0,9613448952.0,21643110481.0,19525695415.0,21359638534.0,27722306690.0,158616000.0,,-3061299745.0,-2061684939.0,-3786759777.0,-2712858431.0
262260,에이프로,CFS,193528476545.0,252354153325.0,231749174109.0,278829879390.0,294120958394.0,341590068482.0,66680709978.0,73062732650.0,33828063334.0,32464861268.0,-5424062736.0,-2116807775.0,-6610638496.0,-1754313647.0
262840,아이퀘스트,CFS,11862552847.0,13088789416.0,6021121418.0,4853403480.0,44822373464.0,8095910744.0,56149358310.0,54508843186.0,10561969494.0,8704886804.0,1039219543.0,265331489.0,798971594.0,-615520974.0
263020,디케이앤디,CFS,53331090345.0,55378406525.0,18883472339.0,24641768871.0,29188575159.0,30379030861.0,73052340760.0,76627415270.0,34014507272.0,26774626354.0,3381927119.0,2272339067.0,2059792151.0,1976813683.0
263050,유틸렉스,CFS,13332994569.0,23584521833.0,15910079161.0,18033137405.0,22006302798.0,24046058326.0,32825724968.0,42465058141.0,2329322744.0,2672256939.0,-5226876192.0,-5428739427.0,-3920615072.0,-5276867831.0
263600,덕우전자,CFS,58617155269.0,62910649281.0,78775824425.0,62487435114.0,111630575222.0,104141110872.0,100770683193.0,105384988284.0,31555968797.0,29291841429.0,-3608928018.0,350374374.0,-3757399988.0,1559745293.0
263690,디알젬,CFS,67764427518.0,71537614133.0,19098559198.0,22295896035.0,31703338903.0,35355543515.0,87156380681.0,86645972621.0,27170460853.0,27375340127.0,2833351165.0,2506332959.0,906011277.0,3365744621.0
263700,케어랩스,CFS,65597253529.0,99001173981.0,25999985057.0,84375208747.0,29082162263.0,88278881761.0,79357625082.0,54977853938.0,,,2574621698.0,-760379874.0,-732572445.0,-4755050977.0
263720,디앤씨미디어,CFS,68195883285.0,65736369972.0,17647703118.0,25062613279.0,19514341666.0,27168502128.0,89865201504.0,88096738098.0,24567590044.0,23907394667.0,4472167351.0,3958035621.0,448354906.0,3374542471.0
263750,펄어비스,CFS,409817610593.0,453262511474.0,196345043977.0,133158155310.0,315695280196.0,336846483610.0,776574146701.0,805974577846.0,79561794975.0,81761415546.0,-11778547886.0,-5834214303.0,-22700189087.0,9130932004.0
263770,유에스티,CFS,62606043238.0,61464514208.0,9410718959.0,8752177783.0,9583514046.0,9108512660.0,81753016340.0,81877813922.0,13866580750.0,18624348758.0,240458599.0,2804693951.0,430677311.0,2031197378.0
263800,데이타솔루션,CFS,48245950258.0,53913054320.0,30250985820.0,36369804921.0,30933781651.0,37902801240.0,31770353025.0,34017774839.0,22637610686.0,14685766370.0,340618568.0,-1176062275.0,579512138.0,-1050677301.0
263810,상신전자,CFS,64467999265.0,64671277556.0,33947021995.0,39185202137.0,34676895895.0,39556478591.0,50713886038.0,46676934755.0,31662629500.0,34193113232.0,999325613.0,512780266.0,-424143840.0,568716817.0
263860,지니언스,CFS,48832179734.0,51224547871.0,7396702858.0,9608186898.0,11858839048.0,12512888355.0,55776904240.0,56786413084.0,11426398906.0,11888600628.0,1056979749.0,1863742849.0,995864145.0,2163037637.0
263920,휴엠앤씨,CFS,28051164960.0,29035672703.0,15806297253.0,17594715570.0,16237786776.0,17995564144.0,44185985678.0,44028272684.0,13405724236.0,11003386234.0,776688612.0,1300415966.0,-34021545.0,1070971756.0
264450,유비쿼스,CFS,182391420537.0,174796247531.0,21467965337.0,19504204492.0,27044063896.0,25995250953.0,181822050078.0,176682622183.0,31783795598.0,22790829199.0,5551813018.0,1974655584.0,5395898915.0,3142242860.0
264660,씨앤지하이테크,CFS,126453002857.0,134450642489.0,53115245472.0,59946647875.0,53708822932.0,68507982917.0,125961533292.0,120689884613.0,39141384089.0,49392089725.0,3135240069.0,6379656994.0,1867589839.0,3924436639.0
264850,이랜시스,CFS,30133832236.0,32779752497.0,8996030810.0,10916178049.0,11577130973.0,13354487623.0,50921404841.0,52014625017.0,16333347114.0,17825953383.0,677967459.0,1597426223.0,631414079.0,1327383854.0
265520,AP시스템,CFS,327615768722.0,376133395125.0,164682629816.0,197254611488.0,210194605931.0,263246010514.0,329718999181.0,336527332589.0,110261927172.0,129289085329.0,2709440956.0,12648638420.0,-4512206334.0,15023091095.0
265560,영화테크,CFS,67476121791.0,65038865949.0,23001649593.0,31323100568.0,25491312301.0,32711319638.0,79195293454.0,74360416307.0,27540402429.0,26167513715.0,4794944570.0,4085750636.0,1070655127.0,4317078277.0
265740,엔에프씨,CFS,32705461932.0,27240651135.0,15995147180.0,14677384552.0,19645686515.0,18399148467.0,58850914033.0,55231481859.0,16781310037.0,11307234512.0,3077638051.0,-5896350288.0,2530042267.0,-4593097682.0
267320,나인테크,CFS,99093585999.0,104448651899.0,71103394260.0,65451919588.0,82718068097.0,101943407610.0,100506181073.0,84065961838.0,27750797280.0,22462634337.0,844885239.0,-932184432.0,-8218158560.0,16165991.0
267790,배럴,CFS,56651279799.0,58084848872.0,30130136956.0,29441291623.0,31821480562.0,31304317513.0,43885705466.0,43962800995.0,15524071814.0,17262159531.0,1400305867.0,2657888942.0,898897865.0,1424059525.0
267980,매일유업,CFS,648465357139.0,650201938406.0,299288237832.0,229273136636.0,421428702188.0,451043257327.0,588130955815.0,575240941477.0,458009548876.0,445198161688.0,12409705043.0,18368556091.0,14378551845.0,10252876856.0
269620,시스웍,CFS,12700827563.0,13378962431.0,40888373818.0,38404360809.0,42431196226.0,39592893739.0,-20587111324.0,-17093542623.0,3015305612.0,2913543117.0,-295968375.0,361976448.0,-1322870726.0,-3272030800.0
270520,앱튼,CFS,111978872726.0,190856343874.0,132802634864.0,125180023306.0,133121194131.0,125492277412.0,103037034080.0,80922383360.0,2834170056.0,5270187551.0,-3988712752.0,-1705454051.0,-22220449571.0,-2738383331.0
270660,에브리봇,CFS,38125141622.0,39059270548.0,41981009103.0,39906979664.0,52943016350.0,50839263515.0,63307632526.0,66887383990.0,8549685665.0,8977564240.0,96695634.0,-412062935.0,-3087963777.0,745889666.0
270870,뉴트리,CFS,55869797630.0,62154194751.0,12027808654.0,16823439351.0,26267968415.0,31587706913.0,107512405375.0,107742964205.0,25537549984.0,36186817531.0,206949698.0,8913615645.0,127246205.0,6484565138.0
271830,팸텍,CFS,27509065988.0,25300063058.0,15365436714.0,7475972415.0,29566316424.0,20990396586.0,61223117439.0,66807095100.0,5257456550.0,11142268683.0,-2029450520.0,-606971025.0,-2216655783.0,419980836.0
272110,케이엔제이,CFS,50133328513.0,57256221644.0,36777542645.0,46834920684.0,71696668633.0,85626865530.0,78798055678.0,71141683707.0,19950233983.0,15775448860.0,5181100846.0,4579839359.0,3582156339.0,3754974208.0
272290,이녹스첨단소재,CFS,261069454522.0,318097562933.0,177090213650.0,162167078578.0,383544591057.0,357438889387.0,497971310452.0,468531612904.0,111420095474.0,115730993529.0,22242723453.0,27613848609.0,12726397006.0,18605444583.0
273060,와이즈버즈,CFS,92851535219.0,101786541260.0,122965846144.0,121721994878.0,127745719689.0,134212040210.0,45521028524.0,47697384478.0,11131875247.0,7771709199.0,1918667100.0,-228308926.0,-1513582627.0,-1575954006.0
273640,와이엠텍,CFS,34407704885.0,33467703007.0,3906999598.0,3575096226.0,4065399618.0,3575096226.0,56232710170.0,55157005021.0,8874181612.0,7748633249.0,938332193.0,1319714577.0,1135981421.0,1647566474.0
274090,켄코아에어로스페이스,CFS,132681390142.0,159022728561.0,47237910239.0,49989611150.0,68910863323.0,69744900969.0,173912157418.0,183318684777.0,21589818643.0,23143296816.0,-1800799441.0,-241896180.0,-2555885380.0,413545254.0
274400,이노시뮬레이션,CFS,16969674302.0,12511392678.0,24728158073.0,11352439297.0,26343221711.0,25960761210.0,25915585710.0,21959050703.0,4645374457.0,1630968293.0,-172510863.0,-1852564155.0,-401731074.0,-2226035560.0
275630,에스에스알,CFS,20489174229.0,22697571840.0,2315443748.0,2681686536.0,3776768689.0,4170817759.0,26102148563.0,26712041874.0,3134867624.0,2416816294.0,3203957.0,-578266792.0,182454235.0,-275087848.0
276040,스코넥,CFS,8980913751.0,17820838641.0,5304458987.0,1858536863.0,5888711882.0,2150663437.0,14320119899.0,17386382650.0,,,-2460028585.0,-2212857556.0,-2213988435.0,-1938086173.0
276730,한울앤제주,CFS,33418044071.0,23356983186.0,37162267305.0,22886083378.0,39195714520.0,24791596284.0,9464547089.0,8298781016.0,3300169905.0,5167284741.0,-1458429770.0,-1581411422.0,-422738962.0,-1918406299.0
277070,린드먼아시아,CFS,22291434785.0,8723041005.0,498229844.0,299436871.0,7271699123.0,10769819103.0,59682259287.0,59210971083.0,1873464421.0,1288940108.0,1383655046.0,294105009.0,1026516796.0,264666164.0
277410,인산가,CFS,27683663336.0,31257343899.0,32261745641.0,14632278648.0,41574921643.0,36144342570.0,64078905779.0,65607066952.0,8535138348.0,7816876951.0,557532124.0,20909219.0,-509674481.0,75676534.0
277810,레인보우로보틱스,CFS,106698410259.0,113965181694.0,5186014186.0,5788485094.0,6798764671.0,7129702269.0,131402547849.0,132751303410.0,6223476913.0,3177346487.0,-2057342968.0,-2549333429.0,-1193095535.0,-1173708131.0
277880,티에스아이,CFS,267714894361.0,297476727017.0,192556653325.0,213759141945.0,225018378255.0,240704512502.0,123374973564.0,125388685329.0,55704298543.0,77025289330.0,2258819859.0,6916316170.0,-1539659307.0,10027148344.0
278280,천보,CFS,116621698124.0,247445272389.0,351869752877.0,489821657202.0,432366042901.0,592946027624.0,409418521440.0,414905026173.0,33088121261.0,35928554490.0,2891047285.0,1400378280.0,-5849627753.0,-22349550480.0
278650,HLB바이오스텝,CFS,51213050802.0,62477528002.0,22417352702.0,46284901503.0,46851879377.0,51515000068.0,110860652534.0,116813821085.0,17772828450.0,11924679352.0,-4307963910.0,-3263691312.0,-4569800661.0,-3339261093.0
279600,미디어젠,CFS,9952547881.0,8286196651.0,12795981434.0,9472621195.0,23198276805.0,20034409827.0,16161528627.0,18021966832.0,4858130963.0,3196777863.0,-1146166922.0,-1058515530.0,-1120834488.0,-987760272.0
281740,레이크머티리얼즈,CFS,138583701817.0,127529963803.0,129096968609.0,113875215680.0,229952533090.0,219962827446.0,130429535877.0,131371346090.0,31244737888.0,30724989677.0,4344284611.0,5057783803.0,1137805204.0,4364317294.0
282720,금양그린파워,CFS,85548131363.0,104724600578.0,62021663064.0,60513044205.0,67927451220.0,67604423315.0,87037431498.0,93988482167.0,56381811335.0,68791912055.0,194941584.0,904476869.0,1563457332.0,1470710038.0
282880,코윈테크,CFS,245155096571.0,280402134234.0,111174066357.0,116166450295.0,156743374834.0,157524039786.0,272370925781.0,280861843935.0,48098641619.0,69419540080.0,-196911041.0,9238085177.0,-4461639636.0,9151162604.0
284620,카이노스메드,CFS,7134103402.0,4604100651.0,4149630525.0,4698282487.0,4184522589.0,4867942729.0,7435661194.0,5873845423.0,176482090.0,176673668.0,-944958413.0,-3141651232.0,-1917255784.0,-3023861929.0
285490,노바텍,CFS,98387091805.0,124851949601.0,4102782807.0,7112831615.0,8336427127.0,12461553465.0,152825924346.0,170928685995.0,12099632515.0,15219971037.0,2170850791.0,3048254896.0,7365401482.0,5049186568.0
285800,진영,CFS,14155997583.0,15686092580.0,18928741353.0,10695669886.0,30120794255.0,26513542057.0,38139382597.0,41406959870.0,8017390465.0,7999412863.0,-249860962.0,-525777820.0,-1872497576.0,-94125693.0
286750,나노실리칸첨단소재,CFS,10396533933.0,3930132995.0,17649816513.0,7436461881.0,19913068786.0,11736763346.0,13569327840.0,16345270555.0,396197080.0,392715424.0,-1320935677.0,-1574053362.0,-1485478025.0,-921049383.0
287840,인투셀,CFS,34923376445.0,13495416721.0,6015920415.0,13508084741.0,19236516266.0,16189835320.0,25161382523.0,7521499774.0,39402451.0,1728874666.0,-3722416663.0,-985591330.0,-3868545311.0,-921513806.0
288180,케이피항공산업,CFS,33165190794.0,25029483921.0,31056690205.0,28350017048.0,61291103653.0,53156353279.0,16352703363.0,15901099490.0,15030259914.0,13007715049.0,2088625654.0,2489527049.0,1406070011.0,2212162408.0
288330,파라택시스코리아,CFS,34232394766.0,23360374555.0,2830880619.0,3874606990.0,4548505253.0,5927588110.0,39175693915.0,27564663503.0,,,-4652763091.0,-5469857640.0,-4587756380.0,-5751329492.0
288620,에스프리즘,CFS,87896182754.0,100838434771.0,46556030115.0,51269024776.0,48607167282.0,54193912267.0,62334925200.0,67800484596.0,4648441408.0,9916361581.0,-1481631145.0,-259704625.0,-3382444667.0,778325217.0
288980,모아데이타,CFS,25882701821.0,28796239419.0,51248941411.0,48106187839.0,52058575585.0,52058529253.0,32196003171.0,38170085874.0,3666268459.0,7430986559.0,-1590688842.0,128879998.0,-4145085795.0,1625704520.0
289010,아이스크림에듀,CFS,38278892606.0,42745747960.0,21762975135.0,35224325257.0,25030062841.0,38595165432.0,41875047828.0,38736622061.0,22931657298.0,25335546496.0,720655604.0,-1282259283.0,2779434647.0,-2479554551.0
289080,SV인베스트먼트,CFS,,,,,24784454586.0,21612509313.0,68982331036.0,68822108727.0,4322520649.0,7872662261.0,,,-314897725.0,438934282.0
289220,자이언트스텝,CFS,43973737259.0,55066054704.0,16616279397.0,16480032189.0,21004837061.0,21606970087.0,59118315530.0,70086887373.0,7791517419.0,14610545470.0,-8404740078.0,-5490500534.0,-8144821447.0,-4823382659.0
289930,웨이비스,CFS,39071431721.0,43153075008.0,23176881153.0,26043205749.0,31491940329.0,33399603523.0,29557996521.0,33624259710.0,8038844512.0,7378183110.0,-2497799005.0,-986887488.0,-2438325883.0,-1336589017.0
290090,트윔,CFS,37914241533.0,40165305912.0,5535724456.0,5889989629.0,5772747431.0,6145787244.0,64496954403.0,66171745117.0,6698824686.0,10467329985.0,-749030451.0,1226185044.0,-953128870.0,2049381101.0
290120,DH오토리드,CFS,158615844200.0,154333604470.0,149426749928.0,124036092115.0,187249640523.0,174719863771.0,97329055749.0,97526194232.0,88899205342.0,71762093771.0,6129935233.0,5531617217.0,1088360847.0,2863205401.0
290270,휴네시온,CFS,18869994509.0,19736247678.0,5542050236.0,7078879931.0,5831345753.0,7405371848.0,45454987288.0,45620187517.0,10498049395.0,9238450356.0,1797858533.0,982114378.0,1772655437.0,1505171537.0
290520,신도기연,CFS,54862129282.0,49429922451.0,19270768219.0,10359415113.0,20013655300.0,11198309155.0,53753706378.0,57372884990.0,748886474.0,3154628722.0,-990791872.0,-1102067911.0,-2732468494.0,300933688.0
290550,디케이티,CFS,169714904847.0,164005429938.0,98619907782.0,97856088178.0,106455715326.0,104002324800.0,185409733623.0,181756239964.0,118774781512.0,107707221771.0,8239833880.0,7596617901.0,5956390479.0,6789439866.0
290560,파라택시스이더리움,CFS,16607806249.0,18374436173.0,1910586966.0,2437773294.0,2265878308.0,2811081721.0,22037367744.0,22495933613.0,3172491076.0,2533279292.0,727930609.0,411383168.0,634209269.0,537106215.0
290650,엘앤씨바이오,CFS,141941974238.0,130188857877.0,136172136201.0,154708280372.0,166149647412.0,180875569755.0,323515485790.0,294725607694.0,20581453550.0,17838224620.0,-245095355.0,1888227624.0,-14276452750.0,1129100248.0
290660,다이나믹솔루션,CFS,39435634144.0,40829047136.0,39705738924.0,26804965017.0,46509453758.0,34104049972.0,23983514440.0,38254128198.0,6204957195.0,5378261048.0,515039617.0,-399637262.0,-15078343490.0,3284933398.0
290670,대보마그네틱,CFS,42094928240.0,37816484617.0,33246346642.0,26558497495.0,36178813615.0,29274470576.0,48767791545.0,52801268379.0,2031650994.0,5059420987.0,-2806452849.0,-1493777051.0,-3375711944.0,-533453338.0
290690,소룩스,CFS,24227760188.0,24528882834.0,42246869551.0,25629173405.0,42543916556.0,38966778530.0,70406381412.0,78334746345.0,9766572336.0,14171871171.0,-2797944492.0,-2286585152.0,-13550730165.0,-5493391827.0
290720,푸드나무,CFS,20286010984.0,41368153626.0,62149638143.0,92671700240.0,77976597365.0,105926181736.0,4824983385.0,2155995924.0,26291765023.0,34334809896.0,-2323315591.0,-745127028.0,-4726093620.0,-5871097301.0
290740,액트로,CFS,75577067793.0,64024659866.0,52648438465.0,39104404127.0,58726708748.0,44638506068.0,63894630275.0,69079314214.0,58295311755.0,40907562093.0,2769953281.0,24606301.0,147526840.0,1016256029.0
291230,엔피,CFS,21290644929.0,22077142898.0,19766063639.0,8402742129.0,19831010383.0,19531207981.0,30531407182.0,32703308836.0,,,-406893408.0,-1318465162.0,-500505447.0,2745495392.0
291650,압타머사이언스,CFS,12729961125.0,18832593523.0,933706755.0,3894500724.0,3586405016.0,6544648163.0,21678154875.0,25436323691.0,610912944.0,19698137.0,-1549537399.0,-1415714420.0,-1405465517.0,-3185120239.0
291810,핀텔,CFS,12693135495.0,17576098783.0,1873801553.0,1550725295.0,2342630002.0,2084325479.0,18770058841.0,20897908394.0,172242050.0,1902855938.0,-1546551606.0,-135447732.0,-1373499896.0,286182116.0
293490,카카오게임즈,CFS,1189517077250.0,1069083664606.0,712257680311.0,1199409097707.0,1713239904738.0,1694881787634.0,1433100659322.0,1478357269717.0,115808058731.0,152812522835.0,-8614530274.0,1066697190.0,-33586750752.0,-11679470600.0
293580,나우IB,CFS,,,,,64323449348.0,50526721943.0,103712133008.0,100579291819.0,-1743409855.0,34030102747.0,,,-2108407327.0,20852948376.0
293780,압타바이오,CFS,26729372159.0,34935395162.0,18360371702.0,19539914679.0,22212940689.0,23236553008.0,47501242215.0,54197060574.0,1122305404.0,1120327609.0,-4135918140.0,-3235168098.0,-4226901115.0,-7032536936.0
294090,이오플로우,CFS,8826193107.0,9178379922.0,134059189361.0,32766622529.0,143543178719.0,52135667463.0,-94717880086.0,5457201163.0,926791677.0,1917380230.0,-12006837412.0,-19131302324.0,-20709571468.0,-13273236886.0
294140,레몬,CFS,2945317323.0,6658958103.0,7065463627.0,7814313209.0,7065463627.0,7821513209.0,9250601679.0,12251661595.0,810078395.0,1357542766.0,-1313523545.0,-2041376943.0,-1521285070.0,-2003348732.0
294570,쿠콘,CFS,154519768164.0,136782332194.0,121047846610.0,106002548978.0,128047598565.0,116118060118.0,172074722791.0,146807135040.0,16729264788.0,21541626989.0,4665380485.0,4439208332.0,15378966817.0,3705070514.0
294630,서남,CFS,4664872911.0,3584721689.0,5020295954.0,2998392924.0,6348543944.0,4194871261.0,6338129197.0,7857811178.0,659741152.0,258750440.0,-1073158075.0,-1030476231.0,-1101657610.0,-1033967390.0
295310,에이치브이엠,CFS,64274774583.0,66524493759.0,42641065909.0,39525734752.0,58941591083.0,53501818738.0,70553311521.0,66111681371.0,16726700727.0,15543437668.0,3768816009.0,-30766058.0,2990518804.0,-144552088.0
296640,이노에이엑스,CFS,30578327531.0,34430297477.0,9650555896.0,13290707482.0,10664771496.0,14202184346.0,32452516301.0,32759317309.0,5295689737.0,5470146053.0,77960374.0,328661170.0,215930215.0,545862859.0
297090,씨에스베어링,CFS,71095752049.0,84571323960.0,38968382641.0,53193297071.0,39825516430.0,54194042303.0,88867246701.0,93841372625.0,31977929892.0,24751667361.0,2770328090.0,843622026.0,1710286264.0,3020761190.0
297570,아틀라스링크,CFS,34571193352.0,34544816150.0,11771563897.0,11573211176.0,19572138024.0,19489072629.0,41233514567.0,40374430233.0,6975244225.0,7972935959.0,1388134761.0,1390312284.0,-400906611.0,459795404.0
297890,HB솔루션,CFS,100729763972.0,87728833418.0,35776313078.0,41463033247.0,64016353013.0,72395045094.0,233873393379.0,220931632802.0,30015591060.0,47754279998.0,3806851441.0,9830240783.0,10744849623.0,-19380744915.0
298060,풍전약품,CFS,12835907083.0,1996075051.0,1942310560.0,5740681299.0,4085943546.0,8990887574.0,24375039926.0,14178820686.0,638795702.0,266666200.0,-902614800.0,-2471907125.0,3612900.0,-2723162791.0
298380,에이비엘바이오,CFS,139873357352.0,144151432332.0,59421637085.0,63360812897.0,60356366529.0,64695919270.0,183828862302.0,167279783243.0,75742027513.0,8441925882.0,40728058802.0,-11282493926.0,39775814740.0,-11408711065.0
298540,더네이쳐홀딩스,CFS,257126231435.0,304791316765.0,221841350843.0,252298612686.0,264764337512.0,298690086300.0,395379622577.0,399624489570.0,96752732886.0,111230575905.0,-383909179.0,6795477636.0,-4270384655.0,6037893254.0
298830,슈어소프트테크,CFS,68640991766.0,70557518445.0,42948832245.0,42689327318.0,56806337428.0,56277933087.0,104734423687.0,106086743006.0,,,188329762.0,-234998313.0,531895394.0,2447289086.0
299030,하나기술,CFS,93223018411.0,107096535068.0,112922883018.0,114713316384.0,137360257178.0,142119388158.0,87435526950.0,97928221707.0,17236371030.0,13174055108.0,-3052609027.0,-6140888844.0,-8485787549.0,1842809289.0
299170,더블유에스아이,CFS,27195769178.0,26351958968.0,31653871204.0,33828415889.0,39158975961.0,39661338317.0,49201689176.0,45737242581.0,12984437596.0,8445459566.0,1113103897.0,956339554.0,-2430816948.0,174392737.0
299660,셀리드,CFS,34241070377.0,11449766232.0,3295510759.0,4942718962.0,30923035620.0,24883365624.0,81029803477.0,51203097973.0,2129016963.0,599218844.0,-2410063845.0,-3241446306.0,-2510432751.0,-2612805720.0
299900,위지윅스튜디오,CFS,78541428303.0,87432972058.0,104507316991.0,113680161716.0,111426238076.0,119907609891.0,160594294738.0,173594845994.0,24507435830.0,6855355470.0,-3297652598.0,-4831931009.0,-6600964431.0,-7589574564.0
300080,플리토,CFS,17928540820.0,13906194568.0,3366210392.0,2637297295.0,5938320338.0,5520382637.0,13626761184.0,11017615321.0,9378409776.0,3660747483.0,2429769159.0,-1414030890.0,2325685239.0,-1077448858.0
300120,라온피플,CFS,68049342545.0,85968296288.0,99599632598.0,93256797668.0,113460362392.0,111998981758.0,27013379012.0,45600288551.0,63995907427.0,63952734388.0,-4548046935.0,-3234924521.0,-7187845593.0,-1308527737.0
301300,바이브컴퍼니,CFS,15751795746.0,17441857795.0,15876122052.0,16632916454.0,26347923346.0,28708602038.0,61145592513.0,59972519103.0,3804155759.0,6245645894.0,-1169228561.0,-2223226993.0,2788420531.0,-4322141408.0
302430,이노메트리,CFS,50716114784.0,53543483339.0,11831230794.0,13287800532.0,12306556659.0,13874286492.0,62371909401.0,63757426697.0,10615803742.0,16347331161.0,988827146.0,1536337283.0,559240775.0,2667917684.0
302550,리메드,CFS,29127452504.0,28652423354.0,11309931574.0,9037335464.0,13771894663.0,18792725867.0,40686953106.0,40270228483.0,5554313203.0,7757188346.0,24896013.0,1431825582.0,-216859389.0,972127394.0
303030,지니틱스,CFS,19714893195.0,21624390842.0,10370870420.0,9264751266.0,12026628039.0,10689650944.0,15198428800.0,16939159315.0,9540610882.0,13830942158.0,-2205564681.0,776065579.0,-2592282308.0,883780473.0
303360,프로티아,CFS,20698306180.0,18729903323.0,1683362959.0,1237482744.0,2093863003.0,1651268712.0,27720890606.0,26207201144.0,3844759863.0,2455668467.0,1043526593.0,573595686.0,787126107.0,987693774.0
303530,이노뎁,CFS,52801377922.0,37138476041.0,34501329209.0,21849289835.0,43022253500.0,26123052410.0,34063990681.0,37259493101.0,19650403650.0,25990343441.0,358724353.0,657381981.0,361332635.0,697672105.0
303810,동국생명과학,CFS,130377877286.0,115657933963.0,54413363022.0,62881472906.0,78064283721.0,86433362545.0,128106336816.0,105224367242.0,34888709470.0,34043813953.0,3212127188.0,3090344331.0,2851559826.0,-1401263037.0
304100,솔트룩스,CFS,33299314719.0,41984834111.0,9181469030.0,8458928915.0,21222299055.0,20565283068.0,63354675143.0,72670846244.0,7013700095.0,12296891930.0,-3280491447.0,-3927911356.0,-3360186582.0,-2899836065.0
304360,에스바이오메딕스,CFS,25495484089.0,29271504264.0,11728346979.0,11769801133.0,27217924054.0,26289340327.0,14914081047.0,18311414439.0,4806750916.0,3299397194.0,-2046020335.0,-1248959396.0,,
304840,피플바이오,CFS,12592746184.0,17076057809.0,16471049458.0,16554257608.0,19490469975.0,19453943049.0,2962924257.0,7620626223.0,732686813.0,1367123726.0,-1975516066.0,-3038017702.0,-1472787810.0,-2991374272.0
305090,마이크로디지탈,CFS,33141189013.0,38389661970.0,10476424040.0,6333165775.0,20985885197.0,25073047730.0,30597441767.0,29135753467.0,3239964497.0,2425047987.0,-2107253959.0,-783145242.0,-3429527548.0,655518812.0
306040,에스제이그룹,CFS,94540220308.0,110450617285.0,41545100769.0,49850687689.0,83793292483.0,91721160609.0,122994186848.0,130435840260.0,44568609726.0,52501616059.0,-3607848431.0,2876875562.0,-2589608163.0,1736669135.0
306620,지아이에스,CFS,85472090929.0,70920905593.0,84071208886.0,66506978649.0,98220093946.0,83051233434.0,59138080899.0,59489235196.0,23985510501.0,24292620436.0,945326880.0,1059133622.0,315671185.0,659757184.0
307180,아이엘,CFS,52767834027.0,51528933807.0,107534008625.0,103464324411.0,123609679027.0,120460761227.0,20693733024.0,17769612991.0,28904020998.0,26234931164.0,-2410462243.0,2695191394.0,-1283876485.0,3655062325.0
307280,원바이오젠,CFS,24175160554.0,21657175537.0,4182377621.0,3307175118.0,4526931786.0,4001792967.0,39250568492.0,37267525192.0,8396982169.0,7995498277.0,1892290634.0,2048149428.0,1448049165.0,1622752395.0
307750,국전,CFS,96178692401.0,105189432131.0,76134134711.0,88576286321.0,101556492512.0,114773521886.0,100625071580.0,97499291613.0,33338734540.0,33703875438.0,-792386909.0,426602194.0,-29065382.0,2026378281.0
307870,비투엔,CFS,7701344568.0,21028167487.0,16965537092.0,13476695905.0,20143298962.0,22623736494.0,29680374684.0,34082123517.0,4320917075.0,6442737150.0,-1409672205.0,-969671866.0,-1441722961.0,-4106494341.0
307930,컴퍼니케이,CFS,,,,,2984835259.0,2787762410.0,78238047561.0,74576665529.0,4423770869.0,3329209781.0,,,2154128486.0,755713670.0
308080,바이젠셀,CFS,41129762463.0,45877157770.0,7883849155.0,8001864099.0,9300253634.0,9320615476.0,51587520554.0,58025759633.0,622300.0,55000000.0,-5656332974.0,-3590822650.0,-5403196776.0,-3090182057.0
308100,형지글로벌,CFS,49607611701.0,41886303389.0,26149218315.0,38588583997.0,44073647024.0,48713534549.0,49210788812.0,40424273974.0,10129302109.0,10874099754.0,-963014678.0,-1554283351.0,,
308430,셀비온,CFS,29569680543.0,31571071898.0,1038636869.0,1067368949.0,5479584163.0,4832786544.0,26386893384.0,29575125706.0,404458064.0,344057063.0,-2084107498.0,-1759648253.0,-1893065492.0,-1761787558.0
309710,아이티켐,CFS,47158172615.0,52122344495.0,68185894007.0,54923565691.0,92474228880.0,77779113968.0,53823373510.0,56364248175.0,19830389498.0,15066444803.0,-724573747.0,3208065587.0,-1837100918.0,2324874691.0
309930,조이웍스앤코,CFS,37653193337.0,39345442921.0,23615758442.0,22422415159.0,30658460364.0,23308313671.0,28371569793.0,29449271860.0,8156149583.0,11997482754.0,-2012224166.0,-536792931.0,-2211530027.0,2580106729.0
309960,LB인베스트먼트,CFS,19950285558.0,24901895912.0,2246708412.0,1705766435.0,11472376046.0,10619625110.0,117331893539.0,119034309285.0,6884705259.0,5475432781.0,2641997957.0,2304260222.0,2132501008.0,1916864583.0
310200,애니플러스,CFS,89141031848.0,86945383885.0,91513501615.0,87744015631.0,123737056929.0,131747055312.0,138600557537.0,123840833000.0,28611388204.0,34327564982.0,3056197659.0,8114423029.0,2189160369.0,4427984320.0
310210,보로노이,CFS,33514623834.0,56455763879.0,4188847366.0,6770470705.0,4716149765.0,7246106380.0,46636288201.0,66412537872.0,3350250000.0,0.0,-10161278152.0,-8637806222.0,-10483122254.0,-7739630031.0
310870,디와이씨,CFS,57062125851.0,51094123842.0,46810624853.0,40703498704.0,58058789494.0,52553955986.0,51838010732.0,50733716670.0,25761321264.0,25157693064.0,469125014.0,1830236503.0,-197880363.0,136064231.0
311320,지오엘리먼트,CFS,35750281607.0,34068472214.0,12778694084.0,10695879226.0,16246040015.0,13992787132.0,57908964396.0,56142155665.0,12737537622.0,13389375358.0,1168308422.0,1650225177.0,976356349.0,1387348327.0
311390,네오크레마,CFS,81841538780.0,75543202099.0,18869405476.0,19477920275.0,36567187003.0,35316636730.0,145796341042.0,143021367673.0,21446145250.0,6279133424.0,3266164463.0,-648346969.0,1461435557.0,3362618675.0
311690,CJ 바이오사이언스,CFS,62912713257.0,76761523867.0,13982594384.0,18525156441.0,17210116356.0,21853224711.0,65194748172.0,77756531694.0,783801231.0,776743543.0,-6953570099.0,-8060732781.0,-6884502912.0,-7729946415.0
312610,에이에프더블류,CFS,16514576179.0,21252711279.0,9853288766.0,9936157514.0,18266725743.0,13923407514.0,52526071753.0,57325191040.0,3646894141.0,4423802620.0,-2472505445.0,-1278281396.0,-2809476661.0,-949880159.0
313760,캐리,CFS,18051232907.0,8839486555.0,33573669606.0,19676618447.0,36141491699.0,22175056604.0,26728793560.0,20057438112.0,1731506808.0,1900890431.0,-1146893893.0,-1600723857.0,-2606546261.0,-7332646889.0
314130,지놈앤컴퍼니,CFS,68582394050.0,91927843407.0,22925338921.0,29812403924.0,40290361927.0,48270190647.0,102066466015.0,99064606738.0,5808631236.0,11627540112.0,-7409554580.0,-1708301692.0,-6836533982.0,897919947.0
314140,알피바이오,CFS,60350055049.0,61112289811.0,44973299906.0,51175295693.0,52765868185.0,57196304183.0,105031294401.0,102303102155.0,35699362050.0,32079041752.0,2324584992.0,484413700.0,1847098452.0,119290069.0
314930,바이오다인,CFS,21207272769.0,22361012419.0,406260583.0,1147678781.0,406260583.0,1147678781.0,42660678076.0,43199550537.0,1791363876.0,1232296177.0,298992200.0,-278413732.0,-103962453.0,150104448.0
315640,딥노이드,CFS,16074329674.0,19392727539.0,4311707560.0,3708287196.0,13704254887.0,12932503941.0,15598287982.0,19041473121.0,3671294120.0,3871787087.0,-233284965.0,-2742238526.0,-32548985.0,-2349705153.0
317120,라닉스,CFS,5843238226.0,6153547590.0,19701713349.0,14247444680.0,26801203184.0,23529974126.0,15742544560.0,19554595672.0,1501318719.0,2031337794.0,-1920986648.0,-1226115701.0,-2419846488.0,-1590453522.0
317240,TS트릴리온,CFS,10071574569.0,14122903786.0,26197604763.0,26324619301.0,32737140830.0,33411038188.0,24333793545.0,25527420417.0,5507200585.0,7361947499.0,-677769841.0,-106815140.0,-1176320019.0,-804467652.0
317330,덕산테코피아,CFS,153212224712.0,173538936995.0,374338280496.0,338096388841.0,460534349945.0,457247657885.0,171361738901.0,205743613594.0,28966831580.0,23528213895.0,-8714319572.0,-5882494535.0,-7807731839.0,-44537376033.0
317530,에피소드컴퍼니,CFS,4086558083.0,10187919704.0,8268813089.0,5772073157.0,8737655930.0,6279297819.0,8333887976.0,12062624773.0,2362360886.0,1566164412.0,21563223.0,-953988017.0,-249595375.0,-784784582.0
317690,퀀타매트릭스,CFS,18344242426.0,19186995202.0,18929776582.0,3544913040.0,20447673843.0,20295852520.0,4743552861.0,6530650499.0,897511800.0,607101282.0,-3456853261.0,-4120507994.0,-5942744550.0,-2620982599.0
317770,엑스페릭스,CFS,13983375054.0,35002754706.0,14760408784.0,37709036638.0,15411593431.0,38438625756.0,81438272361.0,58553196018.0,3495467245.0,2811908428.0,-1223209699.0,-1437262173.0,-13569862022.0,-2903697155.0
317830,에스피시스템스,CFS,53037899562.0,58127693416.0,23552014476.0,28059589585.0,27831898688.0,32143422467.0,64319434195.0,66428307411.0,15295840152.0,16728343444.0,-614029577.0,-1412772847.0,-666580449.0,-1179288054.0
317850,대모,CFS,28350748341.0,27287190495.0,11244947905.0,10924102606.0,14705448459.0,15046298985.0,47807731607.0,46459470438.0,13313427615.0,10470095171.0,2046184535.0,92381407.0,1193230844.0,103958082.0
317870,엔바이오니아,CFS,23634353670.0,11003142144.0,29339114014.0,9143633804.0,39601706083.0,19337545595.0,44364935770.0,45552083927.0,2873962433.0,3426459661.0,-1655593594.0,-469558311.0,-350516797.0,-485722878.0
318000,KBG,CFS,27200415598.0,27821190765.0,3529118437.0,5587189325.0,4801559945.0,6726424496.0,45836029511.0,44912890189.0,6240223694.0,6435966938.0,1123285309.0,1672147437.0,1085125108.0,1462655027.0
318010,팜스빌,CFS,40429546005.0,41233896691.0,1955780484.0,2165219271.0,2332189890.0,2515698346.0,65422847676.0,64624250914.0,3337598608.0,4089108879.0,88540277.0,-389743370.0,1105394593.0,-440106716.0
318020,포인트모바일,CFS,44220538869.0,51315749877.0,13540202159.0,15533803790.0,31567612778.0,32398975496.0,43123533362.0,49503300407.0,17062528453.0,16731631042.0,-1302350663.0,-360738784.0,-2408133522.0,-1955969571.0
318060,그래피,CFS,5317747817.0,11155227606.0,18259307830.0,17803882840.0,18564659776.0,18130026894.0,-2701737803.0,3857208904.0,4379887082.0,5218635907.0,-2523231579.0,-1940667954.0,-2936168366.0,6011658477.0
318160,셀바이오휴먼텍,CFS,25585873282.0,23992467979.0,7175763972.0,6283748731.0,7366005134.0,6493151730.0,46935281524.0,46411684485.0,13987778412.0,7129539995.0,3019516279.0,865297085.0,1621279761.0,818563243.0
318410,비비씨,CFS,49756241436.0,47762422114.0,8848508298.0,10197123155.0,13622406183.0,13511504341.0,78536644238.0,76796619525.0,11938283791.0,14204815283.0,1930579489.0,1310256812.0,815884497.0,949014671.0
319400,현대무벡스,CFS,161097144065.0,219728807130.0,80228809511.0,110172629648.0,98102376680.0,126722489340.0,152429835845.0,172142776675.0,98851089054.0,72648997628.0,4451307546.0,4849725826.0,4100240269.0,415144884.0
319660,피에스케이,CFS,405670805448.0,398573268975.0,82133016350.0,81154312944.0,98355410593.0,97639459052.0,493515694294.0,471716805682.0,108451042678.0,97133170697.0,20563963939.0,22782012785.0,18617070177.0,19656990098.0
320000,한울반도체,CFS,35666536709.0,25662442537.0,5925382121.0,6471468428.0,13933095601.0,13893934545.0,46471420380.0,37529726599.0,1391160375.0,3705833981.0,-1754861824.0,-343902898.0,-3524210940.0,-3577975893.0
321260,프로이천,CFS,32690605696.0,35371787298.0,2529489584.0,4731900135.0,4112610605.0,5621583825.0,39896843549.0,40525546121.0,8180122858.0,15515405278.0,-110930693.0,1700587695.0,-1309158385.0,2589925172.0
321370,센서뷰,CFS,9799358990.0,22301961036.0,19498540359.0,9056692070.0,23806082706.0,23540531300.0,11825848940.0,19174026284.0,4254017707.0,3973879915.0,-3707453873.0,-2609947564.0,-5073238218.0,-2804183062.0
321550,티움바이오,CFS,60592166273.0,58914024451.0,40483137808.0,39340083982.0,67308435510.0,56538781273.0,41713861653.0,50759701043.0,2613329965.0,2186471118.0,-3494996086.0,-4486544110.0,-2256878189.0,-13870963224.0
321820,아티스트컴퍼니,CFS,30900759162.0,26881434187.0,25065018665.0,16568131764.0,37713865277.0,29302511044.0,42964065062.0,23289400124.0,19268083410.0,9242867138.0,-516663233.0,-596162687.0,4609408382.0,1039746698.0
322180,LS티라유텍,CFS,43083957806.0,50829506156.0,38385946059.0,40057831358.0,42636630115.0,45155096386.0,40642705555.0,38389333622.0,15417795370.0,14915292935.0,130489549.0,-1257695430.0,-805055196.0,-686058827.0
322310,오로스테크놀로지,CFS,45937069196.0,52670057861.0,16109041448.0,20494443392.0,22686731087.0,26228934890.0,67311853592.0,68177499303.0,13867760103.0,12026111735.0,-662363809.0,-522557997.0,-1000653390.0,-339614510.0
322510,제이엘케이,CFS,44171313826.0,48626411657.0,24121101443.0,8822191148.0,25985790889.0,25277102539.0,43866458066.0,49315966460.0,1063067682.0,228170221.0,-2892730404.0,-3028482834.0,-2823587592.0,-3290865325.0
322780,코퍼스코리아,CFS,29541117359.0,31553229810.0,54426318647.0,50026543979.0,55479455138.0,54497575555.0,25329964137.0,32173332516.0,2498237749.0,15627147878.0,-3139662416.0,-8788503203.0,-5823731137.0,-6070589846.0
323280,태성,CFS,99997278714.0,33588382260.0,19275251346.0,22129721055.0,35769061244.0,38631625665.0,128125921737.0,40982352292.0,8638342867.0,14551125283.0,-1178848560.0,2696804791.0,-767777993.0,1322542851.0
323350,다원넥스뷰,CFS,22171293773.0,21721642531.0,12121099169.0,11727846455.0,13045348933.0,12703052668.0,16027332890.0,15316367358.0,5959765405.0,5025160349.0,597105036.0,-203617264.0,606113643.0,-5712257033.0
323990,박셀바이오,CFS,37127602487.0,39104917810.0,2921466940.0,2820284510.0,4993946533.0,4949899845.0,67815965072.0,71994122333.0,1986036863.0,29239132.0,-4104596182.0,-3914400371.0,-3821999579.0,-2445021087.0
327260,RF머트리얼즈,CFS,72091111130.0,81813441385.0,23205323252.0,32486744500.0,33158570058.0,43684875796.0,74515402990.0,69846676823.0,16563164568.0,11385585942.0,1873048782.0,-602118808.0,2172326082.0,-509014068.0
328130,루닛,CFS,87924132205.0,111882055343.0,253601218491.0,252412814540.0,271146376337.0,270179666779.0,141863537925.0,162734811828.0,17874628422.0,12230018629.0,-21109356694.0,-19949738914.0,-34959577689.0,13965879270.0
328380,솔트웨어,CFS,19585565428.0,18437752923.0,13014227159.0,11654791487.0,14977143386.0,13582032914.0,22656240710.0,22987863027.0,14353238092.0,15651995184.0,93569766.0,-17364080.0,-51824382.0,71367615.0
330350,위더스제약,CFS,67605645944.0,61172563834.0,35449919015.0,33937628613.0,42308388250.0,41570761654.0,96071768037.0,93116677064.0,26245178118.0,26257583158.0,830505734.0,184503184.0,1295851031.0,-271897868.0
330730,스톤브릿지벤처스,CFS,14315760041.0,19388876521.0,1745887454.0,2529239863.0,6501205355.0,7152897406.0,84144556309.0,85889350235.0,5110749980.0,7747020082.0,2265214569.0,3667488127.0,1506874749.0,2855144781.0
330860,네패스아크,CFS,80383544253.0,75675925898.0,27218298763.0,50506523691.0,119126496597.0,146860122660.0,165828256216.0,165381268341.0,32542848065.0,34011661452.0,4566982064.0,2825008562.0,1641153974.0,-13676591454.0
331380,포커스에이아이,CFS,24788813229.0,32324370988.0,30411569975.0,26596642027.0,31608014418.0,32134138324.0,12237046357.0,16482968776.0,11278582066.0,14089005448.0,-3693040638.0,-439677111.0,-1040310951.0,-488422566.0
331520,밸로프,CFS,30996790019.0,34928985999.0,9785435616.0,11749166037.0,13176849366.0,15012517464.0,30021589496.0,30453817952.0,8902105713.0,9091700397.0,415097562.0,-357612746.0,-86256510.0,761196023.0
331740,아우토크립트,CFS,12969757047.0,17569201037.0,32943498077.0,31616997008.0,48048174219.0,46756776273.0,1745861086.0,10314599977.0,5432700827.0,4746455409.0,-3207409530.0,-6872260927.0,-3521093781.0,-33576252220.0
331920,셀레믹스,CFS,10456414826.0,12051133905.0,1925864786.0,1971430982.0,2016499649.0,2229786896.0,22016445764.0,27184171717.0,1124558424.0,1495608692.0,-1343582561.0,-756506522.0,-2887277635.0,12419666094.0
332290,누보,CFS,55119166902.0,51082773821.0,48158541702.0,43280677885.0,57269968456.0,52551499602.0,26629388821.0,26191560973.0,35367655879.0,32832479216.0,3323758923.0,2400320788.0,765146148.0,2132536903.0
332370,아이디피,CFS,56626929387.0,57210730218.0,4129422458.0,5033597194.0,4707044723.0,5720182206.0,64586424994.0,62551704524.0,15496988585.0,12244197105.0,5667831955.0,3365144232.0,4172138544.0,3329533542.0
332570,PS일렉트로닉스,CFS,131835601300.0,125707242804.0,62202738956.0,68823833727.0,93083279768.0,74524973499.0,113241038058.0,90075397803.0,33953647571.0,27167847182.0,1688950601.0,3564980998.0,-760525701.0,-3039397077.0
333050,이노테나,CFS,28568327019.0,28672668530.0,7774456368.0,8998712737.0,7896822713.0,9146318174.0,22316462492.0,21211697477.0,7536020910.0,6263739667.0,618842386.0,243425127.0,643373230.0,361427085.0
333430,일승,CFS,45921015926.0,47228727891.0,7470329495.0,10772728759.0,35746768060.0,38829414609.0,78949129512.0,76713974541.0,11587631813.0,11442095096.0,1285729997.0,1015938529.0,916277892.0,-1714998979.0
333620,엔시스,CFS,52730799986.0,60551446557.0,32439905271.0,33152239541.0,33916608698.0,34349534572.0,55112465538.0,63838367427.0,15618166121.0,17780777071.0,-4632399211.0,4679371308.0,-5357136158.0,2902835683.0
334970,프레스티지바이오로직스,CFS,40739874744.0,40848380912.0,127579381438.0,102416519353.0,154801311438.0,135082959353.0,113990196163.0,135203347279.0,8903378721.0,3022957173.0,-9744954022.0,-12914026734.0,-8282987973.0,-13928826056.0
335810,프리시젼바이오,CFS,15109566800.0,16370546588.0,23744160137.0,19391401752.0,28378866595.0,26341377407.0,20952453194.0,25697646208.0,4896503512.0,5122983534.0,-1451401318.0,-1168865375.0,-2689926040.0,-1427977199.0
335870,윙스풋,CFS,33643512599.0,32657699372.0,15463068666.0,12694943055.0,19723155059.0,17211697294.0,29309796799.0,31147759155.0,8722440473.0,9520030716.0,-1059287671.0,120145137.0,5149170891.0,71540790.0
336060,웨이버스,CFS,39447534815.0,30200561212.0,22887213846.0,14533373414.0,23744217181.0,15216158617.0,38493800393.0,39286851222.0,17127631527.0,11318895421.0,-567552409.0,757219304.0,-247099860.0,993179120.0
336570,원텍,CFS,181893942289.0,162713263072.0,50723801649.0,49959548931.0,51559740277.0,51106916759.0,148851078118.0,126797086244.0,39808884930.0,29011276514.0,17272670323.0,7023988685.0,9202576793.0,4424028098.0
336680,탑런토탈솔루션,CFS,231328453063.0,272210476902.0,236789857186.0,232579561492.0,287496722326.0,268326304687.0,179695567011.0,184161404756.0,120982457630.0,129168656581.0,-656986533.0,8264810628.0,-4058670889.0,4580479749.0
337930,젝시믹스,CFS,142993530067.0,140701460862.0,53428319244.0,34275636032.0,56752667963.0,58195229340.0,116267404821.0,114464385959.0,74573793490.0,76363124537.0,7552014055.0,12370925299.0,5458842100.0,9185518464.0
338220,뷰노,CFS,31014593949.0,40512670210.0,14575584177.0,16094933178.0,16998826761.0,19488654983.0,26560269006.0,30693774743.0,9254486654.0,6390217850.0,-169471190.0,-3146987836.0,-817346997.0,-3220751463.0
338840,와이바이오로직스,CFS,9865446508.0,12470773263.0,1513468030.0,2443766266.0,2360619592.0,3371407186.0,16340959663.0,18355782226.0,1164747520.0,232006503.0,-1495326749.0,-3462673541.0,-2335399563.0,-2842244610.0
339950,아이비김영,CFS,40952171751.0,28544318886.0,49934806587.0,36914180746.0,58276300790.0,45353602953.0,57454014271.0,52586768891.0,27582107896.0,24638212297.0,3706318763.0,3287466239.0,6772375911.0,1566415853.0
340360,다보링크,CFS,33305304118.0,21516062162.0,36662602963.0,16592982986.0,37112395436.0,16917361778.0,9322799956.0,11171165486.0,16345976114.0,16125982555.0,-293863666.0,-1490449496.0,1861384737.0,-1690569728.0
340440,세림B&G,CFS,28729984489.0,27435705637.0,11999191935.0,9666828930.0,15384064846.0,13667763637.0,34337710089.0,33988406075.0,11670649826.0,13481100699.0,21599828.0,752038692.0,120799458.0,-80905663.0
340450,지씨지놈,CFS,58120030314.0,13663035403.0,5687140535.0,3199403301.0,9803595629.0,7542609117.0,73740813007.0,33079869207.0,7806742920.0,6052727772.0,287393454.0,-517279952.0,-72972941.0,-418806876.0
340570,티앤엘,CFS,121785599770.0,114314695028.0,17431130665.0,23664824340.0,19712486251.0,25638971666.0,188787212100.0,171436202690.0,38764776964.0,54837421327.0,9966207584.0,20746237629.0,7833700170.0,17320048873.0
340810,시선AI,CFS,8053928360.0,14587075150.0,7916543821.0,17759030207.0,8976117126.0,19069258164.0,12317764159.0,10095629742.0,960412223.0,2407171820.0,-3961417598.0,-3301994068.0,-8156429192.0,-2238765691.0
340930,성원에너텍,CFS,61143626673.0,75814729214.0,112699054592.0,114211024862.0,116795170978.0,127389796975.0,36481396927.0,41372702804.0,16905266656.0,26880578235.0,-2814640938.0,-1874658005.0,-4295648327.0,-2137212477.0
342870,오아,CFS,41103821311.0,40999554481.0,34680134886.0,12058452665.0,38717528913.0,42482117935.0,29533976713.0,25522011883.0,25527730586.0,23875994210.0,2546749921.0,2967631973.0,2338812547.0,2465298417.0
344860,이노진,CFS,13745378694.0,16007164768.0,899069983.0,932722826.0,975556348.0,932722826.0,14624827063.0,16612719504.0,1894558803.0,2936752873.0,-48187899.0,444504794.0,-27538489.0,460250698.0
347000,센코,CFS,28793442272.0,32558246489.0,15887939169.0,20171889161.0,20656756235.0,24482719170.0,42481719734.0,42534289163.0,9382841182.0,7993802318.0,437432495.0,781989973.0,-72975731.0,412571379.0
347700,스피어,CFS,103702528708.0,26138072045.0,39084451689.0,21108716965.0,49862679051.0,21882970984.0,70808910275.0,16198635117.0,18861302763.0,24197783389.0,2091670188.0,3422543310.0,21188098049.0,62816175.0
347740,피엔케이피부임상연구센타,CFS,42057361113.0,48163960909.0,3782022525.0,4746931028.0,4872186135.0,5183743743.0,79815315782.0,76855781105.0,5489183777.0,3816775356.0,825001985.0,457801965.0,1609051206.0,1050171608.0
347770,핌스,CFS,25827217755.0,23264286164.0,26316806765.0,20281177847.0,33728647463.0,28008028975.0,52580779621.0,52646018560.0,22392053973.0,16776855648.0,1487288133.0,-727806773.0,648930507.0,-895958082.0
347850,디앤디파마텍,CFS,48930700555.0,39794379528.0,5625667500.0,11114604098.0,19865074865.0,27930776083.0,78334245451.0,69569189929.0,924556754.0,2316568342.0,-8059207490.0,-5946857642.0,-10024819217.0,-5924031079.0
347860,알체라,CFS,20908972868.0,9423321873.0,10847497583.0,9246948803.0,11409925782.0,10681530215.0,16494975469.0,7074682430.0,,,-2611700774.0,-3075029772.0,-2631558586.0,-6217792123.0
347890,엠엑스온,CFS,48845603608.0,49591610477.0,4310673957.0,3220365267.0,6498222298.0,5026553066.0,72113913610.0,73041434047.0,9222310268.0,9514539449.0,1175761070.0,1623880146.0,1490537629.0,1843301722.0
348030,모비릭스,CFS,32322337827.0,34909909196.0,3203344261.0,3993642368.0,6127440212.0,4973192964.0,53735361914.0,58346558447.0,10301921993.0,13207958827.0,-2668691185.0,-2738918307.0,-3207357728.0,-1655461718.0
348080,큐라티스,CFS,19937646831.0,3954083260.0,28738758058.0,13819427976.0,40465162503.0,26169347181.0,21032844387.0,20476536398.0,480144930.0,134048315.0,-3307447271.0,-4991556620.0,-10097743061.0,-10619237657.0
348150,고바이오랩,CFS,59989235373.0,66682151663.0,11629776494.0,13821982734.0,42287243169.0,46618414365.0,50109365827.0,55477113362.0,17612801103.0,18910812525.0,-2803110308.0,-1657603277.0,-3198330066.0,20254597.0
348210,넥스틴,CFS,103600531769.0,110621214683.0,38304649081.0,19313650934.0,41610189618.0,32176812442.0,154749907676.0,157640068434.0,23159312598.0,14748820061.0,2578412351.0,420974123.0,-1018738139.0,952540113.0
348340,뉴로메카,CFS,40465174275.0,42380015190.0,46395751596.0,58241461033.0,76280659804.0,84360388822.0,18344137299.0,10869158059.0,3439506785.0,7344345495.0,-4163623006.0,-4298979685.0,-4623573832.0,-227500808.0
348350,위드텍,CFS,91820850103.0,93206839300.0,21255670176.0,19495265636.0,21509604921.0,19707363250.0,117844197729.0,120093146739.0,10711875039.0,7959666283.0,136093406.0,-848119138.0,-853479856.0,1431891733.0
348370,엔켐,CFS,321555197247.0,422814975242.0,460884757681.0,603056835563.0,508502820517.0,660116672267.0,517097562208.0,466813156403.0,64072848151.0,108329336241.0,-2733407943.0,593991032.0,-20629521056.0,-12113766145.0
351320,넥사다이내믹스,CFS,15955979635.0,21608637103.0,27591221847.0,23746348834.0,38210961516.0,32724741271.0,13929906404.0,20410008437.0,978009575.0,3086500223.0,-2907071573.0,-2073369733.0,-3484140595.0,-1918359505.0
351330,이삭엔지니어링,CFS,54585069812.0,52279408926.0,32366042265.0,27138312783.0,32621047720.0,27363804809.0,35127308408.0,40813163177.0,19020923475.0,11902098895.0,-1549212824.0,-1423910582.0,-2460815362.0,-1389448461.0
351870,차이커뮤니케이션,CFS,41186083698.0,49938709689.0,31930130731.0,39287158901.0,97256009867.0,105434624916.0,55380849032.0,50673974807.0,11455583933.0,14886916263.0,323247380.0,1583632773.0,-9742836.0,1523396131.0
352090,스톰테크,CFS,76419483160.0,84296530820.0,16257938116.0,20407866480.0,38859794696.0,35061282723.0,91004539178.0,89652019610.0,20241856929.0,16866165935.0,4159720466.0,4333874349.0,3200822618.0,3923324017.0
352480,씨앤씨인터내셔널,CFS,156262663097.0,156308086869.0,97417250295.0,87138025718.0,99371786059.0,89285477962.0,200638985193.0,205795073562.0,73897481216.0,80338481354.0,8681026791.0,11822779824.0,1214537397.0,17784058498.0
352700,씨앤투스,CFS,85662874721.0,82092377184.0,6574870165.0,8087993948.0,8037956918.0,8574473841.0,162733982631.0,161525588973.0,17365241618.0,17601625024.0,64814611.0,54488356.0,2101722252.0,-381294643.0
352770,셀레스트라,CFS,5859478909.0,6609471382.0,26219374299.0,44433489496.0,29820067849.0,48079576569.0,-4640247216.0,5478090348.0,1624494253.0,1924287820.0,-2837496080.0,-4055975775.0,-521360781.0,-5140491080.0
352910,오비고,CFS,32116327417.0,34284383934.0,8132972563.0,2348281762.0,14669161804.0,4636229446.0,36243567197.0,35183056439.0,8240371641.0,3519042333.0,-1454525790.0,-1317111993.0,-1363073899.0,-935945174.0
352940,인바이오,CFS,42570808885.0,40459972916.0,20664988050.0,21944873292.0,25928101027.0,26399498237.0,43969517308.0,41371723706.0,8525277463.0,8837041446.0,-166549215.0,775683358.0,182091841.0,372330792.0
353190,휴럼,CFS,48422698529.0,43819686851.0,24178858703.0,21721856914.0,45692989031.0,43742819983.0,46691151301.0,45281667882.0,23928430172.0,24195034682.0,526504224.0,170557332.0,1412399027.0,372397941.0
353590,오토앤,CFS,48643590609.0,41697612696.0,38630441433.0,28694983166.0,40464012651.0,33034991175.0,22991669210.0,23615188925.0,16580099203.0,15168673609.0,588948608.0,-218312558.0,220649720.0,-1162022425.0
353810,이지바이오,CFS,168535716837.0,219027424333.0,125117807025.0,127757916633.0,212684213437.0,271212694746.0,88566323937.0,88798863055.0,113792522665.0,100882877503.0,11046791016.0,8435867606.0,4100224197.0,4333580255.0
354200,엔젠바이오,CFS,15122764254.0,11672456928.0,11897464329.0,12524605975.0,13680681589.0,15241102378.0,17662452607.0,17708890071.0,1848135849.0,2029399864.0,-2683219132.0,-3290892802.0,-6090253055.0,-2851037131.0
354320,알멕,CFS,170394573427.0,163642655446.0,137753970654.0,134477054485.0,180973021138.0,187389153036.0,156439814156.0,151988948463.0,48488016357.0,42897347722.0,2795898871.0,1987754116.0,-476838335.0,3651014856.0
355150,코스텍시스,CFS,14036240873.0,16319547098.0,7085036756.0,7520713322.0,16275621167.0,17387403489.0,21450747618.0,22567682926.0,3201895809.0,3569074327.0,-349529953.0,97844762.0,-471010677.0,82954889.0
355390,크라우드웍스,CFS,10390018029.0,20516153997.0,15415738662.0,21679049865.0,16038415502.0,22549903882.0,6338518408.0,10315666121.0,1994226212.0,1831545458.0,-3009080077.0,-4329596622.0,-5970790802.0,-2399242374.0
355690,에이텀,CFS,34930851059.0,24335069459.0,51385147669.0,19493643416.0,61002892144.0,26870161626.0,7584780553.0,12129396549.0,8325592071.0,9455412683.0,-2242129289.0,175124971.0,-5469114648.0,1018531382.0
356680,엑스게이트,CFS,35996166501.0,43879611631.0,16522278972.0,20539213709.0,18426302480.0,22682636259.0,43495250798.0,44405475994.0,10683064077.0,8610901953.0,-315174634.0,-558325197.0,16314691.0,-126088220.0
356860,티엘비,CFS,84192679215.0,71095409219.0,77307936167.0,52723463417.0,86730911612.0,76306005890.0,113782719561.0,112098737098.0,64053168694.0,39483666290.0,6856979236.0,-59464568.0,4506278643.0,1127985151.0
356890,싸이버원,CFS,34736436463.0,36557956600.0,5486247954.0,7158767275.0,5573821535.0,7266135719.0,48892022837.0,49064059412.0,8302966267.0,8325718883.0,145298100.0,448535136.0,336067562.0,666767727.0
357230,에이치피오,CFS,113934347343.0,105768131221.0,42081568412.0,36999109488.0,69069835062.0,64641986065.0,186232094680.0,183470392062.0,74873802727.0,62587568076.0,5630546956.0,2678432500.0,4002934613.0,1885106357.0
357550,석경에이티,CFS,21668529483.0,19643657695.0,2068236883.0,2166155520.0,10409256847.0,9380828359.0,41820862162.0,39838347809.0,5100972435.0,3156461860.0,1416992545.0,445129342.0,88909226.0,1466342469.0
357580,아모센스,CFS,89864436261.0,73804557773.0,78771333458.0,52015927728.0,103530535171.0,82388134656.0,42502521196.0,41408363051.0,29065743868.0,31056624388.0,1288927366.0,614140826.0,448582697.0,-1074081170.0
357780,솔브레인,CFS,492353209808.0,521491176326.0,122937689610.0,123720340559.0,275545411877.0,130878284640.0,1066076125093.0,1037335849194.0,228825971310.0,216280346684.0,20169987141.0,45762569761.0,12599262097.0,44068952904.0
357880,SKAI,CFS,12514995954.0,9449361350.0,21792635215.0,18301426456.0,22390991460.0,19352909023.0,9744924857.0,11413848104.0,,,2640884886.0,-3307358680.0,1194164892.0,-236775874.0
358570,지아이이노베이션,CFS,61045532781.0,19841076632.0,14362713574.0,4720161092.0,17461214057.0,16720612761.0,119390945996.0,29050834656.0,,,-10891637742.0,-9403259911.0,-9762651682.0,-10201118501.0
359090,씨엔알리서치,CFS,38371991426.0,44329919169.0,32567156556.0,35372688168.0,35331870255.0,38508309184.0,47360102745.0,47093920787.0,16930034811.0,14297562109.0,1260823209.0,1381870391.0,1233576971.0,1252780368.0
360070,탑머티리얼,CFS,103893750390.0,143261620891.0,26369132725.0,30185266116.0,61868103040.0,66250993343.0,135470914366.0,141198932460.0,4242014874.0,19776900331.0,-4721481737.0,-551215169.0,-4760313797.0,-1985573633.0
360350,코셈,CFS,18466729601.0,24204222006.0,3273338955.0,3530013606.0,5177459712.0,5114861819.0,17861643784.0,23108115539.0,2920453842.0,3151472987.0,-821299539.0,-301955723.0,-910033106.0,-77852240.0
361390,제노코,CFS,50908933883.0,56802488401.0,30644292188.0,35048229663.0,49600857746.0,52976676086.0,32096340718.0,34312840042.0,13980907549.0,11547942071.0,-1397272134.0,-312250143.0,-846099303.0,-297525012.0
361570,알비더블유,CFS,32960967830.0,42884720119.0,91077885615.0,72481609952.0,97907887562.0,94044015202.0,65403828880.0,70096262266.0,12125611624.0,19572387012.0,-1818859969.0,-1432868563.0,-3631843131.0,-3286150525.0
361670,삼영에스앤씨,CFS,18681938672.0,19498219271.0,2020692493.0,2185782997.0,2904570928.0,3182654446.0,19470095672.0,20032968626.0,2558111303.0,2967678460.0,-353783020.0,-1441526468.0,-334568534.0,-1239643519.0
362320,청담글로벌,CFS,167259108958.0,165167817603.0,79446708948.0,79905466886.0,84872814356.0,101967173925.0,116444538066.0,86418403565.0,41727440612.0,65834522796.0,4161019864.0,1495869966.0,433476864.0,440370749.0
362990,드림인사이트,CFS,27310735240.0,27548713367.0,12370660089.0,10423875590.0,18089449456.0,15937257910.0,32870865446.0,33601913347.0,5015334321.0,4456569158.0,-328354988.0,717556267.0,-212196265.0,778589713.0
363250,진시스템,CFS,6274889739.0,9981646573.0,2384447850.0,2537813281.0,7733606074.0,8020852624.0,17655513622.0,21881212184.0,69391684.0,146768555.0,-2424806110.0,-2235698048.0,-2378434006.0,-2106664397.0
363260,모비데이즈,CFS,103207962960.0,78269180682.0,92016633834.0,69320951941.0,92967662098.0,69984380639.0,48620424440.0,46234968076.0,12183490932.0,9991351104.0,2475319984.0,592622862.0,1718666902.0,-106892253.0
364950,에이아이코리아,CFS,72659151936.0,70061575692.0,33895470735.0,40770301744.0,34661141035.0,41563983454.0,55175662052.0,44249357501.0,20997757825.0,37109309883.0,4399831320.0,5289912427.0,-800462036.0,5738179073.0
365270,큐라클,CFS,11986260277.0,32417332819.0,13998708802.0,20986484411.0,17521339664.0,29335031752.0,20567020429.0,29953335494.0,,,-5315952908.0,-3886115105.0,-6318717995.0,-3747423792.0
365330,에스와이스틸텍,CFS,48079735699.0,48262755208.0,26818569001.0,27245951433.0,30573715347.0,29914233897.0,48968664683.0,50091423607.0,25000744518.0,31870706556.0,239949726.0,1949442441.0,231933647.0,1313230043.0
365340,성일하이텍,CFS,121161895998.0,126914010111.0,296021404750.0,253212716633.0,496328004702.0,454689099260.0,172502707720.0,224810634527.0,64012244558.0,36485897437.0,-17428573072.0,-19026114527.0,-34262556317.0,-20972175329.0
365590,하이딥,CFS,12776410414.0,9911024411.0,1495785452.0,9534621592.0,10207018482.0,10843414437.0,12100036206.0,7521586351.0,341812800.0,1566389072.0,-2306437831.0,-2444413046.0,-2335810042.0,-2919607827.0
365660,레몬헬스케어,,,,,,,,,,,,,,,
365900,브이씨,CFS,28565707497.0,28294127366.0,40236062057.0,39864568375.0,48121146358.0,47865634861.0,32419457195.0,33546416912.0,12361709491.0,13758805881.0,1205990741.0,-114662718.0,364901426.0,1123342875.0
366030,나인앤컴퍼니,CFS,57367454544.0,57730334667.0,3757714767.0,4440854012.0,5729191750.0,6532257287.0,78273096464.0,76945893598.0,13444363342.0,15455545367.0,2417158794.0,3143783367.0,2061904669.0,2834796084.0
367000,플래티어,CFS,22687932318.0,24252223715.0,15108354561.0,13740180051.0,16084016768.0,14620767937.0,33411867664.0,36883515385.0,9799262526.0,7274543805.0,-1785136530.0,-2920650400.0,-1707179494.0,-1976915828.0
368600,아이씨에이치,CFS,33970022761.0,37355707520.0,59398176669.0,48887001071.0,69768072971.0,66682227202.0,29995946722.0,43457750557.0,11862421094.0,14246987079.0,-3304523444.0,-2807953208.0,-5204132175.0,-1582999537.0
368770,파이버프로,CFS,39248801668.0,33604450026.0,9175011856.0,7622353824.0,17323735192.0,11251130105.0,39345683184.0,38610358857.0,10369767108.0,10778410096.0,2075369607.0,2765209050.0,1568084492.0,2719517982.0
368970,오에스피,CFS,21150962733.0,24645793116.0,16342548213.0,18906430347.0,21471051325.0,22956186760.0,45843152572.0,48124139377.0,5957396048.0,7544175442.0,-304364598.0,485974522.0,-825783873.0,2460139403.0
369370,블리츠웨이엔터테인먼트,CFS,20887199321.0,16350810463.0,21379498220.0,14123966374.0,24175594574.0,22019109341.0,25445628077.0,31493146550.0,7152242388.0,11120450418.0,-2557774854.0,-2234229124.0,-4700073036.0,-3169020435.0
370090,퓨런티어,CFS,42263936924.0,46076800537.0,2471761768.0,3067767608.0,2886732539.0,3361567717.0,44911251331.0,47270392777.0,5210457675.0,10022887170.0,-1387564768.0,2936986549.0,-1019943799.0,2873985382.0
371950,풍원정밀,CFS,22863733541.0,30511069235.0,69690840132.0,57476345838.0,86012002453.0,73449734513.0,13287002980.0,22899409078.0,10027217783.0,19173124054.0,-2572815530.0,-4304244407.0,-3431851107.0,-22504518428.0
372170,윤성에프앤씨,CFS,189157714314.0,202540286705.0,95590740324.0,94157445014.0,100874094252.0,103620830989.0,186723220151.0,197254438003.0,28903898437.0,68327457663.0,-5610748182.0,8055086029.0,-9446922004.0,8909661348.0
372320,큐로셀,CFS,32485124796.0,13047204154.0,73640340788.0,38751335881.0,82111088525.0,42567047315.0,29374954742.0,29454229700.0,0.0,0.0,-12149612729.0,-7534638618.0,-11767600899.0,-7800415463.0
372800,아이티아이즈,CFS,30264779762.0,46047664949.0,34522512848.0,40997548853.0,34768322188.0,41217817992.0,12195725071.0,18158521651.0,20493925105.0,18237329320.0,314004838.0,269726746.0,-3297300715.0,2093165183.0
373110,엑셀세라퓨틱스,CFS,5371255743.0,10511610226.0,5148216437.0,4906499724.0,8051208592.0,7768598704.0,4048518392.0,9121059292.0,221276172.0,478291872.0,-2662318375.0,-2069766041.0,-2702101134.0,-2142744782.0
373160,데이원컴퍼니,CFS,51653441719.0,42437660482.0,27252711042.0,25984600718.0,36577379463.0,37338401136.0,39820872638.0,23665561742.0,29183491643.0,30692328539.0,405437070.0,381969616.0,248918765.0,188342374.0
373170,엠아이큐브솔루션,CFS,27847581490.0,28670497613.0,6045760209.0,6970410472.0,7463102482.0,8377115190.0,21623934284.0,22142769100.0,7409772551.0,6408740556.0,-236456578.0,-1066447209.0,-24607932.0,-829398245.0
373200,엑스플러스,CFS,22479561572.0,2125962122.0,21847427800.0,14594223010.0,40436283390.0,14723596918.0,18678078276.0,10547147216.0,2534183910.0,2952386767.0,-1728624755.0,-2354001115.0,-769841188.0,-718067036.0
376180,피코그램,CFS,30272438931.0,47178915203.0,22166434681.0,34376833224.0,22295492068.0,35007278603.0,39174889599.0,43085368568.0,9944717920.0,8583054458.0,502891832.0,1280329814.0,1866664274.0,2856023658.0
376270,HEM파마,CFS,14385340018.0,17305505110.0,9733155946.0,9076867176.0,14478931180.0,10743772938.0,21820413243.0,26117958965.0,2844579286.0,2934952730.0,-2903624064.0,-1731351352.0,-3288454871.0,-1695532986.0
376290,씨유테크,CFS,106138968777.0,108576659021.0,21186796752.0,14778516923.0,27080008758.0,22957679007.0,107639179424.0,117443932305.0,49770141779.0,61496642091.0,197510303.0,2383988250.0,-2826277659.0,3132232912.0
376300,디어유,CFS,171097766212.0,169131498076.0,22215811064.0,20729336884.0,25492206886.0,24295640384.0,190806053263.0,196030992294.0,20183639734.0,19075713176.0,7441596410.0,7050569960.0,-6599249799.0,6876198044.0
376900,로킷헬스케어,CFS,21854975161.0,9794945774.0,12330351194.0,85937331894.0,14930043360.0,88447558808.0,8430865695.0,-77118754123.0,6012600153.0,3612722561.0,21533779.0,-1058080358.0,-979674815.0,-469049587.0
376930,노을,CFS,18653568026.0,28278963220.0,9477262194.0,8579476419.0,18527996541.0,17640568110.0,10614303610.0,20168109991.0,1401120768.0,175221237.0,-5004943901.0,-7727015853.0,-5314606786.0,-7716406901.0
376980,원티드랩,CFS,27299325226.0,26436663430.0,9486232173.0,7630100200.0,15527331775.0,13693854799.0,36760785419.0,36494506299.0,9664086222.0,10063131530.0,524371898.0,405789695.0,1189508620.0,240346855.0
377030,비트맥스,CFS,53982656047.0,9639679333.0,90794226640.0,9682620205.0,93647524350.0,14284042246.0,21425994739.0,14258749626.0,6217349377.0,8052371042.0,-2741401718.0,-3843014728.0,-65740667719.0,-1971886650.0
377220,프롬바이오,CFS,27374407389.0,29012747302.0,34143579830.0,27182943944.0,36284737917.0,32074034700.0,41629651436.0,49102111080.0,15857496760.0,15935958471.0,-3850484610.0,-3729134448.0,-4620609652.0,-2797518006.0
377330,이지트로닉스,CFS,31879121820.0,39444606492.0,12928092507.0,11894024137.0,14668299092.0,14504618233.0,43767029854.0,52072234108.0,1275639157.0,5456060717.0,-14217506084.0,-2173786897.0,-12002970835.0,-1627555177.0
377450,리파인,CFS,185434135276.0,139491303728.0,33643938122.0,10219113156.0,35332263162.0,11197832309.0,191981555556.0,170437824190.0,,,6353790145.0,6178346718.0,5559454699.0,5818889807.0
377460,큐에이드,CFS,135385696610.0,42370305625.0,126888538493.0,162449943357.0,152467952453.0,177678660229.0,53671588799.0,19541787680.0,23359327931.0,29307084142.0,946929934.0,-4534140376.0,10154933025.0,-7150690511.0
377480,마음AI,CFS,19835186168.0,13922903911.0,11677395986.0,20364024178.0,27723776744.0,36413443879.0,27297484093.0,13239152383.0,2301187717.0,2195400681.0,-1602965353.0,-1731309427.0,-1857508365.0,770162645.0
378340,필에너지,CFS,142243868446.0,145373569232.0,78485913139.0,60861621165.0,80590523267.0,69105756789.0,133637724565.0,142949132978.0,22919203699.0,94237448525.0,-3854186037.0,7705135130.0,-2907447991.0,6107994656.0
378800,샤페론,CFS,8622942358.0,15914209104.0,1592670968.0,2110156504.0,2682594574.0,3283506972.0,8926674506.0,16000177854.0,0.0,17704497.0,-3372418969.0,-3685930178.0,-3407268276.0,-3709863630.0
380540,옵티코어,CFS,50746104604.0,17562000484.0,25785618452.0,11230046804.0,30052301922.0,15751946063.0,32922823611.0,14645162343.0,2063696250.0,5066072772.0,-2574322860.0,-2549443772.0,-10774466374.0,1482011372.0
380550,뉴로핏,CFS,4387962426.0,6887801500.0,9914399820.0,59775946247.0,10800488698.0,61057246214.0,-3679775561.0,-51196996816.0,755216343.0,437521902.0,-3369204594.0,-3765634996.0,-5932442126.0,3312367425.0
381620,제닉스로보틱스,CFS,33779881860.0,54986804194.0,8173489071.0,20336879847.0,8959341893.0,23241355070.0,53315426489.0,57234879991.0,7075525144.0,12968299115.0,-2912163944.0,866058569.0,-2252277585.0,1387158555.0
382150,온코크로스,CFS,16461399998.0,21100552438.0,1106210943.0,1848441671.0,1200265356.0,2091053364.0,17157990391.0,20456925689.0,137776250.0,173794935.0,-1868749814.0,-1503148113.0,-1759395911.0,-1362475701.0
382480,지아이텍,CFS,58199979030.0,71381519522.0,31250739747.0,27791873623.0,33461950181.0,30125265271.0,94445102947.0,99990135625.0,11338459146.0,8983262567.0,1451859995.0,193428273.0,-667160177.0,968152532.0
382800,지앤비에스 에코,CFS,84686726311.0,79543732697.0,13581629748.0,14813059405.0,22652112688.0,23711051633.0,111405237554.0,111375401554.0,25486544725.0,22005366287.0,2335845222.0,5307604249.0,-1265041987.0,5815533221.0
382840,원준,CFS,150785451472.0,192321407360.0,69047411119.0,124411387631.0,71601698207.0,127196548684.0,114366673769.0,119195867997.0,23937296155.0,45411603239.0,3497315715.0,9624473252.0,-3542363221.0,5942133299.0
382900,범한퓨얼셀,CFS,92384062301.0,87944013133.0,40009217836.0,41752131512.0,144648481894.0,146566519144.0,165312854404.0,165852406487.0,7061167551.0,9194008712.0,156426033.0,1650180918.0,-466819206.0,896198274.0
383310,에코프로에이치엔,CFS,276340892611.0,321062406183.0,74576182983.0,103847158152.0,140516345189.0,170378555920.0,297413215463.0,296274226160.0,39001735246.0,46832997292.0,3662961871.0,3598582269.0,3393599077.0,3182260711.0
383930,디티앤씨알오,CFS,18905250749.0,19242729201.0,43485334531.0,34185410775.0,59660369338.0,52418295827.0,25325080652.0,28667402813.0,10058609434.0,7256640204.0,-1971515152.0,-4070629568.0,709663767.0,-5229245589.0
384470,코어라인소프트,CFS,36563650714.0,15230160181.0,20261211338.0,2649798221.0,21656102663.0,21000777346.0,24606336547.0,3664069400.0,,,-3226789885.0,-3221209080.0,-3602359648.0,-3069951027.0
387570,파인메딕스,CFS,13435486583.0,16784600085.0,1981729556.0,3124479014.0,4869116479.0,6114217920.0,19302478630.0,20784222124.0,2460074932.0,1949425082.0,-523656174.0,-279046480.0,-408675962.0,-373453621.0
387690,레메디,,,,,,,,,,,,,,,
388050,지투파워,CFS,70312094081.0,49584021548.0,47563023387.0,25906044410.0,48912301881.0,27392216460.0,37118127968.0,36695004882.0,14226897336.0,9376249268.0,588345226.0,169933530.0,615216432.0,474477332.0
388210,씨엠티엑스,CFS,83269124410.0,67687584185.0,85400497165.0,203209023076.0,99141339308.0,218312543858.0,98142250161.0,-37955676268.0,77349935666.0,40076333240.0,26313067974.0,5090471662.0,-45825727369.0,2905269995.0
388610,지에프씨생명과학,CFS,16391292898.0,3947249940.0,7098995733.0,6867292768.0,10185062893.0,9155129810.0,23202309983.0,10900109969.0,4490926760.0,4681934302.0,192680732.0,932333921.0,75896501.0,-8872846702.0
388720,유일로보틱스,CFS,48010268404.0,47894341347.0,37140039908.0,20989490389.0,38381184371.0,22383208789.0,79069034130.0,95028248429.0,7089568550.0,8308478992.0,-4130801512.0,410098737.0,-17818906595.0,4752030207.0
388790,라이콤,CFS,17646545963.0,19023153948.0,3931634295.0,4274342681.0,6931961966.0,7244052788.0,20049032085.0,20849462987.0,2542965156.0,3161987781.0,-1063954802.0,-1334088271.0,-1044907765.0,-1015202840.0
388870,파로스아이바이오,CFS,10455764511.0,16254052326.0,611568750.0,973213870.0,814969014.0,1014822179.0,12963266107.0,18613510107.0,,,-2429654783.0,-3146463543.0,-2781690967.0,-2844125773.0
389020,자람테크놀로지,CFS,44965563387.0,50211441372.0,33996297803.0,35422956026.0,34199700597.0,35922102046.0,39274357177.0,42518238760.0,2699793737.0,5311362751.0,-1631926920.0,416280416.0,-1604322757.0,391065233.0
389030,지니너스,CFS,24427389473.0,17984453156.0,21593556868.0,9803832097.0,22517054220.0,10851904782.0,15522706366.0,22237105916.0,2570202488.0,1471845247.0,-4004231531.0,-3745417048.0,-4423711488.0,-3914330843.0
389140,포바이포,CFS,19542066540.0,15484843786.0,19118488266.0,15382745966.0,32829805479.0,28490873991.0,29216741228.0,30511070120.0,,,-89395571.0,-4135654541.0,-381989424.0,-4604791208.0
389260,대명에너지,CFS,165716175591.0,140238836710.0,104665438411.0,98683390850.0,240322849463.0,241181598269.0,155902672091.0,128742443077.0,22062348524.0,14892306221.0,2989291201.0,989516104.0,-3221127577.0,-1057563503.0
389470,인벤티지랩,CFS,45953199982.0,49171618252.0,14092496806.0,10989102830.0,59509650160.0,39688377354.0,56634039124.0,32564948597.0,865373001.0,389044673.0,-8053823279.0,-3944519050.0,-284248333.0,-2269362907.0
389500,에스비비테크,CFS,10815087244.0,13996696875.0,17048790985.0,16030983457.0,17759959792.0,16752201609.0,9579325780.0,12143347088.0,1839666433.0,1633201239.0,-1926003795.0,-1741431456.0,-2169337616.0,4916885732.0
389650,넥스트바이오메디컬,CFS,36871119097.0,46887765119.0,12004634096.0,11884133749.0,14439257368.0,13653007339.0,44956820992.0,45191393967.0,3971196892.0,2753051972.0,20641115.0,-889084463.0,-901985334.0,-682486054.0
389680,유디엠텍,CFS,13404765695.0,15238886431.0,2751524360.0,3486701693.0,4022127352.0,5111508907.0,11771781139.0,13002934653.0,788989216.0,1878758976.0,-1319322924.0,188370062.0,-1199016149.0,208898870.0
391710,코닉오토메이션,CFS,36138360159.0,27860527881.0,8838489890.0,10294343600.0,23147031803.0,13112062563.0,25538992789.0,26114656893.0,5859075972.0,28524828230.0,-1744063358.0,100015039.0,-1795292861.0,515543379.0
393210,토마토시스템,CFS,9416495333.0,11115107000.0,5903423533.0,4873493886.0,30976691453.0,7802773979.0,26245859639.0,27391957711.0,5859822834.0,6569679048.0,-752283166.0,105387302.0,-641651850.0,960218212.0
393890,더블유씨피,CFS,187349202856.0,246942073956.0,332555631984.0,332580315304.0,1027715426061.0,841548385907.0,938228158192.0,968642145051.0,38203734340.0,116601830220.0,-26002434956.0,1826204672.0,-27977551102.0,3403502252.0
393970,대진첨단소재,CFS,90403015090.0,71181632691.0,77178661550.0,54853623348.0,103531440057.0,81222804320.0,76283549111.0,61757430308.0,12319768207.0,33880206546.0,-4862690894.0,4563129539.0,-10262420117.0,4794733034.0
394280,오픈엣지테크놀로지,CFS,57641041773.0,73965063480.0,22399230217.0,21526475931.0,26901046019.0,25961007587.0,43080027566.0,60717226016.0,2597055028.0,4050460912.0,-8758274146.0,-5733469246.0,-8888533612.0,-5761843688.0
394420,리센스메디컬,,,,,,,,,,,,,,,
394800,쓰리빌리언,CFS,23595902843.0,26119803759.0,2926981085.0,1873161932.0,6086646692.0,1944961932.0,25104304228.0,28270627465.0,2592013840.0,1289882868.0,-1594014289.0,-1604186465.0,-1622473209.0,-1707545422.0
396270,넥스트칩,CFS,24822668707.0,39784701331.0,37323465883.0,37697514102.0,46639260325.0,46735669385.0,-1677933638.0,8813567704.0,9397266206.0,6605455668.0,-2782583232.0,-4213130728.0,-4539098027.0,-5154449999.0
396300,세아메카닉스,CFS,57822761284.0,61348866626.0,59456616382.0,59911805646.0,59861809447.0,60273326146.0,69790428090.0,71677046868.0,18303270105.0,22313734945.0,-1301808105.0,226539596.0,-1044856795.0,512026257.0
396470,워트,CFS,58705140603.0,58574019495.0,998575949.0,1843712357.0,1174746761.0,1922211500.0,63924112606.0,63278508345.0,2259100311.0,3326165316.0,-26519267.0,193043366.0,156343073.0,500492836.0
397030,에이프릴바이오,CFS,94426286501.0,96626064721.0,7311366957.0,8482191743.0,7396532486.0,8610820851.0,89834303809.0,90987762157.0,,,-2657269287.0,18169112440.0,-3093359482.0,18576431581.0
397810,애드포러스,CFS,22574306373.0,19886794619.0,5378284888.0,4795799440.0,5742623010.0,5340103774.0,24427283020.0,22269999562.0,8946767926.0,7404033752.0,1244136108.0,1113940267.0,978484444.0,1125096337.0
398120,에스지헬스케어,CFS,18760704834.0,21976770325.0,8724783368.0,6074243021.0,9253894923.0,10028067834.0,22064435894.0,22700597809.0,4115794696.0,8365982103.0,-443789161.0,1748690215.0,-365582721.0,1649430857.0
399720,가온칩스,CFS,90655542512.0,74719725742.0,66490272066.0,36227942196.0,74022646162.0,43353386403.0,59893558924.0,69355020044.0,9138899064.0,23269672904.0,-4729705401.0,66811797.0,-4084809937.0,1509931520.0
402030,코난테크놀로지,CFS,22989790419.0,31090601383.0,20194961055.0,23273961412.0,21207014158.0,24762292934.0,12020025930.0,19624085759.0,3389582303.0,6265808101.0,-4451825396.0,-4426166937.0,-4429378008.0,-4301701673.0
402490,그린리소스,CFS,39826147050.0,28200414457.0,54523379437.0,40039175162.0,62833081228.0,50297546530.0,65745569750.0,61545164652.0,25752700379.0,4348314610.0,848488392.0,587494916.0,1246473827.0,464738588.0
403490,우듬지팜,CFS,23602044968.0,27322817613.0,28555469576.0,23935456754.0,35949038017.0,30798636844.0,42159928941.0,41772389661.0,18598626910.0,19927231412.0,1244257438.0,2003835408.0,570277208.0,1752426585.0
403850,더핑크퐁컴퍼니,CFS,102941969254.0,103110864661.0,27008493719.0,31434399953.0,31517773939.0,35921043728.0,96747106154.0,93663650051.0,21044622965.0,24135682492.0,2852928372.0,4234461393.0,-1496461737.0,7667113662.0
403870,HPSP,CFS,217023270210.0,237711760468.0,29262727124.0,40960057034.0,30065105065.0,41985505352.0,268994931628.0,277910828155.0,51346984517.0,27309098221.0,28643683818.0,12051394435.0,20703226972.0,14410041861.0
405000,플라즈맵,CFS,14001352837.0,17256165710.0,10996765252.0,19457199640.0,12215435124.0,20986071813.0,8686171119.0,4527075699.0,1090456449.0,2575203262.0,-2778923259.0,-4152422042.0,-836234518.0,-5772121532.0
405100,큐알티,CFS,30336488761.0,55462038500.0,13801478664.0,28105400950.0,33420152400.0,45964681680.0,85462860252.0,90355780385.0,17370160463.0,15804775433.0,1176854151.0,1255682038.0,920066079.0,1117149187.0
405920,나라셀라,CFS,74494788204.0,76119602806.0,47250229815.0,51212465352.0,54610587041.0,64994155015.0,63223135465.0,63247190549.0,18547423399.0,17704223044.0,-529913898.0,-1679512344.0,-250159282.0,-2466462220.0
406820,뷰티스킨,CFS,31480887531.0,40484791861.0,35718879882.0,38751491402.0,45525504223.0,48046669279.0,29577898199.0,34947753155.0,14545530208.0,26897520169.0,-1725251286.0,1818188252.0,-2274908385.0,691051711.0
407400,꿈비,CFS,42188774468.0,47961028710.0,28422109461.0,37493638444.0,30187159396.0,38277982354.0,64017366582.0,33464048469.0,16166809748.0,10688934223.0,302388695.0,290189987.0,889091411.0,-1656189633.0
408470,한패스,,,,,,,,,,,,,,,
408900,스튜디오미르,CFS,29860638952.0,31377017747.0,3812769026.0,3611357266.0,4316285124.0,4262178443.0,38084846214.0,39425419414.0,3593364311.0,4621331176.0,-964759061.0,-61714281.0,-1159331470.0,732406135.0
408920,메쎄이상,CFS,64893068757.0,57076018897.0,13266588458.0,9163995697.0,18828972461.0,14802421001.0,72690284140.0,69570935852.0,17435955882.0,13019351994.0,6468739145.0,2962665508.0,5262915747.0,2045140567.0
411080,샌즈랩,CFS,37606952668.0,36724189767.0,3199331779.0,2710172998.0,3202876290.0,2719348198.0,53566659620.0,47635079222.0,3708270858.0,660732099.0,-1404063550.0,-1267521875.0,369570311.0,-359249974.0
412350,레이저쎌,CFS,16437989144.0,21138234146.0,11061262158.0,10545670528.0,17959096158.0,17026480959.0,21614067498.0,28464357483.0,984202591.0,1102461994.0,-4170848732.0,-1986696735.0,-4100945768.0,-2188203062.0
412540,제일엠앤에스,CFS,282289825361.0,275279830778.0,333016898834.0,327069470106.0,346955285559.0,342334702797.0,-19689639662.0,-18976273158.0,-22006932028.0,113411921208.0,-26959732164.0,2013392271.0,-26076391629.0,-30970681.0
413390,엠오티,CFS,78206229720.0,80953667247.0,40721352885.0,39949977659.0,52245527865.0,52298959229.0,55782621415.0,57469072164.0,9944977966.0,22546506592.0,-1041230426.0,1635224437.0,-970459005.0,2330701353.0
413630,씨피시스템,CFS,22402740361.0,24401786830.0,1867662990.0,2279100362.0,2610165128.0,2869885262.0,42422451729.0,44699154221.0,5202827511.0,5529819085.0,704065745.0,742047053.0,292180503.0,-15755547446.0
413640,비아이매트릭스,CFS,38792842977.0,39755424097.0,6213658693.0,7559864882.0,17221578806.0,18017467163.0,30874746487.0,30658461818.0,8078155147.0,7523259975.0,,,,
415380,스튜디오삼익,CFS,27578768121.0,32492492160.0,7118552118.0,12243784263.0,7476529380.0,12580630272.0,35029984934.0,34940460436.0,22499075430.0,26608332904.0,407078312.0,1185428220.0,432558022.0,1148624675.0
416180,신성에스티,CFS,97939150756.0,93624938017.0,43581285656.0,37257985694.0,69967486472.0,41866636190.0,100490286791.0,102575575949.0,23935161043.0,34662488618.0,184760187.0,3195743180.0,-230374146.0,2195980765.0
417010,나노팀,CFS,20565599175.0,14143143808.0,15378492686.0,5670002590.0,58055232457.0,43664592613.0,45447080560.0,44687822826.0,10873976471.0,8871186971.0,61850659.0,-505975816.0,-1534892.0,-522895148.0
417180,핑거스토리,CFS,30923421265.0,26395802558.0,10051994908.0,10608151347.0,10510772397.0,10613878068.0,32058901682.0,25894246301.0,4207713266.0,4529624400.0,168239735.0,332501963.0,3907566934.0,1085585995.0
417200,LS머트리얼즈,CFS,113195561583.0,112023019332.0,34048654576.0,39575497488.0,59437192288.0,45987464972.0,205824975627.0,207159606912.0,39193324516.0,38924129877.0,38121396.0,1946586559.0,-190552063.0,1494460277.0
417500,제이아이테크,CFS,38374528078.0,46841436425.0,35685445972.0,28233190039.0,48564380776.0,51522821756.0,70468684702.0,70422428647.0,11506538124.0,18000215031.0,1781070218.0,3779070338.0,1391279580.0,1479628083.0
417790,트루엔,CFS,79488444204.0,75587397072.0,5503649046.0,6321700102.0,6239496070.0,6388453377.0,102722291859.0,99145086021.0,14633235779.0,15080559897.0,4051315731.0,3872520339.0,3606441766.0,3633849585.0
417840,저스템,CFS,24470883809.0,24762488105.0,28805103567.0,29605111238.0,29790523450.0,31318683007.0,51675839950.0,48207618028.0,11305250623.0,7672479054.0,2077555686.0,-2045548683.0,1609094692.0,-1572517755.0
417860,오브젠,CFS,30363734369.0,27252352779.0,25576625191.0,12718108953.0,33004049397.0,19487136976.0,112330025.0,9994676312.0,,,744402919.0,-1634523165.0,-10193994219.0,-1523043420.0
417970,모델솔루션,CFS,64878220428.0,63423511746.0,22179570534.0,21663374960.0,23605254147.0,23582534005.0,67164276089.0,66807759995.0,18418687414.0,17047554568.0,1633594985.0,1083183287.0,1054037760.0,1207129150.0
418250,시큐레터,CFS,1486693531.0,6946914862.0,788821889.0,3443056777.0,1165651958.0,4024049864.0,4094387607.0,6891666077.0,163108789.0,306150006.0,-1847496334.0,-1295624619.0,-1832205042.0,-1207501127.0
418420,라온텍,CFS,9183403251.0,11667358265.0,5432447223.0,3211121400.0,13297206883.0,12027021367.0,14200563826.0,16133737383.0,4206935690.0,1674093051.0,303316707.0,-1705288263.0,137691561.0,-1596061312.0
418470,KT밀리의서재,CFS,93141088740.0,81843791839.0,19404688489.0,17017151978.0,21055381692.0,17766820329.0,78409406464.0,70434280983.0,20690856005.0,17814910163.0,4740895448.0,3700617759.0,3893999752.0,4011524976.0
418550,제이오,CFS,58168677380.0,60966122941.0,13858019033.0,14330256814.0,42052157804.0,44152561015.0,174557535603.0,178429778638.0,18949384224.0,20430256373.0,52330208.0,439335505.0,-4109531524.0,261624211.0
418620,E8,CFS,6044924783.0,9309486041.0,3063452342.0,10023742601.0,10776806283.0,18540549897.0,10886130916.0,7484742903.0,201981138.0,488023178.0,-2474934352.0,-1821824143.0,-2566707834.0,-3250913198.0
419050,삼기에너지솔루션즈,CFS,90340640164.0,88166108403.0,92376079890.0,86115743840.0,176485976076.0,183895407683.0,99053420056.0,104242726812.0,35844034663.0,19241627187.0,3566005617.0,-3644623505.0,1097781776.0,135854572.0
419080,엔젯,CFS,30718549228.0,33514241206.0,1878294223.0,1812905449.0,5708501690.0,5338600879.0,36356259078.0,40683937704.0,1932442179.0,1834136660.0,-1344423722.0,-1593737131.0,-2496509385.0,-1077159619.0
419120,산돌,CFS,15719608149.0,14977575318.0,11838347442.0,10519834343.0,16344752711.0,17255937856.0,58647151647.0,56673137178.0,4932158365.0,3482497958.0,1062777908.0,346600494.0,1236066558.0,309058440.0
419530,SAMG엔터,CFS,100334331438.0,65699669512.0,44978326046.0,32183346101.0,58827588119.0,66575968649.0,63897054172.0,30774467451.0,35450710599.0,24295179277.0,5353152292.0,-3738699308.0,25549707231.0,-9797724017.0
419540,비스토스,CFS,12546702356.0,13397129049.0,1778116684.0,1627212716.0,2266685874.0,2020361159.0,18080132534.0,19419280985.0,4479382554.0,4359120251.0,6975307.0,-10960231.0,18010957.0,97971983.0
420570,제이투케이바이오,CFS,19212330740.0,19798180688.0,2529297418.0,2511052445.0,3712180473.0,4622898012.0,32187288220.0,31343522014.0,8529332465.0,12043266682.0,698331701.0,2904293547.0,882986150.0,2612435766.0
420770,기가비스,CFS,138075950588.0,179556078964.0,16383497187.0,3855833392.0,36508047007.0,23973068318.0,196655365185.0,205694783038.0,8893890020.0,9036666380.0,2033681704.0,347322002.0,1393996186.0,924593246.0
424760,벨로크,CFS,23185242927.0,24695597454.0,9568179064.0,13679663649.0,10853645668.0,14387401675.0,25196984554.0,24697201513.0,9570203924.0,5171073991.0,392187245.0,-799918010.0,1372638026.0,-24663786.0
424870,이뮨온시아,CFS,45646733575.0,19862744833.0,4029258767.0,6492579062.0,4400423760.0,6770837746.0,47505333989.0,19423991857.0,59444703.0,,-3322891907.0,-3365346348.0,-3071600435.0,-3149008334.0
424960,스마트레이더시스템,CFS,23883583332.0,28428175178.0,13064668555.0,15679777602.0,14557179447.0,16012228448.0,14800340568.0,16134564723.0,2615493499.0,911481367.0,-1236426233.0,-1601679248.0,1161166250.0,93241371.0
424980,마이크로투나노,CFS,27746339386.0,28464735068.0,5634483840.0,5078119387.0,22787530380.0,22466655453.0,29647274437.0,30272634823.0,5350807000.0,2160813278.0,-1136010376.0,-3442399947.0,-1390632966.0,-3475066792.0
425040,티이엠씨,CFS,222593245558.0,207220194313.0,142199594056.0,126089550421.0,156750294508.0,142093577858.0,282935648482.0,279689245437.0,76331747358.0,65451369853.0,6898539786.0,2931239791.0,1757633503.0,2055342357.0
425420,티에프이,CFS,78805022753.0,72437445649.0,16545377921.0,15463213122.0,54650373503.0,48324109833.0,84348702878.0,78424711474.0,25061510253.0,18297487628.0,3920022407.0,1609642963.0,3555763687.0,314818716.0
429270,시지트로닉스,CFS,13267574895.0,13565831729.0,8097877051.0,6774019956.0,11888380836.0,10059885608.0,20496433831.0,23529281193.0,3407905608.0,3189110736.0,-1903735391.0,-1383947467.0,,
430690,한싹,CFS,7895437026.0,11686576632.0,13340873163.0,7538383402.0,13724630933.0,7841305569.0,33949961218.0,35627245660.0,5251251173.0,5560615341.0,-689786452.0,-728335347.0,-699893916.0,-137104396.0
431190,케이쓰리아이,CFS,21324333602.0,29283858799.0,2744702643.0,3732383387.0,3528979528.0,4672098628.0,34001502514.0,35813239148.0,2508120879.0,2710555191.0,-1344279452.0,-746265258.0,-1227901958.0,-866720286.0
432430,와이랩,CFS,31329752552.0,38563476244.0,7608783049.0,9649611803.0,12660176002.0,14664899334.0,35195635223.0,39398520091.0,11569714399.0,3354833243.0,-2047186485.0,-2413739192.0,-1995981782.0,-2232713521.0
432470,케이엔에스,CFS,39451358042.0,40414949334.0,16049522452.0,8572822087.0,25936481494.0,8805424598.0,58844963526.0,54345616493.0,13013819987.0,6528023339.0,643405121.0,108698366.0,1081180071.0,336056499.0
432720,퀄리타스반도체,CFS,45130038108.0,54930427288.0,10863524071.0,11553701117.0,13808556695.0,13356309236.0,40480861461.0,50664367455.0,915321852.0,437706323.0,-6371080237.0,-5625999558.0,-5571132480.0,-4457145538.0
432980,엠에프씨,CFS,20472858305.0,22247448761.0,6304128955.0,8032956756.0,6511595704.0,8072648127.0,29648972828.0,28325249195.0,5407719170.0,6442368412.0,642694415.0,1064892507.0,1133080502.0,-27894264.0
434480,모니터랩,CFS,28440269885.0,28701874630.0,5990598328.0,4897743690.0,8072556064.0,7137920860.0,36826553759.0,37525814632.0,3804813204.0,3521948040.0,-120903262.0,-374847027.0,-535094587.0,756061199.0
435570,에르코스,CFS,12672646741.0,9149882376.0,28685619536.0,31056906809.0,46612285654.0,48126956374.0,48520796801.0,38708319583.0,8761079737.0,8722064046.0,89125979.0,920676456.0,-5313779332.0,429337444.0
437730,삼현,CFS,86745452999.0,94293156974.0,22136525116.0,20997060791.0,27664970005.0,25054988410.0,119031575829.0,115237838264.0,26859505067.0,26144284419.0,1517001678.0,1737856852.0,3234821033.0,3003313953.0
438700,버넥트,CFS,20358385586.0,25430012524.0,8330684081.0,8349470821.0,11057040172.0,11148286271.0,28021299136.0,32618051972.0,583349197.0,692799002.0,-2434208256.0,-3273976679.0,-1997345154.0,-3116558635.0
439090,마녀공장,CFS,118624273480.0,121344798007.0,7581024466.0,14292152340.0,8926497555.0,15702045725.0,117524634963.0,113795607641.0,31693253166.0,36628304264.0,2983368599.0,8314154728.0,1901688541.0,6592048818.0
439580,블루엠텍,CFS,42102829833.0,47609661282.0,58777011915.0,56040974259.0,70809073625.0,68525258761.0,43068558206.0,47137038657.0,45650394831.0,25624407225.0,-800230438.0,-1637844849.0,-2495616150.0,2421325646.0
439960,코스모로보틱스,,,,,,,,,,,,,,,
440110,파두,CFS,83769647642.0,98647616813.0,40210085726.0,31263024620.0,44005377938.0,36480472542.0,71565920374.0,97946870542.0,23679326011.0,7092515833.0,-12564211319.0,-22184506699.0,-14750903093.0,-21480915633.0
440290,HB인베스트먼트,CFS,,,,,5111850798.0,4564019381.0,85614581565.0,87347518196.0,6576917129.0,1997430482.0,,,3244326692.0,-24705216.0
440320,오픈놀,CFS,43945068244.0,46838069195.0,29119631176.0,28577301554.0,40782963415.0,37986605886.0,45106922171.0,46041294563.0,14552931468.0,7841953079.0,-1505206435.0,79619820.0,-1784385712.0,472907219.0
441270,파인엠텍,CFS,108292215530.0,87642731479.0,142555908058.0,132255645573.0,198625560184.0,169063027725.0,154848023255.0,164220510532.0,76510005533.0,154769044122.0,5287594385.0,4525661713.0,-3495221512.0,3361545605.0
443250,레뷰코퍼레이션,CFS,65342546745.0,62722985608.0,18831870489.0,21080726707.0,35090564972.0,37065281713.0,51432797835.0,47560267506.0,13893104436.0,11129434343.0,2283337159.0,1834088237.0,1280578656.0,1647285142.0
443670,에스피소프트,CFS,50569829648.0,45795204253.0,13817934028.0,12831569172.0,15422785446.0,14195476715.0,66351615932.0,62653421779.0,13657369096.0,8719726834.0,916701512.0,780557810.0,919079130.0,289598821.0
444530,심플랫폼,CFS,16834056168.0,5725560239.0,2563776866.0,3356797492.0,4013400529.0,4508947371.0,14547265880.0,2786512509.0,907933600.0,145252510.0,-1023029673.0,-1149391590.0,-973498743.0,-1146350994.0
445090,에이직랜드,CFS,90113081389.0,99693244933.0,81848276716.0,62249879879.0,115450506041.0,82805936713.0,71321959570.0,84286360767.0,14694253124.0,12094387161.0,-5227397694.0,-3954104668.0,-5134921456.0,-1733837577.0
445180,퓨릿,CFS,52822069473.0,47611433057.0,11107492328.0,10399195058.0,11554231622.0,10634748431.0,98916272531.0,93272538346.0,35446222798.0,29657792556.0,4221681214.0,3071662888.0,3749366633.0,2873505908.0
445680,큐리옥스바이오시스템즈,CFS,29032883053.0,32266788286.0,36442351080.0,19917655431.0,38180442992.0,21923091988.0,27247290844.0,48637481889.0,995664876.0,1092691985.0,-3957528920.0,-3229326208.0,-18262013349.0,-3075326710.0
446540,메가터치,CFS,33338102666.0,39197380104.0,7414151369.0,8629162304.0,8784637329.0,9903528320.0,50900421697.0,55187625146.0,12138263836.0,13120371485.0,-94848245.0,1428789739.0,-679409114.0,1375988105.0
446840,지슨,CFS,12354408537.0,12311598310.0,0.0,0.0,1019920599.0,1038028385.0,11334487938.0,11273569925.0,0.0,0.0,-39315500.0,-4984800.0,24087527.0,57845455.0
448280,에코아이,CFS,119989041463.0,131676764128.0,2102421839.0,9886067660.0,13400650349.0,21335036065.0,122213807585.0,128503890925.0,5925367593.0,5745085743.0,162976160.0,2077475481.0,613146849.0,2193484906.0
448710,코츠테크놀로지,CFS,62757624128.0,59065203771.0,25122228669.0,20022653216.0,25831136211.0,20843955882.0,48536698531.0,45813477719.0,13838929038.0,12940483675.0,1435796036.0,1229836641.0,1279678547.0,1017923691.0
448900,한국피아이엠,CFS,37262833721.0,25928385706.0,22252650105.0,23478655659.0,26561582740.0,32807209849.0,55600039320.0,43652099251.0,8917186352.0,10531280091.0,116280820.0,949057887.0,-1824250410.0,660495449.0
450330,하스,CFS,21826355177.0,22937803641.0,7033882798.0,6875630263.0,9060769417.0,9425134857.0,45114538725.0,45455861038.0,4608354764.0,4076143336.0,963316290.0,107944547.0,983986889.0,194559217.0
450520,인스웨이브,CFS,40008815703.0,42490892068.0,8167391078.0,6118229762.0,13079974110.0,11418769633.0,40570280799.0,43997291170.0,10375326792.0,4929108888.0,-1072110125.0,-1848174794.0,-584752233.0,-1057406892.0
450950,아스테라시스,CFS,38774899947.0,19076298994.0,5212578335.0,4829339404.0,5483030594.0,5090889183.0,40876841090.0,19637885805.0,10336793548.0,7844325918.0,3837319824.0,2440308132.0,2939495101.0,1699402234.0
451220,아이엠티,CFS,31004388553.0,34308405395.0,21823114806.0,3006749342.0,29289546514.0,26036659631.0,27413413032.0,28650434959.0,7362439035.0,1647431418.0,-396789621.0,-674448306.0,-772380573.0,-874896932.0
451250,삐아,CFS,40140915069.0,42379441288.0,5546692048.0,6141729342.0,8164346129.0,8683789105.0,40899652608.0,42172060122.0,17402080507.0,13651289163.0,186639298.0,591591410.0,-180354647.0,-3248826822.0
451760,컨텍,CFS,141410767449.0,164369509452.0,70998251949.0,79150888177.0,82673735724.0,90546618220.0,175730294360.0,188210551166.0,26575765698.0,5059354083.0,-5313275563.0,-4016335758.0,-6312301094.0,-3457985861.0
452160,제이엔비,CFS,17998102166.0,11840280991.0,9471255849.0,9252353407.0,32024128372.0,27351786010.0,41024396955.0,38099183128.0,3539923053.0,3771213344.0,164322932.0,624515658.0,396071035.0,135715787.0
452190,한빛레이저,CFS,24703512351.0,22885239516.0,5176694832.0,4433491446.0,8504838741.0,6360373671.0,27869063963.0,28073736397.0,8066178536.0,3185990387.0,929348469.0,-579131103.0,943558853.0,-365147554.0
452200,민테크,CFS,32755931704.0,41416397658.0,21404462100.0,25454632481.0,33075533264.0,37658565400.0,26170272743.0,31065285887.0,795030000.0,3285271818.0,-3457737173.0,-3221513414.0,-556562718.0,-11837656572.0
452280,한선엔지니어링,CFS,53826864668.0,41256088681.0,35948553151.0,11750657237.0,42335496304.0,20041049390.0,65188261194.0,58945874957.0,15498771795.0,13130459016.0,2653019345.0,1747684062.0,4320982224.0,1001057702.0
452300,캡스톤파트너스,CFS,6623506855.0,7750165987.0,3727079865.0,3598242923.0,4817855742.0,4799942830.0,32646565224.0,32378631334.0,1833096284.0,1596182672.0,450739547.0,235343647.0,364805854.0,178552473.0
452400,이닉스,CFS,77681018544.0,78514759378.0,18076603910.0,16033510970.0,18509866821.0,16268360739.0,118288950221.0,121761353035.0,33086959519.0,24858826991.0,68757362.0,391821460.0,-9545894.0,739046032.0
452430,사피엔반도체,CFS,11451249694.0,14781709533.0,11335372661.0,4953753935.0,14091881970.0,14796455495.0,13361414779.0,16446696544.0,2016735682.0,172431794.0,-1685848157.0,-1468702475.0,-2250169791.0,-1598968926.0
452450,피아이이,CFS,63817203914.0,66760393644.0,35701447462.0,40315010177.0,41238440707.0,46213476654.0,61261701904.0,51831850437.0,17001117324.0,27313656120.0,-4305483267.0,929508244.0,-5192905787.0,977371123.0
453450,그리드위즈,CFS,99870273364.0,104625937373.0,20559147416.0,29594773557.0,29419635668.0,38356500704.0,129441504637.0,130399757841.0,26111968075.0,18891631251.0,1443058869.0,-1494915730.0,1635129941.0,-1204342137.0
453860,에이에스텍,CFS,31023510804.0,27919660435.0,17031575835.0,16738704737.0,41635878837.0,33025994208.0,58279332672.0,56467986191.0,7741478557.0,11040342639.0,593322923.0,3380894848.0,,
455180,케이지에이,CFS,20163100707.0,21772303059.0,12156618765.0,19624191663.0,51750656497.0,48563852718.0,42258217878.0,24142947095.0,4585541208.0,9318369378.0,838564614.0,-376553053.0,-5340547479.0,-629710806.0
455900,엔젤로보틱스,CFS,32144472418.0,34310305670.0,1660384322.0,1135442807.0,4870672712.0,3548270260.0,37190725984.0,40328538886.0,1490249387.0,1385190853.0,-2176596654.0,-2624876629.0,-1973683608.0,-2271316778.0
456010,아이씨티케이,CFS,47893729197.0,33498660478.0,28247885413.0,1121059912.0,29728569328.0,2780906467.0,36909428757.0,43011776728.0,829882242.0,1638774135.0,-2604483494.0,-1985385495.0,-4195215443.0,-1530068231.0
456070,이엔셀,CFS,28047690661.0,35544728856.0,2551075445.0,2688728877.0,6871764822.0,7576848671.0,40131743267.0,48168165273.0,1177674454.0,1858861432.0,-4474315869.0,-3092329315.0,-4330767126.0,-3044656168.0
456160,지투지바이오,CFS,5245034912.0,10742970400.0,6697482626.0,141721765325.0,9750293216.0,144884126198.0,9514057563.0,-119539090270.0,153428071.0,80769780.0,-2745344220.0,-2756343041.0,-2852212453.0,-1156399413.0
457370,한켐,CFS,45939009340.0,50708457311.0,3966206135.0,5878898904.0,5966206135.0,7878898904.0,56324173189.0,55126264145.0,10960240792.0,9153811794.0,2020688158.0,1612277342.0,1732363631.0,1353301548.0
457550,우진엔텍,CFS,36724445010.0,35763947075.0,3845959694.0,3800548304.0,4318059720.0,4325109512.0,47398331911.0,47423610781.0,11413933098.0,12658055175.0,1533864793.0,1927952212.0,1379115802.0,1777121485.0
457600,벡트,CFS,24281211945.0,33789925566.0,19646743335.0,20720256460.0,22726146593.0,28048966915.0,21797835328.0,23785229084.0,7217533333.0,11904873570.0,-1726343234.0,840965882.0,-1948185307.0,633420279.0
458350,에스팀,,,,,,,,,,,,,,,
458650,성우,CFS,169516608470.0,177853260323.0,15278855071.0,22520027520.0,24838410886.0,32114906358.0,217855241761.0,222833198032.0,20842728154.0,33751759671.0,-1370482021.0,5999219071.0,-1831559143.0,5825304356.0
458870,씨어스,CFS,19559713339.0,16442253238.0,5597090513.0,3879868600.0,8481655050.0,6684868195.0,22761608796.0,21398870839.0,7954083649.0,884271579.0,1485484198.0,-2891224856.0,1499895527.0,-3014728051.0
459100,위츠,CFS,64047459012.0,63900919898.0,54064872848.0,51349705249.0,58882138720.0,57023099153.0,37168969489.0,40851655676.0,36244295701.0,24573954591.0,2224669203.0,1025938251.0,160776991.0,-109168227.0
459510,나우로보틱스,CFS,17242412110.0,9349357905.0,3095915368.0,5600999045.0,13779186378.0,10544443525.0,19913696348.0,5772482226.0,2231086200.0,2741857887.0,-1761125281.0,-291241104.0,-1784811416.0,-1091020477.0
459550,알트,,,,,,,,,,,,,,,
460470,아이빔테크놀로지,CFS,24076036397.0,27573028849.0,1599231435.0,1518575588.0,3455032860.0,3612233016.0,28805284755.0,31274449418.0,721638360.0,808757379.0,-1184426657.0,-1012560533.0,-1186917888.0,-1007784659.0
460870,에스엠씨지,CFS,28772421925.0,24138260589.0,24261285583.0,27949546236.0,30412608415.0,36621259469.0,38463098930.0,27954695259.0,16122574534.0,15270049413.0,1728131571.0,989942843.0,1373337939.0,-4519219197.0
460930,현대힘스,CFS,78540057472.0,72618603746.0,41439010164.0,40284862563.0,89586794253.0,92994274998.0,242223105922.0,233537693533.0,62312448641.0,57615883336.0,8258634852.0,6863515613.0,6256185835.0,5070890563.0
460940,피앤에스로보틱스,CFS,40761844542.0,38824979630.0,1720883966.0,1064560765.0,2526732731.0,1375444091.0,41692745625.0,39956175751.0,2648381234.0,1683602805.0,1213167128.0,521187901.0,1152043186.0,484300913.0
461030,아이엠비디엑스,CFS,27695132260.0,30908141992.0,1245507726.0,1190191189.0,1558293954.0,1593263955.0,29070859443.0,32454192299.0,1509640952.0,1185129777.0,-1912797646.0,-2627688511.0,-1881350963.0,-2299181246.0
461300,아이스크림미디어,CFS,113656812977.0,170562262818.0,31069914036.0,39211280861.0,31762578976.0,39608059970.0,184780520562.0,183268070875.0,64689229938.0,48396674432.0,24057603463.0,18638201153.0,19006000434.0,17071664699.0
462310,뉴키즈온,CFS,42078931618.0,31308006844.0,10000711830.0,10560630706.0,11563264775.0,11211774852.0,44829982299.0,34595074082.0,12420958791.0,13891790533.0,184329918.0,1007624795.0,-3607184739.0,797969960.0
462350,이노스페이스,CFS,20135404153.0,31667084362.0,10507083349.0,8145496985.0,16960642487.0,11727770859.0,46694388470.0,44186142416.0,451795830.0,,-16739786399.0,-5708008947.0,-16756047925.0,-6171303521.0
462510,라메디텍,CFS,13763580205.0,15486825069.0,1171712072.0,1282738091.0,6679025618.0,3191785707.0,14179230991.0,19154104267.0,1650457759.0,1858358952.0,-2618829651.0,-2770539892.0,-2581698691.0,-2751724877.0
462860,더즌,CFS,120423987764.0,94935270327.0,68740553161.0,71925552545.0,70103741448.0,74302000525.0,69204364341.0,41367841817.0,14608827666.0,15974081972.0,3107726658.0,2648967703.0,2788260453.0,2755115361.0
462980,아이지넷,CFS,28235314024.0,15592523422.0,10884123360.0,11301700913.0,12925143942.0,13368105473.0,19641380304.0,5718946265.0,7765234027.0,5742025004.0,-123941368.0,171501273.0,12009269.0,244790622.0
463020,뉴엔AI,CFS,51113000000.0,19544000000.0,8008000000.0,7705000000.0,8966000000.0,8691000000.0,52906000000.0,21225000000.0,4409000000.0,5421000000.0,-711000000.0,697000000.0,-699000000.0,-8880000000.0
463480,모티브링크,CFS,40072729996.0,17663557327.0,21395679441.0,15857164019.0,29481059864.0,24315542656.0,37162714632.0,19717592554.0,20480496941.0,16393468653.0,110498759.0,1099917352.0,629703386.0,1289686595.0
464080,에스오에스랩,CFS,22578743051.0,30651435369.0,7594293702.0,4191906127.0,18584495592.0,7095334400.0,23901547385.0,31970640049.0,1273158751.0,467949360.0,-4248469426.0,-3224340799.0,-4415800189.0,-3134476848.0
464280,티디에스팜,CFS,37482253515.0,39640359384.0,10123928519.0,10517269553.0,10256421909.0,10656332980.0,39729605945.0,38504239728.0,5583280544.0,8072841476.0,323285068.0,1648310804.0,859010785.0,1466386565.0
464490,쿼드메디슨,CFS,9576098455.0,11685770736.0,5266042295.0,6329555191.0,20862567184.0,20498173571.0,9003292902.0,11599995750.0,,,33651378.0,-1374440584.0,-369716303.0,-1423947966.0
464500,아이언디바이스,CFS,29072941951.0,31837294000.0,2405309935.0,2406113350.0,5328030119.0,5587645470.0,28697727138.0,31165587584.0,890456844.0,2032609423.0,-1481783638.0,-857568750.0,-1573686299.0,-602715370.0
464580,닷밀,CFS,22717109757.0,23080762770.0,10404738124.0,8819093677.0,14014132867.0,12650385624.0,31608422493.0,33270251007.0,5730641871.0,6790793055.0,-502176457.0,637908947.0,-570020668.0,905311246.0
465320,교보15호스팩,CFS,,,,,1493705838.0,1459834095.0,7642070233.0,7590784469.0,0.0,0.0,,,32634701.0,42575691.0
465480,인스피언,CFS,15899068339.0,37742660808.0,4106617056.0,5328272097.0,4356617056.0,5443722406.0,51992986977.0,52658747693.0,4028201522.0,4179215841.0,-417343354.0,1198433395.0,-1821736587.0,930899793.0
466100,클로봇,CFS,67097168527.0,65669617251.0,12242159678.0,8026984472.0,13598450449.0,9543311601.0,56917519891.0,59967623220.0,7849410881.0,7709201930.0,-1877880143.0,-2345341607.0,-1351247825.0,-2169480010.0
466410,사이냅소프트,CFS,47042519596.0,47263561591.0,1716924998.0,4275212170.0,2139180599.0,5636736100.0,66429330203.0,64022017860.0,3017899225.0,2660298179.0,830888017.0,784188454.0,1202034563.0,1062628231.0
466690,키움히어로제1호스팩,,,,,,,,,,,,,,,
467930,IBKS제23호스팩,CFS,10155719685.0,10041038299.0,7700000.0,0.0,1603716412.0,1545655593.0,8552003273.0,8495382706.0,0.0,0.0,-16571350.0,-24152530.0,22855158.0,29299608.0
468530,프로티나,CFS,11154794317.0,13382248171.0,1542252447.0,870643256.0,2792805165.0,2212849005.0,12534774135.0,15758520894.0,963568300.0,763194280.0,-2397012578.0,-2576970927.0,-1957139112.0,-700947394.0
468760,유진스팩10호,CFS,10165862562.0,10076227605.0,0.0,0.0,1532789909.0,1513356723.0,8633072653.0,8562870882.0,0.0,0.0,-8822000.0,-13564860.0,18830228.0,32393192.0
469480,IBKS제24호스팩,CFS,10110391613.0,10030814127.0,660000.0,660000.0,1534365387.0,1509919337.0,8576026226.0,8520894790.0,,,,,29585251.0,39311326.0
469610,이노테크,,,,,,,,,,,,,,,
469750,아이비젼웍스,CFS,34113693508.0,34391237900.0,12190167638.0,6991433008.0,14782033638.0,13315213008.0,34715911467.0,35900038202.0,3155749734.0,8166120841.0,-363597036.0,857861723.0,-750088349.0,1111931747.0
469880,하나30호스팩,CFS,17777845612.0,17568108084.0,21777420.0,17427420.0,2823232556.0,2724426162.0,14954613056.0,14843681922.0,0.0,0.0,-11693000.0,-11803000.0,53306940.0,97170264.0
469900,하나31호스팩,CFS,12620402244.0,12529392684.0,20677420.0,17977420.0,1683523711.0,1630117616.0,10936878533.0,10899275068.0,0.0,0.0,-11253000.0,-6303000.0,37694450.0,64922331.0
471050,대신밸런스제17호스팩,CFS,1920854727.0,2100536898.0,,3300000.0,1184302308.0,1196302013.0,12059864994.0,11904234885.0,,,-9695000.0,-5295000.0,107554900.0,54318473.0
471820,셀로맥스사이언스,CFS,19328191465.0,28702166297.0,3075798442.0,3154281729.0,4567620828.0,4578609271.0,43757549141.0,44521657843.0,6459547274.0,5475088808.0,1158862626.0,1477090333.0,1154904294.0,1392746942.0
472220,신영스팩10호,CFS,1754671574.0,1957529055.0,,,1551017463.0,1550309200.0,9624312784.0,9557219855.0,0.0,0.0,,,68836877.0,48286708.0
472230,에스케이증권제11호스팩,CFS,10088769998.0,10026089008.0,2750000.0,,1656868501.0,1638573019.0,8431901497.0,8387515989.0,,,-11161208.0,,9456777.0,
472850,폰드그룹,CFS,211310356812.0,206206649440.0,107400492531.0,115146882201.0,179645435127.0,185040572445.0,248578294904.0,237702191037.0,112049651902.0,82842945911.0,15755012581.0,11011407709.0,11327587652.0,5334893876.0
473000,에스케이증권제12호스팩,CFS,8023249346.0,7975177128.0,,,1478504466.0,1444556229.0,6544744880.0,6530620899.0,,,-11156808.0,,-1589513.0,
473050,유안타제15호스팩,CFS,2187494340.0,2438461196.0,1958851.0,2860000.0,1617476933.0,1629816011.0,13955186116.0,13808645185.0,,,-9872620.0,-9121000.0,83951665.0,71606998.0
473950,에스케이증권제13호스팩,CFS,10006732522.0,9898188818.0,,,1401878672.0,1354222771.0,8604853850.0,8543966047.0,,,-12656544.0,,31036440.0,
473980,노머스,CFS,47552335950.0,51526583992.0,14279466332.0,11909696672.0,15821590451.0,12655451457.0,95044970529.0,86141575985.0,16033959799.0,17062046748.0,4218752037.0,2129044519.0,2999592226.0,1602741820.0
474170,루미르,CFS,30291638045.0,39611921374.0,4660937833.0,8731690343.0,7084999101.0,11034256853.0,60710615445.0,60975993509.0,2011360355.0,5593270363.0,308922594.0,3955632.0,493673422.0,-166698097.0
474490,유안타제16호스팩,CFS,12709115806.0,12601485062.0,9478153.0,2530000.0,1658843214.0,1658693322.0,11050272592.0,10942791740.0,0.0,0.0,-8355050.0,-7455870.0,52857065.0,46160061.0
474610,RF시스템즈,CFS,48751505325.0,49832213315.0,20648274063.0,20975099239.0,25323231268.0,26907422911.0,46416399499.0,41983578027.0,10399379687.0,9104269416.0,1581985166.0,563619219.0,1936585479.0,679072942.0
474650,링크솔루션,CFS,33540114478.0,21944904926.0,13297496228.0,12284143289.0,20428012389.0,13439648187.0,39454749419.0,22210278060.0,1931557940.0,3868432102.0,-2260174028.0,683838833.0,-2047971084.0,812233693.0
474660,신한제12호스팩,CFS,2656838521.0,2499991893.0,1715468432.0,1680673867.0,1780836833.0,1743937504.0,10876001688.0,10756054389.0,,,-7228920.0,-198458420.0,83670468.0,-99827552.0
474930,신한제13호스팩,CFS,7251977937.0,7193984443.0,144000.0,1500000.0,523416552.0,532728217.0,6728561385.0,6661256226.0,,,-7800900.0,-7215200.0,39984840.0,24358704.0
475040,스트라드비젼,CFS,57221204542.0,24868431175.0,339611528197.0,282326117763.0,351031315860.0,293941636386.0,-274544190110.0,-245150819059.0,3092270917.0,1723195682.0,-14838609287.0,-16441929700.0,-12069536544.0,-12881262607.0
475230,엔알비,CFS,17820404015.0,13886515014.0,86623750581.0,73698617153.0,107127875872.0,96029502914.0,37760945569.0,39718361262.0,12105898407.0,10811188548.0,1098738832.0,1351328668.0,-2308432389.0,177952282.0
475240,하나32호스팩,CFS,7243000270.0,7187722271.0,17870968.0,19773968.0,934359339.0,928423862.0,6308640931.0,6259298409.0,0.0,0.0,-12870740.0,-3001000.0,18604756.0,32096928.0
475250,하나33호스팩,CFS,8461393838.0,8403658411.0,0.0,0.0,1115453299.0,1124019049.0,7345940539.0,7279639362.0,,,-10696240.0,-11772000.0,37276589.0,21981103.0
475400,씨메스로보틱스,CFS,65420749349.0,72743736900.0,5996572299.0,3999245662.0,6372886849.0,6738819971.0,66822398914.0,74248819205.0,3859369448.0,951672488.0,-3785611666.0,-3833529548.0,-3014150155.0,-3690081860.0
475430,키스트론,CFS,58179984345.0,47592274829.0,13399569784.0,12964522451.0,30112420473.0,27974532114.0,173203706358.0,151915761990.0,19102557240.0,18903743602.0,2176949891.0,2432327978.0,2181350579.0,5826153461.0
475460,미트박스,CFS,53142266452.0,31108377888.0,24787933783.0,23966601353.0,46577989723.0,33046815536.0,35987168552.0,17181275904.0,,,-288854509.0,439062329.0,-376492533.0,254870710.0
475580,에이럭스,CFS,41451803943.0,46570223942.0,6685541415.0,4369636367.0,7753279937.0,5945532243.0,49721163714.0,56859872061.0,12725848313.0,14368134246.0,-3861203527.0,2161480022.0,-3606247883.0,2529845117.0
475660,에스켐,CFS,19152731136.0,21260626116.0,2110740079.0,2804263786.0,2905759253.0,3566615146.0,37779346573.0,38247307485.0,3870389022.0,9286608853.0,-1004011488.0,1979035611.0,-938589825.0,1304608225.0
475830,오름테라퓨틱,CFS,153616491885.0,122510410471.0,6449356933.0,31863567335.0,28543857047.0,32071321241.0,157190253262.0,121764729716.0,4162791.0,16192863.0,-9995848525.0,-6527661015.0,-3772314639.0,-1695562124.0
475960,토모큐브,CFS,35514861446.0,40062469270.0,1770517269.0,1328492153.0,2963582727.0,1620396778.0,38591521959.0,41990145475.0,3142522516.0,1719166073.0,-1126348661.0,-1948287328.0,-1130214120.0,-1836587215.0
476040,오가노이드사이언스,CFS,34239161153.0,16897766368.0,5791343460.0,5051363395.0,11219584546.0,10599709820.0,32268896801.0,15292631108.0,604532414.0,209999414.0,-4697243837.0,-3313950489.0,-4524325963.0,-1358016145.0
476060,온코닉테라퓨틱스,CFS,55063579956.0,52134487893.0,4549803013.0,4765456318.0,4632211702.0,4894565496.0,58983332991.0,56018862985.0,,,1112888260.0,-786902402.0,-155739772.0,-7888890444.0
476080,M83,CFS,42700093933.0,41024089497.0,29326950516.0,17893224702.0,34242145033.0,24512099821.0,46829174159.0,50862233733.0,31730548388.0,11244191753.0,-1761299217.0,262082467.0,-1858088051.0,1121825651.0
476830,알지노믹스,CFS,23542574235.0,24461101028.0,208223718539.0,119976323939.0,209621339711.0,121363988987.0,-182848928458.0,-93217117525.0,,,3055961424.0,-3419869343.0,-85066907785.0,-4491621651.0
477340,에이치엠씨제7호스팩,CFS,16058325981.0,15848534964.0,0.0,0.0,1234957240.0,1258087560.0,14823368741.0,14590447404.0,0.0,0.0,-7141740.0,-13941800.0,160163522.0,-6781723.0
477380,미래에셋비전스팩4호,CFS,17239074903.0,17087466374.0,1275000.0,0.0,2002220280.0,2024030448.0,15236854623.0,15063435926.0,,,-7842492.0,-14544200.0,95864889.0,29366468.0
477470,미래에셋비전스팩5호,CFS,12172844225.0,12011658137.0,2275000.0,0.0,1635499630.0,1577542559.0,10537344595.0,10434115578.0,,,-7753560.0,-13465200.0,57091764.0,-9613869.0
477760,DB금융스팩12호,CFS,12095537605.0,11972837828.0,4070000.0,550000.0,967687140.0,954746682.0,11127850465.0,11018091146.0,0.0,0.0,-7354771.0,-24774700.0,50275259.0,-17395523.0
477850,마키나락스,,,,,,,,,,,,,,,
478110,이베스트스팩6호,CFS,10040799074.0,9931427935.0,5679960.0,0.0,931417017.0,887766082.0,9109382057.0,9043661853.0,0.0,0.0,-12448450.0,-5402500.0,33795489.0,-11788118.0
478340,나라스페이스테크놀로지,,,,,,,,,,,,,,,
478390,KB제29호스팩,CFS,14718420853.0,14595355295.0,1440000.0,1440000.0,2134040927.0,2143365670.0,12584379926.0,12451989625.0,0.0,0.0,-14030040.0,-15414400.0,69311408.0,-5152260.0
478440,미래에셋비전스팩6호,CFS,16153864544.0,16014544998.0,1063223.0,0.0,2353711247.0,2353251589.0,13800153297.0,13661293409.0,0.0,0.0,-10475960.0,-11632000.0,78199571.0,-15293888.0
478560,블랙야크아이앤씨,CFS,88791895506.0,27028021280.0,59626207207.0,7747839255.0,104788238824.0,9072924515.0,34239045546.0,22785010407.0,14217758055.0,10845858319.0,2907752210.0,2557742130.0,-2560808327.0,2394934735.0
479880,한국제15호스팩,CFS,15120667529.0,14996398032.0,9258195.0,,1661679436.0,1645401797.0,13458988093.0,13350996235.0,,,-20193286.0,-14672200.0,29618913.0,-14156122.0
479960,위너스일렉,CFS,32075619766.0,19100484725.0,5991855183.0,5759205487.0,8707131237.0,8610012386.0,38140941374.0,24983892506.0,8127234230.0,7224343138.0,1600810156.0,1202059921.0,1413790985.0,966460333.0
481070,에이유브랜즈,CFS,49507313267.0,22174276901.0,6281463527.0,5877784062.0,16179069020.0,12174190842.0,63727139293.0,32615302833.0,13837047331.0,11449867039.0,2576876232.0,3368727129.0,2723572375.0,2418877581.0
481890,엔에이치스팩31호,CFS,15206545643.0,14999939769.0,0.0,0.0,2438656666.0,2365548680.0,12767888977.0,12634391089.0,0.0,0.0,-17017900.0,-9656400.0,63953600.0,-7064716.0
482520,교보16호스팩,CFS,15050771703.0,14904061918.0,374000.0,5874000.0,2767707202.0,2709036735.0,12283064501.0,12195025183.0,0.0,0.0,-13397440.0,-21210317.0,53120718.0,-30210052.0
482630,삼양엔씨켐,CFS,71048497495.0,52848887822.0,27597674370.0,34706089331.0,35537517935.0,44628328054.0,110971249846.0,83631024535.0,30664113320.0,27775905570.0,4291469142.0,3215738247.0,3496069737.0,2655310986.0
482680,미래에셋비전스팩7호,CFS,20101514093.0,19876971456.0,0.0,0.0,3483769924.0,3386589245.0,16617744169.0,16490382211.0,0.0,0.0,-19357170.0,-14560640.0,60967828.0,-25921644.0
482690,대신밸런스제19호스팩,CFS,13486982339.0,13344297190.0,165000.0,13062500.0,1937187378.0,1864935668.0,11549794961.0,11479361522.0,,,-11083040.0,-9332400.0,32056444.0,-22229411.0
484120,도우인시스,CFS,67150557397.0,53260185602.0,69535160586.0,53345985419.0,76250816510.0,65375995849.0,112904569582.0,122178185446.0,53180198476.0,47908018857.0,3641988011.0,5991702951.0,-5851103415.0,11945333777.0
484130,하나34호스팩,CFS,,,,,1393059997.0,1336382644.0,8563701919.0,8505495967.0,0.0,0.0,,,30512807.0,-14051398.0
484590,삼양컴텍,CFS,87900340087.0,65283732468.0,96396707323.0,91862192460.0,116425954345.0,108012682290.0,63534626790.0,53409666051.0,35471076437.0,37511485313.0,7846750810.0,4300962271.0,5860764373.0,3397625509.0
484810,티엑스알로보틱스,CFS,75904466528.0,33538672282.0,39082232260.0,27862339858.0,46903054712.0,43335936253.0,69042194761.0,29911453273.0,9316732514.0,14735870403.0,-226212644.0,1689148741.0,-306611639.0,844264296.0
486630,KB제30호스팩,CFS,12053437242.0,11896157412.0,1440000.0,1880000.0,1565953588.0,1513389956.0,10487483654.0,10382767456.0,0.0,0.0,-15186960.0,-10020640.0,49092704.0,-9140907.0
486990,노타,,,,,,,,,,,,,,,
487360,신한제14호스팩,CFS,11922816940.0,11788791820.0,6341130.0,771740.0,1233528789.0,1183558657.0,10689288151.0,10605233163.0,,,-7519960.0,-5034400.0,49628356.0,-4563323.0
487580,폴레드,,,,,,,,,,,,,,,
487720,키움제10호스팩,CFS,9937730941.0,9845785619.0,1925000.0,20170940.0,1691449786.0,1661366882.0,8246281155.0,8184418737.0,0.0,0.0,-2972840.0,-110000.0,33969723.0,-917120.0
487830,신한제15호스팩,CFS,9981157346.0,9854814218.0,4059320.0,726320.0,1579941941.0,1528357568.0,8401215405.0,8326456650.0,,,-10546000.0,,53029677.0,
488060,유진스팩11호,CFS,10999419509.0,10862190797.0,2200000.0,4860000.0,1565442132.0,1510457687.0,9433977377.0,9351733110.0,0.0,0.0,,,45272438.0,0.0
488280,에스투더블유,,,,,,,,,,,,,,,
488900,비츠로넥스텍,,,,,,,,,,,,,,,
489210,교보17호스팩,CFS,,,,,1613157687.0,1584844556.0,10360590497.0,10272759172.0,0.0,,,,49706859.0,
489460,바이오비쥬,CFS,52453817410.0,30885456122.0,3668659850.0,6740380386.0,3856384465.0,6842050682.0,61210976553.0,30947080076.0,6237068317.0,7052355209.0,1627875416.0,1120083968.0,574732390.0,128619194.0
489480,키움제11호스팩,CFS,12473592891.0,12332703415.0,0.0,0.0,805200940.0,779142491.0,11668391951.0,11553560924.0,0.0,,-13200240.0,,55183431.0,
489500,엘케이켐,CFS,33383215024.0,19153768973.0,1665167210.0,3122344040.0,5299452844.0,6796727314.0,56570825954.0,34439425923.0,5760742756.0,9104991311.0,1745301574.0,4923451763.0,1029899574.0,3031791550.0
489730,디비금융제13호스팩,CFS,14396345048.0,14197382440.0,0.0,0.0,1814550844.0,1740756003.0,12581794204.0,12456626437.0,0.0,,-5848640.0,,65250517.0,
490470,세미파이브,,,,,,,,,,,,,,,
491000,리브스메드,,,,,,,,,,,,,,,
492220,KB제31호스팩,CFS,14523238208.0,14389802915.0,1880000.0,1000000.0,2178124744.0,2122959019.0,12345113464.0,12266843896.0,0.0,,-70899889.0,,13904985.0,
493280,아이엠바이오로직스,,,,,,,,,,,,,,,
493330,지에프아이,,,,,,,,,,,,,,,
493790,유안타제17호스팩,CFS,2225792461.0,2280312685.0,660000.0,440000.0,1785326919.0,1738507516.0,10440465542.0,541805169.0,,,-12263210.0,,34866087.0,
494120,큐리오시스,CFS,8793531095.0,12861082695.0,4387273995.0,5182113888.0,7276824376.0,7658599961.0,6611788571.0,9708528799.0,2008766102.0,1308813864.0,-1322038681.0,-1180010130.0,-1337885097.0,-1259979240.0
496070,신한제16호스팩,CFS,11822814882.0,1981967860.0,5479440.0,1283020.0,1227741754.0,1200947399.0,10595073128.0,781020461.0,,,-10636170.0,,12100154.0,
498390,한화플러스제5호스팩,CFS,11775809214.0,2490592328.0,284790.0,4400000.0,2032710970.0,2002212186.0,9743098244.0,488380142.0,,,-185886500.0,,-202176862.0,
