종목코드,종목명,재무제표종류,유동자산_2023,유동자산_2022,유동부채_2023,유동부채_2022,부채총계_2023,부채총계_2022,자본총계_2023,자본총계_2022,매출액_2023,매출액_2022,영업이익_2023,영업이익_2022,당기순이익_2023,당기순이익_2022
000020,동화약품,CFS,231666298781.0,227527470560.0,77262781089.0,75562338929.0,87167877184.0,82463208091.0,394587815641.0,378673250961.0,89990356416.0,87218159367.0,5464701378.0,10093493075.0,7580362826.0,6471107225.0
000040,KR모터스,CFS,60333680101.0,60741213420.0,114455067030.0,93561448025.0,130541441350.0,109161230426.0,27167560337.0,40024015157.0,25090921178.0,30082327127.0,-3868434815.0,-821480097.0,-7272407058.0,1152294921.0
000050,경방,CFS,136043712302.0,149882373163.0,194333825070.0,199537522037.0,485883788547.0,493309854178.0,742242640490.0,755008459357.0,94787817684.0,98396748405.0,-4780548875.0,9922471181.0,-7717442020.0,-690654765.0
000070,삼양홀딩스,CFS,1710626000000.0,1747899000000.0,1064026000000.0,754977000000.0,1986464000000.0,2024270000000.0,2562646000000.0,2523511000000.0,831670000000.0,862840000000.0,37819000000.0,50923000000.0,30002000000.0,38954000000.0
000080,하이트진로,CFS,999792405415.0,1054944220365.0,1672930758682.0,1538466820626.0,2186032578016.0,2172409936540.0,1109828026507.0,1161028374847.0,641553422311.0,647824327822.0,11918130720.0,62429683776.0,-3617628837.0,39581920276.0
000087,하이트진로2우B,,,,,,,,,,,,,,,
000100,유한양행,CFS,1162655701594.0,1188897717371.0,430843949245.0,434154259039.0,521821538976.0,464921702703.0,1983902256947.0,2007806369446.0,495722476266.0,482953244262.0,27296041160.0,16936587207.0,8596769396.0,32928642120.0
000105,유한양행우,,,,,,,,,,,,,,,
000120,CJ대한통운,CFS,2657079171253.0,2956459492592.0,2631450662962.0,3108759801795.0,5378448002488.0,5658991479602.0,4150948796160.0,4034308338662.0,2962432372580.0,3136935075821.0,112393191910.0,116129270715.0,60114447594.0,67089127843.0
000140,하이트진로홀딩스,CFS,1018224249459.0,1071001299628.0,2079257731152.0,1953602947964.0,2785181295208.0,2779584712819.0,1130839208444.0,1165416251848.0,638487983854.0,644407091031.0,11586330004.0,66024493286.0,-11350617318.0,37173789474.0
000145,하이트진로홀딩스우,,,,,,,,,,,,,,,
000150,두산,CFS,11231091063269.0,9526315384836.0,11307480491285.0,9478485386427.0,17209821707497.0,16017536857154.0,11058525121714.0,10297815766057.0,4968339711745.0,4359825019739.0,512016633704.0,368241017953.0,174233269252.0,-134942491576.0
000155,두산우,,,,,,,,,,,,,,,
000157,두산2우B,,,,,,,,,,,,,,,
000180,성창기업지주,CFS,67504448889.0,94243757784.0,114313657108.0,135617637519.0,202328059038.0,224541467009.0,584680793331.0,595772787956.0,42695486890.0,61011305747.0,-3554757074.0,-1519005040.0,-3888461278.0,-2238951175.0
000210,DL,CFS,2895216357321.0,3002744413405.0,2515264922564.0,2323118787433.0,7522368872899.0,7401228917375.0,4595308898280.0,4617764972333.0,1218831195279.0,1469817502279.0,-7089633750.0,58950792914.0,-89824507185.0,-29685724320.0
000215,DL우,,,,,,,,,,,,,,,
000220,유유제약,CFS,100266121360.0,96357746320.0,49480487619.0,64315528099.0,77503954763.0,71831031376.0,123081568378.0,123374041412.0,34216399604.0,34474151866.0,-380175314.0,107337004.0,-3175240180.0,-889993221.0
000225,유유제약1우,,,,,,,,,,,,,,,
000227,유유제약2우B,,,,,,,,,,,,,,,
000230,일동홀딩스,CFS,324352126044.0,357916641920.0,564957477163.0,526724128430.0,708548379626.0,693452985420.0,120476966304.0,169100181474.0,165751429305.0,171830562371.0,-26099975908.0,-28652239477.0,-27925116513.0,42297929527.0
000240,한국앤컴퍼니,CFS,564901982460.0,531357795700.0,345546384421.0,285271955522.0,508636494082.0,445377543909.0,3940784501595.0,3856441131880.0,244459288417.0,308674236589.0,44549890634.0,102702470153.0,36322826184.0,99754172372.0
000270,기아,CFS,37413825000000.0,34147147000000.0,26781581000000.0,25377803000000.0,35459513000000.0,34367884000000.0,42937497000000.0,39343081000000.0,26244214000000.0,21875984000000.0,3403042000000.0,2234063000000.0,2816912000000.0,1880967000000.0
000300,DH오토넥스,CFS,240671341474.0,244993953070.0,362970859869.0,330733362911.0,438677948935.0,431957816260.0,101345714272.0,111252460593.0,132654373930.0,130150613147.0,-534719980.0,7643919879.0,-23306538529.0,4887635557.0
000320,노루홀딩스,CFS,631776933591.0,583742767450.0,410328911484.0,367016107664.0,537382252756.0,511163923981.0,673600703990.0,660825453997.0,337873450966.0,272269807645.0,23530974139.0,11129299767.0,16329524024.0,9365053911.0
000325,노루홀딩스우,,,,,,,,,,,,,,,
000370,한화손해보험,,,,,,,,,,,,,,,
000390,SP삼화,CFS,314681018570.0,288113092021.0,242859120674.0,225145199247.0,306161693247.0,287461316451.0,303302500971.0,299724957682.0,175379989015.0,176065112836.0,10676239033.0,11221200154.0,8929692481.0,7484392522.0
000400,롯데손해보험,,,,,,,,,,,,,,,
000430,대원강업,CFS,367710958040.0,380159612604.0,338477555708.0,376914805040.0,373400084259.0,412406943010.0,613241744114.0,598011882328.0,292268971240.0,253583476903.0,21317131541.0,-2814913290.0,14549837911.0,-2600063893.0
000480,CR홀딩스,CFS,401543608505.0,460349348857.0,638809477149.0,551300891815.0,755651169261.0,793378121821.0,823043780347.0,827063930862.0,198724025357.0,206242015343.0,4630589681.0,4927994416.0,6713444581.0,15333474027.0
000490,대동,CFS,1214529175582.0,1048975028464.0,1024394516841.0,925269813878.0,1388452928033.0,1241782449283.0,509373276491.0,471990756298.0,434803733469.0,457338156807.0,29535052110.0,46132512212.0,12305240891.0,36825843105.0
000500,가온전선,CFS,530164922332.0,491767369545.0,370715270086.0,319323694193.0,482724388663.0,449261889191.0,317338263968.0,303070555819.0,338231980034.0,389953817181.0,14896591305.0,10174925543.0,7585087992.0,5994173993.0
000520,삼일제약,CFS,84762175838.0,74781467488.0,162748576611.0,132592028750.0,239414208229.0,230880901101.0,132953986674.0,125819595538.0,48460250127.0,44966180926.0,1802248125.0,2297696021.0,719058853.0,-274102908.0
000540,흥국화재,,,,,,,,,,,,,,,
000545,흥국화재우,,,,,,,,,,,,,,,
000590,CS홀딩스,CFS,227552609421.0,213280099039.0,24919084521.0,22982072997.0,36905068983.0,33693421213.0,340933087855.0,330428149572.0,46405901804.0,46104155622.0,5664362958.0,4880478361.0,5820959411.0,8504059904.0
000640,동아쏘시오홀딩스,CFS,417532498142.0,338341608434.0,608089955006.0,566085715566.0,857545844278.0,732791277454.0,1022532197240.0,998660789749.0,284888387994.0,261043377338.0,19617076296.0,14229256537.0,20494780917.0,8942686038.0
000650,천일고속,CFS,8800288268.0,9480877874.0,8198232520.0,18006556086.0,29180520878.0,28229905515.0,25224316768.0,26615752815.0,10757087789.0,9291902078.0,-776310634.0,-1831632604.0,195536532.0,129545435.0
000660,SK하이닉스,CFS,29661132000000.0,28733332000000.0,19776433000000.0,19843696000000.0,45359957000000.0,40580970000000.0,57459050000000.0,63290542000000.0,7305933000000.0,13811001000000.0,-2882084000000.0,4197226000000.0,-2987907000000.0,2881430000000.0
000670,영풍,CFS,1461383276170.0,1747077425369.0,743965777832.0,925918930294.0,1327343867082.0,1468547025489.0,4397245114461.0,4403386626977.0,945820891087.0,1059855712376.0,-74356927001.0,78418643568.0,-12494119037.0,121658979794.0
000680,LS네트웍스,CFS,289285951845.0,282285964979.0,200520754753.0,210966610920.0,743599150102.0,748565972243.0,571040711604.0,551876482818.0,104345191443.0,98536050417.0,6262395612.0,5343004380.0,4119472357.0,5778236139.0
000700,유수홀딩스,CFS,309650290420.0,314536587203.0,54770197469.0,63779943527.0,68824055460.0,79255169817.0,441270450480.0,445670895055.0,,,5787003875.0,12228213739.0,6653919201.0,15354142431.0
000720,현대건설,CFS,17241546000000.0,15516744000000.0,9744106000000.0,8757397000000.0,12377887000000.0,10987431000000.0,10310945000000.0,9924277000000.0,7163359000000.0,5579448000000.0,223551000000.0,175408000000.0,212359000000.0,224944000000.0
000725,현대건설우,,,,,,,,,,,,,,,
000760,이화산업,CFS,48068831231.0,48156421369.0,27635667663.0,27876430288.0,34248041089.0,34707840588.0,233628491300.0,233780478065.0,12511628990.0,15392769059.0,135218548.0,362583755.0,21179284.0,334341859.0
000810,삼성화재,,,,,,,,,,,,,,,
000815,삼성화재우,,,,,,,,,,,,,,,
000850,화천기공,CFS,214989325585.0,204833126801.0,89353086087.0,85246377720.0,130095953002.0,128766812502.0,345355684398.0,345265803434.0,61364368090.0,59827499723.0,2507727449.0,2651446655.0,4699395280.0,4392915619.0
000860,강남제비스코,CFS,325948467019.0,318471402195.0,170847160941.0,190999008997.0,281806096402.0,278945532072.0,683848904619.0,678845782760.0,171018143478.0,183295129505.0,9076590748.0,4557233995.0,8098268272.0,5410014308.0
000880,한화,CFS,22946299000000.0,22353201000000.0,24184421000000.0,21094631000000.0,167666485000000.0,162368653000000.0,34449371000000.0,33848346000000.0,12146829000000.0,13576705000000.0,298709000000.0,1339877000000.0,248567000000.0,1203631000000.0
00088K,한화3우B,,,,,,,,,,,,,,,
000890,보해양조,CFS,60853357476.0,57906204735.0,58360966648.0,49381850760.0,67642925920.0,64936220688.0,79800025475.0,82456280259.0,21565439934.0,20595364882.0,-2639435688.0,-191686715.0,-2683966093.0,155308416.0
000910,유니온,CFS,149338503154.0,140428558016.0,159555108074.0,132962186534.0,210587725414.0,201552927080.0,196298945488.0,174558796250.0,59175364038.0,61733933204.0,1227391831.0,1616809571.0,5511462411.0,20844132267.0
000950,전방,CFS,173111179582.0,183763559312.0,58832349106.0,85022926184.0,66057344957.0,94123353220.0,194219978013.0,210657995414.0,25631685883.0,26827134653.0,-7992890453.0,-1203037813.0,-6076171037.0,2618662433.0
000970,한국주철관,CFS,222728218970.0,233007687015.0,53282448064.0,57454236920.0,69390575653.0,73948278772.0,351141646495.0,350660350544.0,122322734489.0,130077317632.0,5577826995.0,10013253481.0,5775858878.0,8858536113.0
000990,DB하이텍,CFS,1122193652114.0,1327724119744.0,228039243690.0,404353962296.0,305980898568.0,484416396415.0,1668820907336.0,1638284078393.0,308817373901.0,435741782862.0,89928381512.0,213196901576.0,80270928182.0,160944371349.0
001020,페이퍼코리아,CFS,288999551430.0,249090738796.0,411836493041.0,410999661424.0,474889265612.0,440215219986.0,64564521845.0,61614925476.0,104074583394.0,97490677756.0,10515945766.0,6510779972.0,2433646036.0,-655341084.0
001040,CJ,CFS,13874581889000.0,15143819806000.0,15865380143000.0,16950325414000.0,30330856554000.0,30506774819000.0,17764726614000.0,17733633488000.0,10290328664000.0,10309493942000.0,498890932000.0,688045316000.0,34817052000.0,295999289000.0
001045,CJ우,,,,,,,,,,,,,,,
00104K,CJ4우(전환),,,,,,,,,,,,,,,
001060,JW중외제약,CFS,358719264784.0,425457063858.0,316274987269.0,380131098057.0,385118716405.0,402213719428.0,262644717450.0,225759035573.0,185922571832.0,165004266888.0,20574832515.0,9402602920.0,15970772466.0,851166637.0
001065,JW중외제약우,,,,,,,,,,,,,,,
001067,JW중외제약2우B,,,,,,,,,,,,,,,
001070,대한방직,CFS,89149838994.0,99100925561.0,54600468244.0,61689419718.0,66911786601.0,75392116742.0,133768931302.0,135247441132.0,40245731416.0,47111211951.0,1541148104.0,-1839161505.0,535996775.0,-2688352596.0
001080,만호제강,CFS,136497469868.0,150928400703.0,34178246503.0,21979564954.0,34497054916.0,22325402295.0,232105231827.0,257656264538.0,40772610330.0,56552889020.0,-23219641714.0,-2539124564.0,-20008907151.0,-504676634.0
001120,LX인터내셔널,CFS,4381132686005.0,4482204749190.0,2797601548777.0,2935026255683.0,5205820777575.0,4682532060717.0,3152923588017.0,3036475272912.0,3440394032766.0,5019968557704.0,129225751202.0,289364551696.0,72115948096.0,230926897831.0
001130,대한제분,CFS,633706977918.0,615430600543.0,347425411874.0,344701427247.0,396161514287.0,399078814703.0,938800520557.0,919353083839.0,367039052760.0,340714196761.0,13875751402.0,15110430859.0,14738954479.0,10804855212.0
001200,유진투자증권,,,,,,,,,,,,,,,
001210,금호전기,CFS,24606553767.0,36701210379.0,34647749780.0,43889735363.0,37774251610.0,48974883827.0,14793697610.0,12839330125.0,12942235121.0,12526678787.0,-1353053566.0,-2452194181.0,-1433511859.0,-3681888462.0
001230,동국홀딩스,CFS,986652336036.0,2774282526162.0,610489661244.0,2824096283756.0,683686116476.0,3164636526811.0,1003809322958.0,3286611270071.0,464693704244.0,555300452852.0,29372494661.0,33518660122.0,-213444333195.0,148783820717.0
001250,GS글로벌,CFS,916549296788.0,1006878372309.0,628916860972.0,805649501154.0,902596806508.0,1012698524738.0,424403535421.0,406714433715.0,1010335293080.0,1369909995502.0,17201085640.0,19883701446.0,6604086537.0,19283608442.0
001260,남광토건,CFS,253953680521.0,263129339480.0,206850030740.0,216082621341.0,234975222159.0,238920806341.0,105146160284.0,107002078032.0,135685900898.0,106815968204.0,-6775954486.0,2344193981.0,-6035270210.0,2514707792.0
001270,부국증권,,,,,,,,,,,,,,,
001275,부국증권우,,,,,,,,,,,,,,,
001290,상상인증권,,,,,,,,,,,,,,,
001340,PKC,CFS,61239272085.0,61271070968.0,140824270450.0,135827456027.0,206074130163.0,194591585576.0,215185091287.0,209676014934.0,57301032561.0,56070007059.0,4040416243.0,6477524319.0,837640769.0,4558503881.0
001360,삼성제약,CFS,42601814116.0,69571334414.0,15467544670.0,14233036317.0,16123851451.0,15324892000.0,96218350744.0,102589916538.0,14979063372.0,11230724602.0,-3829780026.0,-5983585515.0,-3600489979.0,-8625336400.0
001380,SG글로벌,CFS,41233967206.0,35078818277.0,45433212828.0,43222756995.0,66154797533.0,64775255814.0,124541313813.0,121160192606.0,25390120899.0,15434970802.0,1450734305.0,-1196666587.0,1371130541.0,-855515087.0
001390,KG케미칼,CFS,2989690335406.0,2561024589897.0,2209993288801.0,2303485758893.0,3924439266042.0,3741042484468.0,3439495885030.0,3240866490316.0,2321847332934.0,1520042340193.0,140201784113.0,171369692914.0,110732860921.0,417266290731.0
001420,태원물산,CFS,20134632181.0,20912453087.0,2482016662.0,3142665315.0,4820122035.0,5374970694.0,29312125151.0,29573533489.0,2606857129.0,3442424957.0,-87730259.0,75014396.0,114095195.0,124673082.0
001430,세아베스틸지주,CFS,1870581626293.0,1809109415045.0,811443593607.0,1025589889996.0,1822077787207.0,1846659305036.0,2038952101515.0,1971744747023.0,1107904545884.0,1152551153830.0,82297215628.0,63520806760.0,47814679378.0,58246512221.0
001440,대한전선,CFS,1243413388000.0,1144663275000.0,594323279000.0,488178116000.0,836881931000.0,738060568000.0,902408669000.0,882204303000.0,754392026000.0,638432002000.0,23989680000.0,13999647000.0,13272171000.0,-7976517000.0
001450,현대해상,,,,,,,,,,,,,,,
001460,BYC,CFS,98335700854.0,120182142295.0,118631728997.0,79177003824.0,148643022258.0,153134740019.0,521011351782.0,515737286382.0,41600304233.0,43319446801.0,2915771306.0,3362081973.0,2350039681.0,20620655791.0
001465,BYC우,,,,,,,,,,,,,,,
001470,삼부토건,CFS,522060809831.0,412905353807.0,316375571397.0,236815695645.0,426563255687.0,329646601364.0,192861643757.0,182184483358.0,155708059546.0,112955753870.0,-15225734693.0,-4259293377.0,-16095409908.0,-6846150076.0
001500,현대차증권,,,,,,,,,,,,,,,
001510,SK증권,,,,,,,,,,,,,,,
001515,SK증권우,,,,,,,,,,,,,,,
001520,동양,CFS,452696592824.0,393101021243.0,229238194892.0,176610018139.0,247084452535.0,200018245461.0,796765743155.0,783531995337.0,221858035573.0,191778984131.0,13877633629.0,4203915070.0,11102323045.0,-519941541.0
001525,동양우,,,,,,,,,,,,,,,
001527,동양2우B,,,,,,,,,,,,,,,
001530,DI동일,CFS,306579134332.0,337548132713.0,277289070880.0,272195151884.0,364958981409.0,381086723056.0,620480844871.0,619195795350.0,189728115354.0,242143723958.0,2047333825.0,16996397280.0,3401033951.0,14433269889.0
001550,조비,CFS,94171260172.0,78134326529.0,78049430826.0,57328641472.0,88087659741.0,68561445949.0,58020589430.0,61480314176.0,45504014530.0,57468342225.0,-1438232281.0,4367481415.0,-1489292552.0,1311074893.0
001560,제일연마,CFS,55625613555.0,53268101591.0,10056371430.0,9637922726.0,12512295697.0,11951004596.0,96099619403.0,92166871301.0,23029072340.0,21073605014.0,2337080786.0,1380994161.0,2003230530.0,1023506785.0
001570,금양,CFS,123435132626.0,146882938167.0,105376108482.0,103934074100.0,186805940073.0,160842410708.0,153933170053.0,121936315678.0,37897555331.0,60646107397.0,-4582823210.0,3766340058.0,-5995620826.0,2233439244.0
001620,케이비아이동국실업,CFS,248337814159.0,233598639427.0,293103665972.0,301480202607.0,375652790277.0,373187013643.0,190123007517.0,180383548030.0,171783946089.0,151929277923.0,1241349597.0,-7448167925.0,-1652767093.0,-2040738757.0
001630,종근당홀딩스,CFS,397962499622.0,398595725433.0,425275558823.0,399407472213.0,611511749741.0,577829023460.0,811134029875.0,798543946094.0,217539086378.0,224354579224.0,1647045877.0,-8385161262.0,7584968338.0,-10390288068.0
001680,대상,CFS,1775916836591.0,1721004720989.0,942027100860.0,997239386623.0,1961017406903.0,1867569946984.0,1354954409254.0,1322626501384.0,1003772408984.0,1026305905677.0,33626582340.0,48623423612.0,26823664023.0,28738989141.0
001685,대상우,,,,,,,,,,,,,,,
001720,신영증권,CFS,,,,,9360532018543.0,8663574450115.0,1592547072024.0,1535225954422.0,647635357731.0,1187968204188.0,,,32733203687.0,34089156107.0
001740,SK네트웍스,CFS,2438041000000.0,2703209000000.0,3540133000000.0,3567813000000.0,6893629000000.0,7048547000000.0,2379213000000.0,2450712000000.0,2177854000000.0,2143723000000.0,64593000000.0,37657000000.0,9870000000.0,26146000000.0
001750,한양증권,,,,,,,,,,,,,,,
001755,한양증권우,,,,,,,,,,,,,,,
001770,SHD,CFS,52930745553.0,62969604391.0,26317319780.0,36134907509.0,26878547536.0,36836001991.0,51760800001.0,51455970487.0,27215810100.0,36528333250.0,84332178.0,3917476685.0,-48686849.0,3137856068.0
001780,알루코,CFS,386389763869.0,326840775284.0,495101001388.0,465830380456.0,515468142443.0,506348248906.0,333304255105.0,310584717275.0,142741554735.0,159876626996.0,9477584066.0,11247561518.0,2435649415.0,3761483215.0
001790,대한제당,CFS,608672974000.0,613796109000.0,304389516000.0,390061782000.0,652120356000.0,681747544000.0,547769716000.0,537718752000.0,343363241000.0,348544462000.0,15462987000.0,15431954000.0,10589502000.0,8353916000.0
001795,대한제당우,,,,,,,,,,,,,,,
001800,오리온홀딩스,CFS,1658851267642.0,1584060873911.0,598698512466.0,663512598084.0,909085439888.0,977214307936.0,4177217669256.0,4124954123258.0,717466023743.0,633702260747.0,96508116458.0,71659862523.0,60933601922.0,56417709118.0
001820,삼화콘덴서,CFS,176117299324.0,162158129535.0,59676004633.0,53555574870.0,69765110590.0,62021312212.0,243573950056.0,225432520413.0,77417226832.0,66970818984.0,9061420936.0,10227275117.0,6627803802.0,9211045359.0
001940,KISCO홀딩스,CFS,1322214944347.0,1289089265794.0,140483943700.0,208963844818.0,204756807040.0,239739584991.0,1552386363291.0,1496196972636.0,407629984917.0,505792908819.0,48926846167.0,77162387085.0,48489946189.0,13695959063.0
002020,코오롱,CFS,1896314074489.0,1684980865278.0,2378983993774.0,2341085909022.0,3568286247884.0,3322537563034.0,1232359367772.0,1154953577043.0,1520533363888.0,1402205219649.0,43357732827.0,80377766228.0,15637069906.0,47818826654.0
002025,코오롱우,,,,,,,,,,,,,,,
002030,아세아,CFS,867362106819.0,881507374671.0,561384272438.0,518884523788.0,1313025043113.0,1317598873795.0,1920506374718.0,1864777074285.0,564221870170.0,541681268010.0,75623108343.0,72205662519.0,55308725912.0,53072433157.0
002070,비비안,CFS,109887046800.0,90886103322.0,115364627200.0,98654688573.0,121071979029.0,104480645980.0,91901753947.0,96580534960.0,71422260086.0,70478153075.0,3202877029.0,2483189584.0,-1963051553.0,-5834249578.0
002100,경농,CFS,309984737683.0,260765667954.0,191831204102.0,156932087281.0,213364812008.0,188148524944.0,285750823593.0,260484164308.0,103495993779.0,109533323613.0,2472447795.0,6444959469.0,3568466155.0,1084869844.0
002140,고려산업,CFS,137670175111.0,127812632315.0,158384152113.0,148284814914.0,182247968118.0,169050032748.0,107804832539.0,105653495078.0,78399892468.0,66317267669.0,916373761.0,528703569.0,2578986354.0,-3335510577.0
002150,도화엔지니어링,CFS,241042660938.0,215628821883.0,251540386336.0,215111875031.0,295227822916.0,255273456899.0,265032995805.0,267316818668.0,141307496490.0,142375629413.0,3991822350.0,3750848953.0,3930207198.0,4228518192.0
002170,SYTS,CFS,361329880780.0,344026136176.0,34576955670.0,30658720857.0,45107361873.0,40424121033.0,428808653697.0,417112654736.0,47930299590.0,44691051164.0,4918275836.0,5255318416.0,5067246775.0,-1022691590.0
002200,한국수출포장,CFS,148646348136.0,143085577838.0,42494534739.0,46154487123.0,60834269795.0,64604055301.0,288506654676.0,280917284803.0,79677216495.0,89580234333.0,8102629602.0,8976524856.0,7003544184.0,7019215422.0
002210,동성제약,CFS,57879388671.0,54389189710.0,51947305211.0,47571203754.0,70850402285.0,64892797809.0,41790066012.0,42809263159.0,23356748546.0,22874614676.0,136445483.0,-2284615312.0,-812871076.0,-1457779862.0
002220,한일철강,CFS,103150609734.0,105439726347.0,114861616496.0,112789046543.0,160186195543.0,164622338615.0,174485613834.0,174532632878.0,51547953663.0,60581373604.0,1201675388.0,3155483959.0,-535488742.0,-443645147.0
002240,고려제강,CFS,1139809754103.0,1153075088455.0,528362962778.0,561483968404.0,760888791504.0,805246239566.0,1759573368299.0,1727522158689.0,462674459343.0,549671747960.0,10884420960.0,36352348883.0,14057465711.0,31649871029.0
002310,아세아제지,CFS,430036668288.0,441835691580.0,167170970223.0,174449422525.0,214181404492.0,230662239691.0,834029753018.0,804286022003.0,229478931769.0,261178813185.0,28382608839.0,30771367238.0,24917691798.0,27677118195.0
002320,한진,CFS,669081461304.0,615210708980.0,944584296778.0,799783071458.0,2625646684001.0,2558814752905.0,1532196033714.0,1534382938804.0,691852753803.0,714876198137.0,35667839384.0,32591781855.0,11150432783.0,20842611375.0
002350,넥센타이어,CFS,1558842617715.0,1442087250791.0,1370399611775.0,1431723418411.0,2569821238086.0,2348104911877.0,1651677823583.0,1596231827731.0,691455965593.0,653352764942.0,37077308958.0,-23301716047.0,28254989123.0,-8663127557.0
002355,넥센타이어1우B,,,,,,,,,,,,,,,
002360,SH에너지화학,CFS,80671558823.0,81702957489.0,8511187752.0,10758686692.0,30726334855.0,30058823992.0,93351410403.0,94101468139.0,38696673939.0,41422029049.0,381524197.0,-1473565127.0,510362416.0,-748109833.0
002380,KCC,CFS,4296128539384.0,4029782763437.0,3494210950332.0,2869372542476.0,7879075702269.0,7567347802320.0,5525694562971.0,5551138505338.0,1588344834177.0,1755882430151.0,90383719885.0,164233643589.0,67323883148.0,182199330636.0
002390,한독,CFS,333471309111.0,354171988191.0,285908984451.0,270930450534.0,478737076004.0,489250127554.0,364839624066.0,381856042513.0,140551845116.0,132080129480.0,4742140179.0,6147377540.0,-6120570477.0,-1572578989.0
002410,범양건영,CFS,90638827231.0,79479043859.0,91127852891.0,90720864613.0,118827588110.0,144032362262.0,71185507924.0,71021899442.0,32596498515.0,36955307324.0,346154033.0,900006092.0,352528306.0,6660727491.0
002420,세기상사,CFS,8099257636.0,8610007524.0,15439217451.0,3330747632.0,24156598780.0,25060643077.0,27759701691.0,26581197625.0,6956372996.0,8456804585.0,-206071238.0,-399961291.0,-374083527.0,-582154951.0
002450,삼익악기,CFS,174548195497.0,210295390017.0,104102545428.0,134468492548.0,223479144385.0,260906132649.0,265958697867.0,260652700315.0,51329596032.0,69186869553.0,-181053758.0,1722515438.0,-1194653481.0,-1578215228.0
002460,HS화성,CFS,818871379212.0,544990973847.0,366985470236.0,222647093288.0,643308580155.0,389175292526.0,373798475419.0,356952449379.0,233195435384.0,138501638671.0,11368509479.0,-8351864293.0,12220329772.0,713213346.0
002600,조흥,CFS,279382161792.0,268968494534.0,266386828828.0,275477139063.0,300714328610.0,279570331873.0,144750060524.0,154185144907.0,104712963311.0,77509336237.0,2827512935.0,5181649684.0,121341547.0,2536803645.0
002620,제일파마홀딩스,CFS,389399683410.0,352916443850.0,407790651834.0,358504740294.0,465019815855.0,445884552551.0,436913738762.0,419792459625.0,199342878153.0,213487333516.0,857761158.0,-331184055.0,175325798.0,-412773310.0
002630,오리엔트바이오,CFS,56714387894.0,49249571579.0,3100877967.0,3892299448.0,9011900153.0,9657861933.0,73315311865.0,71392358134.0,6410690760.0,7774005966.0,-4602046.0,-180014390.0,-649997554.0,8688966459.0
002690,동일제강,CFS,103295596315.0,101123872721.0,18068725467.0,18680811170.0,21602892647.0,22028247899.0,157293480681.0,157680471138.0,47320138391.0,58187752550.0,-211488617.0,2889315978.0,229203884.0,2442727269.0
002700,신일전자,CFS,105358589726.0,105816871898.0,64654798379.0,64029490024.0,70978393211.0,70989812664.0,81784483407.0,81890842633.0,60887695383.0,66987986530.0,2119671411.0,3170437677.0,1899115222.0,1807311796.0
002710,TCC스틸,CFS,269483466744.0,276384671735.0,244700750356.0,251903595625.0,355885215058.0,298677336481.0,211768105424.0,208804980309.0,185095729704.0,192411543304.0,6849694727.0,16447680086.0,-470205823.0,5868401307.0
002720,국제약품,CFS,55832363272.0,48535452258.0,58817639192.0,47855143190.0,73768432131.0,62513602796.0,68608592084.0,74079260010.0,35544883938.0,32241175051.0,1428803568.0,1541425548.0,-6266731911.0,1180440178.0
002760,보락,CFS,24750198710.0,26264428282.0,8204825029.0,9809629438.0,10951019589.0,12528504457.0,48265466211.0,48383747090.0,11403685904.0,11981130684.0,12731396.0,1101430993.0,253157477.0,981775225.0
002780,진흥기업,CFS,372354745494.0,332594741207.0,160653555980.0,150468384840.0,235989666421.0,227013990002.0,246738571457.0,224732888879.0,172735924689.0,161938972516.0,14275333085.0,12201841367.0,12188812371.0,9057691166.0
002785,진흥기업우B,,,,,,,,,,,,,,,
002787,진흥기업2우B,,,,,,,,,,,,,,,
002790,아모레퍼시픽홀딩스,CFS,2696686153389.0,2566383546972.0,882484104834.0,851901945315.0,1123464744274.0,1117500460491.0,6546574769640.0,6533503340963.0,1030839083815.0,1026391134211.0,11729793163.0,-10910022571.0,29563009279.0,-25970538319.0
002795,아모레퍼시픽홀딩스우,,,,,,,,,,,,,,,
00279K,아모레퍼시픽홀딩스3우C,,,,,,,,,,,,,,,
002810,삼영무역,CFS,394497276176.0,367906365552.0,92849747955.0,98086686392.0,106686177309.0,112174817744.0,529085360644.0,512033245129.0,120319069004.0,128863716123.0,4769567855.0,3962423038.0,13943924713.0,10366722612.0
002820,SUN&L,CFS,203035185999.0,231592368174.0,275009890812.0,278933732249.0,357934979610.0,373988182288.0,128679683790.0,150446137416.0,108339788160.0,117085977516.0,-7208052391.0,1588522377.0,-10712350853.0,5329017143.0
002840,미원상사,CFS,208089522234.0,197197076947.0,40990527071.0,48106995526.0,68482729486.0,73770759382.0,356438272416.0,341848565180.0,101822321898.0,116954278574.0,17254871228.0,22220570107.0,14741349901.0,21334964438.0
002870,신풍,CFS,80967747776.0,77923645859.0,30062142165.0,27715048317.0,31737517058.0,30070255666.0,78588646713.0,82347640959.0,28714049850.0,4582021172.0,-3591800930.0,-1379150578.0,-3112332343.0,-3434615692.0
002880,디와이에이,CFS,396013852929.0,560727671117.0,772371591942.0,865405332990.0,1025242649000.0,1136743952904.0,197843377404.0,238462812415.0,277137440454.0,338028587001.0,-21385043285.0,-7848734361.0,-31959556041.0,-17795753491.0
002900,TYM,CFS,565438168036.0,473214647112.0,433924113802.0,400434021651.0,506730084138.0,447666197323.0,379559123693.0,334462229231.0,243744097584.0,390190720576.0,30043285323.0,56745441189.0,18212311169.0,46743542941.0
002920,유성기업,CFS,196391842169.0,201036538640.0,67598116490.0,65845462322.0,105761276174.0,99811962683.0,338844200226.0,327234039553.0,80670339440.0,73257588048.0,4860178674.0,4196423671.0,9312417650.0,5757792322.0
002960,한국쉘석유,CFS,137777984908.0,144822868003.0,53945496016.0,57847556976.0,55806048305.0,59384706208.0,110199055673.0,112955747743.0,80864986466.0,78957404848.0,11395537363.0,10718573652.0,10879130507.0,7754442245.0
002990,금호건설,CFS,1024881343435.0,1052601903018.0,835907596188.0,861502417337.0,1139173789107.0,1147826599507.0,500610215895.0,543337107811.0,569561490443.0,549137052742.0,5792347778.0,20274106728.0,1184174276.0,12231208309.0
002995,금호건설우,,,,,,,,,,,,,,,
003000,부광약품,CFS,206002085494.0,218741258542.0,33570437786.0,44603055930.0,119598428355.0,129081732482.0,267276385644.0,271847456032.0,43420104716.0,42868565834.0,-895208417.0,-558921711.0,-125006338.0,-1253131647.0
003010,혜인,CFS,148839274391.0,164239140493.0,109400865454.0,121449714639.0,115322469607.0,132475114237.0,110128222850.0,108047031390.0,71005115499.0,44545449209.0,5548129598.0,999302927.0,4019445105.0,-803193.0
003030,세아제강지주,CFS,2440086710262.0,2127561535722.0,1170945390638.0,1092316484712.0,1789783585777.0,1591270344983.0,2295832408829.0,1980797313681.0,1015463311697.0,1034375312673.0,192997919593.0,148464547103.0,132996126174.0,113399765701.0
003060,에이프로젠바이오로직스,CFS,234185473680.0,240608129118.0,84729137804.0,161106057927.0,153288605245.0,173729691936.0,541334583291.0,502373659283.0,27074579990.0,15226835653.0,-12857828937.0,-623275639.0,-17567455792.0,3484656667.0
003070,코오롱글로벌,CFS,1262712072236.0,1801559418189.0,1223911434451.0,1897215925506.0,1693916518801.0,2270737072633.0,585522231015.0,563410513551.0,715494416948.0,676753103548.0,12986577670.0,47993839161.0,8737711311.0,48728317344.0
003075,코오롱글로벌우,,,,,,,,,,,,,,,
003080,SB성보,CFS,77209734629.0,87306335639.0,12633663165.0,24401347807.0,20620360270.0,33383212096.0,140616592613.0,137402075241.0,10930063541.0,12554663179.0,-1603035776.0,160889076.0,-1003972630.0,766000299.0
003090,대웅,CFS,950398915379.0,954002901339.0,568063063173.0,515754225263.0,868652354571.0,879409305644.0,1368751724988.0,1279495801608.0,,,68194895218.0,59292327205.0,53517829043.0,40130831703.0
003120,일성아이에스,CFS,299481426782.0,343905674251.0,22621350263.0,42557941740.0,35546369654.0,48852889219.0,415367050394.0,445567209076.0,20028014719.0,13044510959.0,-2615423395.0,-1427707736.0,-1214634254.0,99904925360.0
003160,디아이,CFS,146294940013.0,132045534034.0,97301319107.0,74184325454.0,124162654084.0,111206586935.0,165087576722.0,163379236085.0,64507426933.0,60315751521.0,5564126854.0,5490592064.0,3860443130.0,4536483175.0
003200,일신방직,CFS,405386139828.0,555778028112.0,147122788170.0,210161785960.0,201507371845.0,272298156963.0,877065093838.0,904447829099.0,134986635234.0,152146034851.0,-7508672674.0,13634118438.0,-6025440628.0,8018681431.0
003220,대원제약,CFS,203059751886.0,207283824715.0,123765074260.0,128146380604.0,200031975330.0,204784866664.0,258587091441.0,248765199157.0,133030234816.0,117047913907.0,10060599694.0,10193954308.0,8003316373.0,7099646849.0
003230,삼양식품,CFS,413595162829.0,348640276501.0,265816795594.0,225328097793.0,516319600340.0,470165749462.0,511490244393.0,454763741502.0,285360760301.0,255327674055.0,44049965345.0,27333932833.0,34838184360.0,27625727633.0
003240,태광산업,CFS,1956311035480.0,1928388653674.0,429344689874.0,419114657979.0,714920733727.0,702185269043.0,4199014521443.0,4207820151486.0,587530312468.0,707203559423.0,-26450869742.0,-7874370720.0,7511941930.0,13127237722.0
003280,흥아해운,CFS,114999378599.0,105041636229.0,71334900239.0,65840697710.0,180480029998.0,181755200200.0,151378232280.0,135304736370.0,40818348879.0,46428598620.0,5768167033.0,6239820350.0,5136668570.0,1318370923.0
003300,한일홀딩스,CFS,1085967271982.0,1010583778368.0,660952233429.0,760109174022.0,1359409184354.0,1220879131264.0,2118283800137.0,2047162214760.0,,,101804362570.0,72093208429.0,76253021159.0,85373317315.0
003350,한국화장품제조,CFS,60975502919.0,53031404114.0,33650706384.0,30824513659.0,38036737323.0,35421546715.0,51679511625.0,47244379389.0,27771951487.0,31513622875.0,2519393229.0,2590095259.0,2261385265.0,1923920994.0
003460,유화증권,,,,,,,,,,,,,,,
003465,유화증권우,,,,,,,,,,,,,,,
003470,유안타증권,,,,,,,,,,,,,,,
003475,유안타증권우,,,,,,,,,,,,,,,
003480,한진중공업홀딩스,CFS,304866000000.0,555839000000.0,525893000000.0,775535000000.0,1357040000000.0,1629209000000.0,365284000000.0,366779000000.0,204458000000.0,217087000000.0,3664000000.0,6196000000.0,-3979000000.0,-2504000000.0
003490,대한항공,CFS,8785763207650.0,8090936743191.0,8935305189186.0,8475183412857.0,19972469186177.0,19705240815659.0,9596528754199.0,9292460206825.0,3877336004314.0,3421420220359.0,477189261212.0,740303521923.0,360009937641.0,449311963096.0
003495,대한항공우,,,,,,,,,,,,,,,
003520,영진약품,CFS,109514444079.0,102194442940.0,59854943940.0,49631665597.0,122309533605.0,113212626317.0,88176016096.0,89870191058.0,57032693105.0,52154170393.0,-348104707.0,-1519008055.0,-1680261388.0,-1415182564.0
003530,한화투자증권,,,,,,,,,,,,,,,
003535,한화투자증권우,,,,,,,,,,,,,,,
003540,대신증권,,,,,,,,,,,,,,,
003545,대신증권우,,,,,,,,,,,,,,,
003547,대신증권2우B,,,,,,,,,,,,,,,
003550,LG,CFS,4856488000000.0,5083392000000.0,1804435000000.0,2524385000000.0,3102256000000.0,3399491000000.0,26769943000000.0,26234186000000.0,1899414000000.0,1738145000000.0,454721000000.0,500489000000.0,419227000000.0,477966000000.0
003555,LG우,,,,,,,,,,,,,,,
003570,SNT다이내믹스,CFS,559671029729.0,471157538552.0,241781224884.0,183462729377.0,331499707853.0,271939014842.0,673158365401.0,659055290288.0,101886400869.0,89976153304.0,9621407174.0,6312536821.0,8978711083.0,6291360296.0
003580,HLB글로벌,CFS,47554824399.0,48165129978.0,55349307020.0,49346761912.0,71858845697.0,52237490080.0,66602442874.0,68008695055.0,20501698038.0,11697814773.0,-5730500851.0,-3028159383.0,-8398033323.0,-4895165651.0
003610,방림,CFS,111199590697.0,129797149800.0,43668968152.0,57734881211.0,49286227360.0,63058875047.0,195268328896.0,202161168676.0,34196983488.0,39011302758.0,-2072230241.0,1259325290.0,-327188918.0,1680544562.0
003620,KG모빌리티,CFS,968065393388.0,627159379542.0,582490751874.0,401956733467.0,1207417236713.0,909004171746.0,,,1005351233425.0,707749712422.0,18781201156.0,-28227490499.0,17963601675.0,1263037106.0
003650,미창석유,CFS,277809001875.0,266514399188.0,53235723280.0,32949978271.0,58024856084.0,36181495521.0,347861273168.0,321144706992.0,105844673178.0,104061979298.0,14430491504.0,10091073823.0,15652198473.0,2684083288.0
003670,포스코퓨처엠,CFS,2877059428120.0,2037518471950.0,1187337431864.0,965792822766.0,3266592238349.0,1986831501348.0,2729668045115.0,2650644638841.0,1193021877941.0,803218906477.0,52138906932.0,55219604632.0,43117152678.0,46429387839.0
003680,한성기업,CFS,132465491359.0,135930555429.0,129764015979.0,126649432998.0,176362404404.0,182635463144.0,54171457942.0,52283432626.0,73551619655.0,70348304699.0,2677981709.0,2005070768.0,703132623.0,874812813.0
003690,코리안리,,,,,,,,,,,,,,,
003720,삼영,CFS,57123126303.0,56759618378.0,77208475189.0,69544846448.0,89103056174.0,83735128046.0,52023258489.0,52098188083.0,33569135210.0,35875992497.0,735463234.0,-217942838.0,1248846801.0,198678292.0
003780,진양산업,CFS,34275202633.0,33928799916.0,25081307891.0,22392612400.0,36896007020.0,31490483064.0,52454833601.0,51229471622.0,22927921534.0,21010355448.0,2612416963.0,1484631821.0,1961345960.0,1105677153.0
003830,대한화섬,CFS,108295384755.0,90420132509.0,49507426713.0,46727337240.0,126239051086.0,122779864954.0,726478314222.0,713984666695.0,35786023833.0,39251761866.0,2392405714.0,2005976187.0,3161913599.0,7490720082.0
003850,보령,CFS,355355213151.0,338378355243.0,199086146125.0,277482940837.0,370002384658.0,375969361311.0,533569265445.0,516416553868.0,216259853773.0,182476520619.0,19037413277.0,13809443599.0,11300278161.0,15108706423.0
003920,남양유업,CFS,412599788580.0,456110401716.0,101944192560.0,148191529280.0,114754986693.0,164307809198.0,723187935884.0,737951261299.0,261083939898.0,234719732338.0,-6677408136.0,-19913457635.0,-5813903523.0,-11780268840.0
003925,남양유업우,,,,,,,,,,,,,,,
003960,사조대림,CFS,592091777693.0,578399925027.0,477466462489.0,489700196443.0,525127400663.0,564420178134.0,652217299362.0,603832489151.0,503731552539.0,491473489513.0,33279131679.0,34393340470.0,34825230374.0,25857201404.0
004000,롯데정밀화학,CFS,1233841843916.0,1316299182252.0,222864833356.0,397000732488.0,243585446298.0,415627340272.0,2390473724012.0,2294218530309.0,431178007413.0,686259158819.0,69088012184.0,129492885619.0,-126499104.0,29184751781.0
004020,현대제철,CFS,12642511951527.0,13191046262816.0,7552426846581.0,8119176425020.0,16187211715491.0,17672412852352.0,19642444720624.0,19128542977421.0,7138316741671.0,7381002219917.0,465075677896.0,822139036675.0,293458974283.0,566605408022.0
004060,SG세계물산,CFS,86470784804.0,99506111919.0,49439410169.0,54116741964.0,53474796618.0,58390585798.0,244981389722.0,245425084363.0,34279752357.0,40308734153.0,706813035.0,1363526037.0,909463104.0,-52031404.0
004080,신흥,CFS,56017260914.0,54919010474.0,32162025829.0,33000124584.0,33010534680.0,33759591792.0,110580073240.0,106862957753.0,27561741608.0,27345209335.0,2198264912.0,2663407683.0,2233907529.0,1693010232.0
004090,한국석유,CFS,176847584195.0,176648336642.0,152042439366.0,152723074627.0,180809751813.0,183328538761.0,167572886162.0,163736985429.0,171976415461.0,209801206206.0,4772380766.0,4294621932.0,4592384208.0,1632632765.0
004100,태양금속,CFS,250289288344.0,241472047451.0,314827693284.0,302516088668.0,381239586262.0,378929145714.0,114936924484.0,112058795117.0,154046754337.0,132302429212.0,10499737353.0,529193067.0,1940321675.0,31709481.0
004105,태양금속우,,,,,,,,,,,,,,,
004140,동방,CFS,188841157134.0,204702355312.0,278109743621.0,296862179032.0,428942942243.0,437684706701.0,141875499667.0,130280219393.0,188513862497.0,189307177875.0,6431602261.0,3815162607.0,8269207836.0,665336727.0
004150,한솔홀딩스,CFS,183080313000.0,201194507000.0,89315731000.0,110792748000.0,105887437000.0,125962865000.0,598655971000.0,597332919000.0,100987861000.0,117470240000.0,2379348000.0,7867352000.0,7234187000.0,20749623000.0
004170,신세계,CFS,2559405549811.0,2653727735541.0,4439941999407.0,4849923550154.0,8175193937422.0,8096632950057.0,6289855972236.0,6251779372631.0,1575900642733.0,1877100759926.0,149573609346.0,187363304118.0,78726470148.0,82274272278.0
004250,NPC,CFS,167698598078.0,158449777553.0,162963420090.0,151332617610.0,180986415560.0,182861269823.0,361003515114.0,344414423651.0,131590996269.0,138926866710.0,10609817821.0,8924750134.0,7974558797.0,14000407202.0
004255,NPC우,,,,,,,,,,,,,,,
004270,남성,CFS,105029752506.0,102793565085.0,134035260244.0,126193387362.0,161349012053.0,151652660509.0,111928087594.0,119499468298.0,17976045559.0,23847246583.0,-3380752845.0,-108524184.0,-4719859546.0,300629276.0
004310,현대약품,CFS,98076130222.0,101642697675.0,71951508765.0,80695589812.0,76694655206.0,94604146368.0,88114017222.0,86555281442.0,48853620061.0,41226273615.0,3526788764.0,2593737328.0,3094698175.0,2405218675.0
004360,세방,CFS,331090721666.0,351597176858.0,206007220019.0,214731007148.0,286006243905.0,277495007259.0,1040287516077.0,1003478779341.0,289441683674.0,341494300206.0,11623832978.0,17470206524.0,21094911713.0,18649036135.0
004365,세방우,,,,,,,,,,,,,,,
004370,농심,CFS,1348660089444.0,1208524614820.0,667384682571.0,616485543701.0,767201779641.0,719378356883.0,2398081006378.0,2315340178664.0,837521658064.0,756163605740.0,53698552577.0,4253399189.0,45023323033.0,27982728435.0
004380,삼익THK,CFS,212473527170.0,203694823410.0,210192405836.0,188140072661.0,252167229547.0,233318683388.0,207026175613.0,210708900479.0,84883247331.0,76219045058.0,3635918648.0,3801067464.0,2679656183.0,4192455682.0
004410,서울식품,CFS,24999412430.0,22137981048.0,35163068120.0,32751963938.0,45735933880.0,42534581355.0,26810045894.0,28318780669.0,16224986000.0,15447457418.0,-69056861.0,98552822.0,-258259468.0,-85627934.0
004415,서울식품우,,,,,,,,,,,,,,,
004430,송원산업,CFS,623206000000.0,680707000000.0,325096000000.0,404022000000.0,457005000000.0,534689000000.0,703640000000.0,682622000000.0,269232000000.0,342735000000.0,21990000000.0,54258000000.0,11956000000.0,38670000000.0
004440,삼일씨엔에스,CFS,159059961707.0,177346858131.0,72830741258.0,89724618087.0,123728417285.0,140597279518.0,268423298269.0,270843247765.0,51200449732.0,61003034554.0,1942090414.0,501079718.0,829763832.0,391992398.0
004450,삼화왕관,CFS,67498597163.0,59877889564.0,42648847847.0,37345393005.0,102856101967.0,103072772485.0,119337176220.0,119710784481.0,42882673881.0,41400149426.0,3780861253.0,1541043259.0,2587588811.0,1807885390.0
004490,세방전지,CFS,1006809643217.0,937809203352.0,447243918288.0,416488382610.0,461652343492.0,430957932473.0,1268707142251.0,1246024048691.0,396820707861.0,359493977697.0,31519213343.0,16596663304.0,28428531530.0,11169460932.0
004540,깨끗한나라,CFS,173136202293.0,178461002366.0,254154743466.0,222191293067.0,420540959452.0,419699356872.0,226191798973.0,241347622378.0,129641157040.0,161044306939.0,823347597.0,5603819934.0,-2282227686.0,1384040201.0
004545,깨끗한나라우,,,,,,,,,,,,,,,
004560,현대비앤지스틸,CFS,526650123895.0,512455335933.0,228029441514.0,146256967402.0,372358063468.0,333016274702.0,502639620418.0,524827566700.0,276399577980.0,377519633856.0,-9372519677.0,30214851094.0,-6758781514.0,21843058237.0
004690,삼천리,CFS,1490974337658.0,2273164967151.0,951830400427.0,2012282139982.0,2544602393354.0,3482673623260.0,1644450315102.0,1539278842890.0,1045407211465.0,1035092488997.0,20657138408.0,30045750287.0,21702482730.0,24053695097.0
004700,조광피혁,CFS,94080019342.0,91336630037.0,11415099425.0,14246771822.0,73937116218.0,63994595545.0,427145917823.0,378040280336.0,33672476723.0,26946096455.0,1268343208.0,-732935187.0,2284278781.0,2464184790.0
004710,한솔테크닉스,CFS,462745527046.0,509415530336.0,379932543104.0,424708759547.0,564498130413.0,631895650677.0,462373915330.0,440026250016.0,378408345355.0,346659791458.0,17743099952.0,14329471532.0,9347891371.0,5622632678.0
004720,팜젠사이언스,CFS,93104994058.0,70540861359.0,77170733232.0,68185322964.0,122530443829.0,110275883209.0,220194306755.0,207115593817.0,41493784080.0,34749168396.0,2424898077.0,1094980267.0,6703979025.0,12536870346.0
004770,써니전자,CFS,71732560049.0,68105163819.0,3138273632.0,2775569376.0,3618269745.0,3286136702.0,75473625773.0,73223553050.0,3163520199.0,5153922321.0,-48684284.0,43815213.0,496031488.0,432967737.0
004800,효성,CFS,1954822348047.0,2060065764290.0,1700399797799.0,1811856720954.0,2343179812092.0,2369980096744.0,2791299274103.0,2897304623764.0,906470605237.0,924729146653.0,18672532009.0,35672906080.0,3367988656.0,45254407131.0
004830,덕성,CFS,68352209611.0,73648119649.0,22060231229.0,27500582016.0,42534755414.0,41762767242.0,84468100229.0,83409591549.0,25980703451.0,32522732925.0,1854191293.0,1144505660.0,1643902617.0,999649022.0
004835,덕성우,,,,,,,,,,,,,,,
004840,DRB동일,CFS,487014741402.0,475692073884.0,388013785209.0,400359407544.0,451630132937.0,465469810224.0,505728186242.0,479768684504.0,194438366400.0,168701640321.0,11460340701.0,3529873494.0,15789184110.0,4034755157.0
004870,티웨이홀딩스,CFS,22417043838.0,14554608205.0,9047291716.0,8124210003.0,45638361174.0,45987386449.0,173154333149.0,164730790742.0,2450440899.0,3372809000.0,-707038300.0,-627653607.0,5767246999.0,86276150826.0
004890,동일산업,CFS,326933191139.0,337798307653.0,48909380884.0,63096215871.0,65920393704.0,82125521241.0,415058525167.0,417277191970.0,118789271959.0,140564716866.0,-663976102.0,10120694262.0,-2589347834.0,8438580030.0
004910,조광페인트,CFS,120868454170.0,129950150559.0,133878782003.0,125528751765.0,214836325739.0,216375249483.0,169432602504.0,169732962577.0,65913337205.0,71539098060.0,1033867024.0,-517813615.0,190941714.0,-57570239.0
004920,씨아이테크,CFS,33879097750.0,39622316569.0,26660487152.0,26687615012.0,35111498571.0,41507587354.0,53318730697.0,53196810855.0,12543196047.0,11455542124.0,-2355162017.0,-1156838783.0,-3658867908.0,-3952039763.0
004960,한신공영,CFS,1651539760161.0,1557208566517.0,1197037647048.0,982066539104.0,1757266609742.0,1622658480432.0,727065805244.0,726739625046.0,347446237282.0,351565218710.0,4613875800.0,5486281988.0,301188307.0,3285167128.0
004970,신라교역,CFS,326218985349.0,326498441328.0,146292706777.0,141193243999.0,169936461576.0,157356040716.0,559842080902.0,559045457236.0,111819495717.0,119748206801.0,5682177030.0,9430335340.0,6471523090.0,19330653712.0
004980,성신양회,CFS,357493594338.0,371430350415.0,528476860374.0,553738399570.0,766645313943.0,791369380223.0,419270618704.0,396213621807.0,306766632189.0,288051468534.0,33588690627.0,13867531264.0,33599506690.0,7490212388.0
004985,성신양회우,,,,,,,,,,,,,,,
004990,롯데지주,CFS,5607594481106.0,5621713796062.0,5913193218745.0,6169727343827.0,12824791073934.0,12409157931313.0,9773363095913.0,9766258734737.0,3869843094382.0,3654121143881.0,159151066643.0,174853627827.0,57812526603.0,169025937221.0
00499K,롯데지주우,,,,,,,,,,,,,,,
005010,휴스틸,CFS,668758162722.0,640579788285.0,208503776391.0,195447062794.0,336943625374.0,297193188974.0,973982660366.0,909180443075.0,198361461667.0,240755397257.0,33577196615.0,71890610372.0,6504193241.0,52945742561.0
005030,부산주공,CFS,147660080954.0,129259247415.0,182823527872.0,174175205944.0,218330657387.0,212511513972.0,22819262157.0,21420265526.0,62265070696.0,57303732782.0,430107400.0,-3495914405.0,2769196832.0,-6274694053.0
005070,코스모신소재,CFS,237469748649.0,208828977849.0,214034559442.0,150762393213.0,256628331426.0,200117019634.0,258160096657.0,251204096947.0,196063658631.0,119275984264.0,9823808806.0,10817356566.0,5504013151.0,6116024951.0
005090,SGC에너지,CFS,1259615503041.0,1311038342017.0,1663601667350.0,1623193756518.0,2156008219432.0,2187874937878.0,842827140041.0,866487238616.0,806258592242.0,669228389366.0,3024874908.0,21508435422.0,-22785242554.0,7378897896.0
005110,한창,CFS,61065469280.0,77404531331.0,86888287731.0,82062812987.0,93434594522.0,90132832628.0,1549377268.0,23348160604.0,15520869440.0,25090862199.0,-612084060.0,3339265685.0,-31276548707.0,-5396021195.0
005180,빙그레,CFS,407948748508.0,315267835364.0,199003427129.0,152445670179.0,256643525407.0,193497612928.0,608580313735.0,575768974671.0,388727859578.0,364398295581.0,46249967646.0,21073979592.0,37631766155.0,13946686836.0
005250,녹십자홀딩스,CFS,1271692355942.0,1261978231373.0,1375106638104.0,1052354393520.0,1723713201094.0,1625017215651.0,1902024404404.0,1967043519272.0,536343303896.0,517094655385.0,7213251425.0,9887928682.0,-12829726397.0,-2977545975.0
005257,녹십자홀딩스2우,,,,,,,,,,,,,,,
005300,롯데칠성,CFS,1038774182578.0,1019994253786.0,1082276723423.0,1154623005968.0,2288688088494.0,2283769460026.0,1428877537108.0,1412166180284.0,796160596171.0,762188491871.0,59158170023.0,63776925222.0,33015395418.0,41470998559.0
005305,롯데칠성우,,,,,,,,,,,,,,,
005320,온타이드,CFS,109260013833.0,109587105436.0,58601976451.0,53328492035.0,71719988336.0,65952316049.0,112522338983.0,109055850176.0,56137182680.0,89171952772.0,-1496685110.0,-1054699030.0,-3028255361.0,-2509612093.0
005360,모나미,CFS,125142996105.0,119271179657.0,98470447408.0,91158525042.0,119923395960.0,111823225016.0,105484527397.0,106609398706.0,35735001901.0,35385230114.0,-194148979.0,1222172126.0,-1162929832.0,584298821.0
005380,현대차,CFS,101258093000000.0,96389273000000.0,75685213000000.0,74236472000000.0,173893674000000.0,164845917000000.0,97431373000000.0,90896545000000.0,42249695000000.0,35999896000000.0,4237931000000.0,2979794000000.0,3125043000000.0,528847000000.0
005385,현대차우,,,,,,,,,,,,,,,
005387,현대차2우B,,,,,,,,,,,,,,,
005389,현대차3우B,,,,,,,,,,,,,,,
005420,코스모화학,CFS,335164942449.0,299634118183.0,411224354709.0,301235755887.0,525681836448.0,409208860809.0,392369558141.0,398650035252.0,240663773343.0,187680678240.0,5419586162.0,16886106534.0,-1236385083.0,11963584941.0
005430,한국공항,CFS,189573675240.0,185028752660.0,44991888658.0,44213126942.0,95405664489.0,81818613944.0,346830166104.0,339276428817.0,132401036275.0,98321380028.0,12054246656.0,2200909655.0,10635450470.0,2611760668.0
005440,현대지에프홀딩스,CFS,800530928000.0,1058080200000.0,603379965000.0,752414076000.0,859601041000.0,989203509000.0,1706132530000.0,2195929864000.0,526952783000.0,469151008000.0,11156580000.0,-2476323000.0,15387065000.0,27811913000.0
005490,POSCO홀딩스,CFS,50008904067573.0,47649465547079.0,21735614384269.0,23188189987105.0,43198916801996.0,40149380046004.0,59879835402273.0,58257400589250.0,,,1326229119603.0,2098234528405.0,775964428530.0,1798942914059.0
005500,삼진제약,CFS,152557837296.0,134268343120.0,141279004520.0,81652160600.0,155373988458.0,130692791177.0,266399581728.0,275864152918.0,73080812112.0,67498389301.0,1953760937.0,4172745258.0,812538813.0,4187100786.0
005610,삼립,CFS,534967562356.0,539519447906.0,678998482253.0,649482563312.0,885740398338.0,906290707171.0,399481282294.0,389108878435.0,861500390802.0,814905109130.0,26490448040.0,23508645496.0,15954339707.0,15984349186.0
005680,삼영전자,CFS,386208549770.0,374314814747.0,20214209004.0,16409171235.0,24954370024.0,17579609175.0,530031643948.0,521757690647.0,48949026424.0,67579627180.0,3083382516.0,7801419754.0,5072047397.0,7322310507.0
005690,파미셀,CFS,60486531702.0,62363173419.0,25226253258.0,28546176077.0,29877976231.0,32982274160.0,80995532665.0,79711914880.0,17742650358.0,12053892316.0,574825157.0,1447305896.0,575477219.0,1665364689.0
005720,넥센,CFS,1733421625572.0,1637750257158.0,1482035720055.0,1568455337669.0,2822110712787.0,2595712644048.0,2175992946320.0,2131183569996.0,777984407247.0,759101928864.0,45922230599.0,-11548173190.0,35625500379.0,2939807268.0
005725,넥센우,,,,,,,,,,,,,,,
005740,크라운해태홀딩스,CFS,241649055660.0,271727927368.0,377462968284.0,405281944441.0,610926111264.0,635811691855.0,532313710869.0,517958395592.0,257833056056.0,236802654565.0,16749591231.0,9220593101.0,10179233920.0,-4003132053.0
005745,크라운해태홀딩스우,,,,,,,,,,,,,,,
005750,대림바스,CFS,129939558106.0,122695057408.0,90311698837.0,89151175570.0,189069271552.0,179629163370.0,169626952183.0,157961649402.0,70380372234.0,65445924864.0,2698679956.0,380139878.0,1805668561.0,151809316.0
005800,신영와코루,CFS,166753284434.0,179619782007.0,33945041423.0,54155104445.0,42810272057.0,63083713569.0,367037954845.0,362720745342.0,62987385728.0,61471168575.0,2850923887.0,2999263926.0,3018640880.0,3104912371.0
005810,풍산홀딩스,CFS,204611727390.0,213323193085.0,95190934265.0,103482894554.0,171482054538.0,178221821848.0,1000007312446.0,964559570378.0,99281195578.0,107320326440.0,20487047329.0,34073721114.0,18611799346.0,31747300599.0
005820,원림,CFS,79423080602.0,78165685356.0,17072008730.0,18918952101.0,23735512881.0,26002568470.0,145462820624.0,143929258015.0,17718962673.0,21357862663.0,-220568539.0,701267089.0,681090489.0,1442071315.0
005830,DB손해보험,,,,,,,,,,,,,,,
005850,에스엘,CFS,1974658546515.0,1773353010903.0,1089871263480.0,1092451714642.0,1230203673535.0,1225627791292.0,1891679065278.0,1706009149013.0,1254379666150.0,1015961194577.0,133933650682.0,78400471097.0,109196776911.0,60816415620.0
005870,휴니드,CFS,249152699912.0,229090786204.0,178419992430.0,154763742732.0,182819410100.0,159788538743.0,140114944395.0,144336818728.0,16196798957.0,44078876552.0,-3461486257.0,184982829.0,-1408217783.0,-606825071.0
005880,대한해운,CFS,562781112261.0,560963774495.0,761581468953.0,721681757213.0,2696273994049.0,2706138104863.0,1904732586508.0,1784122006765.0,343569758520.0,429119517139.0,65268729249.0,68698736314.0,25725806368.0,67322784297.0
005930,삼성전자,CFS,203975373000000.0,218470581000000.0,70780638000000.0,78344852000000.0,89024926000000.0,93674903000000.0,358975626000000.0,354749604000000.0,60005533000000.0,77203607000000.0,668547000000.0,14097045000000.0,1723571000000.0,11098805000000.0
005935,삼성전자우,,,,,,,,,,,,,,,
005940,NH투자증권,,,,,,,,,,,,,,,
005945,NH투자증권우,,,,,,,,,,,,,,,
005950,이수화학,CFS,658414712091.0,648004325426.0,673350284535.0,646244331679.0,770498278493.0,782591483389.0,300582593617.0,405485089749.0,553646780778.0,460475742029.0,-7453123400.0,3161322392.0,12516730228.0,17632917026.0
005960,동부건설,CFS,1276563291482.0,1135812744275.0,872723993265.0,617523861899.0,1138296123164.0,998112147136.0,553016032814.0,583588347208.0,484535497051.0,327532335922.0,7158611308.0,8557720526.0,-22776758228.0,2685695315.0
005965,동부건설우,,,,,,,,,,,,,,,
006040,동원산업,CFS,3337439964473.0,3395834362543.0,2852707380342.0,2682961819501.0,4114142442406.0,4152704107718.0,3018448564161.0,2908475429741.0,2197762773472.0,2320339793812.0,102299697507.0,136137437500.0,45952428916.0,116175407977.0
006060,화승인더,CFS,780089068450.0,874903842645.0,891929245973.0,943368596899.0,1057718135420.0,1119839945881.0,663253612220.0,659649543091.0,384752753288.0,525260437292.0,11139245392.0,32416195326.0,-3843010799.0,16698088778.0
006090,사조오양,CFS,128585908083.0,136578328509.0,113686807357.0,129264943322.0,120839727603.0,137261542247.0,216097003586.0,205946412848.0,92532453059.0,79492706112.0,4133516174.0,5062032778.0,6434607322.0,7306869230.0
006110,삼아알미늄,CFS,208604831662.0,129950354050.0,106641256094.0,125330581063.0,156091390214.0,150214354677.0,256136096575.0,137938934911.0,66739654009.0,79924001060.0,2077787165.0,5516161594.0,2009999641.0,4934581223.0
006120,SK디스커버리,CFS,5283425423791.0,5326431008340.0,2673016163834.0,3283276498952.0,6110464001658.0,5826776624464.0,6030460050304.0,5953321868034.0,1906714314717.0,1953499536112.0,20271965017.0,48852362840.0,-1261402521.0,11833016135.0
006125,SK디스커버리우,,,,,,,,,,,,,,,
006200,한국전자홀딩스,CFS,272156874653.0,203217100953.0,97032780137.0,94444592137.0,126607873338.0,123768339272.0,408602503135.0,345331921976.0,71820330410.0,96350733757.0,-6246625164.0,14843618392.0,-5485659459.0,14371132359.0
006220,제주은행,,,,,,,,,,,,,,,
006260,LS,CFS,11663542000000.0,11461292000000.0,8613077000000.0,8504993000000.0,11395525000000.0,11259315000000.0,5828999000000.0,5554663000000.0,6509327000000.0,3965817000000.0,281581000000.0,195977000000.0,131792000000.0,91295000000.0
006280,녹십자,CFS,1028808438532.0,980437888875.0,808748055341.0,540738447304.0,1047898552127.0,958895150180.0,1529641989751.0,1566641931089.0,432867682298.0,423230315959.0,23675827037.0,13076811628.0,2680102252.0,10854909070.0
006340,대원전선,CFS,201459083485.0,200914428407.0,138672883010.0,142834595591.0,149858925439.0,154359646720.0,95317328450.0,91598885754.0,137485524538.0,161183649687.0,3327681653.0,1864611936.0,2304479150.0,1946795411.0
006345,대원전선우,,,,,,,,,,,,,,,
006360,GS건설,CFS,10043518923984.0,9411595104509.0,8689557375921.0,8205470645448.0,12720852275887.0,11590413888307.0,5196440046861.0,5356202808591.0,3495056912503.0,3047873065461.0,-413766684172.0,164377625390.0,-280625038978.0,179564896819.0
006370,대구백화점,CFS,32605263992.0,23612147066.0,129994583694.0,189455589257.0,262588806502.0,238926889458.0,217052999454.0,231420373088.0,15027219688.0,16769452179.0,-2558325018.0,-2930773549.0,-4884756648.0,-3636762949.0
006380,카프로,CFS,49624375533.0,94426176556.0,133837592642.0,167024554287.0,238245833661.0,275602853303.0,611466097.0,26602738377.0,18618928319.0,133847322140.0,-7285705148.0,-35542463994.0,-10852287164.0,-36993041941.0
006400,삼성SDI,CFS,10437387294283.0,9651702375329.0,9489195708680.0,8006938827488.0,14450199096000.0,13040023014999.0,18452619572470.0,17217502156128.0,5840582434068.0,4740773127096.0,450192670421.0,429028021539.0,485836628570.0,409232883211.0
006405,삼성SDI우,,,,,,,,,,,,,,,
006490,프리티,CFS,36831348935.0,28777159014.0,38768390124.0,37180120332.0,39820145901.0,38132316932.0,67854961854.0,63051467155.0,23149153148.0,17916926108.0,4223131376.0,-278353213.0,2430888745.0,-3082216146.0
006570,대림통상,CFS,89133590768.0,97249047327.0,82204295537.0,79560377493.0,89898149784.0,91462722734.0,75684402152.0,80329895891.0,38720384429.0,42009443310.0,-414714903.0,829652938.0,-1483181286.0,1792035563.0
006650,대한유화,CFS,448260449770.0,460924908665.0,262038578918.0,222554203689.0,350053735219.0,333880102156.0,1811743686987.0,1861952413767.0,632730196770.0,691855955029.0,-35062955499.0,-43013686792.0,-25624814330.0,-29028801552.0
006660,삼성공조,CFS,217090707784.0,201631943530.0,38059263566.0,41011848299.0,46143163185.0,49783880589.0,268102403302.0,258870910592.0,33217447316.0,23346881094.0,1941013307.0,1705689629.0,5670626501.0,3364617066.0
006740,블루산업개발,CFS,66397259514.0,54442061424.0,20357675072.0,17277788385.0,78715108332.0,67139875786.0,124517968092.0,136530503860.0,21736405276.0,28510918795.0,116134721.0,2695728409.0,-1144570065.0,2133597947.0
006800,미래에셋증권,,,,,,,,,,,,,,,
006805,미래에셋증권우,,,,,,,,,,,,,,,
00680K,미래에셋증권2우B,,,,,,,,,,,,,,,
006840,AK홀딩스,CFS,1603386606707.0,1578818308431.0,2461248435763.0,2366670547012.0,3789306753482.0,3721996781791.0,1325817388608.0,1282338179603.0,1081146829539.0,979895702985.0,60690204881.0,13823301718.0,28118238247.0,-7452320721.0
006880,신송홀딩스,CFS,43463603374.0,33746274549.0,81753079783.0,56054142465.0,155891595030.0,146219644364.0,95690585275.0,96131077029.0,57277173032.0,27155420899.0,1669618322.0,790234097.0,774168123.0,797209057.0
006890,태경케미컬,CFS,71462458198.0,66162897988.0,17144835874.0,11658373087.0,27179527617.0,20054166298.0,159753556110.0,147337732507.0,18516988363.0,14065284539.0,5051623918.0,1808815044.0,4996241737.0,320557763.0
006980,우성,CFS,248827839955.0,255997620670.0,208985746001.0,213958999643.0,229087440337.0,228737289473.0,174939661070.0,173231983536.0,157894787497.0,146328281817.0,2540095268.0,859891784.0,3141529617.0,-928007988.0
007070,GS리테일,CFS,1559930189942.0,1366113278315.0,2412102417415.0,2173617697970.0,5566843899319.0,5412417744683.0,4444218657641.0,4420005380162.0,2957767404281.0,2808342860115.0,97209778272.0,49968809829.0,53633906908.0,45075317711.0
007110,일신석재,CFS,48243760247.0,61470485884.0,36951957629.0,50872603656.0,47278418726.0,60940446850.0,55493818535.0,55227417237.0,22345342905.0,29515184119.0,184875756.0,825180750.0,-529268450.0,496336421.0
007120,미래아이앤지,CFS,18184473341.0,31591856532.0,5805898777.0,4710195322.0,28088164169.0,28061180087.0,69444053503.0,69431663112.0,2984883685.0,2565954611.0,873634576.0,527029682.0,-5812537622.0,-5081253113.0
007160,사조산업,CFS,343132529962.0,338171210782.0,448910818343.0,429303021755.0,534969565021.0,523375978943.0,653713363812.0,643235999248.0,176355497566.0,178280557175.0,-4226594393.0,20291809514.0,8461528265.0,21790733447.0
007210,벽산,CFS,253053963210.0,249903036374.0,201487015868.0,206258902439.0,295308136135.0,299532316523.0,320614648201.0,302287717378.0,166675060268.0,133909189562.0,16828400342.0,7555253378.0,15080343083.0,4684884913.0
007280,한국특강,CFS,289198738355.0,241847071140.0,244448658035.0,217425096298.0,377962547039.0,348575828632.0,219502602267.0,201252575069.0,227954615205.0,212976735204.0,21353297209.0,13681126251.0,15059937125.0,19288948538.0
007310,오뚜기,CFS,1511000771211.0,1482195978641.0,1019599533210.0,1219292102728.0,1563466672677.0,1622240967893.0,1992412246529.0,1947519891175.0,854207572820.0,789262756485.0,64559655003.0,47693066369.0,42445263769.0,30658814440.0
007340,DN오토모티브,CFS,1698130540821.0,1775650459528.0,1310905126098.0,1358459213708.0,3227400482905.0,3460082191971.0,1283945976769.0,1131508559775.0,831556128161.0,808973771659.0,127138837885.0,94845029179.0,74597374282.0,48101973105.0
007460,에이프로젠,CFS,195723634418.0,211577633197.0,144645716135.0,89933338793.0,163271084271.0,138850905278.0,434745098850.0,461002376463.0,37377606447.0,3036149901.0,-23302742866.0,-28049474851.0,-21846139398.0,-34148717018.0
007540,샘표,CFS,179824147901.0,205815950899.0,92733278185.0,97359029055.0,123182806108.0,138655949073.0,324945641936.0,327263957987.0,92309246550.0,87639273333.0,2466803421.0,2409848520.0,3214843792.0,2896147902.0
007570,일양약품,CFS,148525738041.0,200727509088.0,174942991347.0,186859385509.0,195783601682.0,206331142487.0,265338592961.0,291854094170.0,85359259555.0,83141837563.0,2872078147.0,8942447977.0,-2087798053.0,7158708614.0
007575,일양약품우,,,,,,,,,,,,,,,
007590,동방아그로,CFS,171661544453.0,161786671545.0,45049334967.0,53872484126.0,62204162393.0,65704820709.0,166186728424.0,150823208669.0,36258385402.0,38529045545.0,2548977653.0,2000704283.0,2135057839.0,757981009.0
007610,선도전기,CFS,52519624673.0,51579796063.0,64963242348.0,64665133861.0,71349761767.0,71539960318.0,55371413885.0,60199397627.0,13418661835.0,17002738655.0,-2912389441.0,-5017790705.0,-3662274318.0,-5398777257.0
007660,이수페타시스,CFS,368308037309.0,373857465832.0,295616657021.0,286000684042.0,326252735765.0,323686082261.0,245762772417.0,222328078478.0,163829861781.0,166089719824.0,18269182483.0,33146225622.0,15567734429.0,34103707771.0
007690,국도화학,CFS,757317510093.0,746044369391.0,563827295751.0,494386760683.0,695573040368.0,640905700204.0,854806662159.0,858187958399.0,346833287549.0,441534636473.0,12849168106.0,46657008718.0,4258305549.0,38595850438.0
007700,F&F홀딩스,CFS,738796962562.0,705796956109.0,469189158270.0,582270616838.0,627450810322.0,706086461438.0,3023957494779.0,2889031983175.0,406123080587.0,371741621084.0,99089612557.0,73954859405.0,76869219378.0,52896155891.0
007810,코리아써키트,CFS,526438400620.0,558131417900.0,271169947069.0,298814701543.0,518591052916.0,541835924394.0,726088369828.0,751612622707.0,332753335328.0,397442317839.0,-7484670984.0,33085956313.0,151570461.0,24448055183.0
007815,코리아써우,,,,,,,,,,,,,,,
00781K,코리아써키트2우B,,,,,,,,,,,,,,,
007860,서연,CFS,1385825289213.0,1156476041727.0,1399415367816.0,1105073851122.0,1675179531157.0,1319636711049.0,1127612079344.0,1003906635884.0,1021513393203.0,784905306434.0,56664612586.0,42803097153.0,41587471323.0,18355045872.0
007980,TP,CFS,403610648258.0,351971143041.0,410693157652.0,368426159787.0,579785774958.0,519858775950.0,200254930745.0,201367566907.0,215139027813.0,251836531375.0,6891716037.0,15521199878.0,-3041035316.0,-1548653530.0
008040,사조동아원,CFS,244160043853.0,230815046192.0,251359553231.0,245773663699.0,258416876591.0,250702675272.0,236433316316.0,230971048179.0,172814856705.0,169827370971.0,10370233135.0,7309696925.0,6881424945.0,-1654079707.0
008060,대덕,CFS,749174499520.0,803618533878.0,239782393350.0,319681860612.0,343662310243.0,419083389342.0,1479687818462.0,1484267679739.0,304591510572.0,430124684854.0,5981956508.0,55998353219.0,8262522161.0,57266403257.0
00806K,대덕1우,,,,,,,,,,,,,,,
008250,이건산업,CFS,134713825264.0,133882562867.0,129423474472.0,134406680961.0,241214236961.0,242273569536.0,201403791009.0,200553363778.0,73743307531.0,82714711684.0,5055392565.0,7870165088.0,-1660933547.0,178548346.0
008260,NI스틸,CFS,141686333782.0,117828393920.0,182858838835.0,176853500421.0,212920858364.0,209249322708.0,215940668631.0,188195320194.0,110012641521.0,84753535439.0,,,15172421445.0,10895240957.0
008350,남선알미늄,CFS,153053580723.0,134740291615.0,63597847185.0,49056022687.0,106462132458.0,94558342251.0,311715557122.0,306636801620.0,79351614565.0,65365166003.0,2487501080.0,261304862.0,4973978914.0,12853761972.0
008355,남선알미우,,,,,,,,,,,,,,,
008420,문배철강,CFS,53916207293.0,60235180840.0,33775972734.0,33283391174.0,40209738229.0,39013430441.0,178116426194.0,167893428008.0,33407376104.0,44712358612.0,-2679393940.0,39777889.0,4552476551.0,4035598894.0
008490,서흥,CFS,440072234464.0,399896261499.0,359674657784.0,281268559520.0,515106151055.0,456694418262.0,484113582660.0,469724117636.0,153770718823.0,171933101123.0,16340447090.0,18385976596.0,6402012913.0,12089572780.0
008600,윌비스,CFS,193498241701.0,191591300133.0,154101781712.0,147789291424.0,185837534033.0,172118972213.0,91545228125.0,98275749591.0,56852384648.0,72572083777.0,-572374093.0,1016964525.0,-3874576652.0,-237799798.0
008700,아남전자,CFS,139480096.0,163760061.0,103928443.0,130774309.0,108936753.0,136362680.0,78653686.0,77284993.0,56997004.0,101507213.0,1137699.0,4571539.0,684556.0,3525419.0
008730,율촌화학,CFS,231777833238.0,237341571056.0,255608929130.0,139456750168.0,336858355609.0,319324397285.0,324087010652.0,333811755335.0,118257801697.0,137513891207.0,-3205473474.0,2762920742.0,-3103136178.0,2735674610.0
008770,호텔신라,CFS,1272468578356.0,1478831130035.0,1048374369179.0,1305978509577.0,2263966409565.0,2398761037870.0,665116555863.0,539783949565.0,866924997036.0,1165878400733.0,67225244754.0,43214551344.0,,
008775,호텔신라우,,,,,,,,,,,,,,,
008870,금비,CFS,93655734550.0,84705727453.0,92035245520.0,79004754624.0,180533371362.0,173724375999.0,130209696559.0,133589518365.0,60198537063.0,55067051628.0,-180402695.0,-484614649.0,-145971685.0,555746894.0
008930,한미사이언스,CFS,216091593474.0,245348143574.0,307586883717.0,347726498635.0,346705951402.0,384942964397.0,762033473490.0,724747969785.0,315356702067.0,254079308617.0,26440649770.0,15807406442.0,23035470498.0,14043145649.0
008970,KBI동양철관,CFS,138693170986.0,100077879559.0,126440402099.0,85891476001.0,135301253936.0,94535470493.0,85036195024.0,87958590346.0,69642201090.0,66092101708.0,659589123.0,2304486582.0,-150229406.0,1027658788.0
009070,KCTC,CFS,192492481962.0,188422824354.0,198525554493.0,221386023288.0,368949504257.0,371680925896.0,272194231639.0,258397700947.0,201599017193.0,240618727764.0,10380566234.0,11310891969.0,5983431584.0,7865112786.0
009140,경인전자,CFS,56529566807.0,54518303281.0,3095763694.0,3117826571.0,4568872980.0,4422682389.0,67111988682.0,63962347912.0,5190808012.0,4671911252.0,115370177.0,-110445537.0,964555788.0,2518427557.0
009150,삼성전기,CFS,4989963361326.0,4888318770849.0,2643684867489.0,2525123479970.0,3379808836183.0,3303686219356.0,7806817130296.0,7693484679285.0,2220522779470.0,2455606770661.0,204960394399.0,360088380500.0,119448447833.0,282773009503.0
009155,삼성전기우,,,,,,,,,,,,,,,
009160,SIMPAC,CFS,577064304729.0,576766847975.0,358853967050.0,339349817467.0,380566722285.0,365415682268.0,598164344226.0,599682756591.0,167760712390.0,188878161524.0,6539108947.0,40236287899.0,1795283474.0,31470551807.0
009180,한솔로지스틱스,CFS,161244580690.0,178161791687.0,129188526959.0,156801199996.0,145290185823.0,171990567169.0,115457699112.0,102505681816.0,177735520256.0,265255357297.0,9654865343.0,11693998294.0,8622165263.0,10396015129.0
009190,대양금속,CFS,173934677771.0,148466664448.0,133939621416.0,106391762659.0,223291227830.0,226378022139.0,203201499056.0,174499068905.0,78175146977.0,70823507724.0,1440771258.0,8848512012.0,-8662285586.0,9323287511.0
009200,무림페이퍼,CFS,940119904566.0,990488504312.0,870529757285.0,1017158103808.0,1700492690606.0,1739726817209.0,699307703020.0,689406928779.0,327474934090.0,320591307246.0,25357468378.0,21725959367.0,9163740605.0,12082594616.0
009240,한샘,CFS,402858421569.0,371956679283.0,450067475027.0,463658975053.0,660262652997.0,654251595301.0,469014504317.0,445427945270.0,514793312892.0,499874207493.0,1226020361.0,2156692886.0,-418954022.0,986277638.0
009270,신원,CFS,365889152253.0,332378571171.0,265496066962.0,208318649701.0,333669349423.0,284616541652.0,223683043207.0,225508352071.0,217297015415.0,251231011441.0,4604619807.0,10220901300.0,-534357718.0,7306363383.0
009290,광동제약,CFS,626485555797.0,605746753111.0,404911446824.0,353566874753.0,426397759257.0,384977525142.0,562318569128.0,547046233720.0,375359595864.0,361814651429.0,11928442366.0,10310452580.0,9000679491.0,3735155353.0
009310,참엔지니어링,CFS,439321951149.0,490120687958.0,547802291347.0,596874064052.0,607783432473.0,653553594852.0,75842310545.0,86111993721.0,19371107286.0,64024184072.0,-9004026510.0,7251584809.0,-7379692894.0,11293588078.0
009320,아진전자부품,CFS,38598120724.0,34389415714.0,56787375302.0,54072412106.0,68619008452.0,65582625898.0,26820678393.0,25658604045.0,28230895337.0,25190301911.0,-748273623.0,-840532172.0,449812103.0,-1679307384.0
009410,태영건설,CFS,2529756347070.0,2251456331195.0,1792569508793.0,2213048292164.0,3893734985367.0,3582445702772.0,842940336846.0,740862563726.0,918777194732.0,617114740767.0,57741817666.0,-7435776597.0,36496634499.0,-7994283612.0
009415,태영건설우,,,,,,,,,,,,,,,
009420,한올바이오파마,CFS,118136154288.0,111788673247.0,32695507748.0,28534710402.0,49927695389.0,45194772072.0,177296683599.0,168256460626.0,41417986987.0,26249557075.0,8122061194.0,681541348.0,7306469749.0,-77244455.0
009440,KC그린홀딩스,CFS,430825927212.0,397856970676.0,424337539006.0,430198031170.0,585994455699.0,534872842836.0,256004657889.0,257987835634.0,1585629358.0,1336715916.0,3937075448.0,1193765004.0,188327792.0,-17589592317.0
009450,경동나비엔,CFS,559228159411.0,523037781853.0,436140845439.0,423564089051.0,497585337228.0,500314843682.0,552225976598.0,517704584690.0,257270496497.0,248282649862.0,10485946960.0,3502024557.0,11183361948.0,22185709927.0
009460,한창제지,CFS,102596552675.0,103712969664.0,102095997600.0,97228594589.0,188062018507.0,172631641520.0,94477309803.0,110430809643.0,71109556424.0,47153475965.0,-3471486216.0,2836830062.0,-4376406034.0,3118413339.0
009470,삼화전기,CFS,98368712971.0,86861007970.0,47974983493.0,40571460686.0,58643309377.0,50062914992.0,97950707407.0,89052354790.0,55989902607.0,69160978384.0,3315012903.0,7777842413.0,3781796231.0,6779543466.0
009540,HD한국조선해양,CFS,17381113453000.0,15775914217000.0,16383714529000.0,15033482523000.0,19346744703000.0,17571346490000.0,12290234858000.0,12312129810000.0,5453640001000.0,4188606445000.0,71256596000.0,-265085002000.0,39408985000.0,-105599535000.0
009580,무림P&P,CFS,606566500501.0,606630104461.0,498403423931.0,590302744262.0,972752724292.0,941368622014.0,659913464113.0,662689180761.0,190705200194.0,180532813980.0,8027951757.0,11134582571.0,-26321795.0,8804549243.0
009680,모토닉,CFS,375813387617.0,371947222503.0,29932563154.0,29573642756.0,35040171260.0,33436780037.0,433601095698.0,430657381135.0,63829040316.0,57456777769.0,3691408910.0,4373549115.0,5752026861.0,3938555858.0
009770,삼정펄프,CFS,150473549536.0,135234131351.0,22396065039.0,19018631757.0,25040788604.0,19657538379.0,218528846676.0,213006280261.0,47892142101.0,42614642549.0,3180473968.0,1726771262.0,3031969337.0,4444067744.0
009810,플레이그램,CFS,157974250748.0,169102620939.0,87331535639.0,109789303274.0,96807270613.0,120092720408.0,200683494203.0,183550609564.0,50472493554.0,15483826831.0,-787858680.0,-903209078.0,1025581451.0,16358162604.0
009830,한화솔루션,CFS,8213659717723.0,8573295434667.0,5998655408453.0,6808491430423.0,13810613146019.0,13934972874351.0,9420520900375.0,9896911559334.0,3393033444689.0,3259036255497.0,194065312502.0,272299446849.0,20849415846.0,244526101395.0
009835,한화솔루션우,,,,,,,,,,,,,,,
009900,명신산업,CFS,625127455274.0,562797781474.0,334206366097.0,375289532166.0,508693274955.0,545467699718.0,487323407464.0,383799554377.0,466543848641.0,317405725455.0,77441316736.0,21288892626.0,65272622366.0,26668289384.0
009970,영원무역홀딩스,CFS,3800862563646.0,3589462887266.0,807895079238.0,937917047917.0,1541527242891.0,1503556312790.0,4387136076165.0,3986663398394.0,1118452304902.0,1047805307651.0,238258786586.0,229317127862.0,184567821863.0,214389960923.0
010040,한국내화,CFS,132787166549.0,128344613909.0,72242500409.0,68407611103.0,120602079547.0,105655719304.0,227231011866.0,220343121783.0,104516739493.0,96695672004.0,402130869.0,2809303786.0,664233243.0,2352069042.0
010060,OCI홀딩스,CFS,3742426517000.0,4110803927000.0,846722658000.0,1577971429000.0,2031332516000.0,2734136888000.0,3376209403000.0,4011397366000.0,594272580000.0,587969597000.0,131945674000.0,132265901000.0,389366968000.0,147625301000.0
010100,한국무브넥스,CFS,540639182695.0,465324219954.0,460483376638.0,456203652874.0,544742946745.0,498148853006.0,334032916042.0,301245283297.0,392724141582.0,331464172776.0,25621806925.0,7857073253.0,23352600748.0,8330513187.0
010120,LS ELECTRIC,CFS,2605319814241.0,2341252236663.0,1519003563425.0,1390210307038.0,2001686273843.0,1773513972232.0,1643304380185.0,1549291005666.0,1201757518899.0,878817013380.0,104900712124.0,60097822618.0,73018775742.0,27447640608.0
010130,고려아연,CFS,5112895071551.0,6071090869900.0,1647163680056.0,2319116608598.0,2144026160921.0,2866186242426.0,9195483157128.0,9231732116548.0,2469446434791.0,2851263039267.0,155714424546.0,381196012043.0,124239961309.0,323210629810.0
010140,삼성중공업,CFS,8950612575147.0,8411943463061.0,9734832872199.0,9216046809137.0,11272755188852.0,10919760587958.0,3708426593004.0,3571937396906.0,1945786579939.0,1426146296117.0,58914338193.0,-255741895140.0,23223422608.0,-39071806168.0
010400,우진아이엔에스,CFS,63990298813.0,65371218289.0,15782172025.0,16929725111.0,16303277261.0,18022750569.0,93033348481.0,93608634447.0,22030664582.0,21006045774.0,-1366594385.0,-1555915124.0,-330870587.0,-1797558417.0
010580,에스엠벡셀,CFS,42491041825.0,85269627983.0,28685357316.0,77048365816.0,34039586893.0,82605052368.0,75088212328.0,66976244003.0,37999081229.0,34811061940.0,-2948848833.0,-72172604.0,-5056363237.0,-187628585.0
010640,진양폴리,CFS,10850488400.0,11294653591.0,9014911580.0,7993269672.0,16261686086.0,15374877852.0,30936295740.0,30709642807.0,13464861667.0,14306584410.0,1163818737.0,1229089778.0,1070210592.0,1722668661.0
010660,화천기계,CFS,71713199671.0,78152492874.0,29993907584.0,32134347538.0,30637330139.0,32602283746.0,129841002356.0,128824747667.0,42897931210.0,45156915362.0,328037282.0,1239003414.0,1282212164.0,1841502999.0
010690,화신,CFS,628287116506.0,548104713599.0,591171099997.0,541172902992.0,690373213564.0,647757403677.0,421912586549.0,356863590822.0,457554197314.0,402477368210.0,27624687799.0,22350312428.0,21668939126.0,22740098224.0
010770,평화홀딩스,CFS,307308362186.0,288646083401.0,386261985926.0,366545852396.0,443436196356.0,435879831455.0,129130607597.0,122490583776.0,200111278806.0,173796910424.0,4038064100.0,874697157.0,138911219.0,-1143216294.0
010780,아이에스동서,CFS,2335027557707.0,2207827121057.0,1309283542263.0,1659038405092.0,2260849919142.0,2131652333747.0,1790884434159.0,1606134122300.0,554300923651.0,575177701760.0,91640808801.0,82258726356.0,39752354907.0,55029545778.0
010820,퍼스텍,CFS,158426387040.0,102843974656.0,187177933311.0,119575891323.0,219294438267.0,154647754948.0,64625572179.0,56662192603.0,38061116500.0,39126867354.0,818534929.0,218487188.0,147831812.0,-204075844.0
010950,S-Oil,CFS,8480700000000.0,9205981000000.0,7876087000000.0,8213158000000.0,10878963000000.0,11129666000000.0,8377149000000.0,8483469000000.0,7819591000000.0,11442405000000.0,36418000000.0,1721985000000.0,-22426000000.0,1014238000000.0
010955,S-Oil우,,,,,,,,,,,,,,,
010960,삼호개발,CFS,169633335549.0,146333598697.0,71889007053.0,49462682948.0,86133666474.0,63537093441.0,222421293873.0,218855768768.0,95908961393.0,79459417123.0,3876914968.0,623674812.0,5162790544.0,1080003489.0
011000,진원생명과학,CFS,41540633434.0,73063156234.0,26145225812.0,33835688340.0,34342662668.0,41395394097.0,164130591817.0,181471292500.0,8328400243.0,14389016440.0,-12091290846.0,-9396014480.0,-13197226130.0,-10973532563.0
011070,LG이노텍,CFS,3836790694530.0,4713796330744.0,3028122109341.0,4270416742099.0,5195737948410.0,5527824867091.0,4277402426414.0,4265792959339.0,3907208706433.0,3702582613536.0,18359658802.0,289912302998.0,2066975136.0,206339626688.0
011090,에넥스,CFS,56442081097.0,70384780920.0,52478647707.0,64002853397.0,73315474441.0,83739059135.0,38959373183.0,44341097207.0,54571509052.0,50654145199.0,-766203964.0,-5732602584.0,-1249560256.0,-5524995222.0
011150,CJ씨푸드,CFS,41016519725.0,60241701121.0,41721779836.0,63686192032.0,45133368501.0,67719807379.0,75397756795.0,75689279256.0,33796861751.0,32661290853.0,193315053.0,395829900.0,-764074428.0,854756695.0
011155,CJ씨푸드1우,,,,,,,,,,,,,,,
011170,롯데케미칼,CFS,10438510176154.0,9466179970506.0,6427263640621.0,6384043035475.0,11698225627642.0,9520345523797.0,19848718466702.0,17264242286783.0,5002378822228.0,5317840524689.0,-77046906772.0,-59465978949.0,-140265142353.0,36208780472.0
011200,HMM,CFS,14280927000000.0,14280104000000.0,1935167000000.0,2051767000000.0,5161760000000.0,5285543000000.0,21482230000000.0,20781115000000.0,2129988000000.0,5034034000000.0,160218000000.0,2936544000000.0,312796000000.0,2941240000000.0
011210,현대위아,CFS,3881324000000.0,4267463000000.0,2160820000000.0,2410435000000.0,3318640000000.0,3812800000000.0,3752524000000.0,3733651000000.0,2285069000000.0,1971761000000.0,65187000000.0,53121000000.0,1385000000.0,199653000000.0
011230,삼화전자,CFS,16491594319.0,17696955462.0,38817754350.0,37687214131.0,52340989661.0,51007477621.0,14862046624.0,17734815364.0,10383911993.0,12790616216.0,-1328521604.0,-1069588269.0,-1848743913.0,-1457362794.0
011280,태림포장,CFS,169810901671.0,171430957662.0,198078427081.0,186309618375.0,297383309038.0,284710005647.0,368849088594.0,366507769408.0,181083431673.0,198537527299.0,9166814089.0,11101757812.0,5962119614.0,7604357217.0
011300,우성머티리얼스,CFS,53444564593.0,40698351561.0,73575782603.0,66989388325.0,106151191226.0,101656694244.0,29092340700.0,22215807636.0,16156742733.0,16994309276.0,-859136932.0,-646247201.0,-3368403175.0,2200570534.0
011330,유니켐,CFS,81584403441.0,83203990276.0,330465954373.0,272487900951.0,349712254947.0,295710101541.0,153353294122.0,139168128994.0,37439559882.0,33452273478.0,1713023931.0,1427733570.0,-976192115.0,707656825.0
011390,부산산업,CFS,63295450235.0,61778892132.0,45308607189.0,36243580254.0,55095291168.0,52615151179.0,84639040481.0,82063775142.0,33322600989.0,37930334799.0,1400781194.0,1670445818.0,910520770.0,1454586668.0
011420,갤럭시아에스엠,CFS,24631677241.0,13797756968.0,10518551601.0,24169577522.0,11641658370.0,24529479896.0,50926144878.0,33333531632.0,7622273160.0,7293985483.0,1365340434.0,1010843598.0,2292963874.0,999114299.0
011500,한농화성,CFS,90102413016.0,104679892589.0,29301017959.0,31932042519.0,80345868821.0,72824106640.0,168982998390.0,152591076184.0,50506574747.0,66109629809.0,-2085560876.0,3639224888.0,18569612388.0,5824516947.0
011690,와이투솔루션,CFS,85706236551.0,89013981094.0,18823911182.0,40215347329.0,23174167437.0,44107169231.0,100923062555.0,82499822092.0,30475881688.0,30101033485.0,-670470.0,354772606.0,4657095311.0,-660865213.0
011700,한신기계,CFS,73163480833.0,73783151826.0,21695911667.0,21936666117.0,23060121353.0,22775323313.0,91541802602.0,92946406445.0,14165966756.0,12820922304.0,-1292183891.0,-413401373.0,-1543904828.0,-926675555.0
011760,현대코퍼레이션,CFS,1286847660648.0,1235214844762.0,1052511650881.0,977251924327.0,1425192926767.0,1394707519478.0,482776910692.0,436594282075.0,1547046296044.0,1594896931457.0,27017045966.0,20846347368.0,24414705129.0,26624137864.0
011780,금호석유화학,CFS,2576310731185.0,2743638365732.0,1435011092186.0,1462781190709.0,1983532911430.0,2065857046026.0,5674729192859.0,5653415177596.0,1578132239215.0,2243856443779.0,107923263670.0,353951385359.0,117437871852.0,286930087842.0
011785,금호석유화학우,,,,,,,,,,,,,,,
011790,SKC,CFS,1940746161403.0,2526145050706.0,1542475598804.0,1870885565853.0,3860710092021.0,4151241803700.0,2380407827013.0,2241850761208.0,630895905460.0,753837367727.0,-36921973130.0,102726690920.0,-24845580441.0,119668080966.0
011810,STX,CFS,316077000000.0,465066000000.0,433638000000.0,541861000000.0,486821000000.0,639377000000.0,120638000000.0,102407000000.0,247770000000.0,250870000000.0,-575000000.0,-4517000000.0,-11616000000.0,10154000000.0
011930,신성이엔지,CFS,251886923720.0,250730389825.0,252256483952.0,256892817231.0,342745893899.0,366385474629.0,190169335797.0,156366391702.0,156987394399.0,176109772013.0,2285265686.0,10244875232.0,562851927.0,9668885478.0
012030,DB,CFS,143708464749.0,114707456228.0,110056814497.0,110484852478.0,162474309385.0,129333891166.0,423082868409.0,284983493606.0,94838358441.0,104860706000.0,6574097424.0,2589506959.0,6130391347.0,3279800759.0
0120G0,삼양바이오팜,,,,,,,,,,,,,,,
012160,영흥,CFS,267020110395.0,273435838538.0,267833210582.0,258920495495.0,332449413623.0,337528199498.0,190070037582.0,198156295843.0,132706491270.0,120824303648.0,2357290432.0,2040047056.0,-2169453086.0,5637128408.0
012170,아센디오,CFS,28093402277.0,48796748867.0,25491554327.0,21086467111.0,26748055176.0,40888846326.0,26751114979.0,32269679091.0,1669065786.0,2631640623.0,-2560380601.0,-1494761727.0,-3330915388.0,-1312670989.0
012200,계양전기,CFS,156334691961.0,154643823757.0,102290504493.0,131941547098.0,107176418465.0,169633025975.0,128190910732.0,127921529428.0,98225315088.0,93888409606.0,-311027825.0,-2575103894.0,-1412780340.0,983631912.0
012205,계양전기우,,,,,,,,,,,,,,,
012280,영화금속,CFS,102674469815.0,113565734719.0,100079226463.0,118508610032.0,138088496744.0,158037883342.0,64991587003.0,62701053016.0,68056563180.0,70568470407.0,3665421676.0,-563526287.0,2313472078.0,250826906.0
012320,경동인베스트,CFS,246722096971.0,238353577485.0,81757725322.0,65544892616.0,132992417656.0,136105199735.0,458455957422.0,450708397884.0,70772991009.0,76471910932.0,2246087877.0,532335826.0,5348173185.0,548094839.0
012330,현대모비스,CFS,27039449000000.0,25659721000000.0,12848355000000.0,11476170000000.0,19003768000000.0,17599066000000.0,39455535000000.0,37807632000000.0,15684944000000.0,12308052000000.0,663767000000.0,403331000000.0,932009000000.0,769731000000.0
012450,한화에어로스페이스,CFS,9286598104065.0,8589056321089.0,11101168645974.0,8270093645238.0,13675732381433.0,11233518424948.0,4625785463073.0,3923783553861.0,1797904528829.0,1457383815499.0,82944037520.0,87215298091.0,302058780840.0,5852154952.0
012510,더존비즈온,CFS,143836178259.0,143916992480.0,156481339063.0,137740832182.0,414488404755.0,394392969092.0,425362216735.0,438499756772.0,84897407067.0,74865768822.0,16516968465.0,12168363425.0,8866305717.0,7765228485.0
012610,경인양행,CFS,279330762377.0,263604207552.0,240809685916.0,214042008855.0,305801183657.0,282098495707.0,261960289763.0,266154503356.0,90083063853.0,115475655019.0,578497408.0,11729673709.0,-3887459783.0,8591715314.0
012630,HDC,CFS,6101776538382.0,6762367303826.0,3562353797678.0,4356654859253.0,6213447869233.0,6759502438861.0,4844826901661.0,4832838799122.0,1369339729816.0,1346192808214.0,34897222612.0,68877718518.0,37595836867.0,62787482117.0
012690,모나리자,CFS,52347742626.0,37112904348.0,18491416177.0,17942328556.0,20666342739.0,20179158794.0,82296477371.0,77615217380.0,31627678727.0,28762871016.0,1618695217.0,680537323.0,5454229701.0,588016155.0
0126Z0,삼성에피스홀딩스,,,,,,,,,,,,,,,
012750,에스원,CFS,971953828695.0,950422185740.0,444596514987.0,444737224516.0,555489854654.0,552669332935.0,1529449248659.0,1522989262567.0,648676322618.0,625504415116.0,54542314678.0,53301803470.0,41068781043.0,39072063009.0
012800,대창,CFS,503822013379.0,526440439454.0,440278996257.0,401660729113.0,551118414046.0,563437643167.0,265447228278.0,276716175313.0,334786900515.0,369105469170.0,-2965386769.0,505661239.0,-3490653105.0,8705411995.0
013000,세우글로벌,CFS,46094316952.0,44255370613.0,6184520752.0,4010331521.0,6215040769.0,4030128778.0,47211927620.0,45858591763.0,9650379951.0,7274646509.0,765901160.0,378557931.0,626567099.0,801472454.0
013360,일성건설,CFS,267791742992.0,219850373057.0,242444876025.0,215195990150.0,337959841251.0,292815448269.0,122855297254.0,120486549061.0,161995340854.0,99919427523.0,2315689877.0,1060958490.0,421029864.0,1583648006.0
013520,화승코퍼레이션,CFS,673549662376.0,627474797470.0,803945439240.0,806733242379.0,955725157927.0,926620108676.0,272606022449.0,250597989684.0,31652965137.0,26600026589.0,20533214980.0,10931484542.0,6480613925.0,6628612512.0
013570,디와이,CFS,582325013804.0,537055426753.0,335035768173.0,319588490731.0,393370931627.0,356698974017.0,523395448687.0,504384058940.0,311834460735.0,259935794731.0,16311096991.0,7496216749.0,12966347977.0,6141518202.0
013580,계룡건설,CFS,1923581208498.0,1703568860436.0,1505314482074.0,1342285677004.0,1992179133766.0,1757274727927.0,824297434488.0,802753933081.0,773223021384.0,750547303544.0,22213465296.0,16666719293.0,12571060742.0,8582008650.0
013700,까뮤이앤씨,CFS,86822258152.0,72079767443.0,100862052185.0,88669890181.0,127891814403.0,116341805653.0,80848394056.0,79147588250.0,68445432274.0,54659694608.0,1699196833.0,-1069503176.0,1349375262.0,-439437155.0
013870,지엠비코리아,CFS,328686027601.0,294436675311.0,279111110808.0,248081704876.0,315184490193.0,282988578972.0,271522199623.0,267831024004.0,179746595327.0,144083608385.0,6186413041.0,2498497068.0,1250824858.0,8170877201.0
013890,지누스,CFS,665410766899.0,685770417986.0,369623557516.0,391306390941.0,460827254583.0,488663623143.0,637061025679.0,626157267727.0,219539287755.0,264171142104.0,5160292435.0,9244105723.0,5500489593.0,4304222960.0
014130,한익스프레스,CFS,145084787671.0,143504295660.0,156457826174.0,176636027467.0,296586161219.0,302592347580.0,104606662568.0,105354618725.0,166609645647.0,221879985829.0,4234940454.0,6023232462.0,-264547071.0,3221562772.0
014160,대영포장,CFS,99960273192.0,100263704907.0,61659083526.0,69518889154.0,71954730390.0,80340610405.0,172140529149.0,167016272894.0,71048005061.0,74937027124.0,3792779626.0,4058563610.0,3068302856.0,3635981081.0
014280,금강공업,CFS,473426879027.0,443511158509.0,551277567054.0,523650509725.0,679286762658.0,646587484981.0,464871521964.0,448214310434.0,214308707193.0,169743957998.0,18262484411.0,9857647422.0,12679808498.0,5714518993.0
014285,금강공업우,,,,,,,,,,,,,,,
014440,영보화학,CFS,72957794570.0,75676481194.0,16057879919.0,21644258116.0,16155010451.0,22013068492.0,160029653223.0,158436328623.0,21464753949.0,19408695997.0,938903206.0,429076879.0,1064603115.0,706892348.0
014530,극동유화,CFS,191586341918.0,169686700343.0,141502046880.0,127554547499.0,173009524432.0,147759136082.0,208872647069.0,205316910692.0,278444661946.0,313348563521.0,7543522307.0,9114190239.0,4835737845.0,7304192493.0
014580,태경비케이,CFS,147609095307.0,146184796631.0,70216418839.0,75674736765.0,93746237985.0,96292879506.0,284487688387.0,264947299130.0,73994242496.0,101513655509.0,11667974881.0,9150099740.0,10246217797.0,6780040785.0
014680,한솔케미칼,CFS,352977189521.0,386120253270.0,244526906780.0,153669789765.0,398374570231.0,400814014226.0,895558704282.0,852496588410.0,194652256870.0,230685166391.0,32642893223.0,60436474125.0,30646919800.0,50070198905.0
014710,사조씨푸드,CFS,100872583630.0,99491937054.0,112362963674.0,97974738285.0,125129949306.0,111544268866.0,228154881196.0,239156185753.0,46173452639.0,54846406643.0,-12493867523.0,3778366694.0,-9491667525.0,2550957947.0
014790,HL D&I,CFS,885155643113.0,766565951434.0,878257616423.0,679492692355.0,1367242975838.0,1240232282310.0,432292071012.0,427189513189.0,390504342696.0,377397052947.0,10063999745.0,13694554028.0,437485466.0,6230881331.0
014820,동원시스템즈,CFS,597864423415.0,550242849405.0,488404407314.0,420866461449.0,787663445057.0,722040384353.0,748615904724.0,729629597917.0,334825700067.0,378316446484.0,25614620799.0,29502709915.0,17944498295.0,21797315693.0
014825,동원시스템즈우,,,,,,,,,,,,,,,
014830,유니드,CFS,682703531923.0,848804647592.0,423215070575.0,542047732288.0,465558058004.0,587712511772.0,892575348254.0,901552165745.0,301148617701.0,358223542415.0,8263272145.0,58920347132.0,4393556900.0,60072711624.0
014910,성문전자,CFS,30813156346.0,38264060991.0,21788371650.0,23919722900.0,22075492012.0,25167616319.0,36545013342.0,32073699343.0,12471910182.0,14189250117.0,-340745530.0,1284598417.0,-3045885012.0,1700186585.0
014915,성문전자우,,,,,,,,,,,,,,,
014990,인디에프,CFS,42318419449.0,54812308324.0,59943566903.0,72805809780.0,71073651477.0,81801083054.0,36597929884.0,37944084318.0,34671873449.0,37469277707.0,280234859.0,-555410333.0,-368777477.0,2327179875.0
015020,이스타코,CFS,15769186225.0,19768810730.0,25970370298.0,31094510237.0,31069672543.0,34487215492.0,44536914525.0,45304145559.0,1779436231.0,1818248446.0,-44699877.0,73846697.0,-273040061.0,-435770418.0
015230,대창단조,CFS,245581171838.0,230719006603.0,58193057929.0,61283024353.0,93635324221.0,95831169725.0,263684451106.0,242397320483.0,106358026660.0,102660742617.0,16789894175.0,13255466968.0,12516908010.0,13568316359.0
015260,에이엔피,CFS,40633969423.0,47611035041.0,50633400546.0,57564189592.0,64604421733.0,76747049774.0,32249088331.0,30052140226.0,38179532115.0,20836191449.0,-624616567.0,-3384951584.0,-6873178520.0,-7735559388.0
015360,INVENI,CFS,284332643000.0,600113682000.0,324618953000.0,670344420000.0,643802059000.0,971855140000.0,526934283000.0,519538661000.0,244593440000.0,258836023000.0,29366894000.0,-1443402000.0,23642166000.0,3960543000.0
015590,DKME,CFS,131021362740.0,130896715204.0,61799654417.0,79957946686.0,64803222933.0,82860308311.0,125272320091.0,109826948997.0,32471634812.0,19683245866.0,3423757977.0,2674714921.0,4698500253.0,6121257223.0
015760,한국전력,CFS,26208624000000.0,29750545000000.0,48167381000000.0,44518577000000.0,201350005000000.0,192804738000000.0,35072888000000.0,42000256000000.0,19622495000000.0,15528035000000.0,-2272398000000.0,-6516348000000.0,-1904351000000.0,-4835820000000.0
015860,일진홀딩스,CFS,974518535869.0,891510804843.0,572030733330.0,463109692059.0,745522451375.0,678227620427.0,922045410817.0,907886898757.0,359378768298.0,385045974530.0,13175681151.0,10065709904.0,9131279791.0,8039716687.0
015890,태경산업,CFS,272840838981.0,273420877779.0,165247073671.0,180874995740.0,190312524219.0,204202010453.0,438070243202.0,420836852104.0,166202470673.0,204270798543.0,14661713204.0,16741474534.0,11864698972.0,10153303238.0
016090,대현,CFS,153433936678.0,160793659166.0,39357176637.0,50808069220.0,43282064540.0,54998741748.0,248556390239.0,242651078659.0,64593448882.0,65995692954.0,5090243104.0,6289999909.0,4792416082.0,5132569211.0
016360,삼성증권,,,,,,,,,,,,,,,
016380,KG스틸,CFS,1342003277450.0,1016802407111.0,737145742472.0,648409557265.0,1412904899890.0,1361342496584.0,1771824914515.0,1690164830079.0,888013564421.0,1075775528736.0,85040890082.0,122998483129.0,56394288260.0,68890501431.0
016450,한세예스24홀딩스,CFS,1015693403499.0,1110802442650.0,1034709237878.0,1055290548647.0,1170663810221.0,1205446231945.0,808620515510.0,831517509175.0,685646310269.0,878259083595.0,45635885492.0,66069503189.0,24364954438.0,28302918057.0
016580,환인제약,CFS,206873149834.0,197421514501.0,38053187928.0,31750479508.0,41851572309.0,35446435977.0,344548335228.0,333928125494.0,57626095421.0,48571854465.0,8544528790.0,6690642952.0,8773685490.0,5540825714.0
016590,신대양제지,CFS,343002041622.0,330075836941.0,139813818895.0,157468802943.0,207664108782.0,227229978192.0,684355613640.0,657299911642.0,162228063576.0,170943792491.0,19634372523.0,19337139793.0,18052451988.0,21632672511.0
016610,DB증권,,,,,,,,,,,,,,,
016710,대성홀딩스,CFS,386007369916.0,521682900507.0,379249288204.0,496194551524.0,541499691967.0,786541938665.0,562868328846.0,604804139153.0,199264878593.0,198613697353.0,-8280293730.0,3458352415.0,-4654492831.0,4019180792.0
016740,두올,CFS,294784438691.0,296934612669.0,193855687893.0,213171947750.0,247664847461.0,263998120328.0,212760596281.0,198173169886.0,189593611452.0,141224656654.0,11650428240.0,3548141752.0,7010621394.0,631221377.0
016800,퍼시스,CFS,215424491659.0,215710486345.0,54455680059.0,65902722142.0,59863706392.0,71851940711.0,498225801476.0,472952597361.0,89826984491.0,103026914158.0,10585264590.0,10400347184.0,14848281505.0,-7200356755.0
016880,웅진,CFS,456572545053.0,481290449369.0,737419158333.0,728792255569.0,850034330715.0,868253314371.0,220998667779.0,226164473393.0,257164946606.0,266075364063.0,11015584531.0,15096427736.0,6755907663.0,6666570920.0
017040,광명전기,CFS,120942690121.0,107721627777.0,62375867284.0,49661800189.0,67102331444.0,53307671271.0,120855657680.0,118870745862.0,35287342377.0,30925049517.0,540492920.0,-176238311.0,1022639040.0,150016837.0
017180,명문제약,CFS,78998245400.0,70706927709.0,118620798465.0,110821453501.0,140323891650.0,135182358858.0,95480383191.0,95267464101.0,43509003017.0,40780660715.0,1375752156.0,3214754372.0,-91848699.0,2323106955.0
017370,우신시스템,CFS,152307127313.0,150779319919.0,181743043949.0,178058326845.0,190434827605.0,192467200303.0,96559548200.0,90048515305.0,65435673790.0,46882265095.0,1078357658.0,-842654452.0,-235373575.0,-718769835.0
017390,서울가스,CFS,745190189389.0,1062951374975.0,224503030614.0,557406644342.0,483317248485.0,818373686144.0,1077022582855.0,1052968760901.0,223979500491.0,229417965317.0,38642201.0,-1067530128.0,6242352362.0,2290285321.0
017550,수산세보틱스,CFS,149097614519.0,155944008621.0,106081091452.0,116508261814.0,114146649407.0,123182486960.0,148827634195.0,138548648213.0,59423759736.0,71855452303.0,5313847529.0,4417248537.0,4054918874.0,4860249158.0
017670,SK텔레콤,CFS,6705986000000.0,7219196000000.0,6659166000000.0,8046541000000.0,17911901000000.0,19153066000000.0,12393677000000.0,12155196000000.0,4306383000000.0,4289857000000.0,463409000000.0,459605000000.0,347757000000.0,258147000000.0
017800,현대엘리베이터,CFS,1276482733012.0,1096309420548.0,1143596502694.0,1222898677886.0,1901246866168.0,1847719039348.0,1413331837686.0,1166752024073.0,667371596594.0,484315367742.0,15702419178.0,-11556446963.0,74529194838.0,79724194952.0
017810,풀무원,CFS,672791090867.0,752345560481.0,935796016177.0,892669610735.0,1536676387972.0,1502570984984.0,463104599663.0,546646770252.0,755386260940.0,705901186587.0,16777199714.0,15705876701.0,3528862529.0,4412246081.0
017860,DS단석,,,,,,,,,,,,,,,
017900,광전자,CFS,124918305250.0,124433720602.0,15679221963.0,16592154606.0,19089272929.0,20234706018.0,226693027261.0,227620600680.0,34051619616.0,42816338523.0,-380346185.0,3234249664.0,114369049.0,11061159620.0
017940,E1,CFS,1924956911441.0,1930286688911.0,1591223952343.0,1711123011938.0,2874674212909.0,2829299481251.0,1680570207191.0,1510355704256.0,1874768845108.0,2120049191229.0,99275559348.0,59619504486.0,62258445747.0,7329481157.0
017960,한국카본,CFS,355804316921.0,289163544215.0,229480375934.0,156336842968.0,250963593172.0,181165801047.0,404724353162.0,404167834363.0,133812829194.0,71565754969.0,7894564887.0,2491643646.0,6920847897.0,8937530875.0
018250,애경산업,CFS,283987350292.0,275603610012.0,119158369929.0,116975836193.0,128437953926.0,123665920018.0,369332633863.0,358973695336.0,162140536243.0,141822208176.0,16557004204.0,4187506904.0,12117347084.0,3979848896.0
018260,삼성에스디에스,CFS,7873234278283.0,8005764371670.0,2210196320948.0,2493322920021.0,3206274996939.0,3485454954575.0,8745886942939.0,8466969934914.0,3290765311027.0,4595178210292.0,206362081305.0,270001334188.0,170478057930.0,272535965324.0
018470,조일알미늄,CFS,208757117066.0,215659159961.0,157844951181.0,164284251035.0,176780942032.0,180767713986.0,184591207157.0,186912876356.0,109612473823.0,144463359980.0,-471817774.0,9468492479.0,-1826079236.0,7542230260.0
018500,동원모빌리티,CFS,194866482681.0,185219830046.0,258979904117.0,303611966575.0,394406221968.0,398156987777.0,103564723246.0,89710533157.0,137712009350.0,127324620451.0,14715052411.0,11823707087.0,5599704151.0,7425149315.0
018670,SK가스,CFS,2509152811366.0,2581339370870.0,1412073074207.0,1742517071826.0,3457890274826.0,3490881745324.0,2459118612038.0,2340895146247.0,1494066797502.0,1906593521263.0,66784627488.0,56962546814.0,2506302346.0,11806140104.0
018880,한온시스템,CFS,3975411655928.0,4194764703068.0,3689669768203.0,4021078315367.0,6661440715605.0,6728917210972.0,2700749806710.0,2369866116572.0,2429090026451.0,2106736630535.0,143475901470.0,60071177266.0,110605686178.0,14583471848.0
019170,신풍제약,CFS,209514996281.0,196541780854.0,59097037297.0,27167237503.0,61786835260.0,30777770605.0,315646751364.0,330758287691.0,53117043266.0,50367776728.0,-9696331775.0,-3435261144.0,-8987723092.0,-4578703124.0
019175,신풍제약우,,,,,,,,,,,,,,,
019180,티에이치엔,CFS,212248916847.0,188883233062.0,217304392372.0,194765622089.0,297243791843.0,279919564485.0,112656717649.0,91434393027.0,145643175998.0,120013665166.0,10642987411.0,9386138642.0,11507075975.0,8614902732.0
019490,엑시큐어하이트론,CFS,23906569104.0,13505684029.0,14732263192.0,2924895308.0,15385258042.0,3857001202.0,11778736417.0,12980412620.0,2047479010.0,2775374969.0,-202457942.0,-2016352886.0,108705605.0,-2384802930.0
019680,대교,CFS,122294247915.0,125924567674.0,200157559699.0,176442427157.0,284809496935.0,262333648796.0,384942273830.0,404390139876.0,164420188528.0,165732616101.0,-14716200491.0,-8079855494.0,-15173835083.0,-8191880270.0
019685,대교우B,,,,,,,,,,,,,,,
020000,한섬,CFS,880039563484.0,1031083371680.0,326023918725.0,288910944267.0,413073826436.0,348223076669.0,,,345703791663.0,357436495809.0,5800553404.0,27409773039.0,8603914565.0,17730748064.0
020120,키다리스튜디오,CFS,126786043738.0,130418120361.0,78422302898.0,75836738214.0,105263499648.0,104145178065.0,270280703402.0,274624032843.0,40108442054.0,51729097627.0,-968148201.0,7178594295.0,-3878962799.0,4229513577.0
020150,롯데에너지머티리얼즈,CFS,1413190918893.0,1436348000822.0,315041696277.0,176543818151.0,455570177883.0,440193361462.0,1970841240159.0,1990086440415.0,198156156712.0,188424315738.0,1519022535.0,25202584080.0,-7566252917.0,6500128655.0
020560,아시아나항공,CFS,3156581534946.0,2844322554853.0,6405888846838.0,5976436038608.0,13073202712778.0,12739695840901.0,623263949716.0,715645570898.0,1825577438251.0,1549278096088.0,151313242809.0,139496432172.0,8817659967.0,-212922533719.0
020760,일진디스플,CFS,31732912464.0,34999130791.0,72448253723.0,80757113949.0,89559893793.0,88372905690.0,30997048153.0,28930664804.0,7385525368.0,34323691938.0,-3138756540.0,424450251.0,-3090894882.0,-58114869.0
021050,서원,CFS,94218838603.0,96417388929.0,108516478728.0,99640406979.0,132267037095.0,129996555577.0,130626943926.0,136236301764.0,58159642441.0,78104316634.0,-1085949346.0,-478707452.0,-882182714.0,9019451372.0
021240,코웨이,CFS,1471655130529.0,1374501066423.0,1432848878280.0,1130229416371.0,2158931162703.0,2053106158533.0,2430121667845.0,2311968716798.0,1006168606391.0,978162757858.0,194171555656.0,175991129891.0,107133553378.0,132509201943.0
021820,세원정공,CFS,372328836663.0,371272864423.0,67656976862.0,59545521134.0,85982247803.0,92873801552.0,645748951895.0,581208055520.0,42851359367.0,38647680017.0,5202969032.0,672741839.0,36032086836.0,4465951752.0
022100,포스코DX,CFS,552274511514.0,603491896789.0,334178685302.0,431131515113.0,340682459434.0,437601276125.0,437404762374.0,413992509859.0,369108801620.0,238095963139.0,34321968153.0,14455542665.0,28334569968.0,12146678067.0
023000,삼원강재,CFS,172811269987.0,172700064210.0,49918993863.0,58632016361.0,53756154530.0,62909269440.0,234112495798.0,230780833592.0,89233713981.0,91833707278.0,3966322124.0,3719823328.0,3575286339.0,2361825647.0
023150,MH에탄올,CFS,54754371141.0,52735464686.0,190483855289.0,190941543396.0,349494418338.0,352042676901.0,96899707823.0,95397727490.0,29046362836.0,31510447643.0,8269266374.0,9812914342.0,4483117003.0,7094539974.0
023350,한국종합기술,CFS,136978512776.0,123548693270.0,166426626462.0,157452646955.0,199312044419.0,183900047649.0,147374702033.0,148795312079.0,82689199276.0,74453819529.0,543353208.0,1929652408.0,901981191.0,716248205.0
023450,동남합성,CFS,33442306797.0,28224880226.0,36643337953.0,26081722394.0,52781280471.0,42058880063.0,50308234079.0,50026346067.0,38240543257.0,50193627815.0,1111423629.0,3817713222.0,609526038.0,3241850597.0
023530,롯데쇼핑,CFS,5804537939430.0,6179514075813.0,9984150424197.0,10622585640821.0,19975465698618.0,20668459087068.0,11047350733686.0,11035116786002.0,3622248430828.0,3901887665793.0,51488081990.0,74387812353.0,116551252400.0,45472539994.0
023590,다우기술,CFS,44417153689177.0,41023415125846.0,44160849323319.0,41130104856236.0,47824728464857.0,44071595509884.0,5540066453911.0,5188413232629.0,2297131402364.0,2477341465929.0,201890193689.0,142023879990.0,152428758682.0,112288902465.0
023800,인지컨트롤스,CFS,228264562512.0,228677683897.0,318582912856.0,305509469084.0,449317577412.0,400688873530.0,222735608501.0,206221596799.0,157579944090.0,139967123920.0,9067002509.0,4365413969.0,7839419702.0,4925931838.0
023810,인팩,CFS,208626896393.0,187859476408.0,243170810919.0,210046621229.0,319885064407.0,273499292804.0,144138482421.0,137664892084.0,134179410581.0,120070387345.0,4358870490.0,4013596066.0,3903477461.0,2248089975.0
023960,에쓰씨엔지니어링,CFS,45400153732.0,52925045646.0,45167844457.0,54587759245.0,56669397182.0,65881041288.0,41518392108.0,40625484092.0,33649775177.0,36531536590.0,1024623206.0,1179004198.0,733533732.0,347310244.0
024070,WISCOM,CFS,54369505179.0,68374203571.0,12429996654.0,14870292725.0,13434477358.0,15926877005.0,111229525057.0,112576389418.0,28763235713.0,33058490525.0,-326541423.0,328431483.0,46312520.0,246346361.0
024090,디씨엠,CFS,167070297233.0,178218851906.0,37574391792.0,30402368437.0,43984335671.0,41595073602.0,250419835157.0,265361249006.0,53677106576.0,69484463434.0,1555924391.0,9954838716.0,-19189098325.0,8863758686.0
024110,기업은행,,,,,,,,,,,,,,,
024720,콜마홀딩스,CFS,296985829046.0,343129856216.0,338912902668.0,340472867793.0,441042840429.0,418764073414.0,839155654087.0,850337979900.0,170574600001.0,182456526221.0,16216049033.0,21790580432.0,13174327356.0,12282281405.0
024890,대원화성,CFS,87136336468.0,74098320893.0,70509351624.0,62853387965.0,80853584069.0,68456840367.0,62666318222.0,62456606707.0,33972430285.0,39775615682.0,59664849.0,875990069.0,-616971010.0,1092037628.0
024900,디와이덕양,CFS,399293005700.0,329733949818.0,449580548487.0,403210088947.0,483888020471.0,431773772024.0,93915083824.0,88443765005.0,471098567104.0,353128178661.0,1949638387.0,2716273613.0,287974479.0,-198045570.0
025000,KPX케미칼,CFS,411041168978.0,396993531388.0,170798569297.0,166545010125.0,186199159572.0,181591489347.0,619704938926.0,595186627464.0,220970773943.0,238765225631.0,10022500937.0,13569456837.0,13706767057.0,4671556760.0
025530,SJM홀딩스,CFS,216701280260.0,208120718755.0,47447300838.0,45979873534.0,63082386552.0,65018743060.0,271826211676.0,263147323893.0,50589187375.0,41978261696.0,3492622073.0,482604628.0,5712773149.0,4130354380.0
025540,한국단자,CFS,684200369364.0,666195440073.0,340184171854.0,347120935873.0,415296509252.0,419492218914.0,908160793249.0,870284236519.0,333026630324.0,286826237794.0,34407247393.0,13717883844.0,13911113502.0,13102822312.0
025560,미래산업,CFS,77954143276.0,75437247350.0,35104045590.0,33854991978.0,39128606499.0,41043553919.0,81126309382.0,93365955717.0,5712206806.0,12287654876.0,330133079.0,1675078797.0,-10932672623.0,7594592397.0
025620,차AI헬스케어,CFS,23761379953.0,22335941315.0,7581335730.0,6418791460.0,8198624273.0,6805876091.0,43491283434.0,41581150535.0,5589019951.0,1485196952.0,-1908260826.0,-2126430613.0,-1495979456.0,-2107077141.0
025750,한솔홈데코,CFS,115678485874.0,108300636690.0,130491175001.0,118712647336.0,174843603637.0,166074493275.0,149576762274.0,153422027364.0,72730336757.0,73543099972.0,-1258124288.0,2984223300.0,-3280744673.0,-3012823859.0
025820,이구산업,CFS,236269141854.0,223408617533.0,207973509962.0,193360556650.0,224369255015.0,209999597611.0,124378062047.0,127212834534.0,116479066812.0,114923029321.0,355380000.0,9034460004.0,-1619586499.0,6880214550.0
025860,남해화학,CFS,623326613206.0,618408758708.0,375086069079.0,361477738381.0,413633210027.0,380906101431.0,522315664791.0,521990318459.0,383429064562.0,618599462057.0,7411328041.0,23548241445.0,3377419737.0,23052017534.0
025890,한국주강,CFS,17736307977.0,19844244739.0,9655336148.0,12787091333.0,15801911096.0,18273216705.0,32554897284.0,29772005519.0,11473404986.0,13675131430.0,570488980.0,65990878.0,425394072.0,-42656653.0
026890,스틱인베스트먼트,,,,,,,,,,,,,,,
026940,부국철강,CFS,103650345532.0,109099706598.0,20067351884.0,27606064056.0,20075351884.0,27614064056.0,129636483377.0,126007939849.0,48696026417.0,52454604459.0,1085475841.0,1778150926.0,1715623096.0,2065628237.0
026960,동서,CFS,822717407333.0,812498508803.0,56065920053.0,67707637636.0,69173955811.0,82302460449.0,1560312239420.0,1545550258853.0,129722880914.0,150121457120.0,11246842053.0,10587912185.0,38589830365.0,29914852299.0
027410,BGF,CFS,446003857620.0,422786609370.0,95480745022.0,71497959445.0,223263234725.0,201490551514.0,1775762679961.0,1736523419389.0,111409088909.0,111139336494.0,19092415843.0,15330480526.0,18256612213.0,22360809236.0
027740,마니커,CFS,52807698942.0,67103491502.0,77864227728.0,88388630337.0,115163722925.0,125649244999.0,42744888800.0,48976891916.0,83330106212.0,79790157973.0,906331203.0,3010616850.0,299815049.0,3325909438.0
027970,한국제지,CFS,57002242642.0,64661014957.0,76134866783.0,75928824466.0,98974454752.0,99693650002.0,92055196429.0,101282896328.0,47439721256.0,60012996086.0,-2540879105.0,4426580091.0,-3012138841.0,3438993244.0
028050,삼성E&A,CFS,6037660098495.0,5947655470530.0,4517567624827.0,5013013164226.0,4876252353357.0,5271682815759.0,3070044652654.0,2577040406955.0,2785888244084.0,2493399150749.0,344468445099.0,153466844917.0,251410918148.0,139612151375.0
028100,동아지질,CFS,266257162488.0,252481084265.0,147835028429.0,146379277069.0,153066749864.0,150642232281.0,221447886667.0,221639122376.0,92251387893.0,72038296288.0,2950648595.0,-7676966776.0,3072148041.0,-6440105870.0
028260,삼성물산,CFS,18481359698662.0,20312841472941.0,14448071509305.0,16413402987394.0,25896056548186.0,27017371086433.0,36936636836826.0,31964121380517.0,10586155914043.0,10818611721490.0,772319230125.0,555922774455.0,694696593953.0,632771194195.0
02826K,삼성물산우B,,,,,,,,,,,,,,,
028670,팬오션,CFS,1792140000000.0,1834200000000.0,1345145000000.0,1226756000000.0,3056036000000.0,3056338000000.0,4766475000000.0,4492604000000.0,1224746000000.0,1722173000000.0,125039000000.0,238826000000.0,91917000000.0,224848000000.0
029460,케이씨,CFS,435622727092.0,459173328490.0,129743676894.0,161319108918.0,187690670394.0,213860828781.0,840322801323.0,790763082874.0,156094046227.0,223597300949.0,15964295219.0,30707353260.0,16440230191.0,29484522008.0
029530,신도리코,CFS,788204495717.0,759235989185.0,78228188154.0,66999917446.0,97143360431.0,84787666360.0,976569241437.0,953705781160.0,99755099464.0,87034086010.0,5757458612.0,3821844768.0,15754365514.0,20106438685.0
029780,삼성카드,,,,,,,,,,,,,,,
030000,제일기획,CFS,1979356974544.0,2193979019964.0,1110926589453.0,1335642465029.0,1312810756736.0,1530015562245.0,1230577849227.0,1221429565834.0,971399798266.0,976412280771.0,84681679861.0,88013000118.0,35635258788.0,27421741806.0
030190,NICE평가정보,CFS,219332631696.0,243660114663.0,93030813239.0,122789700288.0,108327023431.0,139446697557.0,344848052492.0,341644764563.0,125948219774.0,124237626013.0,18736502164.0,21611156933.0,16814676261.0,16248047318.0
030200,KT,CFS,11405760000000.0,12681532000000.0,9862872000000.0,10699268000000.0,21302298000000.0,22565958000000.0,18453740000000.0,18414723000000.0,6547521000000.0,6312152000000.0,576108000000.0,459171000000.0,432499000000.0,363360000000.0
030210,다올투자증권,,,,,,,,,,,,,,,
030610,교보증권,,,,,,,,,,,,,,,
030720,동원수산,CFS,86794269619.0,89702113226.0,39092807298.0,31715608035.0,64185048151.0,59216320085.0,56682451017.0,62573282299.0,36409178225.0,48008813431.0,-4158733826.0,3263519265.0,-2547577165.0,3717531334.0
031210,서울보증보험,,,,,,,,,,,,,,,
031430,신세계인터내셔날,CFS,541751611937.0,547064855331.0,266951709048.0,282263660680.0,411514585419.0,445005786973.0,845059366296.0,833676027661.0,333805445031.0,383930032176.0,18399006605.0,38709310194.0,19406389322.0,33301267417.0
031440,신세계푸드,CFS,300707877695.0,337903939358.0,321229664163.0,317890250765.0,561904833383.0,611858315900.0,297591922333.0,292068924157.0,369998667898.0,353726042374.0,8003077074.0,8543517987.0,6128527195.0,7192667439.0
031820,아이티센씨티에스,CFS,354005744068.0,419799819638.0,271227883676.0,331092502383.0,280200099894.0,358528267719.0,202443176516.0,199881163831.0,193265593111.0,126071515220.0,-1024533386.0,-4963837839.0,-1694585313.0,-3263624828.0
032350,롯데관광개발,CFS,64255271919.0,61153935710.0,1125168872549.0,1027340540479.0,1679396193429.0,1571088484599.0,102271600732.0,231688109604.0,76937822659.0,48072400009.0,-18248707769.0,-28856559615.0,-47816019750.0,-56907330328.0
032560,황금에스티,CFS,257095062853.0,253333399264.0,82315757155.0,91455725058.0,99619296712.0,108492130789.0,387728888452.0,373420501177.0,95409127941.0,85331578875.0,9481831136.0,15646433098.0,9921005553.0,10675850328.0
032640,LG유플러스,CFS,5307199000000.0,5043422000000.0,5163941000000.0,4817824000000.0,11777557000000.0,11325133000000.0,8641735000000.0,8449667000000.0,3429331000000.0,3384255000000.0,288042000000.0,248374000000.0,213307000000.0,161956000000.0
032830,삼성생명,,,,,,,,,,,,,,,
033240,자화전자,CFS,151753770336.0,198960153675.0,109166445964.0,134643572358.0,191250292144.0,162630931615.0,364138030846.0,343157742424.0,83583678375.0,72490529659.0,-22620791075.0,934623245.0,-11124340817.0,5061378508.0
033250,체시스,,,,,,,,,,,,,,,
033270,유나이티드제약,CFS,245220680336.0,224392334130.0,76455142898.0,65880250247.0,93775681667.0,80034380202.0,358954497031.0,337856486362.0,68535135326.0,64315134677.0,16038707027.0,11765562464.0,14358405698.0,14723327829.0
033530,SJG세종,CFS,780730762204.0,750348258794.0,658453922378.0,657081455660.0,756323021397.0,748025818053.0,427433802008.0,401401499584.0,464823581894.0,446174646041.0,13787198324.0,13684166062.0,1044289995.0,20516862529.0
033780,KT&G,CFS,6226384838644.0,6509584902000.0,2421756615608.0,2527315274128.0,2840495832239.0,2943135752405.0,9290826441937.0,9358580031392.0,1335994924072.0,1417499092398.0,246106120624.0,327629159837.0,201926218763.0,338845327822.0
033920,무학,CFS,263837272377.0,63733624424.0,125171520333.0,120757233358.0,129916511949.0,125178899253.0,523178779258.0,480560895761.0,37065964419.0,39257072617.0,3870282482.0,3122449178.0,10406280613.0,-18862294136.0
034020,두산에너빌리티,CFS,10004790297723.0,8098893728490.0,9612664955785.0,8059455534052.0,14279956670782.0,12969491516052.0,6249374674230.0,6113631904625.0,4539361761447.0,3845101110086.0,494650309980.0,328691390577.0,262790058273.0,-124536066568.0
034120,SBS,CFS,726324485331.0,782158059298.0,248707216294.0,306018024781.0,470615482395.0,534612151995.0,883419153310.0,873276544665.0,271155220724.0,252194059351.0,25521676913.0,50135794018.0,21485293975.0,51086346544.0
034220,LG디스플레이,CFS,10654550000000.0,9444035000000.0,13201848000000.0,13961520000000.0,27861075000000.0,24366792000000.0,9510888000000.0,11319227000000.0,4738571000000.0,5607318000000.0,-881470000000.0,-488345000000.0,-698770000000.0,-382031000000.0
034230,파라다이스,CFS,585598204533.0,694517541841.0,470014134154.0,1174093555790.0,1607115199646.0,1826356918264.0,1777683026499.0,1685166887328.0,275285229594.0,105218490337.0,54886847910.0,-20637596193.0,37206310152.0,10825106062.0
034310,NICE,CFS,1728493569353.0,1846042760069.0,1691237964453.0,1828895173416.0,1911792253054.0,2058288743565.0,1325941674580.0,1320274777657.0,,,16157486057.0,54116575887.0,21605780773.0,26255543474.0
034590,인천도시가스,CFS,195083182466.0,226533818331.0,103296951900.0,139427669743.0,187818481477.0,223143901928.0,202839300313.0,199999679858.0,117393137633.0,126657272357.0,1392443652.0,5190792359.0,2200870868.0,6623202790.0
034730,SK,CFS,66289793000000.0,64993579000000.0,62618000000000.0,63053204000000.0,123851358000000.0,122697070000000.0,75508916000000.0,71808790000000.0,31923219000000.0,32572360000000.0,695094000000.0,3541260000000.0,-200972000000.0,2366840000000.0
03473K,SK우,,,,,,,,,,,,,,,
034830,한국토지신탁,,,,,,,,,,,,,,,
035000,HS애드,CFS,423041759656.0,491665825070.0,294550579901.0,360596175808.0,301686438024.0,368225319769.0,169924920867.0,176568226334.0,152215963214.0,101619881126.0,7078642449.0,3349514359.0,3944421675.0,2520997779.0
035150,백산,CFS,208592510598.0,205877238959.0,136214376641.0,145371470786.0,147919868668.0,158716154786.0,195471346524.0,180157317108.0,95162296494.0,123748900977.0,9086256595.0,8256115389.0,7335596118.0,10145318781.0
035250,강원랜드,CFS,837328138031.0,1206402286487.0,538093439336.0,687658757348.0,599498344718.0,752374769957.0,3540878515411.0,3415377900739.0,331125932973.0,311520185082.0,82036690953.0,69946649680.0,91496593085.0,37547414910.0
035420,NAVER,CFS,6494277608810.0,6439570710743.0,5802341372174.0,5480633710849.0,11232899233530.0,10448720408685.0,23521949958078.0,23450322480451.0,2407904484962.0,2045781381874.0,372656459888.0,336151055118.0,286715355833.0,158474411253.0
035510,신세계 I&C,CFS,244546154633.0,280868425865.0,74211501758.0,110098377297.0,83820987113.0,118998739571.0,374260226771.0,363935340150.0,158332519463.0,144848190410.0,11086963309.0,12015314605.0,9098234877.0,10048484258.0
035720,카카오,CFS,8091538538561.0,7755732886687.0,6137797279816.0,5148326794720.0,10605089557617.0,9431629284734.0,15446812026258.0,13531862290880.0,,,113469781807.0,171021545573.0,56026339557.0,101202767716.0
036420,콘텐트리중앙,CFS,595423632163.0,659695014090.0,1144706603446.0,1162321109657.0,1940940377296.0,1896426846325.0,620302124241.0,691707121717.0,279385381193.0,265899302893.0,7790894553.0,-1292422063.0,-15048987992.0,-11279649277.0
036460,한국가스공사,CFS,16964684151891.0,25091557359989.0,23961054699115.0,30634566494162.0,46464296610375.0,52014242784013.0,10602787535470.0,10410740312040.0,8127613293964.0,8852911541823.0,205031295927.0,289373683906.0,-66708491888.0,151352967918.0
036530,SNT홀딩스,CFS,1660591588305.0,1504308243134.0,628300813350.0,562176526997.0,808476677075.0,742131375499.0,1899563170903.0,1816295611122.0,454550798786.0,340690213209.0,43441665076.0,27928537818.0,44376840826.0,33795032666.0
036570,NC,CFS,2402586741058.0,2691079974940.0,523544720800.0,515348529125.0,1201860026502.0,1239083608249.0,3146647832413.0,3198548842532.0,440246281175.0,629278019502.0,35274992081.0,122966471692.0,30541523458.0,118727916914.0
036580,팜스코,CFS,730910599578.0,706573722222.0,865702243474.0,864151912360.0,967967620882.0,945322533351.0,273453951626.0,277851696975.0,477187728291.0,476573014883.0,12348190070.0,13703600847.0,1156524904.0,-23022463133.0
037270,YG PLUS,CFS,174854672006.0,108897310775.0,66389942505.0,53040646699.0,74802478456.0,81946724778.0,165552190494.0,159425169127.0,58453947626.0,32542300540.0,8402329538.0,2469905732.0,7642299011.0,2679225076.0
037560,LG헬로비전,CFS,545116962361.0,468027206666.0,521752738094.0,449526730717.0,890723481193.0,802491626000.0,,,286670146061.0,273865234257.0,13915974829.0,13129200795.0,8430769243.0,7501506734.0
037710,광주신세계,CFS,237678820343.0,251369526602.0,76457852265.0,94771779386.0,104664300031.0,123544314603.0,800424130713.0,789909736438.0,44430817977.0,48522016796.0,13532021297.0,18961833806.0,13562269651.0,16569225887.0
039130,하나투어,CFS,322833005602.0,270540219474.0,270323578838.0,232758647249.0,396728353876.0,355727792522.0,129159319768.0,99701647938.0,82403076878.0,21565899911.0,4065789501.0,-33747732533.0,19827711318.0,-24045829241.0
039490,키움증권,,,,,,,,,,,,,,,
039570,HDC랩스,CFS,282393161269.0,283879539514.0,100281419650.0,106496163827.0,113423467432.0,122062666858.0,252883685241.0,260516725005.0,151583533435.0,159115315991.0,2479226386.0,3822686105.0,3221060346.0,3852118257.0
041650,상신브레이크,CFS,339054078817.0,330261007139.0,309614036202.0,304792526146.0,348649445498.0,346007238334.0,200470547202.0,197589029086.0,137506204704.0,120266983889.0,5753830419.0,703554415.0,1298468308.0,-415046838.0
042660,한화오션,CFS,9286501856436.0,7822464527787.0,8882481615158.0,10672486378148.0,11308538514855.0,11490693372918.0,2332207049688.0,744971931958.0,1820700739696.0,1184054452093.0,-159009731637.0,-99508185859.0,-237210230789.0,-176081862922.0
042700,한미반도체,CFS,258478875420.0,266177446666.0,42070848708.0,63044830709.0,79521318856.0,65336210199.0,542603358183.0,390096755786.0,49070266014.0,123179513881.0,11176246626.0,43888676639.0,33982989536.0,36841911406.0
044380,주연테크,CFS,35819749071.0,38474690494.0,4092722765.0,6348479239.0,9539627621.0,11699001969.0,39957559523.0,41543323324.0,9320247135.0,19233769194.0,-1717919941.0,-1269868119.0,-1468343465.0,779782264.0
044450,KSS해운,CFS,96563616793.0,82531563889.0,357262006598.0,378619659875.0,1322399918590.0,1252892414726.0,431382841074.0,406280228275.0,122470886228.0,109225172199.0,22340001136.0,14753615401.0,5997937132.0,17079135032.0
044820,코스맥스비티아이,CFS,308855420169.0,300281651101.0,555825428261.0,448910529344.0,639767315791.0,610374632435.0,332801242538.0,325762025027.0,155628192256.0,166855795926.0,6915928911.0,6868745228.0,5852761223.0,3380283128.0
047040,대우건설,CFS,8338151615221.0,8028170447651.0,5345955560048.0,5406234804776.0,7495818582435.0,7415736590714.0,3980539179623.0,3724617161496.0,3271396700087.0,2440885163542.0,217675944667.0,86453665155.0,204051295790.0,48421515041.0
047050,포스코인터내셔널,CFS,8821298294000.0,7319472229000.0,6529021746000.0,5487439570000.0,10680157639000.0,8118209853000.0,6524236543000.0,4398127078000.0,8870945828000.0,11069860002000.0,357158778000.0,320605320000.0,220515311000.0,235943938000.0
047400,유니온머티리얼,CFS,96102502181.0,95876805140.0,102596852508.0,89226091587.0,122536439426.0,120343646929.0,80536159253.0,83821137932.0,31089222426.0,32260504978.0,-525130445.0,905125585.0,-1766910175.0,2034443685.0
047810,한국항공우주,CFS,5222893113983.0,5389183373767.0,5188600335751.0,5055361234345.0,6204641241137.0,6319189867558.0,1468469798202.0,1453216825866.0,733450213207.0,668470722475.0,8388149913.0,34429712945.0,9861635451.0,50182175265.0
049800,우진플라임,CFS,139976412912.0,135404813492.0,154709339723.0,152258099045.0,190646882580.0,182460324751.0,107230000640.0,102784723696.0,60705542968.0,69574753841.0,3297345213.0,7960000042.0,2537753226.0,9757083622.0
051600,한전KPS,CFS,915561015384.0,868119118284.0,313614907126.0,317589686960.0,330399583098.0,346288975190.0,1223040646513.0,1215733220155.0,410017881231.0,385608107402.0,48849880833.0,28545963763.0,40689158133.0,24450618935.0
051630,진양화학,CFS,7258517745.0,11971607685.0,7616594189.0,6509318619.0,13331777477.0,9828095608.0,34535123830.0,34741191688.0,7927177048.0,7225187210.0,-54498137.0,-482011433.0,-68711839.0,-443772494.0
051900,LG생활건강,CFS,2522114466099.0,2284388637755.0,1261309548862.0,1162757522705.0,1923894608618.0,1834093663954.0,5538217705351.0,5468835988249.0,1807719998272.0,1862677109713.0,157849151171.0,216585051530.0,96382385400.0,125999185133.0
051905,LG생활건강우,,,,,,,,,,,,,,,
051910,LG화학,CFS,28616131000000.0,29674369000000.0,16739891000000.0,16459563000000.0,32893441000000.0,30492696000000.0,39607560000000.0,37481127000000.0,14541521000000.0,12239911000000.0,615559000000.0,878453000000.0,670811000000.0,718315000000.0
051915,LG화학우,,,,,,,,,,,,,,,
052690,한전기술,CFS,513188753934.0,376375665242.0,339333620197.0,244766413418.0,381889253659.0,273089488378.0,546127988039.0,543413813300.0,120068342841.0,110007530693.0,11167090384.0,5605252003.0,11622252685.0,5125087121.0
053210,스카이라이프,CFS,392943833157.0,406459413604.0,213778128643.0,274731028041.0,442893422467.0,503764190486.0,881026343785.0,857534120935.0,,,19266669367.0,23263926860.0,17651940403.0,16595457090.0
053690,한미글로벌,CFS,256822036160.0,200297138533.0,123117558870.0,133279908060.0,222039167603.0,178412243082.0,201699581303.0,194647416439.0,105167348968.0,85279479195.0,6969820276.0,7121131966.0,5839661749.0,5235008842.0
055490,테이팩스,CFS,73101586158.0,85225877638.0,31378353373.0,24887249293.0,56898969318.0,49617919916.0,149327301470.0,147966941115.0,38696616683.0,50270399207.0,2739467366.0,9504569808.0,3167297381.0,7272749950.0
055550,신한지주,,,,,,,,,,,,,,,
057050,현대홈쇼핑,CFS,1221525854414.0,1080428355527.0,675390521093.0,676314151644.0,789129197893.0,823288672056.0,2045048215220.0,1958739320129.0,522814034965.0,542236668284.0,17664977572.0,27795548404.0,30251831774.0,28933626003.0
058430,포스코스틸리온,CFS,387714614579.0,400134840380.0,197916234163.0,208843889887.0,201327074719.0,211361071261.0,350634582290.0,343181072027.0,309227811517.0,378052759296.0,12200565252.0,25448886819.0,9133045941.0,18151616882.0
058650,세아홀딩스,CFS,3038710056878.0,2869204337962.0,1716354585582.0,1800640369039.0,2911167028243.0,2915366415560.0,3105716261649.0,3004592489669.0,1693885411943.0,1738969190766.0,88513770422.0,93591053008.0,53248561880.0,80618932251.0
058730,다스코,CFS,220006798338.0,222628996150.0,145993651841.0,137121632100.0,187862990553.0,202891749126.0,152398746440.0,143225920106.0,109812274456.0,100539451927.0,11987246443.0,4617217178.0,8858465571.0,3605175730.0
058850,KTcs,CFS,286530260817.0,291063634901.0,168567973604.0,183249589773.0,205250025994.0,224569291252.0,193729417794.0,191576789148.0,256041094692.0,270954010377.0,7121276581.0,7229382233.0,5799205390.0,5944380589.0
058860,KTis,CFS,109705143309.0,102120905227.0,102877468730.0,103697864970.0,198931493337.0,199203706481.0,204073186955.0,197004362809.0,144491131303.0,134473578034.0,6501191684.0,6410477744.0,4932630285.0,4721074764.0
060980,HL홀딩스,CFS,596490980298.0,566303125531.0,775100007385.0,585559869059.0,1297764354046.0,1274667759293.0,1061698399468.0,1005197130550.0,362433274158.0,314266387144.0,63071672513.0,44417605142.0,53767767204.0,-7041596849.0
062040,산일전기,,,,,,,,,,,,,,,
063160,종근당바이오,CFS,117991195375.0,123464271830.0,99264035693.0,81590584468.0,165707977987.0,164791529446.0,138091095371.0,147799465882.0,38980272478.0,36673175179.0,-5829721016.0,-3969272127.0,-6752778715.0,-4923490853.0
064350,현대로템,CFS,3461968338000.0,3318550172000.0,2672482012000.0,2572729120000.0,3414433161000.0,3332399192000.0,1570278567000.0,1491470592000.0,986805812000.0,785812866000.0,67240835000.0,31432190000.0,52549927000.0,25605276000.0
064400,LG씨엔에스,,,,,,,,,,,,,,,
064960,SNT모티브,CFS,849865421323.0,754907952073.0,318577496860.0,289671925104.0,374746914303.0,346460014011.0,927433650054.0,879026675770.0,288976173298.0,218995718775.0,28541389993.0,20549470562.0,27171652958.0,22542702529.0
066570,LG전자,CFS,29273905000000.0,27488228000000.0,23015998000000.0,22332549000000.0,34608857000000.0,32664144000000.0,23551591000000.0,22491997000000.0,19998457000000.0,19464043000000.0,741917000000.0,792254000000.0,195254000000.0,338032000000.0
066575,LG전자우,,,,,,,,,,,,,,,
066970,엘앤에프,CFS,3130015582638.0,2302551789075.0,2293573772956.0,1287536919484.0,2723741027038.0,1738602594287.0,1344657765219.0,1285330380477.0,1368186148883.0,862793689757.0,2993240723.0,61335048398.0,49409636837.0,65577388042.0
067830,세이브존I&C,CFS,102459428509.0,108548630955.0,52419616483.0,67473730643.0,94679165093.0,109458880496.0,471760465109.0,464110667801.0,31559929301.0,31218517938.0,4807290744.0,4875919740.0,4946390459.0,2753717868.0
068270,셀트리온,CFS,3205913494202.0,2929792463759.0,1590084789099.0,1294097736489.0,1895104200939.0,1617448041462.0,4392781118591.0,4274204269789.0,523978430491.0,596230270982.0,182993942866.0,203536818571.0,150872937404.0,184025268774.0
068290,삼성출판사,CFS,31569409316.0,42688650350.0,6740087687.0,6848507622.0,35950677365.0,35896218317.0,179131784914.0,175591419259.0,11904611615.0,12967037041.0,-472782669.0,-484089337.0,1107479897.0,2337782089.0
069260,TKG휴켐스,CFS,473470760593.0,514165803486.0,135794961936.0,156580123016.0,187256275614.0,201162048671.0,791337420583.0,740190826513.0,279945048101.0,288317973217.0,43726439445.0,30853729843.0,40302329217.0,21586232619.0
069460,대호에이엘,CFS,93271394770.0,92919003799.0,60503658030.0,73769193265.0,68999384994.0,81391435646.0,90065738964.0,75624871230.0,50214645665.0,41184466974.0,3646238984.0,3285006987.0,3476151156.0,586857429.0
069620,대웅제약,CFS,570945020559.0,548968363658.0,530340653364.0,472831460366.0,821072376541.0,822117616379.0,824971122517.0,741222997333.0,350191474410.0,322058585665.0,40055459193.0,30031502596.0,28753434677.0,16237100893.0
069640,한세엠케이,CFS,135203540686.0,163580974815.0,143095236717.0,171255785967.0,163934984939.0,186180876919.0,101570319044.0,38628827359.0,79419586148.0,48789659013.0,-1862584188.0,-1709531752.0,8421125477.0,-3460203628.0
069730,DSR제강,CFS,119658729127.0,127187045613.0,62609974954.0,71887478691.0,67309048568.0,76302600310.0,194623269852.0,183095556612.0,55555030616.0,65421029607.0,5644109146.0,4370213046.0,5952366707.0,3778975386.0
069960,현대백화점,CFS,3103991921000.0,3115547999000.0,3724140886000.0,3660251198000.0,5609637129000.0,5702018783000.0,4230818288000.0,4186918194000.0,970276299000.0,1125228867000.0,55629095000.0,71238666000.0,25609396000.0,53678792000.0
070960,모나용평,CFS,197384271765.0,136438734752.0,337359877973.0,237587420373.0,552475115073.0,490578387042.0,374949520959.0,377707477145.0,32960111936.0,26946008991.0,-4111104937.0,-4650064854.0,-5774672581.0,-6559339319.0
071050,한국금융지주,,,,,,,,,,,,,,,
071055,한국금융지주우,,,,,,,,,,,,,,,
071090,하이스틸,CFS,118080633373.0,126766299783.0,91613861089.0,92989182233.0,136167811926.0,143503167006.0,148108612256.0,148952923097.0,62996432238.0,62092552163.0,-501351052.0,2409149184.0,-383311353.0,2116029854.0
071320,지역난방공사,CFS,439766036596.0,1119357783538.0,1592616270392.0,1995956430903.0,5489413301985.0,5811126778301.0,1529567519085.0,1667003101357.0,648424352356.0,544766791355.0,-46522377139.0,-110843358255.0,-52174531986.0,-106454684321.0
071840,롯데하이마트,CFS,704077943376.0,658469714445.0,693197876858.0,763903865017.0,1189057822917.0,1168922511871.0,1275145314004.0,1295296562364.0,679652518819.0,887454198394.0,7817562127.0,250887820.0,2205181521.0,-2796460831.0
071950,코아스,CFS,26261798884.0,30927207710.0,46957025588.0,50790972728.0,54194329069.0,58375881363.0,16323619855.0,17870243546.0,14216353870.0,23142671742.0,-1694240392.0,-142211545.0,-2061745417.0,-246314304.0
071970,HD현대마린엔진,CFS,184298509699.0,165093772307.0,202112323995.0,184789558770.0,240710517671.0,224154879957.0,197522202164.0,192136113895.0,75591325977.0,45034168452.0,5440311471.0,1783222794.0,5829238708.0,715109188.0
072130,유엔젤,CFS,29589253127.0,35544007776.0,4922052469.0,5219751195.0,7172262563.0,7242894540.0,53841701889.0,53780737043.0,8434109622.0,6316857415.0,-521626815.0,-445906295.0,875561528.0,-694286624.0
072710,농심홀딩스,CFS,327611682428.0,249773988834.0,324005732933.0,249036398908.0,386216845386.0,311863433252.0,1103725019089.0,1077267430845.0,180593230162.0,174589228978.0,19781026719.0,15701768067.0,17190460258.0,12197271748.0
073240,금호타이어,CFS,2051630210597.0,1764940163323.0,2558807868423.0,2342835848721.0,3711259893317.0,3450429792209.0,1296074182594.0,1244555611275.0,1004080875492.0,894082282703.0,88094699867.0,1843951340.0,30256222144.0,-29782740511.0
074610,이엔플러스,CFS,66177026750.0,57415297536.0,94505044998.0,54988092370.0,95480718385.0,55540873039.0,23779185058.0,64786770329.0,11362777300.0,4323033914.0,-4400264744.0,-4061223764.0,-76121269056.0,-3423827616.0
075180,새론오토모티브,CFS,149507045585.0,149093964941.0,25626043386.0,22533193757.0,29339239268.0,26237446966.0,232802156274.0,229972314823.0,37290649247.0,32614145036.0,-1884087295.0,-477449052.0,920858127.0,3250925079.0
075580,세진중공업,CFS,131074642268.0,154824317452.0,283822143510.0,245938218461.0,324858971998.0,342503861017.0,209695749102.0,209345312736.0,120491488016.0,88872430631.0,21194278261.0,12167690620.0,13468994099.0,10747295854.0
077500,유니퀘스트,CFS,388669987559.0,397107859468.0,242138515002.0,259498772647.0,245493805133.0,262882234237.0,360944902805.0,347841183941.0,158321842858.0,169067135901.0,6683154712.0,8816410690.0,4872189642.0,9822503437.0
077970,STX엔진,CFS,448281000000.0,468460000000.0,531035000000.0,539906000000.0,586688000000.0,593143000000.0,259185000000.0,260245000000.0,163437000000.0,104916000000.0,4450000000.0,634000000.0,2013000000.0,-1234000000.0
078000,텔코웨어,CFS,72626897481.0,88389298441.0,6959413879.0,17895877859.0,9678072903.0,20552807021.0,110185852972.0,111521033992.0,10356262022.0,6002584968.0,2653793563.0,-906045370.0,3173221695.0,-547894792.0
078520,에이블씨엔씨,CFS,136689025390.0,122000890479.0,65398352450.0,60523173688.0,82283369619.0,79356396676.0,119558436240.0,116075360229.0,74583323740.0,64929875523.0,3844297748.0,2423176135.0,878953810.0,566608520.0
078930,GS,CFS,5845634000000.0,5978612000000.0,6166605000000.0,6527808000000.0,17073113000000.0,17434432000000.0,16883842000000.0,16487810000000.0,6163720000000.0,7269145000000.0,697765000000.0,1537371000000.0,236159000000.0,936269000000.0
078935,GS우,,,,,,,,,,,,,,,
079160,CJ CGV,CFS,606987433830.0,682681904094.0,1229870505098.0,1238638115169.0,3081287006032.0,3208379045793.0,292901848130.0,393089340695.0,401664136964.0,318459766203.0,15777372213.0,-16163371622.0,-57853009815.0,-73750860697.0
079430,현대리바트,CFS,469370299155.0,452085667414.0,395847616844.0,374995667877.0,431945352057.0,415626223927.0,433569818987.0,438533106520.0,398671337695.0,360072099406.0,3475904118.0,-285867060.0,2008276319.0,-609878903.0
079550,LIG디펜스앤에어로스페이스,CFS,2009450608743.0,1822951227868.0,2106382878970.0,1899456288192.0,2235132259819.0,2077548155320.0,993139277865.0,935179067809.0,545755356050.0,490253385271.0,40220376361.0,47169582158.0,31607085406.0,44162607971.0
079900,전진건설로봇,,,,,,,,,,,,,,,
079980,휴비스,CFS,285699589853.0,280186390814.0,288157252202.0,289591977541.0,446965935072.0,412487679943.0,347101737055.0,381271947564.0,229004892073.0,269488750848.0,-11961538057.0,-14655859864.0,-12218151047.0,-13306116695.0
081000,일진다이아,CFS,470671324614.0,482564983960.0,34168557692.0,45177478662.0,58641913809.0,71340431456.0,531563458714.0,527965220351.0,35648872657.0,56584300163.0,-1671770104.0,3329354130.0,1988189460.0,3175496200.0
081660,미스토홀딩스,CFS,2445505425389.0,2293320102517.0,1195482007356.0,1092677843044.0,2493127432853.0,2247238042986.0,2686680213640.0,2574563334802.0,1147005668556.0,1171903318978.0,91942852582.0,152389534746.0,37196522892.0,114441734033.0
082640,동양생명,,,,,,,,,,,,,,,
082740,한화엔진,CFS,552402066013.0,471073549323.0,518471562281.0,498756380835.0,802853542119.0,734604466698.0,227377294220.0,221625827940.0,189045667814.0,186463861844.0,3473368334.0,-30531126416.0,382998622.0,-31090898179.0
083420,그린케미칼,CFS,77361895949.0,93549310437.0,63037985699.0,67888815687.0,69078089249.0,74168153281.0,120810634930.0,122477181787.0,66583990982.0,84341497148.0,86244161.0,5379916703.0,350499748.0,4531320053.0
084010,대한제강,CFS,672026462584.0,745924997777.0,291407637555.0,390488522073.0,312842832918.0,422049932807.0,810593801697.0,798446876859.0,422644983844.0,663533600222.0,48291155073.0,92701458176.0,46983956917.0,30191731767.0
084670,동양고속,CFS,14618824484.0,17607060819.0,71754962294.0,77580062177.0,89171437907.0,90255923833.0,72515153109.0,75242450320.0,29193123573.0,26504583547.0,-2209124150.0,-2803261202.0,-2583927301.0,-2323786483.0
084680,이월드,CFS,47902374860.0,46776319544.0,124874523929.0,123652911198.0,186230716855.0,185352588241.0,247893745941.0,246352426459.0,31050916874.0,35385137584.0,2491138180.0,5639370105.0,513974638.0,3093807180.0
084690,대상홀딩스,CFS,2205664650441.0,2099794475095.0,1307611726554.0,1312750489105.0,2552860893319.0,2460226574943.0,1614944748016.0,1555100873867.0,1289749904921.0,1294376735162.0,40790472610.0,50253403229.0,31034228863.0,50303112096.0
084695,대상홀딩스우,,,,,,,,,,,,,,,
084870,TBH글로벌,CFS,83379599245.0,83592436433.0,41695380758.0,46335440247.0,44733289099.0,52145159202.0,64171002914.0,60182472482.0,53290805515.0,58180896978.0,5157234442.0,3384032997.0,4488881800.0,73961315.0
085310,엔케이,CFS,78641352602.0,85643414298.0,29216176500.0,40936876556.0,45524700282.0,57514392119.0,131379069273.0,128231542792.0,24975494446.0,17163186170.0,1796301341.0,-1554274528.0,926028311.0,1003152703.0
085620,미래에셋생명,,,,,,,,,,,,,,,
086280,현대글로비스,CFS,8427423714861.0,8181858080896.0,4352107060456.0,4343758217774.0,6880903561433.0,6998172212338.0,7326360948026.0,6879612287958.0,6534823929391.0,6862939256130.0,412564259573.0,448487424879.0,290696844878.0,305030590317.0
086790,하나금융지주,,,,,,,,,,,,,,,
088350,한화생명,,,,,,,,,,,,,,,
088790,진도,CFS,69688741505.0,74702031477.0,21262305337.0,23708931283.0,22435305337.0,25027285482.0,103119030614.0,104173494389.0,5095971143.0,6952972989.0,-1882536265.0,-1257826636.0,-1931936692.0,-1112615822.0
089470,HDC현대EP,CFS,407636131352.0,394001263744.0,232640836820.0,205485758775.0,285922845045.0,289863741271.0,327179166583.0,313466475616.0,256839421121.0,269638118074.0,9086313341.0,1639514315.0,10255714943.0,1439656001.0
089590,제주항공,CFS,601092312060.0,563875752137.0,986480827011.0,854616060690.0,1493987018142.0,1357023834316.0,292746415439.0,306620204261.0,373916034988.0,126180578385.0,24671472773.0,-55708969312.0,21534514190.0,-56323726327.0
089860,롯데렌탈,CFS,995637159240.0,1114873306797.0,2561623334397.0,2332932577432.0,5460166741495.0,5631000169189.0,1338157875754.0,1296203936875.0,,,688624783674.0,683891229609.0,33133730936.0,38548478146.0
090080,평화산업,CFS,144688970913.0,140723346138.0,158166062100.0,143913923052.0,197000244275.0,195168304315.0,42247357067.0,41432301802.0,144441319178.0,128362975938.0,2531382029.0,528454127.0,1335280698.0,1530755429.0
090350,노루페인트,CFS,357627548846.0,308281426153.0,276539883460.0,217385647823.0,342863745601.0,315503885865.0,368447313180.0,352673416288.0,227210732094.0,211299690802.0,18270811855.0,11975814044.0,14407999191.0,9379601572.0
090355,노루페인트우,,,,,,,,,,,,,,,
090370,메타랩스,CFS,18958286494.0,29548680677.0,6001358622.0,8845996179.0,9311904539.0,11129379056.0,81171158258.0,78887374616.0,5231915584.0,6304034796.0,-739995875.0,-383359930.0,-690482368.0,-5497333757.0
090430,아모레퍼시픽,CFS,1834245455622.0,1735019347862.0,837855595837.0,831116935949.0,1027819179307.0,1022508074100.0,4844127311343.0,4779275104059.0,945384372586.0,945722009548.0,5888759554.0,-19524592214.0,19306281964.0,-37216079729.0
090435,아모레퍼시픽우,,,,,,,,,,,,,,,
090460,비에이치,CFS,469147357305.0,529238911435.0,362649124752.0,412054834185.0,380450250719.0,429340136571.0,600440857298.0,577975229499.0,305287755194.0,339065954561.0,9706587934.0,24052463879.0,973254153.0,32895985360.0
091810,트리니티항공,CFS,342583176936.0,240567964178.0,433192156465.0,411247105427.0,1042229214492.0,983093107924.0,121094953210.0,59402782636.0,286027429498.0,93727754772.0,20042071218.0,-29503256664.0,10079859090.0,-44698376061.0
092200,디아이씨,CFS,262704738181.0,259062264516.0,397432016018.0,436115678244.0,478395194459.0,504681102341.0,157658591811.0,143552471804.0,191786112984.0,174501100484.0,9677094354.0,11636577424.0,779195070.0,8881354782.0
092220,KEC,CFS,243857218232.0,165155822486.0,73567766442.0,76334029383.0,95191318870.0,96489867891.0,381277314186.0,304646644633.0,57104332485.0,76007395010.0,-7950523881.0,8868675547.0,-8726886349.0,9708511407.0
092230,KPX홀딩스,CFS,811300615314.0,712440592151.0,363207969433.0,385145633327.0,456275142878.0,448980401917.0,1435765147225.0,1370913400737.0,297648181570.0,302992418581.0,14865814311.0,16820197589.0,44907735319.0,-18017043883.0
092440,기신정기,CFS,120226996470.0,121666512856.0,13722938251.0,12916892376.0,14867368958.0,13999939722.0,247782490604.0,251146199319.0,35039905588.0,34892724389.0,186331198.0,525276435.0,503586096.0,494503664.0
092780,DYP,CFS,193892525706.0,195354574191.0,184817543312.0,180512934178.0,241987788212.0,249740813399.0,132721490440.0,124525221103.0,107090715535.0,96600505791.0,5694933433.0,1367124285.0,4275739807.0,1141251162.0
092790,넥스틸,,,,,,,,,,,,,,,
093050,LF,CFS,1325172165308.0,1345770117110.0,678622750922.0,742787794617.0,982317403075.0,927192269932.0,1655307849197.0,1656848106538.0,474067988936.0,524167284366.0,-14381150178.0,55834531337.0,7684640883.0,43289759740.0
093240,형지엘리트,CFS,84731690915.0,70799227485.0,55343488558.0,36593933717.0,67850542329.0,55199612789.0,70488506936.0,69926775307.0,32716013936.0,22435108461.0,-333797953.0,-67750328.0,-62072857.0,160121223.0
093370,후성,CFS,263112892253.0,345182994320.0,333417847207.0,381174152613.0,503472013641.0,518459264841.0,398071716185.0,415296152192.0,140020352620.0,149669855834.0,-3022746430.0,30632356661.0,-6942651426.0,21353426009.0
094280,효성ITX,CFS,77800164075.0,92177295184.0,70063218614.0,95274397111.0,92400766969.0,111070179540.0,67700897322.0,65748556887.0,123742619922.0,124659500095.0,4889815650.0,5624948705.0,3731590859.0,3501539309.0
095570,AJ네트웍스,CFS,283047082024.0,301469589101.0,685134952232.0,814364855406.0,1116691689706.0,1119559529255.0,392935402797.0,361885842490.0,239768728104.0,274619122702.0,15411688599.0,20161528053.0,-743746786.0,9679744944.0
095720,웅진씽크빅,CFS,406553110736.0,434029833476.0,361771477790.0,379836993112.0,413458390573.0,425863102369.0,353583154733.0,364929127793.0,222733728153.0,235986659620.0,4721829613.0,9798720272.0,4027577994.0,7530337221.0
096760,JW홀딩스,CFS,517263271307.0,509210359269.0,759786676148.0,717041136150.0,859349744075.0,824316934495.0,325629210765.0,333262773002.0,233652207420.0,205253245439.0,27640261376.0,17087790907.0,2935799696.0,1454845125.0
096770,SK이노베이션,CFS,32660629269000.0,31966675885000.0,26646296246000.0,27557209671000.0,47312654226000.0,43976612895000.0,26161550824000.0,23242311382000.0,18727247535000.0,19905310018000.0,-106797130000.0,2329202035000.0,-120439984000.0,1338474861000.0
096775,SK이노베이션우,,,,,,,,,,,,,,,
097230,HJ중공업,CFS,1499074000000.0,1430318000000.0,2141496000000.0,1418222000000.0,2342916000000.0,2182707000000.0,280568000000.0,384990000000.0,501378000000.0,445457000000.0,-75172000000.0,2315000000.0,-80107000000.0,-14156000000.0
097520,엠씨넥스,CFS,221719800956.0,247605783091.0,186960912479.0,197959395089.0,192844821811.0,229823432579.0,313578438355.0,309066577971.0,192201238745.0,280871747534.0,-2287097870.0,4221961904.0,3792681540.0,14145683485.0
097950,CJ제일제당,CFS,9267382961000.0,9759274570000.0,9231876135000.0,9749512896000.0,18246628847000.0,18484219204000.0,11833928755000.0,11529022641000.0,7219425483000.0,7516610595000.0,344555465000.0,504290126000.0,127454658000.0,252684299000.0
097955,CJ제일제당 우,,,,,,,,,,,,,,,
100090,SK오션플랜트,CFS,768043054637.0,594390293947.0,808616821231.0,642506418910.0,833633148188.0,694046434953.0,566944237852.0,525957499199.0,257941560619.0,169561475572.0,30110786423.0,20418613374.0,21456404876.0,13204216311.0
100220,비상교육,CFS,112517987039.0,140300766261.0,120623478832.0,83561652212.0,125494742664.0,112016003859.0,185599948906.0,197210083654.0,48664577203.0,44091692478.0,-5935199632.0,-6879934675.0,-3459654755.0,-2659737470.0
100250,진양홀딩스,CFS,233126990997.0,175888049046.0,140590180024.0,153726030915.0,194658581452.0,194455945015.0,429185145696.0,402629316512.0,69230739795.0,59091660269.0,3210897640.0,1167690729.0,16987722433.0,-17107224415.0
100840,SNT에너지,CFS,221791183148.0,253392256767.0,81887386902.0,99795812834.0,125149645180.0,174341588445.0,269368584629.0,255431113393.0,74957181819.0,42328832999.0,5115197916.0,1281081144.0,8348290483.0,5101773423.0
101140,인바이오젠,CFS,13711442322.0,17033020187.0,2317031278.0,36361573269.0,3866406525.0,37399819172.0,148371696890.0,104415029239.0,2022403919.0,3458961763.0,-1409395884.0,-1281930076.0,4230883969.0,-62603497678.0
101530,해태제과식품,CFS,128481799554.0,130960147832.0,262190631964.0,272667311688.0,427440836557.0,437389311669.0,257192978793.0,253865643478.0,153999687567.0,142397956253.0,9955559629.0,5254377035.0,4512525002.0,2185355315.0
102260,동성케미컬,CFS,477616451610.0,457682236848.0,365242189491.0,351666796315.0,430271887898.0,410505252005.0,502244200318.0,489006502447.0,295742527217.0,296642550551.0,21156270372.0,18298742050.0,17711942678.0,15916242856.0
102460,이연제약,CFS,107463525443.0,109006467229.0,46666502996.0,47951489175.0,248852014315.0,236926485584.0,249645550222.0,247765256067.0,37745472623.0,39608779407.0,2657672212.0,39170069.0,2666242364.0,-413335648.0
103140,풍산,CFS,1971596919143.0,2013246003210.0,1131273663216.0,1117973551094.0,1432667825871.0,1553056946285.0,1924247686429.0,1842240245511.0,1035911143114.0,1160778972845.0,53878426495.0,89618556068.0,44938391718.0,67720778247.0
103590,일진전기,CFS,453044442731.0,360680352497.0,441933487761.0,321654655572.0,572364481124.0,494610873687.0,358902670819.0,344902375464.0,304008556609.0,306727820643.0,13010088849.0,3715425265.0,9644399017.0,2452993713.0
104700,한국철강,CFS,664653189951.0,636918811253.0,90670332548.0,129583963953.0,129640200842.0,147735227497.0,824959285214.0,790918579636.0,252467230468.0,289477437266.0,33072953322.0,44308637599.0,30757985459.0,5630119268.0
105560,KB금융,,,,,,,,,,,,,,,
105630,한세실업,CFS,727387988716.0,772270727784.0,570259876358.0,620599734973.0,656560249349.0,702124695430.0,580070958515.0,537086481739.0,430183848607.0,610648722110.0,44352454945.0,55611362818.0,29291141700.0,24525166435.0
105840,우진,CFS,93829919987.0,95530996575.0,18301543640.0,35100263649.0,36867272736.0,50483944670.0,185860780966.0,176569430992.0,32649844379.0,31497266377.0,7147594120.0,4158442495.0,5676535507.0,2071991791.0
107590,미원홀딩스,CFS,159258252922.0,158573166004.0,141721510616.0,138171344618.0,235285554482.0,229582717353.0,264322699868.0,256303689726.0,106844440024.0,133922644428.0,2647040072.0,9014077754.0,2099391261.0,12794889636.0
108320,LX세미콘,CFS,987181230143.0,1009649198828.0,330941715222.0,324401670974.0,343463785248.0,339257893379.0,916826079051.0,950360648754.0,454467665509.0,599159232237.0,7815087290.0,109588665905.0,4682959568.0,83031760971.0
108670,LX하우시스,CFS,1110214000000.0,1078800000000.0,1052144000000.0,1060606000000.0,1665898000000.0,1703786000000.0,822706000000.0,779943000000.0,938480000000.0,948482000000.0,49419000000.0,5641000000.0,33610000000.0,-47542000000.0
108675,LX하우시스우,,,,,,,,,,,,,,,
109070,주성코퍼레이션,CFS,21945289768.0,25964084655.0,8506989862.0,13303132201.0,12908430520.0,18158116569.0,15861006823.0,14793215256.0,6994534633.0,6081196623.0,-336696873.0,-1807657402.0,373927837.0,-1425589756.0
111110,호전실업,CFS,255921693891.0,194844461916.0,219753569035.0,148100110035.0,242583738882.0,180582898935.0,143832273807.0,135515238561.0,117131978249.0,111201877696.0,11738810210.0,3909972172.0,3580252439.0,2780010459.0
111380,동인기연,,,,,,,,,,,,,,,
111770,영원무역,CFS,3070515682713.0,2821445719291.0,772527350143.0,822686884772.0,1516628561132.0,1399319640332.0,3453675369389.0,3114304140479.0,1007780921299.0,945640003984.0,210554031333.0,208141928451.0,160292472567.0,189578560571.0
112610,씨에스윈드,CFS,1031696116321.0,1005887147293.0,684893701386.0,623838051512.0,1006216823846.0,854871284096.0,964571002234.0,924668865668.0,415520324894.0,327537326956.0,41832473032.0,19293378449.0,21005251071.0,5440268103.0
114090,GKL,CFS,294997089154.0,262720452008.0,148802844805.0,161100630495.0,209753023250.0,227057758258.0,412755193578.0,382455408392.0,100234047281.0,48072217006.0,11005890429.0,-10711548226.0,8583473080.0,-7988233944.0
117580,대성에너지,CFS,126036390000.0,304783692464.0,217035624388.0,345343379610.0,336908351825.0,520696425282.0,319685756484.0,313793532919.0,155777886172.0,157210708405.0,-3953184231.0,2930767137.0,-1644594659.0,2342073406.0
118000,메타케어,CFS,59700011412.0,73473340529.0,44478336263.0,48449827516.0,46095257151.0,60277758402.0,145559634711.0,129579569605.0,10432994263.0,4963944550.0,-565061181.0,155872032.0,3101179560.0,-16294764740.0
119650,KC코트렐,CFS,287221530340.0,265002514123.0,236711973983.0,229916925659.0,304003357187.0,266719036966.0,58265070973.0,56754683717.0,116209924865.0,91389422985.0,-1200694132.0,850976281.0,-3047954149.0,-13309842124.0
120030,조선선재,CFS,119454469121.0,112016258371.0,9930284071.0,8405270975.0,11181449529.0,9248179273.0,141006439111.0,135885117324.0,17967533859.0,17718911866.0,3014967294.0,2528570010.0,3021236561.0,3954691662.0
120110,코오롱인더,CFS,2318142696068.0,2456933837738.0,2576764354658.0,2651217278486.0,3243437667164.0,3270361413054.0,2755887835893.0,2733101602938.0,1347219784491.0,1388316207374.0,65814042517.0,88661751275.0,37422227689.0,44153651238.0
120115,코오롱인더우,,,,,,,,,,,,,,,
122900,아이마켓코리아,CFS,889726467843.0,927259777473.0,774095445706.0,757632502275.0,850644804311.0,814780662561.0,401439760085.0,410174013772.0,842659286820.0,859449736090.0,13694368664.0,14190256872.0,2666969392.0,7871014506.0
123690,한국화장품,CFS,29631314356.0,27907151271.0,17859715030.0,19362591582.0,19441422749.0,21500163750.0,25093799554.0,22413165800.0,19918939711.0,17002627590.0,1583758414.0,-312274828.0,1623935151.0,-272979951.0
123700,SJM,CFS,172792624368.0,165731841879.0,40015592987.0,39067933099.0,53755942440.0,56088466557.0,195591337868.0,187186901233.0,49461574835.0,40672802072.0,3205129177.0,21708970.0,5362958258.0,3103595181.0
123890,한국자산신탁,,,,,,,,,,,,,,,
126560,현대퓨처넷,CFS,372522765821.0,447169041097.0,57565098600.0,62050802480.0,65416307130.0,70265647771.0,848819294797.0,844990804152.0,47796241928.0,43704553127.0,2954830376.0,4836364121.0,4627527125.0,2288967919.0
126720,수산인더스트리,CFS,362175443021.0,342710063007.0,69324237582.0,60575564385.0,122784128116.0,114148849591.0,480921095680.0,463006581649.0,91348873290.0,75195620033.0,12429705159.0,10194087383.0,12866343155.0,7828388930.0
128820,대성산업,CFS,349620320932.0,407797828586.0,304238865234.0,279793158375.0,1127811948297.0,1197506140662.0,633122830089.0,627082173949.0,333175360322.0,408632545334.0,-3752397430.0,877820369.0,-877766362.0,-3013294788.0
128940,한미약품,CFS,667482153886.0,694158250909.0,659398792289.0,676748302732.0,811435322230.0,915359048755.0,1054527273045.0,1009226682083.0,342734988889.0,317097907523.0,33154546517.0,31579416257.0,18749188443.0,22662716952.0
129260,인터지스,CFS,197348149092.0,195139523479.0,143468275985.0,154310487269.0,172601872745.0,178721965121.0,263585208062.0,254445272513.0,155719043660.0,191425298314.0,6573130565.0,11657061142.0,4611098310.0,14740754153.0
130660,한전산업,CFS,91146037995.0,87334415601.0,51732639919.0,50108380679.0,60321135660.0,61835339210.0,101006988712.0,95946096419.0,100713036676.0,93632308568.0,11784581675.0,7542109459.0,8356996820.0,7550693319.0
133820,화인베스틸,CFS,68759504692.0,78946829058.0,93923811578.0,98773910391.0,96776475956.0,101359925313.0,71646117574.0,78262984556.0,34077900037.0,35573348719.0,-3399026275.0,1714305698.0,-3940763559.0,1357702898.0
134380,미원화학,CFS,85893808166.0,62837682419.0,25222041920.0,6792037295.0,33034128309.0,15155439398.0,141372509045.0,132708596334.0,60240927285.0,59223785982.0,7734407815.0,4803825953.0,6586409878.0,4601161165.0
134790,시디즈,CFS,53867352497.0,47454536884.0,25256634160.0,19567682588.0,26665754468.0,21635673445.0,64760792936.0,63427346696.0,44752282496.0,60685287499.0,-593051378.0,301206976.0,460195270.0,1093362521.0
136490,선진,CFS,717688209163.0,718357025915.0,802196863753.0,784132676786.0,892703081756.0,892994227026.0,450302793179.0,440621950325.0,483553373021.0,467630629023.0,30878254443.0,30750300334.0,11739149097.0,-3011849052.0
137310,에스디바이오센서,CFS,1149602460855.0,2517265593414.0,685393931779.0,296979641527.0,1268529817604.0,315141082903.0,2716105495844.0,2946781299162.0,162637070569.0,795007415190.0,-76405469952.0,348146197878.0,-83059994638.0,338605396812.0
138040,메리츠금융지주,,,,,,,,,,,,,,,
138930,BNK금융지주,,,,,,,,,,,,,,,
139130,iM금융지주,,,,,,,,,,,,,,,
139480,이마트,CFS,5967033185961.0,5848734597533.0,10103530240621.0,9941710322988.0,19498232328215.0,19718359591026.0,13581131397838.0,13483361917688.0,7271088783543.0,7147316468330.0,-53004137899.0,-12321902268.0,-103181513994.0,-63106883194.0
139990,아주스틸,CFS,448106409542.0,345921495870.0,475945836474.0,369474451136.0,722154877037.0,522749227264.0,228034558636.0,237479258624.0,241521993076.0,291072422704.0,5424130153.0,12403424996.0,-3032720759.0,7806670409.0
143210,핸즈코퍼레이션,CFS,384588053511.0,361841215786.0,589255854504.0,584579519508.0,693445958483.0,667856104059.0,316098007602.0,194732609944.0,197066744484.0,216390688243.0,940262695.0,-6591935436.0,-8037399485.0,-21297452891.0
145210,다이나믹디자인,CFS,48703763360.0,51584500392.0,27033157454.0,41692344690.0,34541884106.0,49003936595.0,61997064607.0,48843611531.0,18540517698.0,14085761923.0,84125674.0,-1132769098.0,-13287738154.0,424889962.0
145720,덴티움,CFS,322992693538.0,303704981317.0,248982650879.0,229276664329.0,304546095340.0,301420236208.0,408465150553.0,373163728344.0,106390722641.0,96666294899.0,32391139313.0,35195075690.0,20165973011.0,36156898155.0
145990,삼양사,CFS,1145873000000.0,1105796000000.0,699919000000.0,503591000000.0,1449450000000.0,1418659000000.0,1589428000000.0,1530990000000.0,698771000000.0,689131000000.0,43487000000.0,34226000000.0,33238000000.0,20357000000.0
145995,삼양사우,,,,,,,,,,,,,,,
155660,DSR,CFS,165267723391.0,176061391451.0,125592623752.0,139483313029.0,142632007901.0,162383840472.0,211232438195.0,202326546390.0,79811053843.0,94795313597.0,6357077346.0,7233214937.0,4814954498.0,5464715055.0
161000,애경케미칼,CFS,569507921633.0,591670033474.0,450453955881.0,473849818849.0,511346944417.0,505938346156.0,729115164769.0,728145376555.0,467823153181.0,636445600641.0,14060082658.0,56817144092.0,9606862053.0,42078240394.0
161390,한국타이어앤테크놀로지,CFS,6254583212182.0,6436304422676.0,2329550506493.0,2887075507092.0,3158636302274.0,3705654911026.0,9265403947812.0,8875709247979.0,2263456312718.0,2039983961717.0,248220819399.0,175274333855.0,141495739041.0,323828320627.0
161890,한국콜마,CFS,875084100222.0,816296191864.0,933639171821.0,868139417222.0,1535853675803.0,1463836379752.0,1504071350532.0,1469473099590.0,599737686970.0,502704547431.0,55672431124.0,33641532127.0,42644857319.0,22522882209.0
163560,동일고무벨트,CFS,227611835745.0,228027492799.0,141282694155.0,145491983098.0,158288203387.0,163224624863.0,221477759027.0,218003776714.0,88685962123.0,102507056530.0,3432165947.0,2165020431.0,1020715817.0,2958334138.0
170900,동아에스티,CFS,567692993553.0,502838961350.0,195785021806.0,182707624179.0,555063058331.0,467613930767.0,699180764720.0,690111002837.0,169207839866.0,163303076666.0,3436869114.0,4389556237.0,-575125199.0,3018598686.0
175330,JB금융지주,,,,,,,,,,,,,,,
178920,PI첨단소재,CFS,115429206586.0,131677920752.0,82501433261.0,64535885197.0,172137861398.0,157543399198.0,312723438520.0,341453216519.0,60215600100.0,75051517296.0,2469734691.0,12947032123.0,2177711691.0,12751498673.0
180640,한진칼,CFS,349311299020.0,537969466858.0,826529805408.0,978767254448.0,1160953163778.0,1339020434490.0,2686481280933.0,2576057186684.0,66129390297.0,45032432118.0,14244724028.0,1412568967.0,86264220269.0,402745991875.0
18064K,한진칼우,,,,,,,,,,,,,,,
181710,NHN,CFS,1432466140100.0,1348599755827.0,709366445007.0,746992786633.0,1306419714866.0,1032762862400.0,2055557087974.0,1992419158629.0,551432170013.0,511300370688.0,20891528791.0,5196203590.0,15418674712.0,-5304759056.0
183190,아세아시멘트,CFS,414853249955.0,407821475088.0,390319015624.0,337683357648.0,1074341319325.0,1061327445519.0,1005157058947.0,978682286906.0,332436190556.0,278293953699.0,46997103545.0,41335036404.0,30168511205.0,23686362164.0
185750,종근당,CFS,742507776620.0,713614782837.0,353540992777.0,374213062129.0,499746861408.0,503593995766.0,685495364293.0,621288802025.0,396005766344.0,366025753310.0,44999544219.0,26939890467.0,43163227845.0,22545117460.0
192080,더블유게임즈,CFS,544715820245.0,572610729335.0,70858220585.0,205744395688.0,95715601080.0,229338873566.0,1113598894551.0,1006297224416.0,,,50267226339.0,41773524306.0,44397975175.0,-39060231001.0
192400,쿠쿠홀딩스,CFS,435938272094.0,446314893140.0,98263701096.0,130651017779.0,151521574387.0,181757777564.0,1011386031103.0,967770930128.0,174157467533.0,172807259509.0,14921915245.0,12791476483.0,27163209200.0,25903920114.0
192650,드림텍,CFS,406343622188.0,466745600822.0,247908082875.0,309084260231.0,270136405240.0,323702374400.0,506335297293.0,501654718372.0,199255189235.0,304530187679.0,-2209367081.0,21279439349.0,-1094689227.0,29448200608.0
192820,코스맥스,CFS,808460603510.0,737152717216.0,842483899775.0,811975090337.0,1030824640222.0,952203952001.0,473556944238.0,444246552661.0,479265546131.0,405016250077.0,46047093660.0,17228161392.0,27390096497.0,5324611082.0
194370,제이에스코퍼레이션,CFS,440097448092.0,312848636055.0,308713695685.0,235632678098.0,477252775394.0,278290251740.0,271230559683.0,255477889432.0,207600084646.0,264159707316.0,19298536429.0,22875148032.0,10881696737.0,20053658670.0
195870,해성디에스,CFS,357062611822.0,371321312772.0,152555111598.0,196470094856.0,175442085396.0,212318527504.0,489092167709.0,447295294041.0,179219582100.0,216236389829.0,35721344264.0,54076781484.0,29403864076.0,45810976733.0
200880,서연이화,CFS,1135166285946.0,968982841111.0,1257006642921.0,986276302843.0,1506654959139.0,1173445901645.0,843646312415.0,756886374526.0,900887709601.0,687788298509.0,36039913432.0,30753769925.0,22385304567.0,7986728056.0
204320,HL만도,CFS,3511143312771.0,2980301901430.0,2813234634476.0,2150797625451.0,4065479226734.0,3572095295017.0,2368913262335.0,2273746112263.0,2086768038079.0,1679016192111.0,76986366389.0,45697337433.0,51112599856.0,38836859240.0
207940,삼성바이오로직스,CFS,5222084237579.0,6457656567077.0,3590807583558.0,4181541561220.0,6390776713429.0,7597575863329.0,9311024364113.0,8984474395157.0,866184569567.0,651423185272.0,253439139660.0,169673461068.0,184885675098.0,152040268757.0
210540,디와이파워,CFS,216458642305.0,209865402641.0,74557076654.0,84718806071.0,76353197116.0,87153368942.0,256486203893.0,240369030361.0,114292771576.0,101999559960.0,11297312824.0,6409988974.0,8356272485.0,4745850179.0
210980,SK디앤디,CFS,1581270234634.0,1279958454743.0,828158310670.0,476002531353.0,1639835281981.0,1494509955164.0,839276136322.0,697066259283.0,270911228798.0,118973389507.0,202221772235.0,17407091633.0,152952864972.0,53942183288.0
213500,한솔제지,CFS,921818393614.0,1007797067277.0,1026018393417.0,1082341518494.0,1384744694453.0,1467471503690.0,730032527458.0,742544013465.0,528072518649.0,638724439834.0,15195663496.0,56895636237.0,6905729083.0,37132328158.0
214320,이노션,CFS,1751284021359.0,1800347246478.0,1168829159738.0,1219793765097.0,1349943413394.0,1416175662135.0,894923710169.0,873966892456.0,496782029942.0,405682666382.0,41702926560.0,25988512743.0,32771781898.0,12248600253.0
214330,금호에이치티,CFS,230037747154.0,214113398562.0,104360705185.0,91742874858.0,105899615138.0,100833283251.0,330655053899.0,325800541887.0,80933696271.0,59949541641.0,3324558572.0,771071664.0,685982593.0,-6057622145.0
214390,경보제약,CFS,118692913804.0,116325649599.0,103248096915.0,95569005816.0,105800859204.0,96840886918.0,142051590149.0,143704055206.0,52554194290.0,46107152550.0,1489444900.0,-788665309.0,912563140.0,-1017701470.0
214420,토니모리,CFS,56612593089.0,70019472837.0,65113306310.0,79125868417.0,88846590283.0,101679024921.0,99457258151.0,97383028812.0,36274120232.0,34532313545.0,2583530291.0,-2875323188.0,-509948358.0,-2815945004.0
217590,티엠씨,,,,,,,,,,,,,,,
226320,잇츠한불,CFS,346425551747.0,340773072215.0,26882092640.0,27306435544.0,30078892713.0,30243344892.0,459938943352.0,455910010877.0,35200245653.0,33220921876.0,2891674825.0,496041263.0,4010678839.0,3178655373.0
227840,현대코퍼레이션홀딩스,CFS,88891109061.0,91593518590.0,25989524906.0,21605296765.0,71821619495.0,71951244118.0,249359370588.0,224176322031.0,46075962117.0,40902600260.0,5315572961.0,4354614474.0,9357265597.0,8559713989.0
229640,LS에코에너지,CFS,347052672125.0,404088248826.0,290775399021.0,343442230126.0,296191199947.0,348670310364.0,157774491827.0,158062467680.0,187311579488.0,234250377371.0,5941442844.0,8735807331.0,618300378.0,3310733748.0
234080,JW생명과학,CFS,96900868397.0,105008263192.0,94855380803.0,80043500749.0,97544352932.0,112609682935.0,145915309119.0,140332435137.0,52089690827.0,47125617232.0,7781428616.0,7043276126.0,5664186616.0,2931246751.0
241560,두산밥캣,CFS,3912748565000.0,3082529616000.0,2376366271000.0,2053503109000.0,4637699228000.0,4223998511000.0,5693380475000.0,5024387667000.0,2672118060000.0,2218373610000.0,466549461000.0,309512444000.0,307983313000.0,140636120000.0
241590,화승엔터프라이즈,CFS,675151231881.0,757366549182.0,721000118004.0,778090401020.0,816206817793.0,884648845256.0,604264334455.0,591182885689.0,321909347318.0,452372010951.0,7580838237.0,26115213267.0,-1685834879.0,13892141523.0
244920,에이플러스에셋,CFS,224696426454.0,203924789172.0,87344281160.0,77880633526.0,162097973771.0,159153035121.0,185052629867.0,186149001984.0,86263901710.0,69942859439.0,1864936728.0,940729662.0,3287945159.0,60490458317.0
248070,솔루엠,CFS,795002088569.0,855701311202.0,612626395307.0,679009558651.0,627982487834.0,744308093817.0,370086606781.0,289993946273.0,523482410831.0,441426222962.0,44156363931.0,20041148419.0,34035943561.0,9258110590.0
248170,샘표식품,CFS,145118923718.0,162915218233.0,90993179128.0,93574012989.0,110139125300.0,122931700907.0,233533034352.0,227354806467.0,92224232768.0,87565483712.0,2884035860.0,2333489278.0,2947716838.0,2919534157.0
249420,일동제약,CFS,274479737276.0,282034867633.0,352376655820.0,316290402129.0,481728543714.0,457585976912.0,161866798273.0,198224237023.0,154085309956.0,162497272723.0,-19182492874.0,-22275893807.0,-24432967841.0,50214874295.0
251270,넷마블,CFS,1009960982345.0,997344674257.0,2373387644436.0,2293992289893.0,3361494666155.0,3313765261202.0,5411035865295.0,5621808454658.0,603328334847.0,660589950263.0,-37233666799.0,-34623071421.0,-44079162946.0,-120510578255.0
259960,크래프톤,CFS,4006829566277.0,3892564094341.0,492559353309.0,411459589199.0,1015960792058.0,921378865691.0,5382015715263.0,5116405100445.0,,,131460412637.0,165848137872.0,128511344002.0,193957087861.0
264900,크라운제과,CFS,114504867402.0,146160879714.0,76139611972.0,94168048382.0,123103892630.0,137897080146.0,201102915363.0,192266230903.0,109627232765.0,100548862270.0,7244538402.0,4397336767.0,6103026151.0,-5517669245.0
26490K,크라운제과우,,,,,,,,,,,,,,,
267250,HD현대,CFS,32264236957000.0,30130809645000.0,27096022874000.0,26274593765000.0,44551195733000.0,42307197037000.0,23141788188000.0,23263664039000.0,15621284613000.0,15753952953000.0,472552175000.0,1235840961000.0,186243689000.0,957449445000.0
267260,HD현대일렉트릭,CFS,2037995306180.0,1548305844287.0,1612404128162.0,1411144505503.0,2037589083612.0,1603861296111.0,884786252921.0,831168874627.0,642482076734.0,540076933239.0,58843523694.0,27246842701.0,37396177054.0,8250223685.0
267270,HD건설기계,CFS,2326537593000.0,2350617095000.0,1124863419000.0,1373720575000.0,1664995095000.0,1781299828000.0,1781290866000.0,1667286942000.0,1032111582000.0,875070510000.0,96552209000.0,36741986000.0,67631016000.0,16977802000.0
267290,경동도시가스,CFS,348846795206.0,690019275269.0,241119405529.0,598220338526.0,313975380804.0,672626336234.0,410948241306.0,394988696801.0,329172597256.0,477435451704.0,4051722432.0,11615315014.0,5079110319.0,9783328222.0
267850,아시아나IDT,CFS,96755786749.0,114136262719.0,35746406436.0,37832497950.0,43105153961.0,45626559675.0,161127504975.0,159951223863.0,46787116130.0,46751080489.0,2692982370.0,2566570472.0,3079070545.0,2017366054.0
268280,미원에스씨,CFS,287350950335.0,297849052417.0,67149500006.0,82880700804.0,83180201219.0,96877962047.0,375767798957.0,378855818934.0,112765153458.0,175850827691.0,6640713737.0,27715576063.0,2552281321.0,22809305094.0
271560,오리온,CFS,1548410842371.0,1470432835841.0,467792406469.0,556179578260.0,642327544153.0,732455081520.0,2752307688716.0,2639228832700.0,713866930769.0,627376828370.0,112239611506.0,89715039525.0,83476614738.0,70866284684.0
271940,일진하이솔루스,CFS,282133960701.0,293758323525.0,10868850692.0,23684902324.0,15184120873.0,27786557872.0,317036239324.0,314718893049.0,14415995058.0,37428929200.0,-3766048503.0,3432725913.0,-888064380.0,3728916033.0
271980,제일약품,CFS,323081518883.0,291640787617.0,314754462323.0,268657137216.0,320969569104.0,301294319644.0,167955504084.0,155597219785.0,178469773997.0,194671252350.0,-3214733776.0,-2269854747.0,-1754424986.0,-1973086059.0
272210,한화시스템,CFS,1786841541181.0,2326839782700.0,1640871954828.0,1618535589452.0,1951341265710.0,1926675685540.0,2216455143935.0,2018952014723.0,610676669255.0,510494176184.0,25932185243.0,16426930170.0,74741287251.0,-46394981496.0
272450,진에어,CFS,353589657666.0,275073699422.0,361265803870.0,392285683546.0,667765543987.0,662850263536.0,171209594432.0,109045058525.0,259020774298.0,126364482952.0,17837431567.0,-15052461312.0,10766203421.0,-28745288676.0
272550,삼양패키징,CFS,174510000000.0,177390000000.0,115320000000.0,81119000000.0,305147000000.0,281487000000.0,363118000000.0,361074000000.0,120857000000.0,115093000000.0,17933000000.0,13112000000.0,14354000000.0,9285000000.0
278470,에이피알,CFS,194013571027.0,137024020095.0,90324823306.0,76266539341.0,100338779514.0,83864628095.0,148615382040.0,99266311538.0,127672288171.0,97942515714.0,24784940545.0,6934229851.0,18766402118.0,2058520570.0
279570,케이뱅크,,,,,,,,,,,,,,,
280360,롯데웰푸드,CFS,1476519513096.0,1448968131024.0,902885113723.0,921106822210.0,2045608282664.0,1993627503014.0,2125122541073.0,2111631675614.0,1040615131806.0,567774343406.0,48566564387.0,24954633219.0,12416434491.0,30033603419.0
281820,케이씨텍,CFS,354630446952.0,352610756590.0,43313648305.0,52326466008.0,48571071123.0,57327965096.0,433849665181.0,425985366698.0,68792444115.0,93294696922.0,8408669640.0,17527734088.0,9805300192.0,16030460468.0
282330,BGF리테일,CFS,943799952997.0,889900434324.0,1218426814521.0,1102246622172.0,2176415111680.0,1983607627851.0,978738575491.0,962627643775.0,2098224064624.0,1918580371478.0,78076648531.0,70795450039.0,59502628273.0,57388012445.0
284740,쿠쿠홈시스,CFS,416675661912.0,410913985435.0,196625756708.0,189806861892.0,220183679146.0,222383617986.0,844739052458.0,794576672740.0,242197754328.0,262672136454.0,37878537470.0,45324503517.0,35830470440.0,37283703681.0
285130,SK케미칼,CFS,2389068954889.0,2518693783957.0,786192891952.0,1058819027627.0,1399327696013.0,1236777050588.0,2680689261343.0,2708905829156.0,371335160733.0,501301883541.0,-13847134940.0,87192475405.0,-15468229201.0,60343138852.0
28513K,SK케미칼우,,,,,,,,,,,,,,,
286940,롯데이노베이트,CFS,374879160136.0,366285909491.0,269668587051.0,277820826605.0,425984063602.0,417980301556.0,451002636713.0,453951220055.0,284658364705.0,237172550789.0,10920699474.0,2627398173.0,7059000248.0,1635136501.0
293480,하나제약,CFS,101555266639.0,103527223260.0,61585249826.0,44704054674.0,74277346428.0,77567635819.0,270069195023.0,268396920606.0,57362832220.0,51098080450.0,8640454418.0,7353067392.0,7710932544.0,5863754542.0
294870,IPARK현대산업개발,CFS,4704984211706.0,5442547023552.0,2998415077334.0,3459125496456.0,3844512157621.0,4434454285936.0,2898634196296.0,2901872323441.0,933632896807.0,959517651484.0,5733419582.0,66701510148.0,15231508813.0,67227666110.0
298000,효성화학,CFS,817181568990.0,819924444604.0,1939894433016.0,1715748683152.0,3243933412546.0,3016501814422.0,36295156334.0,114617084621.0,723850932200.0,766390299210.0,-103270082147.0,-68081550110.0,-142451562117.0,-87699661360.0
298020,효성티앤씨,CFS,1993844893079.0,2143068335976.0,2074448749858.0,2184964278981.0,2691954146814.0,2804355654281.0,1547081888259.0,1515523658191.0,1929289064919.0,2563729427193.0,64513330990.0,87448463919.0,19805849655.0,42862972471.0
298040,효성중공업,CFS,2184041734581.0,2221499626151.0,2566695398321.0,2504911410809.0,3511353785768.0,3590259543651.0,1148862429811.0,1103211064622.0,1122656960655.0,926833850312.0,85739852836.0,42139718152.0,,
298050,HS효성첨단소재,CFS,1247538357554.0,1331264107697.0,1684334217503.0,1624968272446.0,2200787644208.0,2135155968289.0,764003437506.0,799557509705.0,816392312122.0,1024847768638.0,48631528692.0,97570021282.0,13857600898.0,57907652467.0
298690,에어부산,CFS,240525639301.0,202750960475.0,347666478203.0,357728874609.0,1081425096481.0,1101224121714.0,153101464829.0,126658965945.0,198295195089.0,83921405425.0,33888216096.0,-20981011134.0,15452630355.0,-84970198585.0
300720,한일시멘트,CFS,848867487266.0,630383484045.0,553206153679.0,485429196799.0,1185100056130.0,885820287173.0,1623237028237.0,1575016584724.0,494098174983.0,411114511995.0,84892721515.0,64330037909.0,61445667253.0,49956912508.0
302440,SK바이오사이언스,CFS,1574104787212.0,1783694210430.0,241305987438.0,380037427181.0,257123752299.0,400229387487.0,1711396182296.0,1741701996063.0,26478227344.0,138280832009.0,-35309010531.0,61189671139.0,-15975996210.0,46125942004.0
306200,세아제강,CFS,936252591017.0,837441133208.0,552589949174.0,419082622861.0,691346653000.0,636127562772.0,925005917506.0,829001866215.0,509916016874.0,480802139384.0,68130958800.0,68264729444.0,51263381540.0,55303119933.0
307950,현대오토에버,CFS,1586356329979.0,1695856233152.0,704840976671.0,883697779686.0,940519634315.0,1129055501093.0,1533618943499.0,1490380825529.0,753864132378.0,630214318677.0,52721807387.0,28747943773.0,38977068967.0,22285903518.0
308170,씨티알모빌리티,CFS,115327484342.0,108433064786.0,151097377893.0,143795718692.0,205126112068.0,193518912705.0,102714574588.0,103848274799.0,116428309898.0,104225572945.0,2515337308.0,-391343112.0,1426428623.0,4885788629.0
316140,우리금융지주,,,,,,,,,,,,,,,
317400,자이에스앤디,CFS,1226896912134.0,1512415592674.0,676828286908.0,1016844837657.0,906935008717.0,1230633742673.0,769485656032.0,722054387805.0,615091629758.0,711323057104.0,37733537415.0,82656186568.0,24277419003.0,62174313086.0
317450,명인제약,,,,,,,,,,,,,,,
322000,HD현대에너지솔루션,CFS,397180601003.0,490181755892.0,137260384121.0,237448773015.0,167965173392.0,271292811162.0,384169167629.0,381533148869.0,151051043725.0,264053648031.0,7903177367.0,23770035799.0,5241322518.0,16214415808.0
323410,카카오뱅크,,,,,,,,,,,,,,,
326030,SK바이오팜,CFS,435465950048.0,487924712746.0,195124916717.0,163072636224.0,339428987927.0,347680678987.0,291731109454.0,316560460441.0,77013077731.0,53432883418.0,-18936056952.0,-40072055312.0,-23342346669.0,-45403381708.0
329180,HD현대중공업,CFS,8900996933000.0,8000865934000.0,9446198505000.0,9072004186000.0,11952443087000.0,11001578566000.0,5288884174000.0,5287819487000.0,3064397813000.0,2166032390000.0,68534227000.0,-108251754000.0,24068804000.0,-64729016000.0
336260,두산퓨얼셀,CFS,686279731462.0,675719160885.0,259255535843.0,312667179970.0,590779243620.0,503865290192.0,525192102938.0,523064425818.0,49179621011.0,74121043261.0,,,-284629721.0,80876761.0
33626K,두산퓨얼셀1우,,,,,,,,,,,,,,,
33626L,두산퓨얼셀2우B,,,,,,,,,,,,,,,
336370,솔루스첨단소재,CFS,455181669112.0,507979815410.0,590929524452.0,422142030007.0,667353769549.0,542937434917.0,899588916017.0,918102971334.0,101170212669.0,109882765774.0,-23834685684.0,-8052870982.0,-25035359051.0,-1494744725.0
33637K,솔루스첨단소재1우,,,,,,,,,,,,,,,
33637L,솔루스첨단소재2우B,,,,,,,,,,,,,,,
339770,교촌에프앤비,CFS,90119019868.0,111322995611.0,94027115892.0,102735562443.0,117835876497.0,125754598439.0,180947518502.0,179218784515.0,101971439500.0,132312862135.0,3275112840.0,858326637.0,2119565830.0,403942190.0
344820,KCC글라스,CFS,1001942375913.0,958080961323.0,445965475682.0,445261766379.0,818939877306.0,766953036714.0,1466514366228.0,1442611749069.0,437745985687.0,341180741971.0,33502680181.0,36783377913.0,27278995031.0,26205455274.0
352820,하이브,CFS,1957525923000.0,2115847172000.0,1214894727000.0,849484677000.0,2059650047000.0,1941754310000.0,3200571201000.0,2928680005000.0,620990222000.0,512217587000.0,81339517000.0,88310253000.0,117402885000.0,98929348000.0
353200,대덕전자,CFS,416554711851.0,498103203993.0,185831944459.0,265030183039.0,262825370011.0,336767845823.0,850601014442.0,854989142336.0,219859008107.0,342959560183.0,5611809450.0,61885661039.0,4299722976.0,54826655268.0
35320K,대덕전자1우,,,,,,,,,,,,,,,
361610,SK아이이테크놀로지,CFS,920729230000.0,853496751000.0,785189949000.0,452456607000.0,1646137132000.0,1322662099000.0,2339391710000.0,2174673266000.0,151808453000.0,138915535000.0,924059000.0,-12369884000.0,33393732000.0,-21814469000.0
363280,티와이홀딩스,CFS,405583830169.0,350108898373.0,600958197423.0,579981783664.0,1137711946924.0,736598801569.0,1572296917247.0,1546364261837.0,98512321493.0,102453539700.0,-1309610802.0,12042464774.0,15150542822.0,14638583626.0
36328K,티와이홀딩스우,,,,,,,,,,,,,,,
372910,한컴라이프케어,CFS,129717563835.0,114255369452.0,84481404460.0,76537203877.0,85459556244.0,80099500535.0,126841397435.0,127930340521.0,35515142368.0,22241560269.0,5352057570.0,2337470674.0,1066909566.0,1985419764.0
373220,LG에너지솔루션,CFS,18645480000000.0,18804269000000.0,11305316000000.0,11444923000000.0,19265936000000.0,17705683000000.0,23128717000000.0,20593762000000.0,8773487000000.0,5070561000000.0,460599000000.0,195608000000.0,465141000000.0,89926000000.0
375500,DL이앤씨,CFS,5533792497861.0,5403768957903.0,3501740264556.0,3210693538872.0,4228423234208.0,4282240934857.0,4776353022577.0,4692476509428.0,1970578742239.0,1876952458221.0,71875487628.0,134612802915.0,35532525069.0,116004905612.0
37550K,DL이앤씨우,,,,,,,,,,,,,,,
37550L,DL이앤씨2우(전환),,,,,,,,,,,,,,,
377300,카카오페이,CFS,2280500880159.0,2259815836785.0,853007643125.0,873830451555.0,1794238962474.0,1423304932690.0,1989524271406.0,1908224925187.0,,,-12580569852.0,-12500570542.0,-6207443963.0,-5716490492.0
377740,바이오노트,CFS,691694704341.0,824836143679.0,14831321946.0,49505015315.0,104616122843.0,156849683848.0,1489391675839.0,1600152081938.0,25413938573.0,118078342310.0,-54696374043.0,58920230981.0,-55725105849.0,48972690457.0
378850,화승알앤에이,CFS,194999982719.0,179634547981.0,271333980925.0,294681105612.0,329384074239.0,329908689839.0,104842931689.0,92660510400.0,187616447600.0,162980925191.0,9079832374.0,35670778.0,5424233158.0,3851299417.0
381970,케이카,CFS,217273341479.0,243477563033.0,106948691198.0,119999831729.0,265995213628.0,288535623931.0,244556471214.0,245821066878.0,505697824898.0,587614286464.0,15472664653.0,11407797095.0,9865130550.0,6758221343.0
383220,F&F,CFS,619720470064.0,601204892800.0,464054921633.0,575925566738.0,543225815776.0,627006736608.0,1088439704725.0,943172288792.0,405479877881.0,371435773686.0,110083654525.0,94961272780.0,87381859164.0,68867123314.0
383800,LX홀딩스,CFS,262449000000.0,209654000000.0,14953000000.0,12449000000.0,30158000000.0,23948000000.0,1665590000000.0,1611093000000.0,10878000000.0,0.0,21569000000.0,54422000000.0,22274000000.0,53539000000.0
38380K,LX홀딩스1우,,,,,,,,,,,,,,,
402340,SK스퀘어,,,,,,,,,,,,,,,
403550,쏘카,CFS,141075377805.0,170683810514.0,230187812430.0,197842884707.0,399672261554.0,338134836141.0,233923791257.0,247578318491.0,103863066742.0,91060570685.0,1597957829.0,1394570949.0,-5275579696.0,-4705528273.0
439260,대한조선,,,,,,,,,,,,,,,
443060,HD현대마린솔루션,,,,,,,,,,,,,,,
446070,유니드비티플러스,CFS,135476827372.0,136713797294.0,16344369470.0,18091294473.0,19232532972.0,21499363558.0,191732269831.0,192131911236.0,42243656609.0,,-1292511582.0,,-388228159.0,
450080,에코프로머티,CFS,301517778335.0,265125163060.0,365573776913.0,249084998903.0,415431488090.0,320612563898.0,322046537456.0,314300581291.0,289141062708.0,150380465340.0,7125104312.0,24433740197.0,3665988886.0,16774560625.0
452260,한화갤러리아,CFS,312759109350.0,,525586383535.0,,989008073548.0,,868735568677.0,,127061951294.0,,3951371458.0,,-1656724800.0,
45226K,한화갤러리아우,,,,,,,,,,,,,,,
453340,현대그린푸드,CFS,352642201000.0,,183175400000.0,,195075264000.0,,634024788000.0,,520477369000.0,,27937901000.0,,20760778000.0,
454910,두산로보틱스,,,,,,,,,,,,,,,
456040,OCI,CFS,1028715781000.0,,931103925000.0,,1035115127000.0,,952421879000.0,,344206307000.0,,15235043000.0,,14986376000.0,
457190,이수스페셜티케미컬,CFS,88727096868.0,,99906843048.0,,110460306745.0,,103258976678.0,,29519193985.0,,3804351607.0,,2275621947.0,
460850,동국씨엠,CFS,822556268121.0,,777507266453.0,,841424264902.0,,961857631515.0,,187574193265.0,,5628527235.0,,3083100652.0,
460860,동국제강,CFS,1492669794712.0,,1646953943142.0,,1980748702049.0,,1630387041262.0,,430478607727.0,,51494596139.0,,38978766216.0,
462520,조선내화,,,,,,,,,,,,,,,
462870,시프트업,,,,,,,,,,,,,,,
465770,STX그린로지스,,,,,,,,,,,,,,,
475150,SK이터닉스,,,,,,,,,,,,,,,
475560,더본코리아,,,,,,,,,,,,,,,
480370,씨케이솔루션,,,,,,,,,,,,,,,
483650,달바글로벌,,,,,,,,,,,,,,,
484870,엠앤씨솔루션,,,,,,,,,,,,,,,
487570,HS효성,,,,,,,,,,,,,,,
489790,한화비전,,,,,,,,,,,,,,,
499790,GS피앤엘,,,,,,,,,,,,,,,
0001A0,덕양에너젠,,,,,,,,,,,,,,,
000250,삼천당제약,CFS,171516196397.0,157749140159.0,91994976902.0,38159520916.0,135653858828.0,127151386518.0,267893566124.0,245641663641.0,47579406794.0,47182238079.0,3243503766.0,3008186631.0,-1954073846.0,1522588782.0
000440,중앙에너비스,CFS,13640773349.0,12084595556.0,2110543021.0,2414646335.0,4405817745.0,4601893188.0,56864813349.0,58819859634.0,13675348942.0,18830447436.0,-823559178.0,-387271399.0,-645195533.0,-601263710.0
0004V0,엔비알모션,,,,,,,,,,,,,,,
0004Y0,디비금융제14호스팩,,,,,,,,,,,,,,,
0007C0,아크릴,,,,,,,,,,,,,,,
0007J0,인벤테라,,,,,,,,,,,,,,,
0008Z0,에스엔시스,,,,,,,,,,,,,,,
0009K0,에임드바이오,,,,,,,,,,,,,,,
001000,신라섬유,CFS,1120500839.0,1132483969.0,16931756791.0,16457962901.0,16955652661.0,16543805287.0,14840309451.0,15392324935.0,916694617.0,950871974.0,-499183126.0,-500410528.0,-689671904.0,-628706695.0
0010F0,보원케미칼,,,,,,,,,,,,,,,
0010V0,제이피아이헬스케어,,,,,,,,,,,,,,,
0011A0,액스비스,,,,,,,,,,,,,,,
0011T0,채비,,,,,,,,,,,,,,,
0013V0,삼진식품,,,,,,,,,,,,,,,
001540,안국약품,CFS,122776191488.0,122009639221.0,63593674527.0,61498455055.0,71655420617.0,69241179340.0,154941966251.0,154671254308.0,58919704125.0,48114370701.0,681211105.0,1408375279.0,694096948.0,1207071461.0
0015G0,그린광학,,,,,,,,,,,,,,,
0015N0,아로마티카,,,,,,,,,,,,,,,
0015S0,페스카로,,,,,,,,,,,,,,,
0017J0,세미티에스,,,,,,,,,,,,,,,
001810,무림SP,CFS,86540470837.0,98472152155.0,60297430169.0,57027947245.0,101818327243.0,104810921697.0,202188015654.0,207982206332.0,41081205887.0,39665486514.0,-1643549236.0,1376133921.0,68558563.0,2410258214.0
001840,이화공영,CFS,53542314198.0,57869671377.0,34666442855.0,35589257247.0,47133823209.0,47812889946.0,42857518723.0,46957293841.0,30342904422.0,51706517602.0,-4433995511.0,-3513888779.0,-4515977549.0,-2665603985.0
002230,피에스텍,CFS,102775261287.0,91863467957.0,10912854947.0,10625531873.0,22916312786.0,22702551165.0,132540470576.0,132553044331.0,16386316091.0,17285324638.0,563951601.0,579253897.0,3133204414.0,-1565776013.0
002290,삼일기업공사,CFS,69061559160.0,65384976129.0,12430347261.0,9689626749.0,13677303760.0,10963539066.0,64039725247.0,62959102853.0,25765160321.0,15133772311.0,1599484975.0,122450853.0,1663450336.0,230239098.0
002680,한탑,CFS,40060368227.0,53491518600.0,75947729939.0,86171455089.0,83911210977.0,92772273462.0,47009038777.0,50200344086.0,25982785858.0,25741758073.0,872557768.0,472665236.0,-329173577.0,-2902858933.0
002800,신신제약,CFS,49434210879.0,45047531977.0,48934679145.0,42327457914.0,63345520043.0,61681895462.0,62480183622.0,59531185616.0,28037549594.0,25901147690.0,2767358468.0,2699355352.0,3092758882.0,2427060226.0
003100,선광,CFS,79250442595.0,78632924317.0,57814563149.0,61235799484.0,269776942920.0,293046534025.0,355620297146.0,341585626027.0,47072094322.0,41699780510.0,9457022155.0,5311729562.0,9964843426.0,4466331057.0
003310,대주산업,CFS,26841168519.0,27885071586.0,19190397401.0,20704161314.0,34373061306.0,36195470944.0,70212118244.0,68906695693.0,25198239920.0,21994786842.0,1476153016.0,631600765.0,1222486809.0,366392111.0
003380,하림지주,CFS,4700354823278.0,4756365991493.0,5466304441930.0,5220519370734.0,8267310269043.0,8209604806659.0,5345898156679.0,5059383492142.0,3256020328424.0,3567314889505.0,212640046577.0,313140038950.0,119628832696.0,201789145394.0
0037T0,KB제32호스팩,,,,,,,,,,,,,,,
003800,에이스침대,CFS,152479968331.0,159792789945.0,64792789444.0,66206527143.0,69809435211.0,70829330788.0,627480477053.0,614669914672.0,73057531991.0,88161169835.0,16371469775.0,22320590826.0,14066614897.0,18724855373.0
0039P0,매드업,,,,,,,,,,,,,,,
0041B0,교보18호스팩,,,,,,,,,,,,,,,
0041J0,엘에스스팩1호,,,,,,,,,,,,,,,
0041L0,하나35호스팩,,,,,,,,,,,,,,,
0044K0,삼성스팩10호,,,,,,,,,,,,,,,
004590,한국가구,CFS,64101020543.0,60687656213.0,22307871860.0,21072581535.0,42955877542.0,43390093385.0,171963933156.0,168677071453.0,23940122106.0,24168711566.0,3077078433.0,3823941776.0,2526088518.0,2815572571.0
004650,창해에탄올,CFS,60988500091.0,62115282127.0,56287852218.0,56747609022.0,58733640799.0,59807358676.0,123757292865.0,135277620634.0,28586040354.0,27367879822.0,4808076320.0,2802165347.0,-8551517964.0,-168670083.0
004780,대륙제관,CFS,119491549722.0,114592944282.0,41089329463.0,38877618148.0,56780874257.0,54747327446.0,134561920158.0,130499469012.0,72690675764.0,77901803408.0,3994047904.0,3065692309.0,3271883625.0,3369172765.0
005160,동국산업,CFS,422730880067.0,409370153002.0,329869298424.0,282582237198.0,373472720718.0,320290409526.0,528718102778.0,554486910870.0,185507112694.0,285329644837.0,-15197242949.0,18825997618.0,-14164014529.0,13192314533.0
005290,동진쎄미켐,CFS,857595723364.0,826408327642.0,513357981788.0,531371591554.0,759334680756.0,673516166268.0,765138225743.0,700787363830.0,331316792617.0,358724700407.0,45564772487.0,48656792732.0,25602778100.0,37894853718.0
0054V0,엔에이치스팩32호,,,,,,,,,,,,,,,
005670,푸드웰,CFS,80815060954.0,76281457212.0,72964307515.0,75410390504.0,106418717438.0,104883563078.0,106726965375.0,104915845153.0,52656881285.0,42497741339.0,2275724845.0,1998399241.0,1626597776.0,1434902412.0
005710,대원산업,CFS,427721594631.0,396902640643.0,140850949402.0,126737297050.0,156497621400.0,141652096008.0,433314973477.0,417662361807.0,209102433635.0,179137116023.0,15989967910.0,11141016111.0,10636950694.0,35065006829.0
005860,한일사료,CFS,194889106423.0,119747977746.0,104991860246.0,125705087946.0,112555935847.0,133320215729.0,157368489398.0,54568353633.0,95511894420.0,104325573521.0,1615130717.0,101370820.0,118634851888.0,-3341499285.0
005990,매일홀딩스,CFS,665612513121.0,671943771639.0,321710866471.0,361434346941.0,556149306790.0,602158790641.0,694351315301.0,669368393188.0,535076754127.0,486536871082.0,25763532164.0,20346801707.0,18688018103.0,-353652604.0
006050,국영지앤엠,CFS,34544628181.0,31430425719.0,18317647861.0,16305638428.0,19948017096.0,18143584893.0,48625572211.0,48009753630.0,20624728593.0,15893489735.0,870589404.0,1039322232.0,990873700.0,790202611.0
006140,피제이전자,CFS,85484353330.0,84454037658.0,64166826976.0,43841295539.0,66775844603.0,64996777037.0,121384641280.0,120644754732.0,41931399880.0,36124586820.0,1699157893.0,1104757181.0,1283515187.0,1142915638.0
006620,동구바이오제약,CFS,89056382753.0,87417110607.0,67666393951.0,66043564163.0,72884179679.0,69953261400.0,104834200368.0,102105760513.0,52321863462.0,48988289543.0,4436343574.0,4355340954.0,3580447949.0,1146874269.0
006730,서부T&D,CFS,133842536943.0,143107268780.0,793778951107.0,789174011639.0,1249711338118.0,1248905018191.0,799685546535.0,816808330127.0,41334374636.0,33779177533.0,4445030754.0,835623880.0,-7470798468.0,-6257175078.0
0068Y0,비엔케이제3호스팩,,,,,,,,,,,,,,,
006910,보성파워텍,CFS,47037277134.0,43038670089.0,8394634578.0,4236383974.0,8834647361.0,4681213357.0,83008577269.0,80778223091.0,16648655968.0,15613960902.0,723130276.0,-1144318292.0,1074482326.0,-520081164.0
006920,모헨즈,CFS,40719032234.0,32507986227.0,16367832097.0,14183886358.0,25312323267.0,23319232258.0,38788124658.0,32852077807.0,32183912910.0,25135574270.0,5646878223.0,2673241288.0,4198222263.0,2356679426.0
0071M0,삼성스팩11호,,,,,,,,,,,,,,,
0072Z0,KB제33호스팩,,,,,,,,,,,,,,,
007330,푸른저축은행,,,,,,,,,,,,,,,
007370,진양제약,CFS,53491228846.0,46328553345.0,32931923838.0,30937794255.0,38793046720.0,36868551968.0,82618138255.0,77575139224.0,23047780359.0,18474709251.0,3334792569.0,2332677780.0,4997237071.0,3130207186.0
007390,네이처셀,CFS,38893647168.0,67162791210.0,3120896347.0,35752449169.0,4207738585.0,36862832477.0,68046889450.0,57158171842.0,5663028265.0,4711546979.0,-1020458305.0,-2494326737.0,-1669932735.0,-5405377640.0
007530,와이엠,CFS,59632777723.0,60056808309.0,75767197210.0,78503618327.0,98437038175.0,100620123216.0,42832387905.0,42527828967.0,41096494834.0,35660822371.0,567214345.0,859864645.0,-823824959.0,-360068165.0
007680,대원,CFS,490916298040.0,479237341954.0,154558217218.0,129151474161.0,205570200556.0,176293293436.0,348087304333.0,363093197617.0,126265319942.0,92217592381.0,-12939159734.0,4423190749.0,-15957366782.0,2132793508.0
007720,소노스퀘어,CFS,127278312039.0,128477641312.0,49051230729.0,50425063528.0,52795458726.0,54170812357.0,114288648088.0,114789505558.0,40354844526.0,43704553413.0,-838948793.0,-3992157052.0,-299550815.0,-4156776471.0
007770,한일화학,CFS,60674386862.0,64700295621.0,37291158765.0,34115743787.0,41305178329.0,38215891281.0,114515730040.0,118946028518.0,31999311785.0,44162801426.0,-2214731441.0,4296830214.0,-3094497554.0,3376450973.0
007820,엠엑스로보틱스,CFS,97572685072.0,90240583632.0,53025324687.0,38660545329.0,54542644486.0,39700548747.0,62788704843.0,70238417153.0,33384858675.0,23526159805.0,-3306775764.0,768325982.0,-3643022119.0,1784093185.0
008290,원풍물산,CFS,17348387025.0,17059553384.0,16958956518.0,16226808179.0,19691657330.0,19028790174.0,13270840629.0,14059506373.0,7266872476.0,8406133527.0,-141834805.0,122022305.0,-370568421.0,-186307336.0
0082N0,카나프테라퓨틱스,,,,,,,,,,,,,,,
008370,원풍,CFS,62600439196.0,54433650296.0,8353422865.0,4566532246.0,11401762683.0,7636922159.0,87691856589.0,85732789017.0,20396301211.0,25745944659.0,1961823197.0,2582267139.0,1615629901.0,2986724587.0
008470,부스타,CFS,62763086263.0,59115485095.0,18791915112.0,16485525162.0,20100306202.0,17520833026.0,77473158266.0,78713254542.0,25508380590.0,20124042201.0,202464045.0,-1869030263.0,137387083.0,-1275351752.0
008830,대동기어,CFS,110031460764.0,114960771517.0,136596158418.0,145742164376.0,167052756286.0,171570935670.0,85705442756.0,74301277978.0,84017400520.0,56958402516.0,3652304069.0,1691464792.0,1820245140.0,1014977188.0
0088D0,메리츠제1호스팩,,,,,,,,,,,,,,,
0088M0,메쥬,,,,,,,,,,,,,,,
0091W0,신영스팩11호,,,,,,,,,,,,,,,
009300,삼아제약,CFS,123405924872.0,116856233344.0,19139616394.0,21558146460.0,23957835488.0,22580009449.0,192425820217.0,180617934694.0,24991073642.0,16825845848.0,6792885841.0,2693524000.0,5540680459.0,684614101.0
0093G0,미래에셋비전스팩8호,,,,,,,,,,,,,,,
009520,포스코엠텍,CFS,128310872131.0,125563384822.0,48599080937.0,44148112945.0,48949639871.0,45114339289.0,115406769089.0,114609497975.0,85387256862.0,92578758964.0,1208517761.0,4515580316.0,1362653993.0,3876155784.0
009620,삼보산업,CFS,199679716885.0,179585361688.0,260333424730.0,233105650285.0,312550253904.0,288906499064.0,45849573068.0,49536172967.0,114699583175.0,121483767271.0,502021088.0,8009454691.0,-3808406648.0,3037403802.0
0096B0,삼성스팩12호,,,,,,,,,,,,,,,
0096D0,미래에셋비전스팩9호,,,,,,,,,,,,,,,
009730,이렘,CFS,34138100141.0,39121775037.0,7403419504.0,16339781531.0,7784934670.0,17593273649.0,38645153439.0,27924017766.0,19163504497.0,17672337002.0,388617948.0,815712034.0,1532718050.0,477570646.0
009780,엠에스씨,CFS,118286689038.0,124305405733.0,60386683090.0,71550981907.0,68272885935.0,79058591288.0,142750901456.0,133147167587.0,47422388554.0,49046444244.0,7096124526.0,7102308885.0,5844441823.0,4914271358.0
0097F0,미래에셋비전스팩10호,,,,,,,,,,,,,,,
0098T0,교보19호스팩,,,,,,,,,,,,,,,
0099W0,미래에셋비전스팩11호,,,,,,,,,,,,,,,
0099X0,IBKS제25호스팩,,,,,,,,,,,,,,,
010170,대한광통신,CFS,149558617833.0,149413068050.0,126688358866.0,120153520176.0,147863462430.0,146550449341.0,105279367753.0,105528082860.0,39961980332.0,47395063665.0,-3199061753.0,359056302.0,-4384564809.0,-728905314.0
0101C0,하나36호스팩,,,,,,,,,,,,,,,
010240,흥국,CFS,74588822888.0,70409528453.0,18768429379.0,14865269001.0,27936930952.0,25569569735.0,95443851514.0,92061674770.0,41457319456.0,30983779952.0,5458903661.0,2710750332.0,4635449448.0,2621747066.0
010280,아이티센엔텍,CFS,151332784422.0,190200762046.0,145887090862.0,181357765059.0,151173252801.0,202046585173.0,62199220045.0,61373892299.0,80132889498.0,53796190609.0,-1690819273.0,-3733178341.0,-2395923391.0,-3064431280.0
010470,오리콤,CFS,135992888782.0,137707582818.0,90483530611.0,91539036475.0,108557470963.0,107886928424.0,107216055356.0,106561490569.0,57549839987.0,49250695185.0,4117234672.0,6790978842.0,3582830523.0,5227891000.0
0105P0,유진스팩12호,,,,,,,,,,,,,,,
011040,경동제약,CFS,94795371444.0,102981141677.0,43188652651.0,50126818428.0,45426048280.0,52953144963.0,246464265157.0,257524763391.0,41328143293.0,40294203279.0,-3585369291.0,-410835911.0,-1271894564.0,-1224518549.0
011080,형지I&C,CFS,33086591387.0,38084424368.0,21981815606.0,25792591885.0,27060284194.0,29926649877.0,26968277302.0,28287309512.0,18928744842.0,20623574317.0,1046834299.0,651622932.0,-733202050.0,2476050832.0
011320,유니크,CFS,115102837125.0,109332131207.0,113495341117.0,113738057546.0,131138561961.0,131257247637.0,118849057745.0,112592395098.0,80431377026.0,64960973870.0,2978643507.0,587262347.0,3641721953.0,-31253348.0
011370,서한,CFS,930241095603.0,890596494339.0,555055893797.0,453084988302.0,751148927566.0,651481803806.0,397522560664.0,396325962471.0,156694247700.0,196374078073.0,6084750237.0,19008194586.0,2342269458.0,15169215650.0
011560,세보엠이씨,CFS,339903740478.0,373260255567.0,211540262579.0,247916566289.0,222490302590.0,258524337267.0,192510318456.0,183368642625.0,201623124503.0,248329568178.0,7216789245.0,9353963181.0,5410339691.0,6464982092.0
0115H0,삼성스팩13호,,,,,,,,,,,,,,,
0117P0,피스피스스튜디오,,,,,,,,,,,,,,,
012210,삼미금속,,,,,,,,,,,,,,,
012340,뉴인텍,CFS,39190749543.0,38300311078.0,56744251403.0,53825278808.0,66088648587.0,63044183617.0,15745506944.0,18386564198.0,22567074903.0,19673301597.0,-1525448050.0,-1342803865.0,-1717598712.0,-1082762412.0
012620,원일특강,CFS,183058691686.0,170103489152.0,131474248601.0,122906038019.0,132271789330.0,125105381924.0,153572933779.0,148250719808.0,100092137789.0,98921522563.0,4317670235.0,5326393871.0,3407774630.0,3356917852.0
012700,리드코프,CFS,60184418977.0,41364799694.0,75192845241.0,88547294302.0,650139490912.0,782639271893.0,413823636103.0,426451820382.0,108869453359.0,179739544049.0,-4858457571.0,17053465912.0,-1835671673.0,17632869848.0
012790,신일제약,CFS,64217475940.0,67279974209.0,15414600007.0,15958951576.0,19198298192.0,19554353404.0,127586180518.0,123277306881.0,18048095106.0,20799777237.0,1295282358.0,4134253306.0,1696005088.0,3526924691.0
012860,모베이스전자,CFS,428513929607.0,380922698161.0,464465176992.0,409634074959.0,550935957434.0,499601207739.0,204659423110.0,201774394924.0,237150834585.0,218489898643.0,2991241953.0,4980897024.0,2599079465.0,8028019457.0
0129K0,신한제18호스팩,,,,,,,,,,,,,,,
013030,하이록코리아,CFS,323301440881.0,314733920709.0,26511901716.0,27997311373.0,37924609429.0,31796472661.0,393127169382.0,380125957238.0,49622981401.0,51159730236.0,15372285168.0,10383775994.0,13702864997.0,10205200039.0
0130D0,신한제17호스팩,,,,,,,,,,,,,,,
0130H0,엔에이치스팩33호,,,,,,,,,,,,,,,
013120,동원개발,CFS,1390112575957.0,1400189518418.0,356086354506.0,390250286438.0,373297999241.0,408211644878.0,1056396783268.0,1025784182179.0,213776236583.0,128084590437.0,28085697212.0,10556357547.0,25892259076.0,7922330482.0
0131D0,키움히어로제2호스팩,,,,,,,,,,,,,,,
0132G0,교보20호스팩,,,,,,,,,,,,,,,
013310,아진산업,CFS,360968672626.0,239223281935.0,245334545342.0,214847349639.0,526207370241.0,439390616699.0,270889325388.0,245012858313.0,199000124774.0,144741104297.0,14437356105.0,16221553534.0,-3353809044.0,13487749365.0
0134X0,대신밸런스제20호스팩,,,,,,,,,,,,,,,
013720,청보,CFS,42542700767.0,52817397602.0,31105802443.0,30669371980.0,35405533690.0,31734808266.0,40512795360.0,42633521924.0,7440412643.0,9502745221.0,55783187.0,-319736466.0,-7008917359.0,-4700180806.0
013810,스페코,CFS,63108411234.0,55764887634.0,25670109525.0,22331882998.0,41141795700.0,35044853122.0,51059977470.0,50735385573.0,5107048820.0,3347066857.0,-594201912.0,-1778428419.0,228328905.0,-1004861477.0
013990,아가방컴퍼니,CFS,115871659586.0,107850901496.0,35725729677.0,35757715642.0,45997857488.0,45935137780.0,168546455333.0,162428443517.0,45000507091.0,43267293659.0,6036275549.0,5624636375.0,4760270593.0,4680779863.0
014100,메디앙스,CFS,29474405317.0,30844169300.0,23577703814.0,24969232643.0,34192163419.0,35421725965.0,78181501207.0,80964907544.0,20735403078.0,19131883713.0,466321501.0,-118857408.0,-298909077.0,-5070884470.0
014190,원익큐브,CFS,112351460452.0,105058518034.0,38750979774.0,35750522802.0,40574615968.0,37308953487.0,102917595472.0,99487139959.0,66010901941.0,69097473229.0,1988616107.0,3360277671.0,1889586094.0,2621298578.0
014470,부방,CFS,80487037541.0,118361795052.0,127054506059.0,164684665327.0,145844439207.0,183838660440.0,186774574619.0,184675691639.0,78420099142.0,83781004380.0,-1221402423.0,268106631.0,458645897.0,-1134549452.0
014570,고려제약,CFS,80842912978.0,72616549926.0,21226107549.0,7411697287.0,24056747716.0,9803724937.0,81333049352.0,84712633263.0,21585392052.0,19721578367.0,4888592563.0,2664317220.0,-5185611894.0,2021503230.0
014620,성광벤드,CFS,285914363760.0,273411518468.0,37150095593.0,43060009503.0,48809899753.0,55371337984.0,493240155393.0,471742715459.0,65195869986.0,67132324358.0,13519558619.0,8717824175.0,11423424309.0,9804804915.0
014940,오리엔탈정공,CFS,51525580483.0,45626672007.0,47772647188.0,45323002678.0,104327780047.0,102050744297.0,89177297985.0,84800393850.0,43012296791.0,36067544397.0,4854852814.0,4870866111.0,4482856973.0,6085209666.0
014950,삼익제약,,,,,,,,,,,,,,,
014970,삼륭물산,CFS,43986738806.0,47738429673.0,39553037413.0,44120096867.0,47933593829.0,52856987862.0,58614785933.0,59614103602.0,21431467388.0,23557862874.0,-34671818.0,-1521166531.0,-539142115.0,-1125644367.0
015710,코콤,CFS,56071462971.0,61709462426.0,15713854884.0,20593922697.0,22030369826.0,29125942226.0,121149335924.0,120415513933.0,26150017223.0,25059637428.0,593372326.0,-2011675249.0,415262453.0,-1970921760.0
015750,성우하이텍,CFS,1778135723964.0,1602080402854.0,2066979530239.0,1885767111853.0,2462920818811.0,2213559723081.0,1549450845909.0,1450611326732.0,1058933724431.0,934865018531.0,47048118162.0,18514230724.0,18945571512.0,27460126597.0
016100,리더스코스메틱,CFS,31543152069.0,23274729793.0,36191608215.0,33416540950.0,38819832986.0,36189005263.0,46528890300.0,43336121520.0,17698681858.0,22239216509.0,-921619566.0,316010845.0,3292682161.0,-344558434.0
016250,SGC E&C,CFS,813692538928.0,793492097839.0,697810130916.0,708692668861.0,708536802978.0,727213982033.0,232172335718.0,246311665503.0,539235128151.0,364346242327.0,-8675521655.0,10992711753.0,-13508372610.0,11858490034.0
0164H0,한국제16호스팩,,,,,,,,,,,,,,,
0165X0,메리츠제2호스팩,,,,,,,,,,,,,,,
016600,큐캐피탈,,,,,,,,,,,,,,,
016670,디모아,CFS,80744930892.0,69118328872.0,40076488052.0,30415668147.0,42243405706.0,32689197476.0,50855514544.0,52482123672.0,9376289749.0,6722395950.0,1192179767.0,1667730899.0,-786858749.0,-2133184715.0
016790,현대사료,CFS,71701560930.0,91025571802.0,180747900222.0,144723534439.0,252918526006.0,228900391386.0,12238904026.0,42371457438.0,41384279304.0,36765933328.0,-4125948938.0,-308547668.0,-12889263809.0,-1613935946.0
016920,카스,CFS,82170906381.0,89951570442.0,92277453512.0,98569994292.0,103966318782.0,113327635163.0,62043270209.0,61481517136.0,39651841935.0,42656294191.0,415456688.0,-56789039.0,-435488249.0,634588549.0
017000,신원종합개발,CFS,180311384283.0,169956494566.0,105618406495.0,101800058395.0,147773545592.0,133300677121.0,96618445129.0,93836238095.0,100189253156.0,41426668134.0,529689192.0,282128763.0,-1588649430.0,4014305650.0
017250,인터엠,CFS,34894433514.0,37570993462.0,34706457621.0,45154714886.0,40906685449.0,50458913560.0,39101427937.0,31353990108.0,11460730831.0,12809186722.0,8867725284.0,-2048851630.0,9237449309.0,-3300562559.0
017480,삼현철강,CFS,182414625526.0,185157541222.0,29448807156.0,34897295822.0,29448807156.0,34897295822.0,192194563745.0,189392647614.0,67000455364.0,79501961011.0,505264377.0,1848697421.0,984967172.0,1963803839.0
017510,세명전기,CFS,24646303564.0,25564434012.0,1999921762.0,2104643492.0,7870847603.0,8261702636.0,74636169883.0,74723572070.0,2659712100.0,3489050994.0,214541180.0,632355435.0,139126317.0,341566342.0
017650,대림제지,CFS,87557683749.0,80677236858.0,18315238437.0,20809566722.0,47119314298.0,50524376010.0,253243209190.0,246937705258.0,38739785569.0,49496445840.0,4398728183.0,7294096920.0,3577475135.0,6012548622.0
017890,한국알콜,CFS,192421420039.0,180686786262.0,68299179433.0,56678991699.0,123592779783.0,113623990822.0,479468609822.0,467413575103.0,111601233268.0,135100450979.0,6335470137.0,9968062602.0,6118006573.0,12361436639.0
018000,유니슨,CFS,96527294626.0,78787368785.0,126388780086.0,121587435774.0,223343766471.0,194798803953.0,60304225954.0,67207541130.0,28199088514.0,72426509990.0,-6874498882.0,-560719364.0,-8821958863.0,-6921972297.0
018120,진로발효,CFS,56438140098.0,60180385628.0,11671177103.0,16763404410.0,12154526632.0,17261397627.0,75310324863.0,75762580458.0,26169299744.0,25220887902.0,3359448935.0,4081670626.0,2846669185.0,3140432214.0
018290,브이티,CFS,121072667394.0,119240321076.0,92507796296.0,99203209388.0,109304068425.0,117948797560.0,115308438448.0,102748243157.0,74694470696.0,57224892296.0,11716013172.0,5501569567.0,7704215752.0,3724873322.0
018310,삼목에스폼,CFS,262926527062.0,211457251649.0,171441154608.0,157679051848.0,198316021468.0,182452356568.0,500857087475.0,448715617660.0,104277482042.0,86280782977.0,29682941292.0,16440186415.0,32650149891.0,17322451521.0
018620,우진비앤지,CFS,33108462968.0,39443891043.0,17610304369.0,17760435402.0,38262409766.0,26956028883.0,74071207878.0,64566447557.0,15092482892.0,12168622561.0,275680509.0,636498390.0,864532176.0,98664682.0
018680,서울제약,CFS,26054421386.0,26011922518.0,11038190735.0,13890764087.0,24323212166.0,27006390954.0,38991439947.0,35421678748.0,13135925241.0,12264115233.0,379312249.0,95419158.0,85751835.0,-37129280.0
018700,졸스,CFS,27803704073.0,32853790412.0,25872458232.0,24561845766.0,32396682535.0,30030710404.0,53332482406.0,58897988647.0,13478179734.0,15332313324.0,-1205581861.0,-1252131555.0,-4481797413.0,-6643701870.0
019010,베뉴지,CFS,126771431526.0,106589916369.0,221112714234.0,186220214116.0,279345373397.0,268629588213.0,360202648428.0,351542286244.0,17437748873.0,17378801298.0,2734256032.0,6202037245.0,8223731154.0,-7155708425.0
019210,와이지-원,CFS,551191687816.0,477189017933.0,580208572076.0,456722508122.0,682875826728.0,601068612285.0,353071229854.0,339798458106.0,135610376119.0,133910090483.0,14687167618.0,17276904807.0,6895321136.0,10132407639.0
019540,일지테크,CFS,208450576499.0,184332791216.0,380925682994.0,281314760272.0,438898875735.0,288169216067.0,111177329900.0,93171915901.0,166710023781.0,51122409108.0,18669703999.0,752566863.0,10602631423.0,-3106846299.0
019550,SBI인베스트먼트,,,,,,,,,,,,,,,
019570,플루토스,CFS,37615246024.0,28775336997.0,17123754360.0,11806666602.0,20252660787.0,15286814533.0,37393194822.0,33337090407.0,,,1555287898.0,-1957654492.0,-1456454894.0,-2126647806.0
019660,글로본,CFS,7388379853.0,7823284968.0,3432573346.0,12077183569.0,4645943726.0,12959685314.0,12602771000.0,14920648209.0,5094646425.0,5072285975.0,-664676411.0,76328292.0,-169201337.0,253837742.0
019770,서연탑메탈,CFS,90622570963.0,85501918241.0,55221851873.0,54421761320.0,55532276138.0,55438115468.0,80449274208.0,77010560545.0,49110864729.0,40278152071.0,1421426793.0,1504543563.0,1781738195.0,690619118.0
019990,에너토크,CFS,23394866945.0,24946431476.0,7047739148.0,6741144959.0,7608451520.0,7340244038.0,42719873454.0,44399758924.0,8050153814.0,7664980541.0,231179585.0,296271638.0,136001880.0,551211065.0
020180,대신정보통신,CFS,92373592234.0,70400166517.0,57174890120.0,55301503334.0,77409896175.0,56496625370.0,30755750764.0,28585215976.0,61093288268.0,35560094804.0,4820044627.0,-2529393054.0,3603233048.0,-1755448263.0
020400,대동금속,CFS,34176269924.0,30929858692.0,41743142198.0,41850960498.0,55125097495.0,54197945746.0,47982182840.0,46843303092.0,37824286152.0,38221054324.0,1851716040.0,735139719.0,1371935422.0,582713673.0
020710,시공테크,CFS,72103445358.0,54719410512.0,40110223540.0,33307356880.0,46160981155.0,38545003142.0,130528377027.0,124107397405.0,37976002560.0,29962924537.0,2413525281.0,-415397849.0,8975727255.0,2733612606.0
021040,대호특수강,CFS,133163545338.0,135427996406.0,136609861895.0,124219029612.0,168004694243.0,165218323021.0,46361900174.0,52744968900.0,83968029412.0,63489875595.0,2058590722.0,1256763511.0,-164552614.0,2323645227.0
021045,대호특수강우,,,,,,,,,,,,,,,
021080,에이티넘인베스트,CFS,19136034370.0,40201444792.0,3178237870.0,15961469898.0,14666345430.0,27611284504.0,155712436571.0,166985095251.0,6500531365.0,30628056915.0,-3085294246.0,14387682664.0,-2842548767.0,11062990864.0
021320,KCC건설,CFS,929880577064.0,786408337496.0,630279213843.0,587328187978.0,868871480004.0,747474269742.0,457143070277.0,450654223297.0,523691573236.0,439190349690.0,5609982056.0,-4977816966.0,4392209251.0,1048172494.0
021650,한국큐빅,CFS,106007937453.0,100182326281.0,75576191519.0,76162993069.0,77443291519.0,78478293069.0,83012289015.0,79860158356.0,63719787680.0,50042754527.0,3164355414.0,854233264.0,2016352510.0,1031658635.0
021880,메이슨캐피탈,CFS,,,,,13511999468.0,11028293652.0,62577105826.0,54062089291.0,,,,,-284940446.0,-705645522.0
022220,티케이지애강,CFS,61659131341.0,65826737296.0,12038951602.0,14125243596.0,13924375945.0,15898895009.0,97995910240.0,94479685690.0,21053406215.0,22168282948.0,1816737416.0,1927279602.0,1953289816.0,1640669383.0
023160,태광,CFS,305897585051.0,312707863420.0,43508340876.0,52478259759.0,61595080608.0,69762409007.0,558567461894.0,524232736859.0,82223610179.0,56489031840.0,18067084636.0,11905137173.0,17595369429.0,12414269163.0
023410,유진기업,CFS,589207649985.0,485500705339.0,903967324914.0,698285824430.0,1117599734516.0,1092825611169.0,1062271723296.0,937596247581.0,404113167510.0,368442077709.0,33828954571.0,28462106369.0,28039569091.0,-27231769541.0
023440,제이스코홀딩스,CFS,50080810678.0,35922045973.0,62692374405.0,62428988959.0,74425921214.0,73428637872.0,77612356194.0,63171564035.0,18671277969.0,18348785522.0,-1173509692.0,770718211.0,-1306699483.0,-4074859741.0
023600,삼보판지,CFS,235818567437.0,214202277679.0,77267130863.0,66355314281.0,152852858919.0,153502888976.0,583014889263.0,555903491225.0,139932619786.0,148992283336.0,17429738921.0,19578983357.0,16004727639.0,18582950830.0
023760,한국캐피탈,,,,,,,,,,,,,,,
023770,플레이위드,CFS,22276430050.0,18860581170.0,11092817249.0,3543465180.0,14551067689.0,6793115460.0,22739215388.0,27139768822.0,4647731138.0,3582144373.0,-2354480044.0,-5007787884.0,-2374549242.0,244958496.0
023790,동일스틸럭스,CFS,18594671108.0,20514216954.0,44141081582.0,40207087102.0,62083842459.0,59333757206.0,21410475468.0,36691624114.0,4765386504.0,7285617056.0,-288733127.0,403785560.0,-11595535537.0,5630949197.0
023900,풍국주정,CFS,47903078846.0,48731156851.0,18041543930.0,21890588259.0,19154054004.0,24524641846.0,169428031293.0,166230790446.0,38659288996.0,36493863251.0,2017573745.0,727531810.0,2483228292.0,913744827.0
023910,대한약품,CFS,154539214758.0,155885923714.0,36193134938.0,42685523171.0,41757196340.0,51581827211.0,236251102950.0,225398085203.0,49665653452.0,46449506005.0,9119711156.0,8354007645.0,7365729769.0,6934296879.0
024060,흥구석유,CFS,5834599670.0,8668126676.0,3956229307.0,4679282771.0,13060470711.0,13848316797.0,77986890279.0,80086299356.0,32318303925.0,40526308124.0,-546786032.0,-269446985.0,-347563198.0,81833320.0
024120,KB오토시스,CFS,106066087040.0,94454673255.0,92066428715.0,71403678838.0,127344773312.0,103900507749.0,97887128427.0,100515560505.0,54550805767.0,44743522295.0,-3239070764.0,513535731.0,-4210268752.0,728477842.0
024740,한일단조,CFS,125257606107.0,119261419675.0,125357782355.0,127500533461.0,138956280319.0,142746444104.0,122848375006.0,115459177366.0,47001127451.0,43778998511.0,5169737428.0,1856514020.0,3112114082.0,1209137635.0
024800,유성티엔에스,CFS,52199975586.0,59378413076.0,116358085018.0,149264526322.0,149802381053.0,172307637327.0,439634348684.0,381058459865.0,65707516854.0,80801046515.0,1851562452.0,2098884044.0,24634462453.0,16860822028.0
024830,세원물산,CFS,207302509627.0,121686594086.0,39003937278.0,44946526270.0,76877721504.0,67255492440.0,311075404613.0,243314792516.0,40686583781.0,38157721177.0,1419755050.0,2453838039.0,3059144210.0,3351414709.0
024840,KBI메탈,CFS,142001755468.0,171288593550.0,80580348825.0,111861932755.0,92374053663.0,123620933893.0,124458670975.0,105806299552.0,169918955366.0,187534386786.0,165653077.0,899263465.0,1743189912.0,8292449945.0
024850,HLB이노베이션,CFS,62811130192.0,84244151907.0,33820745180.0,4236472093.0,36079895303.0,34869388809.0,58055112437.0,57431959163.0,6857337920.0,7229665836.0,-410680856.0,18110775.0,-339751150.0,3029312292.0
024880,케이피에프,CFS,392821315505.0,387535583788.0,414089088348.0,393525831329.0,448105439810.0,454756690145.0,227858526135.0,211028670895.0,213341713737.0,207180144984.0,15892114298.0,10319545997.0,9145250330.0,6649912022.0
024910,경창산업,CFS,180079226443.0,180073932666.0,229871651892.0,241594892987.0,357924393962.0,370925491050.0,142939599970.0,137115652310.0,161666898832.0,150701895019.0,6523182637.0,3901358088.0,1595257126.0,9995792964.0
024940,PN풍년,CFS,35971156242.0,36368389915.0,6411290778.0,7721103293.0,7020911258.0,8206946373.0,47098058610.0,46249451023.0,13321314646.0,13341340309.0,134439270.0,648672835.0,331727736.0,629045548.0
024950,삼천리자전거,CFS,59849294290.0,56619288434.0,45777275271.0,46077224570.0,50150824933.0,49245854713.0,95622485827.0,93421112243.0,29335310193.0,38602123495.0,1796629677.0,1918934898.0,2213927707.0,53275029.0
025320,시노펙스,CFS,83026943254.0,94460382264.0,75728983679.0,96228580360.0,89819490300.0,109975340078.0,113547739448.0,104889857923.0,51307007834.0,61548395784.0,4282246404.0,5638840392.0,2284895191.0,3145873156.0
025440,DH오토웨어,CFS,91171307853.0,87987858100.0,59846032902.0,55242229281.0,80400411278.0,82875662902.0,61766311782.0,62073869822.0,101219806450.0,91720796630.0,564605345.0,-2609427183.0,-943840997.0,-2998077748.0
025550,한국선재,CFS,145407393583.0,133702016871.0,120991691752.0,118720101020.0,150369398474.0,137582868745.0,119560455230.0,117276832579.0,66477860713.0,64773015082.0,3356188228.0,6287680409.0,2704449223.0,1470823255.0
025770,한국정보통신,CFS,351142204000.0,312308264000.0,171250000000.0,148143804000.0,173253978000.0,152202378000.0,265849429000.0,248230023000.0,175413291000.0,146537438000.0,12691314000.0,9471073000.0,10865265000.0,6639818000.0
025870,신라에스지,CFS,30708877967.0,24016079665.0,21955473013.0,24423362968.0,36461712042.0,30174598674.0,18004607498.0,17680372707.0,24898822578.0,20198963504.0,752565871.0,554699972.0,183121578.0,147965811.0
025880,케이씨피드,CFS,53418067829.0,50256101948.0,37127818497.0,33907986099.0,40799258295.0,36235746966.0,63660608136.0,60992970168.0,23184927345.0,20997687327.0,2198048912.0,636710711.0,2213899054.0,366947463.0
025900,동화기업,CFS,524968340650.0,421219490339.0,673799035135.0,598325035262.0,1217577646404.0,1074761149038.0,755741874314.0,771347084169.0,246235565679.0,278167829634.0,-8078169301.0,25880108721.0,-13736243375.0,18421609345.0
025950,동신건설,CFS,83194101011.0,78426182450.0,15996032595.0,12176027400.0,25814070257.0,23709113847.0,90793638918.0,89577557133.0,23541149084.0,14259442662.0,723992274.0,1750475587.0,1736595052.0,1750346729.0
025980,아난티,CFS,303313140946.0,525676438032.0,591989972272.0,749253093649.0,1016035197095.0,1224152226029.0,621101123921.0,510634607865.0,492874927220.0,56880033155.0,184395546801.0,5145683388.0,171419121874.0,-47049843138.0
026040,제이에스티나,CFS,34213355325.0,36748699940.0,8711075612.0,9298741984.0,11492441437.0,12641518166.0,43183873387.0,46545182142.0,19050037454.0,19665015164.0,152912157.0,1196856975.0,714537294.0,1378337116.0
026150,특수건설,CFS,132454305596.0,110319800814.0,93728245862.0,67211796318.0,106568762456.0,77734881219.0,107256684405.0,106136156112.0,58114044632.0,52420002851.0,738431174.0,-520774090.0,326071021.0,-1128548566.0
026910,광진실업,CFS,32061195881.0,31249457505.0,41409271479.0,35142215508.0,66880192669.0,48819081233.0,27190099681.0,27461847589.0,15832748277.0,16276729687.0,209049046.0,1005475441.0,-156132214.0,1777884845.0
027040,서울전자통신,CFS,34558294064.0,40292158907.0,40391561966.0,42225782293.0,72458431390.0,74893608869.0,41289146625.0,54311469502.0,8748983903.0,14916829039.0,-1292332455.0,-2221084695.0,-3464969636.0,-1108281062.0
027050,코리아나,CFS,39834586921.0,35681731835.0,21248273161.0,14184087021.0,29907500940.0,22780360687.0,83822756064.0,82748405805.0,23862331143.0,22117964137.0,493525633.0,556069376.0,818586805.0,507936988.0
027360,아주IB투자,,,,,,,,,,,,,,,
027580,상보,CFS,74170846276.0,70847977834.0,46413366482.0,41139955661.0,52120173240.0,46593967271.0,64481825715.0,65679141240.0,17269952695.0,17941884416.0,1461435245.0,2262294279.0,1804169715.0,1885593680.0
027710,팜스토리,CFS,696584437772.0,683678462789.0,697002263064.0,693576365731.0,727101292768.0,726567989077.0,253398568526.0,249388172521.0,375288495507.0,346039818337.0,11446966430.0,19681906140.0,8832051759.0,3405060319.0
027830,대성창투,,,,,,,,,,,,,,,
028080,휴맥스홀딩스,CFS,428008933850.0,474166796156.0,445753255526.0,452757564734.0,650304344130.0,697237364444.0,295923719677.0,323635043564.0,158839886788.0,144791245984.0,3889209498.0,4529296555.0,-19963996350.0,19701270006.0
028300,HLB,CFS,235235567724.0,343614513503.0,142185563746.0,200369576030.0,228634675073.0,268287104470.0,688655228691.0,698978330322.0,4332097301.0,57791933158.0,-33517164145.0,-13597996576.0,-34083691756.0,1184902483.0
029480,광무,CFS,90447511222.0,115584266855.0,18275911649.0,54993555930.0,19154170017.0,55875956034.0,124768181171.0,80095780307.0,5824707735.0,4776435641.0,-455956242.0,-329523350.0,17646701908.0,-828697723.0
030350,드래곤플라이,CFS,15928792211.0,31189383127.0,6508204795.0,8530012080.0,7742861187.0,10015464649.0,57570284099.0,56006728461.0,2025347324.0,1630354349.0,-4424322741.0,-2195507154.0,-4447909574.0,-2261280140.0
030520,한글과컴퓨터,CFS,332294596522.0,313627880990.0,147765084899.0,162891358673.0,194436609832.0,213922218166.0,521897008170.0,480965246115.0,78463806561.0,61213013472.0,18300571093.0,13701580484.0,16940709787.0,20320442728.0
030530,원익홀딩스,CFS,329181690642.0,363309799710.0,452335093067.0,462128565778.0,513067157088.0,494371508160.0,1309788765603.0,1321154474643.0,163199912514.0,201208920968.0,5169391591.0,27253882888.0,-9201068040.0,35501096953.0
030960,양지사,CFS,153000948517.0,145323438178.0,13569111825.0,8690617554.0,14129638382.0,9264864861.0,188055212681.0,185477215065.0,28220170142.0,28988782910.0,1662041363.0,-1895437475.0,1885391377.0,1997416969.0
031310,아이즈비전,CFS,128635420920.0,133164631508.0,66235357041.0,79417196847.0,70010211464.0,82054067514.0,177102947730.0,164473192642.0,51940490920.0,56269938866.0,5086819937.0,2958910358.0,4468352693.0,-6395456130.0
031330,에스에이엠티,CFS,592412188976.0,604743440194.0,329389172362.0,333392017085.0,339785456686.0,342503933011.0,354709525995.0,361082088960.0,490069846669.0,670857217096.0,12658185213.0,21735265320.0,6479891428.0,15201401032.0
031510,오스템,CFS,88637052602.0,99309100271.0,51882142476.0,86459158007.0,55933090896.0,91943080346.0,117060418270.0,95313984827.0,40840361580.0,26164612968.0,4770576779.0,859628215.0,16771643848.0,179453730.0
031860,디에이치엑스컴퍼니,CFS,27951691309.0,23686559130.0,13763950693.0,22300463182.0,14783296654.0,23066897644.0,65988723643.0,59860865937.0,2330239858.0,2460539603.0,-2234158255.0,-1781809764.0,-12190318105.0,-5865305814.0
031980,피에스케이홀딩스,CFS,122160503199.0,128409189488.0,20894978111.0,22197474143.0,47305201140.0,46254379594.0,287736601434.0,282176616066.0,25445595570.0,14997508568.0,8542269052.0,3371148934.0,5667638938.0,6825158997.0
032080,아즈텍WB,CFS,75575938330.0,82839033454.0,23555066756.0,31336386282.0,24155237897.0,32043710418.0,112544104148.0,109988449248.0,9378410957.0,10939230343.0,-1295268476.0,261162614.0,2274687605.0,-2837454216.0
032190,다우데이타,CFS,44696287429860.0,41328047328898.0,44399339884327.0,41371262788203.0,48171570548547.0,44437568870718.0,5781428450611.0,5437356810860.0,2408340215231.0,2628756278835.0,212412291795.0,166822303794.0,150585727160.0,126495771283.0
032280,삼일,CFS,13616108513.0,12890284018.0,35239263821.0,33025212704.0,42403002317.0,41462750693.0,62671306111.0,60094257637.0,25713827701.0,24652239948.0,712226057.0,1010412235.0,264944409.0,778195152.0
032300,한국파마,CFS,99128034819.0,98083251141.0,71862418890.0,69535318881.0,73836649025.0,71131716248.0,58853967556.0,59815439793.0,22564672048.0,20186722742.0,2273477810.0,2055120976.0,-501977394.0,935796291.0
032500,케이엠더블유,CFS,141418559401.0,187314625105.0,83236628451.0,93925086925.0,99125117707.0,105571185872.0,205742819047.0,240292628165.0,18695639848.0,39915470301.0,-22265043967.0,-12724926511.0,-24262199539.0,-5360745150.0
032540,TJ미디어,CFS,55287612297.0,59360392273.0,29709794403.0,32734258293.0,45956745434.0,49484040118.0,85227607085.0,85298143128.0,25467162315.0,19801716327.0,1975028584.0,279680135.0,1441805015.0,207054522.0
032580,피델릭스,CFS,54117468521.0,51829635137.0,7591729144.0,7479238838.0,7685646458.0,8700926916.0,49993452351.0,49066283806.0,13165327075.0,18064079367.0,42969348.0,2246739987.0,713963842.0,4082844461.0
032620,GC메디아이,CFS,60745596625.0,75278175606.0,22197839447.0,24550463436.0,35517144935.0,38374297465.0,119550035835.0,123506905057.0,39123955201.0,32984484235.0,229094083.0,2333652546.0,-3131129586.0,668557556.0
032680,소프트센,CFS,67286676242.0,64064072422.0,38069855048.0,26656631539.0,43234039712.0,43204764258.0,83117632784.0,78925112592.0,16857171419.0,15210036068.0,-317442606.0,4435986500.0,-4301808278.0,5711894429.0
032685,소프트센우,,,,,,,,,,,,,,,
032750,삼진,CFS,75758957951.0,70778003918.0,26624742089.0,21060439490.0,27787528505.0,22550291377.0,94280619983.0,92645781178.0,42788835754.0,40079943840.0,862941757.0,1356859534.0,-1633963220.0,3047724319.0
032790,엠젠솔루션,CFS,51106174134.0,50253770225.0,34235467761.0,26413763869.0,38010345235.0,29472551033.0,44778462978.0,46484953391.0,27385012097.0,33417322122.0,-1006577941.0,3097110813.0,-1541852373.0,2745381425.0
032800,판타지오,CFS,32303353573.0,37869370884.0,30032792333.0,34330683861.0,32167781200.0,35755800134.0,39713288741.0,42707827379.0,18431583343.0,12590226730.0,-212018361.0,-1734070442.0,-1162350887.0,-3669527595.0
032820,우리기술,CFS,60741059227.0,65775971470.0,42609298810.0,50477611968.0,79537359053.0,66541800413.0,91810417354.0,95472396278.0,12657323016.0,10457787959.0,330851283.0,-1225772021.0,-445268957.0,-1392239402.0
032850,비트컴퓨터,CFS,32644208845.0,28243756094.0,8611870186.0,7022238899.0,11427297959.0,11157918043.0,64932013567.0,63126429227.0,8314796241.0,9374310308.0,997833077.0,1450002846.0,999164583.0,1490142845.0
032860,더라미,CFS,9362800996.0,11065522023.0,2755252040.0,2841364381.0,3022631809.0,3022536592.0,23680707152.0,25311787470.0,8886738597.0,13989472010.0,-900692406.0,-365128188.0,-467367390.0,-651682713.0
032940,원익,CFS,43351902394.0,38153742346.0,65823032619.0,60670243606.0,119945476440.0,121824089979.0,257319996892.0,255184729500.0,36486673996.0,30139621697.0,3542181114.0,1811770976.0,-514958217.0,7176981193.0
032960,동일기연,CFS,57465078630.0,54019022424.0,3020229911.0,2686188836.0,4276904144.0,4267791095.0,65781763900.0,62159718006.0,6149208173.0,7554702429.0,-25397000.0,205885106.0,1705387592.0,511783980.0
033050,제이엠아이,CFS,48683823917.0,50836114534.0,35541120586.0,38113452423.0,38763170483.0,43236187512.0,43730257413.0,42231409048.0,17633282584.0,16956294695.0,1838249163.0,1795735446.0,460897577.0,823281746.0
033100,제룡전기,CFS,101445846404.0,66481409443.0,31034065345.0,16579144601.0,31521172559.0,17061308094.0,91801196891.0,70829943784.0,45977680501.0,13084199629.0,19726479842.0,1028250197.0,15832377010.0,1298062121.0
033130,디지틀조선,CFS,53268546362.0,53629206921.0,8281946809.0,6730732315.0,10676763378.0,8822046478.0,83169727073.0,82132660037.0,9762922649.0,8412402156.0,1486272201.0,1101182314.0,1627883303.0,1181330879.0
033160,엠케이전자,CFS,304248048517.0,270790225161.0,397455676094.0,355965738911.0,1260702887528.0,1152566694717.0,982033006557.0,1017450472456.0,270689445006.0,276001708576.0,19689409842.0,29891582498.0,-12626181657.0,9358187920.0
033170,시그네틱스,CFS,69173524401.0,91867606977.0,39370590769.0,57924874951.0,43333956957.0,61897064699.0,129188642208.0,131312734118.0,54607487453.0,74791871392.0,-2428122835.0,2289303948.0,-2661994155.0,1679193754.0
033200,모아텍,CFS,54347645131.0,54332576476.0,5380696891.0,5434773495.0,6587741989.0,6575319170.0,70921512747.0,71097156423.0,7483409271.0,7204169491.0,-294302629.0,-803319121.0,-17663044.0,-557944858.0
033230,인성정보,CFS,198951444177.0,199424454846.0,146203709819.0,142317455241.0,162073174836.0,156038691059.0,72820384746.0,76437814436.0,92048086759.0,66095392859.0,1724054980.0,-592973446.0,446925051.0,-1098309478.0
033290,로젠,CFS,274720157101.0,276491928002.0,249809740809.0,235539743950.0,617048962408.0,571242059846.0,508981296770.0,496313200770.0,288316405898.0,292035192873.0,24616062881.0,33727960707.0,15403903819.0,21586910260.0
033310,엠투엔,CFS,38143080597.0,50222612847.0,34089091210.0,39061113825.0,50144670826.0,43668663704.0,143418531529.0,141416657020.0,23092665198.0,6832429372.0,1146309718.0,-612854170.0,-2454661219.0,-3697871540.0
033320,제이씨현시스템,CFS,96326402937.0,104160457918.0,28990305705.0,35804812389.0,41732954878.0,48027187022.0,111934441562.0,112613714431.0,49206776390.0,51886709771.0,207245865.0,-3879231796.0,1497884296.0,-4342361150.0
033340,좋은사람들,CFS,53372326330.0,49466499718.0,16627162428.0,14683041594.0,21482372966.0,20363762023.0,56746657402.0,53567785000.0,23380218843.0,22187773354.0,191345094.0,-2569995031.0,666226314.0,-2741734842.0
033500,동성화인텍,CFS,249126116186.0,225834524902.0,205537148541.0,178546402834.0,227829303503.0,195394788188.0,151289211730.0,148615651842.0,144000058293.0,106559585300.0,8619807965.0,5833286404.0,8009433919.0,1568182787.0
033540,파라텍,CFS,125886432349.0,131523428863.0,76183364570.0,74911864053.0,113559433146.0,112870332530.0,91228668655.0,96764297170.0,52572839573.0,51940277025.0,-4892363686.0,727117276.0,-4639515843.0,-111541779.0
033560,블루콤,CFS,28993805555.0,35953331729.0,10424801924.0,12512460454.0,14138049123.0,14995091152.0,159276647642.0,160357894917.0,5947950546.0,10620175427.0,-2222620459.0,-1337406920.0,-1240806303.0,-1124781900.0
033640,네패스,CFS,225308405757.0,254753833223.0,316371865787.0,350963304429.0,677868581034.0,739611151367.0,392793320872.0,392322207827.0,125340205653.0,156056760882.0,-14283352330.0,5074234735.0,30552225547.0,-6338314703.0
033790,피노,CFS,13056759093.0,13647794930.0,1366748789.0,1593849091.0,1662230855.0,1757551148.0,22868163218.0,23530670661.0,1210909664.0,1891648706.0,-710467266.0,894453012.0,-705303687.0,1017778097.0
033830,티비씨,CFS,73108519078.0,83477289676.0,4627454086.0,6500693336.0,5272973565.0,7146543184.0,123039092161.0,121591758295.0,9788355658.0,9707102052.0,1302587613.0,1124077561.0,1695790901.0,1402495534.0
034810,해성산업,CFS,1070908320198.0,1153374889359.0,830742842730.0,902561389555.0,1130164511976.0,1232637424600.0,1415011267500.0,1390702210838.0,584013829726.0,639415344955.0,32461588856.0,60607722302.0,17594850713.0,41399914552.0
03481K,해성산업1우,,,,,,,,,,,,,,,
034940,조아제약,CFS,45991696070.0,48199873778.0,25756050915.0,27327775766.0,31700795814.0,34231202185.0,50589595422.0,51408206786.0,16544846272.0,17434633720.0,-595412612.0,-803672641.0,-886845020.0,-922012628.0
034950,한국기업평가,CFS,115577745040.0,117965830422.0,33541879523.0,27584690699.0,42415257625.0,34077799505.0,117322755346.0,127232796822.0,38452388021.0,40519272660.0,18706954951.0,19732268448.0,15708579258.0,14812836927.0
035080,그래디언트,CFS,1064787607785.0,1144150480893.0,784780170942.0,763627550198.0,925405635661.0,887158413041.0,857966634198.0,882241958396.0,842191920900.0,858426914820.0,1560769948.0,4123310860.0,8863343035.0,353037557551.0
035200,프럼파스트,CFS,28667593377.0,28374495218.0,2791658388.0,3428867519.0,3496275878.0,3953370182.0,37452665543.0,36830090628.0,7976781038.0,7912009521.0,814522891.0,511806436.0,909623013.0,458325419.0
035290,골드앤에스,CFS,13571794454.0,11689949184.0,2358699846.0,2525925770.0,2800692755.0,4169436272.0,13360832264.0,14551482876.0,2676263928.0,2243739101.0,163544216.0,-405759542.0,295786646.0,-957053237.0
035460,기산텔레콤,CFS,68996848269.0,56999427205.0,40685900727.0,27394104957.0,45110704323.0,34775858599.0,43019457843.0,39672780683.0,18004416454.0,16800694261.0,404812698.0,781974043.0,400606969.0,637876136.0
035600,KG이니시스,CFS,617149845038.0,603965268301.0,616205118689.0,751637882115.0,907439018960.0,847320423017.0,671538540206.0,605659712056.0,320571699643.0,276399544508.0,25930828510.0,27411792007.0,28263175047.0,18747817690.0
035610,솔본,CFS,132235290859.0,117752934302.0,34055986570.0,29604960806.0,43409865945.0,38247330896.0,209005557720.0,182424394974.0,27825655135.0,20411988614.0,8127099102.0,-5934942237.0,14961398487.0,-13897282131.0
035620,바른손이앤에이,CFS,13429313401.0,12412931785.0,26826559219.0,21845521837.0,49618930998.0,42405037706.0,92243748020.0,85669406179.0,,,-1076141544.0,-1607788550.0,-2130785389.0,-2618594214.0
035760,CJ ENM,CFS,2550321663576.0,3108038802501.0,3801381414196.0,4269198302324.0,6233319486732.0,5987918870682.0,4120952422163.0,4344327774901.0,1048878278451.0,1192475948503.0,-30363248922.0,55608561688.0,-123225004707.0,-24981029535.0
035810,이지홀딩스,CFS,1348595165415.0,1441036534217.0,1201753320092.0,1326239248883.0,1533641953695.0,1638407921136.0,1026216475789.0,1017883519185.0,777878449204.0,735105291864.0,41806212750.0,59271857298.0,37885458052.0,31650809496.0
035890,서희건설,CFS,978871366571.0,1027034109514.0,605047324082.0,711603988281.0,734235088210.0,860191630774.0,826977925086.0,755851873052.0,346278373368.0,407038655479.0,39442503478.0,63865708567.0,45059437905.0,27073091054.0
035900,JYP Ent.,CFS,301374777506.0,237105821049.0,119622250842.0,101383995470.0,126152005304.0,106621208896.0,358860644653.0,304501101236.0,151731942197.0,67759735462.0,45689507332.0,24270679199.0,25389986061.0,15191997487.0
036000,예림당,CFS,71505806097.0,62450518532.0,12111567581.0,11244500132.0,23904435529.0,24440107588.0,204616367705.0,187053863232.0,5554233520.0,6917950533.0,-648248446.0,-238967642.0,9984611752.0,-17298979787.0
036010,아비코전자,CFS,81300922235.0,85684376687.0,23986777279.0,25753451254.0,28879225073.0,30461065489.0,114425571150.0,116989538323.0,32452643812.0,45600052018.0,-1301357433.0,5943596228.0,-2453714382.0,4073545192.0
036030,케이티알파,CFS,267066758452.0,286855015521.0,128728548404.0,165095976220.0,139047863992.0,176685884361.0,247888689619.0,231149412783.0,110063576797.0,116167578442.0,6898394137.0,2681363956.0,6593889713.0,230383896.0
036090,위지트,CFS,24981183182.0,29242990976.0,15987118323.0,18110456561.0,18885880805.0,21263210780.0,131654172181.0,138414470165.0,8174369366.0,9084934144.0,505169164.0,923623552.0,-3262771276.0,-1264663993.0
036120,서울평가정보,CFS,18896221317.0,24854086766.0,5377649539.0,4906119875.0,8574359813.0,8420080308.0,30343659967.0,30399872929.0,13257143201.0,14678028962.0,3928041650.0,5297647803.0,3218153326.0,3460849440.0
036170,에이치엠넥스,CFS,31601834557.0,17068468350.0,1084791105.0,1405649377.0,2344054191.0,2653279581.0,115935157129.0,110674992849.0,3689343896.0,3206855503.0,151513204.0,98557797.0,2271818307.0,4331088883.0
036190,금화피에스시,CFS,203263123750.0,211671833990.0,41147107606.0,62615693876.0,82559006348.0,106084311318.0,313529990620.0,301813373837.0,94742935333.0,87592215572.0,11690170809.0,14908440001.0,10242842033.0,11568427866.0
036200,유니셈,CFS,180563712848.0,176038759617.0,34816386294.0,33218406195.0,36835837880.0,35290989030.0,207281342697.0,199436342702.0,56922554447.0,60966752747.0,5342784698.0,7173885276.0,4689797646.0,4337951907.0
036220,오상헬스케어,CFS,244149001645.0,158410261385.0,56420860004.0,49150508027.0,56485068233.0,49291065099.0,302701059243.0,199892506201.0,35661830628.0,47747492845.0,2578362481.0,15813570127.0,4253836066.0,13213819952.0
036480,대성미생물,CFS,30719553305.0,28690269393.0,10303703529.0,10610934147.0,27977349444.0,26271895162.0,39045547724.0,38837410070.0,7017913528.0,7092775781.0,462061057.0,-288893451.0,,
036540,SFA반도체,CFS,255587229685.0,271876331548.0,73972255434.0,89214692681.0,173445356390.0,190956704120.0,494698828165.0,483917637617.0,127678630186.0,186368159928.0,820133731.0,21148740862.0,2526142098.0,17886296933.0
036560,KZ정밀,CFS,86204569833.0,77424118656.0,25365893159.0,30459489373.0,60391498553.0,71656711563.0,326288159898.0,340550766940.0,39800202296.0,21305576475.0,6718665181.0,3615735768.0,6714537944.0,3003620107.0
036620,감성코퍼레이션,CFS,70907716155.0,65913604528.0,24507426388.0,21643896676.0,30017268911.0,33016078507.0,59587814678.0,50896171453.0,40064913441.0,25575644894.0,7726117327.0,3386873485.0,2640891505.0,2387149659.0
036630,세종텔레콤,CFS,318380918806.0,250671992866.0,117668962284.0,78737872081.0,154400399874.0,116241788005.0,355576329980.0,315567161280.0,79591233247.0,87697582301.0,-275002387.0,1668784472.0,22507271381.0,-4793637008.0
036640,HRS,CFS,59349013026.0,55187107907.0,7532395625.0,6511329556.0,11295099390.0,10425858635.0,108749833352.0,106450249192.0,19924459123.0,22434345852.0,3376063635.0,3439382000.0,3042275101.0,2719281348.0
036670,삼양케이씨아이,CFS,74408730131.0,74376524947.0,23607072132.0,24697373232.0,23893018957.0,24943833965.0,99844910543.0,98186202402.0,27452196761.0,28224716846.0,2155718925.0,6532609651.0,2096574397.0,5441585416.0
036690,코맥스,CFS,64826636762.0,61696173804.0,46936332053.0,42059387389.0,51797040512.0,46734979002.0,46182574021.0,48674484788.0,30049619972.0,44956359111.0,-1856025002.0,2367915619.0,-1911465152.0,1779170638.0
036710,심텍홀딩스,CFS,367436419599.0,535492212439.0,499200289023.0,544825331656.0,787808805551.0,783354665925.0,523557724950.0,633029078947.0,269610249504.0,477483581061.0,-41506296173.0,101037057944.0,-52829856356.0,65865625121.0
036800,나이스정보통신,CFS,778591874206.0,835948046191.0,596168322351.0,675989879538.0,604810846567.0,684103815937.0,355563360820.0,347185562984.0,225132009324.0,204666320571.0,10939162438.0,13636552221.0,9621182809.0,11369158434.0
036810,에프에스티,CFS,106831566453.0,102142383708.0,90942197109.0,90073320602.0,164076135671.0,149006341683.0,240142419534.0,245753464315.0,54241349075.0,54468754881.0,1229615079.0,-88432136.0,-4275483685.0,-2011327258.0
036830,솔브레인홀딩스,CFS,425318699115.0,349057791497.0,351767070460.0,301572152117.0,528002817317.0,507496360946.0,1251752627399.0,1181784706228.0,178690049263.0,142675454323.0,33438126401.0,26225009620.0,45865401376.0,33456534238.0
036890,진성티이씨,CFS,280401795555.0,292201738866.0,144606089616.0,170582127567.0,162720045663.0,193183284635.0,224526904725.0,209485385462.0,131527532755.0,120851945602.0,10648336410.0,10002491520.0,7654895523.0,9527120982.0
036930,주성엔지니어링,CFS,,,,,321053693006.0,348454879955.0,469081595351.0,484608319076.0,31665170538.0,118976388273.0,-8735134050.0,34625504231.0,-7350781744.0,28789116686.0
037030,파워넷,CFS,89206486334.0,80833907650.0,56580561786.0,38503805437.0,58722467639.0,51178308480.0,91670855562.0,91050684984.0,51904830343.0,57592755645.0,2712808587.0,175963056.0,3225655422.0,-1645039313.0
037070,파세코,CFS,95942744345.0,86972271342.0,50214532242.0,40062742646.0,52502488756.0,43003290234.0,100937210875.0,106618825788.0,43031081709.0,53551542841.0,694132675.0,3343478291.0,-234698635.0,73506814.0
037230,한국팩키지,CFS,67572387555.0,73721503313.0,100080593389.0,102873092311.0,111277794038.0,118492783203.0,67277578396.0,67057901645.0,55344372414.0,53935617098.0,2467546510.0,462960337.0,958183747.0,-1301646495.0
037330,인지디스플레,CFS,178792590521.0,165317082799.0,252950966338.0,237292711815.0,281323210123.0,272330217332.0,222840627472.0,210195761837.0,175467607635.0,162608495635.0,4678822266.0,6402217863.0,13379460486.0,728879408.0
037350,성도이엔지,CFS,322879762936.0,339710916675.0,206778911510.0,214425002868.0,238946807661.0,245392537392.0,256631607264.0,256208460946.0,167351045724.0,182514228523.0,4668279492.0,3054408153.0,1441222245.0,2581180220.0
037370,EG,CFS,25718031852.0,37669747180.0,19228325979.0,20575088350.0,102300158756.0,103538950746.0,40944528966.0,50605521776.0,15462613183.0,17345416971.0,-2788406788.0,135830292.0,-5106332906.0,786917690.0
037400,우리엔터프라이즈,CFS,476710396838.0,425224982773.0,352964690464.0,313566630270.0,386278379032.0,354894206314.0,306021025799.0,297587073657.0,296420838355.0,401441292260.0,8056343794.0,15175731378.0,7382502060.0,16110027272.0
037440,희림,CFS,144173117153.0,153852354143.0,102407985585.0,112605002660.0,120446140726.0,131057305364.0,68559401337.0,68069600888.0,57653650677.0,59436914219.0,1682860890.0,1311220225.0,752610007.0,1745093739.0
037460,삼지전자,CFS,788812247169.0,770787811141.0,494064898506.0,471571368825.0,514738661574.0,495205154084.0,505217062695.0,498033577306.0,592708269687.0,781723786631.0,16033315916.0,19048256977.0,8150924797.0,12310160852.0
037760,쎄니트,CFS,98309639788.0,93813287868.0,88262608116.0,84203908011.0,103968599159.0,98332943747.0,100025817064.0,99282779834.0,38611317405.0,42771716251.0,2386390809.0,4380898110.0,1723548355.0,3707841021.0
037950,엘컴텍,CFS,33319527611.0,29515460590.0,9909815003.0,5842949423.0,10428615003.0,8859123423.0,68994525696.0,66355254079.0,17381143520.0,9014477416.0,1483335561.0,1163066475.0,1281176294.0,-209563882.0
038010,제일테크노스,CFS,127739218972.0,95755050702.0,102656985978.0,85661753387.0,118201315455.0,100357308972.0,97080645921.0,84526109547.0,68007811861.0,53157158783.0,11305758955.0,6194190502.0,8386998523.0,3604722464.0
038060,루멘스,CFS,126795202376.0,125122467998.0,45400850248.0,42423379807.0,46750092775.0,43923272104.0,97509608985.0,93676767562.0,40598290790.0,35239760457.0,489470587.0,192098990.0,599031659.0,2382046273.0
038070,서린바이오,CFS,93575774050.0,86669372482.0,47914002012.0,46364634208.0,48428163936.0,46700791922.0,88829799276.0,88167973055.0,21100801935.0,35200085809.0,-343011434.0,4242890179.0,111735756.0,6181849677.0
038110,에코플라스틱,CFS,418532435732.0,375747538375.0,553818484236.0,525377621138.0,722844143279.0,654427253668.0,177399027306.0,156503283455.0,515395163303.0,478129724133.0,20643945838.0,12655369395.0,11045884993.0,9800106254.0
038290,마크로젠,CFS,77098415670.0,90568243223.0,56283588456.0,57572487324.0,96508482135.0,99166857974.0,176143321456.0,180958806269.0,30153776819.0,29739560499.0,-1532330893.0,638823035.0,-2808127306.0,-5126271939.0
038390,레드캡투어,CFS,74188687565.0,65235715083.0,247921099576.0,210714037040.0,479964331100.0,429129490715.0,197819625722.0,192726432715.0,87854146390.0,63442569561.0,11561379210.0,10078510730.0,5560930872.0,6309018181.0
038460,바이오스마트,CFS,130901734361.0,129646805575.0,125910820260.0,131180533651.0,137397192509.0,144877945180.0,100160710484.0,92305261647.0,120673487998.0,100854034926.0,4560516100.0,3169765963.0,5097787368.0,939529901.0
038500,삼표시멘트,CFS,323302966898.0,283443135474.0,349358191149.0,290168489932.0,807168616621.0,765292464745.0,692579609956.0,687498907800.0,220329955451.0,175137523781.0,31894485611.0,12942132493.0,17649502034.0,6469877486.0
038530,케이바이오랩스,CFS,21948641528.0,50788054988.0,12521841553.0,15556078143.0,12640553644.0,15674171811.0,53929847880.0,66797886640.0,6554686038.0,7478015800.0,-427563039.0,282736400.0,-7999620310.0,-3077334669.0
038540,상상인,CFS,3933518320240.0,3821477793509.0,2465532499802.0,2569034131224.0,5524175037304.0,5452931988622.0,829228622233.0,849135316466.0,267383423696.0,189775490405.0,-8334210035.0,20253642236.0,-17552481634.0,18473381429.0
038620,위즈코프,CFS,42441803287.0,28495252705.0,12379494547.0,1074874389.0,20715576428.0,9149935024.0,80246128830.0,78364811947.0,11538286422.0,10024249997.0,404682368.0,274983772.0,1187967445.0,-714510671.0
038680,에스넷,CFS,234267834419.0,217995945383.0,192023407768.0,190455335811.0,203329154627.0,196323675732.0,81654441408.0,74652748801.0,101108459591.0,74305913972.0,-179910634.0,-623756457.0,1130283740.0,612485972.0
038870,에코심플렉스,CFS,45835526037.0,42715802952.0,21111280149.0,26335812398.0,21111280149.0,26335812398.0,76248696029.0,69485748206.0,3985629679.0,4471500327.0,324950574.0,551292285.0,-1732597376.0,-1747342778.0
038880,아이에이,CFS,37496861751.0,41109178608.0,40782224423.0,40517352780.0,55069477392.0,53316696245.0,107333684740.0,112319146441.0,15558496103.0,19398854417.0,-876423859.0,349609942.0,-647029417.0,3919757384.0
038950,파인디지털,CFS,82438616849.0,81745997238.0,7673132440.0,8168182395.0,11959267899.0,12636170138.0,95103980647.0,92473813299.0,23009612980.0,23419954899.0,413715745.0,-1482435629.0,755351500.0,-995545669.0
039010,현대에이치티,CFS,52990375019.0,52165197007.0,25603413034.0,25927519080.0,26055832035.0,26421233592.0,90421514762.0,90949416494.0,23875291588.0,26861644067.0,-1665967301.0,791379015.0,-632959801.0,809251363.0
039020,이건홀딩스,CFS,185519674819.0,187107797994.0,212037489589.0,217203983024.0,393286411217.0,396833890121.0,308307629715.0,308349882089.0,111848816476.0,132327666824.0,4155803831.0,9431167109.0,-220926601.0,952609331.0
039030,이오테크닉스,CFS,435043838134.0,423736681537.0,58782633641.0,76183627401.0,59043507413.0,76752866702.0,555908474546.0,539114525299.0,86856560546.0,122205847121.0,10943715847.0,30990932308.0,12571375020.0,25394970863.0
039200,오스코텍,CFS,107436065559.0,107871877882.0,23710366792.0,18574495837.0,26722961885.0,21914692257.0,111773480860.0,121821006022.0,1800280043.0,1545038185.0,-6912716258.0,-6650278401.0,-3977799934.0,-6516525189.0
039240,경남스틸,CFS,122340496342.0,118175847045.0,66548974811.0,64593530317.0,66548974811.0,64598881503.0,105722495300.0,103522894939.0,100800441115.0,107624232629.0,3037699201.0,1548987143.0,2566331948.0,1198046433.0
039290,인포뱅크,CFS,41940347815.0,36275915207.0,23718500791.0,23543729655.0,25461283581.0,24841333606.0,70902913721.0,64294824818.0,35532789410.0,37783948917.0,-702672942.0,67975590.0,-362369932.0,1115335448.0
039310,세중,CFS,99099104860.0,82846449908.0,50711370009.0,35461159238.0,56802027887.0,41017950742.0,92115343232.0,88717783934.0,15290466632.0,11575436346.0,-1032724269.0,357007115.0,364810833.0,411207975.0
039340,한국경제TV,CFS,100524453554.0,95711185622.0,16537600149.0,14430104163.0,28852174006.0,26813424393.0,171570358485.0,168037199995.0,,,3022523624.0,4103097070.0,5147155165.0,5892747158.0
039420,케이엘넷,CFS,27862370015.0,27981279711.0,5669438628.0,8037579823.0,7246230708.0,9690874689.0,52652155453.0,51075025604.0,13668834993.0,12517762744.0,3649819271.0,3044722798.0,2905285370.0,2292536334.0
039440,에스티아이,CFS,211027789071.0,225532008861.0,81040992566.0,108905909521.0,81877559824.0,109597092758.0,226585192561.0,219280083803.0,77366346935.0,118070566921.0,4061797912.0,11375388767.0,3631251224.0,13982639629.0
039560,다산네트웍스,CFS,129439060802.0,147439343471.0,48811679234.0,55522404358.0,69045851937.0,86404912682.0,305215588218.0,382756736094.0,19360133365.0,18914109447.0,527652127.0,-568882316.0,-76200366208.0,-50151003645.0
039610,화성밸브,CFS,77717251266.0,75563062943.0,29507222176.0,32572434470.0,41414386260.0,42982483090.0,85451513015.0,80493641768.0,21352309124.0,24497508945.0,1981084926.0,543337577.0,1729348050.0,142741037.0
039740,한국정보공학,CFS,42516141941.0,47799517966.0,26616213627.0,30943202996.0,31455320806.0,36202797491.0,43710186312.0,45123656189.0,28321943087.0,23845025271.0,-200652987.0,621844938.0,87147885.0,570025129.0
039830,오로라,CFS,158957016325.0,168608234343.0,214200449346.0,205101792587.0,346332638550.0,329479439502.0,140160802546.0,134485224091.0,57777955399.0,58392964445.0,6137571061.0,5606232113.0,1085961328.0,1579300677.0
039840,디오,CFS,185330346035.0,169840755650.0,165488306554.0,150211263680.0,175026528963.0,163066339902.0,204820040985.0,167252015639.0,43799420802.0,34513811050.0,10225913628.0,1055600092.0,2203130686.0,1919040226.0
039860,나노엔텍,CFS,38670467856.0,40571384951.0,4051944319.0,4847877253.0,4869479673.0,5627996929.0,55410097237.0,57648792699.0,5971021619.0,8528680651.0,-1718107471.0,1266507420.0,-1826671710.0,1877141242.0
039980,폴라리스AI,CFS,76773530591.0,80280874264.0,22800962450.0,27331591191.0,26336270646.0,28578027792.0,70837760141.0,69761748683.0,14771712584.0,16694307856.0,758195870.0,-740362160.0,562380544.0,2096487735.0
040160,누리플렉스,CFS,118104925516.0,97556553461.0,74070212023.0,70290120635.0,77122659293.0,74327268172.0,88732755125.0,79471369363.0,24459987025.0,28960972877.0,4303300261.0,3871075978.0,3692165619.0,4949010357.0
040300,YTN,CFS,160691830375.0,173858659244.0,18142376427.0,26645349126.0,98737278718.0,104834571113.0,248594054589.0,255296935573.0,31991192534.0,37818420633.0,-817101574.0,5038092605.0,1220924169.0,6239134557.0
040350,크레오에스지,CFS,42608659418.0,14153053493.0,35343044765.0,24295825149.0,39120839312.0,33379964598.0,33065154678.0,36689202224.0,2408599041.0,1398846944.0,-891170797.0,-1886707567.0,-3392748550.0,-1085097258.0
040420,정상제이엘에스,CFS,15784529231.0,15080019035.0,17495313239.0,18188681549.0,21877700672.0,21897108157.0,78496354135.0,77785795963.0,28486207397.0,27522133792.0,4444584848.0,4672872723.0,3529647059.0,3690200941.0
040610,SG&G,CFS,33767637403.0,34500113584.0,43174588669.0,43957626715.0,63557240769.0,64618804546.0,320345326054.0,313027834719.0,10070948118.0,11121960008.0,818986112.0,576333664.0,5344493992.0,8416887766.0
040910,아이씨디,CFS,125497237834.0,113203176618.0,56163206677.0,43015837672.0,62866955083.0,49254330355.0,151998317413.0,153246033985.0,8397139151.0,46897521459.0,-6190738833.0,2758079821.0,-4600262245.0,7022379109.0
041020,폴라리스오피스,CFS,214115298894.0,26791920943.0,42152338987.0,8003059105.0,54689319632.0,11281684177.0,262956160296.0,64399636160.0,,,415581331.0,578603718.0,-6581822624.0,10062189902.0
041190,우리기술투자,,,,,,,,,,,,,,,
041440,현대에버다임,CFS,241564030109.0,214319000144.0,133520406850.0,112552000576.0,135062006567.0,113418150237.0,185468492881.0,178928677282.0,94090312485.0,88430384183.0,6248858289.0,3073016333.0,4864062381.0,5342550513.0
041460,한국전자인증,CFS,27509172522.0,29092849920.0,17815028548.0,20960174796.0,18707791385.0,21864525190.0,47717882988.0,46854807961.0,9373833057.0,9085935941.0,755047857.0,706515392.0,767896643.0,927719537.0
041510,에스엠,CFS,819984369025.0,841444752217.0,451243523658.0,467445334456.0,566360937658.0,576891434654.0,895506569564.0,886132057820.0,239789079302.0,184440165105.0,35658774433.0,19377861652.0,28287234492.0,25352971576.0
041520,이엘씨,CFS,159427003572.0,164326975740.0,21231469028.0,29437742110.0,25053537355.0,34172639147.0,189810559199.0,198698748579.0,28206871954.0,40176922464.0,-2757879076.0,-2353223149.0,98988754.0,2085536184.0
041590,플래스크,CFS,27019319630.0,46300690132.0,44331632592.0,47077898534.0,47453978681.0,51899573742.0,59646418515.0,70317096686.0,6941114460.0,10552201852.0,-5101994567.0,-2672186096.0,-5681780908.0,-5028734690.0
041830,인바디,CFS,147608576613.0,135489178141.0,20707176421.0,19204628349.0,28329350749.0,26625933670.0,230506659539.0,216039393702.0,40660351599.0,39427951715.0,8714530437.0,9944549049.0,6989358511.0,8625362398.0
041910,폴라리스AI파마,CFS,63751245222.0,67730983423.0,5685901180.0,7036462906.0,6981117905.0,8229890580.0,119309559091.0,116089117025.0,15971123036.0,14036889546.0,1948535925.0,1576166693.0,2671363420.0,-1047294116.0
041920,메디아나,CFS,84681946692.0,75976212226.0,13712477253.0,11591728590.0,15902566428.0,13384006579.0,95742972743.0,90061320106.0,25339654988.0,15035667588.0,4745376792.0,1956551607.0,4190270945.0,3171790068.0
041930,SY동아,CFS,162000436605.0,158882061167.0,123131434079.0,126160218541.0,130871500801.0,134764886171.0,149257038519.0,141977005706.0,89943461611.0,83738354457.0,6890291854.0,780389317.0,3414822736.0,15256116269.0
041960,코미팜,CFS,45866041837.0,42628667794.0,44933061103.0,41047473669.0,51946337504.0,46103957092.0,63042701773.0,65647019444.0,13390537117.0,11571793960.0,-1257032376.0,145646109.0,-1598622014.0,954640017.0
042000,카페24,CFS,106105262305.0,107322559444.0,134386666697.0,127265723511.0,170422709096.0,171728534932.0,162063515885.0,169389675679.0,76373292827.0,70084303596.0,3747630149.0,-2908373996.0,-1351150397.0,-8152684124.0
042040,케이피엠테크,CFS,44315078246.0,35213437397.0,42503235277.0,27034760095.0,48108155870.0,31327509571.0,140711680177.0,97350478720.0,8331738231.0,9749063431.0,-3696694111.0,-1350572417.0,-11111338340.0,-344954714.0
042110,에스씨디,CFS,131852614296.0,129433635486.0,48295621990.0,47530610177.0,48448410386.0,47676226005.0,120115262033.0,119283912299.0,49477553693.0,58235719245.0,1782633833.0,3488268910.0,1628729341.0,2844663402.0
042370,비츠로테크,CFS,295601443027.0,295412087713.0,100864479020.0,135757865616.0,147840691791.0,180415629329.0,359083886043.0,333701538444.0,98870290916.0,85592215006.0,12024925767.0,5874952674.0,13724141886.0,8130008734.0
042420,네오위즈홀딩스,CFS,338896167378.0,357211652157.0,126056297851.0,123949151466.0,151424239394.0,146612343360.0,681738171309.0,657808673768.0,70618160562.0,71202954674.0,-6979079930.0,2518467337.0,12747110719.0,-20685829161.0
042500,링네트,CFS,119183412987.0,139122801326.0,47580061117.0,77401235311.0,47772264885.0,77489174594.0,86558899684.0,83421543248.0,51044912088.0,37201783201.0,1488589433.0,1283259095.0,368267141.0,1275787958.0
042510,라온시큐어,CFS,53264283699.0,56647662528.0,29993901409.0,31451546439.0,37830498963.0,31795926332.0,49935796057.0,45095494365.0,11704189320.0,10681715236.0,694916599.0,1794035979.0,4476544568.0,2300733529.0
042520,한스바이오메드,CFS,52231132538.0,54371071482.0,60142333317.0,74443342362.0,67878564309.0,84231206403.0,59590250278.0,47454999688.0,20482942062.0,17165373630.0,-346812388.0,29024036.0,-10023329171.0,3062596117.0
042600,새로닉스,CFS,66899619681.0,67485811870.0,100165876098.0,92894641628.0,152129116129.0,143874223866.0,208943528678.0,204368696312.0,44566369813.0,52539236154.0,-775319587.0,-516836877.0,9179942580.0,32408265869.0
042940,상지건설,CFS,173062051624.0,175639970585.0,121490648304.0,148844372959.0,136287697376.0,165515405257.0,88670549426.0,57719970844.0,73296243919.0,12575369328.0,20219149908.0,1320493714.0,22530258145.0,1130747077.0
043090,더테크놀로지,CFS,53323352924.0,67314449559.0,25907328803.0,14912407829.0,29044676433.0,17411751626.0,51252994431.0,55484097942.0,4209711604.0,834939781.0,-6667394848.0,-603751133.0,-10005402713.0,-1164024900.0
043100,알파AI,CFS,32023862133.0,30673910987.0,17531513928.0,14284188367.0,26288722380.0,24419615212.0,26327264239.0,29471293937.0,7070815866.0,6070535888.0,-1320347515.0,-1186555229.0,-1545251099.0,-1025945855.0
043150,바텍,CFS,291512544891.0,270358765241.0,106782128930.0,100870052358.0,152177461403.0,147680630914.0,396292796875.0,363433483152.0,101954682977.0,106653032860.0,19787704148.0,23020415367.0,17295724800.0,23322631281.0
043200,파루,CFS,21341882535.0,24966339546.0,24853486134.0,26225382969.0,27289805632.0,30378981645.0,29881104712.0,23554669961.0,7188764547.0,10175237647.0,-1059269669.0,-1159498600.0,1462124439.0,-1277044709.0
043220,티에스넥스젠,CFS,46105483572.0,51529462351.0,19369550763.0,19705897603.0,25789418075.0,26808611247.0,47330228374.0,47772355530.0,6190920713.0,4640808084.0,81799927.0,-1449638526.0,-221587290.0,-5196982904.0
043260,성호전자,CFS,160339058728.0,153252733651.0,93714678426.0,98699485128.0,148315501172.0,149130896613.0,91313401718.0,82989704715.0,55551858435.0,46364353813.0,6028141620.0,783555072.0,4588124378.0,-2058577271.0
043340,에쎈테크,CFS,32054185258.0,34087521876.0,35014992108.0,26906153240.0,59732649175.0,59342744702.0,20817210458.0,23965480238.0,10005538026.0,15859438014.0,-1082438425.0,927517505.0,-1307682795.0,692945890.0
043360,디지아이,CFS,23745369031.0,22102447126.0,4056838331.0,2916980994.0,5056465299.0,2916980994.0,44220950977.0,44687998847.0,3902867790.0,3712356645.0,-439386774.0,104749368.0,-330274276.0,378606946.0
043370,피에이치에이,CFS,615180698126.0,590481694991.0,287737153664.0,284366412857.0,307846188556.0,306777450192.0,707787401528.0,673099593120.0,281223800587.0,238911216440.0,16451617414.0,6881488088.0,16811717995.0,11272734866.0
043590,웰킵스하이텍,CFS,38697407594.0,20842948078.0,3535577690.0,2560164202.0,3543659632.0,3015175596.0,41613932019.0,33414406121.0,5491751972.0,4833091203.0,814419680.0,-281598716.0,7028354339.0,473621379.0
043610,KT지니뮤직,CFS,169329292455.0,172978563773.0,113968004492.0,119441745867.0,148312688167.0,158930776532.0,188779631574.0,181171913458.0,67518773996.0,65883262718.0,4333655651.0,2748876589.0,4300320292.0,8732147012.0
043650,국순당,CFS,96699500158.0,102024431443.0,8793870847.0,12739008827.0,15827939130.0,19493670338.0,233543658364.0,234352560683.0,17795236335.0,18836365540.0,1391480853.0,2758341516.0,4902621.0,-4916195232.0
043710,코스리거글로벌,CFS,18762408592.0,23818965375.0,4717330988.0,3417090628.0,9954634407.0,8061184145.0,41981601711.0,30103185725.0,5540027461.0,3201425858.0,-2263818425.0,-1261705538.0,-2862308883.0,-1483293341.0
043910,자연과환경,CFS,49474242374.0,46082224586.0,32618346309.0,32145849549.0,46980800729.0,46377292958.0,75095487161.0,74137631090.0,14300564854.0,19085119998.0,740331418.0,582746964.0,513685131.0,348278128.0
044180,KD,CFS,202343855111.0,195177459954.0,88918058440.0,65295829595.0,261585251401.0,257283701586.0,41300385051.0,36375260184.0,42379105338.0,25890251245.0,797815932.0,-3619718358.0,1513800925.0,-2849252944.0
044340,위닉스,CFS,188557411934.0,191585741504.0,183567244788.0,167825361530.0,198549980152.0,208986285207.0,203193085496.0,202094880910.0,107192681468.0,88982085037.0,2026103782.0,2208572311.0,661012567.0,2603627444.0
044480,빌리언스,CFS,86642617028.0,89448304144.0,86348797871.0,65190951416.0,94724087141.0,65716693466.0,116607526722.0,106631241095.0,19228759023.0,19067931441.0,-3216664563.0,-2061780612.0,-2639746740.0,1967273321.0
044490,태웅,CFS,369856837414.0,330180996866.0,137323882487.0,106909813971.0,295160380869.0,277512084161.0,498600750488.0,481394649086.0,126392569634.0,106056629127.0,16413957507.0,3809814034.0,14581127468.0,4827689636.0
044780,에이치케이,CFS,53007305000.0,54398491176.0,16421777057.0,26456185381.0,24184401315.0,27098324819.0,60131867476.0,59117177576.0,18999605982.0,20615958901.0,850816756.0,1588951203.0,980686054.0,536337039.0
044960,이글벳,CFS,28533765552.0,26242417686.0,8640765948.0,8206610690.0,12242903884.0,11912161501.0,44870852235.0,42954280174.0,11056647466.0,11807671125.0,1154154571.0,1247687351.0,932051940.0,1261382767.0
044990,에이치엔에스하이텍,,,,,,,,,,,,,,,
045060,오공,CFS,69576370869.0,72523063676.0,22386370281.0,24660107585.0,28876959903.0,32963533473.0,105683083241.0,103812905868.0,40207038181.0,43065695843.0,2349528144.0,2374042557.0,1962458127.0,2141903406.0
045100,한양이엔지,CFS,405810877983.0,463371028853.0,185157205251.0,256641339576.0,189604282563.0,259202612534.0,496789433931.0,472346996996.0,217271294469.0,291422239323.0,15727962718.0,21732722353.0,14363528188.0,19100322345.0
045300,성우테크론,CFS,22201682227.0,32468555287.0,18573219068.0,17313755063.0,22185466325.0,22598453761.0,70798699267.0,69995179860.0,6531054902.0,12038876016.0,-1135525675.0,1482053339.0,-705533071.0,395458434.0
045340,토탈소프트,CFS,19947928292.0,18039988675.0,5537434609.0,4823913987.0,11040574526.0,9899473200.0,19599210615.0,18817423388.0,3313303483.0,3544639314.0,212186439.0,811339532.0,241061887.0,1039946328.0
045390,대아티아이,CFS,66723197326.0,59108327128.0,52395657210.0,40543869174.0,100204765772.0,89697434481.0,115292638514.0,109921387424.0,29500356091.0,26017216641.0,1685361401.0,2760231735.0,2445738209.0,2106512761.0
045510,정원엔시스,CFS,61168783217.0,71532296457.0,38827875637.0,49356871837.0,43738882499.0,54155518330.0,41543294935.0,41325322516.0,39860473472.0,34832992843.0,772837469.0,-474066454.0,372709744.0,-958882012.0
045520,크린앤사이언스,CFS,51346598143.0,44779871887.0,45863038206.0,37603935856.0,73015417755.0,67342611310.0,28211575046.0,27179126938.0,26287197881.0,19820325717.0,1189207221.0,-4444895350.0,681837415.0,-3441282591.0
045660,에이텍,CFS,39480930337.0,39412810602.0,11588296584.0,7035140349.0,14651558491.0,9879579909.0,91200791139.0,88931041123.0,18934853973.0,23043032777.0,136224555.0,531557015.0,1580587193.0,2161802957.0
045970,코아시아,CFS,161612253369.0,169308228303.0,212842283636.0,193390590023.0,237993984533.0,247266163970.0,152135799796.0,163159988163.0,84285946940.0,122258496952.0,-11666323571.0,-5666791748.0,-16635709381.0,-9690075171.0
046070,코다코,CFS,156652398389.0,163488703925.0,390366473512.0,392747446507.0,435318501830.0,440894399016.0,27573529643.0,13047943955.0,80455957405.0,77901401457.0,2342553474.0,-265183120.0,-1305137962.0,1036512996.0
046120,오르비텍,CFS,52942592130.0,68373335408.0,34090662606.0,47723083475.0,47419909036.0,61068617493.0,53466628625.0,57286953357.0,15180139926.0,11665341084.0,-699117148.0,-6777871677.0,-1768068471.0,-7382729123.0
046210,HLB파나진,CFS,26667871659.0,26013527442.0,2360739002.0,1418797724.0,2594163214.0,2984183441.0,32286924708.0,31689245446.0,3327112786.0,2848730940.0,-180628410.0,-171296616.0,38698872.0,219980100.0
046310,백금T&A,CFS,114440771555.0,98977255677.0,39841539192.0,32370268573.0,43424423112.0,38044954127.0,92292239413.0,81005377557.0,44587672438.0,33042222611.0,4994899318.0,2252791568.0,4309277877.0,1230828291.0
046390,삼화네트웍스,CFS,44380629634.0,47853729424.0,19399980141.0,19886563219.0,25410777713.0,25393695700.0,55453901110.0,57875495567.0,30925951234.0,30438169323.0,-1335374536.0,3142739275.0,-757127540.0,6681457474.0
046440,KG파이낸셜,CFS,330859780312.0,325603553581.0,160530953589.0,122236498493.0,168505181373.0,157786435557.0,319800825339.0,316402413155.0,69970190671.0,70346137497.0,7917256836.0,11222383430.0,7540574414.0,9988883205.0
046890,서울반도체,CFS,518676321416.0,550449970337.0,303003382800.0,305104421601.0,497385108812.0,514302591299.0,751061224387.0,775569363947.0,255233268778.0,293591133497.0,-2112681370.0,3696824908.0,15826621275.0,20720403939.0
046940,우원개발,CFS,96724633744.0,79333040261.0,51342449352.0,48949232644.0,81386845821.0,61255735691.0,102940252905.0,103840009874.0,61176212095.0,49194769467.0,747604003.0,100705948.0,1148763338.0,5053915.0
046970,우리로,CFS,37341122717.0,45944280426.0,14147796479.0,21106924628.0,16025011406.0,23316377217.0,36261296017.0,37658654174.0,11443576190.0,25525487093.0,-1299676821.0,625426456.0,-971317661.0,-453751320.0
047080,한빛소프트,CFS,32897742872.0,38982098157.0,16859193120.0,17678528469.0,18337913835.0,19081035629.0,21410262547.0,24859645733.0,,,-1020578167.0,1445173284.0,-1861142221.0,3599696450.0
047310,파워로직스,CFS,185032135737.0,166568906385.0,137080027236.0,135702978511.0,144323876368.0,145849023713.0,189472723317.0,169593172026.0,155396394481.0,202516534535.0,4314587791.0,-4254374242.0,3398535781.0,1278802069.0
047560,이스트소프트,CFS,101360380732.0,111428829702.0,44766872949.0,41722676611.0,95918618929.0,101507404011.0,81030100372.0,83518988156.0,,,1399074674.0,-1176836971.0,2173660276.0,-1859265937.0
047770,코데즈컴바인,CFS,39253607601.0,40990994430.0,14982058394.0,16377473852.0,19186181520.0,21798020171.0,64850179166.0,62263391412.0,11180743549.0,11437502476.0,1226824852.0,1508228581.0,1418422053.0,5031195583.0
047820,초록뱀미디어,CFS,121969125247.0,154704562133.0,100208441931.0,124022410433.0,115516014980.0,158798163068.0,337844292204.0,323112197302.0,56913522288.0,60408866239.0,3349106402.0,3197797475.0,14138255133.0,7838887105.0
047920,HLB제약,CFS,56179481028.0,59945909397.0,54711425242.0,52856815902.0,59361261601.0,56248554148.0,86644574216.0,85928555504.0,35206092418.0,22180408566.0,-8548055329.0,-286514123.0,-17680703795.0,-1960525586.0
048410,현대바이오,CFS,19905917604.0,24012071104.0,6742696240.0,8384034661.0,6875813693.0,9091422389.0,55211996822.0,58235388532.0,3222213759.0,1412645635.0,-1959147323.0,-5689695340.0,-2337255060.0,-5882570819.0
048430,유라테크,CFS,101155795371.0,83145703268.0,23852542176.0,21725360832.0,28114854438.0,25121136038.0,129219879078.0,118376268764.0,53726490034.0,44853145407.0,1917226318.0,-523237362.0,9620627055.0,-688168541.0
048470,대동스틸,CFS,84136529846.0,75276900001.0,24318111630.0,20074339401.0,28501296721.0,24006794291.0,72923570347.0,71502449150.0,34269479203.0,45663447016.0,-1486919509.0,-3015406540.0,-806733091.0,-2344326223.0
048530,인트론바이오,CFS,112303002519.0,113928084251.0,34437279378.0,32217637009.0,35780911132.0,34777367138.0,102940389971.0,106181199120.0,2122092480.0,2732987927.0,-1025928160.0,-1518133366.0,-1847329045.0,12176191743.0
048550,SM C&C,CFS,208855397807.0,250660528634.0,168947546494.0,213177980162.0,182297646637.0,226771483221.0,106982400243.0,106569021931.0,29361779314.0,36456334713.0,-310675827.0,884809518.0,249961069.0,3610490260.0
048770,TPC로보틱스,CFS,57171305671.0,65441498756.0,55061194731.0,56907035935.0,68159860123.0,70361436158.0,36704226657.0,42740036800.0,20876614905.0,22407363249.0,-3860297113.0,59953999.0,-4653978356.0,-221737336.0
048830,엔피케이,CFS,21416053355.0,23379271530.0,15013883864.0,19052040102.0,24352670597.0,28586446438.0,43517099359.0,43803360903.0,15472869820.0,18580890527.0,248585933.0,628689250.0,331001059.0,276937177.0
048870,시너지이노베이션,CFS,134898775674.0,87420972069.0,37411641081.0,52224094447.0,40465964724.0,55711716159.0,216791718168.0,171664125779.0,21246112013.0,22265595149.0,3370962841.0,4672108371.0,1890149147.0,1726160260.0
048910,대원미디어,CFS,119770935140.0,105458066692.0,69261821057.0,60268227432.0,78620526316.0,65408323772.0,136403072086.0,126917831251.0,88708521328.0,71847054213.0,4386059062.0,6700553957.0,4110127122.0,3858936183.0
049070,인탑스,CFS,426567466145.0,489335232678.0,98501876399.0,126204308073.0,108722644239.0,139180532052.0,746454630244.0,731299925603.0,127613651187.0,280346303699.0,-651774318.0,30283773522.0,8774019477.0,29755675442.0
049080,기가레인,CFS,48013768662.0,51562279105.0,21347456020.0,24373562592.0,27778961469.0,30791098568.0,58760608777.0,60946856087.0,10644406193.0,11502177149.0,-2188750418.0,-1955300286.0,-2123722378.0,-636243316.0
049120,파인디앤씨,CFS,24101699797.0,33628115582.0,59394670303.0,58763567113.0,87223921584.0,80137673777.0,24679751325.0,27109174602.0,9699655564.0,17144212619.0,-2775190891.0,-25362083.0,-7794715641.0,-2201748365.0
049180,셀루메드,CFS,59437805874.0,65553833603.0,39296168257.0,33898463026.0,43674683852.0,38126577588.0,49531979386.0,55129354214.0,23242041101.0,34759412245.0,-4092107809.0,132402320.0,-5986323425.0,628702098.0
049430,코메론,CFS,90103002705.0,79737537460.0,6070381785.0,10672268958.0,9509516607.0,13204012049.0,202889577681.0,194515184268.0,18158832094.0,21090113020.0,2375261971.0,4802514751.0,4851286741.0,3441236045.0
049470,비트플래닛,CFS,21056567798.0,25515476742.0,20546888965.0,12513589499.0,24709369292.0,26975420868.0,42418867658.0,46175133116.0,12536385968.0,8055826665.0,-1485089746.0,-1698836587.0,-1531130946.0,-755578742.0
049480,오픈베이스,CFS,82084998000.0,95309724645.0,42258413434.0,57588631787.0,48972786876.0,62046328495.0,90519764494.0,88696559970.0,45062264910.0,49221403939.0,2186253691.0,3524042128.0,1975429461.0,2779424526.0
049520,유아이엘,CFS,131067361036.0,125727606190.0,51138933866.0,49138319034.0,61173415357.0,60756627172.0,156069373803.0,148357853779.0,68444646210.0,79870180018.0,1210688646.0,1960616269.0,1138139054.0,3141288272.0
049550,잉크테크,CFS,31503290367.0,32405292797.0,15534146530.0,19953569908.0,53830478327.0,41955524677.0,71093435669.0,69997559092.0,15723157742.0,15884885095.0,409372839.0,1563548006.0,229456178.0,1183841131.0
049630,재영솔루텍,CFS,50161564002.0,55170553347.0,100742157666.0,103920118248.0,128030365764.0,138782832319.0,67219798072.0,62604235324.0,20160323099.0,29136135449.0,210934837.0,782456065.0,1204101232.0,-4533292033.0
049720,고려신용정보,CFS,47403111472.0,46418456200.0,36955268328.0,39496580368.0,45962996119.0,47943307227.0,41974592521.0,39292144493.0,39919547180.0,37287836674.0,3210334195.0,3256156109.0,2494198215.0,2628498594.0
049830,승일,CFS,82734734148.0,78170804764.0,26477847219.0,24851592551.0,32104548205.0,31309987191.0,145792309005.0,145523365121.0,37140755065.0,45176940762.0,200591278.0,1546950730.0,-367238927.0,1033805763.0
049950,미래컴퍼니,CFS,111152678787.0,106151092033.0,38642013938.0,37120505060.0,39890284602.0,38066077305.0,136359121322.0,132881565790.0,16791806312.0,35507224649.0,-3154644235.0,7148251935.0,-541931785.0,10583585043.0
049960,쎌바이오텍,CFS,72925766372.0,75655066275.0,7416908290.0,7388900612.0,7590540258.0,7746690864.0,105711595872.0,108091949806.0,12440579292.0,12203324175.0,-3037003565.0,518306783.0,-2220803747.0,3171545553.0
050090,비케이홀딩스,CFS,19046228648.0,22691210564.0,3936486168.0,5848191166.0,4968737890.0,6712074425.0,20183305154.0,22245048024.0,4627585721.0,4800306872.0,-1004386079.0,-636079834.0,-925738430.0,-535682911.0
050110,캠시스,CFS,197393076260.0,217238019386.0,186860421068.0,198579543835.0,192855718811.0,221222551592.0,130890630461.0,130011788297.0,113814225689.0,197831393908.0,-1014543591.0,7388732476.0,-3847112708.0,2056743402.0
050120,ES큐브,CFS,37009505517.0,41310245855.0,5481736519.0,8558923877.0,7993119541.0,11306160216.0,98175018479.0,110399253266.0,22642623509.0,22349581068.0,4684747976.0,5266977802.0,-1056443888.0,7520786048.0
050760,에스폴리텍,CFS,58158891196.0,56308881487.0,45158599343.0,39445914413.0,48368357352.0,43204921060.0,65272057803.0,65433189705.0,18518140698.0,19742424689.0,-642060338.0,-218383156.0,-226458098.0,1811194150.0
050860,아세아텍,CFS,158727163049.0,114986815860.0,82753322594.0,39280518481.0,87626450704.0,43917189124.0,130626828034.0,130550074148.0,25770814671.0,28769725425.0,1330586211.0,2315279932.0,1063613964.0,1959184830.0
050890,쏠리드,CFS,239486439608.0,216472641760.0,193681268034.0,194527482322.0,213772631989.0,205460154959.0,242753739845.0,228875014938.0,86712414480.0,61939186519.0,11117307789.0,3142600491.0,1947275791.0,3639152564.0
050960,수산아이앤티,CFS,30779689373.0,28318119964.0,12179045918.0,11011458415.0,13530473916.0,12766534696.0,83871927554.0,82075093812.0,6220163548.0,6012998744.0,1240979816.0,696296261.0,1026606751.0,871087617.0
051160,지어소프트,CFS,185365258343.0,190285529363.0,57281682629.0,61021299578.0,100415579166.0,108381396883.0,187899441095.0,183099995099.0,127328218670.0,115460821213.0,2996780030.0,1945332213.0,3073825712.0,5079234388.0
051360,토비스,CFS,226546772333.0,208589669509.0,190066844674.0,142586222815.0,238111463880.0,209179763989.0,195618134729.0,190322724926.0,103273111664.0,67249711540.0,7676616032.0,-1229489702.0,1974466980.0,-4240989531.0
051370,인터플렉스,CFS,159284501963.0,123540412972.0,94701218114.0,83677882991.0,102165206663.0,89077018617.0,210334727897.0,197806496365.0,112621273178.0,102964542331.0,2766429904.0,6850345521.0,11160784600.0,8593408423.0
051380,피씨디렉트,CFS,83603758620.0,82396585816.0,48102012316.0,45025255348.0,49105573927.0,45792670993.0,43172354516.0,44831288092.0,80162105284.0,74833280296.0,1047348551.0,-1622451999.0,313980650.0,-3594091713.0
051390,YW,CFS,38791661391.0,41791738830.0,6186727282.0,4903335665.0,21178943017.0,21224330796.0,78458596978.0,76598391994.0,9927577518.0,2936470467.0,2269993102.0,632450171.0,1861034436.0,709397681.0
051490,나라엠앤디,CFS,154595875373.0,151639211589.0,129982827808.0,136253927789.0,133266161733.0,139355202118.0,104092667900.0,96556129675.0,59712903954.0,54751933704.0,3966831140.0,3926656449.0,4213426992.0,2524458665.0
051500,CJ프레시웨이,CFS,564277103194.0,673967665437.0,680057152808.0,795630613919.0,1008715166124.0,1080671194761.0,393467771507.0,404055698335.0,779491921019.0,720909964252.0,32060341976.0,34622464262.0,20700804676.0,24230924056.0
051780,큐로홀딩스,CFS,31831147932.0,43055768912.0,26786116163.0,24910653618.0,36226375487.0,43613597486.0,34292739696.0,36330975969.0,32238163060.0,16166029775.0,-676559702.0,702251702.0,-3107153922.0,-187760610.0
051980,중앙첨단소재,CFS,70149645177.0,17121861855.0,117133544438.0,11249943455.0,119306432770.0,13741804199.0,-25724984295.0,21109189821.0,5513539562.0,7525656102.0,-348807805.0,49060679.0,-68670572348.0,109759324.0
052020,에스티큐브,CFS,53175301402.0,56425638359.0,4796207292.0,4359835252.0,10675446344.0,9849767657.0,47713721714.0,51219671334.0,1678174245.0,1837049497.0,-7706411633.0,-4852945979.0,-7351767468.0,-4824882362.0
052220,iMBC,CFS,23948788017.0,21556256110.0,9633251736.0,10765439353.0,11314161111.0,12321239163.0,59614555728.0,57772852292.0,10617758046.0,12478175690.0,-3526242.0,1091840794.0,320084823.0,798333044.0
052260,현대바이오랜드,CFS,76056060196.0,71216130569.0,42418682788.0,46143911346.0,43265177835.0,46810705161.0,135711026026.0,129286620562.0,25327513668.0,27751813501.0,3491411560.0,4525067670.0,4246150667.0,4697101662.0
052300,오션인더블유,CFS,213351174645.0,186284277601.0,128370915518.0,136227940428.0,144065117704.0,239575347578.0,428421170525.0,429296868291.0,59857898043.0,65418818936.0,3400588720.0,5046835096.0,11340927005.0,-3216663398.0
052330,코텍,CFS,332861854120.0,335118940793.0,120831192649.0,126364379220.0,124774489465.0,130003656132.0,345654384876.0,341662737654.0,91087625614.0,113539644317.0,4904939782.0,6208960760.0,5623630899.0,11238242945.0
052400,코나아이,CFS,247960866694.0,318145220527.0,180379502163.0,250568992480.0,183898387442.0,254495157550.0,157970988615.0,145611634915.0,82201857523.0,68100482447.0,13776067307.0,15545383827.0,9823632178.0,11719333314.0
052420,오성첨단소재,CFS,110307512953.0,121107147973.0,32241553650.0,29271654276.0,79869080142.0,80660200266.0,210528194792.0,200189679551.0,27686023355.0,44763618243.0,3155197957.0,6886451534.0,740246480.0,7301799122.0
052460,아이크래프트,CFS,76933004936.0,72253166658.0,55033123952.0,47538667373.0,60883674579.0,56094693249.0,35016606389.0,33301992948.0,33369165145.0,28402878145.0,2481864315.0,-507302089.0,2534113634.0,-2464546564.0
052600,한네트,CFS,34057490924.0,33572833110.0,14817798377.0,12095749475.0,16141065570.0,12416218687.0,35517923886.0,35796764546.0,6598266045.0,5586093010.0,957763548.0,564799284.0,601741995.0,305262057.0
052710,아모텍,CFS,166284201763.0,185975200969.0,151812176910.0,162417858951.0,192071089932.0,207239226004.0,181552873235.0,176753123081.0,47740659102.0,49704418403.0,-2290661496.0,-2670674254.0,1351880487.0,-679576971.0
052770,아이톡시,CFS,11489867555.0,11033021599.0,2399622542.0,6841416217.0,2909788649.0,6841416217.0,14656602015.0,7325984559.0,5642366903.0,6461665554.0,-1292616666.0,-1237906226.0,-1226472755.0,-1773761086.0
052790,액토즈소프트,CFS,170579715378.0,190582419446.0,75901171425.0,105510952151.0,82298470401.0,112047480640.0,219001443597.0,205093385955.0,12216506039.0,16293454581.0,4209544154.0,7453950082.0,2162422035.0,-988180347.0
052860,아이앤씨,CFS,39032844394.0,31643567424.0,24967441918.0,15820771626.0,26538169425.0,21074827571.0,45299072522.0,44322265740.0,18747369223.0,13512192273.0,695500685.0,2410294789.0,548317806.0,1576960262.0
052900,KX하이텍,CFS,85545940357.0,71201759359.0,59319509265.0,57694773199.0,82358295440.0,73441437417.0,113586144656.0,113883824783.0,37002274093.0,34189627650.0,742477280.0,3921198305.0,2120010343.0,4353696364.0
053030,바이넥스,CFS,105806224846.0,108951866607.0,90069260684.0,98263803577.0,96049418300.0,106127186856.0,195122976408.0,192282751891.0,39503834080.0,40355015053.0,419415404.0,8136349828.0,1340108356.0,5519773926.0
053050,지에스이,CFS,38124523300.0,63467794640.0,25603247673.0,55820168412.0,88144743910.0,116047332536.0,92823728857.0,88619992671.0,26628648929.0,33736337954.0,897980103.0,1361230932.0,1975430009.0,1770799401.0
053060,세동,CFS,46129019281.0,37832037124.0,47287571762.0,46915416872.0,83895245139.0,81155637307.0,34725877145.0,28479545295.0,45461380684.0,37035592002.0,3668797484.0,883920168.0,3821384855.0,-1141304117.0
053080,케이엔솔,CFS,219883236872.0,200936910523.0,144618692949.0,115405626124.0,191965687128.0,161493371550.0,164329146184.0,159233082769.0,99218167515.0,85634093725.0,4368370387.0,3347005342.0,2728382075.0,2830800479.0
053160,프리엠스,CFS,39309051999.0,42039022934.0,3342283738.0,3877085755.0,5435557484.0,5855597431.0,59132442486.0,57693875700.0,6524870222.0,7934919126.0,146098021.0,297198078.0,-285016348.0,379274906.0
053260,금강철강,CFS,119299099871.0,119929930729.0,27851633538.0,33908448425.0,29656073450.0,35192651935.0,128077048135.0,124725341724.0,61625345584.0,68540964596.0,2276068884.0,2104098324.0,2990643448.0,2763531995.0
053270,구영테크,CFS,103017183503.0,90564384596.0,144340573991.0,122321445005.0,186600352244.0,156693973254.0,97481609354.0,83425564459.0,91518000648.0,67466446768.0,11566224525.0,1581119124.0,5422695258.0,-918976953.0
053280,예스24,CFS,93865402341.0,98214075797.0,179038421083.0,183106385265.0,199539161795.0,204008852949.0,177350923084.0,183632273169.0,155377488486.0,156883224130.0,-561616041.0,2550479625.0,-502543949.0,1443667223.0
053290,NE능률,CFS,77485257548.0,79325797177.0,18148274443.0,23287633544.0,21977950289.0,26984340993.0,82933857441.0,85441619678.0,15529623718.0,14534907906.0,-3609452158.0,-2320412304.0,-2996084051.0,-1806252598.0
053300,한국정보인증,CFS,139770630389.0,146246931898.0,60090784911.0,59708778984.0,67238368482.0,67070004996.0,214469405949.0,213755839365.0,21323003069.0,20418357842.0,3196238933.0,3063966310.0,1954869230.0,-202925347.0
053350,이니텍,CFS,108955037072.0,112486449089.0,5558120059.0,6666819330.0,6149585803.0,6261061224.0,114142132980.0,116716281694.0,10983653291.0,12868927536.0,-611404480.0,-738838973.0,162892301.0,-357011748.0
053450,세코닉스,CFS,156487273375.0,145234062850.0,167241948241.0,153279384093.0,192706803786.0,191944421581.0,119702964801.0,110402055165.0,123441811312.0,120676993458.0,4087847101.0,2413717291.0,2780261654.0,1381582025.0
053580,웹케시,CFS,28378879413.0,33848580481.0,12147083927.0,18834951192.0,17635044312.0,25884963066.0,107586816427.0,103028046258.0,17687746995.0,23016926684.0,4029666440.0,5541547223.0,2950093416.0,2927996521.0
053610,프로텍,CFS,212675172845.0,214362534288.0,31045779327.0,40355832072.0,39469680685.0,42957403204.0,306608192677.0,304541026635.0,37751208387.0,57463011192.0,6046690880.0,18187742670.0,5361876673.0,15978886940.0
053620,태양,CFS,101773157276.0,93487570340.0,32800080524.0,30208065852.0,39996394458.0,37542114356.0,176964570947.0,173641263979.0,41808884935.0,48714633872.0,3036091682.0,2231375197.0,1868401626.0,2567947210.0
053700,삼보모터스,CFS,507816330960.0,428149697548.0,551363335304.0,522065826776.0,681850056506.0,600725465231.0,302203248815.0,263794203632.0,366024641236.0,294555750038.0,14041791088.0,6834742946.0,3097123477.0,10104823621.0
053800,안랩,CFS,255741971287.0,243723256373.0,84435030158.0,75121156415.0,93973795512.0,85667243409.0,261016604360.0,259345208908.0,59106173235.0,54230133898.0,4376016870.0,3745265356.0,4635102262.0,327994241.0
053950,경남제약,CFS,69363516739.0,77328948756.0,55203709201.0,43886547898.0,62881650405.0,44497957960.0,110113594741.0,99622450019.0,16386675047.0,16214430856.0,-2415321392.0,184522285.0,-4253821816.0,1041781912.0
053980,오상자이엘,CFS,61548771924.0,48831833430.0,33435823603.0,27521602258.0,36428765214.0,27719421286.0,93524386300.0,71965631492.0,22079309083.0,20276442895.0,1789300779.0,1295207838.0,2188341562.0,2773637338.0
054040,한국컴퓨터,CFS,100395837287.0,91567093358.0,38354641967.0,28190338804.0,39783239393.0,29560043020.0,128866219042.0,126879882538.0,112578885283.0,78469354779.0,4144373187.0,1581084896.0,4311944994.0,2454179424.0
054050,NH농우바이오,CFS,199405445814.0,201066327633.0,61219105975.0,72910220292.0,,,,,35056410161.0,34751327575.0,1823169283.0,-1148670784.0,2338155561.0,595425940.0
054090,삼진엘앤디,CFS,113808922229.0,122004836036.0,87983263403.0,91563951789.0,108480974449.0,110665430533.0,88746393648.0,92940649318.0,44693762826.0,63085432465.0,-1779130504.0,204494100.0,-2271153379.0,2373387898.0
054180,메디콕스,CFS,51848166620.0,43389201271.0,42815015157.0,44154044309.0,45967341313.0,47194368974.0,59576708371.0,63239760094.0,7635734761.0,5553560462.0,-1942166438.0,-1948598377.0,-9531000467.0,-5828647786.0
054210,이랜텍,CFS,304582310694.0,335326099444.0,290500404491.0,306366715525.0,326430824899.0,346996119813.0,265875346624.0,260052397313.0,184294508155.0,274903684180.0,5548445845.0,20930273516.0,-7556903702.0,15111662522.0
054220,비츠로시스,CFS,23158588085.0,22364357383.0,18565006252.0,16215356253.0,19265859603.0,16353501999.0,22862756217.0,11847855123.0,4633781782.0,4601296797.0,-1564815964.0,-630681803.0,395306622.0,-713837039.0
054300,팬스타엔터프라이즈,CFS,34485193779.0,35112344014.0,29717060226.0,31174920156.0,43357790112.0,44081574895.0,52769425174.0,47521189497.0,22846616897.0,20106468533.0,815087177.0,82569370.0,339224528.0,81860050.0
054410,케이피티유,CFS,22708177770.0,21854998736.0,36257736893.0,35657256331.0,43065776594.0,42429593835.0,42687667239.0,40002981055.0,9956749344.0,10327517152.0,451099875.0,704576716.0,487146879.0,1521919240.0
054450,텔레칩스,CFS,122358164008.0,119729294352.0,71856769820.0,101987544373.0,121541248452.0,140502519150.0,202122036505.0,169669935915.0,48266176228.0,32486332484.0,5449724768.0,1405869459.0,11648457945.0,2285028196.0
054540,삼영엠텍,CFS,65842464669.0,61900876884.0,39380289494.0,36855524149.0,40929684055.0,37873184476.0,66000587406.0,63428434498.0,23488542826.0,22798468961.0,1407008373.0,-1311569063.0,898961751.0,-2941657229.0
054620,APS,CFS,85093811401.0,97455971979.0,96122019656.0,102125322783.0,151458260484.0,155030448682.0,213966794207.0,212607149715.0,8597861567.0,6453526511.0,-6764196541.0,-4361141859.0,3723357155.0,6257433985.0
054670,대한뉴팜,CFS,107958471741.0,102641392573.0,59591685911.0,58583501274.0,64931180706.0,66399748497.0,111009112318.0,102958904892.0,52881136464.0,50594272995.0,7423923555.0,5578568798.0,6427858532.0,2699243572.0
054780,키이스트,CFS,32197716161.0,34329785105.0,22442062913.0,26095104214.0,22932599583.0,26550396417.0,71785662164.0,59072974317.0,13153235991.0,16127374907.0,-297617504.0,-1058395912.0,85761427.0,-817407778.0
054800,아이디스홀딩스,CFS,796520449378.0,756455370977.0,254699914310.0,249294397898.0,351685853813.0,341694922250.0,823814687301.0,748338478867.0,193729475971.0,233860825803.0,18274869648.0,26640857467.0,18212813666.0,29744228360.0
054920,한컴위드,CFS,38343989713.0,45603255009.0,71591875371.0,78865888139.0,73716986901.0,81009553554.0,155074295447.0,143937533246.0,83374577486.0,6769442429.0,219954089.0,259596127.0,1416179959.0,4383957921.0
054930,유신,CFS,177371807274.0,158154260639.0,107654771049.0,99809446414.0,117970746270.0,108557420585.0,122047058634.0,109737587728.0,95783547569.0,73385945732.0,10476056887.0,4812663426.0,8853283925.0,5286496561.0
054940,엑사이엔씨,CFS,95723216096.0,97471621639.0,63739579134.0,67835701104.0,73799663953.0,77851174067.0,73872854886.0,73426522230.0,43671907313.0,55707069689.0,828170953.0,4724439831.0,-141436163.0,5673639818.0
054950,제이브이엠,CFS,128415276295.0,119483111378.0,72934122087.0,70303179287.0,76374826729.0,73591962361.0,164398163638.0,158121467743.0,38714763494.0,37009459427.0,6556971330.0,5913133822.0,3334246103.0,4553747527.0
056080,유진로봇,CFS,41000306321.0,39778365855.0,15639413784.0,11391356662.0,20833013349.0,17102756662.0,41240025454.0,44071524945.0,5277936025.0,10050565847.0,-1678565950.0,1038749894.0,-1452689430.0,1495205151.0
056090,시지메드텍,CFS,44283949367.0,94820886974.0,20936920013.0,72689556325.0,32192747412.0,83760164043.0,56530930850.0,57679008438.0,7310622146.0,12249761668.0,-1263244849.0,999843043.0,-544654934.0,419168093.0
056190,SFA,CFS,1677194645912.0,1189685406742.0,826272629834.0,413043302543.0,1121462524212.0,512535734431.0,1638002440604.0,1412811097137.0,418622583134.0,402059801089.0,21361756662.0,41756582807.0,9448594937.0,24316382013.0
056360,코위버,CFS,87886267814.0,111476875669.0,24280804211.0,36001100333.0,25399466760.0,37193425163.0,124698694888.0,131700944666.0,16681329264.0,17869912154.0,-1879840574.0,1880767231.0,-6012822110.0,2481999063.0
056700,신화인터텍,CFS,69995002565.0,69031445914.0,76445861431.0,80329764239.0,87557566290.0,80450118167.0,83281269056.0,92370921343.0,37413608630.0,43211328935.0,-3836256885.0,1084364954.0,-3715857664.0,1317840090.0
056730,CNT85,CFS,34364923850.0,22781385457.0,21407481004.0,27698371321.0,23475605975.0,29614778933.0,37380210240.0,20274516674.0,8765778980.0,4546925772.0,-537936035.0,-1391242699.0,-496890102.0,2623246646.0
057030,YBM넷,CFS,36451689298.0,44419862082.0,22395215052.0,30906391942.0,30641052084.0,38865919785.0,48922952561.0,49191728403.0,14120419122.0,14649641242.0,732784605.0,932938526.0,943016533.0,750885457.0
057540,옴니시스템,CFS,52817663349.0,51149992820.0,16384784156.0,17481479233.0,18027227655.0,19679911644.0,87891841528.0,87719069750.0,24033260317.0,28013621812.0,126629383.0,837001763.0,-64763600.0,426078047.0
057680,티사이언티픽,CFS,25261568283.0,45728469930.0,42054552638.0,45016679493.0,62173369235.0,81921688240.0,190812201536.0,180616652346.0,5648500297.0,2307780306.0,-1012909517.0,-361253110.0,-4237191815.0,-4067695808.0
058110,멕아이씨에스,CFS,38765540452.0,51743873501.0,12101005163.0,13429107243.0,17312420706.0,18875263805.0,58905549047.0,67883948680.0,1841594710.0,11417656816.0,-5232452494.0,1942840381.0,-6215922931.0,1409463139.0
058400,KNN,CFS,54388660497.0,56362074500.0,11781007243.0,12558963788.0,14570034250.0,15476143402.0,210893597370.0,207474889009.0,17448738830.0,15717686094.0,3475614886.0,3289778767.0,3901144129.0,3552621198.0
058450,한주에이알티,CFS,18026421404.0,11631854635.0,16299103440.0,11845027820.0,16960119042.0,15081974525.0,18412908340.0,9397236657.0,1252600588.0,3895400932.0,-1321569748.0,149339953.0,-1023447539.0,50437865.0
058470,리노공업,CFS,382263112792.0,377024805599.0,38536313823.0,36383168010.0,40597605773.0,38304546606.0,502080070508.0,493183582826.0,75130551851.0,91366332146.0,33562261866.0,41295233287.0,38620466716.0,36479658332.0
058610,에스피지,CFS,251093213430.0,244137631538.0,130173090812.0,130861125017.0,139507379116.0,140851045915.0,218626292065.0,213492763697.0,101394147500.0,118990876872.0,4838202319.0,6260140406.0,4553144002.0,5674126590.0
058630,엠게임,CFS,101942554762.0,87181056635.0,24812991476.0,17406406216.0,31960953247.0,23303340301.0,103673045953.0,93124769312.0,17947985967.0,13289767243.0,3657941671.0,3909946851.0,4764150231.0,3891518748.0
058820,CMG제약,CFS,137961819374.0,135069968711.0,23759658339.0,21902548926.0,50428221069.0,28307360844.0,190590032570.0,184953014851.0,25433042882.0,20143209507.0,2481439056.0,1181906899.0,3699064146.0,-36681700.0
058970,엠로,CFS,26620940973.0,18016768844.0,46426881762.0,11428881975.0,48095323387.0,22706824214.0,39314637949.0,50964605535.0,15027638140.0,15146552494.0,1162217853.0,1790271916.0,-14977399123.0,1290890159.0
059090,미코,CFS,389206760377.0,302343352339.0,208488727758.0,189169817256.0,450358994966.0,354853046152.0,383765501472.0,376300039996.0,97476112787.0,104352506048.0,8872147456.0,19508806563.0,-2583112028.0,4631792130.0
059100,아이컴포넌트,CFS,22276039975.0,27785296975.0,11019239076.0,16189022412.0,19454348977.0,21264176206.0,38542282220.0,34951481385.0,7967683264.0,9853942173.0,392749357.0,1482673889.0,394502033.0,2069683240.0
059120,아진엑스텍,CFS,30156332886.0,32408670996.0,3948051402.0,6263236236.0,4430606337.0,6769693801.0,43119930151.0,43638381295.0,5827876042.0,11136089687.0,-418304770.0,649540199.0,16781891.0,578171989.0
059210,메타바이오메드,CFS,53043294793.0,50975807645.0,46129480720.0,44817324300.0,59412243280.0,57633122299.0,68099301855.0,63439269173.0,19674701617.0,17355693688.0,3706472504.0,2353240009.0,1246221513.0,2874539993.0
059270,해성에어로보틱스,CFS,19689080258.0,19551954760.0,1763791164.0,2393910857.0,3186002929.0,3689919899.0,40807173389.0,40669744927.0,3838589897.0,3788462868.0,-194779793.0,-421085069.0,-205644588.0,-337569814.0
060150,인선이엔티,CFS,114748410189.0,146930916567.0,105060207414.0,125862555697.0,208781841161.0,208374441965.0,353187554020.0,341844167993.0,55364171717.0,64111080581.0,8519538611.0,10157674669.0,6215337735.0,6623539677.0
060230,제이케이시냅스,CFS,68298681963.0,68701986035.0,38691236952.0,61081748350.0,46241539922.0,70146373766.0,107652689982.0,76874884116.0,13274186811.0,25207876602.0,-2102075534.0,1223020480.0,-20155307799.0,-918154861.0
060240,스타코링크,CFS,25857339485.0,29041117458.0,4424731570.0,5405261276.0,4859806502.0,5602889172.0,33146764645.0,36780030097.0,2232307487.0,11266725455.0,-2019102636.0,-3163747185.0,-2233729560.0,-8219090262.0
060250,NHN KCP,CFS,362566261661.0,376590155671.0,243618718458.0,267142512847.0,247399277420.0,269629997569.0,207595038586.0,198554456445.0,234169404108.0,199174077667.0,10952961464.0,10481754083.0,9399868964.0,8813590578.0
060260,뉴보텍,CFS,19982514118.0,19269981292.0,29510533375.0,30906013299.0,34482410752.0,35435713117.0,18248761219.0,16942670299.0,11971267080.0,12275390793.0,375226550.0,-217963158.0,437518.0,-3269155865.0
060280,큐렉소,CFS,91484793292.0,75951519920.0,6949209532.0,16588731455.0,8587433094.0,16717330584.0,99604624801.0,81680537481.0,19779985990.0,15306002256.0,1148494743.0,-434282035.0,1501504866.0,-1340679736.0
060310,3S,CFS,23956541805.0,27434449836.0,15766370737.0,19090034053.0,16579794678.0,21680745544.0,47666109048.0,45954754301.0,9718335984.0,10845064018.0,811109015.0,525177004.0,707094385.0,602443420.0
060370,LS마린솔루션,CFS,74358711819.0,88573490664.0,31385861174.0,7573052788.0,31686370099.0,7884451310.0,117799220637.0,112370190406.0,17948119733.0,11201882480.0,5473377149.0,-1799127065.0,4517517113.0,-135383464.0
060380,동양에스텍,CFS,96365730377.0,89085541051.0,61503536792.0,58836006798.0,67012176859.0,63230260227.0,83148274242.0,80266023791.0,52677292464.0,57945602199.0,2157566566.0,2673135947.0,1825391434.0,1994952021.0
060480,국일신동,CFS,18799728057.0,19944687744.0,833062050.0,1322347880.0,3700835212.0,4255993192.0,46799724480.0,47948396503.0,4955774026.0,5095960792.0,-777006900.0,418026003.0,-517638369.0,607918524.0
060540,에스에이티,CFS,65780623576.0,80662127598.0,56156749979.0,57771364236.0,63309858614.0,65713253137.0,102949008504.0,103026499843.0,32958245262.0,40738439322.0,8625614.0,3375698245.0,-305863136.0,3348757685.0
060560,HC홈센타,CFS,118838570642.0,121534639801.0,141674042952.0,135956054184.0,200968135130.0,198489864732.0,220269927294.0,208620677279.0,104565566065.0,107787371919.0,13396180358.0,7004905296.0,10896562513.0,5391724761.0
060570,드림어스컴퍼니,CFS,229400370861.0,212620455643.0,110808062292.0,100776108636.0,113396561617.0,104063881260.0,171859303864.0,167783577323.0,67237094836.0,67937801794.0,1455289755.0,-614925528.0,2423442561.0,23601452211.0
060590,씨티씨바이오,CFS,88340243349.0,89836284227.0,73749261710.0,74658466590.0,90245194577.0,92423440557.0,91977285564.0,93902956340.0,36296031143.0,40942134696.0,1041664027.0,3339500186.0,-261803532.0,2396553426.0
060720,KH바텍,CFS,247392837758.0,181964679579.0,187017528188.0,113555768665.0,189567235027.0,115409514005.0,246421118839.0,229351248316.0,75517551581.0,53800850488.0,6041664703.0,3740944398.0,10187574410.0,4786049958.0
060850,영림원소프트랩,CFS,39289510318.0,44035183024.0,9909415532.0,12981450453.0,13234612911.0,17632335848.0,43896821042.0,43735676905.0,13990272824.0,13886601940.0,781493636.0,768575003.0,920691283.0,1017230760.0
060900,에이전트AI,CFS,46683774736.0,32308619705.0,25414062152.0,33069031715.0,29757026385.0,37725726356.0,56081926628.0,32844891296.0,8440755613.0,12224234295.0,-1045089687.0,-2235869429.0,-3309669872.0,-5412391290.0
061040,알에프텍,CFS,167991451501.0,190323893374.0,98905665570.0,91149517266.0,147835352724.0,141817066092.0,238197296942.0,235536201100.0,62510725427.0,60222988092.0,-1414392630.0,2929327275.0,-3826041816.0,4150879641.0
061090,세나테크놀로지,,,,,,,,,,,,,,,
061250,화일약품,CFS,135046623641.0,138067562349.0,11222319259.0,7940868656.0,11806948019.0,10023751272.0,177616310479.0,175573363603.0,33016025209.0,35993042442.0,908620136.0,1950379728.0,772529740.0,2267746183.0
061970,LB세미콘,CFS,207316211831.0,207335454411.0,203300214969.0,216354907140.0,389900862118.0,385945616683.0,373857998743.0,381148543507.0,103279443920.0,144589074906.0,410386733.0,19829556631.0,-2014705767.0,14986926162.0
062970,한국첨단소재,CFS,13442573502.0,13756515463.0,14498300449.0,11926494194.0,19267008345.0,18128066773.0,2791604397.0,4778030673.0,4591883435.0,6361940298.0,-868078261.0,630881970.0,-719801842.0,639542522.0
063080,컴투스홀딩스,CFS,49345801491.0,41361797748.0,166226199615.0,172536299669.0,331080803226.0,297993126638.0,279325205959.0,291123701687.0,,,-10349951294.0,-1621535635.0,-14503504556.0,-31716741610.0
063170,서울옥션,CFS,122286949715.0,124629824229.0,31807183218.0,46031932771.0,70730429621.0,70175112067.0,121352512904.0,124166380116.0,18615664490.0,13152374905.0,1637610386.0,2477316273.0,1194436771.0,789982836.0
063440,SM Life Design,CFS,34761650631.0,40631526211.0,6786549325.0,13427536896.0,8552023872.0,15402903839.0,53515431243.0,52268757016.0,12647111048.0,7714634393.0,689444077.0,210346016.0,805067696.0,141073602.0
063570,NICE인프라,CFS,189547555060.0,190792622488.0,247435210722.0,244076329554.0,323416359544.0,322118727469.0,176569952992.0,175778384084.0,89270751984.0,72484767850.0,7393625733.0,5692196935.0,3932720491.0,2177774835.0
063760,이엘피,CFS,22405920421.0,30622075406.0,8629866953.0,12847321199.0,9297853909.0,20440364937.0,69278929203.0,64283820361.0,6991329854.0,3976660937.0,22025478.0,-1398264825.0,6058610164.0,-266294377.0
064090,인크레더블버즈,CFS,60022789509.0,8459767715.0,326796070.0,4846767253.0,20918830814.0,4933659624.0,39477621633.0,3706727952.0,1002966676.0,6687131868.0,-516884347.0,-2190957326.0,-4895140064.0,-3753720034.0
064240,홈캐스트,CFS,50494437969.0,53601134824.0,4574955368.0,1990529926.0,5176865716.0,2315663973.0,89369546647.0,95345908085.0,5168425549.0,16009920817.0,-2259411605.0,-142593035.0,-1927300954.0,-907670796.0
064260,다날,CFS,547036729137.0,585055776128.0,372717211454.0,215436711211.0,393816476814.0,416662689792.0,326336428911.0,332732185367.0,75040489396.0,74470231875.0,738557438.0,-2877518860.0,-407879288.0,-10269508494.0
064290,인텍플러스,CFS,84865419739.0,87305013341.0,57869159995.0,48653047780.0,58354799113.0,49031051590.0,57249577184.0,67184675194.0,20137420812.0,30972653260.0,-4515864353.0,6719648023.0,-4064598666.0,6119459822.0
064480,브리지텍,CFS,25800472268.0,32463752484.0,6206464683.0,12059995186.0,12114261745.0,18172828542.0,51188804108.0,51750347670.0,10169537015.0,15511714149.0,674338084.0,1102735688.0,651705852.0,907375209.0
064520,테크엘,CFS,72828243645.0,59147361653.0,31230471581.0,11575400486.0,48398270424.0,37047969291.0,64722827096.0,52389595812.0,5459169358.0,6015564498.0,-1273002468.0,-533808783.0,669745312.0,-696416059.0
064550,바이오니아,CFS,144236069393.0,134085503468.0,42968235415.0,36237286976.0,66357641971.0,55197726752.0,247156796325.0,243539618432.0,69349335666.0,52560802624.0,5132482187.0,43463775.0,3476542821.0,1241918605.0
064760,티씨케이,CFS,304612453591.0,343235703465.0,31925825985.0,62254946331.0,33526654185.0,63669414182.0,428869509740.0,416873645081.0,47439726874.0,84853134094.0,12962204244.0,33581062426.0,14888093908.0,25891339995.0
064800,포니링크,CFS,114276949495.0,131825012923.0,21399037659.0,24476677816.0,33057330921.0,36327784551.0,158193761838.0,169442787696.0,18382855955.0,28459397126.0,-2319419251.0,-176699231.0,-2279955953.0,-6638749967.0
064820,케이프,CFS,58409332454.0,48179988614.0,71661783242.0,62814200212.0,3042497598978.0,2092305299126.0,251789340019.0,236541292136.0,121002192604.0,170127930841.0,10669024213.0,-2331190672.0,-1060767876.0,-1327058468.0
064850,에프앤가이드,CFS,24148829132.0,29049742417.0,21270651151.0,20467853426.0,42367828147.0,42427474057.0,54410953712.0,56107226484.0,7172464324.0,7033339935.0,1387213463.0,1428813978.0,938808902.0,2478915623.0
065060,지엔코,CFS,86684270790.0,91631913936.0,98107379175.0,72419545450.0,102915473653.0,103009944490.0,122002609539.0,123954261310.0,35792011385.0,41394529489.0,422665980.0,-562046020.0,-1323613798.0,-63060695.0
065130,탑엔지니어링,CFS,313660714290.0,282936680058.0,218047833146.0,202480865442.0,226527734902.0,213937353882.0,318149745916.0,298677710121.0,199502811749.0,258514222167.0,3920657730.0,125938164.0,2458578155.0,6175372063.0
065150,대산F&B,CFS,25897077472.0,37596136764.0,19681020003.0,28907343713.0,36167525818.0,41291511955.0,25698034908.0,32675743877.0,32519048221.0,32159293310.0,-1444382229.0,-574781080.0,-5565353441.0,-1676739544.0
065170,비엘팜텍,CFS,30044687703.0,32611820331.0,44032559625.0,48979060154.0,60768991767.0,62604396406.0,36438044687.0,41082112317.0,26139046200.0,18183411227.0,-1651531351.0,-516002935.0,-4905035165.0,-4642433625.0
065350,신성델타테크,CFS,364361258967.0,331626901834.0,382025930759.0,355595903922.0,428799984829.0,413358161001.0,235622646292.0,214490056158.0,203673802685.0,199710466498.0,10757374524.0,10803435350.0,9361265769.0,5284345895.0
065370,위세아이텍,CFS,9181781436.0,11858206703.0,17310389480.0,11484481650.0,18028307580.0,21039189650.0,33109760586.0,27986825012.0,5136547747.0,9116380492.0,-1358453442.0,358727383.0,-1554700647.0,2727309110.0
065420,에스아이리소스,CFS,12958242883.0,12358993635.0,1585169745.0,1224343263.0,2751884225.0,2390729600.0,18048855603.0,17659179699.0,1330430659.0,607885745.0,-1040057811.0,-651529819.0,-728359804.0,-361136905.0
065440,이루온,CFS,46914280905.0,50823200852.0,16578633041.0,21224125174.0,18956585177.0,22728605770.0,41860066081.0,41831910150.0,11207531018.0,10156473412.0,216600395.0,-194662242.0,433203809.0,34622972.0
065450,빅텍,CFS,47466868111.0,50591687486.0,34138659380.0,16353089098.0,42619786741.0,35168431167.0,57938951185.0,61043595847.0,10593254098.0,18054864206.0,-1290268666.0,525378060.0,-1540825785.0,-50853321.0
065500,오리엔트정공,CFS,41724384704.0,54145775168.0,42028275060.0,54120187296.0,54199025169.0,74832272968.0,44021246201.0,50170500528.0,44387728097.0,27128814545.0,596223758.0,657827607.0,662228792.0,2903352861.0
065510,휴비츠,CFS,80793947687.0,70418666231.0,64400088713.0,55303864717.0,77558313719.0,67767973941.0,116682734307.0,109443983699.0,31928186479.0,26626102836.0,5827230726.0,5136567651.0,4238712252.0,4245989217.0
065530,와이어블,CFS,34057665485.0,43966807545.0,36493748032.0,36424596983.0,51271556139.0,49884232016.0,73423291409.0,75614565738.0,14954099692.0,13672261063.0,99689670.0,935710794.0,149355524.0,731957275.0
065570,삼영이엔씨,CFS,66807262169.0,64720890199.0,47037644134.0,23167815532.0,47511868915.0,43160486939.0,38194656960.0,37053194895.0,9567396256.0,8246497568.0,-167904422.0,-6852812879.0,1118846116.0,-8373755063.0
065650,하이퍼코퍼레이션,CFS,35581589634.0,36494234098.0,9261746092.0,2358325591.0,35797061743.0,24661658443.0,21407137028.0,31091015752.0,12288839771.0,10046084683.0,-38310899.0,-1009157344.0,-10248399293.0,-5547412414.0
065660,안트로젠,CFS,56972771739.0,62449414128.0,10689548299.0,15037067002.0,16240352332.0,17341328248.0,117285902850.0,106791384883.0,1541170253.0,1775563970.0,-1937507320.0,-1139270507.0,-1653699695.0,-2142416147.0
065680,우주일렉트로,CFS,187986145372.0,193891164427.0,63911888061.0,67013964833.0,64570084434.0,67369648581.0,225941102065.0,225535606214.0,37178635123.0,50055242490.0,938113596.0,6066232841.0,631747919.0,5005788279.0
065690,파커스,CFS,52828431673.0,58030166527.0,66501870298.0,32242898986.0,73500675409.0,75217413297.0,58551559814.0,64548512636.0,17987073030.0,24416566788.0,-1600033708.0,-6298397526.0,-2633557161.0,-4540546704.0
065710,서호전기,CFS,59706317086.0,55029166940.0,21371702642.0,10761916818.0,22388049558.0,11666358209.0,90937019216.0,90138282394.0,21649036703.0,11488025638.0,3683179852.0,-588502934.0,4469748370.0,593893146.0
065770,CS,CFS,17269412299.0,29005084679.0,4436729272.0,15782915318.0,4769058605.0,15952607530.0,17710767469.0,18164712584.0,9177905049.0,6986841261.0,-212140732.0,-998168472.0,436712787.0,-4736906.0
065950,웰크론,CFS,152881229102.0,200799075556.0,127988650561.0,187424610050.0,150079651662.0,210309011056.0,135289834293.0,128920817278.0,117702569487.0,129634797522.0,2143460654.0,6403931656.0,2313711121.0,2971795975.0
066130,하츠,CFS,74404989110.0,74544470332.0,21868625247.0,20406825966.0,37654859400.0,37515176665.0,98290694405.0,97104115605.0,40165374379.0,36591850858.0,2052657210.0,2377567562.0,1982417236.0,1448499404.0
066310,큐에스아이,CFS,33582621818.0,30463195859.0,3604960446.0,2763369648.0,6293288510.0,4723669229.0,86831353658.0,81264942459.0,5002428717.0,5745240731.0,-278321496.0,890048076.0,2047492861.0,2871186932.0
066360,체리부로,CFS,109482644737.0,93521239698.0,165011204803.0,154434800262.0,200206129899.0,192510995862.0,92012634234.0,84222462761.0,105430131447.0,105558214679.0,11992125526.0,4488066577.0,9789978876.0,4657628020.0
066410,버킷스튜디오,CFS,32642608392.0,61835862183.0,137561709198.0,128945677814.0,148531952221.0,184300639634.0,146825354646.0,129250884018.0,10211276149.0,12616840017.0,-896004891.0,-92042186.0,12662881937.0,-107004165447.0
066430,아이로보틱스,CFS,23479693515.0,32756234894.0,11042876233.0,17462835004.0,12779197228.0,18698484483.0,39333429375.0,37648356787.0,8724813181.0,9925298717.0,229881274.0,342062.0,-659741632.0,28287185.0
066590,스모트로닉,CFS,118354621066.0,129183982461.0,165696721535.0,175508048913.0,191725570969.0,204659182651.0,74979237542.0,72910162407.0,95435675863.0,83623217304.0,1361489298.0,734120592.0,1128405292.0,-393626940.0
066620,국보디자인,CFS,211314681360.0,187874020683.0,135211096648.0,126104771924.0,139166345313.0,127754640757.0,202282444990.0,145726796637.0,104878444221.0,90986302944.0,4729815006.0,6988677446.0,5692785506.0,5270044666.0
066670,디티씨,CFS,74244402634.0,99114093027.0,4047421483.0,11817004077.0,8089210974.0,15493707550.0,159376082679.0,158322173594.0,7925266624.0,6616239424.0,421903975.0,596970100.0,1217801663.0,-315999822.0
066700,테라젠이텍스,CFS,121094701008.0,106961890466.0,82719716498.0,74839437578.0,96932988174.0,88884075471.0,153894974876.0,157669141663.0,53483598979.0,45608116897.0,2986971412.0,3222235116.0,1394037088.0,2522870992.0
066790,씨씨에스,CFS,15248256961.0,14739974776.0,2872485987.0,3136255049.0,6701153669.0,7178057699.0,25250827822.0,24914268551.0,4847058003.0,4742527315.0,175781537.0,301811148.0,197478918.0,92748840.0
066900,디에이피,CFS,98974780437.0,86762904656.0,116356104556.0,95698866960.0,194073721518.0,153250431019.0,104383140375.0,111161890788.0,95925836311.0,79158934497.0,-3476434507.0,1301071208.0,-6233884686.0,2360850107.0
066910,손오공,CFS,26504217222.0,34192667676.0,27316898852.0,32538474176.0,28066144754.0,33584371766.0,16320345016.0,18831214473.0,15746146256.0,16977996257.0,-2593064061.0,-2969703215.0,-2699326583.0,-3555450342.0
066980,한성크린텍,CFS,174989331773.0,152887558116.0,183402603473.0,162099489756.0,198649281174.0,183218891850.0,131647744367.0,118160313707.0,108481337050.0,73843904970.0,2583518557.0,3812315564.0,-230262249.0,2252509431.0
067000,조이시티,CFS,58574290811.0,55688649380.0,62172842555.0,64800655368.0,145913340339.0,148778315777.0,103808982938.0,98876262762.0,,,4767753980.0,79494832.0,2708268538.0,83246059.0
067010,이씨에스,CFS,76177986548.0,78524270246.0,26759125496.0,27341634201.0,27883075560.0,28804559975.0,55022631432.0,55790862724.0,27703360542.0,26733966528.0,2037521500.0,1299345301.0,2242581576.0,1203425616.0
067080,대화제약,CFS,61217575198.0,51212556542.0,96710979270.0,83259700454.0,132325575942.0,117365188413.0,81105984522.0,81691284606.0,34988930999.0,31013843798.0,942833420.0,-658696581.0,-57272450.0,-938716580.0
067160,SOOP,CFS,416363977558.0,370259685206.0,227517476149.0,217402142629.0,235135303571.0,223950840265.0,273624214180.0,241174630522.0,86667180767.0,77950750091.0,23631486817.0,23192158950.0,22701395784.0,19740401123.0
067170,오텍,CFS,503968191545.0,433075606740.0,474796541809.0,395412074628.0,544807774961.0,469311864145.0,141163582487.0,142142993504.0,292666312382.0,268686445148.0,9575456789.0,3735883328.0,6851447917.0,-4477626046.0
067280,멀티캠퍼스,CFS,179690189214.0,168207549301.0,64515933721.0,70852237023.0,108450660477.0,119379682772.0,182404560312.0,172369983995.0,91328760347.0,87709665170.0,,,7051046377.0,6506464533.0
067290,JW신약,CFS,47248678988.0,33866545789.0,48486469205.0,37896791771.0,51298708616.0,38401736664.0,17304474579.0,55692210687.0,27075751980.0,24133522240.0,1248489997.0,1072543632.0,-38143317086.0,-332766762.0
067310,하나마이크론,CFS,376534639685.0,383477863614.0,577550905298.0,442084130909.0,1049311152773.0,920833274905.0,582259285257.0,488215520054.0,249241716070.0,242225703676.0,18467715749.0,36106838159.0,19061507806.0,18346223990.0
067370,선바이오,CFS,15563133794.0,16112462669.0,17579273222.0,18034554018.0,18257561653.0,19059503595.0,26060746561.0,23839291192.0,3830853598.0,2215057027.0,2765791231.0,187834844.0,2505237025.0,544616337.0
067390,아스트,CFS,252401743556.0,226479936816.0,317399844239.0,281501687188.0,377449254663.0,366602764102.0,138113612702.0,126003977500.0,48239179953.0,43666681215.0,-16562883794.0,1528630775.0,-21142371706.0,-3456468824.0
067570,엔브이에이치코리아,CFS,501020164294.0,477110264238.0,649485818275.0,562160544876.0,857473051085.0,766699928087.0,317561818860.0,298485555489.0,345650195620.0,288617515542.0,15979140053.0,10392345442.0,160790988.0,26628996766.0
067630,HLB생명과학,CFS,64452111491.0,160775696115.0,23926772078.0,26784511102.0,176754363663.0,175723722598.0,237513728338.0,236066648867.0,21429514246.0,15868220416.0,-6631312986.0,-4753691376.0,-9795171342.0,6620669999.0
067730,로지시스,CFS,15041180653.0,15558463632.0,5087780020.0,5769791518.0,6336344979.0,7019709179.0,17120753043.0,17067726284.0,7841070857.0,8795684705.0,3474093.0,220841252.0,1853422.0,200889180.0
067770,세진티에스,CFS,33496210332.0,33913715222.0,2124080516.0,1862009948.0,2182118974.0,1939358100.0,43793019376.0,44994552145.0,1994661680.0,2693369209.0,-750688054.0,-552031999.0,-317229140.0,-47790308.0
067900,와이엔텍,CFS,60650454928.0,44281097643.0,59091466267.0,57125390316.0,108574790362.0,81310904559.0,235345633996.0,199778106119.0,29987414135.0,30299284922.0,9811657929.0,7935053434.0,6578776412.0,5184408326.0
067920,이글루,CFS,34162492106.0,39596815185.0,17807296665.0,18480131052.0,19545610508.0,20303454856.0,69624585231.0,70728388801.0,,,549594379.0,734926118.0,704263273.0,1220905990.0
067990,도이치모터스,CFS,331441711084.0,276381885366.0,687197311433.0,714718876946.0,991586130608.0,875203810205.0,373046652583.0,395305914456.0,580761977248.0,482949443905.0,15185473939.0,19975472330.0,7440111418.0,13489490042.0
068050,팬엔터테인먼트,CFS,44029453380.0,38009382597.0,40605273184.0,35562276849.0,47571931469.0,44047033500.0,74251227790.0,72358595734.0,43743169270.0,1696414841.0,2492427117.0,-24656538.0,2224871441.0,1227974785.0
068100,케이웨더,,,,,,,,,,,,,,,
068240,다원시스,CFS,378874462069.0,351616078260.0,409907183914.0,376169405635.0,492184701768.0,467395937130.0,210479023171.0,205482096687.0,93083140210.0,40122014975.0,6330818980.0,-41142650082.0,779672695.0,-40851962035.0
068330,일신바이오,CFS,42740812645.0,41175085077.0,4865333506.0,4424566418.0,4961786199.0,4631875252.0,54861617853.0,53819218480.0,5994570548.0,4415016738.0,2821878065.0,791100551.0,2585849139.0,688326660.0
068760,셀트리온제약,CFS,337218379264.0,311917984745.0,225895705566.0,211998455481.0,250920200425.0,242938002116.0,370823385263.0,356786547007.0,110244718051.0,105391414870.0,14774447811.0,10858504763.0,10561989456.0,7544323665.0
068790,DMS,CFS,216032968926.0,276666474078.0,64541401172.0,95424576474.0,65168597477.0,96104848580.0,343450410998.0,330229133479.0,42101496110.0,77271645931.0,8239931607.0,13786218963.0,8654761359.0,11775362502.0
068930,디지털대성,CFS,40647868235.0,51510944653.0,60508655296.0,66630101781.0,72496441152.0,80206389099.0,160174130148.0,165147696303.0,49272472596.0,51553149766.0,7985540605.0,8134470625.0,5607384596.0,6129490488.0
068940,셀피글로벌,CFS,26859001284.0,29436637325.0,15335485810.0,15534947933.0,16900428347.0,17904066356.0,23182982104.0,25658252736.0,10214267438.0,11074822375.0,-541592807.0,2664179002.0,-725773303.0,1878205348.0
069080,웹젠,CFS,386863614797.0,366112107482.0,59180478996.0,62738273288.0,65953083194.0,72507694485.0,592695201407.0,574359707496.0,42496973279.0,69594244806.0,11845578838.0,25629072665.0,13170800453.0,20609828221.0
069140,누리플랜,CFS,80167338349.0,79294889369.0,87854482864.0,87611645189.0,116493561158.0,111454132570.0,24878718934.0,31022268851.0,37886402037.0,32983573307.0,-3098311693.0,1395174289.0,-3508855372.0,1439327804.0
069330,유아이디,CFS,14434998416.0,12571379004.0,14975993869.0,13227548117.0,24027129648.0,14245050066.0,20926266483.0,22844572663.0,14859968749.0,12695600999.0,1236909713.0,-216116754.0,1221873467.0,-90827713.0
069410,엔텔스,CFS,42406254606.0,52476007974.0,6101971981.0,12589549124.0,7263498520.0,13895123618.0,49974488376.0,52283631190.0,8819866735.0,10500972835.0,-1609485361.0,-1642730720.0,-998676874.0,-1004226280.0
069510,에스텍,CFS,190156976268.0,205292395792.0,89178020814.0,110247040296.0,94539377255.0,114946830657.0,147851478353.0,139489498952.0,95040559634.0,117783260124.0,6032516866.0,4788069907.0,5532561437.0,4355036048.0
069540,빛과전자,CFS,33497885235.0,57686557586.0,22416604469.0,31182109825.0,26037937088.0,34495413364.0,52241290303.0,55273580632.0,4975770403.0,19308778971.0,-3147599370.0,1850914931.0,-3180134131.0,124189611.0
069920,엑시온그룹,CFS,30988017999.0,42730720050.0,2624871684.0,4507670212.0,2765960484.0,4667670212.0,53402161419.0,57128679044.0,1467173054.0,1685181612.0,-2609616500.0,-2562984107.0,-3706181533.0,386750172.0
070300,엑스큐어,CFS,21672839425.0,20039915505.0,19414028484.0,1020229650.0,20003214603.0,1487098049.0,27714277732.0,24533006308.0,3097093282.0,3386023098.0,-131855566.0,845410631.0,-218579705.0,1035524877.0
070590,인티큐브,CFS,17275507256.0,25186277383.0,10139627357.0,14137590889.0,13532128192.0,16550904014.0,19337290664.0,23265038196.0,9849201357.0,16325264273.0,-2288734155.0,-566448528.0,-1907003161.0,-537333812.0
071200,인피니트헬스케어,CFS,125624718332.0,113219819323.0,27427328161.0,28925113790.0,33771072523.0,34671015122.0,125140016309.0,114837079223.0,21156026318.0,19963905671.0,1326633114.0,1497128187.0,4319080501.0,-4927902252.0
071280,로체시스템즈,CFS,79015111602.0,76727329474.0,24935061441.0,27099678761.0,26042024036.0,29299678761.0,109192154336.0,104463453941.0,35756555655.0,33715976204.0,4211565860.0,7096030355.0,2991714480.0,4247690594.0
071670,에이테크솔루션,CFS,149385009040.0,146563267808.0,140276231603.0,145780399939.0,156604010423.0,159222585635.0,86121011718.0,83511539734.0,61156218404.0,61130221324.0,1441828684.0,205184093.0,175623032.0,752037611.0
071850,캐스텍코리아,CFS,139418928362.0,138772668812.0,159398842190.0,156636932417.0,170362572757.0,167543247800.0,86138197528.0,90335146121.0,42479822240.0,42414096046.0,-3946559856.0,-3259843911.0,-5704133365.0,-3004513072.0
072020,중앙백신,CFS,44617326201.0,39590156953.0,14131726873.0,13312940676.0,19922157248.0,19554133565.0,96749354349.0,95304449445.0,9998216126.0,11157911058.0,759555897.0,876130523.0,663180583.0,1508046671.0
072470,우리산업홀딩스,CFS,239999616490.0,193876339027.0,232968526446.0,186474979253.0,264074240046.0,216191613788.0,191757215560.0,185637961574.0,137359277910.0,120800564282.0,3962574865.0,-5561654090.0,3682763708.0,-4139682337.0
072770,멤레이비티,CFS,65606258574.0,90172828962.0,44239350994.0,54726566491.0,61031590731.0,65397597719.0,70952785173.0,57806415696.0,15180245907.0,26296764109.0,-960717386.0,1237747556.0,4341825772.0,-896437957.0
072870,메가스터디,CFS,139883580096.0,197118357878.0,105057644232.0,42464379216.0,153919795348.0,63248274790.0,338822313486.0,340533947545.0,29647064064.0,36748846874.0,4143247962.0,6790551124.0,9183155233.0,8264254166.0
072950,빛샘전자,CFS,50276563288.0,51475967517.0,9490299195.0,13350615070.0,12253189658.0,15421105355.0,69247104424.0,68097063575.0,18751245448.0,24307426660.0,668982031.0,363149133.0,867177800.0,493907636.0
072990,에이치시티,CFS,33629478197.0,35606736723.0,33326485022.0,33439386599.0,55724882139.0,56353183301.0,79706692363.0,76219659511.0,18809903710.0,16638719638.0,2872466694.0,1478579040.0,2456403707.0,840127375.0
073010,케이에스피,CFS,41172933787.0,31844687243.0,30330115747.0,23310521115.0,33703161156.0,26366545034.0,37626779186.0,34031333905.0,19664986954.0,14453332093.0,2696650801.0,857308606.0,2444828903.0,824642872.0
073110,엘엠에스,CFS,83670777718.0,127741207740.0,73688395407.0,105085945894.0,90333754920.0,132322986342.0,91859726655.0,96626692580.0,19168500633.0,27199237394.0,-2703590950.0,1155743227.0,-2601931216.0,3115298782.0
073190,듀오백,CFS,8763309810.0,9963862747.0,6585615077.0,5595531619.0,7553141034.0,6564801806.0,18329252431.0,20571162162.0,5679376670.0,7613623583.0,-1084262230.0,-1267963693.0,-1350304128.0,-822525217.0
073490,LIG아큐버,CFS,137490272733.0,132319869980.0,30032334398.0,50676628137.0,34213160510.0,54565835719.0,157131799955.0,130907149662.0,20395032164.0,17279360998.0,-2377858245.0,695688429.0,-2091983244.0,1963145470.0
073540,에프알텍,CFS,67859109670.0,76143405944.0,42536979393.0,44758857520.0,53926102802.0,56573681993.0,55469848285.0,56151426242.0,4281004130.0,6662716269.0,-512287666.0,-601590658.0,-330362026.0,-112903862.0
073560,우리손에프앤지,CFS,199664852814.0,192329563390.0,158234588155.0,169073964681.0,219177601529.0,215288539162.0,266075793971.0,261921342417.0,72306264097.0,72211240383.0,7133236984.0,21861768706.0,7058495983.0,19843832753.0
073570,리튬포어스,CFS,146136451181.0,24777933283.0,43882629860.0,34092881399.0,121094903090.0,61564824488.0,377546887826.0,185931113989.0,3450738023.0,4740390397.0,-1441153348.0,-605713204.0,1824950064.0,116578910.0
073640,테라사이언스,CFS,70900247969.0,78929549404.0,23295844264.0,25798067034.0,26399635346.0,28521418086.0,94536613473.0,79954724238.0,6124830399.0,5640113476.0,-177731523.0,98103240.0,-1722176099.0,1558296593.0
074430,아미노로직스,CFS,39861109839.0,43569079908.0,3879417072.0,3428598552.0,4536234753.0,4178089491.0,52793992194.0,51404094260.0,4503320424.0,5512887555.0,365427545.0,1750107996.0,190205043.0,955540098.0
074600,원익QnC,CFS,352388244173.0,351908541684.0,235759077590.0,241956732269.0,820392473572.0,804379444832.0,505486140233.0,469908152242.0,202656265045.0,192188009774.0,27962568811.0,35915393414.0,21441621221.0,31570133546.0
075130,플랜티넷,CFS,44344853098.0,42135518066.0,12492902328.0,10865881228.0,15244911009.0,14045224805.0,77058722880.0,77354933221.0,9159015129.0,7205377978.0,230755084.0,180109109.0,1271119428.0,570152463.0
075970,동국알앤에스,CFS,68801695715.0,73464641933.0,39247969433.0,44234443562.0,44817288820.0,48860616540.0,81479902880.0,82451597271.0,29017184175.0,31041733320.0,1015475072.0,2045712367.0,403282637.0,2388919612.0
076080,웰크론한텍,CFS,109359654459.0,156520398772.0,77720154987.0,135134709507.0,79520111681.0,136197837718.0,69449605513.0,64734851755.0,89754890190.0,81809138409.0,-321987381.0,-1106012522.0,140887103.0,-1027366600.0
076610,해성옵틱스,CFS,42996521913.0,36478243625.0,30778388252.0,37736215147.0,44023805059.0,41260328999.0,41340872130.0,36526301529.0,30007503766.0,49061234733.0,1974193801.0,-34164486.0,1606300315.0,399751613.0
077360,덕산하이메탈,CFS,142771715511.0,109546796516.0,69624424711.0,48874446061.0,80204775206.0,59414728372.0,316538415884.0,304123915253.0,35295708172.0,25720947927.0,-2218342215.0,679483363.0,9139541665.0,1836375973.0
078020,LS증권,,,,,,,,,,,,,,,
078070,유비쿼스홀딩스,CFS,271510305736.0,262051117877.0,37513733388.0,33697843634.0,45992748572.0,41396348919.0,335698544926.0,323518740132.0,51758205606.0,41285451414.0,13536288437.0,7991334013.0,12940828652.0,10746065079.0
078130,국일제지,CFS,44805085818.0,48592928805.0,72086587823.0,61248692532.0,78964485315.0,78481022457.0,49049465929.0,52660752243.0,20617820670.0,29065974331.0,-1015278859.0,-1671660764.0,-8831993894.0,-1119452462.0
078140,대봉엘에스,CFS,125229841903.0,130218025434.0,37775738011.0,34838634923.0,39774092817.0,37696424216.0,150441754478.0,148440479978.0,21295028361.0,25039118346.0,286426546.0,2645254326.0,295965048.0,2023044454.0
078150,HB테크놀러지,CFS,129515344764.0,83657858910.0,67746414758.0,70281619326.0,86358751417.0,102973008657.0,269750691916.0,206229408153.0,55499850569.0,29451178810.0,24830240934.0,-149031779.0,6383085947.0,12979305495.0
078160,메디포스트,CFS,146851825564.0,151810654877.0,146931975288.0,154588011920.0,217563084402.0,215213128830.0,178391378605.0,182577774157.0,16651901177.0,15950536951.0,-5036239957.0,-4701729834.0,3284566785.0,-11629856634.0
078340,컴투스,CFS,587141245097.0,597580860207.0,346586597431.0,320098801943.0,600764103906.0,576012278314.0,1340935993685.0,1332346083619.0,,,-5326589812.0,3778956526.0,-4321761817.0,14910074195.0
078350,한양디지텍,CFS,120810439399.0,120980226278.0,111921176410.0,101499220870.0,120913890611.0,111888104944.0,127608151583.0,121858465757.0,109097229615.0,117044517942.0,3942369983.0,14386608652.0,2081896236.0,9753531509.0
078590,휴림에이텍,CFS,34571939730.0,34297023550.0,6647928697.0,7377277725.0,8275287738.0,9326067927.0,35817272166.0,34696259252.0,11962544039.0,10127922822.0,482668642.0,889235134.0,215731803.0,1704941534.0
078600,대주전자재료,CFS,122200625504.0,128041011549.0,240953516769.0,195973478515.0,251247157078.0,207199235333.0,118954138263.0,120689685872.0,45729615912.0,58614626091.0,1815692803.0,5054991366.0,812746623.0,3113743758.0
078860,아이오케이이엔엠,CFS,22327305422.0,30727266896.0,40813002659.0,39362149721.0,41565302194.0,41457072362.0,76436454631.0,94233889441.0,1816997172.0,3830082922.0,-1742377624.0,-1421043900.0,-6673843493.0,-19102174384.0
078890,가온그룹,CFS,455841774380.0,384532696851.0,285508172793.0,213242793024.0,326386844238.0,244055437441.0,177911438548.0,188078089347.0,186156157408.0,166127973211.0,3029095354.0,1663348494.0,2732141243.0,5665792895.0
079000,와토스코리아,CFS,64619223665.0,65094030058.0,3009685107.0,3545439256.0,4521113030.0,4912856917.0,77482253014.0,77902907416.0,4432489335.0,5563486314.0,45147713.0,268743015.0,489143183.0,3833628520.0
079170,한창산업,CFS,45441768488.0,47817464438.0,3806059021.0,6009804374.0,13507134296.0,13254261820.0,60563225032.0,61805619670.0,17945640422.0,20700306034.0,840607719.0,2475893017.0,638318847.0,2365704884.0
079190,케스피온,CFS,45028520287.0,21081268319.0,23338426716.0,26484980163.0,31343472792.0,36235633510.0,23791729034.0,15420780390.0,12438996162.0,13335662101.0,-985937526.0,-261335650.0,1614321058.0,2839613182.0
079370,제우스,CFS,387471168277.0,419997516124.0,233538589058.0,252189365519.0,310956688922.0,333093942851.0,271833078849.0,279163380393.0,95130383382.0,113519577530.0,-69101114.0,5830313263.0,-1952008861.0,5415191170.0
079650,서산,CFS,80837067783.0,79110881120.0,6346328167.0,6774847133.0,6430726540.0,6872284734.0,105871432493.0,104758793793.0,9024546281.0,16023621551.0,243838110.0,526591530.0,945818181.0,937815399.0
079810,APS이노베이션,CFS,51939223239.0,49011644615.0,72207456952.0,57279507315.0,81606189594.0,65599289243.0,22366487273.0,23452677033.0,32742098990.0,13072715354.0,127042146.0,95941632.0,-296023470.0,471438591.0
079940,가비아,CFS,198062105389.0,204914878801.0,69098762264.0,73461222530.0,120152407688.0,125695725514.0,268922429024.0,242627407319.0,65536702659.0,60640585919.0,11249903579.0,9814422697.0,10341909876.0,8788942555.0
079950,인베니아,CFS,44265487186.0,60874912528.0,48012071969.0,54860214076.0,54607870574.0,61229197090.0,42847550979.0,52457591184.0,2450621143.0,22888074975.0,-5731072631.0,-1868272253.0,-5760045872.0,-3816616709.0
079960,동양이엔피,CFS,264470668701.0,244774976261.0,91096951477.0,90534481517.0,107221703904.0,107463994146.0,302217414512.0,278661793342.0,130727587776.0,164004873235.0,10359875573.0,7363910360.0,11492176012.0,4646317804.0
079970,투비소프트,CFS,65945467055.0,76885223229.0,42834018194.0,51013993221.0,48027589217.0,60089953861.0,47966725778.0,44962925361.0,9937162505.0,10417343162.0,-760240365.0,-744485201.0,-1165645621.0,-4235218103.0
080010,이상네트웍스,CFS,73172406804.0,61615508349.0,26566322174.0,25312183928.0,39980039311.0,38345879438.0,136749021536.0,125793434038.0,20270882713.0,18714452313.0,4379286985.0,5261551975.0,3713639174.0,3423712722.0
080160,모두투어,CFS,124416928570.0,109997230401.0,148495063523.0,177745962942.0,175690802156.0,181424287647.0,88152683587.0,88980831662.0,39050362284.0,8052487908.0,4121103624.0,-4877362992.0,905278282.0,-1948016030.0
080220,제주반도체,CFS,141194795380.0,129143684068.0,31515063900.0,31957699666.0,34255961600.0,33296879479.0,152315547741.0,142701993193.0,37274600164.0,48389763383.0,5872004055.0,12316325353.0,4032982730.0,7776301044.0
080420,모다이노칩,CFS,205019470204.0,253312787446.0,325178472584.0,371935331283.0,574052930070.0,629323099794.0,384159621106.0,378329359016.0,101889000491.0,113570413678.0,11529394809.0,16485169779.0,4478322132.0,11995756862.0
080470,성창오토텍,CFS,70214485098.0,61248210063.0,64455365742.0,59272667913.0,87476331161.0,74973286775.0,51982489333.0,48905468196.0,42727004405.0,51197130465.0,1780834552.0,2881319300.0,594107325.0,1132923352.0
080520,오디텍,CFS,65596058227.0,68501538028.0,13433052364.0,11727777859.0,14072921053.0,12092344928.0,124939001032.0,123478677724.0,10155076460.0,11152610066.0,-135093114.0,-488182886.0,1253875242.0,-314989436.0
080530,코디,CFS,27401684391.0,19692637351.0,34692426365.0,32210238330.0,42839094105.0,35805910958.0,26167715694.0,23753456993.0,22408391066.0,13903311886.0,348066977.0,-286288744.0,-738945051.0,-1193454013.0
080580,오킨스전자,CFS,36530839902.0,33880639208.0,36805102148.0,37553390983.0,53065149310.0,49585907833.0,32683463097.0,32973527900.0,12564834626.0,18864706440.0,99818312.0,1595225291.0,-896018032.0,1182022584.0
080720,한국유니온제약,CFS,50579803991.0,54569920468.0,58327175904.0,58992210027.0,63481405996.0,63910476451.0,46398815559.0,48612287124.0,16168811086.0,16714870647.0,-155161762.0,2338449363.0,-120513930.0,4398136516.0
081150,티플랙스,CFS,121726783126.0,110394312810.0,70813470715.0,57334845486.0,89535848819.0,79035045549.0,158981136400.0,158892677083.0,69060504821.0,66620545690.0,-819787266.0,8279170798.0,-781631352.0,6389122021.0
081180,쎄크,,,,,,,,,,,,,,,
081580,성우전자,CFS,73570647034.0,80676955788.0,33187683762.0,39136142986.0,44661304160.0,50715523007.0,109602173497.0,109551430789.0,34868348672.0,39329461893.0,-1263401548.0,270131214.0,-388404619.0,1906541681.0
082210,옵트론텍,CFS,70915721148.0,80943820601.0,195453274521.0,233170473481.0,209010080750.0,241616607113.0,41314963244.0,30440676631.0,52398997160.0,49700604008.0,2679081957.0,-17432384523.0,8988461544.0,-15183017871.0
082270,젬백스,CFS,34418083117.0,60136300936.0,11587136489.0,15824358744.0,12413613900.0,16791610787.0,136108509497.0,135551453175.0,24637804192.0,22794496806.0,8651738326.0,887421450.0,-907311317.0,-1058774924.0
082660,코스나인,CFS,27400918517.0,16484925589.0,21883324962.0,23846650768.0,22792971971.0,24767752494.0,36030598273.0,23391974425.0,2300934187.0,1560919002.0,-1841856212.0,-2232197056.0,-1428712878.0,-2722374554.0
082800,비보존 제약,CFS,41634118256.0,47561761933.0,68967605157.0,77817345015.0,72265945453.0,81236765193.0,108718103720.0,105837624027.0,16603516363.0,9901128196.0,806423985.0,-2164149131.0,-180384802.0,-7709778548.0
082850,우리바이오,CFS,463328635897.0,412972558908.0,343621972533.0,304306831427.0,362640673897.0,332208561065.0,234066428008.0,226728721696.0,291084012819.0,395304949248.0,7713161468.0,14895404263.0,7063634457.0,15872391357.0
082920,비츠로셀,CFS,166469714016.0,145305922935.0,33696082749.0,49103607676.0,36707372687.0,51477370738.0,214816281235.0,185704149895.0,49811512987.0,33283592609.0,15262793100.0,5498091874.0,17219012828.0,7177161382.0
083310,엘오티베큠,CFS,223811407772.0,185646939886.0,124075940755.0,97359755426.0,138256153110.0,112151613541.0,233493084084.0,211522202200.0,121635879194.0,84201659972.0,18667799548.0,6193567198.0,11855759811.0,6354475405.0
083450,GST,CFS,174219734565.0,178862203312.0,40573255452.0,43245956020.0,44746678750.0,50483188213.0,212684541456.0,201348272807.0,64324444370.0,75384526427.0,6307420671.0,14816056005.0,5934283695.0,12623384464.0
083470,이엠앤아이,CFS,13597331554.0,13734051994.0,5611826344.0,6616562609.0,6510843063.0,7113488072.0,15031561297.0,12484625728.0,7485190025.0,8640120910.0,338671211.0,473666308.0,971050717.0,1186892668.0
083500,에프엔에스테크,CFS,40005263800.0,28321931045.0,28909284557.0,15996617236.0,40280420424.0,28379947419.0,63065255103.0,63986438611.0,10104293713.0,25168016464.0,2035075437.0,3801582405.0,1849245730.0,3173943739.0
083550,케이엠,CFS,91249660914.0,94497673402.0,40594830725.0,42648822849.0,50128018609.0,51753573078.0,132050999811.0,133012826776.0,32475316683.0,40579733062.0,270034645.0,1953778613.0,271914769.0,2175660821.0
083640,인콘,CFS,40427909697.0,74935161289.0,17547547818.0,18175202416.0,20065974321.0,20886839368.0,91809687678.0,107392714567.0,14976361011.0,14698087997.0,956496130.0,694966897.0,-11760704316.0,-2551328373.0
083650,비에이치아이,CFS,185947149903.0,202231017437.0,352986256006.0,309895251954.0,389596597331.0,399835782572.0,45227898919.0,49538551747.0,120623468107.0,70455194914.0,-494897340.0,-509827421.0,-4372790056.0,-10720353225.0
083660,CSA 코스믹,CFS,19363154471.0,27371297481.0,26400219918.0,30732588148.0,27195513433.0,31710202105.0,-1244911420.0,2913834201.0,11134953944.0,16145392363.0,-2380249658.0,-1462794505.0,-2535042471.0,-2473953464.0
083790,CG인바이츠,CFS,121752826577.0,98853917480.0,155293791025.0,80836746175.0,217446256247.0,129190035455.0,149273739792.0,193423028183.0,6741838033.0,5502786772.0,-7203670368.0,-6669792176.0,-34832045158.0,-6630370518.0
083930,아바코,CFS,198913539241.0,194164687421.0,100232943721.0,107276092531.0,102778639960.0,109629847675.0,178949630174.0,168806346781.0,64948497361.0,28661259012.0,3129714748.0,-3049697987.0,2502955395.0,-208563855.0
084110,휴온스글로벌,CFS,586849876942.0,611225979949.0,306249309849.0,367562228300.0,393660312192.0,457233625951.0,849280708883.0,785875593850.0,193744438294.0,167637953930.0,36548590411.0,20630957397.0,22802366093.0,10192369731.0
084180,수성웹툰,CFS,47841028655.0,47827012095.0,55706560585.0,45482603061.0,57908453773.0,48645637196.0,40691873998.0,50135765847.0,9785976248.0,16206107623.0,-1466018289.0,-720396498.0,-14222483965.0,1439704701.0
084370,유진테크,CFS,304771720269.0,297304073244.0,64678954245.0,77570179279.0,75289251904.0,87311770380.0,361528251640.0,346702038418.0,78059889446.0,76234314338.0,8541422792.0,6027636389.0,8156057197.0,8212589148.0
084440,유비온,CFS,15834670052.0,10819562289.0,13631562654.0,13997921354.0,14032744693.0,14449534989.0,9970688003.0,4377982495.0,9616557263.0,8474626851.0,1300500362.0,266422931.0,686932953.0,-28148206.0
084650,랩지노믹스,CFS,235608419348.0,174482683213.0,57933133950.0,19895506360.0,75190989111.0,40142378194.0,240131885588.0,210510338830.0,15249353402.0,21865532357.0,1830726686.0,5368964042.0,3256996732.0,4032609498.0
084730,팅크웨어,CFS,242296321870.0,231723488991.0,149677301253.0,133483650738.0,161663872341.0,163431290871.0,196887478167.0,184569492797.0,110460710297.0,89847568227.0,13510572087.0,508109349.0,10502355583.0,16168923994.0
084850,아이티엠반도체,CFS,217774419981.0,248697841590.0,375015777002.0,374478519330.0,446002433224.0,456973303715.0,173858182063.0,197780858231.0,114237744390.0,133559788350.0,-7928140665.0,-8205845493.0,-13136659785.0,-6415418059.0
084990,헬릭스미스,CFS,101175121544.0,109211228413.0,31517469511.0,33196191207.0,33420675622.0,37583550701.0,206647758780.0,216478275323.0,1099759123.0,504609863.0,-9050777049.0,-12902203445.0,-8516187573.0,-8268740762.0
085660,차바이오텍,CFS,569232542323.0,520266602078.0,470577531203.0,477748000923.0,1047131232410.0,955071931840.0,667940179322.0,651936327502.0,239764610432.0,211672768843.0,1390328742.0,-5565948425.0,3156209953.0,-273542699.0
085670,뉴프렉스,CFS,58210938469.0,75701960164.0,80822676727.0,98937561349.0,89380378325.0,108340504765.0,66528429378.0,66762467982.0,38472784109.0,63302000622.0,-1522499940.0,4887332774.0,-1415560191.0,6004811254.0
085810,알티캐스트,CFS,9041926378.0,9873584189.0,14524913070.0,12683540646.0,30023850471.0,22875308644.0,28961916181.0,47085945910.0,,,-1773319424.0,-2414166662.0,-15381201068.0,-2577433732.0
085910,네오티스,CFS,64577425667.0,74035142541.0,56560624345.0,63416280982.0,59955466390.0,66832892775.0,72348269760.0,77934212170.0,14644693493.0,22675730786.0,-490076828.0,4306696883.0,-2574392909.0,2720470629.0
086040,바이오톡스텍,CFS,47333150060.0,49129837510.0,52687918791.0,59527934760.0,75295547260.0,81333510340.0,52272339309.0,44366867016.0,8942633792.0,9309884003.0,-1268102524.0,513135206.0,-3244301678.0,79277232.0
086060,진바이오텍,CFS,48530552868.0,46269472620.0,15069116000.0,15920095311.0,18911958365.0,18314887311.0,47042349935.0,45726044279.0,20582095710.0,18691881697.0,1343758290.0,98521980.0,719409535.0,-33589946.0
086390,유니테스트,CFS,128313304206.0,107111004989.0,47298155524.0,33724407262.0,60251544564.0,46551588334.0,148847169016.0,143150890509.0,76291487111.0,18832459357.0,6462853536.0,-7155385575.0,6814223951.0,-5334063039.0
086450,동국제약,CFS,396426738055.0,385321451873.0,213081037764.0,198539154920.0,252700220492.0,237265679685.0,552236607067.0,531064404391.0,185878686209.0,169856752054.0,12908729187.0,19962348544.0,10260984516.0,16144464381.0
086520,에코프로,CFS,3753187572248.0,3162551112304.0,2989771566716.0,2082665018806.0,3680655501691.0,2824001949335.0,2807662571641.0,2521780653709.0,2017183598478.0,1231803718208.0,170264591430.0,169910777026.0,-217229575867.0,102435944190.0
086670,비엠티,CFS,137473312161.0,124648910325.0,94360207353.0,79490866744.0,142357165748.0,131538860414.0,116269663339.0,106363481152.0,43424930880.0,38439668003.0,8270236330.0,8693234946.0,6206647108.0,7373284901.0
086710,선진뷰티사이언스,CFS,42686270668.0,56803101350.0,27907978330.0,32590745976.0,55453339524.0,68703934949.0,70996047111.0,66867107954.0,19042481985.0,16010365589.0,2568332906.0,1332717156.0,1682070935.0,1391670778.0
086820,바이오솔루션,CFS,77830826190.0,79158848018.0,47816738491.0,45852577401.0,49840117678.0,47955451542.0,40364166490.0,43775099282.0,3071873510.0,2185914431.0,-1197425223.0,-1427344446.0,-2433730268.0,-3856747799.0
086890,이수앱지스,CFS,75101177001.0,77773620375.0,74409572304.0,68595073248.0,79035576825.0,72859650268.0,59659224672.0,64410871098.0,16344746474.0,10424073440.0,82083901.0,-493398458.0,-72623691.0,-1920302593.0
086900,메디톡스,CFS,159679150227.0,135133971840.0,99421695694.0,135262308111.0,119258266876.0,162672839659.0,488769244665.0,433615605387.0,51788243695.0,49757079830.0,9551052286.0,10376419895.0,8526379736.0,19348390977.0
086960,MDS테크,CFS,124152952368.0,123595749983.0,51399709353.0,50302473100.0,53049197228.0,51925318735.0,113751420376.0,107542611117.0,36251321560.0,38402985765.0,2283472635.0,2319782131.0,1461109389.0,-4001985480.0
086980,쇼박스,CFS,127966466014.0,98945572834.0,45784716044.0,24944376264.0,47534567529.0,28013934454.0,135505386475.0,135164795608.0,3060084909.0,5488040906.0,-794587346.0,-1512671862.0,-522137898.0,-722864244.0
087010,펩트론,CFS,15076741481.0,23283354801.0,10416041616.0,10771947151.0,15051730636.0,15165197545.0,44024651406.0,53109372080.0,695353092.0,1009873066.0,-4490919671.0,-4095180734.0,-4508114405.0,-3672371143.0
087260,모바일어플라이언스,CFS,42373472178.0,48478523100.0,19070711602.0,25352588702.0,19754809070.0,25993741443.0,46525668696.0,46064398522.0,13960008198.0,7650206001.0,40944432.0,-382356459.0,693162865.0,1763837446.0
087600,픽셀플러스,CFS,53043366945.0,53937932402.0,6894265963.0,5148646633.0,17807850019.0,10225676610.0,83563696822.0,84688001902.0,13530665600.0,17298963843.0,-2147176382.0,684363817.0,379725238.0,2306187413.0
088130,동아엘텍,CFS,173191307283.0,204002761640.0,93446378664.0,90378679092.0,97625135000.0,94986040198.0,180097987436.0,211372146182.0,34132463414.0,86292190826.0,-2525515437.0,8145328412.0,-8312552149.0,-9190131027.0
088280,쏘닉스,,,,,,,,,,,,,,,
088290,이원컴포텍,CFS,11294301032.0,27553934991.0,42030894372.0,47267286622.0,42830881419.0,48350244182.0,61101287211.0,49526003035.0,12981679547.0,10860418133.0,-99105446.0,170135904.0,7709866.0,-8836603825.0
088340,유라클,,,,,,,,,,,,,,,
088390,이녹스,CFS,106118743355.0,58840011407.0,58154019293.0,42363708912.0,103374329758.0,71345101976.0,251403354428.0,230149373065.0,16802006349.0,29565036839.0,2559522218.0,10551027870.0,1472590596.0,5350317587.0
088800,에이스테크,CFS,193706199189.0,235745883633.0,245051784619.0,239615092518.0,301765728910.0,311712410525.0,27842228341.0,67809147532.0,40950986837.0,59117003453.0,-23447451722.0,-4356555391.0,-30011502402.0,-487326525.0
088910,동우팜투테이블,CFS,111949280150.0,142312837459.0,41659459887.0,75966872415.0,63108650900.0,93418152485.0,210037430102.0,193758677844.0,92798281855.0,84974928996.0,10210213569.0,5296693937.0,13358024293.0,5213181627.0
089010,켐트로닉스,CFS,258319101383.0,247249638886.0,250074454103.0,261469965765.0,311435269601.0,320647868777.0,180446181641.0,148874080448.0,128371964869.0,152557293211.0,4476545712.0,5429943836.0,-3694705000.0,1372933027.0
089030,테크윙,CFS,166659804932.0,181278223634.0,173823312166.0,176912624630.0,260228672799.0,242694770306.0,218770645810.0,245557585185.0,39490614105.0,84736643266.0,2430951065.0,22387726433.0,-962414682.0,8737939480.0
089140,넥스턴앤롤코리아,CFS,75018508296.0,43965822802.0,83009581484.0,19702027101.0,93030745377.0,91982532014.0,158928930727.0,108273986801.0,9562371158.0,2664038737.0,34023844.0,-1301908319.0,29874450434.0,4848434366.0
089150,케이씨티,CFS,3954391797.0,3563781325.0,16124749802.0,14185376063.0,20761097532.0,18859131766.0,33818366146.0,34764715781.0,1875523069.0,1877986839.0,189916362.0,63237051.0,-96400214.0,46393733.0
089230,THE E&M,CFS,25006161803.0,23157352636.0,39901900195.0,21230085905.0,60824267086.0,42297027349.0,54730262448.0,61842456121.0,8297908898.0,11852120452.0,-1741231542.0,-386953118.0,-4801894461.0,297617852.0
089600,KT나스미디어,CFS,398776725459.0,435360834272.0,219638235676.0,261380996163.0,234458112310.0,275583655118.0,242372734266.0,242441426323.0,35404952791.0,39047358437.0,4692088337.0,10790379134.0,4789282683.0,8566927762.0
089790,제이티,CFS,60129162149.0,59941470911.0,26292888758.0,26016887840.0,26574793085.0,26235678859.0,55473179014.0,54602358366.0,7594266104.0,14701997286.0,-1133034501.0,2349147336.0,-339547460.0,2409910733.0
089850,유비벨록스,CFS,305270327646.0,288301287817.0,213048065680.0,191449249958.0,230909200726.0,228913266702.0,231552329749.0,213858338521.0,147981518959.0,115649016240.0,19732661421.0,4198620868.0,15493159232.0,16494445439.0
089890,코세스,CFS,45351508041.0,35226678074.0,19495454092.0,12935767133.0,21186011247.0,14567998044.0,64663488836.0,59949964349.0,25067910444.0,19616378663.0,4177356213.0,3944514142.0,4327304586.0,2805149742.0
089970,브이엠,CFS,141296166884.0,145183788731.0,26073459402.0,37285419916.0,27586208984.0,38722432406.0,123813418199.0,117911662666.0,4221516041.0,39231977427.0,-1560653860.0,13294606050.0,-834395503.0,10630503549.0
089980,상아프론테크,CFS,169943698811.0,159483128801.0,93783627264.0,134824475290.0,176285098662.0,150973300609.0,185166535956.0,184985819345.0,49020424109.0,46052301232.0,3089046133.0,3418072716.0,1014326963.0,2970192616.0
090150,아이윈,CFS,64815484655.0,63818056832.0,91974931230.0,92506846864.0,101137908886.0,100938110968.0,77816766089.0,78789855444.0,29953136320.0,23027275514.0,2161612643.0,-322359507.0,-1154609984.0,-469171699.0
090360,로보스타,CFS,78553083189.0,94581676302.0,31190121728.0,46199505179.0,31395604399.0,46536515025.0,89228313572.0,89910588242.0,30233921262.0,32023899350.0,855289897.0,-583254937.0,364559487.0,475032353.0
090410,덕신이피씨,CFS,82889787176.0,72874311040.0,46021340216.0,41410319452.0,50897417467.0,48247128202.0,103418260458.0,90865877091.0,57717838505.0,58985041237.0,7737919289.0,8380113439.0,6040200165.0,4246393551.0
090470,제이스로보틱스,CFS,78831141785.0,100060659598.0,24891599019.0,38962704349.0,26149424256.0,40239650093.0,168244091250.0,150073857533.0,18809821945.0,43617979891.0,401746202.0,8101717044.0,1398367088.0,7018399513.0
090710,휴림로봇,CFS,45313891311.0,49339351956.0,25811282252.0,28568220474.0,30411349562.0,33533181493.0,76039242424.0,80951021326.0,17227460160.0,13954976558.0,-1314238053.0,-1545698964.0,-4127606038.0,-3596602497.0
090850,현대이지웰,CFS,151481343894.0,123407026450.0,111803034816.0,96759558186.0,125427230732.0,109886451578.0,101674148630.0,92005006490.0,24006617942.0,23126363778.0,4729102344.0,4382014245.0,3358744825.0,3430921204.0
091120,이엠텍,CFS,180886511901.0,188585833883.0,63199254753.0,61954398953.0,146763908616.0,151116719047.0,258835115597.0,262872083328.0,48699655565.0,115085889943.0,-10089461627.0,12384530011.0,-6505984367.0,13043460657.0
091340,S&K폴리텍,CFS,157183914252.0,159050027412.0,128399920319.0,124862435632.0,143770641603.0,144226568608.0,118005292528.0,122069875288.0,61438488840.0,96026527220.0,-580308320.0,-652590370.0,-1669109521.0,2276612250.0
091440,한울소재과학,CFS,24089450276.0,18141399273.0,15981815907.0,20342527850.0,23597996109.0,27915224220.0,14975058209.0,16848596021.0,10878347948.0,6595426852.0,-1940701212.0,-2134654008.0,-1859073069.0,-3742295528.0
091580,상신이디피,CFS,133116290262.0,127261451470.0,107033940624.0,108188927797.0,122842830411.0,122054205623.0,132341129285.0,122436423306.0,76719178204.0,71928569790.0,7410222835.0,7280332898.0,2885689288.0,-1491104267.0
091590,남화토건,CFS,110404052106.0,86482574553.0,25338043962.0,18370076355.0,33578901617.0,31325889361.0,183840286628.0,173941397169.0,18175597654.0,21634251795.0,-1537541255.0,1514297386.0,4638667339.0,3827899883.0
091700,파트론,CFS,298313003495.0,345399168541.0,121554099102.0,182283223256.0,123296850645.0,184546399465.0,514864537289.0,501068231815.0,249764140348.0,284075806465.0,8437255316.0,8044473218.0,5469331782.0,4306295253.0
091970,LSK아이로봇,CFS,25551517352.0,24618377586.0,9562522553.0,17583196330.0,10721961079.0,18964589242.0,34682513042.0,28054250339.0,10494500006.0,13155773001.0,-232313753.0,-232230941.0,-3200824855.0,-11056705920.0
092040,아미코젠,CFS,155912656354.0,143947296587.0,219019498934.0,205169421949.0,280653598962.0,259874018775.0,171368305393.0,169777938037.0,39570816034.0,32524557263.0,1401631424.0,-1741207940.0,-2357723400.0,-10812017554.0
092070,디엔에프,CFS,72491760745.0,77983789053.0,29812302675.0,28337635491.0,34150568184.0,32776469547.0,158866862853.0,157768192720.0,26277674498.0,35934468152.0,-1050583985.0,5067247266.0,-847598505.0,3940596221.0
092130,이크레더블,CFS,49960228645.0,49862296181.0,14737835139.0,10085006728.0,14938188720.0,10317664262.0,41789702648.0,46248368512.0,19065701716.0,21807116030.0,11162409396.0,13051913196.0,9095534297.0,10279113987.0
092190,서울바이오시스,CFS,222113588808.0,219085309992.0,337874655101.0,298911164657.0,650013754271.0,588482789441.0,130976470237.0,167512347836.0,120317699588.0,116522278119.0,-14205086545.0,-8505283137.0,-19775641620.0,-12706757015.0
092300,현우산업,CFS,94762460955.0,95149292827.0,87278609804.0,85507232996.0,108296721914.0,110299620087.0,93982506774.0,92238886205.0,57174950757.0,52523235931.0,2467768375.0,2321130169.0,1758916387.0,611450677.0
092460,한라IMS,CFS,132657175702.0,59772594906.0,50288616086.0,48476303042.0,61269992585.0,81687593167.0,164832581921.0,97168003707.0,20341426384.0,26914102242.0,1279039562.0,2685338924.0,68579836601.0,2913889667.0
092600,앤씨앤,CFS,77254989541.0,96734701591.0,29185887050.0,31753896454.0,36590211601.0,40699056727.0,59330562530.0,74108427839.0,16044102606.0,23928198500.0,-8468880884.0,-7167939769.0,-8211307464.0,-8885924793.0
092730,네오팜,CFS,137490317087.0,131270043971.0,12599629142.0,13136622381.0,12599629142.0,13136622381.0,149115055450.0,142210804545.0,24498379477.0,21478741284.0,6273246069.0,4949293631.0,5469310352.0,4599414056.0
092870,엑시콘,CFS,65631979060.0,69872785910.0,13726597349.0,19917102730.0,18466665187.0,24832895770.0,147927249094.0,144785237404.0,30355534877.0,17256461272.0,5402578527.0,2215773548.0,3566906021.0,2799897571.0
093190,빅솔론,CFS,126546751292.0,139054432925.0,22851900775.0,29190514327.0,30922725467.0,37947880807.0,206547744342.0,205666064586.0,26382546482.0,38766172729.0,3463753298.0,10223266730.0,2664186835.0,6022039113.0
093320,케이아이엔엑스,CFS,109966936760.0,113461972019.0,23133216742.0,25745618597.0,34280917480.0,37796133531.0,171369273673.0,159642054100.0,31395369067.0,27866422244.0,7725792670.0,6860706116.0,6941738072.0,6729352451.0
093380,풍강,CFS,45683103873.0,39576655553.0,19866125816.0,15121474875.0,25269671361.0,19913071198.0,70885857752.0,69313318021.0,23215639352.0,20493627857.0,1004067720.0,1182993021.0,1048977840.0,1463168652.0
093520,매커스,CFS,335229739790.0,273926403422.0,244288726263.0,192421375773.0,244874841528.0,193200234710.0,102407562134.0,93358591063.0,46504022878.0,50335194716.0,6680738099.0,6567273835.0,5838328430.0,4110335679.0
093640,케이알엠,CFS,163143888758.0,56293823448.0,2253954720.0,16137153164.0,67038700135.0,16288626683.0,100651047267.0,46482582157.0,3310430663.0,3536260744.0,-1398065018.0,362626240.0,-6964022323.0,-1357015160.0
093920,서원인텍,CFS,201119598124.0,196245916857.0,41930652289.0,41073157228.0,42212927849.0,41355257723.0,200018462201.0,197713715825.0,56414659197.0,67826182395.0,2457276455.0,5639115684.0,3205424470.0,7778430455.0
094170,동운아나텍,CFS,63923813448.0,47983945659.0,24305920063.0,26616383447.0,39031715098.0,41889276249.0,41129975168.0,21156162298.0,15471161102.0,11131266938.0,-145193599.0,-3526742096.0,2015745777.0,-4798337943.0
094360,칩스앤미디어,CFS,38203907621.0,41483820634.0,26206634376.0,18880565248.0,28541758151.0,21104837589.0,31855680217.0,41970882397.0,6792366801.0,6120463382.0,1878830458.0,1914791441.0,-10875369622.0,1797526087.0
094480,갤럭시아머니트리,CFS,277852743392.0,287562017571.0,212119912977.0,215141008290.0,215071429323.0,222881720612.0,113149552439.0,115083694175.0,31313783516.0,26269969296.0,1166703102.0,1837870093.0,-1698822071.0,568821041.0
094820,일진파워,CFS,97721483270.0,107628419318.0,33249020347.0,45340448526.0,54774484640.0,65140236619.0,126641359860.0,125429710242.0,53148068788.0,54629760661.0,3777497126.0,5553571692.0,1323932643.0,5008397187.0
094840,슈프리마에이치큐,CFS,67527022353.0,81573074218.0,16295203475.0,5304973274.0,25351023533.0,9427251404.0,212594229812.0,195110012002.0,5844065775.0,4557105362.0,-5137213210.0,1155849824.0,25291289489.0,3123619810.0
094850,참좋은여행,CFS,81996017947.0,71140484085.0,43949629778.0,31943927363.0,46000022235.0,33036379015.0,80006672810.0,77006424312.0,,,1778456798.0,-5322163951.0,1761883561.0,-4006102560.0
094860,네오리진,CFS,27547309970.0,26241282028.0,13673121892.0,8867321070.0,13979366261.0,9371238399.0,35958487287.0,38856349629.0,8239521368.0,6482667990.0,-2171037671.0,-705057057.0,-4362140529.0,-1485056989.0
094940,푸른로보틱스,CFS,21689665287.0,23882184307.0,3943776653.0,5580871252.0,7797960054.0,9857989479.0,37150011123.0,32600029243.0,6431151411.0,8728739089.0,122638128.0,244433126.0,-410218810.0,-902529466.0
094970,제이엠티,CFS,143785137315.0,108147742719.0,59735304338.0,34473396478.0,65168447351.0,34805588623.0,149087879473.0,103525754597.0,31419366023.0,16139049278.0,1768839057.0,2233108889.0,8812721879.0,2911417795.0
095190,신화프리텍,CFS,91576797677.0,60652854997.0,95575885093.0,61612419234.0,133370151446.0,92849491436.0,77813448749.0,80441069432.0,24685403163.0,25605623007.0,765779729.0,1538792406.0,-509570508.0,883073003.0
095270,웨이브일렉트로,CFS,64708691631.0,73839011109.0,21429771505.0,23753152953.0,25068720782.0,27239297620.0,62123481071.0,68689476079.0,14649093186.0,8068276211.0,-283453623.0,-2663187811.0,-1042645977.0,-2323705048.0
095340,ISC,CFS,160576551265.0,161742958401.0,66079433675.0,81385857030.0,70032175342.0,90405304450.0,278344068087.0,268027133632.0,35979810799.0,54713089584.0,6477532316.0,22643400386.0,4966875097.0,20994705490.0
095500,미래나노텍,CFS,320402306797.0,285871637554.0,241996757284.0,208847585957.0,254846341020.0,248598563755.0,265145748558.0,239363928235.0,162817476125.0,119928184591.0,7630888200.0,5337958268.0,-206367783.0,-7498131363.0
095610,테스,CFS,188702833210.0,188969635836.0,27800648314.0,27789255768.0,29893623929.0,29847950093.0,312043902197.0,306670205959.0,56950003009.0,88317167853.0,9411942795.0,13553716825.0,13175471564.0,11480485626.0
095660,네오위즈,CFS,245282330929.0,253547138099.0,88544581863.0,87336191850.0,105186307322.0,101331086165.0,490371471365.0,458756308479.0,70143605546.0,70307752303.0,-4893372765.0,5909769379.0,22426066926.0,20768566647.0
095700,제넥신,CFS,126672186667.0,52384073857.0,76283840484.0,78933215367.0,95687182989.0,107873145205.0,321870278475.0,280907962296.0,1831590712.0,626109438.0,-11995304994.0,-9199327056.0,-24564691709.0,-15494816756.0
095910,에스에너지,CFS,223262058865.0,223038152748.0,162290480203.0,160292087816.0,227893550358.0,235314827766.0,111821905001.0,114248862166.0,49307539593.0,47892357067.0,2114746462.0,-6394169515.0,-2928972169.0,-8139804873.0
096240,크레버스,CFS,64236514478.0,60463234513.0,106193310471.0,109055064630.0,174269226580.0,177236410665.0,49965311819.0,46914009004.0,57796732100.0,57363743707.0,7629902616.0,9039205697.0,3876736795.0,392531530.0
096250,와이즈넛,CFS,41946764471.0,42633995957.0,5369554375.0,6319079717.0,5793858717.0,6667211937.0,43860072730.0,43808155844.0,7307792282.0,8955875849.0,143588590.0,1240151325.0,323627502.0,-7619274609.0
096350,대창솔루션,CFS,34157524362.0,32748227542.0,77541728444.0,80830488207.0,94071641301.0,95237188837.0,31753457095.0,28941164605.0,17099019370.0,11730603532.0,2267500531.0,-1603498089.0,1351762079.0,-1956898934.0
096530,씨젠,CFS,806021686168.0,902505570560.0,153640207141.0,170193575730.0,216285888551.0,240498582648.0,1059734780294.0,1150278974828.0,84927578583.0,128440421963.0,-9662867970.0,13000807720.0,-2585300710.0,25078626958.0
096610,알에프세미,CFS,33615524595.0,50961012388.0,22414957598.0,42547417708.0,26124360830.0,47176716398.0,46475354367.0,30185727786.0,6745526433.0,10149591085.0,-3367539920.0,-2286772112.0,-3854173224.0,-3087564008.0
096630,에스코넥,CFS,107677001821.0,107507443382.0,104660655577.0,116680758013.0,111921670902.0,118848823137.0,57230145440.0,47218876990.0,54858677225.0,42716906033.0,3869874426.0,-1132825206.0,-3418889813.0,1440239383.0
096690,에이루트,CFS,98255089485.0,108305956682.0,41352183129.0,49006855542.0,41958897809.0,49430608296.0,143763215284.0,146718646925.0,16712704482.0,17826498186.0,-1336180822.0,46538091.0,-72377952.0,363224441.0
096870,엘디티,CFS,12210458465.0,11913075928.0,2295487051.0,1482421278.0,2609734847.0,1768265203.0,14785679248.0,15414390784.0,2070549790.0,3181695029.0,-501317127.0,425753215.0,-444831737.0,656327465.0
097780,에코볼트,CFS,169622926941.0,161301914665.0,68354985290.0,63931583001.0,71475341024.0,66861860392.0,236414010961.0,234395387691.0,60841521454.0,48917058945.0,-7135462096.0,-144382662.0,-15464394542.0,-10699399437.0
097800,윈팩,CFS,19319812766.0,29840177120.0,71678914096.0,73169703594.0,98555438856.0,102390571494.0,64983190904.0,76152137358.0,21971656119.0,34636182069.0,-5230225496.0,587713665.0,-4374682304.0,-688086661.0
097870,효성오앤비,CFS,32131448310.0,32795384761.0,11414044262.0,12865398991.0,13071894869.0,14169137931.0,75378572461.0,73753155765.0,7528008936.0,5834749123.0,1842032014.0,-54217139.0,2229245696.0,848376740.0
098070,한텍,,,,,,,,,,,,,,,
098120,마이크로컨텍솔,CFS,39110623808.0,34021660686.0,9316777612.0,7156258430.0,11005264934.0,8314920669.0,51459536291.0,49033183804.0,16111594124.0,15385696613.0,1287493316.0,1286943651.0,1167346276.0,1247744599.0
098460,고영,CFS,299776050015.0,286509847894.0,53514792104.0,58305668638.0,82024236415.0,86511583085.0,314856870000.0,305174909938.0,52977878567.0,65187428448.0,3086329781.0,9541912747.0,3866030334.0,14065014725.0
098660,에스티오,CFS,30433496623.0,32772538030.0,19598512232.0,25322530055.0,31301814195.0,30500122013.0,29895211795.0,29915661261.0,20978549480.0,21479262758.0,2340238073.0,1911539284.0,1637966732.0,1585977827.0
099190,아이센스,CFS,206155953067.0,217187117224.0,78642124460.0,74562926863.0,149629516458.0,144814029282.0,308258908048.0,304756150342.0,62489714159.0,61764233585.0,3837776459.0,7342266749.0,2725803330.0,2331390370.0
099220,SDN,CFS,80754438853.0,82508951988.0,49812657180.0,57252466311.0,69103295540.0,75457894880.0,101718209177.0,102164005455.0,18884979658.0,14885505174.0,-289555914.0,1295205212.0,252685534.0,1308324088.0
099320,쎄트렉아이,CFS,170825522200.0,193789417295.0,124296764104.0,63220144047.0,138181124609.0,137614754857.0,124193564765.0,121165551758.0,38881990208.0,20821498783.0,-464150527.0,-1997654580.0,17907689233.0,5362689062.0
099390,브레인즈컴퍼니,CFS,36883655767.0,42253162580.0,2256034676.0,3450911976.0,4222096043.0,4102114403.0,43758947696.0,43137975575.0,5725928544.0,3520126749.0,799394630.0,668746769.0,1533077169.0,703451519.0
099410,동방선기,CFS,15406529095.0,15284880868.0,10952524379.0,12195801019.0,12871793559.0,14018495053.0,30957560309.0,30296730044.0,6790690360.0,6749960734.0,346943509.0,552761124.0,201298943.0,428953063.0
099430,바이오플러스,CFS,104831078952.0,106059470734.0,8905090404.0,9477178751.0,31024595339.0,31557510776.0,126515536431.0,114960536369.0,18955841282.0,14083503437.0,8738257276.0,6558363853.0,7768902432.0,5303591076.0
099440,스맥,CFS,133320968785.0,119549114810.0,101978000150.0,109019778857.0,111010314238.0,118764258538.0,95774820746.0,74814571042.0,48555945856.0,38995720095.0,7236393256.0,1482196540.0,4799123845.0,-1791407605.0
099520,DGI,CFS,23195123933.0,21293464522.0,1273482589.0,2253405405.0,1723731243.0,3655730385.0,26875965445.0,19947907465.0,3009832501.0,5455901190.0,-801388558.0,-214186216.0,-818366785.0,69550228.0
099750,이지케어텍,CFS,33930212234.0,36051745659.0,13962387202.0,21892596402.0,16941337877.0,25103239859.0,33937130643.0,34161070395.0,16856271684.0,17703775043.0,-1638330856.0,-40877212.0,639835832.0,1273387679.0
100030,인지소프트,CFS,30229093553.0,28424861352.0,6263482757.0,9273580475.0,7768476113.0,10911502567.0,51257271624.0,50072966858.0,6277114034.0,5121824273.0,897953174.0,1057840793.0,1504104342.0,-1467677976.0
100120,뷰웍스,CFS,174470133665.0,189322037252.0,66659819772.0,76007575481.0,69877463526.0,79090397531.0,206772338234.0,209318872954.0,51316914836.0,63669781241.0,147349104.0,16007219248.0,-1129447995.0,7821901241.0
100130,동국S&C,CFS,218834816336.0,219603177276.0,230995016498.0,216894830534.0,242323850156.0,222991249472.0,263377247065.0,280031252527.0,91539506678.0,186782530502.0,-15421926729.0,11722137655.0,-13298672999.0,9182058056.0
100590,머큐리,CFS,89433417699.0,88969346229.0,40564374046.0,44046450785.0,43943353728.0,46299253730.0,95831854430.0,90254712181.0,39991162501.0,50274248547.0,1088403615.0,2584760087.0,2038958155.0,-2044069255.0
100660,서암기계공업,CFS,51984929472.0,54124440322.0,10473555104.0,11508924482.0,10475955104.0,11513724482.0,65191953492.0,64132904603.0,11502888410.0,11946728630.0,819582900.0,464198075.0,886841759.0,437611501.0
100700,세운메디칼,CFS,99359927182.0,91588092394.0,8268855370.0,6697231202.0,8940728724.0,7454733905.0,131004797288.0,125023946199.0,17612548747.0,15430137020.0,4162388622.0,2847943987.0,3792795880.0,2807209117.0
100790,미래에셋벤처투자,,,,,,,,,,,,,,,
101000,KS인더스트리,CFS,28900322807.0,26887142239.0,41625972650.0,42714353345.0,41936451719.0,43162428297.0,13127185775.0,11013492056.0,23408899551.0,18706691055.0,6052680743.0,-1603355260.0,2191469529.0,-545801203.0
101160,월덱스,CFS,199905507457.0,162287937565.0,53239075494.0,48229846672.0,81005932255.0,75905443769.0,218227761957.0,185892024621.0,80565854986.0,60434544240.0,19671794947.0,12595908362.0,16033831879.0,10304701316.0
101170,우림피티에스,CFS,42157019587.0,48183748501.0,10626512617.0,8839457849.0,11212362114.0,9039457849.0,87078058616.0,86177728698.0,13223423530.0,15283378761.0,474143739.0,2111117280.0,742472988.0,2338158449.0
101240,씨큐브,CFS,46074796021.0,45923977705.0,13976307495.0,12651162190.0,21560270918.0,21523371605.0,64092129653.0,64852037925.0,12360047999.0,11011599926.0,13152384.0,1821855314.0,-60541500.0,1934314628.0
101330,모베이스,CFS,536276285501.0,511929490898.0,488965836934.0,462415444977.0,605304811586.0,584939362094.0,415590615447.0,407323995125.0,315666094372.0,320460651586.0,6008391239.0,9146343256.0,4651757915.0,9721967770.0
101360,에코앤드림,CFS,60137289330.0,69583717105.0,9023863266.0,31380718159.0,46626079819.0,59925865030.0,99803334870.0,79523357166.0,9500377961.0,17312830537.0,-951254171.0,1755529420.0,-476696345.0,567462399.0
101400,엔시트론,CFS,29185714853.0,26734043054.0,6325872418.0,7714123376.0,6915362105.0,8123340041.0,35678096019.0,29079770719.0,8404483466.0,5425847547.0,-128260199.0,113607535.0,-65313818.0,420571282.0
101490,에스앤에스텍,CFS,109532866252.0,94153446461.0,28538664089.0,30461127018.0,34527726251.0,36358827310.0,208921297984.0,190391469119.0,35763111332.0,30820027551.0,6193080311.0,3466232270.0,5782354302.0,3362516879.0
101670,하이드로리튬,CFS,109049090913.0,130333965205.0,7989166859.0,9272350050.0,88452818115.0,85286898841.0,49930029255.0,55188804931.0,8269515810.0,1430309922.0,-655577194.0,-721366219.0,-4130220767.0,-1005411274.0
101680,한국정밀기계,CFS,82980319570.0,78799441451.0,46704748808.0,39677342660.0,50460746277.0,43220152671.0,45256837148.0,49028272175.0,10797671996.0,16340922618.0,-2243851458.0,1543638079.0,-2339977664.0,-40629687.0
101730,위메이드맥스,CFS,99024918597.0,102158190835.0,37243683722.0,31971304324.0,43042146327.0,43090492809.0,83378235673.0,79678296146.0,15632811234.0,23955484533.0,936367624.0,8687147178.0,795890661.0,9130903290.0
101930,인화정공,CFS,78320557487.0,85858046592.0,156116893585.0,158686201310.0,168119375131.0,170371104528.0,164769256501.0,170350605939.0,32309270107.0,31734575690.0,1766873557.0,2415917741.0,-7448118499.0,-8676162381.0
101970,우양에이치씨,,,,,,,,,,,,,,,
102120,어보브반도체,CFS,117418080420.0,127473142993.0,125909277030.0,127749153276.0,155365651622.0,158462978855.0,160087945010.0,173068584293.0,60497193507.0,64609423858.0,-2106505766.0,10604882691.0,-2529496104.0,8616759127.0
102370,케이옥션,CFS,69638179405.0,84611000512.0,13170309406.0,17406058166.0,90944745974.0,91373432666.0,119783612192.0,126178632502.0,3804943832.0,8352453306.0,-516687409.0,2461290015.0,-1083185948.0,1923659210.0
102710,이엔에프테크놀로지,CFS,236126317945.0,259136755722.0,192955006496.0,187596594139.0,271785627980.0,270602941282.0,391835481190.0,391676181644.0,138410265207.0,175595573321.0,4513543620.0,21653717822.0,-3270843810.0,17751743617.0
102940,코오롱생명과학,CFS,121087232675.0,110184254209.0,126482471605.0,109577506517.0,168779129659.0,146394637797.0,161643641959.0,167723249581.0,31595862914.0,54507286698.0,-4477982453.0,5029507074.0,-5635234074.0,5044720447.0
103230,에스앤더블류,CFS,39103810017.0,38407881960.0,11445057262.0,13414468444.0,18110020963.0,19507685682.0,44725301336.0,42527273435.0,11538201202.0,9565543925.0,1144249019.0,364178254.0,1232967994.0,358647904.0
103840,우양,CFS,68036306969.0,64715324358.0,83396874107.0,77150066687.0,112842294265.0,110953726955.0,39749198022.0,40068862057.0,48682075602.0,40175105699.0,1449946455.0,19581552.0,17793692.0,-1092647989.0
104040,디에스엠,CFS,23329431340.0,25442744607.0,26415491241.0,24754553076.0,28004847199.0,28405941870.0,50999017118.0,51688531009.0,8323859336.0,7092943585.0,-359237186.0,-59857469.0,-332376682.0,-176012339.0
104200,NHN벅스,CFS,24859826258.0,25640252418.0,17658561945.0,17202086560.0,19987678073.0,19860700320.0,73496060686.0,73835692072.0,15142222660.0,16417168746.0,601901165.0,753441143.0,-1341295586.0,1124739527.0
104460,디와이피엔에프,CFS,78440325798.0,74179809613.0,76673318043.0,61382049529.0,118076332913.0,103391558032.0,105294342911.0,106874261657.0,23434210575.0,16289902425.0,-1067731635.0,-5063003998.0,-1654321977.0,-5193063863.0
104480,티케이케미칼,CFS,186000207471.0,222563578665.0,325031879471.0,339231976638.0,471522433674.0,483514905473.0,948131151847.0,947929864901.0,113509184946.0,203999118491.0,-9836869995.0,5476085892.0,-15699065062.0,93997221540.0
104540,코렌텍,CFS,95206874252.0,114222645371.0,54507419035.0,66231301988.0,80298062536.0,96562492166.0,83341686500.0,75254415256.0,19172584057.0,14321231113.0,1674220303.0,2026943750.0,2700155497.0,390332980.0
104620,노랑풍선,CFS,56794267700.0,37598418716.0,73713017672.0,60124782535.0,74282864534.0,60317235911.0,36318020693.0,32682264283.0,18182784985.0,4146049806.0,905278313.0,-6994177504.0,1308209146.0,-11007855202.0
104830,원익머트리얼즈,CFS,192512337543.0,246955278704.0,75315878931.0,136389983817.0,76862536385.0,137651227352.0,448485112837.0,445366959345.0,91175438973.0,132275950183.0,5001975830.0,23003472326.0,4443611979.0,20324276050.0
105330,케이엔더블유,CFS,48634087567.0,54242228215.0,48797338691.0,47207545846.0,53666599834.0,64346370697.0,81928041975.0,78465943776.0,23530361902.0,19961026034.0,2498824005.0,2055819716.0,1560357820.0,1918822039.0
105550,엣지파운드리,CFS,30666128972.0,33472559069.0,42699722354.0,42584217572.0,45767368835.0,46068274799.0,65207958766.0,68097309760.0,9191770747.0,8997158605.0,-505874949.0,-321042637.0,-1786056819.0,-797518480.0
105740,디케이락,CFS,106552694745.0,88877012754.0,68374836289.0,54402157842.0,73955985015.0,60125460630.0,121735691504.0,112732121791.0,33143196595.0,28447563231.0,6046223050.0,3253904169.0,4598023930.0,3632526521.0
105760,포스뱅크,,,,,,,,,,,,,,,
106080,케이이엠텍,CFS,19259139502.0,15632138082.0,4704570445.0,2539295368.0,5103146792.0,3017222604.0,16782898971.0,15602913553.0,3301620848.0,6145269635.0,-1261301254.0,328633317.0,-1747318240.0,771792013.0
106190,하이텍팜,CFS,55460217926.0,52040400443.0,32692920811.0,31738264181.0,33231514588.0,32263083649.0,101668800607.0,99938902322.0,20987655453.0,29035423938.0,3040416754.0,1158280975.0,2477744376.0,1345926466.0
106240,파인테크닉스,CFS,42530586088.0,48115617268.0,30773266544.0,34990121674.0,62468596790.0,59311362190.0,109355394252.0,104241532461.0,14620766982.0,11327484067.0,35305717.0,361464495.0,-2284849028.0,3684904900.0
107600,새빗켐,CFS,50352434385.0,69588385849.0,3898105375.0,10979617321.0,19713214446.0,26447013598.0,63313374574.0,63145228920.0,14773660724.0,13292454978.0,-1071742933.0,2432716783.0,-750166621.0,1990178258.0
107640,한중엔시에스,,,,,,,,,,,,,,,
108230,톱텍,CFS,513368504761.0,289189548007.0,342108401878.0,130264096823.0,360572891479.0,148533080500.0,332550518141.0,329638722756.0,55840710102.0,96495255037.0,18074250999.0,-2747102489.0,8725424615.0,-4089271267.0
108380,대양전기공업,CFS,141007435455.0,127196709298.0,57779645273.0,41386238914.0,59112002712.0,42643345113.0,220142812564.0,218469177704.0,34889597275.0,34726784945.0,266940808.0,-1912154327.0,964558624.0,-899640754.0
108490,로보티즈,CFS,81054346412.0,90710133440.0,17332227743.0,16469367459.0,24544187751.0,38136875373.0,90053554692.0,84657805401.0,6464398549.0,6019419416.0,-1693455888.0,-662707116.0,286695199.0,-728048379.0
108860,셀바스AI,CFS,115965035484.0,46745131726.0,19149993486.0,18942332427.0,35408863269.0,35043735075.0,139910032324.0,71536217483.0,13301548245.0,12101006878.0,1406668308.0,1410301307.0,1348476073.0,2437033973.0
109080,옵티시스,CFS,47010769045.0,44130698983.0,4339877032.0,4993948324.0,4797728577.0,5665399859.0,52241863497.0,51091414369.0,5550506580.0,6342878848.0,737522587.0,1526723343.0,655622660.0,1945695029.0
109610,에스와이,CFS,240008920689.0,227788007302.0,203500553976.0,200548884045.0,236507372455.0,229220220205.0,196558860813.0,189204563855.0,150389004471.0,151176689907.0,6970817351.0,5575380261.0,2541672235.0,8831147488.0
109670,씨싸이트,,,,,,,,,,,,,,,
109740,디에스케이,CFS,96636922585.0,99678111812.0,40235859492.0,44243752921.0,41105297877.0,46773467226.0,149089226073.0,147055252631.0,33040613509.0,11555708054.0,-1977127647.0,-3150844031.0,4486017404.0,-1615186937.0
109820,진매트릭스,CFS,19561972183.0,21279575701.0,4629617593.0,5006383357.0,7538279392.0,7716614588.0,22169406917.0,24185697216.0,2232639598.0,2332825451.0,-740648957.0,-580957828.0,-974043634.0,-314865828.0
109860,동일금속,CFS,70051831575.0,77966640435.0,14807951378.0,19407529458.0,18140063721.0,23589132617.0,156447546445.0,153590621583.0,31160749011.0,27452242346.0,3567770169.0,2941843428.0,-1711266255.0,2262114064.0
109960,앱토크롬,CFS,118281756326.0,107987910489.0,8025124129.0,12004886286.0,10034279078.0,13955799426.0,236720595445.0,199437127200.0,3696295373.0,2352286420.0,-390867590.0,-261022569.0,339177629.0,990893128.0
110020,전진바이오팜,CFS,6199219833.0,4698910296.0,8632360511.0,7947088453.0,8794612152.0,8358976609.0,8673861844.0,9508235063.0,3758526096.0,1920771875.0,-449041720.0,-965832659.0,-1938668321.0,-49337857.0
110790,크리스에프앤씨,CFS,253993039946.0,240409109955.0,170553181013.0,176428869334.0,297089777360.0,285281050632.0,382948445227.0,315960902762.0,107475451722.0,121160965396.0,17603700534.0,27465578203.0,9152769699.0,-33401122519.0
110990,디아이티,CFS,167469712195.0,200308838931.0,45225751659.0,76191158845.0,46038421870.0,77060507770.0,173161810654.0,177781960437.0,16663467523.0,45809976452.0,-924530531.0,3581324271.0,419530074.0,4708735863.0
111710,남화산업,CFS,56464554680.0,59190668951.0,4294957371.0,4272988938.0,14389466486.0,14162953451.0,170301084851.0,168517073106.0,8843595002.0,9919348180.0,4599245915.0,5823389289.0,5766457482.0,6984879642.0
112040,위메이드,CFS,337775183394.0,405362214973.0,724254814242.0,722669210953.0,882908918899.0,895502859674.0,468161067781.0,534328321556.0,159278951553.0,108964274920.0,-40339453275.0,-34561933336.0,-29445842082.0,-32372952420.0
112290,와이씨켐,CFS,48891593269.0,50572503670.0,37268051497.0,35566496579.0,50455179815.0,48541169392.0,65416497147.0,67546944291.0,16115274590.0,20533998660.0,-1027044798.0,1649911425.0,-630508017.0,1188011858.0
113810,디젠스,CFS,31998034602.0,33360169570.0,30603959050.0,33131277995.0,36789798303.0,39233107673.0,16988677785.0,16289671973.0,21958704032.0,14767200616.0,488364109.0,-212703162.0,178861445.0,-2164602624.0
114190,강원에너지,CFS,50777759945.0,47413444640.0,47205379810.0,43851138091.0,64773719209.0,52121351305.0,30733926151.0,32317888559.0,22926723095.0,20354767408.0,850843579.0,399505351.0,-585305147.0,-1376384014.0
114450,그린생명과학,CFS,28516573305.0,26443405641.0,12269524181.0,9436509646.0,12780386386.0,9792757954.0,50748234651.0,52638974575.0,7303264942.0,10889616000.0,-1172327985.0,-1079241435.0,-1029603882.0,-484948987.0
114630,폴라리스우노,CFS,83192864417.0,83362569812.0,23985286525.0,24678819324.0,24464296582.0,25097659532.0,96114752304.0,86747182279.0,17299214983.0,24889050248.0,1157181637.0,1948413315.0,2006160377.0,4046453101.0
114810,한솔아이원스,CFS,84212782798.0,99779371310.0,61278347424.0,70829461348.0,67390452379.0,76555162587.0,153292684931.0,150815226841.0,29249025026.0,42484617101.0,1732816052.0,10936802229.0,-235815775.0,7614165614.0
114840,아이패밀리에스씨,CFS,67694719619.0,48152686221.0,24224733484.0,12124450880.0,34229733484.0,22129450880.0,57603700923.0,50204175100.0,36673100651.0,21836404804.0,5060787696.0,1995739837.0,4000464874.0,1610567480.0
115160,휴맥스,CFS,426959929885.0,470767510028.0,436278021908.0,441351704349.0,638652767070.0,685054658593.0,289927913805.0,322512169690.0,157665969274.0,143309917368.0,4284538371.0,4164038890.0,-24343698477.0,13308986996.0
115180,큐리언트,CFS,24261153402.0,34232063550.0,3837541580.0,2952240920.0,4236498077.0,3275403934.0,24213409133.0,35136260479.0,2227574883.0,2276387381.0,-6442114938.0,-7498727224.0,-6294443181.0,-7393359350.0
115310,인포바인,CFS,79797799177.0,77316335053.0,7801668558.0,7739289372.0,8867266051.0,8182771339.0,104263263968.0,102021182204.0,5650999233.0,5132275241.0,1743980995.0,1352929069.0,1896893990.0,1326238468.0
115440,우리넷,CFS,81029851839.0,81670935484.0,44724413202.0,50904802764.0,49418843428.0,52458125239.0,65921823955.0,59629389908.0,25342271588.0,11392193283.0,-2794581353.0,-3094576555.0,-3063044278.0,-3721674161.0
115450,HLB테라퓨틱스,CFS,71216090615.0,80011653445.0,33197410168.0,58627728110.0,35492353896.0,59527711982.0,177079156370.0,128115546300.0,8610866987.0,10515893056.0,-2625030701.0,-789519021.0,3346438353.0,-2091188454.0
115480,씨유메디칼,CFS,32180266010.0,31285611581.0,26879936286.0,10831387941.0,31085824958.0,29151113848.0,62203361838.0,58930345248.0,11991421285.0,11072973038.0,1923469707.0,3140924715.0,-2017011035.0,3620791341.0
115500,케이씨에스,CFS,23310707370.0,28582480998.0,15741376663.0,20501085618.0,15910879192.0,20761310846.0,17707770605.0,18281203200.0,20032005945.0,10095354603.0,520688595.0,232947645.0,354473458.0,202876796.0
115530,씨엔플러스,CFS,23330186702.0,25412199268.0,18498862080.0,23200747537.0,21275869248.0,23302078207.0,11667941139.0,11608188300.0,9684943008.0,10201136996.0,582516934.0,446981829.0,195588315.0,570723502.0
115570,스타플렉스,CFS,44788208055.0,50536919298.0,30643265133.0,36701995545.0,32086160161.0,38178853072.0,77749664495.0,77868107538.0,18986627073.0,28801840637.0,-296357862.0,2017655745.0,-492066375.0,4140454436.0
115610,이미지스,CFS,12574858824.0,14035322004.0,3698262178.0,4693334908.0,5416040580.0,6059888333.0,10483966487.0,10512001477.0,3925220401.0,6656464771.0,-685128334.0,627533393.0,-666622451.0,826352727.0
117670,알파칩스,CFS,40844704419.0,33258910383.0,26716728677.0,34283549614.0,29103861846.0,37252543795.0,63944962421.0,63210571674.0,20535480396.0,26240663709.0,-1239227000.0,-236309121.0,-5454715532.0,-628496913.0
117730,티로보틱스,CFS,97830219062.0,44288672739.0,118345191076.0,43054800623.0,127079461618.0,63376349954.0,14005513301.0,24138507842.0,7799641460.0,13680623392.0,-2180972224.0,-429901259.0,-31789480068.0,3440220436.0
118990,모트렉스,CFS,286385248236.0,268764237950.0,202325882673.0,174975168214.0,340051052793.0,331584711563.0,192425581003.0,176073850532.0,150891399492.0,115334882138.0,17820794637.0,10148516635.0,12071199277.0,10859787179.0
119500,포메탈,CFS,27185049661.0,24022537749.0,16356317550.0,15293832938.0,20223924303.0,18904485655.0,48935262259.0,48240799931.0,19520915867.0,17360882531.0,1155615331.0,475661918.0,718230428.0,198134495.0
119610,인터로조,CFS,160817975762.0,149798899856.0,68227094621.0,69640783794.0,79803933802.0,74614119749.0,196066345634.0,189152271877.0,32944273052.0,30154389831.0,8899766218.0,7146605099.0,5418681997.0,4308511493.0
119830,아이텍,CFS,124804204453.0,105162768379.0,53167778077.0,27763308931.0,62194735676.0,37305846762.0,144102570489.0,141710240241.0,18614516110.0,17105845716.0,-1840843176.0,1313713579.0,-5519629646.0,-106802447.0
119850,지엔씨에너지,CFS,100455198384.0,103198206348.0,58042018997.0,53488053804.0,58397107847.0,53726055513.0,117421060404.0,117038808123.0,47202637425.0,28283144303.0,1968593902.0,594018019.0,1794370858.0,-568478193.0
120240,대정화금,CFS,78016364182.0,74362558735.0,23210444607.0,23139515774.0,27149368745.0,27165323583.0,151954104985.0,146634090203.0,23727801937.0,23954662955.0,2672488456.0,3057828211.0,2697127100.0,3968992560.0
121440,골프존홀딩스,CFS,196543280962.0,146047574957.0,236626011037.0,138243291520.0,372854704015.0,323534142558.0,699278510993.0,685290151767.0,128844044225.0,146299305396.0,19044675413.0,33400511740.0,14760784555.0,32151997520.0
121600,나노신소재,CFS,159286341235.0,163349612569.0,6867979913.0,12045975919.0,9662652532.0,14866317449.0,206448924253.0,198894647651.0,23485984639.0,20823125334.0,4531558912.0,4667363127.0,4122272738.0,6503645545.0
121800,비덴트,CFS,43880805659.0,113980927017.0,82824381794.0,114608017864.0,89255624191.0,177806567740.0,572663074240.0,571025937639.0,2236449845.0,6581236867.0,-2552790992.0,-661884436.0,-4097172815.0,-92010914221.0
121850,코이즈,CFS,19036907944.0,23856232844.0,15833058167.0,16635748259.0,20277130955.0,21364739471.0,17188808868.0,19151870983.0,4383971227.0,1719381870.0,-640445985.0,-1505204275.0,-749578873.0,-1929770236.0
121890,에스디시스템,CFS,10543796405.0,8328713699.0,5271942678.0,3870134579.0,5353081749.0,3961945828.0,10065581893.0,9376584564.0,7633029676.0,4810612325.0,526511123.0,-665453642.0,608470193.0,-557406952.0
122310,제노레이,CFS,68011375119.0,68446611149.0,21952814842.0,17472828834.0,23534009720.0,18234660297.0,88728402077.0,87963466279.0,24400309792.0,22155479209.0,3708956409.0,4462071034.0,3415282215.0,4130941144.0
122350,삼기,CFS,205274683623.0,208650641955.0,245345587701.0,237762074254.0,339307814656.0,358365135607.0,171947897302.0,120615902444.0,135913598909.0,127368740681.0,5320004280.0,4235725483.0,3881326294.0,1704910836.0
122450,KX,CFS,256780120025.0,219755802714.0,259049877236.0,199906052113.0,716526181275.0,539460450623.0,341673654087.0,339606522733.0,122235894036.0,86125095158.0,23908345715.0,33391229533.0,17831324396.0,3390465820.0
122640,예스티,CFS,70019938951.0,44521301572.0,91145959870.0,71928317143.0,141549004829.0,107751529517.0,72143429766.0,81988801271.0,20403237105.0,16947226716.0,-672183562.0,-2803791696.0,-10345780771.0,15445187717.0
122690,서진오토모티브,CFS,529005453521.0,487421129517.0,703583547260.0,648473281266.0,906011130447.0,834665770110.0,231623292474.0,212512005922.0,585424734768.0,538094564540.0,21201617784.0,13200328459.0,8339504030.0,9219069354.0
122870,와이지엔터테인먼트,CFS,400608332430.0,311016637294.0,159101128002.0,143804432005.0,181797505309.0,186584445794.0,566730573640.0,526288054590.0,158263011421.0,79559312584.0,28867496189.0,8895765397.0,27158075830.0,8596256684.0
122990,와이솔,CFS,220771026458.0,192515687879.0,54390818829.0,56182096954.0,57118406157.0,58899982365.0,348245158054.0,342485792806.0,84792502465.0,87205924529.0,2852684245.0,-1560059123.0,5766472035.0,6017406688.0
123010,알엔티엑스,CFS,42403050698.0,48667652723.0,25370194606.0,23573946211.0,27288475084.0,24768325651.0,53025196171.0,55180992573.0,6297133949.0,2574525709.0,-1222413023.0,-956281650.0,-24905257.0,-479814896.0
123040,엠에스오토텍,CFS,874109797300.0,757050924942.0,839191115737.0,747712793011.0,1103331547777.0,1080294310168.0,567510819118.0,461907026356.0,593237170545.0,455388580266.0,75771308518.0,25515431086.0,58398224633.0,30303505321.0
123330,제닉,CFS,10821548779.0,15452057137.0,11323123623.0,14253899319.0,11550066362.0,14413429809.0,14060587324.0,15942873615.0,8167670434.0,8208999143.0,-1045334482.0,-502385296.0,-1071596067.0,-321098987.0
123410,코리아에프티,CFS,229966392296.0,214918450990.0,204012104662.0,193094440431.0,255759724632.0,245235117810.0,170225717511.0,148866537829.0,167179741863.0,135782265236.0,4976463109.0,3371593943.0,8799665664.0,-2428215174.0
123420,위메이드플레이,CFS,72541345542.0,77615717315.0,20663926585.0,27115496142.0,176254043428.0,181811632281.0,227768176034.0,222323381246.0,29878559419.0,33908971233.0,-241924784.0,-664780577.0,5141507420.0,-8942912364.0
123570,이엠넷,CFS,84763064981.0,91881802742.0,20555892856.0,27515439324.0,27911760508.0,34389280708.0,91733992795.0,93833023868.0,8260868216.0,10990565578.0,374760360.0,2602725182.0,749649509.0,1881335352.0
123750,알톤,CFS,38867172163.0,33946770400.0,18732016190.0,14294031802.0,19181490355.0,14536974594.0,27423557204.0,27088282043.0,10233422100.0,19577055279.0,-343755629.0,2692695556.0,-680186111.0,622573543.0
123840,뉴온,CFS,13818407012.0,12594792839.0,21264842224.0,22995979994.0,22747794911.0,23908728874.0,43928635077.0,37623431158.0,631368322.0,1357832620.0,-3375684455.0,-1336300038.0,-11963062435.0,-38953970727.0
123860,아나패스,CFS,98526912875.0,94260982401.0,59683653140.0,63537800761.0,67485477453.0,65367957543.0,40782346189.0,37832326059.0,16042488543.0,11245435671.0,2792528297.0,99249751.0,1970661532.0,3262419069.0
124500,아이티센글로벌,CFS,514121441788.0,578454964042.0,462372162579.0,495237726143.0,480650336022.0,556057237858.0,280725571888.0,274445276827.0,644394686512.0,542824471331.0,2047674846.0,-4841594216.0,-2265689951.0,-2519508131.0
124560,태웅로직스,CFS,262191786111.0,260308609561.0,135564138692.0,141658635143.0,200074106923.0,165878868673.0,211056956782.0,209470779847.0,183678637831.0,368988463631.0,5812998145.0,43895656641.0,4066750693.0,38046968492.0
125020,티씨머티리얼즈,,,,,,,,,,,,,,,
125210,아모그린텍,CFS,68419269494.0,62826692848.0,66358799103.0,59130862630.0,87267535346.0,87250893335.0,62249423212.0,55894422773.0,40234851274.0,33509533798.0,4930686723.0,2046577256.0,4007468422.0,3501997306.0
125490,한라캐스트,,,,,,,,,,,,,,,
126340,비나텍,CFS,56423550755.0,55507247261.0,44654786102.0,44639348007.0,69868771137.0,72349234047.0,64044015201.0,60976128349.0,14718563625.0,21184937157.0,1118315596.0,4772882082.0,632208778.0,5784892276.0
126600,BGF에코머티리얼즈,CFS,250919145884.0,253180273368.0,54493386174.0,117764418740.0,90180603299.0,150198660555.0,296722047954.0,201945072094.0,68091365522.0,64574266596.0,3430415011.0,3109182076.0,-18720714727.0,5279675599.0
126640,화신정공,CFS,81279779427.0,75683094815.0,62731449431.0,56698039847.0,70209573380.0,59731905551.0,121734572159.0,101647253189.0,88762260278.0,73824955106.0,2846052442.0,2208525445.0,3114206559.0,1920415140.0
126700,하이비젼시스템,CFS,310618282301.0,223254741570.0,158680995970.0,84540490431.0,160718438300.0,86240128170.0,236589800000.0,223128960934.0,63559472898.0,31005189595.0,9909079286.0,1438808731.0,7318130480.0,4113563615.0
126730,코칩,,,,,,,,,,,,,,,
126880,제이엔케이글로벌,CFS,179120119156.0,162383043852.0,123767298537.0,105883132396.0,155078375207.0,126312230737.0,118223163781.0,113160043976.0,42323164572.0,74890198850.0,1728989239.0,7204584131.0,4406805218.0,5030514143.0
127120,제이에스링크,CFS,14285175322.0,18698303670.0,10142189965.0,10501761747.0,12764263870.0,15616676885.0,25719742463.0,27890286716.0,4985592505.0,3695044225.0,-748555818.0,-1018803719.0,-333001387.0,-178692223.0
127710,아시아경제,CFS,248560858067.0,246601067882.0,326953057884.0,325727060295.0,482658176572.0,530065854807.0,177930026396.0,190050857062.0,24820121562.0,12664733890.0,-10156059320.0,3187434430.0,-9627480839.0,-4186383465.0
127980,화인써키트,CFS,60280530428.0,28226039706.0,47206946777.0,15641738571.0,61406638717.0,18742641302.0,39721746493.0,31253743065.0,17663039663.0,19066263190.0,824087591.0,1838442017.0,997904478.0,1361746572.0
128540,에코캡,CFS,95917319645.0,92259876531.0,55018361373.0,50530437990.0,69541832397.0,65199364543.0,89414429627.0,88575112410.0,37511654425.0,27623469255.0,-914758669.0,-2711450422.0,-1353932151.0,-1090231965.0
128660,피제이메탈,CFS,88946863135.0,70906222796.0,46504695345.0,47674890297.0,49623682360.0,52038346170.0,74016685072.0,61056962711.0,61144364436.0,79749103592.0,1822600469.0,3368658725.0,11314024175.0,600632003.0
129890,앱코,CFS,59479634065.0,61135674188.0,17645174529.0,17916283204.0,41877239232.0,43588078019.0,55433259227.0,56138926685.0,15944790022.0,26387831242.0,2288935159.0,-847784108.0,2196118484.0,-1348697085.0
129920,대성하이텍,CFS,122281020548.0,102461403476.0,69303158771.0,64310783599.0,112257793872.0,88330550538.0,65490246311.0,68184526665.0,19307509307.0,28990357495.0,-1486514709.0,3004900776.0,-3109814131.0,1643440757.0
130500,GH신소재,CFS,39391978048.0,37401526015.0,47630727690.0,44113755703.0,53742784723.0,48170888157.0,86210226177.0,82973675793.0,21436497248.0,21269843487.0,51174146.0,1656760760.0,57983547.0,1490885545.0
130580,나이스디앤비,CFS,78208820323.0,72354659504.0,19474421507.0,21017929104.0,20750382292.0,22690288796.0,89865994036.0,83897799157.0,28306396460.0,29031518568.0,8692840584.0,8588111347.0,7047928932.0,7182359844.0
130740,티피씨글로벌,CFS,56673727435.0,57329267503.0,29761904215.0,30829337889.0,36068805777.0,36867267888.0,81187006456.0,81722775257.0,20920961247.0,22199827352.0,-320795388.0,-496302525.0,173993457.0,3435784828.0
131030,옵투스제약,CFS,84078438438.0,81386212231.0,10176781904.0,9760307908.0,12228863866.0,11772805559.0,128269985525.0,124467496994.0,17349854625.0,14862790679.0,2488425388.0,1051014767.0,3289691372.0,577405182.0
131090,시큐브,CFS,39519092170.0,40434011011.0,3940900785.0,4686025112.0,4429987090.0,4988273346.0,41600662199.0,41762825842.0,2617160429.0,2629999149.0,502570734.0,820204462.0,587686104.0,832706653.0
131100,티엔엔터테인먼트,CFS,34783532255.0,29543598902.0,54907643012.0,59435001646.0,61229001039.0,65809762178.0,93451508664.0,76979517289.0,38294997412.0,36638280188.0,3542292486.0,1531206507.0,11852138269.0,-16309228.0
131180,딜리,CFS,32376815415.0,34537189990.0,7671666991.0,9774858439.0,10934157915.0,11746840813.0,57227056443.0,58382880587.0,6093851567.0,9579940588.0,-485402579.0,796438718.0,-215231615.0,909089980.0
131220,대한과학,CFS,42865270598.0,38962778519.0,16045941530.0,11922216626.0,16570392558.0,15024013787.0,46432795456.0,44428758093.0,19373013265.0,16984788371.0,2570053550.0,1669272558.0,2171230953.0,1433848001.0
131290,티에스이,CFS,183634407343.0,228247078200.0,61752556754.0,71583964725.0,102552950422.0,105060114214.0,310756794480.0,330775724540.0,57318322966.0,87320895405.0,-3506040653.0,22522489092.0,-3953134655.0,22488079084.0
131370,알서포트,CFS,47977852037.0,49813878022.0,10637728734.0,9671087230.0,11119571923.0,10241484173.0,89266009735.0,85919371139.0,15533379270.0,15885740722.0,4940787253.0,5618477051.0,3256785188.0,3613746595.0
131400,이브이첨단소재,CFS,52813722884.0,33092076528.0,11709835039.0,44482782650.0,16758240350.0,49614277031.0,129079389986.0,70937784997.0,17266969750.0,13613888775.0,-241576074.0,-1060009559.0,8767280016.0,-10815702638.0
131760,파인텍,CFS,43175181010.0,41112886685.0,40606308678.0,36161873569.0,46231925281.0,43110968362.0,32347904298.0,34573395700.0,11228479850.0,16310403291.0,-1671347348.0,1751802107.0,-2379228301.0,2718764444.0
131970,두산테스나,CFS,60440189873.0,107927202623.0,174668725367.0,275679314425.0,374369041658.0,457182712027.0,329931529064.0,309834022109.0,88990268424.0,55355256962.0,18157889044.0,10609701306.0,16453929870.0,6741675870.0
133750,메가엠디,CFS,51237839775.0,50645033160.0,20102057666.0,22177340763.0,25057792027.0,27811103317.0,63112474965.0,65741695807.0,10948761591.0,21141399611.0,373712684.0,3575654644.0,98590715.0,2743390952.0
134060,이퓨쳐,CFS,16805267654.0,16972491585.0,1228374522.0,1067592683.0,3950144095.0,2751416781.0,22810377723.0,21656930833.0,2526462074.0,3030294969.0,190555112.0,612679716.0,501478623.0,941626332.0
134580,탑코미디어,CFS,28791941536.0,38253531287.0,12442072586.0,22942383286.0,13018848512.0,23721177629.0,35208977837.0,35146716416.0,4336868761.0,4276993628.0,-6603398773.0,1397176591.0,-7324952234.0,527378682.0
136150,원일티엔아이,,,,,,,,,,,,,,,
136410,아셈스,CFS,49194742091.0,49422924433.0,24577737904.0,21712205344.0,41284798548.0,40404125311.0,62568713623.0,58893725823.0,11330586610.0,13231368042.0,1204172879.0,1801697402.0,1071074873.0,2033730981.0
136480,하림,CFS,360468577820.0,397405599817.0,475737691359.0,530725212392.0,559910225784.0,608732162785.0,316116540169.0,301100559718.0,408654481352.0,351087878976.0,39331810725.0,18052724727.0,27222000247.0,22815501049.0
136540,윈스테크넷,CFS,131936092070.0,140451887927.0,18367089090.0,26049626281.0,21458018929.0,29150711546.0,180068309544.0,176459793395.0,30526426933.0,22982549581.0,9365615388.0,4821559798.0,7575523422.0,4362690573.0
137080,나래나노텍,CFS,74198911134.0,80732340459.0,62542944501.0,71950284346.0,72530038351.0,77476223974.0,103995711733.0,107968699406.0,15265433813.0,16897971889.0,-2343508932.0,586423926.0,-1657742956.0,3003993164.0
137400,피엔티,CFS,1239280557496.0,915394201910.0,1023830405540.0,809004959612.0,1084341835134.0,854697424462.0,428057579772.0,233195039230.0,93680290803.0,90829295640.0,16353390122.0,22518841767.0,16369122118.0,21473858849.0
137940,넥스트아이,CFS,74720085470.0,76737860400.0,27897002982.0,25459824481.0,29703817749.0,28387438999.0,97120895397.0,100740753940.0,3883065158.0,10660838803.0,-2250721431.0,367459273.0,-2626806560.0,-687212722.0
137950,제이씨케미칼,CFS,142145973927.0,127727111255.0,138811197530.0,126794806000.0,175745400251.0,164926930533.0,153726726556.0,143117435933.0,115531992259.0,150105405159.0,7808955147.0,21659492964.0,3398571530.0,14688164039.0
138070,신진에스엠,CFS,55509198457.0,57905983589.0,20535990629.0,20017328034.0,32492886515.0,34063707929.0,77078784666.0,76914239432.0,15080769100.0,17745327898.0,1280666322.0,2818225334.0,1045278818.0,1784069952.0
138080,오이솔루션,CFS,95637462887.0,99267375565.0,39210978639.0,38920720129.0,40599434006.0,40264324019.0,131330100217.0,147655506645.0,9992830761.0,22417981708.0,-8026130528.0,-588642807.0,-9450427750.0,-514185453.0
138360,앤로보틱스,CFS,41477034831.0,39546446502.0,15057437057.0,12284152178.0,15571586304.0,12720052992.0,38613516273.0,39404478348.0,1989366851.0,5261056615.0,-458684021.0,559836496.0,-489073422.0,-5657150244.0
138610,나이벡,CFS,40609534027.0,44648710272.0,12195596342.0,13959407809.0,38966914977.0,38404305598.0,36785486978.0,36800073988.0,4132930146.0,5518602172.0,279817801.0,732797108.0,-357918396.0,1040214612.0
139670,키네마스터,CFS,17420288291.0,15358550694.0,2261320632.0,1136592161.0,2820654630.0,6790751420.0,15711185145.0,9534631123.0,4361345346.0,4906804141.0,768297492.0,-4529245745.0,1137245297.0,-882646241.0
140070,서플러스글로벌,CFS,209984027948.0,221545212592.0,106101279937.0,119062633501.0,162975408571.0,181847682356.0,188272258160.0,186501978785.0,28593835583.0,54234297897.0,591306638.0,5772148256.0,-349492816.0,3755091094.0
140410,메지온,CFS,80646210774.0,45897006835.0,20441705815.0,26080010640.0,21780552352.0,27781788650.0,66883236502.0,26240052807.0,8112805692.0,8259382876.0,-3340274508.0,-5799065131.0,-2907498688.0,-16139808396.0
140430,카티스,,,,,,,,,,,,,,,
140520,대창스틸,CFS,194751869262.0,173940891825.0,88886924158.0,64308302948.0,98511710081.0,73022046073.0,166609966325.0,166888457845.0,111168713424.0,101366898852.0,2434109719.0,1042916527.0,-920825276.0,21266169892.0
140670,알에스오토메이션,CFS,50300071872.0,64837546321.0,31296961182.0,42211134643.0,35372280878.0,47811765396.0,39365281123.0,41814801933.0,20390630578.0,26145017017.0,-1571971157.0,458416588.0,-2855971599.0,438787400.0
140860,파크시스템스,CFS,132655695627.0,126306643129.0,41123936568.0,39687594282.0,48557926861.0,47586061071.0,128349747405.0,119463077702.0,39444618132.0,16531246366.0,10104769610.0,135594428.0,7623927851.0,2768154946.0
141000,비아트론,CFS,84747955861.0,105213609020.0,25364021977.0,24745718070.0,27252575220.0,26033579708.0,166749223672.0,169419546297.0,12791267256.0,19774991740.0,1176774232.0,2806121857.0,1463422820.0,6650555372.0
141080,리가켐바이오,CFS,162714916666.0,191618909904.0,26666518240.0,28602844482.0,32165781434.0,32931523513.0,184804398760.0,219598926036.0,12081402267.0,11704335993.0,-16956823126.0,-6771175796.0,-20040825942.0,-7813911310.0
142210,유니트론텍,CFS,201959805376.0,231521247979.0,123940754855.0,144388566814.0,138588691867.0,161692921580.0,107587176232.0,96270885779.0,161539553747.0,126797029350.0,8426098594.0,7748789857.0,7060639309.0,2683420698.0
142280,녹십자엠에스,CFS,49905087103.0,50136885013.0,50519938558.0,39487675277.0,58799529573.0,60820133549.0,37438475137.0,35650537598.0,23494954435.0,17255785049.0,175438235.0,-449602752.0,-175423794.0,-409453710.0
142760,모아라이프플러스,CFS,50661045939.0,71771340598.0,52285850347.0,64968540169.0,72309863841.0,81095770784.0,62208828900.0,67320890451.0,30020296162.0,22085915336.0,-3003191433.0,-3088997793.0,-2864685317.0,-9224581287.0
143160,아이디스,CFS,267699852574.0,218712769412.0,79105197511.0,60954096606.0,94628936280.0,74006295268.0,326293720021.0,256490631892.0,66365194119.0,71558059887.0,7988964999.0,6577922886.0,7659642747.0,6439790973.0
143240,사람인,CFS,60073277679.0,67435526949.0,25793915228.0,34243116485.0,29007982652.0,37565642884.0,172315205758.0,172606163097.0,,,9552725378.0,13523977008.0,7805287587.0,9200884324.0
143540,영우디에스피,CFS,71382850973.0,52398355070.0,51796442793.0,28607481148.0,65003569921.0,41867078150.0,34263852179.0,40244008346.0,2648204925.0,17293460797.0,-2659618855.0,-7248406444.0,-2904411598.0,-9292951826.0
144510,지씨셀,CFS,65614660300.0,93326480660.0,72266294799.0,88115470759.0,115087400898.0,130783671643.0,537239117877.0,545746957005.0,47585569381.0,55720968840.0,1280042149.0,4976832771.0,-2356476412.0,3065306876.0
144960,뉴파워프라즈마,CFS,296999795153.0,305806613388.0,289902413027.0,257236888612.0,379185231026.0,367372870549.0,268611146054.0,265906834808.0,97541647610.0,85064567536.0,7191712480.0,3360680130.0,6773745701.0,4306534230.0
145020,휴젤,CFS,589312420714.0,617863083758.0,186235148860.0,177312675459.0,216018123362.0,200328493261.0,801521041402.0,849454435253.0,81555538910.0,63862460186.0,27985431121.0,21940945665.0,21408298269.0,15396336834.0
145170,노브랜드,,,,,,,,,,,,,,,
146060,율촌,,,,,,,,,,,,,,,
146320,비씨엔씨,CFS,33131267763.0,35704960224.0,25117592946.0,26441498144.0,44442273682.0,37556546756.0,73492244123.0,73275263875.0,14398506990.0,20740705378.0,102115686.0,3365381648.0,400795639.0,2915125872.0
147760,피엠티,CFS,24444146501.0,22570464891.0,10268827791.0,8568371066.0,16114555094.0,9897633877.0,49443539872.0,52972429807.0,8070357566.0,8462925254.0,-1552338407.0,-2634079638.0,-2046409004.0,-1958174661.0
147830,제룡산업,CFS,69336815501.0,73527401565.0,4101716117.0,8429314510.0,5002040199.0,9112903986.0,74066533100.0,73736069990.0,8946244406.0,14846882447.0,1553569928.0,3187233180.0,1986569535.0,2780709487.0
148150,세경하이테크,CFS,158939602384.0,70386566158.0,111301928877.0,29408780490.0,116039312016.0,34614022468.0,178884490310.0,174185794801.0,67872768100.0,54375975589.0,5671620575.0,-3219535451.0,-3247274045.0,6379423469.0
148250,알엔투테크놀로지,CFS,23760422030.0,31402228882.0,7425696169.0,16011861861.0,9428314112.0,18321714233.0,42125404028.0,43149148998.0,3073835401.0,5720008235.0,-1030316318.0,-417451622.0,-878687397.0,-488924908.0
148780,비큐AI,CFS,13904512772.0,13955490412.0,4063884969.0,3754391826.0,4565853809.0,4492811443.0,11482717090.0,11905553268.0,3996171264.0,4218696562.0,46183597.0,-969169632.0,148658380.0,-60103664.0
148930,에이치와이티씨,CFS,49578334904.0,41787629331.0,4792840016.0,4955899003.0,12192704796.0,12405693937.0,58933362554.0,55101748821.0,10070124439.0,7622205832.0,608246080.0,419781937.0,1060290420.0,544062460.0
149950,아바텍,CFS,54582840447.0,56308215235.0,7315470912.0,12795237176.0,7682030851.0,13129609353.0,142875191914.0,136755691046.0,17567952007.0,15037309134.0,575242520.0,-2057482273.0,1725788897.0,-1944034451.0
149980,하이로닉,CFS,44542308580.0,41021706329.0,5479933083.0,3522672057.0,11259347149.0,8815015493.0,60034618481.0,58698744309.0,8276196780.0,7346578797.0,1569259813.0,714469397.0,914189423.0,1069549529.0
150900,파수AI,CFS,26474290096.0,33308047231.0,8539526609.0,11730665165.0,15830325599.0,19261713427.0,30420480396.0,32396848925.0,9959438929.0,9636780870.0,385896214.0,523379128.0,701831273.0,595252983.0
151860,KG에코솔루션,CFS,2235172085602.0,1708939356443.0,1415149107355.0,1219835414834.0,2779672711553.0,2502445952612.0,2746446900194.0,2589432984539.0,1919035324686.0,1100078225501.0,105904797534.0,125920991402.0,78855530770.0,406394745436.0
153460,네이블,CFS,23644088619.0,27889736155.0,1494569022.0,3501297955.0,2041861960.0,3998858296.0,30606557816.0,32628175468.0,1910912828.0,2900186155.0,-1614084284.0,-19408784.0,-856690971.0,82487842.0
153490,우리이앤엘하루틴,CFS,99755503021.0,87205041358.0,39917942033.0,32272384156.0,40837378705.0,33399190988.0,78512227525.0,75435997666.0,37310509917.0,40829043232.0,2652141393.0,5812073593.0,3337870957.0,8490185886.0
153710,옵티팜,CFS,22738817534.0,21547877316.0,10924541362.0,9263653439.0,15050862967.0,12170971762.0,27426495012.0,29011304664.0,4169151587.0,4009154745.0,-1064459880.0,-912341702.0,-669176873.0,-636316121.0
153890,져스텍,,,,,,,,,,,,,,,
154030,아시아종묘,CFS,26486448225.0,24422067693.0,15016574585.0,13336465348.0,21066127521.0,18762071328.0,24123341019.0,24763208772.0,8579760616.0,8870498943.0,1629054024.0,297382314.0,919715708.0,20683832.0
154040,다산솔루에타,CFS,47914863547.0,51582012756.0,107724345905.0,70325464237.0,112353743051.0,111228565931.0,44986218689.0,40127174416.0,40327606381.0,37660662241.0,779312979.0,1506171767.0,-5880013074.0,3744589858.0
155650,와이엠씨,CFS,75829962430.0,82023106060.0,21085591812.0,25795245598.0,21923306189.0,26557128742.0,120930555286.0,115527197917.0,61432655477.0,43397690098.0,5114362067.0,3710594798.0,4647565893.0,3276525112.0
156100,엘앤케이바이오,CFS,34494020984.0,36146815998.0,34921329980.0,37980728499.0,39129862861.0,41901615436.0,12307625679.0,10761718190.0,7995599333.0,4749454956.0,1232639909.0,-3621602423.0,232232695.0,-7268724599.0
158430,아톤,CFS,67662856218.0,54378082609.0,43950609396.0,36624617077.0,55514497974.0,48263480095.0,73354990232.0,70771119645.0,16024931006.0,10642595883.0,4036414119.0,2205454014.0,2949427639.0,950439492.0
159010,아스플로,CFS,75288901855.0,61438858665.0,56135603995.0,50421519311.0,64953366277.0,57432572107.0,58696602133.0,53927305418.0,25117080796.0,22650568882.0,3525042046.0,3352713624.0,1805271151.0,2696880008.0
159580,제로투세븐,CFS,46345988073.0,51281842046.0,9600830195.0,18626755925.0,10612571955.0,19831610128.0,82048656455.0,79558361586.0,19801283975.0,20490940600.0,1519065724.0,1885282478.0,1141602301.0,901948562.0
159910,에코글로우,CFS,19164021602.0,24090130833.0,6585631118.0,7337228952.0,7387342720.0,7868679632.0,21729622572.0,27460713991.0,3421596868.0,5210189221.0,-3023076621.0,-1067274472.0,-3757765568.0,-998377139.0
160190,하이젠알앤엠,,,,,,,,,,,,,,,
160550,NEW,CFS,186286024989.0,190783593991.0,129430536725.0,134645314492.0,170970521656.0,170168619803.0,152444709430.0,162750204254.0,25385138738.0,48079726081.0,-5585693370.0,7177413105.0,-8133851838.0,5957927684.0
160980,싸이맥스,CFS,132032811197.0,148064514673.0,62618454736.0,69975187249.0,64849590877.0,71952538965.0,159492495198.0,154095940044.0,38032490717.0,49140451283.0,2532085277.0,6072819657.0,4814595119.0,2494651740.0
161580,필옵틱스,CFS,177360084729.0,196766878538.0,158020258193.0,173617475763.0,223309128228.0,221952500970.0,96709805601.0,101396055097.0,67157113658.0,91962174882.0,1754936825.0,7749351687.0,-18129102705.0,7025993642.0
162300,신스틸,CFS,142593485009.0,124739360837.0,102887519914.0,87303810382.0,116975769295.0,98641464211.0,69721118038.0,62934598029.0,86201144424.0,107247388299.0,5696493816.0,5345654915.0,3512108838.0,3646602351.0
163280,에어레인,,,,,,,,,,,,,,,
163730,핑거,CFS,42463936529.0,40967707096.0,12620033225.0,11504954301.0,15325453706.0,15929390364.0,46969597702.0,45414865019.0,20511001617.0,24496802074.0,518287592.0,1850927372.0,824489889.0,1330039499.0
166090,하나머티리얼즈,CFS,151725596461.0,147840935407.0,127543798125.0,103016931164.0,249638388766.0,182053856699.0,362683018642.0,297572258664.0,65178165647.0,80806530793.0,12909990212.0,24759113499.0,10521055561.0,19443408788.0
166480,코아스템켐온,CFS,26750233346.0,14569841819.0,36656762217.0,28872768243.0,58299976787.0,40419412678.0,31592502222.0,36840615619.0,9852369986.0,13131800494.0,-1262043397.0,1491847272.0,-2451444990.0,5245399015.0
168330,내츄럴엔도텍,CFS,11410104509.0,13095036360.0,3129909026.0,2455415545.0,5121541968.0,3229212581.0,34557847940.0,36579994921.0,4213756634.0,3705785955.0,-450493779.0,-2972119215.0,-465195859.0,-2921819285.0
168360,펨트론,CFS,44132513978.0,43444194888.0,37345488209.0,40237095577.0,50236885851.0,46621157314.0,29187997465.0,26140675230.0,18629923195.0,13696933574.0,2135903098.0,1266816940.0,1610529285.0,1597404117.0
169330,엠브레인,CFS,31512926519.0,30445695572.0,12262892475.0,10154089854.0,13440164287.0,11285265467.0,31607287623.0,30880759625.0,21106465865.0,22158754349.0,2899564936.0,4569120980.0,2625936743.0,3549267939.0
170030,현대공업,CFS,128495635116.0,128936094387.0,65083606735.0,68283225745.0,67092881120.0,70000096210.0,144105437001.0,136497024160.0,82165652219.0,73361857564.0,4321718106.0,3989802650.0,4266028062.0,1917633551.0
170790,파이오링크,CFS,61812924522.0,75171580589.0,8400826446.0,10852157607.0,10212635204.0,22175366966.0,74317242430.0,72560303960.0,13253262491.0,14740640274.0,2329097996.0,2811905626.0,2119650439.0,2336666958.0
170920,엘티씨,CFS,142654124656.0,146550536765.0,162848651685.0,107439760132.0,176628960126.0,178197116665.0,90665548439.0,93287217346.0,35481724599.0,56896755985.0,-62466180.0,3856528036.0,-3666601271.0,4034192193.0
171010,램테크놀러지,CFS,33183507194.0,36062627366.0,29764222253.0,29355047108.0,35618152677.0,31106236618.0,50753547084.0,51615655036.0,10589746152.0,18404697968.0,-606500130.0,1916235753.0,-362056020.0,1359673962.0
171090,선익시스템,CFS,75835728892.0,80240999201.0,49705062115.0,42465698199.0,53026499212.0,45567661526.0,67423139545.0,79302258474.0,5050325377.0,20220569811.0,-5030572233.0,2305854079.0,-7469973459.0,-6044173613.0
171120,라이온켐텍,CFS,87112631800.0,77645653966.0,49325059610.0,29024148832.0,49469929722.0,29287285320.0,128791237211.0,122550741605.0,36730176744.0,42300210743.0,3669627614.0,3133988586.0,2711365096.0,3908214897.0
172670,에이엘티,CFS,10351835221.0,13507731122.0,47849276057.0,62708027046.0,114208465771.0,114526768259.0,71120668183.0,69353166571.0,12288266002.0,10559763623.0,2469479848.0,1711156030.0,-1061185308.0,2042952911.0
173130,오파스넷,CFS,94119660401.0,100240728753.0,67090998223.0,74022417242.0,77548902816.0,83962037811.0,39823355538.0,35329323399.0,50224639115.0,36829986387.0,4367012688.0,3110968484.0,3457399492.0,2108471215.0
173940,에프엔씨엔터,CFS,54303270928.0,44404496747.0,38161248727.0,39504440809.0,67184398823.0,51225237898.0,40866273481.0,44409167938.0,18345344244.0,14182038630.0,-1854909655.0,-1549396602.0,-2562694039.0,-1783957764.0
174900,앱클론,CFS,22221786745.0,24995176624.0,8720832639.0,8752472307.0,18425283720.0,17457245293.0,33328193173.0,36603523693.0,760468257.0,962031925.0,-2162192319.0,-2460547546.0,-1514037104.0,-2459929366.0
175140,아고스,CFS,37506732743.0,53080838211.0,17786730014.0,27875494413.0,18488481674.0,28731457675.0,44141857049.0,41361560733.0,6168088295.0,12818930971.0,-915715600.0,-116756988.0,49471796.0,-1040695356.0
175250,아이큐어,CFS,39465747356.0,80704854655.0,76057123378.0,109980866031.0,100393584961.0,132261971561.0,78558138505.0,91858577429.0,14100294556.0,14113679167.0,-6018402440.0,-5221014595.0,-5801687389.0,-9873840752.0
176750,듀켐바이오,,,,,,,,,,,,,,,
177350,베셀,CFS,22533432048.0,32109752994.0,41098269615.0,42486201380.0,47929245718.0,53929314336.0,24421552843.0,30707471219.0,10103792041.0,6169306991.0,-4461808562.0,-2612685861.0,-5359641757.0,-2783246367.0
177830,파버나인,CFS,64993751294.0,67160045855.0,65525552628.0,64916877613.0,70663240370.0,65661290685.0,77028046522.0,76978354235.0,34175956468.0,27589560378.0,1008945655.0,1032153100.0,-271309797.0,1493054190.0
177900,쓰리에이로직스,,,,,,,,,,,,,,,
178320,서진시스템,CFS,786150001483.0,728789631079.0,842617618551.0,663136656073.0,960225093123.0,845244135390.0,533940698973.0,539569713614.0,177190987705.0,192107708634.0,-17397062851.0,-2294639978.0,-33927933791.0,-27907210696.0
178780,일월지엠엘,CFS,27708585815.0,8817674471.0,14601286639.0,4494088693.0,15155015992.0,5649594993.0,19247487492.0,6316920759.0,2214862844.0,1985181402.0,-544944002.0,-1453056499.0,338041035.0,-2602165643.0
179290,엠아이텍,CFS,75080735051.0,76189002031.0,7241626464.0,8820665160.0,8805759152.0,10500564224.0,86612393673.0,83547970589.0,11296989308.0,14511245663.0,2745991498.0,4480006406.0,1863930687.0,4732458067.0
179530,애드바이오텍,CFS,10086279512.0,14122832060.0,13914545249.0,11792678701.0,17375975788.0,14832854851.0,14780949369.0,16185278710.0,2370886289.0,3410372170.0,-1016697739.0,-1998972146.0,-527003664.0,-1325109017.0
179900,유티아이,CFS,50257883028.0,62158528564.0,18819252470.0,20380629845.0,56872578147.0,67969344530.0,46494873471.0,47305737142.0,4059001541.0,6737961690.0,-4563242090.0,-1892535254.0,2806866728.0,-935190785.0
180400,DXVX,CFS,36212487933.0,38664986857.0,38657165035.0,31663134042.0,63992713833.0,51600077648.0,46547459199.0,34350696944.0,14105219011.0,7128279705.0,-2238456332.0,144489980.0,-7915284298.0,411063005.0
182360,큐브엔터,CFS,77645646371.0,74496630368.0,69417147259.0,64105732333.0,72800783833.0,66613826823.0,55914866094.0,39297374203.0,42370583849.0,28187315016.0,5614650649.0,1790739433.0,4493044240.0,2130268910.0
182400,엔케이젠바이오텍코리아,CFS,18725083885.0,24902891865.0,78744828866.0,71192888972.0,101570312826.0,86473968000.0,58880617904.0,83221089937.0,2696512829.0,2427253332.0,-15128718152.0,-13338948405.0,-17824516454.0,-17643129407.0
183300,코미코,CFS,167824176409.0,141948984584.0,104211241317.0,85941139516.0,220644814623.0,130129928564.0,282600620871.0,257666575978.0,62808545411.0,71865182825.0,6461755711.0,15774131317.0,7735600740.0,9957241830.0
183490,엔지켐생명과학,CFS,177567608987.0,220312757517.0,11067427660.0,42284411133.0,16214284034.0,45810906530.0,198157568138.0,201744080194.0,17428199669.0,7581288987.0,-3833083543.0,-3604655781.0,-2473919783.0,-5104788545.0
184230,SGA솔루션즈,CFS,36400025486.0,44928934056.0,35068367450.0,34365428960.0,39679651404.0,37840718830.0,53641309706.0,57066484036.0,12102932270.0,4759093720.0,-309526962.0,-389869830.0,-1115220144.0,3527188902.0
185490,아이진,CFS,51828449716.0,68830323329.0,5497659765.0,4919539448.0,12127207932.0,11425514454.0,55647580136.0,68955716239.0,591353727.0,1320887846.0,-8140727591.0,-6708103043.0,-7546103488.0,-10661299815.0
186230,그린플러스,CFS,43964054342.0,48454951040.0,35802753685.0,31128213698.0,48760202290.0,45253820475.0,58686086985.0,60720614207.0,15126151388.0,21829376794.0,-1767003697.0,1299052226.0,-2154606808.0,-1497428684.0
187220,디티앤씨,CFS,64904023382.0,77227101605.0,77361317870.0,86785075967.0,96612314883.0,96761289893.0,129690103818.0,130471675859.0,25378302868.0,28101259731.0,-4704242221.0,1710054835.0,-4631816649.0,1930073392.0
187270,신화콘텍,CFS,50664436949.0,48676092045.0,30483147107.0,31003717219.0,33385566065.0,35221469947.0,60440261401.0,57176598033.0,13592275131.0,11742242637.0,1986057907.0,835764984.0,2290405490.0,963680299.0
187420,HLB제넥스,CFS,43305153600.0,55430596936.0,76232034371.0,93853499986.0,94363126717.0,106839740801.0,25963564356.0,27074474915.0,4954562120.0,7314581183.0,-2564510028.0,-555813943.0,2034563416.0,2111066449.0
187660,페니트리움바이오,CFS,27885600764.0,40589451279.0,14562791911.0,14207021960.0,16851068962.0,15582607334.0,29272177039.0,30709797878.0,4181403858.0,3956519952.0,-295550375.0,-173979474.0,-519294655.0,302194434.0
187790,나노,CFS,50014479918.0,44789520123.0,45992222325.0,44254524975.0,48480174626.0,45216050527.0,28398220516.0,24708687271.0,26481137074.0,20502964720.0,1938720651.0,-735584912.0,2028634314.0,-298671281.0
187870,디바이스,CFS,99910254068.0,117850640781.0,34565772856.0,15267783991.0,34694117428.0,33920465408.0,134301645703.0,134426040356.0,12782694162.0,24358147048.0,1480552118.0,5313776306.0,2083828353.0,3814553878.0
188040,바이오포트,,,,,,,,,,,,,,,
188260,세니젠,,,,,,,,,,,,,,,
189300,인텔리안테크,CFS,221710780329.0,214268216964.0,126075022366.0,134703605469.0,204716107157.0,191672834052.0,185897164250.0,178704301467.0,87594794965.0,56984239966.0,7771044233.0,4148767167.0,5679053731.0,6665235766.0
189330,씨이랩,CFS,17446935006.0,24291182753.0,1216711786.0,5903464121.0,3145571665.0,8071370877.0,18260485241.0,20728764544.0,337453319.0,517791063.0,-1809563854.0,-1296537014.0,-1628542310.0,-1250350197.0
189690,포시에스,CFS,31060549033.0,25745727956.0,5818687328.0,2916614738.0,6123765711.0,3316829990.0,74444931860.0,70691214853.0,11043607183.0,12787580042.0,4209792733.0,4384993768.0,3636812283.0,3861569154.0
189860,서전기전,CFS,17838973377.0,19793401983.0,17831025410.0,15577644634.0,19183535949.0,16914618038.0,29250811801.0,34095195401.0,8108786395.0,5954785288.0,-1434627747.0,-2011012367.0,-1483255998.0,-1975606038.0
189980,흥국에프엔비,CFS,59461849163.0,58467009821.0,33994791590.0,39785122943.0,112214086054.0,117618994714.0,96078751327.0,92925886227.0,27958367897.0,28287117510.0,4728278611.0,5114936737.0,2605932006.0,5650106042.0
190510,나무가,CFS,133828624939.0,141960613774.0,60864023600.0,93822092777.0,61654991541.0,94592018853.0,142254878332.0,124505361676.0,70713671294.0,118142003874.0,3128608072.0,7632390359.0,3484072756.0,17450094761.0
190650,코리아에셋투자증권,CFS,,,,,504061506671.0,278673833408.0,88936466356.0,88308634956.0,45105792276.0,67317142208.0,,,-979097675.0,-1806950490.0
191410,육일씨엔에쓰,CFS,21379123980.0,22791266739.0,15454288278.0,17291136793.0,17673917329.0,19644229783.0,22486718659.0,21537866282.0,7387400160.0,9465799755.0,385387727.0,101841825.0,-155563389.0,588967929.0
191420,테고사이언스,CFS,26413504181.0,27451609824.0,2735154992.0,2607186439.0,3126975356.0,2883807997.0,47150144788.0,48479026062.0,2117368278.0,2185289658.0,14477553.0,331359771.0,-1112389843.0,436705092.0
192250,케이사인,CFS,74476337779.0,51839519141.0,6635764273.0,19389937972.0,61901779200.0,69482211860.0,107323837939.0,69619687343.0,,,-454405757.0,2135085702.0,633746106.0,1240869011.0
192390,윈하이텍,CFS,83459802847.0,74430916214.0,89396133020.0,82333707038.0,90612874774.0,83657688816.0,64651590694.0,62318917946.0,42046943432.0,29900963574.0,4848974210.0,2568235867.0,72207147.0,1965164139.0
192410,오늘이엔엠,CFS,32449661949.0,57189301527.0,9919663350.0,10351824686.0,11342340521.0,11790610313.0,54232769689.0,58333529334.0,4752318635.0,6669230051.0,-1210248764.0,-419246587.0,-2259683044.0,23357477.0
192440,슈피겐코리아,CFS,250928162069.0,243340934770.0,35002785286.0,40681664582.0,41215761431.0,49086080060.0,457547036167.0,424890090604.0,91578580193.0,86720126959.0,6094516507.0,6506934844.0,9654374110.0,9385238993.0
193250,링크드,CFS,34206594246.0,33558841956.0,10643175437.0,10879302857.0,10774228300.0,10941407629.0,81176411257.0,83910429838.0,4395569779.0,6189967143.0,-966816106.0,-888137040.0,-1749296677.0,-79621500.0
194480,데브시스터즈,CFS,108457193473.0,116791648311.0,25876683216.0,20192475037.0,129982077724.0,119179284852.0,168723825785.0,181238754149.0,,,-13107725228.0,-2220550324.0,-12275643575.0,-2287884246.0
194700,노바렉스,CFS,121087320574.0,129464996252.0,69810901356.0,72523676515.0,74265796858.0,89214202249.0,189195690183.0,181367111581.0,76041853761.0,78096793339.0,7240815683.0,8783228223.0,6193714262.0,6068832286.0
195500,마니커에프앤지,CFS,64705284521.0,61011823759.0,39905133437.0,37678610702.0,40999898035.0,38600986093.0,65208563493.0,64814049207.0,25609461346.0,21736694053.0,797795459.0,-234956945.0,789045973.0,162999393.0
195940,HK이노엔,CFS,387228380134.0,408415207967.0,417025631330.0,432157268602.0,620959335687.0,638886765094.0,1176597064945.0,1164221376394.0,204363846730.0,251865943821.0,15326769737.0,17657871578.0,14591616904.0,13484117950.0
195990,루트K,CFS,45538256445.0,45792646957.0,19457137159.0,16009198609.0,21658416149.0,16450442788.0,135928625875.0,140195651566.0,6700456378.0,5678535067.0,-623413196.0,-1373389824.0,-3489074395.0,-2031090696.0
196170,알테오젠,CFS,149339953288.0,145095472883.0,96117473624.0,94308513863.0,103629112750.0,100108123094.0,167076224688.0,145382013003.0,42533195454.0,5578393031.0,19411349190.0,-9423592089.0,26084384723.0,-5964017662.0
196300,HLB펩,CFS,8353033096.0,8137105342.0,10183236699.0,11281114585.0,15590055225.0,12491634082.0,9929912828.0,13396063845.0,1630388138.0,2038525269.0,-1766043585.0,-316930450.0,-2477235354.0,-85465170.0
196450,코아시아씨엠,CFS,76417534583.0,78800512345.0,90760156634.0,71495436147.0,95306321480.0,99614433441.0,75621389493.0,81341114163.0,61201380377.0,101598281224.0,-8488153577.0,2651557935.0,-9198848708.0,1216203531.0
196490,디에이테크놀로지,CFS,92952492707.0,87630229047.0,72277435359.0,51403911793.0,73235766487.0,52099033371.0,71083881634.0,79294090987.0,32182936049.0,12262573786.0,-14751841071.0,-5925460952.0,-14106475498.0,166713991.0
196700,웹스,CFS,35405107806.0,31871076655.0,21673285024.0,25129804120.0,30772658586.0,27997056767.0,33698189665.0,33545618674.0,9104465871.0,9318100138.0,968041601.0,460246158.0,489400415.0,-723788977.0
197140,디지캡,CFS,21826342479.0,23121859660.0,4667534259.0,5035007087.0,7129329006.0,8035749542.0,44295371158.0,45623325286.0,5028624225.0,6475623208.0,-712850327.0,-157192681.0,-443743739.0,112896510.0
198080,캐프,CFS,131272823206.0,130432158086.0,103854189638.0,99748483738.0,114831081445.0,113755641377.0,89173014214.0,91505485821.0,57506439341.0,90659895455.0,-687210353.0,-805133090.0,-1422096023.0,1178758313.0
198440,강동씨앤엘,CFS,34836077586.0,39854204710.0,19706350424.0,9904452859.0,35857308592.0,27828796109.0,94365459096.0,109334429286.0,19597143316.0,18874599736.0,-9716675146.0,-1932853085.0,-11788437497.0,-458284945.0
198940,한주라이트메탈,CFS,112302453346.0,92097904098.0,122005374123.0,115258846143.0,169852278402.0,148682218646.0,45352084629.0,39042542714.0,63895700005.0,59118090667.0,-2057885973.0,3630510708.0,-3993609962.0,1688328043.0
199430,케이엔알시스템,,,,,,,,,,,,,,,
199480,뱅크웨어글로벌,,,,,,,,,,,,,,,
199550,레이저옵텍,,,,,,,,,,,,,,,
199730,바이오인프라,CFS,23129261215.0,12866881247.0,9963221394.0,6374599544.0,14339758394.0,14679779243.0,31932283263.0,17909501672.0,8527025725.0,10171087593.0,963140585.0,2085240368.0,727038917.0,1982821743.0
199800,툴젠,CFS,44961416120.0,56666290141.0,1530000023.0,3858616537.0,2582095752.0,4961552268.0,65517482006.0,70469088106.0,165433065.0,191526833.0,-3457211199.0,-3796847701.0,-3045991160.0,-3534368403.0
199820,제일일렉트릭,CFS,101084708214.0,101664017191.0,43551659976.0,48644977335.0,44604424294.0,49353407865.0,122539463032.0,120113048519.0,34824243877.0,32059865921.0,1829521705.0,1798131094.0,1733765754.0,1983940057.0
200130,콜마비앤에이치,CFS,235599847263.0,240302052932.0,204048722311.0,154160024926.0,284544349639.0,214232016548.0,397411513722.0,402687219013.0,156791052324.0,167148957176.0,9929933940.0,21024971464.0,7402877784.0,14795413535.0
200230,텔콘RF제약,CFS,29711588724.0,23126823380.0,29859121009.0,34328977516.0,30427211049.0,35119599363.0,108008954237.0,84135312856.0,7377662244.0,6131520535.0,-510228079.0,-1190018279.0,-27474519772.0,-23171249758.0
200350,아티스트스튜디오,CFS,54083089950.0,59332887613.0,23180295608.0,26455348251.0,24725817023.0,29552965965.0,41329693569.0,42089303095.0,18376450428.0,14037951579.0,-603659163.0,561102445.0,-1511459028.0,508602770.0
200470,에이팩트,CFS,41882496369.0,37753742043.0,72248738765.0,42744314892.0,108443598915.0,99372380030.0,105486914435.0,114773086525.0,22550065258.0,11367753684.0,-6592033562.0,1082245473.0,-6426407447.0,1326236453.0
200670,휴메딕스,CFS,120357380009.0,140514631195.0,29056713588.0,84748692970.0,31614195116.0,88026695306.0,175706963796.0,139109651753.0,39763133964.0,31744171286.0,11393171258.0,7623897328.0,3280428197.0,5405978512.0
200710,에이디테크놀로지,CFS,145396001892.0,156298251900.0,61037636124.0,60208704941.0,88454954755.0,66431164310.0,158419957517.0,167623918666.0,20363493983.0,51091996356.0,-5765660180.0,1645761342.0,-4473942964.0,4929253720.0
200780,비씨월드제약,CFS,43272178544.0,43609396851.0,90524820961.0,84206064396.0,101716834991.0,105530835726.0,82967203175.0,77519883052.0,18695907877.0,18522393113.0,3063662598.0,552097606.0,5871624929.0,352650928.0
201490,미투온,CFS,90104923729.0,95601887079.0,26715015747.0,28442882571.0,28875296457.0,31001279628.0,201684596471.0,189652035999.0,28759337551.0,26810204624.0,6501977009.0,7509450138.0,6007969659.0,5610860734.0
203400,에이비온,CFS,26630221782.0,18767005266.0,15372001396.0,7691321258.0,28199051268.0,9043300748.0,9549236984.0,15100270538.0,98021681.0,919006916.0,-3351393149.0,-5015782096.0,-1028194870.0,-3398885216.0
203450,유니온바이오메트릭스,CFS,35769507926.0,38193365689.0,12303766117.0,14173503921.0,17706496290.0,19216070499.0,38088103242.0,36943962745.0,10300515799.0,9146543764.0,-462559029.0,-877974973.0,157304659.0,-122733360.0
203650,드림시큐리티,CFS,144979198691.0,98190006417.0,225901001060.0,183805014551.0,342063216348.0,305451917704.0,93956503896.0,85384823391.0,59752774320.0,54927310891.0,6515449259.0,7510860323.0,3447897789.0,3426888196.0
204020,그리티,CFS,83469073901.0,70211265071.0,24430616302.0,17009680414.0,26790702872.0,20156260972.0,71970512048.0,68345434121.0,54714511017.0,43795196326.0,5764034216.0,2306804243.0,3360065160.0,2031048796.0
204270,제이앤티씨,CFS,134458405911.0,123020046200.0,175874653674.0,139627427482.0,201190971555.0,187678657779.0,344358178788.0,334806305631.0,55561095208.0,37723020038.0,4064163872.0,-15577697318.0,65702844.0,-14587199498.0
204610,티쓰리,CFS,103772690826.0,113809083292.0,21431790570.0,26412636701.0,24641331261.0,30034288000.0,106906203190.0,111346847341.0,,,3012597315.0,4483761454.0,1548537977.0,6641684668.0
204620,글로벌텍스프리,CFS,92391863508.0,97264652209.0,43948814601.0,33095281330.0,50469533310.0,39752802729.0,109301264409.0,105606689542.0,22920151627.0,9947025097.0,3427740901.0,-1059830193.0,3760914285.0,-3560673889.0
204840,지엘팜텍,CFS,18083400133.0,16190078443.0,14948380548.0,13103616595.0,27699540745.0,24763828443.0,14367381969.0,16090489292.0,5818228431.0,3047844657.0,-1240159551.0,-383114841.0,-1199908030.0,1275679551.0
205100,엑셈,CFS,40903946148.0,44894098767.0,10374194657.0,16075030859.0,11721198064.0,17587525887.0,105522189465.0,101433211028.0,13042941833.0,9219100699.0,2384952436.0,1038908474.0,1843316941.0,607591327.0
205470,휴마시스,CFS,318628230695.0,372796422538.0,83036515389.0,118125037466.0,85173724555.0,120800213486.0,314412832632.0,346733946036.0,3535131883.0,114839300042.0,-9670594071.0,69832841641.0,-20819404195.0,62799605683.0
205500,넥써쓰,CFS,20970573982.0,28783410151.0,4756432098.0,5043420094.0,11794539193.0,13305164429.0,27479541593.0,30709805495.0,1822428494.0,1432144565.0,-4224746928.0,-3485333244.0,-657629927.0,-4676050230.0
206400,베노티앤알,CFS,75650490686.0,48528840236.0,38408315471.0,29458710586.0,40536530234.0,31282418942.0,94604516934.0,70001604179.0,3743310633.0,6136220421.0,-1195459703.0,-622948265.0,-6780854274.0,-10699125711.0
206560,덱스터,CFS,40476931950.0,50705372390.0,14689108769.0,24739088801.0,25090843439.0,34282975881.0,55347725838.0,57630850112.0,,,-2022042654.0,-2951555590.0,-1964868077.0,-5405525786.0
206640,바디텍메드,CFS,125320055302.0,117306931524.0,17102710067.0,16121152677.0,21682528127.0,20825159656.0,183984171783.0,174830748524.0,34952194605.0,24128893135.0,8176508702.0,3051904910.0,6488697511.0,4951716252.0
206650,유바이오로직스,CFS,38406400460.0,41138707217.0,23340179050.0,24624319322.0,46032328331.0,42630827869.0,120401053676.0,119435087069.0,16645360571.0,14562555282.0,1991701874.0,560131429.0,1560276690.0,1011084940.0
207760,미스터블루,CFS,55318752312.0,60546199155.0,48622877340.0,53207169862.0,61896330307.0,68160009014.0,72133246196.0,68250221375.0,18784760635.0,18997579483.0,540510441.0,217651990.0,3288689788.0,2703157697.0
208140,정다운,CFS,116537791778.0,101149555592.0,69680222709.0,67308364830.0,78278575003.0,75680731272.0,108188791379.0,94014041711.0,49850598452.0,53072722998.0,15294867835.0,8585455979.0,13458459168.0,6239526685.0
208350,지란지교시큐리티,CFS,52952981645.0,61451230542.0,21236337840.0,26385177945.0,41586941027.0,47265307463.0,75887546184.0,76344554922.0,13082630236.0,14018613619.0,-1162060229.0,-775299770.0,-894656022.0,80397061.0
208370,셀바스헬스케어,CFS,44836322983.0,20758491438.0,9828135945.0,8808635607.0,12770469420.0,12212659206.0,56182934129.0,32894662029.0,8162709520.0,7488831408.0,1587937945.0,1265407829.0,1531923532.0,2305611472.0
208640,썸에이지,CFS,37615826182.0,39924140177.0,2008558655.0,1921217884.0,13427412539.0,13516264827.0,31777906963.0,34423348057.0,2903932115.0,2403935061.0,-3517721038.0,-4194859675.0,-3226417688.0,-4086605892.0
208710,포톤,CFS,41080660383.0,42037416778.0,31802574487.0,33609714287.0,33202531646.0,34757189325.0,49731166644.0,51297708927.0,26250322349.0,27908907251.0,265965952.0,-760824247.0,-503946641.0,-364919787.0
208860,다산디엠씨,CFS,6508808978.0,4409596715.0,21225358646.0,27089101414.0,21770929265.0,27170657404.0,-1046672620.0,6684484400.0,1044187337.0,677512690.0,-1247352441.0,-1378666343.0,,
209640,와이제이링크,,,,,,,,,,,,,,,
210120,캔버스엔,,,,,,,,,,,,,,,
211050,인카금융서비스,CFS,362707600667.0,246916847972.0,259025371786.0,201339359147.0,325483596409.0,218532098744.0,83812618290.0,73412420490.0,128219298512.0,97274033116.0,8563295627.0,7705643629.0,5168923603.0,6334345230.0
211270,AP위성,CFS,105438817381.0,98071393389.0,32210932557.0,23802341170.0,32338731505.0,23948345977.0,84646981114.0,85351038402.0,7059294657.0,14480159806.0,322021633.0,209688359.0,1025889831.0,849643867.0
212560,네오오토,CFS,72011152586.0,62034846851.0,57126218376.0,47816455944.0,61136603897.0,57869727665.0,102998718534.0,96865832508.0,49774327529.0,40379821364.0,3367724447.0,3905956196.0,3644178113.0,3491914742.0
212710,아이에스티이,,,,,,,,,,,,,,,
213420,덕산네오룩스,CFS,181419234268.0,189300361285.0,24205532999.0,16164865423.0,51455583637.0,41206237089.0,334800440919.0,320331678629.0,42737050741.0,39308665337.0,8954780372.0,10895947919.0,11922206134.0,9911045577.0
214150,클래시스,CFS,171307523167.0,147788690727.0,34842197817.0,36225225302.0,99556264698.0,101857251139.0,259980504828.0,229553857160.0,45897817208.0,32684579300.0,23145916174.0,15262162059.0,18558522588.0,13807994423.0
214180,헥토이노베이션,CFS,358211346616.0,365384039735.0,210185939048.0,217439653885.0,236150857743.0,244207085048.0,284172880848.0,282603992186.0,71794207481.0,65735402384.0,9515692625.0,6204111221.0,8031001805.0,5860879480.0
214260,라파스,CFS,63597237810.0,49050396983.0,65143783490.0,44377903974.0,71155706410.0,52047237069.0,37609261649.0,44012949071.0,6613728489.0,5689887063.0,-300676484.0,-1135782960.0,-2555348813.0,-2870724492.0
214270,FSN,CFS,154758635804.0,152563531221.0,81617405202.0,75183174638.0,125153619207.0,113686842493.0,138590986445.0,147390114877.0,52858882920.0,51516230761.0,-2915095094.0,714204802.0,-4527747465.0,-5177919754.0
214370,케어젠,CFS,166071585428.0,158933019158.0,11975601747.0,10490639116.0,19858465534.0,18092034704.0,220974382235.0,215977998066.0,18382181793.0,16359434713.0,7636305136.0,8965162815.0,7438659471.0,7475710392.0
214430,아이쓰리시스템,CFS,74923550367.0,67550728130.0,32120354469.0,29043277746.0,37725917378.0,34665627500.0,82734963402.0,78660362925.0,27822562083.0,18373218045.0,2381469892.0,774016244.0,2513512917.0,1103312859.0
214450,파마리서치,CFS,271290511349.0,247344585752.0,49785168841.0,54252843546.0,88278123908.0,106399144494.0,415466176368.0,371656045678.0,66798134698.0,49700307875.0,23647410571.0,17391849262.0,15183477277.0,9779737093.0
214610,롤링스톤,CFS,30060577609.0,36531412522.0,32721228946.0,27430059460.0,37858153436.0,39872312393.0,8217118718.0,17639471565.0,1350382173.0,3920183997.0,-5555786131.0,-10254732750.0,-5100952496.0,-10068415759.0
214680,디알텍,CFS,80786260611.0,78838198288.0,29809458930.0,51932122580.0,37757885967.0,60939402960.0,84988340311.0,59838380634.0,23115178237.0,23466377288.0,128104095.0,2899660073.0,-318688853.0,3983015148.0
215000,골프존,CFS,316346746986.0,306729689696.0,139893491039.0,157201781259.0,199154155708.0,216835171205.0,397813617649.0,373160471851.0,161644937279.0,146236430254.0,30764692679.0,45608575588.0,14021400108.0,35226134003.0
215090,솔디펜스,CFS,31733496145.0,14085225554.0,10440283269.0,11182620825.0,11251395026.0,11947945424.0,39520888484.0,41022388431.0,5575274871.0,3307273924.0,-126987035.0,-1294765131.0,322554180.0,11458645781.0
215100,로보로보,CFS,14477763512.0,15722890008.0,2283369794.0,2056235863.0,2335792057.0,2123500160.0,30584941422.0,29541364163.0,3600268599.0,2883309037.0,81096305.0,74151293.0,673038981.0,-43300192.0
215200,메가스터디교육,CFS,115063729161.0,135469542769.0,379598050389.0,405545914243.0,447304173354.0,471008859752.0,449285492547.0,433701932099.0,222411633830.0,197263082165.0,42762938170.0,42658257524.0,32013015943.0,30757538368.0
215360,우리산업,CFS,190716836917.0,141587929497.0,192622729173.0,141631833147.0,199739690707.0,152485115921.0,92417730160.0,85746002293.0,108623433338.0,89733118291.0,4459950881.0,-4218839432.0,4889405311.0,-1129764193.0
215380,우정바이오,CFS,15691997518.0,13887253842.0,41748209005.0,45243832927.0,71517088569.0,65275433920.0,24029008740.0,29718339930.0,7760804788.0,13093730200.0,-1597772594.0,-1194590033.0,-1651374269.0,-3418446023.0
215480,토박스코리아,CFS,31294057134.0,31536842165.0,7062935300.0,8794712418.0,7555853416.0,8993728317.0,32655769372.0,32586587628.0,14581619645.0,17044687551.0,1488170856.0,2846457459.0,1011849507.0,2080506019.0
215600,신라젠,CFS,69072607955.0,77818233094.0,16323666973.0,17419591345.0,24518480817.0,24506568922.0,69243829806.0,78939492624.0,2595103124.0,1135634471.0,-5604072394.0,-4718040149.0,-5272137540.0,-4972839385.0
215790,이노인스트루먼트,CFS,72827421834.0,78751850440.0,24069232992.0,28664256114.0,26063518575.0,30693920197.0,94678614177.0,97627608086.0,9235426281.0,11531743995.0,-5609679254.0,251521627.0,-3698139256.0,1974799004.0
216050,인크로스,CFS,170891295564.0,221175603229.0,77286553631.0,128217454777.0,80123973427.0,130941026561.0,107600391376.0,105956625119.0,12182622315.0,12577568404.0,3448826064.0,4835800950.0,3681752220.0,3137048981.0
216080,제테마,CFS,37714055828.0,35786043334.0,69833911100.0,61957943098.0,139612916692.0,131406988877.0,49517667724.0,56946608941.0,15980281453.0,10312670359.0,922443212.0,1059606844.0,-6068771265.0,8309556481.0
217190,제너셈,CFS,37161902134.0,38008183178.0,30088857920.0,27468524983.0,38323118589.0,38976017608.0,39799032466.0,40199380106.0,14644758751.0,17387661232.0,1376826756.0,3894645363.0,846063642.0,3943660052.0
217270,넵튠,CFS,68714782864.0,48235197332.0,34346126057.0,20507824005.0,63065303924.0,46631148145.0,383629965618.0,379645731429.0,30377813961.0,6188702238.0,151679667.0,-6462065956.0,757455396.0,-30600392961.0
217330,싸이토젠,CFS,9929318441.0,19388886841.0,23980039836.0,33929850518.0,25697073089.0,35564130930.0,7635212910.0,5656217069.0,908679928.0,99985977.0,-2506319777.0,-3065141191.0,-1856713797.0,-6111030957.0
217480,에스디생명공학,CFS,26266957635.0,46219955819.0,79603540709.0,70575709870.0,79778141382.0,83619565246.0,15415255437.0,28341476547.0,15513573276.0,25759467617.0,-8647060928.0,-9403858794.0,-3624512553.0,767403565.0
217500,러셀,CFS,67234239515.0,67541143644.0,20523641501.0,14073578051.0,21421537486.0,22930463172.0,56407864452.0,55500196333.0,13277171566.0,13360091210.0,195071941.0,2599289807.0,237036907.0,3261871243.0
217730,강스템바이오텍,CFS,34943851614.0,45906520168.0,22700665184.0,19708665596.0,34043497483.0,33331410601.0,35515077735.0,47260294212.0,2789673207.0,3942278634.0,-5978707427.0,-4802455119.0,-6217601715.0,-4735950813.0
217820,원익피앤이,CFS,327424319009.0,263743348709.0,369355722445.0,290007358145.0,374532856153.0,297145004018.0,100934867588.0,114632271708.0,32290932227.0,58725770926.0,-5348891622.0,-4108287284.0,-6977650932.0,-1547616824.0
218150,미래생명자원,CFS,46529672863.0,41972094080.0,17593723028.0,14940677049.0,17897548455.0,15260426110.0,42803256634.0,40834828875.0,14836398738.0,17911716566.0,95676154.0,369732534.0,-12762615.0,137450643.0
218410,RFHIC,CFS,322030179302.0,339879606429.0,94237307231.0,94654050918.0,165963039877.0,165491087870.0,309055321981.0,307847122675.0,24294419414.0,23666868594.0,-5231094947.0,-370638453.0,-3579008582.0,1653482696.0
219130,타이거일렉,CFS,30847395396.0,34514341574.0,14840826916.0,15185717874.0,16980477559.0,17224125675.0,54325278147.0,55445585445.0,11801716621.0,15783064680.0,-832949526.0,2544048638.0,-398069461.0,2884112616.0
219420,링크제니시스,CFS,40815727011.0,40169139038.0,2167929703.0,2901928445.0,2889062775.0,3751429489.0,45188644631.0,43703107076.0,4230167467.0,4583391073.0,974052613.0,1527931564.0,1096134808.0,879731520.0
219550,디와이디,CFS,13132098641.0,13247152753.0,32365697626.0,2398586833.0,33316389661.0,2564822854.0,50334431940.0,44715715394.0,5712141744.0,3385935864.0,-1083274869.0,-1071675195.0,-6094603110.0,-1367478268.0
219750,한국비티비,CFS,9273106997.0,18729709965.0,17724414268.0,25943422488.0,22631673026.0,31003127757.0,3059548091.0,4518295775.0,809132593.0,-7241315543.0,-542610690.0,-3001135512.0,-867560231.0,-2974877300.0
220100,퓨쳐켐,CFS,33782072678.0,45364870779.0,2916961648.0,13781687827.0,7479357107.0,18433015770.0,67136176436.0,70283242811.0,2905658649.0,2933550227.0,-2624533273.0,-1675040742.0,-2345941868.0,-2156807989.0
220180,핸디소프트,CFS,59753562161.0,62238629432.0,5398050646.0,10929061678.0,6425192170.0,12091227614.0,67157192784.0,66165447601.0,6471735861.0,6458485356.0,-8037191.0,105309139.0,1015539209.0,376206072.0
220260,켐트로스,CFS,50534979716.0,50705311192.0,34309475113.0,16360073866.0,40285982093.0,38509204976.0,60196506723.0,58949571296.0,11969019586.0,15196676083.0,325241332.0,61132194.0,578629412.0,334149705.0
221800,지구홀딩스,,,,,,,,,,,,,,,
221840,하이즈항공,CFS,64539292357.0,57902951615.0,50626709568.0,52008864676.0,78733701678.0,76339887931.0,62100763134.0,60481639548.0,21659973012.0,12340830086.0,1590536743.0,-194997172.0,1577644552.0,-1731991956.0
221980,케이디켐,CFS,69255903764.0,68903540421.0,23306790576.0,23910745719.0,24935934732.0,25868681592.0,98019214708.0,96356998586.0,14704073198.0,15918778683.0,1643142408.0,1510787175.0,2219546467.0,2268142599.0
222040,코스맥스엔비티,CFS,202949258276.0,188200635449.0,267114567885.0,212093266633.0,277163726335.0,256716552674.0,44370202897.0,47254354750.0,82162760856.0,92319647051.0,4062618978.0,4795594627.0,-1563102281.0,614877811.0
222080,SFA넥셀,CFS,442076647006.0,346206530085.0,327433119617.0,278449869046.0,350734282998.0,303962068566.0,200550581773.0,140033042208.0,27050465700.0,32834443463.0,4509822226.0,7381601046.0,-1706366694.0,8634896383.0
222110,팬젠,CFS,10120968070.0,8576382749.0,4685501712.0,1129528758.0,7097232073.0,3454202506.0,15793967819.0,17219472966.0,1192669887.0,870957525.0,-385674713.0,-2278969021.0,-144932289.0,-2207674562.0
222420,쎄노텍,CFS,40007155365.0,38614996406.0,33798492131.0,34157108330.0,57879498119.0,58454432600.0,39112480561.0,37877096472.0,8723882059.0,10519936657.0,-540739037.0,1102252930.0,-2033448751.0,870322924.0
222800,심텍,CFS,399482726492.0,504723382744.0,402368023730.0,474379874277.0,626137664298.0,653731684232.0,554741494797.0,612601561758.0,253728047464.0,477436780729.0,-21600588691.0,114711489247.0,-17863244329.0,84766811616.0
222980,한국맥널티,CFS,48257737108.0,50632048004.0,40910565087.0,32378600226.0,48208485648.0,47681158715.0,39650236800.0,41539462141.0,20423934878.0,17194899800.0,-642579891.0,-21206297.0,-837713724.0,-1309528871.0
223250,드림씨아이에스,CFS,42724011872.0,41762055054.0,25831778028.0,23860311379.0,28926613581.0,27523615378.0,53899530513.0,50442057810.0,10400694599.0,10101436287.0,-454713977.0,1528758525.0,694282681.0,1249736658.0
223310,사토시홀딩스,CFS,24104274276.0,22751695679.0,3958732631.0,3255840734.0,4310797830.0,3641496894.0,25209380976.0,23921498295.0,6332894380.0,4212509386.0,-32569205.0,118330148.0,884632425.0,201776343.0
224060,더코디,CFS,69059251558.0,83823334062.0,48196748908.0,23789403862.0,50264159052.0,55669858825.0,35363481356.0,37968632538.0,3271156848.0,4201161846.0,-1765703271.0,-2112555381.0,-2669658560.0,-4217141557.0
224110,에이텍모빌리티,CFS,61226079885.0,59321741742.0,39539363232.0,43318701518.0,53380378110.0,58900169379.0,93109719572.0,86784004910.0,45254080691.0,34270767966.0,4434406332.0,4760873491.0,3880597285.0,4842419526.0
225190,LK삼양,CFS,19590926687.0,29731933410.0,5073716317.0,8204249409.0,9235461484.0,13675703094.0,30091534808.0,36538482424.0,11585173679.0,15210176843.0,78517775.0,3324333419.0,10723704.0,2826973565.0
225220,제놀루션,CFS,53430225608.0,54542331567.0,6189380889.0,4643596015.0,21375437525.0,19754934993.0,96455621758.0,94698799896.0,2308026515.0,4382754629.0,-2230908071.0,267493304.0,-1577805168.0,2521186678.0
225430,케이엠제약,CFS,7077131867.0,6345458544.0,12699192293.0,12498458000.0,15063951531.0,14953189853.0,36467240337.0,36327945673.0,5113916333.0,3446729442.0,207335407.0,-378988642.0,158716733.0,-480276596.0
225530,HC보광산업,CFS,50325482727.0,53247469023.0,20487086447.0,23429999387.0,54622980062.0,57055616274.0,93740721995.0,88924745376.0,23279876064.0,22884668896.0,6187366582.0,4668957142.0,5126151308.0,3579235344.0
225570,넥슨게임즈,CFS,220223269593.0,204036431993.0,61877362391.0,59676973659.0,97728875471.0,88500616331.0,253214749004.0,237048789376.0,43426652000.0,24349435894.0,182048033.0,-6818570512.0,-3021254760.0,-5964038951.0
225590,패션플랫폼,CFS,58911148740.0,61475025905.0,12818579849.0,16374365419.0,30724193538.0,30098157455.0,74192963836.0,67634357336.0,28563027367.0,29250139942.0,5803335327.0,5204488346.0,4850601473.0,4571737512.0
226330,신테카바이오,CFS,34973316205.0,37496886447.0,18906171867.0,22254406508.0,20974957282.0,24227949489.0,35617557855.0,31460774571.0,2959622.0,80765169.0,-3211097103.0,-2809495354.0,-1318680204.0,3190398522.0
226340,본느,CFS,28757326395.0,27334609096.0,34503899890.0,35607318592.0,53517892540.0,53943951259.0,32082642232.0,30653573174.0,19576672169.0,13364992790.0,1499893798.0,-138702678.0,1016342439.0,533715757.0
226400,오스테오닉,CFS,38438641503.0,37422938718.0,11339244288.0,19685726599.0,16992385993.0,25024677636.0,46921069031.0,36500518925.0,6768013371.0,4556816259.0,842746547.0,-141028153.0,157237417.0,755046390.0
226590,엠디바이스,,,,,,,,,,,,,,,
226950,올릭스,CFS,46179698946.0,65045503731.0,40205464276.0,39543151650.0,65833213908.0,66448925303.0,42572957277.0,66202554547.0,,,-7595496029.0,-6586334605.0,-8866447439.0,-9224481901.0
227610,아우딘퓨쳐스,CFS,35965904187.0,31199350217.0,51782532244.0,48312493482.0,53743706689.0,49856594081.0,10022180098.0,8578197796.0,8346798146.0,8454257419.0,-361740208.0,-2903278944.0,-11290929816.0,-3765101505.0
227950,엔투텍,CFS,34178492478.0,38889151241.0,3817599554.0,11329686761.0,7567107107.0,11986732552.0,126670959917.0,97226471584.0,11554142040.0,8310695839.0,333201474.0,414736623.0,24364449652.0,1097936299.0
228340,동양파일,CFS,76143474674.0,71431972728.0,6792635438.0,6336379433.0,6854025907.0,6498334498.0,126338864062.0,122914306020.0,18919428500.0,19613748100.0,1747082484.0,1699631843.0,1742336713.0,1550676793.0
228670,레이,CFS,117626516626.0,101078015139.0,73024603726.0,62482463072.0,107268496899.0,105887952257.0,131558549106.0,116308028180.0,39356480412.0,31161660171.0,3331454769.0,3332052367.0,1245878609.0,169024426.0
228760,지노믹트리,CFS,101696803973.0,117999575199.0,17436287938.0,53442112741.0,21962093553.0,55352892425.0,118292032095.0,107557037408.0,1058658861.0,1056314167.0,-7046715337.0,-3079985773.0,-1877346877.0,-9723522872.0
228850,레이언스,CFS,231156228472.0,218954101245.0,31127983931.0,31335245903.0,36121946346.0,36500539616.0,234198037474.0,225498428892.0,37737518650.0,37625890070.0,6544692512.0,7778992074.0,6169973405.0,6099277814.0
229000,젠큐릭스,CFS,12434072956.0,8011451044.0,13172218548.0,25867820698.0,18990537628.0,31565458511.0,17976959823.0,5673206734.0,545622095.0,535203410.0,-2732099628.0,-2660954744.0,-6384280661.0,-10186934149.0
230240,에치에프알,CFS,191591040778.0,234084700782.0,52465959996.0,98240893119.0,92058055647.0,133104469916.0,181376963052.0,177825222594.0,34512468684.0,96839011275.0,216414866.0,26713138284.0,2648480882.0,20508621061.0
232140,와이씨,CFS,254520795557.0,314067119610.0,107622908752.0,86167134155.0,137835457623.0,164468338499.0,360275912705.0,354629698116.0,77497082199.0,67090761688.0,-62689806.0,8761794737.0,2792325642.0,7375308090.0
232680,라온로보틱스,CFS,27721879573.0,29557797301.0,8378038971.0,11213613941.0,15081182016.0,18202516326.0,29078218044.0,28103785453.0,9226998683.0,16658290259.0,781846515.0,1899122071.0,455818208.0,1442935675.0
232830,아이티센피엔에스,CFS,11536765954.0,11563658442.0,6221021909.0,7301744226.0,6337871147.0,10415681439.0,12885960490.0,8098968054.0,3290195399.0,8395902604.0,-30410031.0,324554359.0,3795905.0,331361647.0
234030,싸이닉솔루션,,,,,,,,,,,,,,,
234100,폴라리스세원,CFS,164836005025.0,151190724036.0,35952149853.0,44663979020.0,45425199890.0,54502949256.0,231304096435.0,207274496319.0,34544008481.0,48443612451.0,1353320688.0,3878114515.0,5299213237.0,5529613995.0
234300,에스트래픽,CFS,111940175739.0,126028877376.0,67361121265.0,88798267669.0,85386165572.0,110476617901.0,79346283526.0,68490898912.0,34423148767.0,30404594299.0,3502602230.0,1449054366.0,918508435.0,2667264870.0
234340,헥토파이낸셜,CFS,245221116586.0,263185478726.0,180344056901.0,187850934141.0,185918280032.0,193243897914.0,140478652354.0,143361473193.0,38459111410.0,30546491364.0,3007115234.0,2936470876.0,2883667649.0,1151386383.0
234690,녹십자웰빙,CFS,55048773624.0,49711142860.0,48004579515.0,46536367278.0,55207011732.0,54078894403.0,97754197286.0,96164276133.0,30199212986.0,26491090724.0,2819834609.0,3051240085.0,2085814906.0,2302353910.0
234920,자이글,CFS,8866536393.0,12543259248.0,19031053600.0,19325460642.0,19072957749.0,19335105788.0,36648061905.0,41709024430.0,845509186.0,4959322626.0,-3779664989.0,-514320400.0,-4206428373.0,-909220403.0
235980,메드팩토,CFS,15600234966.0,100330893207.0,8531685259.0,72799305257.0,10813819531.0,75364585732.0,11159774022.0,32322597622.0,0.0,0.0,-7705812368.0,-7086169953.0,-7563485561.0,-8012564781.0
236200,슈프리마,CFS,110048744798.0,116544677000.0,11199024188.0,11723533506.0,11371149149.0,11987764279.0,190999814926.0,181799482025.0,23318931514.0,25719301127.0,2648086473.0,6282586249.0,5287372229.0,7259073528.0
236810,엔비티,CFS,26289390828.0,32204759431.0,16643407239.0,18782216806.0,43292297732.0,46148077396.0,34614917805.0,37193803886.0,,,-235565843.0,487098814.0,-246963670.0,562059137.0
237690,에스티팜,CFS,232179964408.0,263233822482.0,169706503935.0,179223988711.0,215189168420.0,229549274594.0,340550624059.0,341102990526.0,57773269981.0,51123228741.0,1607889874.0,3534614442.0,1215338768.0,3386043224.0
237750,피앤씨테크,CFS,46816314684.0,45327647347.0,7841394651.0,7922220058.0,9114617564.0,9014073429.0,70802949017.0,68716889662.0,4862768217.0,5350906787.0,983956000.0,1059463125.0,981922709.0,1330705763.0
237820,플레이디,CFS,120938547316.0,139040327861.0,58523587306.0,77663319603.0,64321842812.0,83620933955.0,79646346484.0,79022426933.0,8700126866.0,11394812791.0,295789388.0,2184847577.0,420558360.0,1854801577.0
237880,클리오,CFS,139841735654.0,129713676306.0,52558271727.0,44063527784.0,63126738341.0,53509226607.0,198012564799.0,190376264982.0,81000377501.0,66194065308.0,6512953644.0,4475194082.0,5395200849.0,2874569533.0
238090,앤디포스,CFS,98011185730.0,106599332053.0,15190472870.0,31773307514.0,21687744217.0,32814412781.0,137289822497.0,140191937384.0,13850407316.0,17987517363.0,-1018707762.0,-1880264363.0,-2770721726.0,-6602597912.0
238120,얼라인드,CFS,19488119309.0,19551898909.0,1502624693.0,1333198695.0,8532258627.0,8051756573.0,29933639654.0,28849730072.0,3317625165.0,3009840417.0,800785027.0,703095372.0,747979347.0,673012813.0
238200,비피도,CFS,25469661043.0,23849850078.0,3754877688.0,1890216972.0,4252367466.0,2447754196.0,52566506629.0,52489221060.0,5603568662.0,2651079312.0,387237752.0,86914587.0,85342335.0,140798581.0
238490,힘스,CFS,48190686066.0,30748607164.0,37401714337.0,15836006391.0,39231083886.0,17588863004.0,64021643124.0,61934534993.0,,,5243913562.0,-4398663437.0,4613208865.0,-2517055990.0
239340,이스트에이드,CFS,31300851474.0,36629648212.0,3373964000.0,3898128462.0,8738914154.0,13664405050.0,30464458447.0,31710944553.0,,,-1713587392.0,-822675842.0,-1825563218.0,-1220146893.0
239610,에이치엘사이언스,CFS,22668371065.0,37235502846.0,3013963732.0,3842334107.0,3562386469.0,4515737589.0,103030022747.0,104301840990.0,7074663188.0,16982309914.0,-787812785.0,30600866.0,-27568984.0,376275784.0
239890,피엔에이치테크,CFS,40748623844.0,41225440308.0,30281807098.0,27589600333.0,37409079385.0,34103304460.0,27857042565.0,28449001007.0,8543149393.0,10710918913.0,879278753.0,1062422939.0,-2706834193.0,1446496492.0
240550,동방메디컬,,,,,,,,,,,,,,,
240600,유진테크놀로지,,,,,,,,,,,,,,,
240810,원익IPS,CFS,600481254111.0,596025062092.0,276052613525.0,248902022998.0,279300921711.0,251943234499.0,844571162434.0,869727304162.0,134648817390.0,199834016320.0,-18246132849.0,18521242404.0,-7070283976.0,24413642965.0
241520,DSC인베스트먼트,,,,,,,,,,,,,,,
241690,유니테크노,CFS,45299919876.0,43013122947.0,20376959519.0,22662879655.0,38822746130.0,38536949095.0,120274248130.0,116968473280.0,27398619345.0,23348057205.0,1961014424.0,2318189369.0,1739443503.0,1835049821.0
241710,코스메카코리아,CFS,187994394399.0,186758079269.0,129296512364.0,142988836381.0,165136691081.0,185732073734.0,225799435659.0,207023560560.0,115651142905.0,100411742759.0,11164348373.0,3061282188.0,8621814608.0,2788784704.0
241770,메카로,CFS,141974867466.0,152899971903.0,36517493047.0,23843663613.0,39402933096.0,26023991757.0,187277839506.0,192203200876.0,9103500958.0,14613226601.0,-3351956963.0,1036284355.0,-1705445783.0,412289461.0
241790,티이엠씨씨엔에스,CFS,115414534422.0,77690132284.0,69452990405.0,33026497516.0,74168643725.0,34047192858.0,111589646431.0,103569651369.0,24049878110.0,48188054784.0,5277562797.0,7776569589.0,4858405765.0,5245332059.0
241820,피씨엘,CFS,25119944638.0,58624921278.0,31015241285.0,48290402943.0,35231636517.0,54294178545.0,21142524482.0,33643619336.0,612066000.0,12743104769.0,-3970150302.0,349497378.0,-4796007486.0,9860501596.0
241840,에이스토리,CFS,72170908163.0,80090720780.0,33891226255.0,34880405767.0,40142139584.0,42777389437.0,61110488433.0,58504945353.0,14800636559.0,28757734861.0,935423942.0,3504848488.0,612458219.0,2395393447.0
242040,나무기술,CFS,40221311495.0,56135610599.0,37496123626.0,43379407030.0,44160536338.0,58405603281.0,42673051262.0,43821430305.0,17872655288.0,22915305699.0,-154050681.0,518499783.0,-555276731.0,1390230335.0
243070,휴온스,CFS,239356940249.0,247014531023.0,83510375982.0,103452907674.0,163317249886.0,185107014549.0,310190969014.0,287519610797.0,140696911591.0,124073838338.0,17875993272.0,10869943363.0,14863048795.0,7497658774.0
243840,신흥에스이씨,CFS,251584087377.0,235930868007.0,300635597036.0,249723835910.0,451073856486.0,348472325271.0,321386518112.0,307841992429.0,128480441730.0,115016651236.0,9748039563.0,8584486857.0,2527297595.0,8286063215.0
244460,올리패스,CFS,6694525661.0,13873690848.0,11640059164.0,12041371154.0,15167648326.0,15715542087.0,1273539122.0,9226119226.0,1828925077.0,321799958.0,-2402562847.0,-6979455554.0,-2506878057.0,-7058507345.0
245620,EDGC,CFS,57466983019.0,41611880167.0,134060069456.0,108450939558.0,179914939621.0,159175170219.0,21930668926.0,32835416388.0,27647156862.0,24184546891.0,-3382617334.0,-2183505798.0,-17774474802.0,-4171060534.0
246250,에스엘에스바이오,,,,,,,,,,,,,,,
246690,TS인베스트먼트,,,,,,,,,,,,,,,
246710,티앤알바이오팹,CFS,34037688436.0,46834503438.0,31751627070.0,29102440094.0,39617156273.0,36674913732.0,32159608592.0,39262942836.0,1218179430.0,1364408070.0,-3183301528.0,-2396727271.0,-4074047677.0,2560022710.0
246720,아스타,CFS,6400137003.0,7884569238.0,770601797.0,1102735972.0,3353042948.0,3698557389.0,5778434986.0,7237087093.0,402967894.0,687295749.0,-771437914.0,-690659330.0,-745511046.0,-665724469.0
246960,SCL사이언스,CFS,11231343269.0,5469258136.0,9288458004.0,2465456428.0,15716573851.0,17645425148.0,14451800921.0,13168983646.0,215624448.0,73202771.0,-1135065939.0,-1244323423.0,-3585118880.0,-1451007247.0
247540,에코프로비엠,CFS,2746153537292.0,2274293401185.0,2187461064698.0,1547889953385.0,2598209304518.0,1885951251552.0,1670004515725.0,1488215127423.0,1906226538828.0,1187144379130.0,114700920024.0,102892913719.0,82468242432.0,77776647922.0
247660,나노씨엠에스,CFS,36671029170.0,25268357596.0,18600217796.0,17393801033.0,22502571137.0,21388596145.0,28905798374.0,31012395280.0,478689533.0,1067320722.0,-1151167598.0,-387928244.0,-1793349280.0,791419516.0
250000,보라티알,CFS,60923385324.0,60513166455.0,21926727695.0,26426410653.0,22360637256.0,27089484959.0,78822252750.0,76409622647.0,19659893866.0,16953589936.0,3318217626.0,2915369051.0,2072205958.0,2366282922.0
250060,모비스,CFS,38053593560.0,53421517488.0,16953439815.0,28711266798.0,21545966303.0,32761774365.0,42392176847.0,44516043424.0,4890225565.0,5185582401.0,-1506739878.0,-1087587439.0,867052003.0,-3057781053.0
250930,예선테크,CFS,26505264278.0,28443479688.0,17950772552.0,14819464504.0,32605560132.0,30610199839.0,28897360092.0,32569108473.0,10464447234.0,14141998638.0,-1537866482.0,-1854562988.0,-2305981362.0,-1868017975.0
251120,바이오에프디엔씨,CFS,45861326197.0,44894264708.0,5074504811.0,5981270456.0,5160956514.0,6058430189.0,55105523574.0,52977381169.0,3591382850.0,4435728592.0,1323052701.0,2218273720.0,1243534068.0,2017397131.0
251370,와이엠티,CFS,117592552023.0,113902291078.0,98387330582.0,78960495402.0,107920914883.0,96546766864.0,154112831104.0,151365692859.0,31118903556.0,36475407598.0,-1641538733.0,2393887105.0,3238957615.0,4246146529.0
251630,브이원텍,CFS,103189998534.0,69388059300.0,64191462197.0,32520089797.0,120343421956.0,78168624399.0,94946767208.0,97244765725.0,15302089215.0,8901581861.0,-625763494.0,-523915144.0,-797109556.0,-1081441149.0
251970,펌텍코리아,CFS,177343376623.0,160600690819.0,64029684769.0,55054097183.0,70761200564.0,60462117414.0,266866071082.0,257757735059.0,75848646642.0,61912917875.0,10351065425.0,7571457517.0,8199244179.0,6584324329.0
252500,세화피앤씨,CFS,32396854508.0,29725975279.0,4430659404.0,3463464809.0,4533730063.0,3573135468.0,38317786272.0,37143489837.0,10768333933.0,9609808695.0,1090349313.0,13517904.0,1115800696.0,319312585.0
252990,샘씨엔에스,CFS,76269003672.0,111330852377.0,68307049801.0,17336052664.0,91290801247.0,88307674085.0,105395626480.0,111957607437.0,5788228276.0,11729576644.0,-2371048039.0,3681847735.0,-1451704968.0,3748720980.0
253450,스튜디오드래곤,CFS,423368503402.0,400132364146.0,447695139437.0,416262541911.0,464589826077.0,429935208171.0,693114571715.0,660731176567.0,163487100949.0,157477524502.0,16254867343.0,26995100134.0,10192783788.0,25576617944.0
253590,네오셈,CFS,89240348546.0,100361630938.0,50959064734.0,65005793308.0,54243915464.0,68533207174.0,66867261800.0,62280243724.0,34047822747.0,7732064890.0,5069865240.0,-1163138402.0,5098736173.0,352621274.0
253840,수젠텍,CFS,98971638802.0,122054970281.0,24581805668.0,29312585701.0,27761185710.0,32719853884.0,128105226287.0,140576943704.0,2034433184.0,22824685320.0,-6357913027.0,9137757645.0,-595038490.0,13769694326.0
254120,자비스,CFS,33932836003.0,15720889866.0,16691460744.0,18042789196.0,23915105654.0,18241999053.0,22689951317.0,10102951603.0,6235245036.0,5864864906.0,124949267.0,426655035.0,-2530989449.0,1047823167.0
254490,미래반도체,CFS,128473103258.0,109962966620.0,26027718243.0,24586086203.0,56130019834.0,60115142271.0,77310334483.0,54351183913.0,79182488485.0,133078935776.0,1953525342.0,5356353802.0,1049588800.0,4502642521.0
255220,SG,CFS,100534175714.0,100267858368.0,86216561015.0,100145652367.0,126033407790.0,118489962136.0,62815985774.0,74987706581.0,24687546031.0,23404814331.0,-2923113973.0,-1921714886.0,-11129712716.0,-3337512917.0
255440,야스,CFS,95685303536.0,105913285154.0,47518297571.0,48942174159.0,55928651898.0,57075049639.0,154600645487.0,159665774361.0,12598015631.0,18761965416.0,-2470867502.0,631463433.0,-1422472492.0,1472351734.0
256150,한독크린텍,CFS,35659221434.0,34974001962.0,6823836724.0,5299164793.0,7744799668.0,5662991414.0,54336142742.0,53473064391.0,16905620736.0,15624980781.0,1226637455.0,1707786876.0,1342753564.0,1576259526.0
256630,포인트엔지니어링,CFS,47646588310.0,50791066026.0,20221365963.0,20273871755.0,26396297152.0,24299579636.0,75838415707.0,77981875180.0,6971869890.0,12766089891.0,-1965777784.0,1819488926.0,-907798710.0,2229826740.0
256840,한국비엔씨,CFS,122879397198.0,142065470756.0,14901679888.0,14243409490.0,21742673371.0,42423267978.0,195747776378.0,190098127806.0,20510188600.0,7060711938.0,3549586446.0,-3448861145.0,8373129133.0,-13996734341.0
256940,킵스파마,CFS,39271317892.0,43310497201.0,54494420841.0,32059097193.0,57364795831.0,33291305515.0,49948778624.0,52267501635.0,26326206546.0,2579508193.0,1376174106.0,-1710563507.0,-950888861.0,-1486265926.0
257370,피엔티엠에스,CFS,20420506574.0,23908202855.0,26373259136.0,28965402686.0,27108750314.0,32921717611.0,19725899048.0,15913666904.0,14357814664.0,928486741.0,-571957058.0,-3331430158.0,-1190457457.0,-3705265638.0
257720,실리콘투,CFS,98717814196.0,73230909481.0,51200286675.0,28605613290.0,55804923352.0,32829452721.0,112160415792.0,96386863307.0,78220222058.0,37268764193.0,10382067735.0,2495935731.0,8567571510.0,2667296960.0
258610,케일럼,CFS,39937040134.0,37935730179.0,52728888195.0,51860286008.0,67034555418.0,67370329459.0,56141711761.0,61499911072.0,26514336774.0,15519750777.0,-3596071532.0,-1139965852.0,-12286994062.0,-1191646781.0
258790,소프트캠프,CFS,21553448637.0,21620263709.0,15219638208.0,13821545597.0,18337294973.0,15824216634.0,16043403538.0,16819457750.0,4813967279.0,4014014042.0,-333461873.0,-376311666.0,515934705.0,533652787.0
258830,세종메디칼,CFS,16139382048.0,41870713346.0,86594425635.0,111167408365.0,92970318884.0,111531148232.0,56065738702.0,26668474763.0,4502317043.0,3656213719.0,-33162469.0,-1521535555.0,30337702011.0,-389890358.0
259630,엠플러스,CFS,298360939416.0,268999426251.0,274354057441.0,229070289267.0,281279507867.0,264878703697.0,69339918188.0,56444439307.0,149486940043.0,2833881273.0,13111806250.0,-6123671456.0,11380493989.0,-6045188565.0
260660,알리코제약,CFS,80351754633.0,82122960345.0,61156916206.0,57258086445.0,70746204451.0,64990035666.0,93905967750.0,88546118877.0,50059203588.0,38334479784.0,5310272801.0,2656464122.0,4680912294.0,2438908365.0
260930,씨티케이,CFS,86228766883.0,81622063737.0,28595198548.0,22926669119.0,32049619245.0,27684675889.0,155931024982.0,151015535124.0,23919551313.0,16750636576.0,1381594254.0,-4193370355.0,1286963814.0,-3300330637.0
260970,에스앤디,CFS,80771284973.0,76369126899.0,16470855942.0,14839502945.0,17106712073.0,15230993296.0,80537061729.0,78106969378.0,21814928470.0,19548649170.0,2455389687.0,3161731060.0,1599209913.0,2596361638.0
261200,덴티스,CFS,94651631825.0,78496479232.0,106905445766.0,83647382148.0,125205620760.0,98819853253.0,50114810291.0,32250241601.0,23647609128.0,23836944051.0,1160467974.0,3252525359.0,1233185538.0,2963410839.0
261520,이지스,,,,,,,,,,,,,,,
261780,아리바이오랩,CFS,57645377341.0,58917220083.0,26276092528.0,26789224255.0,27365036022.0,27703190784.0,32475393013.0,33365601666.0,172255200.0,62165565.0,-1193749303.0,-1468298506.0,272838598.0,-1951325187.0
262260,에이프로,CFS,130868731371.0,104081998977.0,97453757223.0,78759970162.0,103112441586.0,80332148875.0,67534615515.0,59921966996.0,41151003776.0,3300864470.0,470128001.0,-4076594198.0,316362818.0,-2563836178.0
262840,아이퀘스트,CFS,16251768515.0,17978741144.0,4768561252.0,6076924196.0,8165700002.0,9708710823.0,49797081310.0,49543556216.0,9396570935.0,3573014023.0,1230555203.0,1135345725.0,389528398.0,781558169.0
263020,디케이앤디,CFS,42537488935.0,60995838694.0,24649746716.0,43456182311.0,29991775250.0,48510694941.0,62690464686.0,62777175397.0,18914566035.0,30924041371.0,264701544.0,3728371889.0,-577501406.0,3528805615.0
263050,유틸렉스,CFS,52418095499.0,69142513255.0,9195516759.0,11804081848.0,10658440928.0,13595823676.0,76050619506.0,90866730836.0,,,-8440901699.0,-9604904330.0,-7766006962.0,-7422182669.0
263600,덕우전자,CFS,65271795848.0,85480818970.0,101641448151.0,95576540575.0,105184559001.0,96247448806.0,109575828725.0,114173409424.0,27245405038.0,39047770492.0,-7959312283.0,1172398784.0,-1315227577.0,842122949.0
263690,디알젬,CFS,79703546093.0,87132488457.0,39666586828.0,48812705876.0,47675199458.0,53071849344.0,76485147714.0,73633216835.0,28892871574.0,28861625355.0,4091058446.0,5690948418.0,3959272468.0,4609294541.0
263700,케어랩스,CFS,117188535095.0,111726874059.0,38213552381.0,34218500524.0,91346822049.0,89082140020.0,94460084646.0,91577013976.0,,,-3086080738.0,-1472225482.0,-4051314630.0,-6553836022.0
263720,디앤씨미디어,CFS,57765476935.0,55760520724.0,17169106475.0,15778165552.0,19002780126.0,17536314518.0,78427462395.0,76411093378.0,15455260840.0,13648063419.0,1167436789.0,789136717.0,1032020143.0,999838196.0
263750,펄어비스,CFS,592942604512.0,556502376180.0,138293228400.0,236211108933.0,537631313025.0,523250798714.0,715481589872.0,699304047752.0,,,-14103983607.0,-4208894238.0,-4434244861.0,32037233614.0
263770,유에스티,CFS,62989426649.0,57654939796.0,19183348421.0,18081496348.0,19348766862.0,18431921458.0,73711340202.0,69348382551.0,24446685287.0,25843212262.0,3660293093.0,5772827902.0,3094418163.0,4616721580.0
263800,데이타솔루션,CFS,38579172701.0,54689586332.0,20596991932.0,37302212731.0,23795962198.0,38218359347.0,31147015934.0,31343073665.0,21729098697.0,30207969544.0,-109801548.0,1756818984.0,60613216.0,1165778168.0
263810,상신전자,CFS,55742616667.0,55370077431.0,35692815377.0,29957393533.0,36154993075.0,34455726313.0,42191037015.0,41165865729.0,26516067173.0,28366086763.0,364053975.0,328641647.0,66869892.0,-4584248395.0
263860,지니언스,CFS,44154708967.0,47484592365.0,8390068888.0,10841115171.0,10215513966.0,11791426186.0,49099236759.0,47901167626.0,9316999734.0,9713313109.0,1050758772.0,1892827354.0,1568608185.0,1990104561.0
263920,휴엠앤씨,CFS,23886850022.0,17833447246.0,16456184785.0,10577916192.0,17173164105.0,16425354207.0,35588838883.0,30253123407.0,12628674015.0,11540740325.0,1431729215.0,1038643488.0,2669664071.0,781799379.0
264450,유비쿼스,CFS,165642358496.0,152727034935.0,36878224744.0,32533642737.0,42328967525.0,38751420528.0,152653228880.0,142874328386.0,43240921336.0,35691626075.0,10300852538.0,7041330486.0,8743335579.0,6222240264.0
264660,씨앤지하이테크,CFS,95737647365.0,118384985950.0,50112969135.0,42221182789.0,54054591480.0,61330333284.0,95118752391.0,93360473789.0,32218811238.0,19366225761.0,2669395750.0,1395688035.0,2128000181.0,-1360906053.0
264850,이랜시스,CFS,27676309661.0,27669450419.0,13250643779.0,14867554719.0,16391871403.0,18657610942.0,44982006158.0,42700323992.0,17131400410.0,23250145402.0,1461083330.0,1721264122.0,919523722.0,1721771300.0
265520,AP시스템,CFS,395947845545.0,396470581144.0,165444584979.0,222421189934.0,258893150091.0,277913741218.0,288711870678.0,270199149705.0,122524655224.0,121727596519.0,11149284311.0,22391075482.0,10461707893.0,26717568745.0
265560,영화테크,CFS,49217746169.0,48226241555.0,12170088233.0,9227107582.0,25645301163.0,24369692791.0,60196340882.0,56935520497.0,18225679951.0,10872965244.0,2079837107.0,670893911.0,2089729111.0,416296945.0
265740,엔에프씨,CFS,29815465502.0,27704857686.0,15575235417.0,15857163081.0,15920852519.0,16142705360.0,59284470149.0,57271349789.0,11011366859.0,7950709533.0,1576571892.0,550224307.0,922214621.0,758557237.0
267320,나인테크,CFS,98586890174.0,92617036479.0,98436246681.0,88808803644.0,132712030405.0,114637642064.0,43501080718.0,28941110931.0,32198252498.0,14708442100.0,95220244.0,824997199.0,1448050584.0,-1336431190.0
267790,배럴,CFS,46113497403.0,29998225691.0,9418638163.0,14610487819.0,26445665370.0,17183383615.0,36587724361.0,30474568027.0,15826556924.0,10775138796.0,2545053003.0,-2165356126.0,1670708925.0,-2050121522.0
267980,매일유업,CFS,581135858944.0,599958025059.0,218315124640.0,266099319977.0,434178224229.0,477924807928.0,515229842420.0,496823485046.0,448210212537.0,415629470254.0,21491115728.0,13838848499.0,16318359894.0,-1686752053.0
269620,시스웍,CFS,36464921774.0,39100565593.0,38283212927.0,38544673401.0,39351108500.0,40161269620.0,31266434266.0,36422112684.0,3283807623.0,10388445285.0,-513274703.0,2343669687.0,-2391696338.0,-74957264.0
270520,앱튼,CFS,97822560566.0,58797454823.0,48685066670.0,23651614018.0,51053493932.0,23776898905.0,77716948473.0,42362352102.0,4248771533.0,4432541105.0,-2236035148.0,323780473.0,-920358139.0,355815591.0
270660,에브리봇,CFS,35075753853.0,40864805681.0,13861752346.0,5455774635.0,22098844851.0,24616600291.0,63919313014.0,62247610796.0,8126642502.0,14868112974.0,824550309.0,2248878197.0,1247212279.0,2119184778.0
270870,뉴트리,CFS,68154021505.0,83134136765.0,22343765957.0,34571677193.0,35906348189.0,47894962229.0,97737027041.0,98789343291.0,36244064713.0,47105794016.0,1048739866.0,-6368594.0,1229092771.0,2211106326.0
271830,팸텍,CFS,78504464478.0,42095911193.0,53310259075.0,25350260627.0,57262388780.0,27855414062.0,53446161545.0,44856304496.0,11132091473.0,15581727521.0,-872577253.0,2270522975.0,-5487897013.0,-943695114.0
272110,케이엔제이,CFS,42331491036.0,36757707672.0,20814527739.0,21148704915.0,52635732277.0,54313783532.0,62767694454.0,53782774316.0,19446502174.0,12687807292.0,4976607354.0,4294532670.0,5101749206.0,4466329339.0
272290,이녹스첨단소재,CFS,308538819281.0,272995385373.0,72477753785.0,78731968723.0,129265573090.0,83647833377.0,394934848846.0,380267244857.0,120356006997.0,142871371116.0,20146680987.0,32237815704.0,14793258564.0,34641215265.0
273060,와이즈버즈,CFS,59332463848.0,62280184471.0,29998938282.0,27689128071.0,31990232865.0,29575390618.0,43385529928.0,45753210404.0,2460637405.0,3385269967.0,-590815043.0,204658193.0,88110398.0,306402666.0
273640,와이엠텍,CFS,46710299455.0,47125095251.0,5252859628.0,4280243822.0,5471509273.0,4280243822.0,59978772964.0,59428258547.0,10781159318.0,11269129239.0,2396445035.0,3357700633.0,2454913719.0,3099731604.0
274090,켄코아에어로스페이스,CFS,80538763700.0,64296380388.0,39550270739.0,69707764157.0,86425174144.0,91598200086.0,62641730887.0,38147905769.0,23346169154.0,18653634140.0,1047645824.0,4299271867.0,-228280679.0,4287078279.0
274400,이노시뮬레이션,CFS,24303496077.0,8595157829.0,16254817521.0,15283774865.0,31566740133.0,28407089124.0,26878503689.0,14902663915.0,1943279038.0,1115145989.0,-949580805.0,-1616779881.0,-1353909141.0,-4387150951.0
275630,에스에스알,CFS,24842131249.0,26562468655.0,1588577518.0,3205457388.0,2023079938.0,3689546679.0,27752479127.0,27839455471.0,2442552158.0,2765578781.0,-60601438.0,353493930.0,-209474561.0,293181363.0
276040,스코넥,CFS,26326085812.0,27981234963.0,3371456442.0,3771855091.0,3727621284.0,4242559322.0,24078827825.0,25481253884.0,,,-2062658997.0,-1309555505.0,-1868886894.0,-1246392348.0
276730,한울앤제주,CFS,26311820449.0,29789471247.0,27358705388.0,18580002913.0,30301848392.0,27601158517.0,27891465936.0,34348911755.0,5787992014.0,6474295827.0,-5521261383.0,-2520025021.0,-4921511486.0,-2511866566.0
277070,린드먼아시아,CFS,27324412052.0,25339549932.0,542161381.0,158646299.0,9941268334.0,11532200243.0,55648629592.0,54615513076.0,1896774268.0,2528031331.0,930422055.0,1590779149.0,753541261.0,1184032301.0
277410,인산가,CFS,29467316331.0,29063633618.0,22206807610.0,14182163694.0,31708916883.0,36170462340.0,57442286473.0,51354945006.0,9349469793.0,8369514176.0,1517098158.0,1475652951.0,1138457120.0,1017871548.0
277810,레인보우로보틱스,CFS,131857507264.0,62092470130.0,3664973572.0,3185025706.0,4848866704.0,14652195787.0,134753735216.0,61507271655.0,3849928148.0,3310417025.0,164234859.0,188582686.0,-4544649600.0,171942764.0
277880,티에스아이,CFS,216252545257.0,176414627239.0,135317655148.0,146445829197.0,198932932904.0,187808127670.0,93409770015.0,45107311297.0,43036047532.0,40837290217.0,850783963.0,88811471.0,-9116248836.0,4376648041.0
278280,천보,CFS,310237020986.0,439441987127.0,232100305447.0,148425084497.0,508410893474.0,423815482608.0,367294201482.0,394840441483.0,47291917056.0,65809218361.0,1025106971.0,10955397351.0,-32807286014.0,14484591548.0
278650,HLB바이오스텝,CFS,100850343718.0,112423720125.0,66873805109.0,12775215355.0,73326279205.0,99984345850.0,99918850021.0,72202293454.0,13347297931.0,21291175322.0,-548012546.0,2437530882.0,175200007.0,-367115803.0
279600,미디어젠,CFS,8726865546.0,14147624065.0,2579928328.0,3414372893.0,13056018599.0,14197936311.0,12305153006.0,16575641366.0,2424477974.0,2752029906.0,-1832765234.0,-1363357520.0,-2316221242.0,-1181191675.0
281740,레이크머티리얼즈,CFS,107255878409.0,86395353501.0,95901006248.0,76900458193.0,157730546598.0,126727506348.0,99882226580.0,86782630448.0,29082048929.0,32928920259.0,7962738274.0,9370866977.0,5455056056.0,5085796326.0
282720,금양그린파워,CFS,127623545945.0,102756750990.0,51937273437.0,51505316808.0,60087448406.0,57691200244.0,86822362656.0,60658007158.0,56734437885.0,48517196959.0,-5038353218.0,3738379142.0,-5145693770.0,3034380194.0
282880,코윈테크,CFS,245376688768.0,251294230663.0,148729533331.0,146434586358.0,158877002301.0,157112116469.0,199701879981.0,186701873109.0,95726883322.0,40456268940.0,12630431660.0,2526152516.0,3107406029.0,2522347250.0
284620,카이노스메드,CFS,20088717113.0,31235523734.0,9957369391.0,8677519321.0,10134784995.0,9065658287.0,22210590674.0,29916822398.0,45148960.0,24311016.0,-4968106292.0,-2730283029.0,-4957077983.0,-4049433239.0
285490,노바텍,CFS,128262437068.0,109879803155.0,14043957942.0,9413232490.0,18244866288.0,12741141344.0,148529070055.0,132861196407.0,24604456451.0,22410911221.0,7529293006.0,5767555640.0,9005477703.0,1900059340.0
285800,진영,CFS,33281234871.0,14417593167.0,21527136377.0,14084299874.0,23453309005.0,26084636827.0,41881125764.0,21422801767.0,7343049042.0,13407178151.0,-435876181.0,2369329589.0,-508324676.0,1785792962.0
286750,나노실리칸첨단소재,CFS,9186391320.0,15900881855.0,12663494619.0,16650563627.0,14113430500.0,17991578184.0,13993715607.0,10144094974.0,443424592.0,944864593.0,-971018873.0,-1354813429.0,-736028825.0,-966327352.0
287840,인투셀,,,,,,,,,,,,,,,
288180,케이피항공산업,,,,,,,,,,,,,,,
288330,파라택시스코리아,CFS,33498769151.0,54956573470.0,7654419419.0,7494364094.0,9588228447.0,9590117207.0,34091470772.0,51865109155.0,,,-9292147633.0,-11510521384.0,-9024403371.0,-11589145191.0
288620,에스프리즘,CFS,134278051688.0,127812620669.0,56207008089.0,53750957276.0,81205771733.0,82702817085.0,71934822585.0,70405985825.0,12018951034.0,11412713903.0,522889236.0,525002201.0,517416748.0,281582871.0
288980,모아데이타,CFS,30364491740.0,32968261079.0,20850948322.0,18076704606.0,22583138813.0,18733855692.0,37670011058.0,37074727750.0,7178299553.0,5913999000.0,242434680.0,641181730.0,-385101709.0,557024518.0
289010,아이스크림에듀,CFS,52083659404.0,49125185211.0,16413405350.0,20621279622.0,37447518589.0,25451275599.0,60079010398.0,67239469773.0,29351867079.0,32950432885.0,338017845.0,3193890015.0,1445316546.0,2825879080.0
289080,SV인베스트먼트,CFS,,,,,6550690045.0,7253023195.0,71139743032.0,70359626436.0,6176394798.0,4798000559.0,,,210802530.0,572522434.0
289220,자이언트스텝,CFS,77223247805.0,87360365458.0,19832043591.0,14898451184.0,27182676609.0,23324552269.0,110612800340.0,122964192647.0,8893791242.0,9534643169.0,-8057445589.0,-3687396916.0,-7425634952.0,-3111663552.0
289930,웨이비스,,,,,,,,,,,,,,,
290090,트윔,CFS,45316561989.0,47509941913.0,9987494193.0,7108487315.0,10336827509.0,7274329573.0,64736075452.0,65986977497.0,6036754673.0,1629708900.0,-924156367.0,-6297657453.0,-1075627182.0,-5443963937.0
290120,DH오토리드,CFS,137229492846.0,127434590757.0,141550277250.0,100533295355.0,157993232118.0,144521253816.0,93467567238.0,88410658548.0,60310761436.0,54887145249.0,2683315769.0,7767253938.0,164881937.0,8565981179.0
290270,휴네시온,CFS,19535266815.0,20564072072.0,4547966901.0,6266268514.0,4748554775.0,6632197869.0,34663525273.0,35930458173.0,7384056167.0,7443906105.0,321136963.0,511303106.0,-751497642.0,848953916.0
290520,신도기연,CFS,43273121619.0,42318797796.0,9291362287.0,10228607367.0,9717801707.0,10862378601.0,63251833980.0,61576817570.0,5650724298.0,9601860916.0,707512293.0,-443379028.0,971086823.0,2629378010.0
290550,디케이티,CFS,146764683671.0,135183325378.0,64039814777.0,68873854791.0,94839021321.0,99251705735.0,122918793230.0,100797285717.0,77134265160.0,94994197437.0,3924403558.0,5236871379.0,-4082958016.0,8546971450.0
290560,파라택시스이더리움,,,,,,,,,,,,,,,
290650,엘앤씨바이오,CFS,69542613942.0,64283982666.0,90255137036.0,18738036312.0,100466069951.0,91903982601.0,109101629435.0,107821180109.0,16489774838.0,13143841230.0,1613225328.0,2211742102.0,1412559849.0,1181220936.0
290660,다이나믹솔루션,CFS,25082261526.0,12736862844.0,41284056323.0,28908318850.0,49732803610.0,40796743939.0,12446924071.0,9573827098.0,7183913262.0,6622572447.0,362645669.0,-1697393910.0,-193535954.0,-1596485547.0
290670,대보마그네틱,CFS,53049623751.0,68525515752.0,20119117662.0,19281569848.0,21825650825.0,21304632203.0,81159379089.0,79648536057.0,12643442177.0,23542876241.0,2915764092.0,4489584367.0,2315642558.0,3988649797.0
290690,소룩스,CFS,32157907757.0,29648327383.0,62517419950.0,23852496188.0,63169148559.0,25071397259.0,56078416306.0,43339328178.0,14286037135.0,14704845979.0,452956088.0,-1624285304.0,373760843.0,-2005664216.0
290720,푸드나무,CFS,53276063095.0,52203455300.0,53290813792.0,47625488483.0,71473033350.0,58061049079.0,39436851104.0,47872922465.0,48980037238.0,55633533589.0,-2458812845.0,36203459.0,-2489642677.0,-798601051.0
290740,액트로,CFS,47254248269.0,47562831428.0,25783854908.0,25851242854.0,28675220957.0,28384312497.0,65272208108.0,63629879021.0,31021506998.0,29854612814.0,791443438.0,-2353066874.0,1294676902.0,-659198021.0
291230,엔피,CFS,13904221040.0,11948816745.0,21595152060.0,20051397409.0,21817670936.0,20188786253.0,34492331192.0,34413394639.0,7855878304.0,11545226018.0,-647289048.0,652442826.0,-830018693.0,525327625.0
291650,압타머사이언스,CFS,29808706880.0,37964324879.0,617331799.0,2537725210.0,15667166818.0,16422509644.0,21915357618.0,29222836935.0,24576576.0,80864473.0,-4330258840.0,-2458934443.0,-4631675672.0,-2434544592.0
291810,핀텔,CFS,21914629366.0,24580949155.0,3322874002.0,5522942010.0,4302867691.0,6397752925.0,21496002698.0,20694575883.0,5428114703.0,3482752365.0,-406853268.0,-515663410.0,-60387480.0,-530888490.0
293490,카카오게임즈,CFS,1046299592445.0,1057386586545.0,695058178970.0,266999791328.0,1846736088164.0,1859048360222.0,2027851886459.0,2014893197778.0,,,26477541309.0,81038758115.0,8674449698.0,63995924373.0
293580,나우IB,,,,,,,,,,,,,,,
293780,압타바이오,CFS,21522355058.0,20419014895.0,1375510760.0,1040016820.0,4280276937.0,3744231253.0,45769928421.0,52369500962.0,6784000.0,15626100.0,-2999293916.0,-2891457102.0,-2152069585.0,-3384340085.0
294090,이오플로우,CFS,80199457539.0,103083886500.0,13863103054.0,38772334093.0,59391781418.0,53522475510.0,99213788923.0,98727957573.0,1646700311.0,663771736.0,-9353896282.0,-8353439197.0,-12398938076.0,-8962319004.0
294140,레몬,CFS,3666039350.0,11915096872.0,9526407250.0,11797067101.0,13387953910.0,15954992797.0,5430241866.0,11797581144.0,3465588731.0,5956855272.0,-2867910994.0,-779430046.0,-2984415158.0,-553525429.0
294570,쿠콘,CFS,120635263721.0,86708282490.0,83938825712.0,50345752899.0,93203596605.0,52794389909.0,133297747876.0,129406692943.0,17170342834.0,16118136391.0,4782106469.0,5187796483.0,1431906217.0,-5071575528.0
294630,서남,CFS,10533302638.0,9062023374.0,8661568334.0,8793405524.0,9688766910.0,9758454656.0,8607247548.0,7904220524.0,2793248871.0,2397530204.0,-199573022.0,-247753232.0,-2804509471.0,-91366521.0
295310,에이치브이엠,,,,,,,,,,,,,,,
296640,이노에이엑스,CFS,21323236797.0,21376081325.0,2848511453.0,2756692462.0,3680677690.0,3392731440.0,30453829850.0,31344568676.0,4052516210.0,3914838149.0,27334219.0,586922385.0,189595562.0,571222528.0
297090,씨에스베어링,CFS,88426653188.0,82338178684.0,68964020284.0,64709371342.0,71300328836.0,68769971936.0,91279741213.0,87124252500.0,28145134741.0,18258500466.0,2156691761.0,-947045345.0,684540143.0,-2062699780.0
297570,아틀라스링크,CFS,39183255421.0,38238371431.0,11402327831.0,9791424009.0,11498843302.0,10345495068.0,33165469390.0,31254040556.0,7418869347.0,6383650612.0,1256289565.0,648184214.0,725108565.0,2591895105.0
297890,HB솔루션,CFS,115956495105.0,118475153658.0,62025151295.0,70224669663.0,70047129681.0,71547088288.0,182473861532.0,142997995882.0,31093989241.0,73953498945.0,3322358816.0,16492052951.0,36367695561.0,17810244889.0
298060,풍전약품,CFS,3519745125.0,10039817126.0,3277542717.0,4562237132.0,7031758352.0,8508993786.0,15191425427.0,24510961512.0,88808541.0,116684427.0,-2874125760.0,-2650625156.0,-5290581976.0,-4696663959.0
298380,에이비엘바이오,CFS,92987781840.0,80534636534.0,98711741599.0,72172317167.0,99997416321.0,115667312852.0,87612215795.0,69513282788.0,8590309347.0,16139488234.0,-10343119307.0,-2104662797.0,-10358336480.0,2134512004.0
298540,더네이쳐홀딩스,CFS,237988932829.0,246767543034.0,210556190122.0,223337629971.0,231016198562.0,247635672808.0,340084524048.0,319506982784.0,113032830911.0,89187539350.0,17701205212.0,17805757768.0,13572693685.0,13469017374.0
298830,슈어소프트테크,CFS,62836807503.0,51055841418.0,30240800984.0,28855611066.0,47111932110.0,42205293950.0,68624804095.0,56609781878.0,,,-83572844.0,850840738.0,-7252294417.0,1423175883.0
299030,하나기술,CFS,137848849051.0,110297632963.0,134381632964.0,78628899901.0,169808418446.0,159601940660.0,93049413632.0,72641590152.0,36605015088.0,37070518931.0,976666514.0,2724626992.0,3111344924.0,1791901183.0
299170,더블유에스아이,CFS,23219220879.0,41085551254.0,18635181121.0,17503261867.0,21041736087.0,19380322964.0,39857149645.0,38084330544.0,7947984550.0,6020482387.0,970588995.0,10594570.0,855409712.0,1428783786.0
299660,셀리드,CFS,8467762097.0,20977751045.0,12444853940.0,20539210401.0,15621157475.0,23418501954.0,15424293272.0,22438888800.0,0.0,0.0,-3536329392.0,-3995581007.0,-3608504913.0,-10304457524.0
299900,위지윅스튜디오,CFS,169920164252.0,149696617253.0,149890691544.0,129802332817.0,159428535817.0,140948468189.0,274115524776.0,245602149240.0,62412524645.0,46263095063.0,-1149390298.0,-4933922384.0,-5473161801.0,-5655676945.0
300080,플리토,CFS,19516895871.0,21893010836.0,11264442673.0,10778291623.0,13058578420.0,12776346891.0,9053693845.0,11991359341.0,2241617488.0,4481941613.0,-2687377345.0,974967760.0,-2411355744.0,873884571.0
300120,라온피플,CFS,58946726506.0,72604996896.0,32404394744.0,32846251055.0,32926044462.0,33286018580.0,48788808592.0,54777429519.0,2164031448.0,5566088967.0,-4185305529.0,-489352464.0,-2577684097.0,-561330828.0
301300,바이브컴퍼니,CFS,30145887689.0,34542892271.0,51152499654.0,62304565253.0,67400424655.0,81899807792.0,58696111953.0,12800237498.0,5620682683.0,8609195790.0,-3303484187.0,-1940304638.0,39373655294.0,-3756568495.0
302430,이노메트리,CFS,64709965405.0,60000967797.0,27130919312.0,23852699844.0,27371028961.0,24265931831.0,58165685849.0,55752506440.0,19205045439.0,16518206975.0,1285346379.0,-1887046228.0,1155801481.0,-1433117539.0
302550,리메드,CFS,43669049653.0,42186845586.0,44080403803.0,43398427282.0,51789332952.0,48123310478.0,29565947342.0,30001934104.0,4921570856.0,5057556084.0,-867585261.0,306439042.0,-969253143.0,2903234104.0
303030,지니틱스,CFS,21404472453.0,24427168890.0,8797974185.0,7877771015.0,10368330069.0,9064217785.0,18116328443.0,21868608213.0,7083527213.0,8519471075.0,-2063421159.0,-238331234.0,-1971507242.0,-75256164.0
303360,프로티아,CFS,17612556790.0,10554270874.0,1139620036.0,1043814546.0,1482831711.0,1420097255.0,23022055582.0,15989349336.0,2253629267.0,1594817170.0,111354393.0,141029739.0,134013936.0,306285602.0
303530,이노뎁,CFS,36510703362.0,37589803018.0,18940377555.0,13713158903.0,21332502184.0,16298504381.0,35517511542.0,39261736614.0,22537403440.0,20195953529.0,-348205290.0,509577828.0,-218945668.0,473756332.0
303810,동국생명과학,,,,,,,,,,,,,,,
304100,솔트룩스,CFS,49336186470.0,48279457123.0,24027159686.0,32846007766.0,24597428094.0,33776449726.0,55723997501.0,44928075355.0,,,-5377240228.0,-1541417348.0,-5253510105.0,516168324.0
304360,에스바이오메딕스,CFS,20736360001.0,11201110668.0,7814485628.0,11830730160.0,19040864658.0,23322795809.0,15507680251.0,1035029321.0,4096599208.0,3131724948.0,-726102055.0,-621734565.0,-1997769768.0,-2150786916.0
304840,피플바이오,CFS,16999440342.0,29341335722.0,22418962181.0,32836348568.0,26037067153.0,36391779973.0,4543485671.0,5923910166.0,1057400343.0,1437125416.0,-3451816108.0,-2481854969.0,-3369929457.0,563336317.0
305090,마이크로디지탈,CFS,14852616569.0,16961862571.0,15707089965.0,16635795090.0,22145771937.0,22970945975.0,4490123854.0,5436597593.0,2001041661.0,3264884356.0,-591029902.0,-109845562.0,-685244237.0,-403859096.0
306040,에스제이그룹,CFS,119141148573.0,123383414691.0,39308482333.0,48329644148.0,64126418889.0,68616718705.0,134226322994.0,127902597159.0,55330880231.0,56872554452.0,5480632540.0,14961709785.0,4548618164.0,11643650821.0
306620,지아이에스,CFS,118090716372.0,40350057962.0,124057241114.0,35852449709.0,133648676976.0,45453742539.0,58353006066.0,45073269861.0,10501038004.0,13343730830.0,-2332129743.0,1188692257.0,484693170.0,1284136902.0
307180,아이엘,CFS,28458809959.0,31434846380.0,40059482911.0,40247600818.0,44901522155.0,49526338441.0,25069750215.0,23256020360.0,9731929755.0,11402697966.0,-2032855454.0,206649860.0,-4003415357.0,6776883297.0
307280,원바이오젠,CFS,22005332244.0,18203675535.0,12370017094.0,11582537570.0,13007647543.0,12106993289.0,30348548329.0,26825582923.0,7496521012.0,7240458380.0,1956578795.0,1507282566.0,2326171540.0,865963734.0
307750,국전,CFS,123116646598.0,142893236766.0,81613625430.0,70691339137.0,114406298789.0,103774196397.0,95255228981.0,92323186876.0,29860941849.0,26229456705.0,2661239717.0,1271371018.0,-1677444563.0,1051618584.0
307870,비투엔,CFS,21649733162.0,26411892434.0,20778906109.0,15473847761.0,20973341425.0,22513922593.0,15020859344.0,17176433609.0,5906426969.0,5439491598.0,-799334123.0,-1010099295.0,-787656533.0,-783032931.0
307930,컴퍼니케이,,,,,,,,,,,,,,,
308080,바이젠셀,CFS,62229199011.0,69891681774.0,8542059117.0,8353009264.0,10150072267.0,9730646291.0,80396264688.0,89642714054.0,0.0,0.0,-5177078203.0,-4131827543.0,-5044523406.0,-4175341258.0
308100,형지글로벌,CFS,51872520905.0,55479655530.0,33984487785.0,41694715270.0,47660404395.0,57975258372.0,61052732858.0,60901731925.0,12267386842.0,20812666146.0,91437503.0,-2709514810.0,,
308430,셀비온,,,,,,,,,,,,,,,
309710,아이티켐,,,,,,,,,,,,,,,
309930,조이웍스앤코,CFS,29927550216.0,29532579130.0,7508121347.0,6290943693.0,14293475423.0,13915127835.0,29242825466.0,28067549251.0,9863178513.0,8406811610.0,625663990.0,280764783.0,689696413.0,-8305238.0
309960,LB인베스트먼트,,,,,,,,,,,,,,,
310200,애니플러스,CFS,64676276240.0,54351714981.0,48981762766.0,43190243384.0,107556880984.0,61008563067.0,95073780919.0,80523250987.0,23723640142.0,10798228121.0,3123352122.0,-1161674929.0,-427346638.0,1695891675.0
310210,보로노이,CFS,36207551624.0,49157797317.0,3237011969.0,13815861592.0,27895906581.0,29691863522.0,22754253521.0,34258167614.0,0.0,687420239.0,-6829289766.0,-5458222449.0,-6713914566.0,-5980949054.0
310870,디와이씨,CFS,59716672717.0,66813406120.0,51141682936.0,51421103774.0,61873617734.0,71532980881.0,48599615350.0,46482315885.0,32018262627.0,28942072088.0,2391426470.0,1909438829.0,1172260006.0,41649736.0
311320,지오엘리먼트,CFS,36544712865.0,38301361518.0,2362900504.0,3283492290.0,3305675860.0,4234946191.0,48786465165.0,48875613907.0,3703907913.0,7631885321.0,-421173998.0,2272621504.0,-93560335.0,2090464071.0
311390,네오크레마,CFS,43006227547.0,37812802184.0,34084470828.0,27868336784.0,35973411093.0,29630647805.0,40209236320.0,48745759688.0,7186231766.0,6463492910.0,554357721.0,215333116.0,-8812122168.0,719858902.0
311690,CJ 바이오사이언스,CFS,22917163485.0,50931897914.0,33943234308.0,34978585750.0,40700288998.0,41733747323.0,32899604482.0,49655411562.0,1293719399.0,711914809.0,-9595282511.0,-6792767929.0,-9573498549.0,-7850685799.0
312610,에이에프더블류,CFS,45478626961.0,46071768365.0,1497087261.0,1439646349.0,1518087261.0,1460646349.0,64821250747.0,65957631315.0,1293628546.0,1040531051.0,-713613949.0,-864055686.0,-308848916.0,-653663992.0
313760,캐리,CFS,26275209495.0,31357925768.0,18007658018.0,15572978546.0,18565855134.0,16444473865.0,22545961517.0,29859457395.0,2554742645.0,3989156367.0,-3664019857.0,-1451494257.0,-4009109803.0,-1034705156.0
314130,지놈앤컴퍼니,CFS,119527512683.0,116909349345.0,27544629857.0,11140609039.0,39197589166.0,22452264197.0,137745040173.0,150544411899.0,3713880774.0,2604154478.0,-11889385662.0,-18265806572.0,-6622252851.0,-17338375109.0
314140,알피바이오,CFS,80409853536.0,81043297546.0,69637942027.0,78630256720.0,73429379885.0,82021315914.0,100518578120.0,91136602083.0,38481356253.0,35670785143.0,2815625880.0,3444477717.0,2101998150.0,3262472979.0
314930,바이오다인,CFS,22678885606.0,22914545138.0,653246681.0,1253613515.0,653246681.0,1255398594.0,44166136925.0,44158788596.0,1112102425.0,974174480.0,-553637362.0,-212578259.0,-288798193.0,66419189.0
315640,딥노이드,CFS,9014841493.0,11753582331.0,3498288075.0,2902459343.0,5211369916.0,4560953361.0,6316763470.0,9966348823.0,205364880.0,166627098.0,-1596647530.0,-1789415219.0,-1626713473.0,-1202579441.0
317120,라닉스,CFS,15176263152.0,17405707598.0,15921453628.0,27534541939.0,21039575593.0,27652712250.0,12803327918.0,14321987349.0,3276400099.0,2822494696.0,-429295345.0,-664336461.0,-392407982.0,-2450802755.0
317240,TS트릴리온,CFS,8702376807.0,13069962461.0,46902841442.0,49464241084.0,47022395927.0,50882427486.0,16534581759.0,17434198840.0,7930839180.0,17296235202.0,-225764546.0,-1782160236.0,-334845707.0,-1439607423.0
317330,덕산테코피아,CFS,123569162057.0,71435629813.0,99351102577.0,17199914096.0,223464165799.0,95240671629.0,201316364034.0,203286055415.0,27125235486.0,29582444215.0,938298331.0,3634789083.0,-1903606214.0,6302647956.0
317530,에피소드컴퍼니,CFS,4438512779.0,3051861177.0,4582070817.0,2759534587.0,5307658563.0,3839751259.0,9146930340.0,11107254462.0,2119466615.0,2519182880.0,-581018658.0,-377869788.0,-1276304656.0,515660750.0
317690,퀀타매트릭스,CFS,24728286369.0,35852540101.0,2710594867.0,4117926160.0,3896707106.0,5717706035.0,29444665546.0,39879484967.0,485743980.0,358532002.0,-5139296419.0,-4907286824.0,-4898467657.0,-4746802018.0
317770,엑스페릭스,CFS,38366557621.0,39755226364.0,1563531492.0,2153786567.0,1715861753.0,2309737042.0,50102852064.0,47931467774.0,2912321825.0,3257017415.0,-1347984431.0,555160555.0,-617552784.0,745018512.0
317830,에스피시스템스,CFS,42736606576.0,39808104657.0,24907130770.0,23634449109.0,31012523284.0,29523529532.0,53531080340.0,50480490379.0,15394475977.0,13345931385.0,259004713.0,884168024.0,308237225.0,1016945739.0
317850,대모,CFS,33907242836.0,33538487705.0,12013042350.0,12189671565.0,21057008794.0,22061585042.0,48553773446.0,47558975848.0,13682653201.0,16662983809.0,940420935.0,1776204245.0,736512421.0,1362419371.0
317870,엔바이오니아,CFS,24489785613.0,17614035574.0,15780690512.0,13350063874.0,21453225826.0,19007178362.0,27933392209.0,20978622994.0,6087584900.0,2621207437.0,1872467503.0,-262231623.0,-1458172660.0,-145269104.0
318000,KBG,CFS,26741599183.0,26199302396.0,3279152820.0,7612594924.0,3917010957.0,8128342221.0,40053215657.0,34945813884.0,5614264057.0,6367964854.0,1532134137.0,1066283604.0,1732022607.0,866657601.0
318010,팜스빌,CFS,45032978066.0,47798455871.0,5392485897.0,6932585391.0,8147202362.0,12168103254.0,63932215716.0,62666751601.0,5264232693.0,6789682997.0,631205173.0,986053464.0,663658529.0,871054468.0
318020,포인트모바일,CFS,50397472848.0,54655330783.0,23529249915.0,31431934798.0,25347495982.0,33940295218.0,46386383229.0,42167900624.0,28760576820.0,20452695013.0,2648974846.0,-3644514624.0,2328465256.0,-2786747700.0
318060,그래피,,,,,,,,,,,,,,,
318160,셀바이오휴먼텍,CFS,27610103915.0,19935542297.0,9453082532.0,13705590104.0,9519285234.0,13834709667.0,44033777008.0,32147113023.0,7261443924.0,7021811604.0,893674948.0,249994858.0,-1780886934.0,235235801.0
318410,비비씨,CFS,45332023939.0,43746960570.0,7174463947.0,6534051838.0,11605073304.0,10843296801.0,73468355894.0,72837707754.0,11223705186.0,12095214754.0,861998138.0,1571930036.0,13875921.0,1335005204.0
319400,현대무벡스,CFS,138826840194.0,136785072621.0,54116731640.0,48651535920.0,66852097366.0,64868050893.0,150470812144.0,154581325900.0,55474540577.0,62341592732.0,-3398815630.0,4831875781.0,-2163223119.0,3518243841.0
319660,피에스케이,CFS,390548257438.0,383950967173.0,120695237604.0,100917650989.0,138352363599.0,119341821898.0,355301005342.0,353307517966.0,65537411482.0,133909105289.0,1471184771.0,27022600491.0,2531678217.0,22666155881.0
320000,한울반도체,CFS,21629879472.0,20020361872.0,6993196250.0,5651118859.0,7300966209.0,6013231953.0,22659730707.0,22722871332.0,1864009927.0,2172084251.0,-779183148.0,-418160431.0,-549755013.0,-343883896.0
321260,프로이천,CFS,31327195325.0,26256897608.0,5387869529.0,3410323339.0,5803108966.0,3923446731.0,34997292255.0,32650843160.0,10091413081.0,13249147577.0,1383183613.0,2033615818.0,1628493780.0,2613193464.0
321370,센서뷰,,,,,,,,,,,,,,,
321550,티움바이오,CFS,37085481641.0,40294599146.0,34397669902.0,30109893342.0,53611126339.0,33972065374.0,40790704017.0,62286700446.0,,,-7721550189.0,-7300823834.0,-14583471915.0,-12609868217.0
321820,아티스트컴퍼니,CFS,32960024061.0,39319605929.0,39723629309.0,9177917441.0,40446782480.0,41554710295.0,3032745354.0,7426354136.0,5288744719.0,7755550541.0,-590479647.0,-291265269.0,-2025852427.0,-3189914204.0
322180,LS티라유텍,CFS,17553792790.0,14543946126.0,13490001036.0,11640553081.0,20449785625.0,17959814589.0,16299230153.0,17839772694.0,12849569619.0,8919300442.0,46853937.0,-441304377.0,-421515078.0,-731265211.0
322310,오로스테크놀로지,CFS,41298766665.0,41820543441.0,16098045898.0,5473247684.0,19985155202.0,8629170756.0,57534477362.0,61072760822.0,7057598033.0,5517368854.0,-2843969551.0,-3734610031.0,-2214349107.0,-3369417090.0
322510,제이엘케이,CFS,10150708768.0,8851869757.0,1313245829.0,1605699637.0,21635507023.0,19731533964.0,15127683734.0,16599264053.0,237318275.0,557343024.0,-2142494830.0,-2696783999.0,-2313597717.0,-2777696510.0
322780,코퍼스코리아,CFS,60643365472.0,65997546273.0,86086834867.0,90118296271.0,88381372718.0,92691796475.0,60369956480.0,47607303925.0,21468457135.0,7033442812.0,7641946514.0,2208794360.0,4999975938.0,-1461342207.0
323280,태성,CFS,25694703763.0,33019541683.0,16850913418.0,22165407856.0,18216708130.0,23440639577.0,32275383965.0,32393504296.0,8130081434.0,19664812754.0,113042679.0,1311054016.0,-160838795.0,-703638781.0
323350,다원넥스뷰,,,,,,,,,,,,,,,
323990,박셀바이오,CFS,16747153012.0,20898449206.0,488358495.0,307041990.0,1378381759.0,835777840.0,18696472616.0,23327267446.0,,,-2773916497.0,-1549707121.0,-2494453214.0,-1322659729.0
327260,RF머트리얼즈,CFS,68904169718.0,56185011843.0,29675625990.0,25404022333.0,46096041049.0,43075468739.0,55889460176.0,52836962007.0,13058462232.0,12279801499.0,437035493.0,669359856.0,1199747341.0,1804170015.0
328130,루닛,CFS,56720900885.0,68050191900.0,8865384404.0,9446098952.0,28414344261.0,28243417093.0,59000663526.0,68909657614.0,5445485591.0,2501392763.0,-10044798284.0,-13702909961.0,-9995984100.0,15322480350.0
328380,솔트웨어,CFS,24459954517.0,25222722631.0,8885007766.0,6053890931.0,10941214923.0,13241665123.0,22054381910.0,20014179693.0,8700775456.0,7095128574.0,-77203027.0,-667468951.0,66287663.0,-554993043.0
330350,위더스제약,CFS,52846991294.0,59450729531.0,26599790097.0,25572492936.0,34905394033.0,36358643311.0,85106519806.0,83036153600.0,18130778892.0,15369419167.0,1535366145.0,1199163201.0,1270454394.0,721646516.0
330730,스톤브릿지벤처스,CFS,21828550492.0,31905062193.0,4619447188.0,7279881821.0,9146914472.0,12225401185.0,87013114816.0,85850507581.0,3903775045.0,12308863819.0,1668105484.0,5709575898.0,1616700443.0,4904984684.0
330860,네패스아크,CFS,96120075654.0,104719262766.0,50059896244.0,58754501773.0,186308909811.0,201529785315.0,248596473804.0,256438481660.0,31533510884.0,41361674682.0,-1465412849.0,8748923632.0,-1999781799.0,5912407547.0
331380,포커스에이아이,CFS,24387134735.0,27107995815.0,12357346045.0,12119837609.0,12491987163.0,16696898139.0,21995787900.0,20876395272.0,15043630503.0,16150201302.0,1126910496.0,624090700.0,851143651.0,338861863.0
331520,밸로프,CFS,33604722375.0,30228108481.0,12377302594.0,5272691866.0,13944299864.0,6816293397.0,28098011175.0,24757906388.0,9125022198.0,7765873206.0,-368352346.0,1019046460.0,80093089.0,1528876702.0
331740,아우토크립트,,,,,,,,,,,,,,,
331920,셀레믹스,CFS,12371542225.0,15612825733.0,2104316201.0,2644840140.0,,,,,1941260632.0,2707091584.0,-1774504682.0,-1689966163.0,-1614808774.0,-1344551430.0
332290,누보,CFS,53617487450.0,53810590681.0,34204811686.0,32493871380.0,57718199936.0,53640844439.0,26066823167.0,28233362516.0,33844640911.0,28991155902.0,2164125878.0,1886763891.0,-648838322.0,883117457.0
332370,아이디피,CFS,51350858579.0,50516379212.0,5597848861.0,6709057490.0,5700186603.0,6889343040.0,52640262117.0,50797071455.0,10079550404.0,10679068964.0,1550000836.0,3320916043.0,1617874162.0,3070646075.0
332570,PS일렉트로닉스,CFS,112849189135.0,103313330256.0,59631652608.0,53134905734.0,65787130628.0,56653911695.0,66459533197.0,61977750855.0,14830911252.0,12383709270.0,1326011974.0,777150437.0,-2960735510.0,-5019676628.0
333050,이노테나,CFS,24955560861.0,24982284845.0,6583423279.0,6611152234.0,6851758682.0,8123881472.0,20451046967.0,18886542117.0,6780045302.0,5598576055.0,135319969.0,553541439.0,212824763.0,448257779.0
333430,일승,CFS,31587609941.0,34265952507.0,18461639289.0,22604778928.0,36538789324.0,41084320941.0,65459117632.0,62849591377.0,13672858071.0,14025403139.0,969648649.0,505760943.0,661407429.0,494452000.0
333620,엔시스,CFS,46718142366.0,43911124570.0,15182972186.0,16333318792.0,27250054067.0,27890895743.0,57168943272.0,55813247663.0,12283578446.0,9651961369.0,-72184487.0,1456235850.0,-77414087.0,1060508254.0
334970,프레스티지바이오로직스,CFS,65710447753.0,70242171670.0,87509169687.0,89097643800.0,211829197650.0,205950267964.0,91587946498.0,99802775379.0,750774134.0,1676701727.0,-11544568439.0,-9740818443.0,1881913169.0,-8704585129.0
335810,프리시젼바이오,CFS,19469077531.0,20770897188.0,21602082535.0,20041437984.0,27221728112.0,25634437507.0,32972006915.0,33375101374.0,6091028850.0,4993112818.0,-584947972.0,-799564707.0,-459558451.0,-2419809853.0
335870,윙스풋,CFS,22523760857.0,31549016438.0,10000042197.0,19047735173.0,11597734002.0,21609776835.0,26256770665.0,25459035888.0,9421046822.0,11280633623.0,238119253.0,634325701.0,364959305.0,880255494.0
336060,웨이버스,CFS,33261729137.0,24677831424.0,11592672120.0,11252822018.0,11930406604.0,12667727975.0,30523955717.0,26855054897.0,12488599660.0,7373559825.0,1499659297.0,-1189560417.0,2126395240.0,-1183577129.0
336570,원텍,CFS,84655582606.0,63131057709.0,16736573887.0,11666685222.0,17351754892.0,16734885777.0,80439806213.0,57055511316.0,30503402489.0,19777245848.0,12638498582.0,3880214332.0,9021978390.0,-5621952411.0
336680,탑런토탈솔루션,,,,,,,,,,,,,,,
337930,젝시믹스,CFS,91016776577.0,80787048702.0,33158924217.0,30918790768.0,36972027856.0,32892024021.0,88563703380.0,81331020824.0,59395270727.0,55883443363.0,6528013441.0,5161187526.0,5375846872.0,2074103518.0
338220,뷰노,CFS,18685254582.0,23287496480.0,14831297324.0,13552617117.0,17404970479.0,16685812857.0,12040221769.0,18691886482.0,3005311925.0,619507021.0,-5778475006.0,-5536055178.0,-2649684857.0,-5602973642.0
338840,와이바이오로직스,,,,,,,,,,,,,,,
339950,아이비김영,CFS,34768796829.0,24227803212.0,38058412239.0,30328760640.0,46621483198.0,39956476494.0,35013300251.0,35656233380.0,22008636033.0,20416629607.0,1464417122.0,402769257.0,1393669217.0,-184484823.0
340360,다보링크,CFS,36255699593.0,31041582094.0,23260779469.0,17338323463.0,23374743966.0,17555076010.0,16846077244.0,17587466887.0,19423436864.0,18121282990.0,-69630865.0,-1027815435.0,-195817169.0,-1527262665.0
340440,세림B&G,CFS,26754396699.0,25769751585.0,12109620673.0,14772015717.0,16018889604.0,16579543159.0,30873772331.0,29215342319.0,13704200933.0,12082512347.0,949140686.0,608362085.0,839261406.0,848763124.0
340450,지씨지놈,,,,,,,,,,,,,,,
340570,티앤엘,CFS,69228242801.0,58811713798.0,15354002960.0,9731422918.0,16698202067.0,10924859570.0,120343919067.0,106072409874.0,36452826189.0,23618376660.0,12567718766.0,8252538384.0,10036491365.0,7143081729.0
340810,시선AI,CFS,39365691978.0,23484754615.0,27228112194.0,31256681593.0,28896834354.0,33111162793.0,24375263238.0,4070403235.0,3410367052.0,1908290598.0,-2230798447.0,-1970786458.0,-2607848081.0,-5783208334.0
340930,성원에너텍,CFS,55557061013.0,62302548122.0,63184674800.0,72074613787.0,91988165791.0,96516358436.0,67925779090.0,59486869578.0,18359404197.0,16274495470.0,-3521825042.0,263794018.0,-7687716306.0,5061781757.0
342870,오아,,,,,,,,,,,,,,,
344860,이노진,CFS,14558282803.0,6215981822.0,1120990021.0,1175272751.0,1141074518.0,1205076646.0,15247034099.0,6744403464.0,2452817540.0,2674136635.0,340314066.0,652949994.0,434094376.0,581698080.0
347000,센코,CFS,26688145041.0,43655909735.0,18639136959.0,28809429183.0,23049924559.0,33207786038.0,41043706425.0,43576166826.0,8206526457.0,9222441401.0,182474606.0,870294144.0,-2697735754.0,624307059.0
347700,스피어,CFS,17585734515.0,17003308786.0,14907495599.0,14505248580.0,16807275602.0,16562624384.0,4874303261.0,9571359364.0,338945663.0,409329761.0,-2242613231.0,-1518150307.0,-2456696320.0,735389242.0
347740,피엔케이피부임상연구센타,CFS,52820803066.0,60359087839.0,2748279287.0,3084884256.0,3480111093.0,3732286119.0,71913613326.0,70807064039.0,3034000701.0,4172755618.0,-143257814.0,1269383732.0,578560379.0,1512377706.0
347770,핌스,CFS,44713266770.0,33010493608.0,34504225711.0,27731367527.0,44583684625.0,37365374752.0,61260140950.0,56674353058.0,30398308144.0,22604561621.0,3691209499.0,1608666725.0,3095707846.0,2047989343.0
347850,디앤디파마텍,,,,,,,,,,,,,,,
347860,알체라,CFS,35882525717.0,49851515221.0,6016616497.0,6928528806.0,26314108141.0,24544354108.0,18675470714.0,34502168798.0,,,-5915519553.0,-6108356815.0,-7602925776.0,5614583105.0
347890,엠엑스온,CFS,48421181008.0,50299109400.0,4326468644.0,4846672722.0,5487356944.0,6257830547.0,71789676300.0,73007861342.0,8611221580.0,11151501841.0,1781327486.0,3316877248.0,1848864419.0,2828439261.0
348030,모비릭스,CFS,60462381483.0,56654350585.0,8384086146.0,5796705135.0,9641948350.0,6653438106.0,79099863686.0,79828433134.0,,,-1061801659.0,258797727.0,-784019084.0,1902930683.0
348080,큐라티스,CFS,14201884131.0,11011536585.0,29831087418.0,36549389258.0,32545873758.0,89623819695.0,31852411377.0,-25130841348.0,133400436.0,931422000.0,-4359028329.0,-5720865300.0,-3879589293.0,-2461717182.0
348150,고바이오랩,CFS,88791047409.0,102478146573.0,20911598513.0,8943561013.0,32569040271.0,28475043065.0,88199802067.0,95454890672.0,7150735214.0,1280713782.0,-4503081841.0,-4508259297.0,-2222017874.0,-6608103006.0
348210,넥스틴,CFS,113867144591.0,99713358310.0,26352022890.0,20210449478.0,27597950562.0,21553973431.0,117555389296.0,99637662260.0,36028867148.0,35589413225.0,16620004507.0,18579728258.0,13476240252.0,14532815288.0
348340,뉴로메카,CFS,29108195866.0,39353412242.0,5536825109.0,4021921416.0,6853457418.0,4103488046.0,36137241720.0,39726633404.0,3071310772.0,3277832557.0,-2613363503.0,-943028333.0,-2509025666.0,-799529538.0
348350,위드텍,CFS,91597305141.0,117509697700.0,23750408302.0,37812924135.0,23966300547.0,38010409804.0,112994029271.0,109558778382.0,14537628442.0,21426312433.0,443989699.0,5944475228.0,1560269581.0,6630013230.0
348370,엔켐,CFS,395111353177.0,342244958334.0,407074740753.0,250972696958.0,515356025694.0,386892153320.0,330848180381.0,293357352469.0,116954621530.0,111688660954.0,7535121348.0,-905233837.0,13127438603.0,39868080307.0
351320,넥사다이내믹스,CFS,27261865998.0,26844373684.0,14888320316.0,11987696073.0,24002348667.0,21225788607.0,27148561751.0,29424767190.0,4938899432.0,3158082837.0,-1997704128.0,-231415095.0,-1300751253.0,-113384215.0
351330,이삭엔지니어링,CFS,55339442969.0,51561748481.0,27124698812.0,21914635485.0,27299385956.0,22073299175.0,47311281358.0,47890617495.0,20876098037.0,13445184613.0,-216096176.0,-1499799567.0,-366687048.0,-1176739066.0
351870,차이커뮤니케이션,,,,,,,,,,,,,,,
352090,스톰테크,,,,,,,,,,,,,,,
352480,씨앤씨인터내셔널,CFS,117766993270.0,101889958594.0,50443485159.0,42648864550.0,52533103313.0,44766027445.0,149518567571.0,134184641726.0,57113655767.0,30691249432.0,10317963531.0,3360970956.0,8809239563.0,4376788825.0
352700,씨앤투스,CFS,80523363818.0,89342893956.0,10657817186.0,16990105872.0,12107658770.0,18105815461.0,167566371348.0,166410351688.0,20682278750.0,37440773140.0,374388997.0,9665220978.0,1014739767.0,8245432422.0
352770,셀레스트라,CFS,18531378904.0,52095097250.0,43892906281.0,36680992466.0,55512620985.0,43907208526.0,38768831346.0,53196755127.0,2139664711.0,2592082343.0,-10169517570.0,-3630744438.0,-11577829402.0,-4230210109.0
352910,오비고,CFS,36541943918.0,35424502385.0,1945540774.0,2271930068.0,4159437466.0,4181636749.0,36046918701.0,35037679222.0,,,76292528.0,-1740429471.0,326410127.0,-1955619406.0
352940,인바이오,CFS,70053682659.0,68054744919.0,40612509664.0,39046743089.0,41281504631.0,40871129634.0,47551532315.0,46488480250.0,4750418320.0,1049152804.0,-3871253600.0,-4355016728.0,-4066839312.0,-3809745478.0
353190,휴럼,CFS,33929063148.0,33038954849.0,18965436105.0,20272466716.0,21320182464.0,22975936750.0,39748610332.0,36145708321.0,20248143602.0,16768723403.0,1349137194.0,-108460598.0,1727622481.0,1353717823.0
353590,오토앤,CFS,38667422538.0,40006506859.0,21337928427.0,21750000996.0,24406499935.0,25486171179.0,29854197076.0,30084148699.0,16630567181.0,12165812894.0,111142321.0,-1006694550.0,343630427.0,-774669216.0
353810,이지바이오,CFS,104796662754.0,107326896495.0,77734526211.0,85067297629.0,97985758021.0,104999290600.0,57003966130.0,52811116485.0,40551573916.0,38563680187.0,5126426751.0,4221616468.0,3513323398.0,2216877960.0
354200,엔젠바이오,CFS,33259990529.0,43072428011.0,24986411562.0,29000716804.0,27107764413.0,30837407862.0,20235362098.0,25326935662.0,890181443.0,3181194206.0,-4532899111.0,-1451222001.0,-2129040161.0,-1291746218.0
354320,알멕,CFS,193324510098.0,138309168279.0,131703283480.0,91314889514.0,214644193559.0,156654240366.0,103214267653.0,76901108341.0,65622732231.0,35540156347.0,8064974082.0,-1151789668.0,-23464002110.0,-332145668.0
355150,코스텍시스,CFS,16223627755.0,12733332141.0,5177851280.0,11863748449.0,15043773944.0,25883443964.0,23609995276.0,9434907230.0,2286332151.0,6588665191.0,-297443205.0,-120169029.0,-3210222880.0,-1649384565.0
355390,크라우드웍스,,,,,,,,,,,,,,,
355690,에이텀,CFS,24923669007.0,19674138629.0,22301381609.0,27933062784.0,28266815708.0,34443384572.0,16667331690.0,3611800664.0,8598128718.0,10556837788.0,-1651455426.0,-833526084.0,-2300554259.0,-3646315414.0
356680,엑스게이트,CFS,33826954554.0,29174944221.0,5660913825.0,10475982618.0,8192593589.0,12134380786.0,34649885692.0,22572964744.0,10332784308.0,10540514576.0,1029874105.0,2410076756.0,1698124125.0,2035629374.0
356860,티엘비,CFS,63944671190.0,78336674491.0,29798357484.0,28653241932.0,47574435400.0,52606751208.0,111655699212.0,112315916682.0,42437066403.0,58339077070.0,1510813945.0,10013291337.0,1202609326.0,8414119502.0
356890,싸이버원,CFS,24893757762.0,23118493320.0,3176240551.0,3846174218.0,3223050361.0,3895933970.0,29290253637.0,28729917724.0,6054235031.0,5886043203.0,226145384.0,693988488.0,526486079.0,785506508.0
357230,에이치피오,CFS,90998559467.0,90512523477.0,20255788115.0,17855250814.0,24859895998.0,20756426297.0,181428398427.0,161647916509.0,61217256667.0,50997304506.0,8695783176.0,7778100069.0,6707265774.0,6005989093.0
357550,석경에이티,CFS,19791189495.0,16312256690.0,2214495492.0,1845613431.0,4170491655.0,3573956415.0,34223552399.0,29713218324.0,3214621144.0,3110695320.0,1224080104.0,1389340446.0,1080959794.0,1392031455.0
357580,아모센스,CFS,59259831281.0,56433996672.0,48570373730.0,28020232226.0,58112046392.0,53179263639.0,38065024627.0,37616576305.0,22471910925.0,12229038875.0,4212063054.0,-783977925.0,3855827031.0,-242843970.0
357780,솔브레인,CFS,476467897149.0,458877300878.0,89075242252.0,127596015859.0,97670860107.0,135667905528.0,866861293817.0,799239312030.0,218683520665.0,272792983765.0,,,33147986315.0,49833692248.0
357880,SKAI,CFS,35698805458.0,40506089896.0,8318251245.0,4320005965.0,45175394827.0,37313020566.0,26200460202.0,34786187044.0,,,-4799317009.0,620794135.0,-7055296306.0,786172746.0
358570,지아이이노베이션,CFS,68613883713.0,72861876745.0,5087499202.0,6631551123.0,9214935426.0,10688441686.0,92781851435.0,95646210423.0,,,-20582651214.0,-17583350122.0,-20627930376.0,-14938489867.0
359090,씨엔알리서치,CFS,29386644852.0,29318757248.0,28079926551.0,30815374902.0,31807454901.0,34451007736.0,38195759001.0,36055578672.0,12748642552.0,11807463699.0,1209133318.0,588729327.0,924620779.0,339284575.0
360070,탑머티리얼,CFS,97766317428.0,97987007499.0,13271487009.0,24472072582.0,13761456113.0,25065120829.0,108506768107.0,96334473636.0,26131873087.0,14979810312.0,6276245119.0,4330620412.0,5958912742.0,3940271393.0
360350,코셈,,,,,,,,,,,,,,,
361390,제노코,CFS,32946177498.0,36570993760.0,20640587070.0,24877889785.0,24854743141.0,29534680770.0,34333472175.0,33814471591.0,11805827583.0,14434761638.0,-100560258.0,2765537779.0,76505875.0,2088853992.0
361570,알비더블유,CFS,49660818909.0,51091092995.0,67826160006.0,41739766684.0,80465746500.0,56090682891.0,90027034856.0,88737325763.0,23582022344.0,16358212533.0,-555907813.0,1215712862.0,-2361747056.0,780517728.0
361670,삼영에스앤씨,CFS,23420604067.0,24614501716.0,1694388888.0,2231632816.0,3013395218.0,3173408378.0,24695412963.0,25183288297.0,2981654859.0,3690788958.0,-1324187150.0,-347778460.0,-1083711353.0,115493286.0
362320,청담글로벌,CFS,112039484494.0,82781550495.0,52286907179.0,25780422434.0,56711092228.0,31541830302.0,71700480839.0,66689705145.0,68691192022.0,64348495965.0,3842876147.0,3277969983.0,1739128094.0,2669533102.0
362990,드림인사이트,,,,,,,,,,,,,,,
363250,진시스템,CFS,26420059148.0,30462460250.0,1763820922.0,1965975105.0,6011235897.0,6072662502.0,31036114795.0,35110441148.0,153993726.0,483208929.0,-1726830107.0,-1684358546.0,-1952448870.0,-1608653943.0
363260,모비데이즈,CFS,82921976498.0,73943477371.0,47086262572.0,45221227430.0,48208499299.0,45264912626.0,40654667255.0,40048516630.0,3403672123.0,5045426559.0,-551236664.0,2313249707.0,-14988797.0,-8775368943.0
364950,에이아이코리아,,,,,,,,,,,,,,,
365270,큐라클,CFS,50598402286.0,33406557981.0,984481734.0,1370678057.0,23721573690.0,9486745731.0,50825351884.0,46170726976.0,1760873213.0,1020357560.0,-2458975200.0,-3675378197.0,-2346770868.0,-3375657566.0
365330,에스와이스틸텍,,,,,,,,,,,,,,,
365340,성일하이텍,CFS,195911722711.0,215337850540.0,112075744158.0,88672931328.0,162917613220.0,129315239965.0,322272278249.0,291232642306.0,63516939396.0,74044918702.0,7947225230.0,18300023048.0,12821408896.0,13122237184.0
365590,하이딥,CFS,28209999332.0,32254856894.0,2413047863.0,6318237582.0,16256891902.0,19939227676.0,17726116920.0,18207155178.0,3663161742.0,4666846057.0,-1303615946.0,-176809919.0,-1053931032.0,-5164073722.0
365660,레몬헬스케어,,,,,,,,,,,,,,,
365900,브이씨,CFS,34269521065.0,35997173968.0,25434241974.0,39897579453.0,48687230324.0,46536187295.0,46740196227.0,49507188240.0,13353414679.0,17713703429.0,-1894360816.0,3373897649.0,-1926617948.0,3972519262.0
366030,나인앤컴퍼니,CFS,49034194134.0,47473058254.0,3295124435.0,3739388902.0,3567057402.0,3900734490.0,61083499928.0,59297313004.0,16971866437.0,18868636128.0,3945867383.0,4962003839.0,2974652334.0,4022864233.0
367000,플래티어,CFS,34811888240.0,35559145195.0,11134618713.0,8462423039.0,12127742395.0,9393083947.0,45248356734.0,47118013154.0,8671640401.0,13133893102.0,-1548957966.0,395950995.0,-1121190745.0,112204115.0
368600,아이씨에이치,CFS,35851961443.0,37185664026.0,30297719939.0,9336820765.0,57814974106.0,18187289096.0,56514438144.0,64115257236.0,8956792744.0,4277909106.0,-4148460516.0,-2433013360.0,-3753025800.0,-2007089268.0
368770,파이버프로,CFS,27287490563.0,27697610639.0,7249533862.0,6070321780.0,11531221306.0,10579087127.0,29879475565.0,29123290283.0,3241880736.0,4844498338.0,34308257.0,828443866.0,333506810.0,-250979793.0
368970,오에스피,CFS,18183930132.0,24449334374.0,10769460322.0,2554546361.0,14066625279.0,2770704550.0,44854881136.0,34650759721.0,8739315906.0,5290708455.0,452435087.0,697445042.0,358513832.0,565095136.0
369370,블리츠웨이엔터테인먼트,CFS,15071667212.0,19006510577.0,8982575658.0,8976615964.0,11086476531.0,11645965720.0,34853876837.0,38270292802.0,2024136939.0,12164727607.0,-1888924068.0,348444155.0,-1906049283.0,465964824.0
370090,퓨런티어,CFS,49948212074.0,43063907126.0,8895955100.0,9954137644.0,9425766123.0,10615072634.0,46186298160.0,38454077095.0,12119652496.0,7066773215.0,1858053206.0,622831506.0,1543115120.0,761237831.0
371950,풍원정밀,CFS,30463893780.0,33965938832.0,27866158647.0,23435364472.0,33943649117.0,28490128710.0,75109422119.0,79747931501.0,11566492531.0,13479327884.0,-2984749744.0,1335038183.0,-695146111.0,3886387650.0
372170,윤성에프앤씨,CFS,310808376798.0,216281623966.0,218988653609.0,122707255967.0,236389103709.0,139816654930.0,144764425383.0,137753214067.0,34989874780.0,36786429820.0,524056627.0,4368501162.0,-982194509.0,5836341825.0
372320,큐로셀,,,,,,,,,,,,,,,
372800,아이티아이즈,CFS,28916014114.0,30586912525.0,19143664224.0,16018017066.0,19668531699.0,16539183020.0,21050185807.0,25132161572.0,21096994691.0,11938960661.0,-576607265.0,-3017553350.0,-374681749.0,-1156644474.0
373110,엑셀세라퓨틱스,,,,,,,,,,,,,,,
373160,데이원컴퍼니,,,,,,,,,,,,,,,
373170,엠아이큐브솔루션,,,,,,,,,,,,,,,
373200,엑스플러스,CFS,5114490551.0,5854904184.0,17730490721.0,14724743127.0,17946292836.0,14724743127.0,11532478208.0,14511048040.0,1983978014.0,1941998963.0,-1712997677.0,29959492.0,-1389596795.0,-51753552.0
376180,피코그램,CFS,23184117841.0,23695426319.0,20443391754.0,20243747160.0,20550222033.0,20307763273.0,32893297151.0,31276243816.0,6768675777.0,9052259299.0,141720259.0,1244999558.0,664648415.0,1162146187.0
376270,HEM파마,CFS,19421891795.0,22964452853.0,14233644658.0,13504346182.0,15844703393.0,14600018430.0,16625726027.0,20234750715.0,1058594825.0,473672410.0,-2470847436.0,-3815706243.0,-2338952297.0,-3763991451.0
376290,씨유테크,CFS,93379189971.0,108291182075.0,19158767005.0,34063269886.0,26964056154.0,43178535582.0,100557499500.0,101155167879.0,28272568159.0,55867266371.0,-1869416112.0,1753792917.0,-88107037.0,3195420003.0
376300,디어유,CFS,138959353746.0,134888840345.0,13853742534.0,11048726578.0,14280643857.0,11315793470.0,157405340597.0,141225482684.0,19098071218.0,11646647752.0,6747453182.0,3472239266.0,4757865304.0,4829179547.0
376900,로킷헬스케어,,,,,,,,,,,,,,,
376930,노을,CFS,8230665040.0,14073321069.0,7046607245.0,6462172578.0,15038360994.0,14455726407.0,4186704346.0,11395687742.0,1018057663.0,314453244.0,-3584081514.0,-4099060609.0,-3664986203.0,-4072460324.0
376980,원티드랩,CFS,36594606982.0,41276165261.0,7837786802.0,7914883113.0,14028667176.0,13924466708.0,39259056622.0,42970742821.0,,,352448027.0,3991361819.0,237454149.0,4016811440.0
377030,비트맥스,CFS,43295238204.0,60971720079.0,24136271600.0,27190435707.0,26123273237.0,28924441702.0,32501949962.0,37989913659.0,692225211.0,1381190891.0,-3840932958.0,-2521517660.0,-1363387191.0,-2484128507.0
377220,프롬바이오,CFS,42548504750.0,53560309629.0,15108035906.0,6427610086.0,15349250388.0,6810612393.0,83226886238.0,87012887135.0,19279044037.0,23088653835.0,-806143721.0,-176561991.0,-989276192.0,-133555696.0
377330,이지트로닉스,CFS,39665918561.0,43947664999.0,6630218943.0,5078820382.0,10479977991.0,9276615184.0,59731722848.0,60767208342.0,8845465162.0,3942268096.0,-743936591.0,-1371558845.0,-500263909.0,-1117163761.0
377450,리파인,CFS,131054266746.0,120835389474.0,11251441553.0,11076279885.0,12992229039.0,12794391968.0,150697388740.0,139412413096.0,,,5965202333.0,4372045661.0,5966208327.0,5017097741.0
377460,큐에이드,CFS,159888010189.0,245175306505.0,136376903819.0,132450076529.0,181825729672.0,184434797197.0,213015211838.0,208332218370.0,81044516579.0,110641735532.0,-514242090.0,5065264922.0,-504455519.0,3757727423.0
377480,마음AI,CFS,36022441063.0,13660450451.0,14974765875.0,11103291511.0,32363720765.0,12212469544.0,24627151280.0,25576054722.0,2203723149.0,1679642886.0,-1154985606.0,-1830401219.0,-1967320891.0,-1656838809.0
378340,필에너지,,,,,,,,,,,,,,,
378800,샤페론,CFS,28766100492.0,33732076989.0,1695069158.0,3876376109.0,4254126939.0,5871485238.0,25784479801.0,29279774754.0,,,-3596131136.0,87180347.0,-3363603831.0,137853104.0
380540,옵티코어,CFS,19251352529.0,25163562042.0,6640167616.0,8252067312.0,12039021797.0,14969953175.0,20432795078.0,21301994778.0,4650045732.0,7565962012.0,-1690039829.0,32893225.0,-1672542434.0,-6077238031.0
380550,뉴로핏,,,,,,,,,,,,,,,
381620,제닉스로보틱스,,,,,,,,,,,,,,,
382150,온코크로스,,,,,,,,,,,,,,,
382480,지아이텍,CFS,62061328034.0,42194503014.0,9683151007.0,12640977192.0,18163681114.0,21157216138.0,86416746780.0,55132137406.0,4935660368.0,11577777176.0,-385081909.0,2172198665.0,596576000.0,2275345313.0
382800,지앤비에스 에코,CFS,86724371730.0,67962751432.0,28979049595.0,12506341881.0,31634253774.0,16554043120.0,83449982856.0,72354092614.0,30589140054.0,19113088372.0,6422113327.0,4273489694.0,4847967138.0,4173599924.0
382840,원준,CFS,104926428667.0,106557056341.0,48200777921.0,40891953316.0,53984624557.0,45876629217.0,105875233617.0,111444812546.0,37394971230.0,4126107354.0,-7324034809.0,-2538496071.0,-9060219176.0,-2033110423.0
382900,범한퓨얼셀,CFS,102450843575.0,103753548040.0,16205758857.0,17042643682.0,22808256672.0,23293138907.0,106577647708.0,106408906756.0,10247320139.0,14618221729.0,-1385504554.0,929785368.0,-399688670.0,656388119.0
383310,에코프로에이치엔,CFS,127449951728.0,125944083592.0,80863880762.0,88668507094.0,90310676690.0,97600395630.0,96182413764.0,86489129235.0,56533540213.0,46958996689.0,11196721832.0,8139822461.0,8440101664.0,7033616579.0
383930,디티앤씨알오,CFS,27200890284.0,35877039104.0,13438358934.0,16540336211.0,22681858587.0,18214403273.0,45502610208.0,46320587817.0,8691922660.0,12496702329.0,-2414895481.0,2023879518.0,-2164339360.0,1886861740.0
384470,코어라인소프트,,,,,,,,,,,,,,,
387570,파인메딕스,,,,,,,,,,,,,,,
387690,레메디,,,,,,,,,,,,,,,
388050,지투파워,CFS,41529091826.0,39064011221.0,16713742193.0,13414669721.0,17470986876.0,13934854723.0,31425316856.0,30748193607.0,12834569265.0,4990287774.0,179137811.0,-932180027.0,328222885.0,-735957046.0
388210,씨엠티엑스,,,,,,,,,,,,,,,
388610,지에프씨생명과학,,,,,,,,,,,,,,,
388720,유일로보틱스,CFS,59376234455.0,34827301367.0,13092258899.0,13396064900.0,46098372224.0,14715514767.0,38655084637.0,39888085000.0,6069967336.0,8417308047.0,-2115127141.0,-627791204.0,-457415171.0,-150365298.0
388790,라이콤,CFS,23367819184.0,18244087332.0,4245934272.0,5941311228.0,7796485819.0,8418607530.0,23831179337.0,18010944924.0,5056340587.0,8385900223.0,-599217248.0,1425294321.0,-417601224.0,1416859082.0
388870,파로스아이바이오,,,,,,,,,,,,,,,
389020,자람테크놀로지,CFS,32919910895.0,15429919170.0,845432316.0,880694237.0,1009726012.0,993489469.0,37979541365.0,18822583171.0,2516036423.0,6230117761.0,-599520207.0,1095643570.0,-211090354.0,1158755554.0
389030,지니너스,CFS,33433615333.0,36553398648.0,3712714076.0,2306162081.0,3875707059.0,2559618253.0,39596043436.0,43270152717.0,1899738455.0,1419455597.0,-1477416548.0,-2918295057.0,-1400288056.0,-2849595504.0
389140,포바이포,CFS,41211708169.0,47310930411.0,25543709054.0,7032455930.0,29103435440.0,7993301645.0,54548671192.0,58175225750.0,,,-5127619474.0,-653236918.0,-5606021058.0,64730346.0
389260,대명에너지,CFS,158001652251.0,126652274359.0,34936966093.0,48140160160.0,229839451145.0,213606791161.0,121579330034.0,107038760668.0,12556507646.0,29675406745.0,977466547.0,7854875279.0,1881016090.0,8724413966.0
389470,인벤티지랩,CFS,35063156871.0,25277936416.0,18077964223.0,2609080266.0,23680562777.0,4427097270.0,21825293020.0,30434805466.0,93850250.0,27085600.0,-5410045556.0,-3715620469.0,-5642749319.0,-3621905585.0
389500,에스비비테크,CFS,44487149066.0,17851743684.0,38402547473.0,7447099257.0,39600368549.0,8684723579.0,17645585908.0,22068368023.0,1351362326.0,2318862109.0,-1405886257.0,-108521673.0,-3775675659.0,461315283.0
389650,넥스트바이오메디컬,,,,,,,,,,,,,,,
389680,유디엠텍,,,,,,,,,,,,,,,
391710,코닉오토메이션,CFS,25479872751.0,26018415288.0,9879630840.0,6779333794.0,13775991636.0,9043858638.0,21289080889.0,22358911809.0,4017541735.0,4376630166.0,-1332457395.0,-248430799.0,-1036883367.0,-284637679.0
393210,토마토시스템,CFS,27655545559.0,13199327799.0,2763486742.0,3150954940.0,4506989356.0,4591675917.0,28668743406.0,12729448126.0,5828935678.0,6874627037.0,1275323882.0,1829269757.0,1270075418.0,-117529916.0
393890,더블유씨피,CFS,382176962042.0,477010049837.0,153854740361.0,115150107015.0,202720197758.0,143595088109.0,994549763330.0,934645650994.0,76022414671.0,62693552591.0,16793980317.0,14733369309.0,13162254309.0,21475277563.0
393970,대진첨단소재,,,,,,,,,,,,,,,
394280,오픈엣지테크놀로지,CFS,27125137771.0,44303666680.0,14880630147.0,18318003222.0,18311170412.0,21605851110.0,21548906272.0,32249347246.0,2841697934.0,3975358567.0,-5580546629.0,-3317228387.0,-5556962758.0,-3397526088.0
394420,리센스메디컬,,,,,,,,,,,,,,,
394800,쓰리빌리언,,,,,,,,,,,,,,,
396270,넥스트칩,CFS,29470253925.0,41058490936.0,2664040332.0,3303138229.0,4097452085.0,4917524462.0,29392020560.0,39823562041.0,3471282683.0,2743260952.0,-6602404482.0,-6656697920.0,-6471230386.0,-6700528779.0
396300,세아메카닉스,CFS,41150881397.0,37738779697.0,30756761482.0,14463016969.0,31554984917.0,15216585650.0,64962835306.0,63750708195.0,20885881584.0,19537574391.0,564365691.0,156990018.0,1013488298.0,631629226.0
396470,워트,,,,,,,,,,,,,,,
397030,에이프릴바이오,CFS,79233501921.0,69359119258.0,16766949550.0,1787176532.0,16859407661.0,1903045715.0,64956386892.0,69161704787.0,,,-3657627854.0,-2241061046.0,-2635264602.0,-1268082694.0
397810,애드포러스,,,,,,,,,,,,,,,
398120,에스지헬스케어,,,,,,,,,,,,,,,
399720,가온칩스,CFS,55728739071.0,54993351356.0,16504812773.0,14380377375.0,21810894660.0,18791727827.0,56213020594.0,54389374240.0,14356836661.0,10481256697.0,1466782641.0,-315190747.0,1696907233.0,12299368.0
402030,코난테크놀로지,CFS,38905221807.0,45458820379.0,13536825314.0,6879050856.0,16252641738.0,9262366418.0,33233424765.0,40606089429.0,2421609951.0,2662964879.0,-4265951749.0,-2264385927.0,-3975913945.0,-2225730634.0
402490,그린리소스,,,,,,,,,,,,,,,
403490,우듬지팜,,,,,,,,,,,,,,,
403850,더핑크퐁컴퍼니,,,,,,,,,,,,,,,
403870,HPSP,CFS,285240026011.0,245046977511.0,59389189223.0,63423914921.0,61174177544.0,65554608357.0,248077443901.0,195371868774.0,47903682051.0,30808357519.0,26592499006.0,16576692801.0,22401806637.0,15022923508.0
405000,플라즈맵,CFS,27169379990.0,16741540651.0,13808668988.0,8562881181.0,31752976741.0,26884994510.0,8226003195.0,9369903318.0,2699866324.0,4480513259.0,-5051605168.0,-3987276579.0,-4254976814.0,-4150276676.0
405100,큐알티,CFS,97755171569.0,107069735725.0,24586636738.0,26408715020.0,43932878234.0,45161263148.0,100210733280.0,104050033991.0,13916486078.0,14767481271.0,578542473.0,2383432029.0,1041370980.0,2381721642.0
405920,나라셀라,CFS,85273428576.0,74435980339.0,24713323398.0,37605038482.0,56300746670.0,72300353485.0,74348940418.0,49262577453.0,18551488197.0,25394033596.0,320231536.0,2437113344.0,-106702315.0,1713373391.0
406820,뷰티스킨,,,,,,,,,,,,,,,
407400,꿈비,CFS,30765953351.0,8973155076.0,6703042088.0,5919845139.0,7854725845.0,7903098737.0,35842954425.0,8060473779.0,6226713082.0,7099717403.0,-665317442.0,574360027.0,-738344585.0,355012213.0
408470,한패스,,,,,,,,,,,,,,,
408900,스튜디오미르,CFS,32811426201.0,18624655161.0,4688539249.0,3929207525.0,5181111209.0,4406649594.0,38041976056.0,20939574046.0,7159361892.0,7727205851.0,1465875811.0,1252426544.0,1885916639.0,-673563379.0
408920,메쎄이상,CFS,46118327917.0,33519456703.0,8615118452.0,5908424598.0,14724957121.0,11132105752.0,54176862550.0,44049530358.0,12079531239.0,10183187675.0,2779580685.0,3017317301.0,2389667467.0,2356069171.0
411080,샌즈랩,CFS,38202772956.0,7454473751.0,1998912494.0,7750847886.0,2012296592.0,7778049000.0,39242960889.0,1998416377.0,790661095.0,1245608268.0,-1071468474.0,145349297.0,-112863434.0,372836983.0
412350,레이저쎌,CFS,23454669757.0,26406688246.0,2431731821.0,2783372184.0,2671627593.0,2876646421.0,33387665122.0,35188652064.0,2060869400.0,832031462.0,-1248804448.0,-2731997850.0,-973263515.0,-2445964860.0
412540,제일엠앤에스,,,,,,,,,,,,,,,
413390,엠오티,,,,,,,,,,,,,,,
413630,씨피시스템,,,,,,,,,,,,,,,
413640,비아이매트릭스,,,,,,,,,,,,,,,
415380,스튜디오삼익,,,,,,,,,,,,,,,
416180,신성에스티,,,,,,,,,,,,,,,
417010,나노팀,CFS,31742734027.0,16142175527.0,6748952302.0,12081022274.0,19878732838.0,28824493544.0,47562066577.0,18185059511.0,13090672424.0,8732336235.0,1707943558.0,1015042038.0,1482807516.0,799596267.0
417180,핑거스토리,CFS,19831536232.0,17439906167.0,9966331536.0,3606525020.0,10912727657.0,4671057279.0,15126264406.0,14309666108.0,4462422623.0,3989818710.0,385717588.0,290761158.0,356845046.0,247651847.0
417200,LS머트리얼즈,,,,,,,,,,,,,,,
417500,제이아이테크,CFS,46312544873.0,59854599848.0,25958803077.0,22564021313.0,35287930978.0,23029595692.0,65204495743.0,62095438483.0,7941324409.0,26517547198.0,212354572.0,5820164818.0,250240480.0,4559966050.0
417790,트루엔,CFS,77804432946.0,43372278817.0,4529988912.0,3748346739.0,4756051833.0,3985101784.0,85512902604.0,51104534102.0,12324046280.0,11606271469.0,2715799971.0,3339960872.0,2537584143.0,2255538768.0
417840,저스템,CFS,35451646027.0,46331542832.0,9175578949.0,12712631434.0,34731976443.0,19678211632.0,49221291494.0,50806250948.0,9114924309.0,13113098756.0,185730257.0,2461200613.0,-2624257320.0,2346380992.0
417860,오브젠,CFS,18570092355.0,8288912014.0,4983840256.0,5157851421.0,10190708999.0,10427336348.0,10240919940.0,105979396.0,,,-2451866372.0,39637883.0,-2329394618.0,138275331.0
417970,모델솔루션,CFS,57153153372.0,60117849954.0,19269410106.0,11855018293.0,22566816748.0,26836809972.0,62171122282.0,62534626940.0,16319553434.0,17347194228.0,881982438.0,2721979273.0,908454632.0,2407646416.0
418250,시큐레터,,,,,,,,,,,,,,,
418420,라온텍,CFS,21306431211.0,12074277335.0,7576668012.0,2498297074.0,14501068611.0,5107464437.0,21905464477.0,7482902531.0,2369914021.0,2420942546.0,-329904527.0,45606012.0,-310995040.0,255990184.0
418470,KT밀리의서재,,,,,,,,,,,,,,,
418550,제이오,CFS,58440749208.0,35186642300.0,29204940453.0,11379692239.0,50722478596.0,25975982701.0,117208159182.0,58843075979.0,29989437597.0,15299530427.0,1918713946.0,-830771331.0,2951662360.0,-263751451.0
418620,E8,,,,,,,,,,,,,,,
419050,삼기에너지솔루션즈,CFS,74132241879.0,56893615688.0,45064219511.0,31498486074.0,58279736997.0,48656139395.0,90171716494.0,43935749689.0,23754464591.0,26828877160.0,945342785.0,2530998712.0,783061461.0,3784995564.0
419080,엔젯,CFS,43940632300.0,44699366933.0,2503993849.0,4315207278.0,4561118601.0,6402611403.0,48711229359.0,47367274714.0,1634486121.0,4488688479.0,-1689441286.0,-5185146.0,-854078219.0,-534926792.0
419120,산돌,CFS,32477308563.0,37483432147.0,4838528372.0,4841076772.0,12166149368.0,11014074065.0,53827016491.0,56059763817.0,3693635483.0,8044504335.0,915126187.0,5189920950.0,907004391.0,6672099954.0
419530,SAMG엔터,CFS,49846504193.0,54719246284.0,19989184845.0,26191891492.0,25959729424.0,29592333346.0,48293197920.0,47088695438.0,23479785285.0,15775617355.0,-2263376003.0,813218603.0,-2465221657.0,-18594630498.0
419540,비스토스,CFS,18366776612.0,18347959748.0,2682654556.0,4216870505.0,3177008953.0,4573487417.0,17844325541.0,15924626573.0,4946707915.0,6183725127.0,437020117.0,565565524.0,480024524.0,731601402.0
420570,제이투케이바이오,,,,,,,,,,,,,,,
420770,기가비스,CFS,142848883543.0,122945609181.0,19841885422.0,38191679277.0,20083855896.0,41091534752.0,203474473001.0,100361451702.0,26691575453.0,11042186190.0,7817906636.0,5117280193.0,8569973097.0,3075378668.0
424760,벨로크,CFS,24361870040.0,18238987688.0,6724914579.0,12333275141.0,8656154907.0,12575570476.0,23650739288.0,12590645124.0,6390103148.0,10393237246.0,129392957.0,894507383.0,-4519923786.0,619019086.0
424870,이뮨온시아,,,,,,,,,,,,,,,
424960,스마트레이더시스템,,,,,,,,,,,,,,,
424980,마이크로투나노,CFS,38007045208.0,30045614488.0,5333993479.0,7111502230.0,20567540234.0,23369171023.0,37758765439.0,26082480097.0,2747572147.0,16133046959.0,-2812541642.0,4451398757.0,-2174463094.0,3616537271.0
425040,티이엠씨,CFS,174983330097.0,142631725920.0,71271154313.0,91092063196.0,80584869353.0,102149921756.0,163259771142.0,100813378445.0,35778051668.0,75683025142.0,6345926709.0,14561900317.0,6609349568.0,11941763117.0
425420,티에프이,CFS,53549675123.0,54503038938.0,14161144176.0,16068280601.0,20111507333.0,22293584501.0,63911489042.0,60581410070.0,19723206374.0,16785849272.0,1889831084.0,3098040572.0,1827320145.0,2518775778.0
429270,시지트로닉스,CFS,9151880235.0,9783324575.0,8103330647.0,7927055539.0,14152179534.0,13593622274.0,9028171064.0,11828179791.0,3857450305.0,4130970514.0,-1442770355.0,-1241296290.0,-1618385348.0,-1016615032.0
430690,한싹,,,,,,,,,,,,,,,
431190,케이쓰리아이,,,,,,,,,,,,,,,
432430,와이랩,,,,,,,,,,,,,,,
432470,케이엔에스,,,,,,,,,,,,,,,
432720,퀄리타스반도체,,,,,,,,,,,,,,,
432980,엠에프씨,,,,,,,,,,,,,,,
434480,모니터랩,CFS,37021866242.0,17069533856.0,2489287862.0,2597865705.0,6533638590.0,7545194850.0,34252768054.0,13762867818.0,4096577061.0,3479088083.0,-198913671.0,521846.0,-2079726469.0,73759679.0
435570,에르코스,,,,,,,,,,,,,,,
437730,삼현,,,,,,,,,,,,,,,
438700,버넥트,,,,,,,,,,,,,,,
439090,마녀공장,CFS,95400075886.0,58349783101.0,9644074802.0,10263915580.0,9871491340.0,10637885849.0,89463077185.0,52150538589.0,24964379056.0,21094254519.0,3225201576.0,3873849594.0,1262547191.0,1497149473.0
439580,블루엠텍,,,,,,,,,,,,,,,
439960,코스모로보틱스,,,,,,,,,,,,,,,
440110,파두,,,,,,,,,,,,,,,
440290,HB인베스트먼트,,,,,,,,,,,,,,,
440320,오픈놀,CFS,31162819329.0,21518816482.0,5263737806.0,6828209714.0,8224494943.0,9400427724.0,36229004470.0,21149319870.0,,,367390247.0,1092982280.0,458829455.0,286185899.0
441270,파인엠텍,CFS,147147160577.0,105430382014.0,128058534707.0,88469958703.0,175728153722.0,130048291557.0,167521590953.0,142564292065.0,109634052755.0,,7653601301.0,,-1159039967.0,
443250,레뷰코퍼레이션,,,,,,,,,,,,,,,
443670,에스피소프트,,,,,,,,,,,,,,,
444530,심플랫폼,,,,,,,,,,,,,,,
445090,에이직랜드,,,,,,,,,,,,,,,
445180,퓨릿,,,,,,,,,,,,,,,
445680,큐리옥스바이오시스템즈,,,,,,,,,,,,,,,
446540,메가터치,,,,,,,,,,,,,,,
446840,지슨,,,,,,,,,,,,,,,
448280,에코아이,,,,,,,,,,,,,,,
448710,코츠테크놀로지,,,,,,,,,,,,,,,
448900,한국피아이엠,,,,,,,,,,,,,,,
450330,하스,,,,,,,,,,,,,,,
450520,인스웨이브,,,,,,,,,,,,,,,
450950,아스테라시스,,,,,,,,,,,,,,,
451220,아이엠티,,,,,,,,,,,,,,,
451250,삐아,,,,,,,,,,,,,,,
451760,컨텍,,,,,,,,,,,,,,,
452160,제이엔비,,,,,,,,,,,,,,,
452190,한빛레이저,,,,,,,,,,,,,,,
452200,민테크,,,,,,,,,,,,,,,
452280,한선엔지니어링,,,,,,,,,,,,,,,
452300,캡스톤파트너스,,,,,,,,,,,,,,,
452400,이닉스,,,,,,,,,,,,,,,
452430,사피엔반도체,,,,,,,,,,,,,,,
452450,피아이이,,,,,,,,,,,,,,,
453450,그리드위즈,,,,,,,,,,,,,,,
453860,에이에스텍,,,,,,,,,,,,,,,
455180,케이지에이,,,,,,,,,,,,,,,
455900,엔젤로보틱스,,,,,,,,,,,,,,,
456010,아이씨티케이,,,,,,,,,,,,,,,
456070,이엔셀,,,,,,,,,,,,,,,
456160,지투지바이오,,,,,,,,,,,,,,,
457370,한켐,,,,,,,,,,,,,,,
457550,우진엔텍,,,,,,,,,,,,,,,
457600,벡트,,,,,,,,,,,,,,,
458350,에스팀,,,,,,,,,,,,,,,
458650,성우,,,,,,,,,,,,,,,
458870,씨어스,,,,,,,,,,,,,,,
459100,위츠,,,,,,,,,,,,,,,
459510,나우로보틱스,,,,,,,,,,,,,,,
459550,알트,,,,,,,,,,,,,,,
460470,아이빔테크놀로지,,,,,,,,,,,,,,,
460870,에스엠씨지,,,,,,,,,,,,,,,
460930,현대힘스,,,,,,,,,,,,,,,
460940,피앤에스로보틱스,,,,,,,,,,,,,,,
461030,아이엠비디엑스,,,,,,,,,,,,,,,
461300,아이스크림미디어,,,,,,,,,,,,,,,
462310,뉴키즈온,,,,,,,,,,,,,,,
462350,이노스페이스,,,,,,,,,,,,,,,
462510,라메디텍,,,,,,,,,,,,,,,
462860,더즌,,,,,,,,,,,,,,,
462980,아이지넷,,,,,,,,,,,,,,,
463020,뉴엔AI,,,,,,,,,,,,,,,
463480,모티브링크,,,,,,,,,,,,,,,
464080,에스오에스랩,,,,,,,,,,,,,,,
464280,티디에스팜,,,,,,,,,,,,,,,
464490,쿼드메디슨,,,,,,,,,,,,,,,
464500,아이언디바이스,,,,,,,,,,,,,,,
464580,닷밀,,,,,,,,,,,,,,,
465320,교보15호스팩,,,,,,,,,,,,,,,
465480,인스피언,,,,,,,,,,,,,,,
466100,클로봇,,,,,,,,,,,,,,,
466410,사이냅소프트,,,,,,,,,,,,,,,
466690,키움히어로제1호스팩,,,,,,,,,,,,,,,
467930,IBKS제23호스팩,,,,,,,,,,,,,,,
468530,프로티나,,,,,,,,,,,,,,,
468760,유진스팩10호,,,,,,,,,,,,,,,
469480,IBKS제24호스팩,,,,,,,,,,,,,,,
469610,이노테크,,,,,,,,,,,,,,,
469750,아이비젼웍스,,,,,,,,,,,,,,,
469880,하나30호스팩,,,,,,,,,,,,,,,
469900,하나31호스팩,,,,,,,,,,,,,,,
471050,대신밸런스제17호스팩,,,,,,,,,,,,,,,
471820,셀로맥스사이언스,,,,,,,,,,,,,,,
472220,신영스팩10호,,,,,,,,,,,,,,,
472230,에스케이증권제11호스팩,,,,,,,,,,,,,,,
472850,폰드그룹,,,,,,,,,,,,,,,
473000,에스케이증권제12호스팩,,,,,,,,,,,,,,,
473050,유안타제15호스팩,,,,,,,,,,,,,,,
473950,에스케이증권제13호스팩,,,,,,,,,,,,,,,
473980,노머스,,,,,,,,,,,,,,,
474170,루미르,,,,,,,,,,,,,,,
474490,유안타제16호스팩,,,,,,,,,,,,,,,
474610,RF시스템즈,,,,,,,,,,,,,,,
474650,링크솔루션,,,,,,,,,,,,,,,
474660,신한제12호스팩,,,,,,,,,,,,,,,
474930,신한제13호스팩,,,,,,,,,,,,,,,
475040,스트라드비젼,,,,,,,,,,,,,,,
475230,엔알비,,,,,,,,,,,,,,,
475240,하나32호스팩,,,,,,,,,,,,,,,
475250,하나33호스팩,,,,,,,,,,,,,,,
475400,씨메스로보틱스,,,,,,,,,,,,,,,
475430,키스트론,,,,,,,,,,,,,,,
475460,미트박스,,,,,,,,,,,,,,,
475580,에이럭스,,,,,,,,,,,,,,,
475660,에스켐,,,,,,,,,,,,,,,
475830,오름테라퓨틱,,,,,,,,,,,,,,,
475960,토모큐브,,,,,,,,,,,,,,,
476040,오가노이드사이언스,,,,,,,,,,,,,,,
476060,온코닉테라퓨틱스,,,,,,,,,,,,,,,
476080,M83,,,,,,,,,,,,,,,
476830,알지노믹스,,,,,,,,,,,,,,,
477340,에이치엠씨제7호스팩,,,,,,,,,,,,,,,
477380,미래에셋비전스팩4호,,,,,,,,,,,,,,,
477470,미래에셋비전스팩5호,,,,,,,,,,,,,,,
477760,DB금융스팩12호,,,,,,,,,,,,,,,
477850,마키나락스,,,,,,,,,,,,,,,
478110,이베스트스팩6호,,,,,,,,,,,,,,,
478340,나라스페이스테크놀로지,,,,,,,,,,,,,,,
478390,KB제29호스팩,,,,,,,,,,,,,,,
478440,미래에셋비전스팩6호,,,,,,,,,,,,,,,
478560,블랙야크아이앤씨,,,,,,,,,,,,,,,
479880,한국제15호스팩,,,,,,,,,,,,,,,
479960,위너스일렉,,,,,,,,,,,,,,,
481070,에이유브랜즈,,,,,,,,,,,,,,,
481890,엔에이치스팩31호,,,,,,,,,,,,,,,
482520,교보16호스팩,,,,,,,,,,,,,,,
482630,삼양엔씨켐,,,,,,,,,,,,,,,
482680,미래에셋비전스팩7호,,,,,,,,,,,,,,,
482690,대신밸런스제19호스팩,,,,,,,,,,,,,,,
484120,도우인시스,,,,,,,,,,,,,,,
484130,하나34호스팩,,,,,,,,,,,,,,,
484590,삼양컴텍,,,,,,,,,,,,,,,
484810,티엑스알로보틱스,,,,,,,,,,,,,,,
486630,KB제30호스팩,,,,,,,,,,,,,,,
486990,노타,,,,,,,,,,,,,,,
487360,신한제14호스팩,,,,,,,,,,,,,,,
487580,폴레드,,,,,,,,,,,,,,,
487720,키움제10호스팩,,,,,,,,,,,,,,,
487830,신한제15호스팩,,,,,,,,,,,,,,,
488060,유진스팩11호,,,,,,,,,,,,,,,
488280,에스투더블유,,,,,,,,,,,,,,,
488900,비츠로넥스텍,,,,,,,,,,,,,,,
489210,교보17호스팩,,,,,,,,,,,,,,,
489460,바이오비쥬,,,,,,,,,,,,,,,
489480,키움제11호스팩,,,,,,,,,,,,,,,
489500,엘케이켐,,,,,,,,,,,,,,,
489730,디비금융제13호스팩,,,,,,,,,,,,,,,
490470,세미파이브,,,,,,,,,,,,,,,
491000,리브스메드,,,,,,,,,,,,,,,
492220,KB제31호스팩,,,,,,,,,,,,,,,
493280,아이엠바이오로직스,,,,,,,,,,,,,,,
493330,지에프아이,,,,,,,,,,,,,,,
493790,유안타제17호스팩,,,,,,,,,,,,,,,
494120,큐리오시스,,,,,,,,,,,,,,,
496070,신한제16호스팩,,,,,,,,,,,,,,,
498390,한화플러스제5호스팩,,,,,,,,,,,,,,,
