종목코드,종목명,재무제표종류,유동자산_2023,유동자산_2022,유동부채_2023,유동부채_2022,부채총계_2023,부채총계_2022,자본총계_2023,자본총계_2022,매출액_2023,매출액_2022,영업이익_2023,영업이익_2022,당기순이익_2023,당기순이익_2022
000020,동화약품,CFS,234588871843.0,227527470560.0,78767480004.0,75562338929.0,89415897919.0,82463208091.0,400735217547.0,378673250961.0,87457408861.0,83455522549.0,2694847894.0,7419262990.0,6157135528.0,6843467872.0
000040,KR모터스,CFS,57785419203.0,60741213420.0,118795880855.0,93561448025.0,134926480441.0,109161230426.0,19509815144.0,40024015157.0,19095838508.0,30920480093.0,-3168819211.0,-1336627148.0,-7348264125.0,-3102505629.0
000050,경방,CFS,140379148469.0,149882373163.0,297773325440.0,199537522037.0,478362564891.0,493309854178.0,741204615009.0,755008459357.0,98487963567.0,98038659832.0,8881613402.0,3248932426.0,-276415139.0,-11910249028.0
000070,삼양홀딩스,CFS,1894757000000.0,1747899000000.0,1225198000000.0,754977000000.0,2058786000000.0,2024270000000.0,2760150000000.0,2523511000000.0,799421000000.0,838036000000.0,35026000000.0,28748000000.0,163320000000.0,13798000000.0
000080,하이트진로,CFS,1090654780252.0,1054944220365.0,1669700655613.0,1538466820626.0,2253500302181.0,2172409936540.0,1130919290675.0,1161028374847.0,654384982866.0,657413279577.0,43457660274.0,56968467933.0,21813350205.0,33046926679.0
000087,하이트진로2우B,,,,,,,,,,,,,,,
000100,유한양행,CFS,1231993801308.0,1188897717371.0,529955722758.0,434154259039.0,635532630895.0,464921702703.0,2032085748484.0,2007806369446.0,483063443680.0,431538165878.0,883255315.0,-4537545073.0,19015313581.0,5539768482.0
000105,유한양행우,,,,,,,,,,,,,,,
000120,CJ대한통운,CFS,2841348699914.0,2956459492592.0,2765374269369.0,3108759801795.0,5550801461033.0,5658991479602.0,4228894551639.0,4034308338662.0,2937071125081.0,3113422360701.0,124793052129.0,107655027409.0,57698046982.0,60197872610.0
000140,하이트진로홀딩스,CFS,1108602319260.0,1071001299628.0,2172926470520.0,1953602947964.0,2858080975324.0,2779584712819.0,1147286956752.0,1165416251848.0,651002459621.0,654232362290.0,47266275110.0,60084968506.0,16355922826.0,29778896506.0
000145,하이트진로홀딩스우,,,,,,,,,,,,,,,
000150,두산,CFS,11517898267005.0,9526315384836.0,11077602648306.0,9478485386427.0,17049226418474.0,16017536857154.0,11589134671076.0,10297815766057.0,4538767477741.0,4388253907654.0,319742777089.0,340631591963.0,104384753982.0,83784064538.0
000155,두산우,,,,,,,,,,,,,,,
000157,두산2우B,,,,,,,,,,,,,,,
000180,성창기업지주,CFS,66053713656.0,94243757784.0,112000669918.0,135617637519.0,205633737988.0,224541467009.0,582438196824.0,595772787956.0,37064727550.0,56700296444.0,-4908791882.0,-1863146938.0,-4569959607.0,-3043509055.0
000210,DL,CFS,2873036477536.0,3002744413405.0,2859309950085.0,2323118787433.0,7677586104264.0,7401228917375.0,4621343500031.0,4617764972333.0,1264448646530.0,1489783028299.0,12008510103.0,169571404689.0,-50929955278.0,-36825446457.0
000215,DL우,,,,,,,,,,,,,,,
000220,유유제약,CFS,94094809415.0,96357746320.0,47273213687.0,64315528099.0,75786271366.0,71831031376.0,120796678153.0,123374041412.0,34090872324.0,34142287562.0,-1510527129.0,-878899940.0,-2275937940.0,-1656284234.0
000225,유유제약1우,,,,,,,,,,,,,,,
000227,유유제약2우B,,,,,,,,,,,,,,,
000230,일동홀딩스,CFS,275886285361.0,357916641920.0,557141948365.0,526724128430.0,685628296301.0,693452985420.0,84415735868.0,169100181474.0,160057709260.0,174216176601.0,-23535381295.0,-24946110993.0,-57441304690.0,-23948737546.0
000240,한국앤컴퍼니,CFS,614426027289.0,531357795700.0,387043024007.0,285271955522.0,553989249270.0,445377543909.0,4032139222445.0,3856441131880.0,297311513253.0,284162272258.0,98841466906.0,77869391496.0,91214651760.0,75248945621.0
000270,기아,CFS,38802365000000.0,34147147000000.0,27464676000000.0,25377803000000.0,36297773000000.0,34367884000000.0,45346408000000.0,39343081000000.0,25545392000000.0,23161648000000.0,2865097000000.0,768232000000.0,2221005000000.0,458895000000.0
000300,DH오토넥스,CFS,128286504346.0,244993953070.0,245361072450.0,330733362911.0,320024582073.0,431957816260.0,-7755485504.0,111252460593.0,93390512751.0,58893329169.0,-11562525802.0,-740645759.0,-34111738424.0,9759199652.0
000320,노루홀딩스,CFS,627079946221.0,583742767450.0,402013922072.0,367016107664.0,515763233306.0,511163923981.0,690838862557.0,660825453997.0,305444155039.0,253680801157.0,24702769240.0,10841553919.0,20400791866.0,8288277826.0
000325,노루홀딩스우,,,,,,,,,,,,,,,
000370,한화손해보험,CFS,,,,,13665650660020.0,13942309499679.0,3501542436131.0,3231202089729.0,,,,,35865308041.0,110456138318.0
000390,SP삼화,CFS,316340038789.0,288113092021.0,236514465045.0,225145199247.0,298154167079.0,287461316451.0,310818093294.0,299724957682.0,154830022880.0,158478826070.0,10205019927.0,4522350008.0,7391871012.0,4270958917.0
000400,롯데손해보험,CFS,,,,,12331293997198.0,14961508820035.0,1346667129649.0,1803031352388.0,,,,,181554858852.0,-10556103047.0
000430,대원강업,CFS,388661980841.0,380159612604.0,352737790491.0,376914805040.0,385639209628.0,412406943010.0,625719519738.0,598011882328.0,272443151725.0,249278451834.0,16514375721.0,5271471889.0,14598338872.0,11922542038.0
000480,CR홀딩스,CFS,425677548396.0,460349348857.0,683480152370.0,551300891815.0,788629203885.0,793378121821.0,827395899146.0,827063930862.0,195959094766.0,188070170190.0,7705971355.0,9241074435.0,5079030141.0,13672905701.0
000490,대동,CFS,1307177478674.0,1048975028464.0,1164647927938.0,925269813878.0,1464566475887.0,1241782449283.0,536887109970.0,471990756298.0,341182963728.0,322569079599.0,19415303449.0,13026087375.0,-1574473811.0,2754446872.0
000500,가온전선,CFS,532089165028.0,491767369545.0,372290247698.0,319323694193.0,482809161148.0,449261889191.0,320778241377.0,303070555819.0,411776807140.0,339325418638.0,9183962034.0,8223325843.0,5704193839.0,3850279789.0
000520,삼일제약,CFS,91632384280.0,74781467488.0,159911026512.0,132592028750.0,250494293374.0,230880901101.0,132685830972.0,125819595538.0,51630184077.0,45397331309.0,925555944.0,695989021.0,-657046355.0,-1920477810.0
000540,흥국화재,CFS,,,,,9697858000000.0,9810958000000.0,1421028000000.0,2592783000000.0,,,,,18084000000.0,60718000000.0
000545,흥국화재우,,,,,,,,,,,,,,,
000590,CS홀딩스,CFS,228220285351.0,213280099039.0,18839501981.0,22982072997.0,32747844110.0,33693421213.0,343901895063.0,330428149572.0,40957509044.0,42661102596.0,4435724872.0,3536436984.0,6378119252.0,9635767814.0
000640,동아쏘시오홀딩스,CFS,430491348439.0,338341608434.0,629872637939.0,566085715566.0,918623135705.0,732791277454.0,1040436894553.0,998660789749.0,289225455406.0,269437008371.0,24771844456.0,22432238954.0,23003525666.0,24828716527.0
000650,천일고속,CFS,7577252280.0,9480877874.0,7364022415.0,18006556086.0,28808795886.0,28229905515.0,23918115169.0,26615752815.0,11311503516.0,10290261198.0,-1088415777.0,-1689697994.0,-1282926510.0,-1622909535.0
000660,SK하이닉스,CFS,30393967000000.0,28733332000000.0,20250122000000.0,19843696000000.0,46817890000000.0,40580970000000.0,55231560000000.0,63290542000000.0,9066171000000.0,10982883000000.0,-1791961000000.0,1660523000000.0,-2184699000000.0,1107617000000.0
000670,영풍,CFS,1587406911101.0,1747077425369.0,737131374003.0,925918930294.0,1372089335320.0,1468547025489.0,4469018370069.0,4403386626977.0,1056655325738.0,1261371924829.0,49066453028.0,66495400653.0,81154532292.0,76966892332.0
000680,LS네트웍스,CFS,274382084875.0,282285964979.0,604813994008.0,210966610920.0,731088542911.0,748565972243.0,567357281227.0,551876482818.0,85310938326.0,82055121128.0,-753298260.0,368046045.0,-3683430377.0,-3439826727.0
000700,유수홀딩스,CFS,325222960333.0,314536587203.0,51992983091.0,63779943527.0,65631716410.0,79255169817.0,452010798285.0,445670895055.0,,,8048684726.0,10933136872.0,10567058527.0,14864080092.0
000720,현대건설,CFS,17737374000000.0,15516744000000.0,9507619000000.0,8757397000000.0,12504278000000.0,10987431000000.0,10538187000000.0,9924277000000.0,7858530000000.0,5430844000000.0,243869000000.0,153706000000.0,181325000000.0,234798000000.0
000725,현대건설우,,,,,,,,,,,,,,,
000760,이화산업,CFS,46195373808.0,48156421369.0,27478159000.0,27876430288.0,34197459926.0,34707840588.0,232553628018.0,233780478065.0,11905437476.0,14485073878.0,-1204446007.0,-964395665.0,-1108818264.0,-702627349.0
000810,삼성화재,CFS,,,,,66039950456326.0,68326523718163.0,14870923515091.0,12462833123593.0,,,,,429524000623.0,340803903251.0
000815,삼성화재우,,,,,,,,,,,,,,,
000850,화천기공,CFS,205750497667.0,204833126801.0,79431422936.0,85246377720.0,120069961800.0,128766812502.0,345122563537.0,345265803434.0,45394907783.0,63609189608.0,-1389543063.0,1105970186.0,28452464.0,4267853863.0
000860,강남제비스코,CFS,321588181348.0,318471402195.0,177855967540.0,190999008997.0,286637748821.0,278945532072.0,686744128617.0,678845782760.0,158902992106.0,158416028573.0,7415423612.0,-2148570195.0,2265048091.0,-1161413018.0
000880,한화,CFS,24821790000000.0,22317004000000.0,24710417000000.0,21094631000000.0,167559311000000.0,163851392000000.0,34782776000000.0,33125534000000.0,11939271000000.0,14729014000000.0,382281000000.0,1218558000000.0,96776000000.0,831657000000.0
00088K,한화3우B,,,,,,,,,,,,,,,
000890,보해양조,CFS,62199910519.0,57906204735.0,62210196982.0,49381850760.0,68501268305.0,64936220688.0,80136501757.0,82456280259.0,26228487261.0,25867019238.0,734233538.0,517510092.0,377167493.0,17451064.0
000910,유니온,CFS,147415747083.0,140428558016.0,159776295912.0,132962186534.0,210374031385.0,201552927080.0,189425884438.0,174558796250.0,56307135855.0,57958698558.0,-510937871.0,-543845437.0,-6882355303.0,-23173693038.0
000950,전방,CFS,161752847136.0,183763559312.0,52816297249.0,85022926184.0,62812662691.0,94123353220.0,183695677575.0,210657995414.0,30761625753.0,23325150136.0,-8260029354.0,-5956289594.0,-10525491237.0,-13028826521.0
000970,한국주철관,CFS,236265643555.0,233007687015.0,57526945759.0,57454236920.0,73805283861.0,73948278772.0,353824951095.0,350660350544.0,105628995285.0,109795633243.0,3806375366.0,-3891715584.0,2683304600.0,-2700328806.0
000990,DB하이텍,CFS,1118672006100.0,1327724119744.0,230902828070.0,404353962296.0,303000446153.0,484416396415.0,1689783590347.0,1638284078393.0,267801570379.0,447380224871.0,50292603714.0,220356744364.0,52501851578.0,170827730654.0
001020,페이퍼코리아,CFS,248479684915.0,249090738796.0,146304193620.0,410999661424.0,205040604705.0,440215219986.0,297298969087.0,61614925476.0,89585982404.0,111344577013.0,13084773166.0,7437569287.0,11817383203.0,2584315854.0
001040,CJ,CFS,14837098666000.0,15143819806000.0,16536283271000.0,16950325414000.0,30630199112000.0,30506774819000.0,18406241349000.0,17733633488000.0,10619027201000.0,10891501269000.0,637467872000.0,640046133000.0,356856024000.0,244987750000.0
001045,CJ우,,,,,,,,,,,,,,,
00104K,CJ4우(전환),,,,,,,,,,,,,,,
001060,JW중외제약,CFS,375188624976.0,425457063858.0,324113141478.0,380131098057.0,422647882588.0,402213719428.0,244535307341.0,225759035573.0,184202799875.0,169846680081.0,26107178276.0,11555420447.0,-17910796843.0,8140019103.0
001065,JW중외제약우,,,,,,,,,,,,,,,
001067,JW중외제약2우B,,,,,,,,,,,,,,,
001070,대한방직,CFS,82649456505.0,99100925561.0,41462458967.0,61689419718.0,60598984909.0,75392116742.0,133490387484.0,135247441132.0,42792147292.0,46950945656.0,399627737.0,-560191527.0,-487493831.0,-647863990.0
001080,만호제강,CFS,159626753812.0,161890920966.0,26252245391.0,24385385742.0,26617102113.0,25657000048.0,255971532852.0,247882666130.0,52725301860.0,61545008700.0,-957434365.0,-466075219.0,8387354350.0,5778857028.0
001120,LX인터내셔널,CFS,4621072081848.0,4482204749190.0,3125697085063.0,2935026255683.0,5481775699492.0,4682532060717.0,3221211038117.0,3036475272912.0,3659371863706.0,4709383165547.0,63640711116.0,272589657363.0,48979904752.0,247501514745.0
001130,대한제분,CFS,647459010380.0,615430600543.0,352765133199.0,344701427247.0,404401172419.0,399078814703.0,948360159189.0,919353083839.0,360460181514.0,346454157592.0,14234654754.0,13005899702.0,10827609347.0,4917313504.0
001200,유진투자증권,CFS,,,,,7530489627874.0,7100764279436.0,1006806184858.0,975644019345.0,354558903007.0,583735475247.0,,,-1765812556.0,5192296286.0
001210,금호전기,CFS,23741806021.0,36701210379.0,33217841493.0,43889735363.0,36289334371.0,48974883827.0,14726676191.0,12839330125.0,13362330730.0,10473977706.0,-1975002210.0,-2806981482.0,-2745438267.0,-5722573874.0
001230,동국홀딩스,CFS,976141917962.0,2774282526162.0,561877989477.0,2824096283756.0,634416534799.0,3164636526811.0,1021475417751.0,3286611270071.0,448849025418.0,543194161919.0,18056316833.0,31110607797.0,14769143831.0,139317324265.0
001250,GS글로벌,CFS,975500259111.0,1006878372309.0,809326850437.0,805649501154.0,966490770730.0,1012698524738.0,440237688547.0,406714433715.0,917455024763.0,1284004002117.0,22831728276.0,12101183740.0,12608381093.0,11996828065.0
001260,남광토건,CFS,252310990890.0,263129339480.0,199650340347.0,216082621341.0,228485999606.0,238920806341.0,108486509412.0,107002078032.0,139301438852.0,116882893067.0,3633147660.0,190339586.0,3340349128.0,458641246.0
001270,부국증권,CFS,,,,,4194726213737.0,786574355132.0,739859805495.0,694855528953.0,156624321812.0,305458473422.0,,,7560459870.0,9586897507.0
001275,부국증권우,,,,,,,,,,,,,,,
001290,상상인증권,CFS,,,,,1475302879953.0,374549886821.0,232788570257.0,223507840089.0,,,,,-4329742600.0,-3342798355.0
001340,PKC,CFS,66979422010.0,58146904857.0,147202994826.0,135367118363.0,216790227414.0,193923293147.0,216364639756.0,209319764477.0,58163000323.0,57756666129.0,4656250955.0,6934945124.0,2614630745.0,5655688349.0
001360,삼성제약,CFS,32408308013.0,69571334414.0,12770768830.0,14233036317.0,13463601923.0,15324892000.0,89975494842.0,102589916538.0,11717596818.0,13902780097.0,-3415193943.0,-2469690036.0,-6242855902.0,-3816414454.0
001380,SG글로벌,CFS,55078319611.0,35078818277.0,44244635103.0,43222756995.0,65543049505.0,64775255814.0,125038294845.0,121160192606.0,21035973962.0,16681574921.0,431645971.0,-308411234.0,432006967.0,-528091073.0
001390,KG케미칼,CFS,3220737134131.0,2561024589897.0,2419217673507.0,2303485758893.0,4107504013065.0,3761420644468.0,3602457556484.0,3313116330316.0,2220609806216.0,1407237358881.0,137647617476.0,120395311447.0,90727889529.0,119659107077.0
001420,태원물산,CFS,23536357256.0,20912453087.0,6241306718.0,3142665315.0,8591723318.0,5374970694.0,29197971848.0,29573533489.0,2074621745.0,2732759221.0,-280276970.0,-219900742.0,-114153303.0,-274355612.0
001430,세아베스틸지주,CFS,1844556639869.0,1809109415045.0,801958194065.0,1025589889996.0,1782567085016.0,1846659305036.0,2072068172842.0,1971744747023.0,960394575943.0,1078990683674.0,41661599372.0,19464027269.0,31744495739.0,23192721193.0
001440,대한전선,CFS,1221661005000.0,1144663275000.0,558296697000.0,488178116000.0,819196074000.0,738060568000.0,915794393000.0,882204303000.0,630042028000.0,568769028000.0,17409984000.0,2754742000.0,12214084000.0,8280515000.0
001450,현대해상,CFS,,,,,35199846150750.0,36794467054260.0,6691539934341.0,9458831270170.0,,,,,261155504825.0,245823331753.0
001460,BYC,CFS,105917026258.0,120182142295.0,100128644351.0,79177003824.0,149750002609.0,153134740019.0,527756839586.0,515737286382.0,40623925781.0,42051719596.0,7285399459.0,5765797649.0,6784076971.0,3515823691.0
001465,BYC우,,,,,,,,,,,,,,,
001470,삼부토건,CFS,467767643868.0,412905353807.0,280902460682.0,236815695645.0,394604016571.0,329646601364.0,166730660659.0,182184483358.0,129008388459.0,126359171369.0,-18854690595.0,-7429265290.0,-25443577213.0,-8665968362.0
001500,현대차증권,CFS,,,,,11257214489791.0,9008412020030.0,1272599363975.0,1224643053695.0,325770318940.0,421950650085.0,,,9356998129.0,18614032552.0
001510,SK증권,CFS,,,,,6075339059510.0,5823507502950.0,665205015624.0,641333326971.0,,,,,5860101459.0,403830914.0
001515,SK증권우,,,,,,,,,,,,,,,
001520,동양,CFS,446970492616.0,393101021243.0,248039059848.0,176610018139.0,277632113696.0,200018245461.0,802032475699.0,783531995337.0,193919707706.0,197796734991.0,7165023259.0,6120154940.0,5440651093.0,1158944417.0
001525,동양우,,,,,,,,,,,,,,,
001527,동양2우B,,,,,,,,,,,,,,,
001530,DI동일,CFS,331570763777.0,337548132713.0,298633135830.0,272195151884.0,385981265064.0,381086723056.0,620772356891.0,619195795350.0,184440951659.0,222790671692.0,3065513666.0,10801937350.0,182300557.0,17017778568.0
001550,조비,CFS,68440815130.0,78134326529.0,54471787018.0,57328641472.0,64915811871.0,68561445949.0,55069808274.0,61480314176.0,12562582730.0,18456241547.0,-2181782117.0,-836376044.0,-2950781156.0,-3079219179.0
001560,제일연마,CFS,58314277798.0,53268101591.0,9170870614.0,9637922726.0,11415441402.0,11951004596.0,97663250310.0,92166871301.0,21046397602.0,20159272556.0,2336418448.0,350918611.0,5539132494.0,-1893277315.0
001570,금양,CFS,153629303154.0,146882938167.0,202433355310.0,103934074100.0,245986446359.0,160842410708.0,241526491956.0,121936315678.0,36611427079.0,39779399748.0,2693744954.0,2856523273.0,-15293819914.0,-943336182.0
001620,케이비아이동국실업,CFS,257350394605.0,233598639427.0,300873653413.0,301480202607.0,389676221531.0,373187013643.0,188178520222.0,180383548030.0,149124618631.0,145945904687.0,-126035935.0,-6595699592.0,1264608749.0,6745469435.0
001630,종근당홀딩스,CFS,440150843823.0,398595725433.0,483341370583.0,399407472213.0,654791370486.0,577829023460.0,815549279512.0,798543946094.0,223031292714.0,228344063263.0,3600605114.0,-12529731137.0,8934454688.0,-10380398991.0
001680,대상,CFS,1879737584370.0,1721004720989.0,1011923056875.0,997239386623.0,2053759956535.0,1867569946984.0,1380693164836.0,1322626501384.0,1123639114938.0,1061638876935.0,51676570328.0,34420849901.0,25617784355.0,5299014109.0
001685,대상우,,,,,,,,,,,,,,,
001720,신영증권,CFS,,,,,9355337865849.0,8663574450115.0,1625022515510.0,1535225954422.0,632205283308.0,-283136518383.0,,,27327697455.0,23496300537.0
001740,SK네트웍스,CFS,2740343000000.0,2703209000000.0,4286675000000.0,3567813000000.0,7272441000000.0,7048547000000.0,2241728000000.0,2450712000000.0,2282981000000.0,2476459000000.0,54772000000.0,40272000000.0,13413000000.0,7896000000.0
001750,한양증권,CFS,,,,,3078682813480.0,1043504162865.0,481357602234.0,459386901440.0,202565863194.0,307074394372.0,,,4506836143.0,3351698736.0
001755,한양증권우,,,,,,,,,,,,,,,
001770,SHD,CFS,64067150341.0,62969604391.0,37274120587.0,36134907509.0,37841485734.0,36836001991.0,51766920175.0,51455970487.0,27512085198.0,31618786258.0,-47530918.0,4001016385.0,192794577.0,3571187329.0
001780,알루코,CFS,410240154095.0,326840775284.0,459565027599.0,465830380456.0,511806080644.0,506348248906.0,360667670586.0,310584717275.0,148938009400.0,153921689171.0,11419648453.0,10056668858.0,7823991814.0,5893939427.0
001790,대한제당,CFS,619485231000.0,613796109000.0,321178495000.0,390061782000.0,649343984000.0,681747544000.0,554302695000.0,537718752000.0,334738722000.0,359250083000.0,10862971000.0,15624726000.0,6912766000.0,16745689000.0
001795,대한제당우,,,,,,,,,,,,,,,
001800,오리온홀딩스,CFS,1741567130228.0,1584060873911.0,611357018486.0,663512598084.0,937051423143.0,977214307936.0,4269162688412.0,4124954123258.0,784692536732.0,771275104181.0,105829434643.0,104296394331.0,73665805900.0,72976450396.0
001820,삼화콘덴서,CFS,184145053808.0,162158129535.0,60013370775.0,53555574870.0,68614496714.0,62021312212.0,246023845700.0,225432520413.0,74710839189.0,60309607298.0,8497095755.0,6713573440.0,8374901305.0,8085225380.0
001940,KISCO홀딩스,CFS,1352904308178.0,1289089265794.0,122820546729.0,208963844818.0,195492407842.0,239739584991.0,1579896551231.0,1496196972636.0,339960725792.0,435861856415.0,32435657487.0,36917059845.0,28241498769.0,33210144115.0
002020,코오롱,CFS,1939570215650.0,1684980865278.0,2535319055999.0,2341085909022.0,3797364997391.0,3322537563034.0,1220051235553.0,1154953577043.0,1433001148737.0,1375591374580.0,31757838635.0,82787330562.0,-6519788720.0,66117829271.0
002025,코오롱우,,,,,,,,,,,,,,,
002030,아세아,CFS,867261330434.0,881507374671.0,529265180548.0,518884523788.0,1279348239307.0,1317598873795.0,1952577707874.0,1864777074285.0,516641639944.0,527117302930.0,67978591608.0,60733996071.0,50069920742.0,39473334119.0
002070,비비안,CFS,100805698909.0,90886103322.0,107575096840.0,98654688573.0,113013792302.0,104480645980.0,92196880263.0,96580534960.0,50360962487.0,50592321464.0,1068139728.0,1318731948.0,264980656.0,-2189150641.0
002100,경농,CFS,298169798461.0,260765667954.0,183498908742.0,156932087281.0,204199210195.0,188148524944.0,280906307402.0,260484164308.0,42592699873.0,47872301892.0,-3936049707.0,-1861611208.0,-4699786961.0,-4246260798.0
002140,고려산업,CFS,132048903080.0,127812632315.0,153788947340.0,148284814914.0,178333138637.0,169050032748.0,104835909244.0,105653495078.0,83142472307.0,72481479735.0,379253504.0,2248463072.0,-2845987058.0,-3119182318.0
002150,도화엔지니어링,CFS,227757199864.0,215628821883.0,234653242139.0,215111875031.0,278131246243.0,255273456899.0,269829589474.0,267316818668.0,128769332516.0,134546385517.0,3719379339.0,9442078665.0,4938825930.0,7286199311.0
002170,SYTS,CFS,341687279435.0,344026136176.0,14517894072.0,30658720857.0,23852059608.0,40424121033.0,430839532784.0,417112654736.0,40586590217.0,45084230452.0,3157950405.0,3922987316.0,1722778930.0,3825018965.0
002200,한국수출포장,CFS,152897024999.0,143085577838.0,41804136194.0,46154487123.0,60056365037.0,64604055301.0,293780610336.0,280917284803.0,78606760975.0,86259045296.0,6497379288.0,6543801407.0,5560339780.0,5049116258.0
002210,동성제약,CFS,65676615653.0,54389189710.0,49307023237.0,47571203754.0,78488626082.0,64892797809.0,41716238320.0,42809263159.0,22046708321.0,24238995891.0,204864864.0,219435972.0,-44653244.0,1404048405.0
002220,한일철강,CFS,109295747286.0,105439726347.0,128507501062.0,112789046543.0,168085879201.0,164622338615.0,174402489349.0,174532632878.0,53092273004.0,63166451476.0,1505260696.0,-740013962.0,-276071968.0,-5050722331.0
002240,고려제강,CFS,1147588142979.0,1153075088455.0,510432314895.0,561483968404.0,748351668643.0,805246239566.0,1791260204045.0,1727522158689.0,435395604836.0,524421158837.0,12088120603.0,32243400723.0,21556963942.0,43546123792.0
002310,아세아제지,CFS,433773614214.0,441835691580.0,162747498404.0,174449422525.0,210056068459.0,230662239691.0,844642456482.0,804286022003.0,225920186122.0,255079287767.0,22255218641.0,23534771961.0,20614291829.0,20795658906.0
002320,한진,CFS,688532822428.0,615210708980.0,987155389683.0,799783071458.0,2635687019148.0,2558814752905.0,1543784625795.0,1534382938804.0,691884452227.0,707545769226.0,33709925753.0,24519515331.0,8668529945.0,8433433232.0
002350,넥센타이어,CFS,1603800585519.0,1442087250791.0,1457390743884.0,1431723418411.0,2597024769563.0,2348104911877.0,1709640995830.0,1596231827731.0,692574931848.0,709213588338.0,69652021627.0,1103451094.0,52789125982.0,15887157392.0
002355,넥센타이어1우B,,,,,,,,,,,,,,,
002360,SH에너지화학,CFS,81615961896.0,81702957489.0,14052997428.0,10758686692.0,32057231289.0,30058823992.0,92652737642.0,94101468139.0,34425162665.0,43026636163.0,-1440366201.0,1868158010.0,-847876354.0,2055102705.0
002380,KCC,CFS,4348879039763.0,4029782763437.0,3496920840177.0,2869372542476.0,7913369206337.0,7567347802320.0,5497180036504.0,5551138505338.0,1552724537245.0,1740125205534.0,88429543503.0,96379553644.0,11237964798.0,-265341347440.0
002390,한독,CFS,334352591534.0,354171988191.0,282917373209.0,270930450534.0,472290798960.0,489250127554.0,361762085961.0,381856042513.0,127229971139.0,148574872670.0,4855575500.0,9302104210.0,-3103554551.0,3964394078.0
002410,범양건영,CFS,87397698680.0,79479043859.0,98896873303.0,90720864613.0,116987460426.0,144032362262.0,69806125079.0,71021899442.0,28980813653.0,30413522324.0,-1553822555.0,-259527950.0,-1499382845.0,-585554047.0
002420,세기상사,CFS,7528294836.0,8610007524.0,15497912075.0,3330747632.0,24159279378.0,25060643077.0,27492910511.0,26581197625.0,7375920112.0,9282313695.0,-133176189.0,22332787.0,-301587558.0,-151283597.0
002450,삼익악기,CFS,172898027898.0,210295390017.0,100982643624.0,134468492548.0,222277433949.0,260906132649.0,269280348944.0,260652700315.0,45706345781.0,67926861188.0,2156349036.0,3332905996.0,1550555371.0,11146870897.0
002460,HS화성,CFS,784467930672.0,544990973847.0,343091616074.0,222647093288.0,618612287766.0,389175292526.0,379442965134.0,356952449379.0,228884525897.0,172469056919.0,6589949978.0,4453608764.0,5269443715.0,4354739625.0
002600,조흥,CFS,279957948865.0,268968494534.0,266430692451.0,275477139063.0,299891278740.0,279570331873.0,145955072282.0,154185144907.0,99925745825.0,84808356088.0,4848791405.0,6046352518.0,1226579442.0,-1868528392.0
002620,제일파마홀딩스,CFS,405751590956.0,352916443850.0,427393394144.0,358504740294.0,484508367806.0,445884552551.0,434851383810.0,419792459625.0,194765757464.0,195277065810.0,485559498.0,-616777582.0,-2840895016.0,-2809936555.0
002630,오리엔트바이오,CFS,57971235693.0,49249571579.0,3482065250.0,3892299448.0,9754941019.0,9657861933.0,73499549583.0,71392358134.0,8184173165.0,8068586204.0,-497742593.0,350018519.0,213310513.0,-12699920201.0
002690,동일제강,CFS,101607638352.0,101123872721.0,19567628355.0,18680811170.0,22930308120.0,22028247899.0,152584086008.0,157680471138.0,38938313273.0,43430751098.0,-1125262115.0,-3915264773.0,-4942962274.0,-8453130278.0
002700,신일전자,CFS,102464020889.0,105816871898.0,61392336999.0,64029490024.0,67365931831.0,70989812664.0,82387758928.0,81890842633.0,44248033140.0,59479426178.0,1339938674.0,3726469606.0,603275521.0,-2360213451.0
002710,TCC스틸,CFS,257767163234.0,276384671735.0,226692761569.0,251903595625.0,345705272615.0,298677336481.0,230392026844.0,208804980309.0,139807672253.0,182983421548.0,-85443151.0,13694061530.0,-591119262.0,1999429839.0
002720,국제약품,CFS,53648870720.0,48535452258.0,57881362776.0,47855143190.0,72518498946.0,62513602796.0,66019574390.0,74079260010.0,32123754248.0,30162652169.0,-3272257213.0,723699025.0,-2592368726.0,1455246687.0
002760,보락,CFS,23857319226.0,26264428282.0,6913488036.0,9809629438.0,9618611428.0,12528504457.0,48427822731.0,48383747090.0,11559984413.0,12368400652.0,24525387.0,1115117656.0,142029128.0,1149878638.0
002780,진흥기업,CFS,402574810959.0,332594741207.0,178955603161.0,150468384840.0,256002437561.0,227013990002.0,259393359931.0,224732888879.0,202538215957.0,149524599153.0,15770173428.0,11371338396.0,12692514698.0,18928052042.0
002785,진흥기업우B,,,,,,,,,,,,,,,
002787,진흥기업2우B,,,,,,,,,,,,,,,
002790,아모레퍼시픽홀딩스,CFS,2628138996136.0,2566383546972.0,834905131009.0,851901945315.0,1074594695549.0,1117500460491.0,6541512300431.0,6533503340963.0,963348465711.0,1021790039947.0,28790125326.0,32973932089.0,41701889755.0,32294263886.0
002795,아모레퍼시픽홀딩스우,,,,,,,,,,,,,,,
00279K,아모레퍼시픽홀딩스3우C,,,,,,,,,,,,,,,
002810,삼영무역,CFS,414369329712.0,367906365552.0,114714044453.0,98086686392.0,128046180648.0,112174817744.0,543451468224.0,512033245129.0,121180909978.0,119787362542.0,3778859945.0,3142867086.0,13742922995.0,13924566018.0
002820,SUN&L,CFS,206029172433.0,231592368174.0,286815570926.0,278933732249.0,361456271665.0,373988182288.0,127470855686.0,150446137416.0,107520707541.0,117402382465.0,-2723911430.0,-3356377333.0,183393987.0,-1104181652.0
002840,미원상사,CFS,197388124976.0,197197076947.0,41076830844.0,48106995526.0,69454345780.0,73770759382.0,366624398501.0,341848565180.0,105772703245.0,113392485671.0,19766893298.0,26127438057.0,17372361421.0,25261362887.0
002870,신풍,CFS,72995095540.0,77923645859.0,25667971701.0,27715048317.0,27197003416.0,30070255666.0,75836720356.0,82347640959.0,25434883640.0,4692358186.0,-3346588940.0,-564008546.0,-2720493220.0,-1068098936.0
002880,디와이에이,CFS,135738331431.0,560727671117.0,311228418851.0,865405332990.0,441559606391.0,1136743952904.0,74282933173.0,238462812415.0,142673036567.0,125922106044.0,11534620010.0,12995960782.0,9514920721.0,1917322130.0
002900,TYM,CFS,533663610214.0,473214647112.0,410309376287.0,400434021651.0,482968599750.0,447666197323.0,380137669041.0,334462229231.0,176503638087.0,236180326777.0,9263829247.0,24508782344.0,6291225684.0,33506672808.0
002920,유성기업,CFS,185816929559.0,201036538640.0,59304030378.0,65845462322.0,98285596385.0,99811962683.0,344302997951.0,327234039553.0,78166460847.0,73482655891.0,-568227085.0,1084967851.0,4555846409.0,3503242477.0
002960,한국쉘석유,CFS,144610526577.0,144822868003.0,49730246447.0,57847556976.0,51753761385.0,59384706208.0,120690987541.0,112955747743.0,80143953465.0,71282111145.0,12186012807.0,7246702371.0,10491931868.0,6025516834.0
002990,금호건설,CFS,1005911363380.0,1052601903018.0,835070584396.0,861502417337.0,1120129065800.0,1147826599507.0,465252965289.0,543337107811.0,519061699778.0,521308291258.0,5854251042.0,15790365408.0,1267905916.0,7067793958.0
002995,금호건설우,,,,,,,,,,,,,,,
003000,부광약품,CFS,214272944427.0,218741258542.0,28130410045.0,44603055930.0,144295929839.0,129081732482.0,249983653597.0,271847456032.0,20252896788.0,49643694625.0,-16203424643.0,-1333848717.0,-16878301281.0,-1962475290.0
003010,혜인,CFS,182315872150.0,164239140493.0,142254925733.0,121449714639.0,147622659205.0,132475114237.0,111358566248.0,108047031390.0,65892483627.0,45804877823.0,2487438241.0,2362309119.0,1228953472.0,-420439873.0
003030,세아제강지주,CFS,2434502447898.0,2127561535722.0,1050814497396.0,1092316484712.0,1777061378234.0,1591270344983.0,2411759798998.0,1980797313681.0,942003467323.0,1004313801855.0,123760966133.0,173043723918.0,91979215437.0,130507977085.0
003060,에이프로젠바이오로직스,CFS,167987621229.0,240608129118.0,132821959110.0,161106057927.0,203466013223.0,173729691936.0,541430056860.0,502373659283.0,20133627604.0,16016325658.0,-14365165846.0,-1019894325.0,-3283740216.0,5256865014.0
003070,코오롱글로벌,CFS,1251311332685.0,1801559418189.0,1259615282980.0,1897215925506.0,1833907109416.0,2270737072633.0,585972166795.0,563410513551.0,623989478420.0,622168406208.0,19194677236.0,62148098164.0,3498082501.0,47511693795.0
003075,코오롱글로벌우,,,,,,,,,,,,,,,
003080,SB성보,CFS,76541534642.0,87306335639.0,14901283167.0,24401347807.0,22962624229.0,33383212096.0,137778281896.0,137402075241.0,6605013437.0,5626076786.0,-2985433762.0,-3682675555.0,-2408726538.0,-3101498737.0
003090,대웅,CFS,920364792710.0,954002901339.0,687202657054.0,515754225263.0,892305384582.0,879409305644.0,1395585700304.0,1279495801608.0,,,65565959551.0,58473773670.0,46816078558.0,49513324914.0
003120,일성아이에스,CFS,303852725065.0,343905674251.0,21553042284.0,42557941740.0,34562505627.0,48852889219.0,419746471769.0,445567209076.0,18074146447.0,15989079171.0,-1468336696.0,753355824.0,4481534495.0,3283477812.0
003160,디아이,CFS,148666870279.0,132045534034.0,94769513832.0,74184325454.0,124816898680.0,111206586935.0,165404414954.0,163379236085.0,57680706789.0,66173020677.0,2636074123.0,5161296197.0,280211247.0,4769050081.0
003200,일신방직,CFS,379804617631.0,555778028112.0,122935004159.0,210161785960.0,182018137456.0,272298156963.0,877856278371.0,904447829099.0,129738099144.0,131730032650.0,-828281166.0,-2184572023.0,1611468786.0,-6112456392.0
003220,대원제약,CFS,220729044640.0,207283824715.0,139728059090.0,128146380604.0,214927869475.0,204784866664.0,263619332905.0,248765199157.0,128979911453.0,122244843782.0,6742312175.0,14581956981.0,5329294048.0,10690671111.0
003230,삼양식품,CFS,444041510269.0,348640276501.0,274861601124.0,225328097793.0,518787229853.0,470165749462.0,541546232421.0,454763741502.0,335246630561.0,211532850123.0,43430661441.0,19330991324.0,37805433747.0,31223363387.0
003240,태광산업,CFS,1926293212386.0,1928388653674.0,442994734573.0,419114657979.0,745651919372.0,702185269043.0,4171972109989.0,4207820151486.0,590100191447.0,643759557204.0,-31293787083.0,-48098098861.0,4447651136.0,-12123005563.0
003280,흥아해운,CFS,102190082579.0,105041636229.0,58974412916.0,65840697710.0,163451947385.0,181755200200.0,160887050868.0,135304736370.0,40617561144.0,52883225926.0,6639738827.0,11032705855.0,5976706421.0,7277516587.0
003300,한일홀딩스,CFS,1115425462078.0,1010583778368.0,677161657624.0,760109174022.0,1353462168757.0,1220879131264.0,2160991924491.0,2047162214760.0,530374736900.0,487692193900.0,71053299301.0,36443272796.0,46838147220.0,31544146851.0
003350,한국화장품제조,CFS,63748566336.0,53031404114.0,33178281623.0,30824513659.0,37536332775.0,35421546715.0,53602742171.0,47244379389.0,28171548975.0,24024480830.0,2721678179.0,792773515.0,1915380024.0,709026266.0
003460,유화증권,CFS,,,,,196862328236.0,190957654664.0,499818802189.0,498377514849.0,,,,,2679028793.0,895396499.0
003465,유화증권우,,,,,,,,,,,,,,,
003470,유안타증권,CFS,,,,,12648466459000.0,11862753297000.0,1585066867000.0,1557126540000.0,759902248000.0,820469846000.0,,,25397856000.0,14695633000.0
003475,유안타증권우,,,,,,,,,,,,,,,
003480,한진중공업홀딩스,CFS,304002000000.0,555839000000.0,463434000000.0,775535000000.0,1348331000000.0,1629209000000.0,363905000000.0,366779000000.0,162326000000.0,226154000000.0,3434000000.0,6133000000.0,-1261000000.0,-1402000000.0
003490,대한항공,CFS,8860471078509.0,8090936743191.0,9051151295215.0,8475183412857.0,19926061033673.0,19705240815659.0,10028757035348.0,9292460206825.0,4249023718523.0,3910761735906.0,543049327458.0,800703850230.0,419816627045.0,374257659309.0
003495,대한항공우,,,,,,,,,,,,,,,
003520,영진약품,CFS,119346047783.0,102194442940.0,71390637916.0,49631665597.0,132652144230.0,113212626317.0,87332634587.0,89870191058.0,59369563350.0,54327589849.0,320119071.0,-2321908690.0,-875576885.0,-2098121712.0
003530,한화투자증권,CFS,,,,,10263207414765.0,10555667496176.0,1591103487058.0,1555582022027.0,475942434511.0,712891323261.0,,,-14346286913.0,-3804221505.0
003535,한화투자증권우,,,,,,,,,,,,,,,
003540,대신증권,CFS,,,,,19684028348000.0,18487776170000.0,2780142190000.0,2722959293000.0,994195394000.0,1237094862000.0,,,22194661000.0,38218170000.0
003545,대신증권우,,,,,,,,,,,,,,,
003547,대신증권2우B,,,,,,,,,,,,,,,
003550,LG,CFS,4910555000000.0,5083392000000.0,1799434000000.0,2524385000000.0,3120211000000.0,3399491000000.0,27263617000000.0,26234186000000.0,1861745000000.0,1745461000000.0,509818000000.0,509248000000.0,465468000000.0,455829000000.0
003555,LG우,,,,,,,,,,,,,,,
003570,SNT다이내믹스,CFS,554129226729.0,471157538552.0,241516619660.0,183462729377.0,330413421300.0,271939014842.0,683998642159.0,659055290288.0,134423622142.0,92316342439.0,15361521484.0,5477317642.0,13478490153.0,18066190160.0
003580,HLB글로벌,CFS,39807268882.0,48165129978.0,44075557212.0,49346761912.0,60769497500.0,52237490080.0,62782245959.0,68008695055.0,22727266462.0,11864153858.0,-2390898393.0,-2936545757.0,-4008200158.0,-3723009782.0
003610,방림,CFS,105871992743.0,129797149800.0,39129773128.0,57734881211.0,44941463146.0,63058875047.0,196070148871.0,202161168676.0,30417624781.0,35225028770.0,-609509201.0,684720009.0,762171951.0,3005656076.0
003620,KG모빌리티,CFS,1118412909972.0,627159379542.0,690694869215.0,401956733467.0,1332142402189.0,909004171746.0,,,904738804045.0,981958007319.0,14261211679.0,-51167923631.0,12535779006.0,-22209716563.0
003650,미창석유,CFS,281711948204.0,266514399188.0,51533866974.0,32949978271.0,55176240164.0,36181495521.0,351995517069.0,321144706992.0,93965490742.0,100229557722.0,10112272298.0,9003453815.0,4460654983.0,4530601974.0
003670,포스코퓨처엠,CFS,3017993650544.0,2037518471950.0,1157889609603.0,965792822766.0,3672692330434.0,1986831501348.0,2761267931475.0,2650644638841.0,1285771925310.0,1053325465801.0,37136749104.0,81802263192.0,23156772106.0,65629793719.0
003680,한성기업,CFS,141394986079.0,135930555429.0,155451932763.0,126649432998.0,182334048738.0,182635463144.0,56028205029.0,52283432626.0,85380628709.0,70181359273.0,3569568820.0,2642275404.0,1856747087.0,1850186532.0
003690,코리안리,CFS,,,,,8030318781183.0,8301594289101.0,3177242358003.0,2715629574160.0,,,,,32582853193.0,29710198179.0
003720,삼영,CFS,54074047889.0,56759618378.0,75678683707.0,69544846448.0,85834302774.0,83735128046.0,53064895535.0,52098188083.0,31904108632.0,38185527890.0,806400564.0,1007200823.0,971568246.0,1919045933.0
003780,진양산업,CFS,37443340421.0,33928799916.0,28777811126.0,22392612400.0,37649914259.0,31490483064.0,56292289557.0,51229471622.0,22824979247.0,20474397375.0,2746400303.0,1930664628.0,3057512198.0,1523321580.0
003830,대한화섬,CFS,126557224414.0,90420132509.0,25418522619.0,46727337240.0,153697239665.0,122779864954.0,724561211475.0,713984666695.0,33387294176.0,40014630383.0,255006691.0,1449077465.0,4435347582.0,6923609376.0
003850,보령,CFS,391153521900.0,338378355243.0,225557455287.0,277482940837.0,391043648803.0,375969361311.0,546560964406.0,516416553868.0,208317490192.0,197925814914.0,18458019707.0,16619958883.0,11955432928.0,21987264508.0
003920,남양유업,CFS,416543749258.0,456110401716.0,102428811979.0,148191529280.0,113980130500.0,164307809198.0,718736898353.0,737951261299.0,254210567500.0,253619293711.0,-5640302148.0,-18210204844.0,-4515536768.0,-9995038282.0
003925,남양유업우,,,,,,,,,,,,,,,
003960,사조대림,CFS,679553258906.0,578399925027.0,526665883081.0,489700196443.0,574123388209.0,564420178134.0,692868783249.0,603832489151.0,546506720259.0,534052711692.0,35185432695.0,33616201247.0,28636677888.0,16899997959.0
004000,롯데정밀화학,CFS,1292393223074.0,1316299182252.0,234415836186.0,397000732488.0,252503985933.0,415627340272.0,2377599010505.0,2294218530309.0,401200689134.0,628543197224.0,35139385234.0,120398364164.0,-12879832190.0,22549103813.0
004020,현대제철,CFS,12177195447883.0,13191046262816.0,7170173004930.0,8119176425020.0,15474980954321.0,17672412852352.0,19799486720732.0,19128542977421.0,6283196286286.0,6999938854120.0,228402032234.0,372969564850.0,129241738781.0,263808774499.0
004060,SG세계물산,CFS,82358523167.0,99506111919.0,48250272046.0,54116741964.0,52353040314.0,58390585798.0,244286746903.0,245425084363.0,35118790605.0,43013026828.0,234977049.0,3001182004.0,-639329039.0,3166718621.0
004080,신흥,CFS,54324174287.0,54919010474.0,29995392512.0,33000124584.0,31127534982.0,33759591792.0,111640155463.0,106862957753.0,27442084166.0,31411546248.0,2868655128.0,3148770795.0,2306985123.0,2586515888.0
004090,한국석유,CFS,193868172650.0,176648336642.0,168763149754.0,152723074627.0,195975738981.0,183328538761.0,170361151995.0,163736985429.0,173152048575.0,173175669936.0,3745193035.0,4279239489.0,2585163869.0,1428514592.0
004100,태양금속,CFS,263625324233.0,241472047451.0,304665814851.0,302516088668.0,386412392994.0,378929145714.0,121560800048.0,112058795117.0,154012472632.0,148988762358.0,8290452355.0,6022252526.0,5247932725.0,5267606527.0
004105,태양금속우,,,,,,,,,,,,,,,
004140,동방,CFS,202785627601.0,204702355312.0,276200858368.0,296862179032.0,445135294171.0,437684706701.0,146071515984.0,130280219393.0,186691607227.0,184805454006.0,8535272677.0,4699686638.0,4203780766.0,2570513738.0
004150,한솔홀딩스,CFS,194388109000.0,201194507000.0,97229172000.0,110792748000.0,113664127000.0,125962865000.0,609995654000.0,597332919000.0,106300507000.0,116768009000.0,1159167000.0,5350958000.0,10540550000.0,15134399000.0
004170,신세계,CFS,2720468963187.0,2653727735541.0,4707852935246.0,4849923550154.0,8334026090992.0,8096632950057.0,6360911953797.0,6251779372631.0,1497487640124.0,1955077159831.0,131822243109.0,153027003058.0,61761011085.0,94519523285.0
004250,NPC,CFS,172979989749.0,158449777553.0,164423281898.0,151332617610.0,181869068163.0,182861269823.0,371604509739.0,344414423651.0,137072243757.0,139496186564.0,10062749556.0,6935623787.0,10548768521.0,5953542993.0
004255,NPC우,,,,,,,,,,,,,,,
004270,남성,CFS,94689723533.0,102793565085.0,122955685946.0,126193387362.0,154219590015.0,151652660509.0,109283705317.0,119499468298.0,17984312020.0,23899321529.0,-1423530478.0,-575087566.0,-2471218931.0,929988333.0
004310,현대약품,CFS,92305669398.0,101642697675.0,67531524764.0,80695589812.0,73155740306.0,94604146368.0,88072445321.0,86555281442.0,47445535866.0,42852988546.0,2235099348.0,3324073947.0,1748321436.0,2419279288.0
004360,세방,CFS,347039038899.0,351597176858.0,210816166129.0,214731007148.0,287797089600.0,277495007259.0,1060608399754.0,1003478779341.0,302934119780.0,323860450153.0,7914489514.0,11679718613.0,20655367396.0,14026655375.0
004365,세방우,,,,,,,,,,,,,,,
004370,농심,CFS,1394881419595.0,1208524614820.0,685125701511.0,616485543701.0,782460949575.0,719378356883.0,2466098371885.0,2315340178664.0,855913210848.0,813007870892.0,55674910916.0,27300256976.0,50036892192.0,28285386931.0
004380,삼익THK,CFS,219349887050.0,203694823410.0,220633633914.0,188140072661.0,260551530532.0,233318683388.0,207579608720.0,210708900479.0,78524394985.0,94572791162.0,711494291.0,8703865650.0,834118734.0,6062754723.0
004410,서울식품,CFS,24043556356.0,22137981048.0,33943027356.0,32751963938.0,44239595508.0,42534581355.0,26870991160.0,28318780669.0,16704054119.0,16467526550.0,334765612.0,-289129593.0,239520041.0,-501995413.0
004415,서울식품우,,,,,,,,,,,,,,,
004430,송원산업,CFS,616160000000.0,680707000000.0,359920000000.0,404022000000.0,433584000000.0,534689000000.0,713835000000.0,682622000000.0,247867000000.0,350731000000.0,14443000000.0,49314000000.0,9372000000.0,41376000000.0
004440,삼일씨엔에스,CFS,142589657429.0,177346858131.0,64809521294.0,89724618087.0,85709112451.0,140597279518.0,267375133689.0,270843247765.0,46896860909.0,60690137621.0,-41434090.0,2514752608.0,-1048164580.0,2106046731.0
004450,삼화왕관,CFS,65452204024.0,59877889564.0,41383400039.0,37345393005.0,97361153713.0,103072772485.0,108470236796.0,119710784481.0,39704288274.0,41294180218.0,1372061248.0,1102689246.0,-9478966592.0,-20926212371.0
004490,세방전지,CFS,1081804512172.0,937809203352.0,498519944540.0,416488382610.0,521916652519.0,430957932473.0,1304741220677.0,1246024048691.0,409122321170.0,354817828033.0,35434222224.0,21903351321.0,36728514554.0,12990792877.0
004540,깨끗한나라,CFS,173795920772.0,178461002366.0,239635574633.0,222191293067.0,426678074615.0,419699356872.0,216887661150.0,241347622378.0,125600712695.0,152127501965.0,-7052751562.0,606281739.0,-9283105903.0,-2575658761.0
004545,깨끗한나라우,,,,,,,,,,,,,,,
004560,현대비앤지스틸,CFS,469633543057.0,512455335933.0,219235940628.0,146256967402.0,322087353386.0,333016274702.0,495307710560.0,524827566700.0,269223130088.0,267051216481.0,-5363121738.0,-16050286344.0,-8300880891.0,-17568106496.0
004690,삼천리,CFS,1489808098529.0,2273164967151.0,921779250792.0,2012282139982.0,2506617219040.0,3482673623260.0,1676466012528.0,1539278842890.0,953989156990.0,1103148017358.0,34782184240.0,21854211238.0,30200843994.0,15656180734.0
004700,조광피혁,CFS,98480466518.0,91336630037.0,11302748909.0,14246771822.0,75368365706.0,63994595545.0,433279129792.0,378040280336.0,30907594733.0,33578054511.0,2849608040.0,-457690639.0,3155098207.0,690027360.0
004710,한솔테크닉스,CFS,491608292639.0,509415530336.0,375647472451.0,424708759547.0,569790231693.0,631895650677.0,490493981861.0,440026250016.0,441784402701.0,392420149316.0,21663497167.0,20958077340.0,25006442863.0,16471856302.0
004720,팜젠사이언스,CFS,92878782710.0,70540861359.0,75626142557.0,68185322964.0,121993424108.0,110275883209.0,221121086497.0,207115593817.0,41149071556.0,36305695017.0,742199378.0,1237861107.0,-2121583071.0,856482071.0
004770,써니전자,CFS,71630690301.0,68105163819.0,1499811474.0,2775569376.0,1947884213.0,3286136702.0,76783709005.0,73223553050.0,3167272333.0,3987196766.0,488776835.0,686518559.0,1310083232.0,1915485416.0
004800,효성,CFS,1915875832701.0,2060065764290.0,1788565110427.0,1811856720954.0,2437811710095.0,2369980096744.0,2817624421549.0,2897304623764.0,805065563184.0,868636030031.0,44328653681.0,-51200352735.0,15479672333.0,-40967007986.0
004830,덕성,CFS,67494449025.0,73648119649.0,22287555613.0,27500582016.0,42734887537.0,41762767242.0,85656106460.0,83409591549.0,26279606866.0,33720249063.0,1233207728.0,538461550.0,1176396043.0,1231630032.0
004835,덕성우,,,,,,,,,,,,,,,
004840,DRB동일,CFS,510541469620.0,475692073884.0,401532908652.0,400359407544.0,468049210891.0,465469810224.0,512294119652.0,479768684504.0,174945740932.0,176005656539.0,10874489110.0,2970496523.0,6094409010.0,2065513841.0
004870,티웨이홀딩스,CFS,20852382912.0,14554608205.0,8195272324.0,8124210003.0,44418361279.0,45987386449.0,176024654782.0,164730790742.0,1272771000.0,3632523400.0,-889889839.0,-196671071.0,2981348388.0,-19219733382.0
004890,동일산업,CFS,334796329598.0,337798307653.0,54019295317.0,63096215871.0,70915311891.0,82125521241.0,418068443531.0,417277191970.0,112520058866.0,113592386260.0,-3129535102.0,3545643027.0,2689543224.0,7881630960.0
004910,조광페인트,CFS,118116180205.0,129950150559.0,119662725217.0,125528751765.0,214738122943.0,216375249483.0,171426495901.0,169732962577.0,64889258903.0,60750783247.0,2258628205.0,-2635131509.0,2336781817.0,-2342835655.0
004920,씨아이테크,CFS,36839229615.0,39622316569.0,26738593653.0,26687615012.0,35262628584.0,41507587354.0,54145890924.0,53196810855.0,11938519184.0,12094003311.0,-1207971024.0,-883099416.0,-1702801932.0,-380470496.0
004960,한신공영,CFS,1759841911508.0,1557208566517.0,1197222262127.0,982066539104.0,1797042126903.0,1622658480432.0,728545962057.0,726739625046.0,329759068117.0,250193541260.0,4195471524.0,371661060.0,700601997.0,4584292241.0
004970,신라교역,CFS,361731236892.0,326498441328.0,170711528660.0,141193243999.0,196905881594.0,157356040716.0,570504678436.0,559045457236.0,118842577570.0,95197672077.0,6988870072.0,1648811907.0,10140875315.0,20946127306.0
004980,성신양회,CFS,315075299209.0,371430350415.0,495169287505.0,553738399570.0,731517030020.0,791369380223.0,418910759007.0,396213621807.0,258771326612.0,268101151771.0,10445732136.0,5663874047.0,1662023793.0,-3087918393.0
004985,성신양회우,,,,,,,,,,,,,,,
004990,롯데지주,CFS,6396141142470.0,5621713796062.0,7084234803404.0,6169727343827.0,13632439303170.0,12409157931313.0,9975041352070.0,9766258734737.0,4003146346629.0,3817925931875.0,241573483915.0,191074213280.0,149445213313.0,171931206099.0
00499K,롯데지주우,,,,,,,,,,,,,,,
005010,휴스틸,CFS,645483050256.0,640579788285.0,183685761202.0,195447062794.0,303618907763.0,297193188974.0,1043586569243.0,909180443075.0,171334345030.0,276415124661.0,48979565383.0,67817889538.0,43420531638.0,55694193623.0
005030,부산주공,CFS,137396266449.0,129259247415.0,190383159504.0,174175205944.0,220172459784.0,212511513972.0,21699546353.0,21420265526.0,64904231818.0,50832959577.0,1310853179.0,143988560.0,-1560737313.0,-479041099.0
005070,코스모신소재,CFS,154140168535.0,208828977849.0,146463389812.0,150762393213.0,186528167370.0,200117019634.0,267226170694.0,251204096947.0,154223402454.0,133834414944.0,8092666851.0,10837643658.0,9024332287.0,10785296119.0
005090,SGC에너지,CFS,1353105433976.0,1311038342017.0,1747910119862.0,1623193756518.0,2206914010522.0,2187874937878.0,881577104278.0,866487238616.0,800499375543.0,707647994750.0,59705877911.0,46765529079.0,36855192141.0,30069973197.0
005110,한창,CFS,51773893808.0,77404531331.0,76581481426.0,82062812987.0,81168483034.0,90132832628.0,4278913553.0,23348160604.0,12851072689.0,20577517548.0,-3121727047.0,2143042704.0,4905944382.0,12301552951.0
005180,빙그레,CFS,477411827820.0,315267835364.0,211284535583.0,152445670179.0,268249535648.0,193497612928.0,661452973546.0,575768974671.0,434235765396.0,390609009062.0,65423729227.0,25764618215.0,52909727551.0,20160876931.0
005250,녹십자홀딩스,CFS,1375400432580.0,1261978231373.0,1451393561333.0,1052354393520.0,1817116551269.0,1625017215651.0,1913968011917.0,1967043519272.0,541723600330.0,553695671911.0,20744351442.0,45587709089.0,-1115308267.0,23762779337.0
005257,녹십자홀딩스2우,,,,,,,,,,,,,,,
005300,롯데칠성,CFS,1291560793912.0,1019994253786.0,1398715335748.0,1154623005968.0,2734489029983.0,2283769460026.0,1521496811241.0,1412166180284.0,830365143705.0,784256422760.0,84253929189.0,74994412438.0,67787422502.0,46671693575.0
005305,롯데칠성우,,,,,,,,,,,,,,,
005320,온타이드,CFS,102685556704.0,109587105436.0,56137957182.0,53328492035.0,68651837138.0,65952316049.0,110701426703.0,109055850176.0,53244760014.0,87921988878.0,-2212062543.0,7759556234.0,-2925479371.0,6578120372.0
005360,모나미,CFS,120294291927.0,119271179657.0,99492755774.0,91158525042.0,120194784066.0,111823225016.0,102028550904.0,106609398706.0,31400128512.0,36129242471.0,-2844980646.0,353883142.0,-3155588378.0,-19164833.0
005380,현대차,CFS,101136523000000.0,96389273000000.0,73413384000000.0,74236472000000.0,178098970000000.0,164845917000000.0,101314867000000.0,90896545000000.0,41002663000000.0,37705442000000.0,3821799000000.0,1551819000000.0,1774447000000.0,826944000000.0
005385,현대차우,,,,,,,,,,,,,,,
005387,현대차2우B,,,,,,,,,,,,,,,
005389,현대차3우B,,,,,,,,,,,,,,,
005420,코스모화학,CFS,267566596118.0,299634118183.0,349507055247.0,301235755887.0,484936856511.0,409208860809.0,394942361327.0,398650035252.0,194843303465.0,190674595565.0,4550606342.0,9940302220.0,2531061437.0,5630307717.0
005430,한국공항,CFS,210958969453.0,185028752660.0,51858018004.0,44213126942.0,106718214364.0,81818613944.0,364610055664.0,339276428817.0,147364445600.0,103034565899.0,20769214714.0,-1336876604.0,17332814208.0,215684000.0
005440,현대지에프홀딩스,CFS,1283185697000.0,1058080200000.0,882184025000.0,752414076000.0,1442403191000.0,989203509000.0,3259589692000.0,2195929864000.0,509143780000.0,480009882000.0,5064643000.0,1576874000.0,845970175000.0,31370081000.0
005490,POSCO홀딩스,CFS,48609033936013.0,47649465547079.0,22060416932332.0,23188189987105.0,42642629402248.0,40149380046004.0,60328647004133.0,58257400589250.0,,,1196215841185.0,919537145342.0,550501897235.0,591637625065.0
005500,삼진제약,CFS,156622117184.0,134268343120.0,144523435206.0,81652160600.0,156426326312.0,130692791177.0,266299335564.0,275864152918.0,71822440566.0,70673038116.0,5159732533.0,6279097320.0,3142465036.0,4280598686.0
005610,삼립,CFS,573038881473.0,539519447906.0,683514290838.0,649482563312.0,886682092976.0,906290707171.0,411854389153.0,389108878435.0,862625360512.0,883526945776.0,21052748080.0,23184423533.0,12465538482.0,15344825525.0
005680,삼영전자,CFS,387277461382.0,374314814747.0,14698256394.0,16409171235.0,19377870764.0,17579609175.0,534501579382.0,521757690647.0,42603948069.0,56836371628.0,1693184956.0,3308901201.0,3629784308.0,6531457447.0
005690,파미셀,CFS,50686837255.0,62363173419.0,14851290804.0,28546176077.0,19665824905.0,32982274160.0,82050453723.0,79711914880.0,12167752956.0,15613724482.0,512825418.0,2298961759.0,1070455712.0,2512197412.0
005720,넥센,CFS,1787488494759.0,1637750257158.0,1575868412109.0,1568455337669.0,2860069102681.0,2595712644048.0,2238171206471.0,2131183569996.0,777023414529.0,816448905359.0,79386825497.0,9787292978.0,59366751595.0,27158613655.0
005725,넥센우,,,,,,,,,,,,,,,
005740,크라운해태홀딩스,CFS,252169767542.0,271727927368.0,388435817480.0,405281944441.0,622115820376.0,635811691855.0,543709098090.0,517958395592.0,256972738391.0,242628153934.0,19893410856.0,6699293788.0,11605771267.0,814727356.0
005745,크라운해태홀딩스우,,,,,,,,,,,,,,,
005750,대림바스,CFS,133949706007.0,122695057408.0,130221655773.0,89151175570.0,189655329505.0,179629163370.0,167148556393.0,157961649402.0,67561785303.0,65951383080.0,244781227.0,148598604.0,-213590115.0,-483366095.0
005800,신영와코루,CFS,173295786419.0,179619782007.0,31293296207.0,54155104445.0,40121354855.0,63083713569.0,369285558034.0,362720745342.0,54844823757.0,57141915612.0,2322934706.0,4740592650.0,2613201694.0,4317593213.0
005810,풍산홀딩스,CFS,206812011350.0,213323193085.0,97938324823.0,103482894554.0,174995780750.0,178221821848.0,1012878228946.0,964559570378.0,96274445431.0,81270216636.0,10573315084.0,10272358991.0,9914784270.0,10592599311.0
005820,원림,CFS,95665710728.0,78165685356.0,17576279443.0,18918952101.0,23948075842.0,26002568470.0,147074055056.0,143929258015.0,18880613315.0,18250542336.0,-186851441.0,551322811.0,1492828258.0,687398136.0
005830,DB손해보험,CFS,,,,,45112235454392.0,45510911766472.0,10301904246879.0,12124266534256.0,,,,,412622113008.0,543097557151.0
005850,에스엘,CFS,2022576628502.0,1773353010903.0,1062897539026.0,1092451714642.0,1212391506037.0,1225627791292.0,1975282832231.0,1706009149013.0,1182845459436.0,1071435331359.0,82749915580.0,48516022598.0,63691614281.0,43742098708.0
005870,휴니드,CFS,227865056101.0,229090786204.0,147655817429.0,154763742732.0,152816793187.0,159788538743.0,148285878364.0,144336818728.0,105028465271.0,49585333111.0,6490613114.0,1489217822.0,6389125618.0,714635831.0
005880,대한해운,CFS,556657533210.0,560963774495.0,963182824871.0,721681757213.0,3005020979956.0,2706138104863.0,1979143282156.0,1784122006765.0,336285231084.0,440359012051.0,74536538736.0,79056296045.0,35036993837.0,68998382538.0
005930,삼성전자,CFS,206438600000000.0,218470581000000.0,73625180000000.0,78344852000000.0,90573804000000.0,93674903000000.0,363892643000000.0,354749604000000.0,67404652000000.0,76781680000000.0,2433534000000.0,10852045000000.0,5844171000000.0,9389198000000.0
005935,삼성전자우,,,,,,,,,,,,,,,
005940,NH투자증권,CFS,,,,,46836929000000.0,46200211000000.0,7551110000000.0,7228056000000.0,,,,,100748000000.0,11939000000.0
005945,NH투자증권우,,,,,,,,,,,,,,,
005950,이수화학,CFS,699325972495.0,648004325426.0,685475518844.0,646244331679.0,798578755365.0,782591483389.0,291741263271.0,405485089749.0,515903628853.0,513981049786.0,-11805891040.0,460000401.0,-5006506247.0,10014057448.0
005960,동부건설,CFS,1284229161981.0,1135812744275.0,930781574595.0,617523861899.0,1142134788306.0,998112147136.0,553559297412.0,583588347208.0,488592204116.0,339466117497.0,414958600.0,-13428936201.0,1052268296.0,-18013321177.0
005965,동부건설우,,,,,,,,,,,,,,,
006040,동원산업,CFS,4092037596538.0,3395834362543.0,3249795896018.0,2682961819501.0,4760490006673.0,4152704107718.0,3141281700434.0,2908475429741.0,2384254814757.0,2314574076285.0,154420209492.0,129150939543.0,110691852908.0,91707218267.0
006060,화승인더,CFS,795443978503.0,874903842645.0,934329128765.0,943368596899.0,1084255082574.0,1119839945881.0,641694228081.0,659649543091.0,328805126118.0,507949571863.0,-1217254024.0,21113949577.0,-20004866387.0,16164911859.0
006090,사조오양,CFS,142084723521.0,136578328509.0,121787506036.0,129264943322.0,128872281515.0,137261542247.0,220420145886.0,205946412848.0,106009899509.0,101328665924.0,5292773249.0,4585885736.0,4872868515.0,1741760243.0
006110,삼아알미늄,CFS,209679659931.0,129950354050.0,102916695589.0,125330581063.0,161232362505.0,150214354677.0,258020222451.0,137938934911.0,67119567359.0,79382486271.0,1160483921.0,6873601015.0,1889690855.0,6213983551.0
006120,SK디스커버리,CFS,4947284037778.0,5326431008340.0,2474282039801.0,3283276498952.0,5866629535172.0,5826776624464.0,6127893630154.0,5953321868034.0,2359793448603.0,1883804973394.0,109908668644.0,59221663263.0,150495232320.0,234993376337.0
006125,SK디스커버리우,,,,,,,,,,,,,,,
006200,한국전자홀딩스,CFS,263039974459.0,203217100953.0,90016918479.0,94444592137.0,119725728448.0,123768339272.0,405938311518.0,345331921976.0,64380853154.0,78845043645.0,-5517129003.0,3290210346.0,-3818613031.0,5293037955.0
006220,제주은행,CFS,,,,,6583200000000.0,6798450000000.0,535814000000.0,521854000000.0,,,,,4416000000.0,6751000000.0
006260,LS,CFS,11414938000000.0,11461292000000.0,8545499000000.0,8504994000000.0,11312464000000.0,11363417000000.0,6355331000000.0,5893939000000.0,6013860000000.0,3787534000000.0,226243000000.0,179852000000.0,63965000000.0,486767000000.0
006280,녹십자,CFS,1125594488350.0,980437888875.0,877662273901.0,540738447304.0,1125709078692.0,958895150180.0,1552042856794.0,1566641931089.0,439350043803.0,459667544674.0,32754430038.0,48751685240.0,18253929214.0,42420149001.0
006340,대원전선,CFS,201946829152.0,200914428407.0,136786444952.0,142834595591.0,147517425258.0,154359646720.0,97727217993.0,91598885754.0,124224614904.0,124824756701.0,3494984125.0,-1247118366.0,2294102732.0,-544576124.0
006345,대원전선우,,,,,,,,,,,,,,,
006360,GS건설,CFS,10121499732330.0,9411595104509.0,9163405206060.0,8205470645448.0,12942831801039.0,11590413888307.0,5170947330633.0,5356202808591.0,3107516808054.0,2953054618211.0,60151231029.0,125087295274.0,11622059278.0,160413450580.0
006370,대구백화점,CFS,37136534111.0,23612147066.0,141495972960.0,189455589257.0,273463099088.0,238926889458.0,207398827452.0,231420373088.0,15613180070.0,17786071018.0,-3795323988.0,-4426127056.0,-8354441338.0,-6524446375.0
006380,카프로,CFS,42881747921.0,94426176556.0,177815990526.0,167024554287.0,236479020617.0,275602853303.0,-9030406963.0,26602738377.0,3804152640.0,94676359320.0,-7244656458.0,-34417119876.0,-9641873060.0,-28951105912.0
006400,삼성SDI,CFS,9879255030970.0,9651702375329.0,9091773124392.0,8006938827488.0,14322743369797.0,13040023014999.0,19224015324975.0,17217502156128.0,5948108273682.0,5367961148872.0,496003670489.0,565880336828.0,622352721763.0,638298117668.0
006405,삼성SDI우,,,,,,,,,,,,,,,
006490,프리티,CFS,35708080961.0,28777159014.0,39398055213.0,37180120332.0,40838371717.0,38132316932.0,66563332830.0,63051467155.0,24210036299.0,19546444746.0,-362144312.0,220528116.0,-1659747534.0,-717540141.0
006570,대림통상,CFS,102390309212.0,97249047327.0,89578518614.0,79560377493.0,107347025830.0,91462722734.0,73592466428.0,80329895891.0,34338150286.0,44670822275.0,-1768305385.0,1033979195.0,-1912245413.0,2141359283.0
006650,대한유화,CFS,493936963960.0,460924908665.0,245934961254.0,222554203689.0,337316739909.0,333880102156.0,1829381628257.0,1861952413767.0,666242760283.0,472659486128.0,18770233953.0,-60086188995.0,17343661641.0,-38749705399.0
006660,삼성공조,CFS,221970623337.0,201631943530.0,39680818953.0,41011848299.0,47729982955.0,49783880589.0,270426369137.0,258870910592.0,29491056489.0,23425957430.0,368173691.0,605523635.0,2524872390.0,4071467955.0
006740,블루산업개발,CFS,67326758897.0,54442061424.0,20675484249.0,17277788385.0,78932803363.0,67139875786.0,127525522957.0,136530503860.0,22125602438.0,25493785440.0,-311434144.0,1398486424.0,3025552796.0,1075770883.0
006800,미래에셋증권,CFS,,,,,117316558825623.0,95852875159122.0,11493729193715.0,11099314721113.0,4572790231629.0,6455650074172.0,,,76875480492.0,109434053094.0
006805,미래에셋증권우,,,,,,,,,,,,,,,
00680K,미래에셋증권2우B,,,,,,,,,,,,,,,
006840,AK홀딩스,CFS,1654758496363.0,1578818308431.0,2571711879542.0,2366670547012.0,3883571212531.0,3721996781791.0,1357730273905.0,1282338179603.0,1140234261752.0,975374761483.0,67669965426.0,-34356005655.0,20135915733.0,-29554940544.0
006880,신송홀딩스,CFS,40379030316.0,33746274549.0,76353753208.0,56054142465.0,150302028138.0,146219644364.0,97109043666.0,96131077029.0,37826637596.0,66745495761.0,2137915403.0,2696259251.0,1368798805.0,3058043210.0
006890,태경케미컬,CFS,70311705640.0,66162897988.0,14916412274.0,11658373087.0,23765677041.0,20054166298.0,160312530574.0,147337732507.0,19471409244.0,15409991652.0,6002207119.0,2914151388.0,4629572114.0,2844619659.0
006980,우성,CFS,251793610694.0,255997620670.0,219892412203.0,213958999643.0,242375605763.0,228737289473.0,174628002262.0,173231983536.0,159877865806.0,166594741084.0,1760104456.0,-843109557.0,-343042101.0,-11625822640.0
007070,GS리테일,CFS,1575156619183.0,1366113278315.0,2562670923650.0,2173617697970.0,5528589387050.0,5412417744683.0,4517926997080.0,4420005380162.0,3090217971652.0,2955989753958.0,126764817356.0,87636237855.0,71918075738.0,40164203930.0
007110,일신석재,CFS,43718892043.0,61470485884.0,33129632778.0,50872603656.0,43320990369.0,60940446850.0,55436978995.0,55227417237.0,16367291424.0,36814979721.0,228404709.0,295135410.0,-56839540.0,137216431.0
007120,미래아이앤지,CFS,17261165037.0,31591856532.0,5716867005.0,4710195322.0,26529767198.0,28061180087.0,70302965747.0,69431663112.0,2380217294.0,2524231646.0,178312655.0,153265156.0,566488394.0,-2264010296.0
007160,사조산업,CFS,333608600048.0,338171210782.0,445486273255.0,429303021755.0,533108301776.0,523375978943.0,650738325319.0,643235999248.0,158476846007.0,172363810747.0,-9700179147.0,14614100165.0,-5192247106.0,12638480694.0
007210,벽산,CFS,277536548478.0,249903036374.0,220303031855.0,206258902439.0,316775499610.0,299532316523.0,329275207030.0,302287717378.0,158140740474.0,130640843706.0,14080239858.0,4559262279.0,10082625233.0,1210126891.0
007280,한국특강,CFS,278971048393.0,241847071140.0,236140228448.0,217425096298.0,367759517187.0,348575828632.0,222905856351.0,201252575069.0,183846821652.0,179584031433.0,8144994374.0,4692471468.0,3408625309.0,1093491549.0
007310,오뚜기,CFS,1570908272326.0,1482195978641.0,1005106137155.0,1219292102728.0,1547257703926.0,1622240967893.0,2049396884148.0,1947519891175.0,908706193314.0,821554933177.0,82986868922.0,44235668377.0,54805378711.0,25591464493.0
007340,DN오토모티브,CFS,1742126793902.0,1775650459528.0,1337705711930.0,1358459213708.0,3221133480321.0,3460082191971.0,1334443486026.0,1131508559775.0,801303448393.0,848769101628.0,120551710638.0,138791448715.0,55911752152.0,83838536330.0
007460,에이프로젠,CFS,185617309401.0,211577633197.0,147556450487.0,89933338793.0,166805722542.0,138850905278.0,430369323021.0,461002376463.0,39857787119.0,27680660184.0,-23384133609.0,-33127517278.0,-30655145384.0,-13480021333.0
007540,샘표,CFS,180464853870.0,205815950899.0,101423943710.0,97359029055.0,131442019901.0,138655949073.0,328680095221.0,327263957987.0,104443072826.0,100610979383.0,4094958471.0,5142691865.0,4658018633.0,5705773008.0
007570,일양약품,CFS,176056234805.0,200727509088.0,197272538288.0,186859385509.0,217673621207.0,206331142487.0,271550161792.0,291854094170.0,100630595386.0,113852938088.0,7947455270.0,13023975534.0,5282514070.0,11489420976.0
007575,일양약품우,,,,,,,,,,,,,,,
007590,동방아그로,CFS,180835606234.0,161786671545.0,57928027508.0,53872484126.0,75926964159.0,65704820709.0,164147321022.0,150823208669.0,17165850671.0,16152934192.0,-2730465480.0,-3907535802.0,-2039407402.0,-5311373498.0
007610,선도전기,CFS,51416060134.0,51579796063.0,64526464844.0,64665133861.0,70599607614.0,71539960318.0,53253783516.0,60199397627.0,24833979598.0,29578136991.0,-4940347647.0,-10496251472.0,-5931579010.0,-11360917000.0
007660,이수페타시스,CFS,377857581873.0,373857465832.0,278739438350.0,286000684042.0,337305606868.0,323686082261.0,259450700439.0,222328078478.0,166214488345.0,170719685927.0,13164953582.0,34325074521.0,8216036321.0,32185545996.0
007690,국도화학,CFS,758545610141.0,746044369391.0,597865192797.0,494386760683.0,727839085554.0,640905700204.0,853721605731.0,858187958399.0,315594986646.0,386813541531.0,-2243712994.0,13468423752.0,-3735268499.0,14478655499.0
007700,F&F홀딩스,CFS,820041748006.0,705796956109.0,478649087970.0,582270616838.0,636926629970.0,706086461438.0,3105150425936.0,2889031983175.0,496072197206.0,443564587697.0,141959006749.0,129784081342.0,113323970666.0,104528535028.0
007810,코리아써키트,CFS,560891461534.0,558131417900.0,249048074417.0,298814701543.0,541797388088.0,541835924394.0,731706449669.0,751612622707.0,350313808200.0,434172176101.0,-1073030802.0,39759713465.0,2207539175.0,36110236801.0
007815,코리아써우,,,,,,,,,,,,,,,
00781K,코리아써키트2우B,,,,,,,,,,,,,,,
007860,서연,CFS,1417727398341.0,1156476041727.0,1393110119232.0,1105073851122.0,1676366921372.0,1319636711049.0,1216036557561.0,1003906635884.0,1029632422830.0,800334379998.0,76499013396.0,43402707147.0,75044942613.0,76424083878.0
007980,TP,CFS,382366570460.0,351971143041.0,362665380002.0,368426159787.0,540306598802.0,519858775950.0,218612755333.0,201367566907.0,306247689776.0,373766832368.0,29277481656.0,42405543581.0,16640237555.0,18743582412.0
008040,사조동아원,CFS,237107872133.0,230815046192.0,237209051918.0,245773663699.0,244148186900.0,250702675272.0,243874869270.0,230971048179.0,173320621381.0,176432876665.0,11140405379.0,5723516552.0,7042968377.0,-14736826943.0
008060,대덕,CFS,785933146174.0,803618533878.0,226818773832.0,319681860612.0,327512889852.0,419083389342.0,1487406635187.0,1484267679739.0,336481884684.0,445896356729.0,1755276679.0,66857213970.0,7400914032.0,70712984949.0
00806K,대덕1우,,,,,,,,,,,,,,,
008250,이건산업,CFS,147862486418.0,133882562867.0,160909807524.0,134406680961.0,255579572946.0,242273569536.0,199939585791.0,200553363778.0,77984695307.0,83691522266.0,53453130.0,4668261552.0,-3207032717.0,1132080124.0
008260,NI스틸,CFS,169248507334.0,117828393920.0,196462369864.0,176853500421.0,224516509266.0,209249322708.0,228435487364.0,188195320194.0,85523538109.0,88868035518.0,,,12494818733.0,11316568169.0
008350,남선알미늄,CFS,166898865112.0,134740291615.0,75818427941.0,49056022687.0,119027315782.0,94558342251.0,311962207324.0,306636801620.0,77663188842.0,63853259177.0,390270502.0,-318077512.0,-458339470.0,1691805503.0
008355,남선알미우,,,,,,,,,,,,,,,
008420,문배철강,CFS,50925024822.0,60235180840.0,35508470486.0,33283391174.0,42264856700.0,39013430441.0,182773740384.0,167893428008.0,39353686949.0,47358934383.0,-505870835.0,-778844226.0,4662833515.0,3359669525.0
008490,서흥,CFS,454178726266.0,399896261499.0,455611141399.0,281268559520.0,534733592310.0,456694418262.0,485579052638.0,469724117636.0,152305795447.0,167613803989.0,9439168346.0,18874025247.0,1056666201.0,18035944220.0
008600,윌비스,CFS,195754519304.0,191591300133.0,156532034194.0,147789291424.0,192213328286.0,172118972213.0,113097781713.0,98275749591.0,53767485988.0,56499543658.0,404536075.0,-2480108390.0,-2966335707.0,-5081639004.0
008700,아남전자,CFS,139651979.0,163760061.0,99916326.0,130774309.0,104749718.0,136362680.0,82006048.0,77284993.0,80486186.0,106138918.0,4248057.0,4198307.0,3388140.0,2660150.0
008730,율촌화학,CFS,221558921973.0,237341571056.0,261285720069.0,139456750168.0,340417054392.0,319324397285.0,319290056964.0,333811755335.0,115737169714.0,120424145007.0,-4364984334.0,-5397397551.0,-4350584571.0,-3087849249.0
008770,호텔신라,CFS,1396099398586.0,1478831130035.0,1164107671833.0,1305978509577.0,2369798059564.0,2398761037870.0,666720480488.0,539783949565.0,1011781877382.0,1361820236475.0,7741251809.0,26647597183.0,-3290778901.0,13982706644.0
008775,호텔신라우,,,,,,,,,,,,,,,
008870,금비,CFS,97207043753.0,84705727453.0,88217326800.0,79004754624.0,178616949913.0,173724375999.0,131578773008.0,133589518365.0,64549236265.0,59834062300.0,4288644983.0,1098498946.0,2486191174.0,1172715365.0
008930,한미사이언스,CFS,230904072846.0,245348143574.0,314548550519.0,347726498635.0,354510974249.0,384942964397.0,787212164230.0,724747969785.0,309356996416.0,251893898557.0,35751118097.0,16810450275.0,30793478461.0,15306910381.0
008970,KBI동양철관,CFS,156814196981.0,100077879559.0,141087303623.0,85891476001.0,150707656289.0,94535470493.0,84913473669.0,87958590346.0,59657490792.0,63075394663.0,1261958532.0,2223988170.0,-43446579.0,1802847549.0
009070,KCTC,CFS,199574685067.0,188422824354.0,203221841903.0,221386023288.0,375286393744.0,371680925896.0,281109518627.0,258397700947.0,210817236996.0,230239749027.0,11303124005.0,12588444717.0,8880578738.0,10296933397.0
009140,경인전자,CFS,57200511949.0,54518303281.0,2982098264.0,3117826571.0,4437046168.0,4422682389.0,67698216698.0,63962347912.0,4632599688.0,5567433846.0,-214450307.0,232761719.0,215144675.0,497797466.0
009150,삼성전기,CFS,5133896809576.0,4888318770849.0,2809947601117.0,2525123479970.0,3432757144004.0,3303686219356.0,8063304233996.0,7693484679285.0,2360940580778.0,2383749919890.0,183993259843.0,310964982436.0,164904865610.0,268211442996.0
009155,삼성전기우,,,,,,,,,,,,,,,
009160,SIMPAC,CFS,666086004936.0,576766847975.0,457301474917.0,339349817467.0,477783671916.0,365415682268.0,598503849075.0,599682756591.0,147150320879.0,137218928232.0,3390816413.0,17331501617.0,-288587811.0,8857709504.0
009180,한솔로지스틱스,CFS,185191259941.0,178161791687.0,146794921033.0,156801199996.0,162086235687.0,171990567169.0,121902470204.0,102505681816.0,181243180387.0,254322032806.0,6992873871.0,8544618207.0,5291707115.0,6234366227.0
009190,대양금속,CFS,166734251143.0,148466664448.0,113356818326.0,106391762659.0,210675144014.0,226378022139.0,201751715978.0,174499068905.0,70268585411.0,50571101600.0,-2687047101.0,831699612.0,-4017059653.0,1642398986.0
009200,무림페이퍼,CFS,936227186900.0,990488504312.0,899763098733.0,1017158103808.0,1703738311243.0,1739726817209.0,691574178541.0,689406928779.0,298270570826.0,354563203237.0,2866173804.0,47334150132.0,-7489817609.0,19592182644.0
009240,한샘,CFS,429738294499.0,371956679283.0,525246474956.0,463658975053.0,716566320835.0,654251595301.0,431909629297.0,445427945270.0,480885964222.0,477322547640.0,4918635481.0,-13594254731.0,-13066760511.0,-8072064041.0
009270,신원,CFS,369186812926.0,332378571171.0,263126429089.0,208318649701.0,346510788041.0,284616541652.0,226539423828.0,225508352071.0,232931353556.0,243444739755.0,7051487688.0,8388549777.0,3957232218.0,7783028136.0
009290,광동제약,CFS,679220452185.0,605746753111.0,420351624529.0,353566874753.0,440515209696.0,384977525142.0,571363281081.0,547046233720.0,397835239726.0,377646703796.0,11073063664.0,7734448404.0,9319688178.0,7364653846.0
009310,참엔지니어링,CFS,484847116526.0,490120687958.0,584018530152.0,596874064052.0,671318702528.0,653553594852.0,69305680348.0,86111993721.0,17915731347.0,52942874370.0,-7771277663.0,163804582.0,-6569565918.0,6326612880.0
009320,아진전자부품,CFS,38082993352.0,34389415714.0,54292674580.0,54072412106.0,67937525519.0,65582625898.0,28152421668.0,25658604045.0,25781026522.0,24175307333.0,59242985.0,-370105411.0,-1449012967.0,-1276856467.0
009410,태영건설,CFS,2671189757217.0,2251456331195.0,2180436408478.0,2213048292164.0,4054461900119.0,3582445702772.0,846945672529.0,740862563726.0,746058864226.0,604505734148.0,20634237944.0,2873312762.0,2971691793.0,12021025182.0
009415,태영건설우,,,,,,,,,,,,,,,
009420,한올바이오파마,CFS,110792155867.0,111788673247.0,28965524151.0,28534710402.0,43630316890.0,45194772072.0,197683937537.0,168256460626.0,32969261606.0,29641929655.0,91213520.0,621847967.0,318811865.0,734368005.0
009440,KC그린홀딩스,CFS,463803450313.0,397856970676.0,429777789137.0,430198031170.0,601720598230.0,534872842836.0,273412469017.0,257987835634.0,2030524229.0,1718744212.0,-1657252157.0,3417728650.0,236153339.0,-5900178890.0
009450,경동나비엔,CFS,593604302596.0,523037781853.0,472640618233.0,423564089051.0,532214912096.0,500314843682.0,570165274109.0,517704584690.0,282446416941.0,281197656986.0,22021938054.0,9691003207.0,18649043984.0,19557505987.0
009460,한창제지,CFS,105576475510.0,103712969664.0,108152556217.0,97228594589.0,196049356358.0,172631641520.0,91005580156.0,110430809643.0,69249272330.0,49194330013.0,-1797705017.0,-843151456.0,-3470868273.0,-1303509821.0
009470,삼화전기,CFS,88964375187.0,86861007970.0,38030391818.0,40571460686.0,47926327219.0,50062914992.0,96201889120.0,89052354790.0,46789976337.0,55137338945.0,1061157550.0,3172871175.0,515714550.0,1433691825.0
009540,HD한국조선해양,CFS,18479102480000.0,15775914217000.0,17756633107000.0,15033482523000.0,20615316695000.0,17571346490000.0,12618269821000.0,12312129810000.0,5011205861000.0,4264415329000.0,68957352000.0,188736283000.0,345892185000.0,315831627000.0
009580,무림P&P,CFS,579240327009.0,606630104461.0,493774645683.0,590302744262.0,958174139805.0,941368622014.0,649386549073.0,662689180761.0,176123589726.0,220595089938.0,-6088405440.0,33908694987.0,-10331100634.0,17658160243.0
009680,모토닉,CFS,380588384900.0,371947222503.0,27703274003.0,29573642756.0,33795088919.0,33436780037.0,439789936593.0,430657381135.0,59197048949.0,54011939751.0,2958102340.0,3552053197.0,8008935645.0,4722114389.0
009770,삼정펄프,CFS,153197706010.0,135234131351.0,19881339799.0,19018631757.0,22850989756.0,19657538379.0,224797550916.0,213006280261.0,42141322476.0,44123941259.0,420326059.0,641888019.0,4011251554.0,-1351138234.0
009810,플레이그램,CFS,151895877885.0,169102620939.0,72130053267.0,109789303274.0,80882091449.0,120092720408.0,208745646450.0,183550609564.0,51568011764.0,48142711959.0,-171942911.0,-1675483545.0,-7423278599.0,-9836450850.0
009830,한화솔루션,CFS,9115949095378.0,8573295434667.0,6754136312406.0,6808491430423.0,15427880977610.0,13934972874351.0,9538531740170.0,9896911559334.0,2925846376110.0,3239793261144.0,98337044680.0,336830946904.0,20594757938.0,138575617256.0
009835,한화솔루션우,,,,,,,,,,,,,,,
009900,명신산업,CFS,639741772644.0,562797781474.0,321855135078.0,375289532166.0,509690418738.0,545467699718.0,518492333568.0,383799554377.0,394722605614.0,414022229718.0,40736767074.0,36399007801.0,25914909735.0,34076042016.0
009970,영원무역홀딩스,CFS,4234452391967.0,3589462887266.0,1283195826238.0,937917047917.0,1843423231538.0,1503556312790.0,4463794967919.0,3986663398394.0,1050906442402.0,1225514396594.0,201060255002.0,296284692064.0,187941442231.0,284283210269.0
010040,한국내화,CFS,130584769323.0,128344613909.0,88837566356.0,68407611103.0,115807974429.0,105655719304.0,220941410922.0,220343121783.0,103690681749.0,84028701527.0,3547125292.0,508238745.0,2575840969.0,560349652.0
010060,OCI홀딩스,CFS,3886211561000.0,4110803927000.0,884568180000.0,1577971429000.0,2027272370000.0,2734136888000.0,3892097760000.0,4011397366000.0,690258453000.0,773235584000.0,130754213000.0,226156759000.0,114428182000.0,237285088000.0
010100,한국무브넥스,CFS,552321524379.0,465324219954.0,467870605255.0,456203652874.0,555896678777.0,498148853006.0,350961357872.0,301245283297.0,377881012482.0,356995588340.0,11571638916.0,13277323632.0,15053670375.0,20885364668.0
010120,LS ELECTRIC,CFS,2615642341167.0,2341252236663.0,1524916768659.0,1390210307038.0,2004709446853.0,1773513972232.0,1685272845746.0,1549291005666.0,1022561078073.0,838944075326.0,70124186638.0,60741151184.0,40596993103.0,13780422590.0
010130,고려아연,CFS,5746256770580.0,6071090869900.0,1891666925672.0,2319116608598.0,2391586773059.0,2866186242426.0,9561805719911.0,9231732116548.0,2293239505769.0,2744459217925.0,160419187852.0,150650059589.0,77771958323.0,70305066973.0
010140,삼성중공업,CFS,10617374155323.0,8411943463061.0,11443466111238.0,9216046809137.0,12727072699251.0,10919760587958.0,3872126222998.0,3571937396906.0,2025430336171.0,1400129051864.0,75874288927.0,-167918800731.0,35579325016.0,-201617513504.0
010400,우진아이엔에스,CFS,62168807595.0,65371218289.0,15234714495.0,16929725111.0,16148585166.0,18022750569.0,95324893189.0,93608634447.0,27885957958.0,23268305988.0,-249702121.0,-1458350712.0,2292569181.0,10385577.0
010580,에스엠벡셀,CFS,39846749305.0,85269627983.0,25830218616.0,77048365816.0,31807401170.0,82605052368.0,75526573977.0,66976244003.0,36564820706.0,33371086836.0,642860758.0,-80271437.0,438361649.0,1931615766.0
010640,진양폴리,CFS,12060067693.0,11294653591.0,9666614461.0,7993269672.0,20582916412.0,15374877852.0,31541837413.0,30709642807.0,13710656078.0,12557755548.0,1208836018.0,587861587.0,964605306.0,627491804.0
010660,화천기계,CFS,67419711436.0,78152492874.0,26175729037.0,32134347538.0,27163664505.0,32602283746.0,129200843313.0,128824747667.0,35448684321.0,44161085712.0,-1536539241.0,-286696529.0,-622902650.0,1643774476.0
010690,화신,CFS,662752908074.0,548104713599.0,599075029455.0,541172902992.0,692796088698.0,647757403677.0,454588622139.0,356863590822.0,443283718191.0,457063227948.0,21982578886.0,29812165169.0,22272021260.0,42284284129.0
010770,평화홀딩스,CFS,334652663568.0,288646083401.0,410572251801.0,366545852396.0,465180537490.0,435879831455.0,134846317102.0,122490583776.0,202198329251.0,191957796590.0,5850397969.0,1066578055.0,598935052.0,5259959840.0
010780,아이에스동서,CFS,2541232187195.0,2207827121057.0,1553333637776.0,1659038405092.0,2426264549742.0,2131652333747.0,1824682602877.0,1606134122300.0,441555366268.0,590531516840.0,74327854563.0,90894474986.0,32204595475.0,56761793130.0
010820,퍼스텍,CFS,151069901544.0,102843974656.0,180284963309.0,119575891323.0,211752509466.0,154647754948.0,60271853219.0,56662192603.0,38134787992.0,34952707567.0,-135921393.0,-148529727.0,-503835463.0,-1250782519.0
010950,S-Oil,CFS,10450579000000.0,9205981000000.0,9298465000000.0,8213158000000.0,12849172000000.0,11129666000000.0,8899426000000.0,8483469000000.0,8999555000000.0,11122615000000.0,858880000000.0,511662000000.0,545440000000.0,-9593000000.0
010955,S-Oil우,,,,,,,,,,,,,,,
010960,삼호개발,CFS,179250028575.0,146333598697.0,69754198231.0,49462682948.0,82369794927.0,63537093441.0,226953177719.0,218855768768.0,85419770482.0,76198654404.0,4389583290.0,2793751989.0,5013733128.0,2940218097.0
011000,진원생명과학,CFS,36202783490.0,73063156234.0,25802231493.0,33835688340.0,33052232201.0,41395394097.0,158346611660.0,181471292500.0,11725972657.0,12547976533.0,-11827130211.0,-7223343851.0,-11557503004.0,-7904282485.0
011070,LG이노텍,CFS,5669594790601.0,4713796330744.0,4602626411090.0,4270416742099.0,7057821503742.0,5527824867091.0,4442997989399.0,4265792959339.0,4763581195309.0,5387374991647.0,183430623977.0,444799269267.0,129098412083.0,302068363472.0
011090,에넥스,CFS,59924716047.0,70384780920.0,59002874405.0,64002853397.0,86808812566.0,83739059135.0,36703767250.0,44341097207.0,53664472659.0,53726550277.0,-1786355042.0,-5493554171.0,-2348505948.0,-4660626744.0
011150,CJ씨푸드,CFS,52443925358.0,60241701121.0,47645956850.0,63686192032.0,51527980250.0,67719807379.0,77224501921.0,75689279256.0,37694642777.0,38129118372.0,995050043.0,495103959.0,2057698451.0,1147253278.0
011155,CJ씨푸드1우,,,,,,,,,,,,,,,
011170,롯데케미칼,CFS,10846475600992.0,9466179970506.0,7019114394504.0,6384043035475.0,12848249587875.0,9520345523797.0,20108437136816.0,17264242286783.0,4815652870911.0,5503621818509.0,28082997465.0,-451254416800.0,32774188705.0,-31067746405.0
011200,HMM,CFS,13284594000000.0,14280104000000.0,2011465000000.0,2051767000000.0,4455904000000.0,5285543000000.0,22075104000000.0,20781115000000.0,2126599000000.0,5106233000000.0,75816000000.0,2600445000000.0,95413000000.0,2614087000000.0
011210,현대위아,CFS,4020662000000.0,4267463000000.0,2327315000000.0,2410435000000.0,3377887000000.0,3812800000000.0,3800574000000.0,3733651000000.0,2099012000000.0,2080301000000.0,68320000000.0,55735000000.0,19272000000.0,-10614000000.0
011230,삼화전자,CFS,14490771634.0,17696955462.0,38226009809.0,37687214131.0,52439020703.0,51007477621.0,12738227750.0,17734815364.0,8203852213.0,11849308888.0,-1647026260.0,-838238865.0,-1777375476.0,-1365611108.0
011280,태림포장,CFS,180239263405.0,171430957662.0,221539024591.0,186309618375.0,325568508658.0,284710005647.0,372392145789.0,366507769408.0,177874680089.0,199688536012.0,5335072855.0,8186244242.0,3650349476.0,5617708208.0
011300,우성머티리얼스,CFS,53439826719.0,40698351561.0,83632731971.0,66989388325.0,114342294140.0,101656694244.0,22183737008.0,22215807636.0,14189765582.0,17400038282.0,-5451005216.0,-2599184205.0,-6365961532.0,-4528002640.0
011330,유니켐,CFS,74917650636.0,83203990276.0,337744402188.0,272487900951.0,360323283136.0,295710101541.0,159581490011.0,139168128994.0,31412585309.0,25540114569.0,-3037366467.0,764878375.0,-5007313535.0,-187952678.0
011390,부산산업,CFS,78072702423.0,61778892132.0,52498127417.0,36243580254.0,67596329005.0,52615151179.0,86400997537.0,82063775142.0,33153614037.0,38786408952.0,2089751585.0,1936971051.0,1830287107.0,1591795648.0
011420,갤럭시아에스엠,CFS,24212095303.0,13797756968.0,8465427649.0,24169577522.0,9534906274.0,24529479896.0,48740595817.0,33333531632.0,8585918351.0,7163102025.0,1737946025.0,961552565.0,1835768569.0,1001100143.0
011500,한농화성,CFS,95748629700.0,104679892589.0,28913605272.0,31932042519.0,75066188547.0,72824106640.0,161735827076.0,152591076184.0,52894378112.0,49716717098.0,44969830.0,41984112.0,-7842862567.0,776018972.0
011690,와이투솔루션,CFS,93656203128.0,89013981094.0,26220284406.0,40215347329.0,30616936422.0,44107169231.0,101494578829.0,82499822092.0,39207496648.0,40854181692.0,1057139316.0,1674501279.0,-108228135.0,4115086003.0
011700,한신기계,CFS,74245155342.0,73783151826.0,21825368872.0,21936666117.0,23189578558.0,22775323313.0,93457932306.0,92946406445.0,15617492780.0,12647066288.0,1090659317.0,-89654045.0,1868663267.0,830402876.0
011760,현대코퍼레이션,CFS,1364486069793.0,1235214844762.0,1070364930461.0,977251924327.0,1480683972478.0,1394707519478.0,497998181099.0,436594282075.0,1688023572189.0,1705723430267.0,26822707817.0,22928294073.0,22146152325.0,49222073755.0
011780,금호석유화학,CFS,2753672979104.0,2743638365732.0,1592167376669.0,1462781190709.0,2207022434740.0,2065857046026.0,5734396980765.0,5653415177596.0,1507018131314.0,1887176582999.0,84198712253.0,230458606819.0,103666345353.0,210819225459.0
011785,금호석유화학우,,,,,,,,,,,,,,,
011790,SKC,CFS,1904069615606.0,2526145050706.0,1585193030021.0,1870885565853.0,4005090720362.0,4151241803700.0,2344613276200.0,2241850761208.0,550580527428.0,819077573110.0,-44663274491.0,37518751960.0,-65361750506.0,-9930838724.0
011810,STX,CFS,316384000000.0,465066000000.0,442213000000.0,541861000000.0,471946000000.0,639377000000.0,102394000000.0,102407000000.0,173787000000.0,208660000000.0,-5423000000.0,-16956000000.0,-7800000000.0,-11029000000.0
011930,신성이엔지,CFS,255222083392.0,250730389825.0,244640070385.0,256892817231.0,346902173214.0,366385474629.0,225068438826.0,211169770649.0,129467778098.0,155643047460.0,-3227231468.0,7805518381.0,-590842477.0,6166685165.0
012030,DB,CFS,149551140276.0,114707456228.0,102302920593.0,110484852478.0,140631540263.0,129333891166.0,372745142953.0,284983493606.0,113342194240.0,102092822243.0,13830955779.0,6707564252.0,11764016892.0,6505880186.0
0120G0,삼양바이오팜,,,,,,,,,,,,,,,
012160,영흥,CFS,258764328259.0,273435838538.0,262558708437.0,258920495495.0,324460111806.0,337528199498.0,189767835641.0,198156295843.0,133880094735.0,167721902061.0,2544575086.0,1707913179.0,-840030228.0,1184491934.0
012170,아센디오,CFS,35250915708.0,48796748867.0,27255169958.0,21086467111.0,28390316289.0,40888846326.0,23384876157.0,32269679091.0,3694622376.0,5242847207.0,-1422451217.0,-1437423312.0,-7402049761.0,-2453484033.0
012200,계양전기,CFS,170709019062.0,154643823757.0,117613583775.0,131941547098.0,122389081286.0,169633025975.0,127823755369.0,127921529428.0,96460248620.0,90859585726.0,-982697648.0,-1583506477.0,-536481464.0,56574316.0
012205,계양전기우,,,,,,,,,,,,,,,
012280,영화금속,CFS,110916983534.0,113565734719.0,106765425113.0,118508610032.0,143268136523.0,158037883342.0,66595533547.0,62701053016.0,73669404348.0,75962416803.0,1580829167.0,-1247018551.0,1605665650.0,446376025.0
012320,경동인베스트,CFS,194629182265.0,238353577485.0,72860829190.0,65544892616.0,141404307772.0,136105199735.0,456879716298.0,450708397884.0,71688229626.0,67325846918.0,-3936447394.0,-1826909110.0,-2140579076.0,-1537964965.0
012330,현대모비스,CFS,26218285000000.0,25659721000000.0,12204220000000.0,11476170000000.0,18370959000000.0,17599066000000.0,40444502000000.0,37807632000000.0,14230244000000.0,13295532000000.0,690208000000.0,575958000000.0,998113000000.0,559946000000.0
012450,한화에어로스페이스,CFS,9584133064327.0,8507711423519.0,11444919939840.0,8222937467473.0,14414760937939.0,11233518424948.0,4654561640728.0,3918309618351.0,1981455997869.0,1511578238715.0,114668319163.0,63389564942.0,6720214011.0,87342510245.0
012510,더존비즈온,CFS,143084278289.0,143916992480.0,405277769678.0,137740832182.0,413970466467.0,394392969092.0,432978819469.0,438499756772.0,84559172870.0,77437518528.0,14916068847.0,11484158010.0,7619399232.0,7481255062.0
012610,경인양행,CFS,277081522047.0,263604207552.0,242855004558.0,214042008855.0,305808300032.0,282098495707.0,258930087734.0,266154503356.0,84055344893.0,86940156076.0,-1873528957.0,4906302632.0,-2759015672.0,1840262830.0
012630,HDC,CFS,6273929985428.0,6762367303826.0,3727092224907.0,4356654859253.0,6389791652721.0,6759502438861.0,4923985642060.0,4832838799122.0,1460005087674.0,1166779426024.0,100172563105.0,88276651494.0,80407330487.0,31961968469.0
012690,모나리자,CFS,47482674017.0,37112904348.0,15964596506.0,17942328556.0,18063066208.0,20179158794.0,79771975924.0,77615217380.0,31471824527.0,29932185468.0,1513272938.0,391339530.0,1131576053.0,261311555.0
0126Z0,삼성에피스홀딩스,,,,,,,,,,,,,,,
012750,에스원,CFS,1015682918188.0,950422185740.0,446607667437.0,444737224516.0,551066565831.0,552669332935.0,1571117960852.0,1522989262567.0,645437337393.0,621869485998.0,53509765345.0,55446303131.0,42434094463.0,41790539746.0
012800,대창,CFS,503465781810.0,526440439454.0,452552219095.0,401660729113.0,561260030489.0,563437643167.0,255047911703.0,276716175313.0,335015805937.0,327931112831.0,-3508195425.0,-12392761408.0,-10395693177.0,-20748337183.0
013000,세우글로벌,CFS,47713682328.0,44255370613.0,6335204683.0,4010331521.0,6413585227.0,4030128778.0,48226252549.0,45858591763.0,9899850746.0,6966691968.0,766340874.0,478941852.0,1025058185.0,977401090.0
013360,일성건설,CFS,228951824155.0,219850373057.0,263061003422.0,215195990150.0,306192391355.0,292815448269.0,122917344611.0,120486549061.0,149028425594.0,119156795671.0,1512043214.0,261291483.0,554182922.0,6636557989.0
013520,화승코퍼레이션,CFS,650121212683.0,627474797470.0,764907941080.0,806733242379.0,912589813330.0,926620108676.0,285230400054.0,250597989684.0,103112305436.0,42823174595.0,25669338055.0,17298414677.0,14165285400.0,22071011789.0
013570,디와이,CFS,588545872925.0,537055426753.0,342504779181.0,319588490731.0,400904214708.0,356698974017.0,532508709332.0,504384058940.0,292325339304.0,278033714334.0,8901410206.0,11265472131.0,5731846721.0,8548843114.0
013580,계룡건설,CFS,1804259302082.0,1703568860436.0,1394723706219.0,1342285677004.0,1855139439819.0,1757274727927.0,825817552394.0,802753933081.0,730488147897.0,726279195839.0,14677162348.0,32827815871.0,3082966767.0,16652743452.0
013700,까뮤이앤씨,CFS,100506491354.0,72079767443.0,101994188711.0,88669890181.0,140168647506.0,116341805653.0,81386102941.0,79147588250.0,72516577197.0,44338115933.0,2122908250.0,1715819868.0,772058830.0,1046642781.0
013870,지엠비코리아,CFS,327064506152.0,294436675311.0,278983775193.0,248081704876.0,316057267048.0,282988578972.0,273958353575.0,267831024004.0,173040825767.0,154977983898.0,5056160541.0,-2598554554.0,1882426115.0,866492192.0
013890,지누스,CFS,641469243664.0,685770417986.0,344785451682.0,391306390941.0,438114504096.0,488663623143.0,648800285497.0,626157267727.0,221480384955.0,286204117442.0,3161874205.0,10580346311.0,1332897943.0,11673078831.0
014130,한익스프레스,CFS,149989596007.0,143504295660.0,188983845658.0,176636027467.0,299145476774.0,302592347580.0,104015682343.0,105354618725.0,165049189983.0,229012355847.0,3268673962.0,7815210565.0,,
014160,대영포장,CFS,79287068197.0,100263704907.0,37102680510.0,69518889154.0,47369752056.0,80340610405.0,174589717506.0,167016272894.0,70672886648.0,75143190580.0,3204123164.0,4087050561.0,2628734452.0,3398696186.0
014280,금강공업,CFS,466982734185.0,443511158509.0,539718495372.0,523650509725.0,665532888108.0,646587484981.0,472914469758.0,448214310434.0,211036440632.0,177648709320.0,18935768093.0,6451487146.0,14986223534.0,38132899788.0
014285,금강공업우,,,,,,,,,,,,,,,
014440,영보화학,CFS,73407627129.0,75676481194.0,14394939797.0,21644258116.0,14434471420.0,22013068492.0,161326332141.0,158436328623.0,22101527714.0,21148288862.0,156610148.0,1787819722.0,407423936.0,1232603049.0
014530,극동유화,CFS,189240594518.0,169686700343.0,156542889316.0,127554547499.0,197034584027.0,147759136082.0,213229758103.0,205316910692.0,293850892276.0,321311116425.0,7253976798.0,9793888294.0,4512445828.0,9389439665.0
014580,태경비케이,CFS,149466505306.0,146184796631.0,67099992366.0,75674736765.0,89482504604.0,96292879506.0,288171538316.0,264947299130.0,79483958455.0,97598226350.0,11352422103.0,8486723788.0,8523386180.0,6397201839.0
014680,한솔케미칼,CFS,391416925172.0,386120253270.0,266477547380.0,153669789765.0,428451851701.0,400814014226.0,925783217766.0,852496588410.0,188272850266.0,216016145849.0,35583686541.0,45728872956.0,30290994104.0,37662618008.0
014710,사조씨푸드,CFS,82160822676.0,99491937054.0,99735672092.0,97974738285.0,113024912788.0,111544268866.0,223085862912.0,239156185753.0,47819540791.0,54583959415.0,-8702378912.0,2920596796.0,-5528289583.0,-1332662002.0
014790,HL D&I,CFS,974065825088.0,766565951434.0,959725952979.0,679492692355.0,1454960888872.0,1240232282310.0,441542088560.0,427189513189.0,411537217601.0,357237054489.0,10733506716.0,-6770624984.0,7829405939.0,-9711318196.0
014820,동원시스템즈,CFS,602412612224.0,550242849405.0,517910247702.0,420866461449.0,791242999788.0,722040384353.0,768879831743.0,729629597917.0,315157352872.0,391776555520.0,23351464527.0,25014314396.0,21043850621.0,18798419276.0
014825,동원시스템즈우,,,,,,,,,,,,,,,
014830,유니드,CFS,600199573371.0,848804647592.0,346192074720.0,542047732288.0,385519095160.0,587712511772.0,897306928532.0,901552165745.0,250706482116.0,393164621339.0,802015037.0,46918359524.0,-1815347325.0,32917453181.0
014910,성문전자,CFS,33375929135.0,38264060991.0,23736209672.0,23919722900.0,24286564392.0,25167616319.0,37090580268.0,32073699343.0,8493710193.0,11408893409.0,-66747985.0,174857710.0,116020906.0,1299427525.0
014915,성문전자우,,,,,,,,,,,,,,,
014990,인디에프,CFS,43745641429.0,54812308324.0,62759335425.0,72805809780.0,73687478324.0,81801083054.0,34213605183.0,37944084318.0,27782780241.0,29232890241.0,-1852235701.0,-3210665880.0,-2485825995.0,-4032708998.0
015020,이스타코,CFS,17843224158.0,19768810730.0,29398452776.0,31094510237.0,34237159239.0,34487215492.0,43835063230.0,45304145559.0,1902053627.0,2021849324.0,-393403027.0,-191508019.0,-701851295.0,-436411129.0
015230,대창단조,CFS,244422069581.0,230719006603.0,49905222265.0,61283024353.0,83585569741.0,95831169725.0,273451589636.0,242397320483.0,85087287462.0,107643103746.0,10635881180.0,12845420946.0,8007330677.0,12557301629.0
015260,에이엔피,CFS,44996001115.0,47611035041.0,60198491913.0,57564189592.0,70101552123.0,76747049774.0,30200024070.0,30052140226.0,35576830292.0,30451868552.0,-303397406.0,-1941759307.0,-2023287758.0,971412060.0
015360,INVENI,CFS,293580423000.0,600113682000.0,311135400000.0,670344420000.0,631287321000.0,971855140000.0,528880496000.0,519538661000.0,200224530000.0,216090837000.0,6530106000.0,-2193984000.0,2024990000.0,-4365276000.0
015590,DKME,CFS,132365305502.0,130896715204.0,70065582447.0,79957946686.0,73105408886.0,82860308311.0,129185523167.0,109826948997.0,31027084559.0,28232154340.0,963070835.0,5099396198.0,3622332575.0,8227828448.0
015760,한국전력,CFS,28975245000000.0,29750545000000.0,51521999000000.0,44518577000000.0,204062845000000.0,192804738000000.0,36181463000000.0,42000256000000.0,24469974000000.0,19772958000000.0,1996572000000.0,-7530941000000.0,833285000000.0,-5884213000000.0
015860,일진홀딩스,CFS,949988075979.0,891510804843.0,499364617678.0,463109692059.0,711017330976.0,678227620427.0,936640813679.0,907886898757.0,341132042079.0,328933860401.0,14285978577.0,9563868001.0,14439395522.0,7402245171.0
015890,태경산업,CFS,280780965763.0,273420877779.0,168878180252.0,180874995740.0,194510417829.0,204202010453.0,446226810671.0,420836852104.0,166620108936.0,197587231354.0,10890990180.0,14095261460.0,8247270451.0,11093136076.0
016090,대현,CFS,164623472613.0,160793659166.0,51943081442.0,50808069220.0,56902518161.0,54998741748.0,250476148207.0,242651078659.0,55406194883.0,61840252865.0,2001824514.0,5187740979.0,2433308702.0,5117203850.0
016360,삼성증권,CFS,,,,,50389084077584.0,47652352674387.0,6649266717872.0,6195908342795.0,,,,,151012315908.0,123452208433.0
016380,KG스틸,CFS,1283076831606.0,1016802407111.0,724565391800.0,648409557265.0,1400404103383.0,1361342496584.0,1828967482292.0,1690164830079.0,884924604540.0,952830625658.0,80184983348.0,75709937481.0,57412607562.0,42207159602.0
016450,한세예스24홀딩스,CFS,1019616252238.0,1110802442650.0,1019496936767.0,1055290548647.0,1156075740542.0,1205446231945.0,839624682293.0,831517509175.0,746155637739.0,838992888847.0,57882897057.0,54405676384.0,33287781986.0,10466862677.0
016580,환인제약,CFS,210109408815.0,197421514501.0,36076098794.0,31750479508.0,40203648897.0,35446435977.0,350495645892.0,333928125494.0,58841217058.0,49360471989.0,7784878159.0,7137053169.0,6343678142.0,4753415819.0
016590,신대양제지,CFS,328264392159.0,330075836941.0,120868605340.0,157468802943.0,188191164871.0,227229978192.0,691317806197.0,657299911642.0,159205585032.0,170230100078.0,13671191927.0,12710801538.0,17453304302.0,16256325810.0
016610,DB증권,CFS,,,,,8975163391279.0,8710072105027.0,1073099823591.0,1047298189421.0,241335704037.0,487076870181.0,,,7627368163.0,1744885711.0
016710,대성홀딩스,CFS,367870145308.0,521682900507.0,361623351803.0,496194551524.0,527814089578.0,786541938665.0,553403228015.0,604804139153.0,169095442802.0,196001095516.0,-12237012672.0,-13074719742.0,-7241125231.0,-15139872134.0
016740,두올,CFS,316568946971.0,296934612669.0,206502272628.0,213171947750.0,264834503312.0,263998120328.0,216161038490.0,198173169886.0,180473636863.0,140524797492.0,9733357374.0,1762198773.0,3513136867.0,180306190.0
016800,퍼시스,CFS,223585839961.0,215710486345.0,56164363075.0,65902722142.0,61309856607.0,71851940711.0,516167254251.0,472952597361.0,84170836465.0,85788307414.0,9939881577.0,8816577127.0,18862494937.0,6829258537.0
016880,웅진,CFS,452580823254.0,481290449369.0,632357054354.0,728792255569.0,846227015218.0,868253314371.0,227133239698.0,226164473393.0,252110117792.0,268203253011.0,10911880640.0,20001327592.0,5111166027.0,11320440282.0
017040,광명전기,CFS,108942929976.0,107721627777.0,53185808279.0,49661800189.0,58364973508.0,53307671271.0,121353741515.0,118870745862.0,39496715761.0,30301279165.0,487416618.0,301319529.0,615540263.0,655967305.0
017180,명문제약,CFS,81113596067.0,70706927709.0,114000684649.0,110821453501.0,143132152917.0,135182358858.0,93895598365.0,95267464101.0,43208269841.0,36876554228.0,-113045796.0,945896392.0,-991443745.0,110119894.0
017370,우신시스템,CFS,244619371542.0,150779319919.0,266641355679.0,178058326845.0,275268057415.0,192467200303.0,103224228712.0,90048515305.0,64791672345.0,76951728144.0,8629732183.0,11673840180.0,7025639580.0,11717852375.0
017390,서울가스,CFS,702247832580.0,1062951374975.0,187475051808.0,557406644342.0,445530398021.0,818373686144.0,1070255982257.0,1052968760901.0,184450204948.0,200297939204.0,-16696877350.0,-14895833383.0,-7533592555.0,-8551189843.0
017550,수산세보틱스,CFS,165348775287.0,155944008621.0,100061037143.0,116508261814.0,108682811764.0,123182486960.0,170377850054.0,138548648213.0,47700296535.0,75231796507.0,2281815040.0,10584356253.0,1663218739.0,11138126277.0
017670,SK텔레콤,CFS,6614589000000.0,7219196000000.0,6526181000000.0,8046541000000.0,17507717000000.0,19153066000000.0,12371550000000.0,12155196000000.0,4402610000000.0,4343447000000.0,497962000000.0,465571000000.0,308237000000.0,245606000000.0
017800,현대엘리베이터,CFS,1267677202229.0,1096309420548.0,1194185762153.0,1222898677886.0,2007451357949.0,1847719039348.0,1420146889165.0,1166752024073.0,680184516939.0,546550176012.0,42448711020.0,8899483390.0,40019282398.0,-15700146491.0
017810,풀무원,CFS,767551937505.0,752345560481.0,963754971138.0,892669610735.0,1571321743514.0,1502570984984.0,535925490049.0,546646770252.0,746058076691.0,754374250823.0,21897970923.0,14113374198.0,7179677748.0,8720573837.0
017860,DS단석,,,,,,,,,,,,,,,
017900,광전자,CFS,127054646676.0,124433720602.0,14821906773.0,16592154606.0,18195903230.0,20234706018.0,227737494508.0,227620600680.0,31912248799.0,35654790356.0,-885310064.0,490525561.0,1028309771.0,4830879913.0
017940,E1,CFS,2050980223856.0,1930286688911.0,2240159024740.0,1711123011938.0,2934352269887.0,2829299481251.0,1707695452602.0,1510355704256.0,1839483009732.0,2015351575744.0,-14436170829.0,127892678649.0,27443775877.0,20340792418.0
017960,한국카본,CFS,400684728902.0,289163544215.0,267544139540.0,156336842968.0,318693074757.0,181165801047.0,476312890495.0,404167834363.0,155652764948.0,114027687491.0,4614303454.0,11984764226.0,-1060236636.0,-847813921.0
018250,애경산업,CFS,292200251227.0,275603610012.0,117599531285.0,116975836193.0,125880089641.0,123665920018.0,382219988865.0,358973695336.0,173903927247.0,161651080263.0,18354586219.0,15227568490.0,12760205788.0,13024574603.0
018260,삼성에스디에스,CFS,8083684784700.0,8005764371670.0,2212675117180.0,2493322920021.0,3185360022243.0,3485454954575.0,8933154512301.0,8466969934914.0,3208060364091.0,4198077332988.0,193041540467.0,185014983141.0,176566224612.0,400729303184.0
018470,조일알미늄,CFS,245064901571.0,215659159961.0,165919962876.0,164284251035.0,203965114325.0,180767713986.0,191706245433.0,186912876356.0,115586207552.0,124800222570.0,1615315821.0,-5920974371.0,100182864.0,-6290213618.0
018500,동원모빌리티,CFS,172998666053.0,185219830046.0,245795512593.0,303611966575.0,373121126935.0,398156987777.0,104003760069.0,89710533157.0,143549471354.0,132282073012.0,10319888784.0,434793562.0,3617000275.0,-246930991.0
018670,SK가스,CFS,2359656091704.0,2581339370870.0,1251632964334.0,1742517071826.0,3276892967036.0,3490881745324.0,2568119668872.0,2340895146247.0,1720146558455.0,1841498474533.0,57660757738.0,65880908197.0,125448863528.0,-37496383471.0
018880,한온시스템,CFS,3987269301413.0,4194764703068.0,3667142528279.0,4021078315367.0,6816617225868.0,6728917210972.0,2646644299560.0,2369866116572.0,2327353818406.0,2195554361421.0,20287455378.0,61758703755.0,-42367931247.0,19061886201.0
019170,신풍제약,CFS,214698045831.0,196541780854.0,72386155182.0,27167237503.0,76020806522.0,30777770605.0,307408024113.0,330758287691.0,49134364105.0,53377082942.0,-10875210463.0,-14194870467.0,-8023842469.0,-9301540431.0
019175,신풍제약우,,,,,,,,,,,,,,,
019180,티에이치엔,CFS,211290322975.0,188883233062.0,202425780557.0,194765622089.0,286636545552.0,279919564485.0,120860720777.0,91434393027.0,137869854999.0,117768490823.0,9843459183.0,7739095261.0,9487333845.0,8851513481.0
019490,엑시큐어하이트론,CFS,26796688530.0,4113497588.0,2971766045.0,2732120543.0,21513648783.0,3650178295.0,8432429340.0,3232600328.0,2087716638.0,1480560192.0,-2261943154.0,-2902278992.0,-2598494785.0,-1992209272.0
019680,대교,CFS,133407949323.0,125924567674.0,217524235403.0,176442427157.0,299792045568.0,262333648796.0,375722927911.0,404390139876.0,161540325403.0,170389221296.0,-6845682138.0,-10657331929.0,-10384651053.0,-9136460652.0
019685,대교우B,,,,,,,,,,,,,,,
020000,한섬,CFS,914601738696.0,1031083371680.0,356334302291.0,288910944267.0,436132428894.0,348223076669.0,,,324101392054.0,341442168952.0,8792085844.0,32618031401.0,5436269837.0,20888712972.0
020120,키다리스튜디오,CFS,128717294258.0,130418120361.0,81236303642.0,75836738214.0,107865237469.0,104145178065.0,265944317637.0,274624032843.0,42514268307.0,37491866614.0,-3066840028.0,-878952934.0,-2959558789.0,-21589901.0
020150,롯데에너지머티리얼즈,CFS,1387347590553.0,1436348000822.0,303087227653.0,176543818151.0,447921636572.0,440193361462.0,1983765570822.0,1990086440415.0,217671724682.0,169696051570.0,3035130777.0,22864397963.0,6981911274.0,14357695045.0
020560,아시아나항공,CFS,2478433775398.0,2844322554853.0,5701912869364.0,5976436038608.0,12656845062441.0,12739695840901.0,596589633890.0,715645570898.0,2001891219916.0,1677970742112.0,199486654094.0,199470169846.0,-3628683233.0,-294852838864.0
020760,일진디스플,CFS,30222048777.0,34999130791.0,71881747880.0,80757113949.0,89367174417.0,88372905690.0,29040266173.0,28930664804.0,16310692088.0,26473531222.0,-1011896205.0,608016905.0,-1589035919.0,1160846219.0
021050,서원,CFS,105128326791.0,96417388929.0,121033244980.0,99640406979.0,144747085949.0,129996555577.0,126340883004.0,136236301764.0,54643799327.0,58384428598.0,266280305.0,-3427871594.0,-4284712964.0,-13584774772.0
021240,코웨이,CFS,1488556641252.0,1374501066423.0,1419575837232.0,1130229416371.0,2114931330419.0,2053106158533.0,2580786234593.0,2311968716798.0,1007673617375.0,969751715025.0,195316364175.0,165058504597.0,136973353317.0,113951429814.0
021820,세원정공,CFS,379107089991.0,300912871770.0,101122492669.0,50087988802.0,129923544777.0,77647408546.0,651252549114.0,551184435761.0,36928731137.0,27096987046.0,3649612207.0,-1507282670.0,6584434674.0,1356177748.0
022100,포스코DX,CFS,577482742688.0,603491896789.0,321169152761.0,431131515113.0,327737627782.0,437601276125.0,464870132981.0,413992509859.0,354537701301.0,239482743056.0,32181962462.0,16981279235.0,26281294391.0,14941504516.0
023000,삼원강재,CFS,186027395223.0,172700064210.0,54482422994.0,58632016361.0,58419033569.0,62909269440.0,240716465053.0,230780833592.0,92846134439.0,94110812416.0,6203818837.0,3543612306.0,6146938736.0,4463935160.0
023150,MH에탄올,CFS,54423877802.0,52735464686.0,189264629676.0,190941543396.0,344877542995.0,352042676901.0,98961714066.0,95397727490.0,25849863087.0,27115361067.0,4016015084.0,2120937070.0,2062006243.0,148802153.0
023350,한국종합기술,CFS,167564296929.0,123548693270.0,194607385687.0,157452646955.0,230777353684.0,183900047649.0,147544877190.0,148795312079.0,83892532477.0,68898484955.0,188855434.0,1415240514.0,86917020.0,1457554604.0
023450,동남합성,CFS,39612830270.0,28224880226.0,34589897923.0,26081722394.0,56817728242.0,42058880063.0,51946366718.0,50026346067.0,40490403061.0,48007049806.0,2285770066.0,3543769898.0,1558450510.0,3362700133.0
023530,롯데쇼핑,CFS,5965382536764.0,6179514075813.0,10723218120961.0,10622585640821.0,20056776893307.0,20668459087068.0,11010931552665.0,11035116786002.0,3739121259541.0,4013287250418.0,142036762784.0,150050456942.0,61797396236.0,-95129893779.0
023590,다우기술,CFS,43418619633851.0,41023415125846.0,42726625230587.0,41130104856236.0,46496039585850.0,44071595509884.0,5779558788774.0,5188413232629.0,2175604866699.0,2747644774884.0,290894482976.0,197328307632.0,233452244979.0,171087217512.0
023800,인지컨트롤스,CFS,238313658480.0,228677683897.0,317424435287.0,305509469084.0,454827295239.0,400688873530.0,227289357545.0,206221596799.0,170319146305.0,146933240788.0,7502652845.0,4747525735.0,7251010260.0,4501734114.0
023810,인팩,CFS,200122779738.0,187859476408.0,244836013460.0,210046621229.0,324262941923.0,273499292804.0,152869215137.0,137664892084.0,134131615810.0,127735372518.0,8373325081.0,4696528450.0,,
023960,에쓰씨엔지니어링,CFS,50463980519.0,52925045646.0,50560864452.0,54587759245.0,62380775634.0,65881041288.0,41308405928.0,40625484092.0,34564673492.0,29925119338.0,-739571255.0,312140618.0,-1158997270.0,2115893351.0
024070,WISCOM,CFS,56865289789.0,68374203571.0,14225966052.0,14870292725.0,15123817616.0,15926877005.0,111708798295.0,112576389418.0,28929782808.0,28506620981.0,-56847517.0,-969842861.0,213033659.0,-839862112.0
024090,디씨엠,CFS,148721647273.0,178218851906.0,33048930208.0,30402368437.0,35698502904.0,41595073602.0,239741172707.0,265361249006.0,53732481013.0,43558442003.0,3285768998.0,493929509.0,-8840920160.0,6862479896.0
024110,기업은행,CFS,,,,,408881773000000.0,401918042000000.0,31099676000000.0,29265092000000.0,,,,,731580000000.0,760277000000.0
024720,콜마홀딩스,CFS,279620142252.0,343129856216.0,329742378958.0,340472867793.0,436435496189.0,418764073414.0,844243857904.0,850337979900.0,154474807794.0,155139808805.0,7349174346.0,7579115563.0,5316465096.0,1447153189.0
024890,대원화성,CFS,80231456892.0,74098320893.0,66480706326.0,62853387965.0,75423713092.0,68456840367.0,61230140214.0,62456606707.0,30321033044.0,37973903355.0,-48065379.0,-8100111.0,-1052899095.0,1023700842.0
024900,디와이덕양,CFS,363979548170.0,329733949818.0,409713241660.0,403210088947.0,443151192368.0,431773772024.0,102855655227.0,88443765005.0,426696893453.0,388972308578.0,5985418115.0,4249354059.0,8504389698.0,5510430187.0
025000,KPX케미칼,CFS,402776673222.0,396993531388.0,156370521009.0,166545010125.0,170344526355.0,181591489347.0,628880551563.0,595186627464.0,231324723316.0,227130118225.0,18485987885.0,8658194168.0,11121805045.0,8544595062.0
025530,SJM홀딩스,CFS,223830494413.0,208120718755.0,44942601054.0,45979873534.0,57908938823.0,65018743060.0,278292776145.0,263147323893.0,51753272665.0,51968585904.0,4646293975.0,5987150802.0,5071402476.0,11412366576.0
025540,한국단자,CFS,719587282141.0,666195440073.0,353478522609.0,347120935873.0,430054596375.0,419492218914.0,933871215257.0,870284236519.0,318522151917.0,290798482540.0,32856813357.0,15929920377.0,26867528921.0,25111730506.0
025560,미래산업,CFS,68747308372.0,75437247350.0,21525501645.0,33854991978.0,25923420613.0,41043553919.0,95017917982.0,93365955717.0,8626163145.0,18015099970.0,1135888592.0,4572776473.0,-34976630.0,5798877115.0
025620,차AI헬스케어,CFS,20624574914.0,22335941315.0,8368799860.0,6418791460.0,8802373716.0,6805876091.0,41063878291.0,41581150535.0,4138228348.0,1382823386.0,-3519547482.0,-2934157174.0,-2244939205.0,-8967180000.0
025750,한솔홈데코,CFS,112151849396.0,108300636690.0,129567341169.0,118712647336.0,172783442773.0,166074493275.0,148048300393.0,153422027364.0,79993346021.0,69865876590.0,200163049.0,-510620082.0,-1343327489.0,-495400220.0
025820,이구산업,CFS,227643032544.0,223408617533.0,197933490551.0,193360556650.0,214637773933.0,209999597611.0,124744306017.0,127212834534.0,110921345355.0,98813495017.0,3164681624.0,-7053932091.0,387677775.0,-7610404899.0
025860,남해화학,CFS,663083041277.0,618408758708.0,414177270716.0,361477738381.0,460932747715.0,380906101431.0,523612192238.0,521990318459.0,331557053433.0,495538179241.0,2130342756.0,14888608552.0,1744878100.0,11057238487.0
025890,한국주강,CFS,17885418604.0,19844244739.0,8353554898.0,12787091333.0,14141483686.0,18273216705.0,32468264554.0,29772005519.0,13682335328.0,11800977721.0,919688705.0,-120099761.0,1253851355.0,-248982072.0
026890,스틱인베스트먼트,CFS,,,,,18562016082.0,21647182087.0,243117628464.0,232302156334.0,17948503876.0,18012375122.0,,,4323390708.0,5161860871.0
026940,부국철강,CFS,105570550303.0,109099706598.0,20242078019.0,27606064056.0,20250078019.0,27614064056.0,132986173602.0,126007939849.0,42800602207.0,48442830144.0,497299224.0,888872724.0,812856389.0,1170423190.0
026960,동서,CFS,845103252215.0,812498508803.0,62430096746.0,67707637636.0,77061853101.0,82302460449.0,1598520758584.0,1545550258853.0,121187084236.0,140451428415.0,10415611258.0,7592967024.0,36132393921.0,18684195522.0
027410,BGF,CFS,434578469568.0,422786609370.0,134474509483.0,71497959445.0,272010088726.0,201490551514.0,1892312268731.0,1736523419389.0,109178394352.0,114049801704.0,23869617560.0,22053935470.0,23835794144.0,19501453431.0
027740,마니커,CFS,54471928469.0,67103491502.0,71962239406.0,88388630337.0,113171584938.0,125649244999.0,45503433063.0,48976891916.0,92121675171.0,89785266207.0,4023266563.0,-3539546800.0,2758544263.0,-4119752998.0
027970,한국제지,CFS,368203488055.0,374470184500.0,266663172709.0,253348298255.0,289182722925.0,259472596932.0,440771525961.0,411123501614.0,175455215333.0,179391902105.0,2472436566.0,5644978094.0,-46159711287.0,-2394326738.0
028050,삼성E&A,CFS,5655525695819.0,5947655470530.0,4037775815716.0,5013013164226.0,4324976622280.0,5271682815759.0,3228408238850.0,2577040406955.0,2478112528383.0,2457940151493.0,153441830862.0,160537673658.0,155897063833.0,162194886415.0
028100,동아지질,CFS,260399178165.0,252481084265.0,136445402535.0,146379277069.0,141311946084.0,150642232281.0,224277332205.0,221639122376.0,84483564630.0,68490747877.0,1689326382.0,-8064675358.0,1879419098.0,-8214603960.0
028260,삼성물산,CFS,19068647384564.0,20312841472941.0,15141084621960.0,16413402987394.0,25539835666863.0,27017371086433.0,36944182123196.0,31964121380517.0,10971189893114.0,11255613169636.0,830371118895.0,796797034465.0,701184891510.0,596838333540.0
02826K,삼성물산우B,,,,,,,,,,,,,,,
028670,팬오션,CFS,1776819000000.0,1834200000000.0,1321409000000.0,1226756000000.0,3166293000000.0,3056338000000.0,4941630000000.0,4492604000000.0,1111597000000.0,1836531000000.0,79465000000.0,224440000000.0,24501000000.0,166804000000.0
029460,케이씨,CFS,462461536542.0,459173328490.0,142647980639.0,161319108918.0,195968301509.0,213860828781.0,847362425433.0,790763082874.0,190296009009.0,239042065627.0,28218815169.0,29778876993.0,27367185856.0,32963524130.0
029530,신도리코,CFS,765996404810.0,759235989185.0,75537670171.0,66999917446.0,95367886426.0,84787666360.0,990360937456.0,953705781160.0,98659141282.0,106457477805.0,6509292704.0,1704311562.0,12398313612.0,21592316028.0
029780,삼성카드,CFS,,,,,21543165080457.0,21733666278870.0,8030425595049.0,7889526594331.0,1021972875207.0,1109423768463.0,,,139456716874.0,140548004873.0
030000,제일기획,CFS,2242564116068.0,2193979019964.0,1295483476246.0,1335642465029.0,1491835541216.0,1530015562245.0,1301672686150.0,1221429565834.0,1078310236463.0,1126054935608.0,93436555256.0,93118478810.0,66226456052.0,64595380321.0
030190,NICE평가정보,CFS,228501787738.0,243660114663.0,97291379015.0,122789700288.0,111847009371.0,139446697557.0,357978731368.0,341644764563.0,118821708038.0,117086246408.0,15905614861.0,15257401277.0,13151658126.0,12950558242.0
030200,KT,CFS,15520681000000.0,12681532000000.0,13478465000000.0,10699268000000.0,25253082000000.0,22565958000000.0,18721690000000.0,18414723000000.0,6697442000000.0,6477201000000.0,321933000000.0,452882000000.0,288302000000.0,326200000000.0
030210,다올투자증권,CFS,,,,,9146830559936.0,8517287853460.0,831010077731.0,986415922987.0,294889573391.0,683087317809.0,,,-40611086059.0,20751952348.0
030610,교보증권,CFS,,,,,13365779276087.0,11855462300592.0,1866574639268.0,1561798196609.0,777196241071.0,1688976803834.0,,,12963587392.0,22233561016.0
030720,동원수산,CFS,90148645086.0,89214425106.0,47089009773.0,31715608035.0,71917975339.0,59216320085.0,52283777104.0,62573282299.0,39862314373.0,45976054688.0,-5928432197.0,2160917773.0,-4604002162.0,2713777788.0
031210,서울보증보험,,,,,,,,,,,,,,,
031430,신세계인터내셔날,CFS,599211836617.0,547064855331.0,337677684003.0,282263660680.0,482956218184.0,445005786973.0,846831141668.0,833676027661.0,315816938752.0,387496432075.0,6016326787.0,24155126001.0,2587543408.0,16268535424.0
031440,신세계푸드,CFS,320524469786.0,337903939358.0,382069896061.0,317890250765.0,568824303785.0,611858315900.0,302372830885.0,292068924157.0,393013383937.0,373234757844.0,7782948841.0,4286935325.0,4435824593.0,-530423632.0
031820,아이티센씨티에스,CFS,371227315273.0,419799819638.0,279674909753.0,331092502383.0,289488954439.0,358528267719.0,210898737400.0,199881163831.0,238118318024.0,182304824116.0,4620439757.0,4740958079.0,7850025976.0,4650834646.0
032350,롯데관광개발,CFS,73520506578.0,61153935710.0,1119510899519.0,1027340540479.0,1669455569026.0,1571088484599.0,104334989071.0,231688109604.0,96773231269.0,48213854465.0,340670921.0,-26987546587.0,-29498810112.0,-67737425453.0
032560,황금에스티,CFS,281055858783.0,253333399264.0,99606090926.0,91455725058.0,117047192601.0,108492130789.0,394023705719.0,373420501177.0,84141216167.0,74182457433.0,5956455482.0,6436858926.0,5682680264.0,7001525535.0
032640,LG유플러스,CFS,5183293000000.0,5043422000000.0,5316986000000.0,4817824000000.0,11621231000000.0,11325133000000.0,8692252000000.0,8449667000000.0,3581077000000.0,3501145000000.0,254260000000.0,285067000000.0,156664000000.0,170830000000.0
032830,삼성생명,CFS,,,,,252422191000000.0,254672143000000.0,44662479000000.0,41562020000000.0,,,,,506663000000.0,239985000000.0
033240,자화전자,CFS,212181685976.0,198960153675.0,182999870949.0,134643572358.0,263025015654.0,162630931615.0,360753432981.0,343157742424.0,107237949575.0,57294259683.0,-14943005623.0,-9595525144.0,-9939391094.0,-6757690468.0
033250,체시스,CFS,22708024540.0,20807672213.0,37991243055.0,35400933976.0,49881497004.0,47279163828.0,26042294497.0,28636024773.0,13631815941.0,8308050219.0,756306998.0,-1586267647.0,495628755.0,-1337943100.0
033270,유나이티드제약,CFS,261854512514.0,224392334130.0,78626215239.0,65880250247.0,95028826723.0,80034380202.0,375885926952.0,337856486362.0,70613351087.0,65757517078.0,16015043012.0,12532862104.0,16849934590.0,23857903362.0
033530,SJG세종,CFS,827970965959.0,750348258794.0,696453594201.0,657081455660.0,796061975733.0,748025818053.0,430101363547.0,401401499584.0,430356269226.0,523860361672.0,9638245582.0,21478782838.0,-1504938040.0,10823050651.0
033780,KT&G,CFS,6661304837435.0,6509584902000.0,2990425066785.0,2527315274128.0,3735457674317.0,2943135752405.0,9193922301335.0,9358580031392.0,1689509561552.0,1624596549580.0,406717127965.0,405611447604.0,333286997748.0,463140138419.0
033920,무학,CFS,340720265079.0,63733624424.0,94799862247.0,120757233358.0,99256196766.0,125178899253.0,525825986154.0,480560895761.0,35759224400.0,36944374701.0,2516322992.0,3810882790.0,2712795476.0,-27186816026.0
034020,두산에너빌리티,CFS,9550625126755.0,8098893728490.0,9197879095995.0,8059455534052.0,13778618465049.0,12969491516052.0,11161300372587.0,10080290283869.0,4154979828838.0,3960324122229.0,311389399906.0,314569098900.0,120356305977.0,144521402375.0
034120,SBS,CFS,742502418404.0,782158059298.0,336042462845.0,306018024781.0,447452669542.0,534612151995.0,898752156291.0,873276544665.0,238361630172.0,259715385186.0,15482804698.0,37959758663.0,15449707122.0,32877904343.0
034220,LG디스플레이,CFS,10506293000000.0,9444035000000.0,14559786000000.0,13961520000000.0,28647540000000.0,24366792000000.0,8890192000000.0,11319227000000.0,4785287000000.0,6771355000000.0,-662080000000.0,-759306000000.0,-775398000000.0,-774031000000.0
034230,파라다이스,CFS,706353314125.0,694517541841.0,545689386720.0,1174093555790.0,1684202264640.0,1826356918264.0,1822126325002.0,1685166887328.0,285582039890.0,189486144893.0,57132695573.0,38348283673.0,43713122667.0,42653295689.0
034310,NICE,CFS,2103719557661.0,1846042760069.0,2046904665343.0,1828895173416.0,2246306107988.0,2058288743565.0,1388407026541.0,1320274777657.0,,,54727094139.0,54909605281.0,27246842599.0,37448881857.0
034590,인천도시가스,CFS,190948361266.0,226533818331.0,103758057405.0,139427669743.0,191237854637.0,223143901928.0,201666019916.0,199999679858.0,118590839799.0,110489819277.0,-2633145365.0,-513350371.0,-1173280397.0,60269500.0
034730,SK,CFS,68881728000000.0,64993579000000.0,65581930000000.0,63053204000000.0,128364598000000.0,122697070000000.0,79311749000000.0,71808790000000.0,33864045000000.0,36201610000000.0,2711975000000.0,1941320000000.0,1379684000000.0,782952000000.0
03473K,SK우,,,,,,,,,,,,,,,
034830,한국토지신탁,CFS,,,,,799691066200.0,693138220332.0,971173423294.0,1024932435292.0,48095958005.0,48869276366.0,,,-2886217199.0,363744680.0
035000,HS애드,CFS,429794386771.0,491665825070.0,292082709003.0,360596175808.0,299616324940.0,368225319769.0,175678804882.0,176568226334.0,116453598121.0,112816411426.0,8032453313.0,3066392832.0,5697820096.0,2645297481.0
035150,백산,CFS,223492936886.0,205877238959.0,146040091125.0,145371470786.0,159077159830.0,158716154786.0,205571574251.0,180157317108.0,115951718674.0,123267553652.0,20134974499.0,17527250751.0,16480594806.0,21349283875.0
035250,강원랜드,CFS,1036807159831.0,1206402286487.0,644411440498.0,687658757348.0,720657261781.0,752374769957.0,3629837872336.0,3415377900739.0,373960286040.0,397573066661.0,91784246975.0,118716039315.0,74127998944.0,74695916568.0
035420,NAVER,CFS,6821495769768.0,6439570710743.0,5993860081969.0,5480633710849.0,11728656358616.0,10448720408685.0,23805118286442.0,23450322480451.0,2445292487206.0,2057332225258.0,380180743422.0,330243307021.0,356206766749.0,231554407593.0
035510,신세계 I&C,CFS,237764565919.0,280868425865.0,66861861716.0,110098377297.0,76212230850.0,118998739571.0,381562425617.0,363935340150.0,147951824959.0,152975172954.0,8621738294.0,7489199867.0,7229406872.0,57425632022.0
035720,카카오,CFS,8695272771351.0,7755732886687.0,6696232633124.0,5148326794720.0,11124868765051.0,9431629284734.0,15660696103271.0,13531862290880.0,,,140296343036.0,150331716201.0,49492746094.0,137161081437.0
036420,콘텐트리중앙,CFS,668452625256.0,659695014090.0,1297619879462.0,1162321109657.0,2020820009681.0,1896426846325.0,605803719780.0,691707121717.0,269038307852.0,204563477877.0,6502179841.0,-14019620941.0,-14397976924.0,-12923255154.0
036460,한국가스공사,CFS,15712529526000.0,25091557359989.0,21681633657168.0,30634566494162.0,46035537457674.0,52014242784013.0,10454629807151.0,10410740312040.0,7889265848742.0,10734323584230.0,230369869556.0,143447930461.0,-162838566197.0,-278185274836.0
036530,SNT홀딩스,CFS,1687750883652.0,1504308243134.0,638441008242.0,562176526997.0,814753021874.0,742131375499.0,1940737101509.0,1816295611122.0,485677105841.0,417724730749.0,48317305465.0,38554366033.0,51112920422.0,61271987144.0
036570,NC,CFS,2385255897995.0,2691079974940.0,638304803917.0,515348529125.0,1173847268896.0,1239083608249.0,3160691521419.0,3198548842532.0,423107586679.0,604232460578.0,16527031132.0,144422046019.0,44004110806.0,182076798788.0
036580,팜스코,CFS,755859920094.0,706573722222.0,904624223887.0,864151912360.0,986453997910.0,945322533351.0,260532558708.0,277851696975.0,457207478743.0,483523457842.0,17634060530.0,5195759750.0,-13035719620.0,-78646938905.0
037270,YG PLUS,CFS,190943917250.0,108897310775.0,76518883743.0,53040646699.0,86083685734.0,81946724778.0,169755572723.0,159425169127.0,59725061600.0,36525250865.0,5166145151.0,2420054721.0,5926823537.0,3215996075.0
037560,LG헬로비전,CFS,502211008056.0,468027206666.0,475068645385.0,449526730717.0,843569862189.0,802491626000.0,,,288651789348.0,325863563717.0,9057667416.0,17975024268.0,7395864474.0,13082135493.0
037710,광주신세계,CFS,248469421233.0,251369526602.0,78895606178.0,94771779386.0,107312995187.0,123544314603.0,812305838984.0,789909736438.0,41061432507.0,44350440275.0,11177517415.0,14296250337.0,11858168133.0,13532914041.0
039130,하나투어,CFS,416516862556.0,270540219474.0,348337047190.0,232758647249.0,471439174272.0,355727792522.0,145420869883.0,99701647938.0,126696887657.0,37445782338.0,13213574906.0,-21803416544.0,16067121038.0,-22166175412.0
039490,키움증권,CFS,,,,,45785977783377.0,43444207177999.0,5127211509098.0,4593093934930.0,2100807284616.0,2672479615146.0,,,204074266147.0,124114184124.0
039570,HDC랩스,CFS,303646101977.0,283879539514.0,112473524974.0,106496163827.0,126055763085.0,122062666858.0,255684868912.0,260516725005.0,154817360068.0,149212989391.0,1878371113.0,71543751.0,2729216012.0,1440379707.0
041650,상신브레이크,CFS,361092731451.0,330261007139.0,324434450193.0,304792526146.0,361417126840.0,346007238334.0,208936861736.0,197589029086.0,150065233988.0,130719248505.0,9312909224.0,6562294637.0,5974579757.0,8039815840.0
042660,한화오션,CFS,8707670131277.0,7822464527787.0,8104192587046.0,10672486378148.0,10595985332353.0,11490693372918.0,2673777829355.0,744971931958.0,1916837192291.0,981451628399.0,74134584559.0,-627818799945.0,231605698046.0,-646627784013.0
042700,한미반도체,CFS,242268998536.0,266177446666.0,41744911912.0,63044830709.0,79146237380.0,65336210199.0,557289550816.0,390096755786.0,31199154510.0,80313448954.0,2902894216.0,32195531281.0,14668122061.0,38698903648.0
044380,주연테크,CFS,38419008089.0,38474690494.0,8667947242.0,6348479239.0,9687294070.0,11699001969.0,38961294847.0,41543323324.0,8971731345.0,13050862885.0,-969126898.0,-2189962062.0,-978623942.0,-2252296937.0
044450,KSS해운,CFS,106050691642.0,82531563889.0,421287922644.0,378619659875.0,1328766805240.0,1252892414726.0,448547789991.0,406280228275.0,113504631506.0,119031261643.0,21386999130.0,17957383482.0,,
044820,코스맥스비티아이,CFS,323903833813.0,300281651101.0,592098471167.0,448910529344.0,649368680751.0,610374632435.0,317163872493.0,325762025027.0,167533899697.0,154265864727.0,7916457665.0,-170019163.0,3061715803.0,-2844120691.0
047040,대우건설,CFS,8226427281724.0,8028170447651.0,5158501655621.0,5406234804776.0,7241707931675.0,7415736590714.0,4100266631885.0,3724617161496.0,2990107869677.0,2520510828864.0,190245751653.0,205489685390.0,109915710486.0,174349778584.0
047050,포스코인터내셔널,CFS,8775096828000.0,7319472229000.0,6419709443000.0,5487439570000.0,10715121640000.0,8118209853000.0,6585632292000.0,4398127078000.0,8045854935000.0,9041217269000.0,311745693000.0,197032838000.0,195199124000.0,112759614000.0
047400,유니온머티리얼,CFS,97147823038.0,95876805140.0,103881206595.0,89226091587.0,125127303752.0,120343646929.0,79032077234.0,83821137932.0,30694276844.0,31206098120.0,-859524849.0,-681959507.0,-1521211167.0,1801993233.0
047810,한국항공우주,CFS,4789206312977.0,5389183373767.0,4706413447895.0,5055361234345.0,5713206274680.0,6319189867558.0,1521484117765.0,1453216825866.0,1007116555474.0,608949026858.0,65380821139.0,30465888410.0,52915647862.0,52160767837.0
049800,우진플라임,CFS,141253784229.0,135404813492.0,159809422682.0,152258099045.0,198716551868.0,182460324751.0,107233903566.0,102784723696.0,50424620563.0,62361740594.0,452718460.0,5832969409.0,113671176.0,6313716096.0
051600,한전KPS,CFS,923731234174.0,868119118284.0,290503640037.0,317589686960.0,301798376008.0,346288975190.0,1265581713054.0,1215733220155.0,332288435853.0,341931480375.0,36416616736.0,31151299923.0,29883639160.0,24109142688.0
051630,진양화학,CFS,5741732487.0,11971607685.0,5563118194.0,6509318619.0,16271495606.0,9828095608.0,33640257332.0,34741191688.0,6042359883.0,7330748318.0,-907619304.0,-17074904.0,-894866498.0,-4446541.0
051900,LG생활건강,CFS,2637121295333.0,2284388637755.0,1267266113973.0,1162757522705.0,1932940622933.0,1834093663954.0,5633412484812.0,5468835988249.0,1746181026542.0,1870345502917.0,128497960202.0,190063223146.0,91273728660.0,127383106685.0
051905,LG생활건강우,,,,,,,,,,,,,,,
051910,LG화학,CFS,30647934000000.0,29674369000000.0,16049924000000.0,16459563000000.0,36134815000000.0,30492696000000.0,41365206000000.0,37481127000000.0,13494826000000.0,13984622000000.0,860426000000.0,911381000000.0,,
051915,LG화학우,,,,,,,,,,,,,,,
052690,한전기술,CFS,467229677437.0,376375665242.0,280167803615.0,244766413418.0,323786217225.0,273089488378.0,553064159098.0,543413813300.0,119368534287.0,108032519991.0,5218906994.0,-779064882.0,4890115778.0,587305253.0
053210,스카이라이프,CFS,412725459295.0,406459413604.0,335187321547.0,274731028041.0,460899599794.0,503764190486.0,884144332901.0,857534120935.0,,,5127365246.0,14139243698.0,2133662243.0,9881022783.0
053690,한미글로벌,CFS,256637818044.0,200297138533.0,118172456644.0,133279908060.0,219221905937.0,178412243082.0,205567393540.0,194647416439.0,102929627144.0,94320307735.0,8306811802.0,8275919955.0,3810784198.0,8758477795.0
055490,테이팩스,CFS,74330432679.0,85225877638.0,42683144834.0,24887249293.0,51134294018.0,49617919916.0,151702536670.0,147966941115.0,35740763927.0,45406744803.0,1301943824.0,8035545629.0,1506115785.0,5591526212.0
055550,신한지주,CFS,,,,,633596642000000.0,611009672000000.0,56416626000000.0,53423558000000.0,,,,,1218825000000.0,1647663000000.0
057050,현대홈쇼핑,CFS,1298372168899.0,1080428355527.0,773825234238.0,676314151644.0,896894265480.0,823288672056.0,2072494531039.0,1958739320129.0,505116549322.0,532070736134.0,16822338276.0,29882709500.0,23933807673.0,40648534626.0
058430,포스코스틸리온,CFS,420424913862.0,400134840380.0,220307392521.0,208843889887.0,223694387121.0,211361071261.0,359692455464.0,343181072027.0,285179559509.0,272241490417.0,10804453483.0,1859392348.0,8832074658.0,-782196419.0
058650,세아홀딩스,CFS,2977601735847.0,2869204337962.0,1695115535620.0,1800640369039.0,2851150864726.0,2915366415560.0,3137594536288.0,3004592489669.0,1520585808273.0,1657048734396.0,43760714407.0,25458112049.0,25241999536.0,15195783707.0
058730,다스코,CFS,199994907103.0,222628996150.0,124869889241.0,137121632100.0,167091548083.0,202891749126.0,151771726328.0,143225920106.0,80824479996.0,85999872317.0,2764443693.0,1538081555.0,877029350.0,-838971695.0
058850,KTcs,CFS,295913519684.0,291063634901.0,170752478117.0,183249589773.0,203457093978.0,224569291252.0,199550489447.0,191576789148.0,269447542156.0,255039843479.0,5589278735.0,8070022296.0,4560198239.0,5967763062.0
058860,KTis,CFS,126143389096.0,102120905227.0,119710620853.0,103697864970.0,243450437161.0,199203706481.0,205653756480.0,197004362809.0,145480599148.0,136072697190.0,3411551469.0,3733337581.0,2195961929.0,3026232523.0
060980,HL홀딩스,CFS,550806707747.0,566303125531.0,736376554672.0,585559869059.0,1270390739735.0,1274667759293.0,1046725106421.0,1005197130550.0,281135203476.0,343960591907.0,-13303553546.0,23434306165.0,-19193306563.0,31632319067.0
062040,산일전기,,,,,,,,,,,,,,,
063160,종근당바이오,CFS,136087019595.0,123464271830.0,87257452190.0,81590584468.0,188590126516.0,164791529446.0,131581887251.0,147799465882.0,42342875577.0,37590983598.0,-5686629181.0,-646048188.0,-6397696301.0,-3500234984.0
064350,현대로템,CFS,3468274440000.0,3318550172000.0,2922445440000.0,2572729120000.0,3359242088000.0,3332399192000.0,1611335142000.0,1491470592000.0,926953039000.0,782523907000.0,41115003000.0,31830773000.0,39951148000.0,32671655000.0
064400,LG씨엔에스,CFS,2689235222000.0,2847939028000.0,1344365253000.0,2005334640000.0,1972611694000.0,2234346463000.0,1720325218000.0,1630788680000.0,1277316660000.0,1167667503000.0,89208570000.0,95344406000.0,63338372000.0,70332323000.0
064960,SNT모티브,CFS,847436755574.0,754907952073.0,298861543726.0,289671925104.0,355762602780.0,346460014011.0,948833250335.0,879026675770.0,276744886402.0,273399174887.0,28857965341.0,28815352190.0,29424584365.0,33411046865.0
066570,LG전자,CFS,32624135000000.0,27488228000000.0,25114951000000.0,22332549000000.0,37677993000000.0,32664144000000.0,24225099000000.0,22491997000000.0,20709340000000.0,21176765000000.0,996660000000.0,746557000000.0,485262000000.0,336431000000.0
066575,LG전자우,,,,,,,,,,,,,,,
066970,엘앤에프,CFS,2919284822800.0,2302551789075.0,2169199376619.0,1287536919484.0,2586507153424.0,1738602594287.0,1396102054826.0,1285330380477.0,1255357977419.0,1242500704860.0,14753811338.0,98651500754.0,56454529207.0,90748486345.0
067830,세이브존I&C,CFS,102900107507.0,108548630955.0,49870056119.0,67473730643.0,92355324124.0,109458880496.0,473050857711.0,464110667801.0,29743133101.0,28979322277.0,198133468.0,464647128.0,1306139384.0,469483457.0
068270,셀트리온,CFS,3395040546834.0,2929792463759.0,1824293822054.0,1294097736489.0,2075037898827.0,1617448041462.0,4480050707435.0,4274204269789.0,672291586724.0,645637433850.0,267629330730.0,213761066890.0,221237550914.0,166871995003.0
068290,삼성출판사,CFS,28598158381.0,42688650350.0,6507330350.0,6848507622.0,35789916317.0,35896218317.0,180559124367.0,175591419259.0,11907565143.0,12543081863.0,-51740848.0,-315994942.0,1538107034.0,7330191729.0
069260,TKG휴켐스,CFS,503602108377.0,514165803486.0,180022438326.0,156580123016.0,227608409883.0,201162048671.0,819815788860.0,740190826513.0,236985964608.0,351765392350.0,30453115375.0,36402028015.0,29308439484.0,29078319829.0
069460,대호에이엘,CFS,85778500399.0,92919003799.0,47074421686.0,73769193265.0,55069125345.0,81391435646.0,97517228761.0,75624871230.0,44179810321.0,41240396753.0,973915710.0,1834370086.0,160716557.0,-593830741.0
069620,대웅제약,CFS,596136437690.0,548968363658.0,653406909479.0,472831460366.0,853873712676.0,822117616379.0,855227486780.0,741222997333.0,340899763085.0,331893492032.0,29381130313.0,30099058909.0,15250021344.0,21200288531.0
069640,한세엠케이,CFS,155219855218.0,163580974815.0,173195940757.0,171255785967.0,190654770391.0,186180876919.0,96126027347.0,38628827359.0,63025919370.0,76768328546.0,-2523700799.0,-5387004477.0,-3788343257.0,-7877087769.0
069730,DSR제강,CFS,108311574028.0,127187045613.0,59425242500.0,71887478691.0,64327247265.0,76302600310.0,190351532700.0,183095556612.0,51834039327.0,66074648748.0,5721703881.0,7109919246.0,-4124819987.0,8016870871.0
069960,현대백화점,CFS,3370994134000.0,3115547999000.0,3888406636000.0,3660251198000.0,5763677884000.0,5702018783000.0,6507921624000.0,6367230872000.0,1004236661000.0,1372128257000.0,73978187000.0,92225305000.0,62895945000.0,69269345000.0
070960,모나용평,CFS,232754605321.0,136438734752.0,368383209569.0,237587420373.0,586204422395.0,490578387042.0,378340116899.0,377707477145.0,51881392920.0,38715012703.0,7226123030.0,5272366310.0,3622523454.0,1332265425.0
071050,한국금융지주,CFS,,,,,88019196397492.0,78602833042174.0,8475921290130.0,7705741114588.0,5449015834294.0,8730317663953.0,,,212188538961.0,166855271291.0
071055,한국금융지주우,,,,,,,,,,,,,,,
071090,하이스틸,CFS,115385060466.0,126766299783.0,87056586296.0,92989182233.0,132038090933.0,143503167006.0,149626879606.0,148952923097.0,70373949315.0,95991439380.0,1737165645.0,2913389069.0,1383585956.0,4370916432.0
071320,지역난방공사,CFS,473341156960.0,1119357783538.0,1591230290703.0,1995956430903.0,5386822671293.0,5811126778301.0,1733192713442.0,1667003101357.0,607336687738.0,710814566143.0,-44372289579.0,-57435398069.0,-46194893341.0,-7239291919.0
071840,롯데하이마트,CFS,705032849393.0,658469714445.0,640644137926.0,763903865017.0,1130618705828.0,1168922511871.0,1303188664391.0,1295296562364.0,725864549728.0,873805899706.0,36243747534.0,686449962.0,27050284384.0,-370294908056.0
071950,코아스,CFS,28540021919.0,30927207710.0,49762354039.0,50790972728.0,56487344915.0,58375881363.0,15852419039.0,17870243546.0,15564083396.0,19517065909.0,-7961577.0,-122783472.0,-396397559.0,-366611135.0
071970,HD현대마린엔진,CFS,174809621044.0,165093772307.0,194973752381.0,184789558770.0,233607055475.0,224154879957.0,195794694253.0,192136113895.0,69355948400.0,31915484740.0,6592218227.0,5396751288.0,-244544093.0,12429721927.0
072130,유엔젤,CFS,28930879814.0,35544007776.0,4695625525.0,5219751195.0,6967465150.0,7242894540.0,53476365567.0,53780737043.0,9126779556.0,7937091940.0,-580711639.0,590567281.0,-323869153.0,2428721165.0
072710,농심홀딩스,CFS,380855134504.0,249773988834.0,372221165762.0,249036398908.0,433299549436.0,311863433252.0,1130254211722.0,1077267430845.0,190871764616.0,163815723067.0,23751710569.0,11144794966.0,20539554652.0,8826369256.0
073240,금호타이어,CFS,1937387474757.0,1764940163323.0,1921182457255.0,2342835848721.0,3539230571792.0,3450429792209.0,1364259474563.0,1244555611275.0,977540185245.0,977588916749.0,96233994893.0,2319759983.0,33409878618.0,-33721705816.0
074610,이엔플러스,CFS,71115224337.0,57415297536.0,77924562206.0,54988092370.0,78767649953.0,55540873039.0,41593849734.0,64786770329.0,2717699490.0,5326847960.0,-5260831845.0,-4966252682.0,-703613407.0,-6254212619.0
075180,새론오토모티브,CFS,152267916621.0,149093964941.0,25354344796.0,22533193757.0,28843307502.0,26237446966.0,234015006406.0,229972314823.0,36104280195.0,35155903590.0,-606032484.0,-1807940966.0,2049226008.0,7028269255.0
075580,세진중공업,CFS,126481929678.0,154824317452.0,265825431409.0,245938218461.0,332476158678.0,342503861017.0,212083663582.0,209345312736.0,81986965282.0,79905004241.0,-6647742084.0,4600405404.0,3244721361.0,4196201751.0
077500,유니퀘스트,CFS,593351936431.0,397107859468.0,429666155369.0,259498772647.0,430017808218.0,262882234237.0,219592057057.0,347841183941.0,162638076284.0,175182034202.0,8745856611.0,10491069685.0,7628158447.0,12758797089.0
077970,STX엔진,CFS,446925000000.0,468460000000.0,525406000000.0,539906000000.0,582290000000.0,593143000000.0,259004000000.0,260245000000.0,138535000000.0,137416000000.0,1884000000.0,1266000000.0,-202000000.0,-6365000000.0
078000,텔코웨어,CFS,74052207522.0,88389298441.0,5760677915.0,17895877859.0,8152193973.0,20552807021.0,111091796453.0,111521033992.0,9857426150.0,8426262464.0,149715396.0,-579266472.0,812924867.0,-265545989.0
078520,에이블씨엔씨,CFS,139843527703.0,122000890479.0,102781392372.0,60523173688.0,122844618293.0,79356396676.0,87475265435.0,116075360229.0,65322111547.0,58654701830.0,1346618728.0,595470150.0,1175616055.0,2224083114.0
078930,GS,CFS,5776972000000.0,5978612000000.0,6312525000000.0,6527808000000.0,16798514000000.0,17434432000000.0,17614450000000.0,16487810000000.0,6486293000000.0,7402950000000.0,1219267000000.0,1353310000000.0,699970000000.0,560631000000.0
078935,GS우,,,,,,,,,,,,,,,
079160,CJ CGV,CFS,971781220024.0,682681904094.0,1366262917345.0,1238638115169.0,3118781249114.0,3208379045793.0,589586220771.0,393089340695.0,,,30526617028.0,7718181019.0,14556430668.0,-38313088802.0
079430,현대리바트,CFS,530911658807.0,452085667414.0,453378853929.0,374995667877.0,489697373786.0,415626223927.0,433407077982.0,438533106520.0,396614251864.0,364281711336.0,1248807658.0,510131677.0,-116079768.0,630532232.0
079550,LIG디펜스앤에어로스페이스,CFS,2064332713691.0,1822951227868.0,2124150313471.0,1899456288192.0,2307760990222.0,2077548155320.0,1026798642408.0,935179067809.0,535975129134.0,695542451379.0,41058594950.0,58344102057.0,33862596344.0,75501724354.0
079900,전진건설로봇,,,,,,,,,,,,,,,
079980,휴비스,CFS,306216820407.0,280186390814.0,332811798241.0,289591977541.0,492935344684.0,412487679943.0,335308836951.0,381271947564.0,236691462206.0,247237127124.0,-12351528408.0,-20899628080.0,-13201620430.0,-21373075163.0
081000,일진다이아,CFS,480880203490.0,482564983960.0,41992617636.0,45177478662.0,66479524866.0,71340431456.0,533687711044.0,527965220351.0,39036249559.0,47433477821.0,-1082314060.0,-915686033.0,2242259558.0,2345583378.0
081660,미스토홀딩스,CFS,2281543666985.0,2293320102517.0,1615440070313.0,1092677843044.0,2371162050126.0,2247238042986.0,2712447207008.0,2574563334802.0,990192251176.0,1079543749126.0,-4144663281.0,-2956342665.0,-6690000834.0,8084293444.0
082640,동양생명,CFS,,,,,27637658461132.0,30006997132947.0,3227823087367.0,4859589804127.0,,,,,11078435214.0,54968043041.0
082740,한화엔진,CFS,611065178514.0,471073549323.0,596934072283.0,498756380835.0,888244405154.0,734604466698.0,225608375005.0,221625827940.0,187637168971.0,175722691007.0,1084349467.0,517576181.0,-2347381979.0,2278079602.0
083420,그린케미칼,CFS,81294510939.0,93549310437.0,69653458735.0,67888815687.0,75489705875.0,74168153281.0,120617239355.0,122477181787.0,69981162481.0,73669721818.0,1385322312.0,3214815188.0,1670041147.0,3318522394.0
084010,대한제강,CFS,645548025156.0,745924997777.0,264580618328.0,390488522073.0,286879449780.0,422049932807.0,823900284582.0,798446876859.0,307117296746.0,429330030177.0,24212266463.0,28849697886.0,18035905429.0,24531721806.0
084670,동양고속,CFS,17784397758.0,17607060819.0,75090068277.0,77580062177.0,97985386041.0,90255923833.0,72237325303.0,75242450320.0,30521270376.0,27765460342.0,129620539.0,-1799335561.0,-271935425.0,-1761058966.0
084680,이월드,CFS,40220964565.0,46776319544.0,153450555849.0,123652911198.0,179599590649.0,185352588241.0,246635052246.0,246352426459.0,25535621330.0,28469269897.0,723466806.0,2285720728.0,-1258693695.0,900820270.0
084690,대상홀딩스,CFS,2304172505956.0,2099794475095.0,1396612821430.0,1312750489105.0,2664346004248.0,2460226574943.0,1627610603131.0,1555100873867.0,1408577435484.0,1360468348125.0,36043212108.0,45467007157.0,12440088284.0,6327950266.0
084695,대상홀딩스우,,,,,,,,,,,,,,,
084870,TBH글로벌,CFS,80900391728.0,83592436433.0,43081118916.0,46335440247.0,50979249027.0,52145159202.0,62979543542.0,60182472482.0,39254426121.0,41726174796.0,-967435123.0,-665672517.0,-1167969589.0,1967235951.0
085310,엔케이,CFS,75977763651.0,85643414298.0,24954348688.0,40936876556.0,46352560541.0,57514392119.0,133590395024.0,128231542792.0,17348665276.0,18451559219.0,-2017142483.0,169522713.0,4820643998.0,2652015147.0
085620,미래에셋생명,CFS,,,,,29198963191711.0,30954564227888.0,3013329119750.0,4086946927729.0,,,,,60391310894.0,49956101263.0
086280,현대글로비스,CFS,8899214095252.0,8181858080896.0,4591381777258.0,4343758217774.0,7156206037967.0,6998172212338.0,7591624172228.0,6879612287958.0,6330132579465.0,7014133621531.0,384236710800.0,478061458654.0,246006924684.0,236273480405.0
086790,하나금융지주,CFS,,,,,561392434000000.0,530975132000000.0,40407005000000.0,37628148000000.0,,,,,963370000000.0,1139187000000.0
088350,한화생명,CFS,,,,,123322015134192.0,126615799732826.0,16893015563811.0,19694680831192.0,,,,,35677762412.0,533711697777.0
088790,진도,CFS,73656135287.0,74702031477.0,25571868554.0,23708931283.0,26758868554.0,25027285482.0,102502674900.0,104173494389.0,9194769095.0,11582442497.0,-414706227.0,454898666.0,-554758715.0,-172983822.0
089470,HDC현대EP,CFS,412915455552.0,394001263744.0,231371139978.0,205485758775.0,283424335093.0,289863741271.0,333277646806.0,313466475616.0,248968724659.0,264948835607.0,10029028791.0,5389043025.0,6567687724.0,3653454125.0
089590,제주항공,CFS,584079278047.0,563875752137.0,978710947773.0,854616060690.0,1525703126883.0,1357023834316.0,322547718139.0,306620204261.0,443369247528.0,195711797543.0,48204881825.0,-61570637223.0,31032378009.0,-67584020870.0
089860,롯데렌탈,CFS,1088075582614.0,1114873306797.0,2506008358974.0,2332932577432.0,4782493642699.0,4946497235880.0,1177802632717.0,1100852103756.0,,,687332823888.0,717681314968.0,39654423066.0,-6792487255.0
090080,평화산업,CFS,160824697179.0,140723346138.0,171323644207.0,143913923052.0,207549329873.0,195168304315.0,45986554535.0,41432301802.0,140550741058.0,130252316841.0,4316689209.0,600037994.0,3680295381.0,-1763366332.0
090350,노루페인트,CFS,341130756594.0,308281426153.0,263021640675.0,217385647823.0,314698017568.0,315503885865.0,380228713803.0,352673416288.0,195492972446.0,185749706939.0,14365392626.0,7942596878.0,11255970745.0,7396565613.0
090355,노루페인트우,,,,,,,,,,,,,,,
090370,메타랩스,CFS,13341416868.0,29548680677.0,7234680996.0,8845996179.0,24166644914.0,11129379056.0,80551714672.0,78887374616.0,5060305211.0,4728023783.0,-1304885484.0,-1070289009.0,-624190667.0,-1615078952.0
090430,아모레퍼시픽,CFS,1837587432815.0,1735019347862.0,800884953157.0,831116935949.0,985959656002.0,1022508074100.0,4876695042331.0,4779275104059.0,888832482657.0,936411432151.0,17253435444.0,18804243476.0,26643196702.0,21807350707.0
090435,아모레퍼시픽우,,,,,,,,,,,,,,,
090460,비에이치,CFS,584993995751.0,529238911435.0,430437103692.0,412054834185.0,449855935146.0,429340136571.0,644898130299.0,577975229499.0,456071903351.0,473229320514.0,50811945324.0,59028663075.0,48336780933.0,66953174771.0
091810,트리니티항공,CFS,420478489288.0,240567964178.0,468707676439.0,411247105427.0,1118542948736.0,983093107924.0,136685423415.0,59402782636.0,345061251448.0,158428842781.0,34626114983.0,-32289264881.0,15138761175.0,-57253808637.0
092200,디아이씨,CFS,279183338506.0,259062264516.0,399543814586.0,436115678244.0,509930705520.0,504681102341.0,164628102039.0,143552471804.0,173453200111.0,170729604507.0,9997281988.0,6646289950.0,6221986995.0,3258859165.0
092220,KEC,CFS,237566810218.0,165155822486.0,70185059962.0,76334029383.0,92387297820.0,96489867891.0,377513970983.0,304646644633.0,52107443850.0,61377812009.0,-6553518264.0,1289492153.0,-4736995634.0,3313028432.0
092230,KPX홀딩스,CFS,806620358493.0,712440592151.0,350018528509.0,385145633327.0,447954156431.0,448980401917.0,1439076062328.0,1370913400737.0,310111954068.0,297848376491.0,20809375459.0,11962038680.0,5262659202.0,39523236642.0
092440,기신정기,CFS,120929401929.0,121666512856.0,12744724018.0,12916892376.0,13923315313.0,13999939722.0,249856086268.0,251146199319.0,33808119956.0,38298295100.0,971386213.0,2913761049.0,1070311567.0,2450904537.0
092780,DYP,CFS,203178231024.0,195354574191.0,215661360842.0,180512934178.0,251662202234.0,249740813399.0,134677083672.0,124525221103.0,107571481594.0,104870102078.0,1697008103.0,2885939399.0,1906781361.0,4271626115.0
092790,넥스틸,CFS,333470738307.0,287366485555.0,180465904311.0,230370423611.0,234888206470.0,302747491634.0,424041377828.0,285264825396.0,66707940232.0,163495294367.0,-3107504663.0,53425024985.0,-23641319.0,49218598435.0
093050,LF,CFS,1338113376176.0,1345770117110.0,739311784266.0,742787794617.0,990852911135.0,927192269932.0,1679514368808.0,1656848106538.0,416861974279.0,434657455599.0,14455366711.0,29833406362.0,23890996379.0,25002592042.0
093240,형지엘리트,CFS,66484941856.0,62186943491.0,34096060210.0,25323796690.0,49563361864.0,41486677550.0,68479906296.0,67738955474.0,23176432270.0,37357171944.0,1900234354.0,1627571126.0,1365230726.0,1068567861.0
093370,후성,CFS,252131464699.0,345182994320.0,338793947655.0,381174152613.0,508873055575.0,518459264841.0,389664299624.0,415296152192.0,123871833130.0,153226974506.0,-6566353370.0,24858469150.0,-8721248320.0,21413670520.0
094280,효성ITX,CFS,82314620065.0,92177295184.0,69681392829.0,95274397111.0,99636570688.0,111070179540.0,69089870991.0,65748556887.0,122261704868.0,125034276629.0,4354236350.0,5107170420.0,3165048230.0,3080670801.0
095570,AJ네트웍스,CFS,295262373984.0,301469589101.0,636060384942.0,814364855406.0,1141696797177.0,1119559529255.0,396574929228.0,361885842490.0,260961198451.0,336799142901.0,20975198834.0,20144485498.0,1477309398.0,10342505163.0
095720,웅진씽크빅,CFS,407272253659.0,434029833476.0,370724862946.0,379836993112.0,418918822393.0,425863102369.0,355686616247.0,364929127793.0,218090818834.0,233197609225.0,3665566223.0,11829706629.0,1475868677.0,6619711777.0
096760,JW홀딩스,CFS,526241387482.0,509210359269.0,751153200360.0,717041136150.0,880665090043.0,824316934495.0,324787035461.0,333262773002.0,216501860776.0,217475240613.0,36512117954.0,21718716611.0,3124809540.0,2886583531.0
096770,SK이노베이션,CFS,36495446922000.0,31966675885000.0,29704053115000.0,27557209671000.0,50960470646000.0,43976612895000.0,29147739420000.0,23242311382000.0,19889059283000.0,22753359952000.0,1563071516000.0,703959490000.0,729613504000.0,175161747000.0
096775,SK이노베이션우,,,,,,,,,,,,,,,
097230,HJ중공업,CFS,1721672000000.0,1430318000000.0,2133838000000.0,1418222000000.0,2501744000000.0,2182707000000.0,276037000000.0,384990000000.0,490517000000.0,397849000000.0,-40924000000.0,-38000000.0,-4476000000.0,-20497000000.0
097520,엠씨넥스,CFS,247098758598.0,247605783091.0,204793462436.0,197959395089.0,207305536148.0,229823432579.0,322124422599.0,309066577971.0,236354025052.0,278282302241.0,10373522968.0,91750266.0,9574852455.0,9149124498.0
097950,CJ제일제당,CFS,9620751576000.0,9759274570000.0,9671088847000.0,9749512896000.0,18297204208000.0,18484219204000.0,12162933831000.0,11529022641000.0,7443449063000.0,8011935142000.0,395977845000.0,484188689000.0,230762965000.0,225804884000.0
097955,CJ제일제당 우,,,,,,,,,,,,,,,
100090,SK오션플랜트,CFS,784682845421.0,594390293947.0,722634733834.0,642506418910.0,751131921051.0,694046434953.0,691254991991.0,525957499199.0,236996967057.0,184751729466.0,16380171432.0,21943450282.0,5735378090.0,6409344148.0
100220,비상교육,CFS,114783750646.0,140300766261.0,137485984621.0,83561652212.0,140204147482.0,112016003859.0,181069495039.0,197210083654.0,49427048577.0,49327593351.0,-5633067989.0,-6017665756.0,-4437469232.0,-6744973921.0
100250,진양홀딩스,CFS,238882858433.0,175888049046.0,147033277115.0,153726030915.0,207570217822.0,194455945015.0,421627052898.0,402629316512.0,65867499920.0,59427578198.0,1270372737.0,2893010002.0,-5169001959.0,23333992177.0
100840,SNT에너지,CFS,254514806098.0,253392256767.0,112971697252.0,99795812834.0,151982340330.0,174341588445.0,275279865256.0,255431113393.0,86281788894.0,51692754747.0,3929689444.0,2695676367.0,8123064398.0,9533185397.0
101140,인바이오젠,CFS,12858430835.0,17033020187.0,2175587743.0,36361573269.0,4163291552.0,37399819172.0,149033527443.0,104415029239.0,1321617738.0,2547832064.0,-1689367652.0,-1280500896.0,807379869.0,-7014570155.0
101530,해태제과식품,CFS,143141195858.0,130960147832.0,269637885356.0,272667311688.0,434727841011.0,437389311669.0,264064174783.0,253865643478.0,154533287125.0,146830919037.0,13048529660.0,3759832480.0,7043849385.0,-145838624.0
102260,동성케미컬,CFS,540485642819.0,457682236848.0,410403536395.0,351666796315.0,474556628698.0,410505252005.0,523889328173.0,489006502447.0,265176523111.0,268357326167.0,26890737158.0,21612280738.0,22169369264.0,11222890931.0
102460,이연제약,CFS,101241326335.0,109006467229.0,49311769281.0,47951489175.0,249663510090.0,236926485584.0,249583038781.0,247765256067.0,37442250150.0,38901642156.0,87055059.0,2878702252.0,-100922917.0,2087915342.0
103140,풍산,CFS,2065180839313.0,2013246003210.0,1156139310426.0,1117973551094.0,1499435019365.0,1553056946285.0,1952337998941.0,1842240245511.0,930786713240.0,1028273758479.0,31902626615.0,29920673622.0,20506149492.0,23317821379.0
103590,일진전기,CFS,421269042576.0,360680352497.0,371300826027.0,321654655572.0,533476303620.0,494610873687.0,372626095579.0,344902375464.0,285534426390.0,262102134276.0,15839402341.0,8532075296.0,8412648140.0,3301322877.0
104700,한국철강,CFS,675729638085.0,636918811253.0,78261609104.0,129583963953.0,120427034576.0,147735227497.0,842079097757.0,790918579636.0,203159847821.0,259556770776.0,19496758421.0,24557161339.0,17284506506.0,21617096197.0
105560,KB금융,CFS,,,,,657588624000000.0,634520578000000.0,58851215000000.0,54144248000000.0,,,,,1341970000000.0,1360007000000.0
105630,한세실업,CFS,692206337691.0,772270727784.0,498704810981.0,620599734973.0,588327139837.0,702124695430.0,621072163411.0,537086481739.0,512048913820.0,588276716949.0,60647640706.0,65551728347.0,39851680773.0,29371354378.0
105840,우진,CFS,93889541986.0,95530996575.0,18027076610.0,35100263649.0,30998815291.0,50483944670.0,191906249109.0,176569430992.0,28518451086.0,33087772280.0,3159129635.0,5236382566.0,3194689865.0,4419523796.0
107590,미원홀딩스,CFS,154163935643.0,158573166004.0,128420816721.0,138171344618.0,227451684872.0,229582717353.0,268586242789.0,256303689726.0,111219136359.0,124935051311.0,4207528836.0,5683964328.0,3902597920.0,9008723285.0
108320,LX세미콘,CFS,1033453141561.0,1009649198828.0,369902708005.0,324401670974.0,381198989962.0,339257893379.0,931269998548.0,950360648754.0,412765017097.0,478638916678.0,14927886502.0,60424540689.0,13919059002.0,41076174628.0
108670,LX하우시스,CFS,1274603000000.0,1078800000000.0,1204311000000.0,1060606000000.0,1742695000000.0,1703786000000.0,854761000000.0,779943000000.0,864237000000.0,913995000000.0,35433000000.0,15345000000.0,27960000000.0,10566000000.0
108675,LX하우시스우,,,,,,,,,,,,,,,
109070,주성코퍼레이션,CFS,20137266680.0,25964084655.0,7499537243.0,13303132201.0,11310866010.0,18158116569.0,15523243020.0,14793215256.0,5818116961.0,6715515038.0,-231163409.0,-996248547.0,-329826196.0,-1374347409.0
111110,호전실업,CFS,253974249886.0,194844461916.0,207519808449.0,148100110035.0,228171452034.0,180582898935.0,157543189221.0,135515238561.0,149414168416.0,172770070344.0,16984989289.0,27312402754.0,13107869131.0,26091831453.0
111380,동인기연,,,,,,,,,,,,,,,
111770,영원무역,CFS,3490241505753.0,2821445719291.0,1200062638331.0,822686884772.0,1775678411672.0,1399319640332.0,3559346740051.0,3114304140479.0,998771859462.0,1162281662868.0,179945175706.0,275895216953.0,164413137131.0,246000982464.0
112610,씨에스윈드,CFS,1010436136640.0,1005887147293.0,729320095931.0,623838051512.0,1001217566495.0,854871284096.0,993635378254.0,924668865668.0,380503926739.0,323138581764.0,41478026049.0,20273603084.0,17928757410.0,12969233.0
114090,GKL,CFS,348721140470.0,262720452008.0,169847160765.0,161100630495.0,229977930377.0,227057758258.0,424835779974.0,382455408392.0,96593703233.0,74420076333.0,13735945778.0,4575709905.0,11958319967.0,4971049019.0
117580,대성에너지,CFS,112048512197.0,304783692464.0,206111174507.0,345343379610.0,328406502042.0,520696425282.0,312696252545.0,313793532919.0,131064100764.0,150812994719.0,-7920269159.0,-9338414311.0,-6989503939.0,-7410923361.0
118000,메타케어,CFS,115012707659.0,73473340529.0,28422879578.0,48449827516.0,28528952681.0,60277758402.0,169788879685.0,129579569605.0,4252957784.0,4793149580.0,31613950.0,-320937453.0,-5826014650.0,-10956098078.0
119650,KC코트렐,CFS,339302441220.0,265002514123.0,238423290239.0,229916925659.0,312803449969.0,266719036966.0,77841094311.0,56754683717.0,100914141472.0,96002372472.0,-659083905.0,2033373539.0,-4138079314.0,-3725820110.0
120030,조선선재,CFS,118175854056.0,112016258371.0,8629983742.0,8405270975.0,9888678311.0,9248179273.0,144451878519.0,135885117324.0,15168130134.0,15162068365.0,2148757454.0,1411040470.0,3538103430.0,5477232925.0
120110,코오롱인더,CFS,2479924578248.0,2456933837738.0,2562502784391.0,2651217278486.0,3224821677296.0,3270361413054.0,2966989504490.0,2733101602938.0,1183345829541.0,1258885654407.0,22018681793.0,50973909496.0,-7035129683.0,31306152053.0
120115,코오롱인더우,,,,,,,,,,,,,,,
122900,아이마켓코리아,CFS,893003622234.0,927259777473.0,774775369626.0,757632502275.0,849347871711.0,814780662561.0,403079812908.0,410174013772.0,810021049062.0,940350569899.0,12072181574.0,15007510959.0,4570262998.0,8109153173.0
123690,한국화장품,CFS,34915385960.0,27907151271.0,21806423441.0,19362591582.0,23256212055.0,21500163750.0,26361087540.0,22413165800.0,20343718573.0,14646336503.0,1207071374.0,-261414146.0,1228035377.0,-160279977.0
123700,SJM,CFS,178454234872.0,165731841879.0,39111561374.0,39067933099.0,50097176640.0,56088466557.0,201268273623.0,187186901233.0,50752981862.0,50970488975.0,4498430862.0,5614289295.0,4263587499.0,10385782799.0
123890,한국자산신탁,CFS,,,,,447375127238.0,431361487905.0,1014412331840.0,932432687489.0,57010546588.0,56835977837.0,,,23415387865.0,28931453047.0
126560,현대퓨처넷,CFS,552906622693.0,447169041097.0,60822905763.0,62050802480.0,68969903044.0,70265647771.0,853585990818.0,844990804152.0,42005792177.0,38153158967.0,1123488038.0,4312634533.0,5050243509.0,7208293298.0
126720,수산인더스트리,CFS,340397454085.0,342710063007.0,63382481997.0,60575564385.0,117735103826.0,114148849591.0,491013088258.0,463006581649.0,71417410387.0,76110321114.0,9998002720.0,14162067804.0,10256454101.0,15497292761.0
128820,대성산업,CFS,361021824075.0,407797828586.0,311842077881.0,279793158375.0,1126030390224.0,1197506140662.0,640071138510.0,627082173949.0,365181223879.0,456553277328.0,10181327239.0,13996082447.0,7792091259.0,9349842723.0
128940,한미약품,CFS,730527530929.0,694158250909.0,682721569344.0,676748302732.0,805786475636.0,915359048755.0,1107210210373.0,1009226682083.0,364613172738.0,342149088819.0,57517655261.0,46804359034.0,60533906264.0,31279041838.0
129260,인터지스,CFS,206849854395.0,195139523479.0,143728263423.0,154310487269.0,171230332799.0,178721965121.0,268983422326.0,254445272513.0,147847593634.0,182163824481.0,5475780615.0,10078389348.0,5449123474.0,9342782951.0
130660,한전산업,CFS,95291470253.0,87334415601.0,48836028415.0,50108380679.0,60833726837.0,61835339210.0,109119845395.0,95946096419.0,90746195074.0,89543898373.0,9794617327.0,7759760471.0,8096592133.0,6341256221.0
133820,화인베스틸,CFS,80500197180.0,78946829058.0,94862877553.0,98773910391.0,120742925387.0,101359925313.0,70325422916.0,78262984556.0,31125149518.0,34052597659.0,-3391106106.0,-632517645.0,-4768869990.0,-2012486067.0
134380,미원화학,CFS,85452834958.0,62837682419.0,23596568641.0,6792037295.0,31463221855.0,15155439398.0,140897973198.0,132708596334.0,55117529306.0,64230512972.0,6612714575.0,6841324446.0,5943458710.0,7228405703.0
134790,시디즈,CFS,55309654087.0,47454536884.0,25845765412.0,19567682588.0,27053117900.0,21635673445.0,65757893438.0,63427346696.0,47061725347.0,54987804961.0,3713637.0,7616027.0,894579996.0,900059940.0
136490,선진,CFS,751391495873.0,718357025915.0,839339706989.0,784132676786.0,921042736650.0,892994227026.0,446420373155.0,440621950325.0,475159846606.0,465117569738.0,26203950062.0,15406416714.0,-2204472688.0,-44412289398.0
137310,에스디바이오센서,CFS,917532633332.0,2517265593414.0,428787149934.0,296979641527.0,904208180968.0,315141082903.0,2929395395901.0,2946781299162.0,151028228507.0,551164676637.0,-44239721361.0,293445638676.0,-63809297893.0,421680969081.0
138040,메리츠금융지주,CFS,,,,,84950540541557.0,80435428574826.0,9921192848256.0,8541970794850.0,12736756867512.0,20439859718924.0,,,580154040717.0,616748808347.0
138930,BNK금융지주,CFS,,,,,137877825259708.0,126134070029332.0,10822397321338.0,10796356037244.0,,,,,212335989678.0,260143259829.0
139130,iM금융지주,CFS,,,,,86889661425483.0,83576192402746.0,6567382133753.0,6407727996891.0,,,,,120354845488.0,130272593567.0
139480,이마트,CFS,6879859072947.0,5848734597533.0,10506263534659.0,9941710322988.0,20488305990245.0,19718359591026.0,13617705569077.0,13483361917688.0,7709646661648.0,7707418268654.0,77916079476.0,100737414735.0,20118575784.0,124289883878.0
139990,아주스틸,CFS,529020174165.0,345921495870.0,587682467486.0,369474451136.0,842520212349.0,522749227264.0,226343034341.0,237479258624.0,277425279041.0,282079400790.0,3233680401.0,-3497600264.0,-1707655320.0,-5158453959.0
143210,핸즈코퍼레이션,CFS,402713139460.0,361841215786.0,628924541161.0,584579519508.0,720189569130.0,667856104059.0,298858596903.0,194732609944.0,182503805154.0,200383537715.0,-1546926762.0,-17715226455.0,-16624571492.0,-25031689018.0
145210,다이나믹디자인,CFS,58395732213.0,51584500392.0,34110374182.0,41692344690.0,43051400066.0,49003936595.0,62472196416.0,48843611531.0,16893690404.0,16021842394.0,-856694902.0,-1608719801.0,-528251917.0,-4683712948.0
145720,덴티움,CFS,337148926505.0,303704981317.0,241983843305.0,229276664329.0,298507690397.0,301420236208.0,433721307984.0,373163728344.0,93776949422.0,90658136771.0,30057948694.0,33722357431.0,24075588829.0,24567964045.0
145990,삼양사,CFS,1207546000000.0,1105796000000.0,827386000000.0,503591000000.0,1493034000000.0,1418659000000.0,1662727000000.0,1530990000000.0,662669000000.0,695429000000.0,33714000000.0,27191000000.0,39584000000.0,17842000000.0
145995,삼양사우,,,,,,,,,,,,,,,
155660,DSR,CFS,158101034690.0,176061391451.0,116041929204.0,139483313029.0,129858418745.0,162383840472.0,216602806005.0,202326546390.0,71585418201.0,97636388863.0,6714000070.0,12770910842.0,5461929533.0,9798307101.0
161000,애경케미칼,CFS,587910747084.0,591670033474.0,441706441400.0,473849818849.0,536647225188.0,505938346156.0,735869262336.0,728145376555.0,460247079187.0,544998292525.0,11693958989.0,8803807815.0,6151021339.0,13108464700.0
161390,한국타이어앤테크놀로지,CFS,6670917301835.0,6436304422676.0,2323024943619.0,2887075507092.0,3264677018958.0,3705654911026.0,9568765905200.0,8875709247979.0,2340056955401.0,2299721128128.0,396377269196.0,192426440486.0,300309955497.0,230558412203.0
161890,한국콜마,CFS,885413385119.0,816296191864.0,1077352407207.0,868139417222.0,1522367880591.0,1463836379752.0,1523702478945.0,1469473099590.0,516384773087.0,473518828595.0,31034500807.0,18094353955.0,19755998246.0,6500473698.0
163560,동일고무벨트,CFS,229429220516.0,228027492799.0,134668910950.0,145491983098.0,155059609563.0,163224624863.0,225875003896.0,218003776714.0,88730292572.0,105104653615.0,6132239699.0,3441712863.0,4660861151.0,6214625833.0
170900,동아에스티,CFS,575501446510.0,502838961350.0,314611464618.0,182707624179.0,564053659825.0,467613930767.0,704562351736.0,690111002837.0,166597532816.0,161669758201.0,7861576554.0,14606510698.0,6358557501.0,21488800634.0
175330,JB금융지주,CFS,,,,,57091777000000.0,55065152000000.0,5132055000000.0,4763013000000.0,,,,,173016000000.0,171618000000.0
178920,PI첨단소재,CFS,121138833905.0,131677920752.0,100947418181.0,64535885197.0,189926955821.0,157543399198.0,316930035920.0,341453216519.0,61388484695.0,70264837322.0,4240554244.0,14088253846.0,4206597400.0,13567732825.0
180640,한진칼,CFS,396981581502.0,537969466858.0,573095540331.0,978767254448.0,953757737596.0,1339020434490.0,2924982289954.0,2576057186684.0,76280745981.0,56527009616.0,11162190881.0,7899252693.0,221204827195.0,121869672008.0
18064K,한진칼우,,,,,,,,,,,,,,,
181710,NHN,CFS,1559228280426.0,1348599755827.0,809794612125.0,746992786633.0,1416629012886.0,1032762862400.0,2078694553321.0,1992419158629.0,571532815853.0,522427842839.0,23355176657.0,8297954032.0,7985057367.0,21413345426.0
183190,아세아시멘트,CFS,411169843394.0,407821475088.0,364674170570.0,337683357648.0,1045613784903.0,1061327445519.0,1028929230539.0,978682286906.0,288432186346.0,269838057455.0,43762602628.0,35716787929.0,27949939032.0,17372201905.0
185750,종근당,CFS,820572732205.0,713614782837.0,488824705905.0,374213062129.0,539246916157.0,503593995766.0,731143704080.0,621288802025.0,403606492702.0,383889439562.0,55734020589.0,39321746446.0,46237533052.0,28208860239.0
192080,더블유게임즈,CFS,606953682827.0,572610729335.0,64099123738.0,205744395688.0,88341838932.0,229338873566.0,1186094768338.0,1006297224416.0,,,54114536515.0,47878334229.0,51292068673.0,-6538144124.0
192400,쿠쿠홀딩스,CFS,471657970708.0,446314893140.0,109525578037.0,130651017779.0,165702954821.0,181757777564.0,1042505226906.0,967770930128.0,190487250876.0,189249803580.0,23437167129.0,22222600502.0,24694161073.0,40397483439.0
192650,드림텍,CFS,444107102266.0,466745600822.0,263875858795.0,309084260231.0,288801517007.0,323702374400.0,525833686732.0,501654718372.0,276974172655.0,313378919722.0,17547457486.0,26790377393.0,717257115.0,16287146844.0
192820,코스맥스,CFS,797270905442.0,737152717216.0,842078626666.0,811975090337.0,1143149604740.0,952203952001.0,375514564940.0,444246552661.0,458266795254.0,396776160074.0,33304646349.0,19740641906.0,10850874137.0,6749205983.0
194370,제이에스코퍼레이션,CFS,486272939465.0,312848636055.0,292209167415.0,235632678098.0,487807898753.0,278290251740.0,300894605727.0,255477889432.0,268464103461.0,264174287027.0,32323716931.0,21582167187.0,27265863893.0,22661213665.0
195870,해성디에스,CFS,360721685825.0,371321312772.0,152404578549.0,196470094856.0,175308889647.0,212318527504.0,506464474107.0,447295294041.0,155486874870.0,224318564805.0,19355817086.0,57400620795.0,17165938781.0,51456116495.0
200880,서연이화,CFS,1156337239090.0,968982841111.0,1244324345287.0,986276302843.0,1501009581072.0,1173445901645.0,915892706467.0,756886374526.0,919567717922.0,707252984077.0,57601219771.0,36155462476.0,60085969904.0,68199891148.0
204320,HL만도,CFS,3503021577373.0,2980301901430.0,2787025703434.0,2150797625451.0,4033348167163.0,3572095295017.0,2415696710898.0,2273746112263.0,2119142820260.0,1968389042508.0,81512784071.0,76613704483.0,19292467041.0,135172903990.0
207940,삼성바이오로직스,CFS,5426432658556.0,6457656567077.0,4107625985295.0,4181541561220.0,6341649948558.0,7597575863329.0,9546020287949.0,8984474395157.0,1033973428953.0,873041212601.0,318531252670.0,324740504508.0,240366712046.0,129164030535.0
210540,디와이파워,CFS,209688186874.0,209865402641.0,71023347513.0,84718806071.0,73620633736.0,87153368942.0,263454110761.0,240369030361.0,103521387334.0,103193675943.0,8504458313.0,6753201734.0,5542399491.0,3914424605.0
210980,SK디앤디,CFS,1490193651324.0,1279958454743.0,897472013074.0,476002531353.0,1622424210310.0,1494509955164.0,817507664298.0,697066259283.0,57919621961.0,122701299430.0,-10279694088.0,9976506266.0,-12935862222.0,3747809178.0
213500,한솔제지,CFS,923279141582.0,1007797067277.0,1064403174026.0,1082341518494.0,1432431408039.0,1467471503690.0,729358162154.0,742544013465.0,523536377720.0,616492189280.0,14403847379.0,41325915856.0,3800408780.0,22212146510.0
214320,이노션,CFS,1714892717994.0,1800347246478.0,1115155937038.0,1219793765097.0,1351534905663.0,1416175662135.0,929673277461.0,873966892456.0,497482473395.0,466954520349.0,40836680106.0,36313645938.0,43232158537.0,33843814040.0
214330,금호에이치티,CFS,235312927165.0,214113398562.0,121463380184.0,91742874858.0,131779560314.0,100833283251.0,323426336042.0,325800541887.0,92113622623.0,71103434609.0,1985795207.0,4064997662.0,-4414640430.0,-221940308.0
214390,경보제약,CFS,133826807143.0,116325649599.0,118065891602.0,95569005816.0,121201963032.0,96840886918.0,142083526737.0,143704055206.0,54581945393.0,49330653929.0,1739141954.0,-883044811.0,764494032.0,45324659.0
214420,토니모리,CFS,70088505992.0,70019472837.0,68241202590.0,79125868417.0,101300766739.0,101679024921.0,102091374347.0,97383028812.0,36809050845.0,28473213413.0,2425557160.0,-2505086828.0,1253974090.0,3096882280.0
217590,티엠씨,,,,,,,,,,,,,,,
226320,잇츠한불,CFS,356539762331.0,340773072215.0,30147494891.0,27306435544.0,34219847562.0,30243344892.0,462373439565.0,455910010877.0,33105776832.0,29839297780.0,1713405504.0,1281756048.0,2521283009.0,4780544396.0
227840,현대코퍼레이션홀딩스,CFS,83412931079.0,91593518590.0,21084906175.0,21605296765.0,65649180623.0,71951244118.0,253039280559.0,224176322031.0,46930322427.0,46285160304.0,3921728402.0,4278688279.0,5291732315.0,13306389601.0
229640,LS에코에너지,CFS,355612634912.0,404088248826.0,295806022483.0,343442230126.0,301163663242.0,348670310364.0,160592371823.0,158062467680.0,167485711410.0,194337862056.0,11060821010.0,9393712722.0,2564152957.0,2980957387.0
234080,JW생명과학,CFS,104971867124.0,105008263192.0,96789122638.0,80043500749.0,99517339615.0,112609682935.0,150469409205.0,140332435137.0,51141243544.0,47726575989.0,6232559474.0,5296670656.0,4554100086.0,2821976675.0
241560,두산밥캣,CFS,3947932851000.0,3082529616000.0,2493968809000.0,2053503109000.0,4616765156000.0,4223998511000.0,5863880215000.0,5024387667000.0,2366036323000.0,2378854879000.0,297603933000.0,316866619000.0,189056744000.0,118887866000.0
241590,화승엔터프라이즈,CFS,691672950485.0,757366549182.0,750238896463.0,778090401020.0,842171323457.0,884648845256.0,589065911550.0,591182885689.0,261290195227.0,439167209824.0,-1657619706.0,15537839844.0,-16775601272.0,5192250381.0
244920,에이플러스에셋,CFS,198731085239.0,203924789172.0,110857963398.0,77880633526.0,192425901826.0,159153035121.0,191644051619.0,186149001984.0,97136957434.0,68485826375.0,6974200156.0,3197703104.0,6618068177.0,3024905737.0
248070,솔루엠,CFS,765048507470.0,855701311202.0,570517272168.0,679009558651.0,611473838669.0,744308093817.0,403473588072.0,289993946273.0,529102519220.0,467386528260.0,45270762705.0,23961477486.0,34954881847.0,23102293183.0
248170,샘표식품,CFS,155958375822.0,162915218233.0,100300405324.0,93574012989.0,119363203857.0,122931700907.0,238477202978.0,227354806467.0,104377795289.0,100526418697.0,4517318770.0,5370199971.0,4836950827.0,6021029090.0
249420,일동제약,CFS,231033879087.0,282034867633.0,342011906851.0,316290402129.0,446170465918.0,457585976912.0,136740339444.0,198224237021.0,149530646079.0,163633353927.0,-17047206961.0,-18613526003.0,-46499593936.0,-16876994473.0
251270,넷마블,CFS,997136468813.0,997344674257.0,2396748931459.0,2293992289893.0,3406917750659.0,3313765261202.0,5365197980397.0,5621808454658.0,630560881479.0,694477990942.0,-21880387866.0,-38048835264.0,-28462745932.0,-277472303967.0
259960,크래프톤,CFS,4192282770793.0,3892564094341.0,529597175247.0,411459589199.0,1059165110926.0,921378865691.0,5610734542963.0,5116405100445.0,450273957736.0,433722761179.0,189259011177.0,144633919347.0,211551235997.0,226407095635.0
264900,크라운제과,CFS,113780246123.0,146160879714.0,80433724977.0,94168048382.0,127751014062.0,137897080146.0,207033737981.0,192266230903.0,108359083082.0,101598985874.0,7642171394.0,3848153451.0,5958239494.0,2978018735.0
26490K,크라운제과우,,,,,,,,,,,,,,,
267250,HD현대,CFS,34552268912000.0,30130809645000.0,29945343584000.0,26274593765000.0,47011716940000.0,42307197037000.0,23629155698000.0,23263664039000.0,13723241092000.0,17287236095000.0,667737987000.0,1071591060000.0,595280190000.0,688642873000.0
267260,HD현대일렉트릭,CFS,2035377874852.0,1548305844287.0,1612883645776.0,1411144505503.0,1987169101668.0,1603861296111.0,943002774099.0,831168874627.0,694418512934.0,535101794702.0,85422526521.0,37836628888.0,54275269600.0,100598646141.0
267270,HD건설기계,CFS,2347855337000.0,2350617095000.0,1112418565000.0,1373720575000.0,1654087441000.0,1781299828000.0,1821840737000.0,1667286942000.0,928722065000.0,874755359000.0,53850493000.0,63020686000.0,33154439000.0,53503403000.0
267290,경동도시가스,CFS,333870664719.0,690019275269.0,223038982618.0,598220338526.0,294478712741.0,672626336234.0,417407556643.0,394988696801.0,281333462896.0,486629376108.0,3566425309.0,3337112273.0,4784223505.0,3585907881.0
267850,아시아나IDT,CFS,100576059705.0,114136262719.0,36504471534.0,37832497950.0,43300726307.0,45626559675.0,163620892250.0,159951223863.0,42602404784.0,38238546992.0,1914187923.0,714291594.0,2551345613.0,1061033618.0
268280,미원에스씨,CFS,279250616035.0,297849052417.0,71601212817.0,82880700804.0,87907502841.0,96877962047.0,373936657956.0,378855818934.0,112522080441.0,138416538769.0,6057077962.0,21284856616.0,5767391592.0,22978769076.0
271560,오리온,CFS,1672357185188.0,1470432835841.0,498625869902.0,556179578260.0,683009907579.0,732455081520.0,2874750438065.0,2639228832700.0,766316986696.0,741134199491.0,140654953219.0,121680781385.0,109692015057.0,86709100896.0
271940,일진하이솔루스,CFS,290937770180.0,293758323525.0,20082233852.0,23684902324.0,24489093431.0,27786557872.0,316853511397.0,314718893049.0,20214493981.0,27352444424.0,-2755000936.0,-354079854.0,-184102899.0,891268024.0
271980,제일약품,CFS,339746048432.0,291640787617.0,334939983732.0,268657137216.0,340734685830.0,301294319644.0,163563741055.0,155597219785.0,177205641514.0,176116650926.0,-2652483867.0,-2779293038.0,-4625228063.0,-4389171162.0
272210,한화시스템,CFS,1934736195746.0,2326839782700.0,1781226543485.0,1618535589452.0,2134805306147.0,1926675685540.0,2260018702225.0,2018952014723.0,620823051196.0,459399838243.0,37332548936.0,541350957.0,41156845520.0,2579722577.0
272450,진에어,CFS,469395533332.0,275073699422.0,440565662001.0,392285683546.0,734526897137.0,662850263536.0,190913379000.0,109045058525.0,322461739288.0,174521793300.0,32635001900.0,-17445266710.0,21006513506.0,-41030314378.0
272550,삼양패키징,CFS,173423000000.0,177390000000.0,208911000000.0,81119000000.0,299400000000.0,281487000000.0,373792000000.0,361074000000.0,120852000000.0,114688000000.0,14506000000.0,9062000000.0,10628000000.0,6004000000.0
278470,에이피알,CFS,191325551103.0,137024020095.0,70508188696.0,76266539341.0,79364238582.0,83864628095.0,168674899807.0,99266311538.0,121938746214.0,95300670492.0,21859816810.0,12582599590.0,18378160494.0,10562122408.0
279570,케이뱅크,CFS,,,,,17681391000000.0,14833418000000.0,1872970000000.0,1797928000000.0,,,,,13183000000.0,25646000000.0
280360,롯데웰푸드,CFS,1636727232710.0,1448968131024.0,923198490863.0,921106822210.0,2128682929697.0,1993627503014.0,2188414884846.0,2111631675614.0,1086537054352.0,1103251109861.0,80631860076.0,57225203889.0,71317684328.0,35386822235.0
281820,케이씨텍,CFS,366890540382.0,352610756590.0,41557765090.0,52326466008.0,47065019314.0,57327965096.0,446182902259.0,425985366698.0,84220038093.0,95016486042.0,13108458056.0,15166880151.0,12333237078.0,18239151794.0
282330,BGF리테일,CFS,1030519775542.0,889900434324.0,1260548380906.0,1102246622172.0,2226807526159.0,1983607627851.0,1047563766967.0,962627643775.0,2206809870082.0,2055724628037.0,87022242743.0,91552670387.0,70040379805.0,69273905358.0
284740,쿠쿠홈시스,CFS,421024482781.0,410913985435.0,206118036243.0,189806861892.0,225709089584.0,222383617986.0,860080243331.0,794576672740.0,240710465089.0,250211278147.0,21151903788.0,44970886290.0,10690983387.0,45350114401.0
285130,SK케미칼,CFS,2275790338154.0,2518693783957.0,764431477620.0,1058819027627.0,1414957006898.0,1236777050588.0,2700631489872.0,2708905829156.0,581438774246.0,432545710945.0,83359268976.0,49727475325.0,62490550800.0,41917996136.0
28513K,SK케미칼우,,,,,,,,,,,,,,,
286940,롯데이노베이트,CFS,364851698407.0,366285909491.0,285651995354.0,277820826605.0,423316884275.0,417980301556.0,464514321311.0,453951220055.0,294936876825.0,252851036922.0,16110362441.0,10824244119.0,11571740240.0,5965257606.0
293480,하나제약,CFS,104850116693.0,103527223260.0,61202184133.0,44704054674.0,74202092482.0,77567635819.0,273930278756.0,268396920606.0,55605843739.0,54525065605.0,5519824134.0,7684997135.0,3825231222.0,5468079000.0
294870,IPARK현대산업개발,CFS,4874380904823.0,5442547023552.0,3023070558829.0,3459125496456.0,3861840260273.0,4434454285936.0,2960239685077.0,2901872323441.0,1033152031472.0,737803291289.0,62025756827.0,69551743461.0,62074286062.0,28912677350.0
298000,효성화학,CFS,766732404464.0,819924444604.0,2030558549799.0,1715748683152.0,3154579265336.0,3016501814422.0,90787176767.0,114617084621.0,711724849691.0,702858127668.0,-2834875473.0,-139763857581.0,-48034222206.0,-151797463118.0
298020,효성티앤씨,CFS,2053086958894.0,2143068335976.0,2105756472819.0,2184964278981.0,2768947000725.0,2804355654281.0,1572588518168.0,1515523658191.0,1969572126644.0,2167104082940.0,50553972262.0,-110786906109.0,5911636003.0,-122094327273.0
298040,효성중공업,CFS,2411284082557.0,2221499626151.0,2860259345435.0,2504911410809.0,3699226044292.0,3590259543651.0,1204830537844.0,1103211064622.0,1039433621794.0,786312415464.0,94550427279.0,56052754362.0,56414625453.0,33516825323.0
298050,HS효성첨단소재,CFS,1282396652674.0,1331264107697.0,1738332128765.0,1624968272446.0,2301025187046.0,2135155968289.0,777250622575.0,799557509705.0,783313390366.0,975347188201.0,35654622499.0,66058697606.0,2772210496.0,25968332164.0
298690,에어부산,CFS,258267808074.0,202750960475.0,345112541447.0,357728874609.0,1071689588281.0,1101224121714.0,165730428328.0,126658965945.0,230457595661.0,117728041347.0,43257275602.0,-18127191022.0,15375135179.0,-83392089490.0
300720,한일시멘트,CFS,881081026361.0,630383484045.0,591856871515.0,485429196799.0,1192848248252.0,885820287173.0,1665133228042.0,1575016584724.0,424474695947.0,372143686811.0,69582724566.0,24810998123.0,46840931953.0,20498393163.0
302440,SK바이오사이언스,CFS,1448571128113.0,1783694210430.0,183244760107.0,380037427181.0,197232409715.0,400229387487.0,1722904222976.0,1741701996063.0,231826283725.0,91052874852.0,60937364856.0,21358812863.0,48391960892.0,20778128953.0
306200,세아제강,CFS,844580699868.0,837441133208.0,436276335955.0,419082622861.0,574220937035.0,636127562772.0,957386810699.0,829001866215.0,423378204519.0,446928093147.0,40886680548.0,49619351631.0,32812357030.0,35781354673.0
307950,현대오토에버,CFS,1635937763730.0,1695856233152.0,706610630847.0,883697779686.0,949116249306.0,1129055501093.0,1571452054023.0,1490380825529.0,745798452842.0,730480059346.0,45246637470.0,33278689749.0,36473093056.0,31933494354.0
308170,씨티알모빌리티,CFS,110471542603.0,108433064786.0,146375138776.0,143795718692.0,203826955865.0,193518912705.0,101487649200.0,103848274799.0,105573376861.0,104400756169.0,388677549.0,-1608455298.0,-1226925388.0,-2859537457.0
316140,우리금융지주,CFS,,,,,452695613000000.0,448847054000000.0,33221387000000.0,31627342000000.0,,,,,918116000000.0,933385000000.0
317400,자이에스앤디,CFS,1196407971331.0,1512415592674.0,637979521826.0,1016844837657.0,854271751935.0,1230633742673.0,785610215153.0,722054387805.0,512666032095.0,641004662779.0,21382065745.0,35596334270.0,16604761363.0,26328742163.0
317450,명인제약,,,,,,,,,,,,,,,
322000,HD현대에너지솔루션,CFS,405312448221.0,490181755892.0,139628247127.0,237448773015.0,167897181019.0,271292811162.0,389212469079.0,381533148869.0,140930760178.0,268333104925.0,6466813023.0,30318847385.0,5193869854.0,14553716300.0
323410,카카오뱅크,CFS,,,,,47045831000000.0,33800969000000.0,5965860000000.0,5715110000000.0,656598000000.0,411848000000.0,,,95417000000.0,78717000000.0
326030,SK바이오팜,CFS,501050572023.0,487924712746.0,254419127505.0,163072636224.0,428561700614.0,347680678987.0,322490601210.0,316560460441.0,90338270833.0,88834337597.0,-10712050324.0,-9247433664.0,-18414084923.0,-14962515189.0
329180,HD현대중공업,CFS,9459114186000.0,8000865934000.0,10275937333000.0,9072004186000.0,12676814178000.0,11001578566000.0,5276165580000.0,5287819487000.0,2853526385000.0,2203563727000.0,12907756000.0,14340140000.0,,
336260,두산퓨얼셀,CFS,616664933242.0,675719160885.0,298858008471.0,312667179970.0,557323933611.0,503865290192.0,524454879291.0,523064425818.0,45598375602.0,29600609801.0,,,-817949034.0,1088523976.0
33626K,두산퓨얼셀1우,,,,,,,,,,,,,,,
33626L,두산퓨얼셀2우B,,,,,,,,,,,,,,,
336370,솔루스첨단소재,CFS,618409355546.0,507979815410.0,472570469081.0,422142030007.0,664875505401.0,542937434917.0,1127462528331.0,918102971334.0,111198925822.0,99166571278.0,-20364069884.0,-17383672467.0,216053660900.0,-17872273319.0
33637K,솔루스첨단소재1우,,,,,,,,,,,,,,,
33637L,솔루스첨단소재2우B,,,,,,,,,,,,,,,
339770,교촌에프앤비,CFS,91169117908.0,111322995611.0,94562902952.0,102735562443.0,118130799971.0,125754598439.0,186150537275.0,179218784515.0,111423298167.0,125183448746.0,8557723174.0,3053528820.0,5092791976.0,2302963281.0
344820,KCC글라스,CFS,1031576601565.0,958080961323.0,451530034846.0,445261766379.0,856759444735.0,766953036714.0,1464829303309.0,1442611749069.0,425102615806.0,379065069149.0,21829915171.0,26204220594.0,11472404104.0,10957924660.0
352820,하이브,CFS,2054803419000.0,2115847172000.0,1283031825000.0,849484677000.0,2116364951000.0,1941754310000.0,3342960372000.0,2928680005000.0,537859338000.0,445499466000.0,72654243000.0,60635743000.0,60574827000.0,44066130000.0
353200,대덕전자,CFS,428012843204.0,498103203993.0,180405372584.0,265030183039.0,254850210770.0,336767845823.0,854062135944.0,854989142336.0,237787428203.0,371400871281.0,1416236954.0,77532239113.0,3765617762.0,70494894090.0
35320K,대덕전자1우,,,,,,,,,,,,,,,
361610,SK아이이테크놀로지,CFS,910797806000.0,853496751000.0,797959930000.0,452456607000.0,1679825657000.0,1322662099000.0,2267268156000.0,2174673266000.0,182235365000.0,135251797000.0,7888601000.0,-22001196000.0,-30696057000.0,-24953734000.0
363280,티와이홀딩스,CFS,476096594997.0,350108898373.0,644359249926.0,579981783664.0,1175226243044.0,736598801569.0,1595350728217.0,1546364261837.0,98142689049.0,101360996194.0,7448563909.0,20729642026.0,21459380900.0,39313477918.0
36328K,티와이홀딩스우,,,,,,,,,,,,,,,
372910,한컴라이프케어,CFS,116006246763.0,114255369452.0,69739552418.0,76537203877.0,70723661714.0,80099500535.0,126699314575.0,127930340521.0,20563340117.0,20038377507.0,-180427264.0,767753886.0,-102878721.0,627354556.0
373220,LG에너지솔루션,CFS,18568865000000.0,18804269000000.0,11290328000000.0,11444923000000.0,20500543000000.0,17705683000000.0,24667966000000.0,20593762000000.0,8223542000000.0,7648157000000.0,731249000000.0,521853000000.0,420531000000.0,187710000000.0
375500,DL이앤씨,CFS,5737713587831.0,5403768957903.0,3664869680805.0,3210693538872.0,4382601887694.0,4282240934857.0,4818726178297.0,4692476509428.0,1837421186864.0,1848874571007.0,80399188247.0,116366195030.0,67062607950.0,160004447480.0
37550K,DL이앤씨우,,,,,,,,,,,,,,,
37550L,DL이앤씨2우(전환),,,,,,,,,,,,,,,
377300,카카오페이,CFS,2450672248587.0,2259815836785.0,1155268967440.0,873830451555.0,2064004198828.0,1423304932690.0,1940996061434.0,1908224925187.0,,,-9525783804.0,-9689603324.0,-8180902450.0,-4653207358.0
377740,바이오노트,CFS,473225171490.0,824836143679.0,12887658523.0,49505015315.0,115175819583.0,156849683848.0,1564498838745.0,1600152081938.0,21724770276.0,62598582052.0,6531631344.0,30559762128.0,61743352628.0,148744844602.0
378850,화승알앤에이,CFS,195403006149.0,179634547981.0,264936461832.0,294681105612.0,321621812719.0,329908689839.0,113288183092.0,92660510400.0,172877473162.0,165662701269.0,11171225461.0,6902087508.0,8352631538.0,12343301507.0
381970,케이카,CFS,231440720716.0,243477563033.0,128525026918.0,119999831729.0,290536177029.0,288535623931.0,241244290844.0,245821066878.0,528587130892.0,575893806767.0,18410757381.0,16049290758.0,5412875324.0,10291467873.0
383220,F&F,CFS,717063879474.0,601204892800.0,475562660997.0,575925566738.0,563640938335.0,627006736608.0,1221045103970.0,943172288792.0,492815453747.0,441681828541.0,148523841185.0,138376142547.0,119080587634.0,109840492633.0
383800,LX홀딩스,CFS,267693000000.0,209654000000.0,18348000000.0,12449000000.0,35121000000.0,23948000000.0,1692793000000.0,1611093000000.0,8637000000.0,106000000.0,20177000000.0,61577000000.0,21445000000.0,60454000000.0
38380K,LX홀딩스1우,,,,,,,,,,,,,,,
402340,SK스퀘어,CFS,2430572000000.0,2864776000000.0,1104318000000.0,1819530000000.0,1860662000000.0,4997383000000.0,16607932000000.0,17163200000000.0,40454000000.0,796224000000.0,-560744000000.0,129967000000.0,447392000000.0,207908000000.0
403550,쏘카,CFS,136993932248.0,170683810514.0,249183301456.0,197842884707.0,419097212575.0,338134836141.0,225740864891.0,247578318491.0,112718089496.0,117040562941.0,-3554443401.0,11632896907.0,-10762986328.0,3416762703.0
439260,대한조선,,,,,,,,,,,,,,,
443060,HD현대마린솔루션,,,,,,,,,,,,,,,
446070,유니드비티플러스,CFS,135033011381.0,136713797294.0,21682207239.0,18091294473.0,26808439094.0,21499363558.0,193490978971.0,192131911236.0,42669318212.0,,-1553593775.0,,1748028543.0,
450080,에코프로머티,CFS,247348209876.0,265125163060.0,330437780700.0,249084998903.0,378743771638.0,320612563898.0,311776478852.0,314300581291.0,240009719501.0,181080053133.0,-6877991085.0,4095380930.0,-8456197095.0,-11592011834.0
452260,한화갤러리아,CFS,365720087255.0,,573250976345.0,,1028257848340.0,,870625406495.0,,120014880552.0,,2001293301.0,,-1423884844.0,
45226K,한화갤러리아우,,,,,,,,,,,,,,,
453340,현대그린푸드,CFS,427864911000.0,,230437059000.0,,244763997000.0,,655856928000.0,,574587938000.0,,28316594000.0,,21976417000.0,
454910,두산로보틱스,CFS,447198612619.0,38836786832.0,26735226776.0,14736738226.0,33519441320.0,19853042743.0,441542750046.0,42765361853.0,12510811883.0,8021049646.0,-6137359265.0,-4392906203.0,-6456477757.0,-3119496869.0
456040,OCI,CFS,1018639540000.0,,899009754000.0,,1009445257000.0,,973741541000.0,,450083563000.0,,22000087000.0,,20892339000.0,
457190,이수스페셜티케미컬,CFS,86381108580.0,,100639596314.0,,111602028666.0,,104122106851.0,,55203138460.0,,291360056.0,,-797949655.0,
460850,동국씨엠,CFS,812592501771.0,,733624990881.0,,797392186654.0,,986240097941.0,,554161499053.0,,31230368905.0,,24382466426.0,
460860,동국제강,CFS,1399854183923.0,,1537323608910.0,,1818000199984.0,,1689651950284.0,,1078997293658.0,,105433897794.0,,59264909022.0,
462520,조선내화,CFS,177907463952.0,,146976049279.0,,156086074608.0,,205374816051.0,,123207715269.0,,6096429263.0,,5006398055.0,
462870,시프트업,,,,,,,,,,,,,,,
465770,STX그린로지스,CFS,4926792670.0,,8044323613.0,,20516499230.0,,15328193491.0,,2773746256.0,,385431293.0,,-24844499.0,
475150,SK이터닉스,,,,,,,,,,,,,,,
475560,더본코리아,,,,,,,,,,,,,,,
480370,씨케이솔루션,,,,,,,,,,,,,,,
483650,달바글로벌,,,,,,,,,,,,,,,
484870,엠앤씨솔루션,,,,,,,,,,,,,,,
487570,HS효성,,,,,,,,,,,,,,,
489790,한화비전,,,,,,,,,,,,,,,
499790,GS피앤엘,,,,,,,,,,,,,,,
0001A0,덕양에너젠,,,,,,,,,,,,,,,
000250,삼천당제약,CFS,172244411291.0,157749140159.0,96978777596.0,38159520916.0,121447837575.0,127151386518.0,286374990286.0,245641663641.0,48442651202.0,43830910360.0,2383956539.0,3746158422.0,-10339896144.0,3922775399.0
000440,중앙에너비스,CFS,14255585765.0,12084595556.0,2164631691.0,2414646335.0,4373163220.0,4601893188.0,57086707857.0,58819859634.0,14351399091.0,19313718854.0,145155209.0,447724985.0,221894508.0,226637464.0
0004V0,엔비알모션,,,,,,,,,,,,,,,
0004Y0,디비금융제14호스팩,,,,,,,,,,,,,,,
0007C0,아크릴,,,,,,,,,,,,,,,
0007J0,인벤테라,,,,,,,,,,,,,,,
0008Z0,에스엔시스,,,,,,,,,,,,,,,
0009K0,에임드바이오,,,,,,,,,,,,,,,
001000,신라섬유,CFS,1196290426.0,1132483969.0,16870119294.0,16457962901.0,16870119294.0,16543805287.0,14875660597.0,15392324935.0,1013089476.0,1281737174.0,229929947.0,343273673.0,30142479.0,192278651.0
0010F0,보원케미칼,,,,,,,,,,,,,,,
0010V0,제이피아이헬스케어,,,,,,,,,,,,,,,
0011A0,액스비스,,,,,,,,,,,,,,,
0011T0,채비,,,,,,,,,,,,,,,
0013V0,삼진식품,,,,,,,,,,,,,,,
001540,안국약품,CFS,123717816469.0,122009639221.0,65105747618.0,61498455055.0,73456205141.0,69241179340.0,154323245957.0,154671254308.0,55351426791.0,53384126492.0,-18025944.0,4556222402.0,630564570.0,3956370700.0
0015G0,그린광학,,,,,,,,,,,,,,,
0015N0,아로마티카,,,,,,,,,,,,,,,
0015S0,페스카로,,,,,,,,,,,,,,,
0017J0,세미티에스,,,,,,,,,,,,,,,
001810,무림SP,CFS,89351312893.0,98472152155.0,62271993956.0,57027947245.0,104017225767.0,104810921697.0,202081906806.0,207982206332.0,40562207238.0,38754456109.0,1513016210.0,-1015013847.0,-146047409.0,-1106321517.0
001840,이화공영,CFS,60169502534.0,57869671377.0,41968471456.0,35589257247.0,54344385774.0,47812889946.0,42252542474.0,46957293841.0,36482238078.0,40970591602.0,-664272325.0,75983060.0,-680433357.0,-28516172.0
002230,피에스텍,CFS,97847742802.0,91863467957.0,16766142312.0,10625531873.0,21649092334.0,22702551165.0,130662697296.0,132553044331.0,15583736398.0,17949474061.0,220965352.0,23709328.0,-1877773280.0,-260864186.0
002290,삼일기업공사,CFS,66177235085.0,65384976129.0,8889529719.0,9689626749.0,10199248345.0,10963539066.0,64781787864.0,62959102853.0,26901495154.0,13497281922.0,620148360.0,614252635.0,742062617.0,662111106.0
002680,한탑,CFS,44861783689.0,53491518600.0,78335259825.0,86171455089.0,90258248038.0,92772273462.0,45236688481.0,50200344086.0,22711570265.0,23850052363.0,458772243.0,-845949875.0,-1730999580.0,-4282133153.0
002800,신신제약,CFS,51135488357.0,45047531977.0,48920932477.0,42327457914.0,63177604619.0,61681895462.0,63620043719.0,59531185616.0,26473482715.0,24178154298.0,1691751872.0,1913260220.0,1147721513.0,1441822078.0
003100,선광,CFS,86990148222.0,78632924317.0,63027576047.0,61235799484.0,266082078144.0,293046534025.0,360926897807.0,341585626027.0,44026369677.0,42965704048.0,7254639239.0,6125512499.0,5186363955.0,3097510431.0
003310,대주산업,CFS,28352701002.0,27885071586.0,20224117229.0,20704161314.0,35336677039.0,36195470944.0,70665590213.0,68906695693.0,22724157340.0,24717796680.0,683050938.0,1412861770.0,447199764.0,902330007.0
003380,하림지주,CFS,4593768124621.0,4756365991493.0,5499256020846.0,5220519370734.0,8341188170399.0,8209604806659.0,5494697395811.0,5059383492142.0,3054791768992.0,3737181313616.0,166677866486.0,264225503414.0,14387813241.0,-63640629290.0
0037T0,KB제32호스팩,,,,,,,,,,,,,,,
003800,에이스침대,CFS,130313145554.0,159792789945.0,55214023383.0,66206527143.0,58415708083.0,70829330788.0,638751109240.0,614669914672.0,78539486745.0,83143323346.0,14641571978.0,10254026730.0,11396659208.0,10263231027.0
0039P0,매드업,,,,,,,,,,,,,,,
0041B0,교보18호스팩,,,,,,,,,,,,,,,
0041J0,엘에스스팩1호,,,,,,,,,,,,,,,
0041L0,하나35호스팩,,,,,,,,,,,,,,,
0044K0,삼성스팩10호,,,,,,,,,,,,,,,
004590,한국가구,CFS,64098658732.0,60687656213.0,21080408513.0,21072581535.0,40895273076.0,43390093385.0,173957373848.0,168677071453.0,25737441798.0,24856963096.0,2743429321.0,2964568776.0,1934469451.0,2487350816.0
004650,창해에탄올,CFS,62254708946.0,62115282127.0,50809379186.0,56747609022.0,54593810301.0,59807358676.0,128210256249.0,135277620634.0,28475142956.0,24611469490.0,6088776788.0,1959439057.0,4410150022.0,688941765.0
004780,대륙제관,CFS,121181968573.0,114592944282.0,41517578603.0,38877618148.0,56965791276.0,54747327446.0,137899516451.0,130499469012.0,63217128685.0,64591933826.0,4198054786.0,2505040855.0,3367646441.0,2619475330.0
005160,동국산업,CFS,447746706788.0,409370153002.0,364444288712.0,282582237198.0,406672489799.0,320290409526.0,531675253730.0,554486910870.0,180666711834.0,172280145502.0,2938705549.0,-1295763949.0,2835969927.0,988386497.0
005290,동진쎄미켐,CFS,844917706234.0,826408327642.0,524459989560.0,531371591554.0,777420038746.0,673516166268.0,804817602935.0,700787363830.0,311050115352.0,377088379418.0,42821114827.0,62393336380.0,32414675330.0,53703006939.0
0054V0,엔에이치스팩32호,,,,,,,,,,,,,,,
005670,푸드웰,CFS,84501746206.0,76281457212.0,76605354382.0,75410390504.0,108419857086.0,104883563078.0,108941267582.0,104915845153.0,56701162973.0,45169666211.0,1831994737.0,1832073255.0,1573376124.0,1476118236.0
005710,대원산업,CFS,428594250419.0,396902640643.0,137067566359.0,126737297050.0,151230479015.0,141652096008.0,444171332873.0,417662361807.0,186113546942.0,159701081021.0,12592169175.0,-3238877434.0,11325789943.0,4403818396.0
005860,한일사료,CFS,179645433198.0,119747977746.0,80680397348.0,125705087946.0,89876897720.0,133320215729.0,159304269434.0,54568353633.0,105602070715.0,109519726599.0,1765905445.0,-1021788241.0,173133019.0,-9050745656.0
005990,매일홀딩스,CFS,685954519859.0,671943771639.0,327576543042.0,361434346941.0,562544928801.0,602158790641.0,708885415610.0,669368393188.0,543175667713.0,507660590857.0,22781272132.0,16464032499.0,13156361165.0,9012680546.0
006050,국영지앤엠,CFS,35860765544.0,31430425719.0,19668722860.0,16305638428.0,21448159001.0,18143584893.0,48757546982.0,48009753630.0,19608961258.0,17788748425.0,94876461.0,233139620.0,131974771.0,269287915.0
006140,피제이전자,CFS,91082511616.0,84454037658.0,68485984278.0,43841295539.0,71186873035.0,64996777037.0,123737987256.0,120644754732.0,38378673710.0,38378016509.0,2551932189.0,903732615.0,2353345976.0,1381350221.0
006620,동구바이오제약,CFS,86203814132.0,87417110607.0,68614128698.0,66043564163.0,75915654728.0,69953261400.0,106300765666.0,102105760513.0,52869144671.0,50661515656.0,2366459388.0,5033359836.0,1245895547.0,3107903528.0
006730,서부T&D,CFS,152201741794.0,143107268780.0,546347761717.0,789174011639.0,1330455175821.0,1248905018191.0,795838587687.0,816808330127.0,43430299873.0,35416487665.0,10429642797.0,6512496623.0,49660795.0,-1901383997.0
0068Y0,비엔케이제3호스팩,,,,,,,,,,,,,,,
006910,보성파워텍,CFS,53425978108.0,43038670089.0,15240650189.0,4236383974.0,15672610695.0,4681213357.0,83423262700.0,80778223091.0,16082343194.0,13128256041.0,106290357.0,-890687728.0,352270897.0,-245314015.0
006920,모헨즈,CFS,40786677744.0,32507986227.0,13893745895.0,14183886358.0,23002094204.0,23319232258.0,41496553463.0,32852077807.0,25575606401.0,23946067307.0,2628347257.0,1377315219.0,2708428805.0,1404570644.0
0071M0,삼성스팩11호,,,,,,,,,,,,,,,
0072Z0,KB제33호스팩,,,,,,,,,,,,,,,
007330,푸른저축은행,CFS,,,,,1010366572213.0,1099346254004.0,311734913838.0,309400868380.0,,,,,1376260922.0,14516908355.0
007370,진양제약,CFS,56036865761.0,46328553345.0,31235166507.0,30937794255.0,37151688057.0,36868551968.0,86530469134.0,77575139224.0,24068439627.0,21808219936.0,3276969595.0,4697863702.0,3916880754.0,6184496807.0
007390,네이처셀,CFS,44066709014.0,67162791210.0,2842813938.0,35752449169.0,5354336669.0,36862832477.0,67276128187.0,57158171842.0,3859132539.0,5230699844.0,-1661570381.0,-2705304634.0,-1029290579.0,-4327113604.0
007530,와이엠,CFS,60510537296.0,60056808309.0,76328915923.0,78503618327.0,98096107737.0,100620123216.0,42742800036.0,42527828967.0,43043920522.0,37061912478.0,696728150.0,1614293573.0,84252637.0,2336186351.0
007680,대원,CFS,470993936213.0,479237341954.0,127240733188.0,129151474161.0,194454177729.0,176293293436.0,343082372472.0,363093197617.0,128714295383.0,82246020512.0,-5807440764.0,866962513.0,-4284638979.0,12836225199.0
007720,소노스퀘어,CFS,125515524668.0,128477641312.0,46897202329.0,50425063528.0,50107050095.0,54170812357.0,115309369911.0,114789505558.0,41630899400.0,47385212899.0,410664563.0,-2918063336.0,870079818.0,-2708679528.0
007770,한일화학,CFS,54929419916.0,64700295621.0,32943213447.0,34115743787.0,37156482819.0,38215891281.0,111861193635.0,118946028518.0,27976324575.0,38873150690.0,-2799477144.0,627035503.0,-2762506436.0,2154915142.0
007820,엠엑스로보틱스,CFS,83430646665.0,90240583632.0,41231348149.0,38660545329.0,42982555612.0,39700548747.0,59903507953.0,70238417153.0,63815745816.0,32253592820.0,-4139150851.0,970665532.0,-2866705221.0,2872069032.0
008290,원풍물산,CFS,18853269098.0,17059553384.0,18775714402.0,16226808179.0,21429255365.0,19028790174.0,12853802747.0,14059506373.0,4563582856.0,5613359712.0,-747653414.0,-477366923.0,-785161316.0,-651962084.0
0082N0,카나프테라퓨틱스,,,,,,,,,,,,,,,
008370,원풍,CFS,63923609228.0,54433650296.0,7941092786.0,4566532246.0,10980223046.0,7636922159.0,89432909883.0,85732789017.0,19776853720.0,24459921606.0,1769207486.0,3840817667.0,1925777423.0,4587764635.0
008470,부스타,CFS,62559071054.0,59115485095.0,17741511635.0,16485525162.0,19160679499.0,17520833026.0,78094961994.0,78713254542.0,24645256564.0,25706822406.0,568481075.0,-1338966143.0,360619811.0,-1960512022.0
008830,대동기어,CFS,107042483844.0,114960771517.0,131259086819.0,145742164376.0,164605473059.0,171570935670.0,86585777786.0,74301277978.0,56424458684.0,51643392736.0,-248681170.0,540917262.0,-912362188.0,-119692902.0
0088D0,메리츠제1호스팩,,,,,,,,,,,,,,,
0088M0,메쥬,,,,,,,,,,,,,,,
0091W0,신영스팩11호,,,,,,,,,,,,,,,
009300,삼아제약,CFS,117799367725.0,116856233344.0,18696983053.0,21558146460.0,23602475164.0,22580009449.0,195728220166.0,180617934694.0,22128276127.0,21521760596.0,4218266603.0,5846045268.0,4078569528.0,4127464785.0
0093G0,미래에셋비전스팩8호,,,,,,,,,,,,,,,
009520,포스코엠텍,CFS,123685264530.0,125563384822.0,42419600734.0,44148112945.0,42700293973.0,45114339289.0,116553193483.0,114609497975.0,80666449585.0,75210203545.0,1172392464.0,-2907578326.0,1146424394.0,-2158170805.0
009620,삼보산업,CFS,192897145504.0,179585361688.0,257663558234.0,233105650285.0,311400863621.0,288906499064.0,38809126689.0,49536172967.0,105321106846.0,100677663227.0,-2558596135.0,-2233628615.0,-7314903219.0,-8879296964.0
0096B0,삼성스팩12호,,,,,,,,,,,,,,,
0096D0,미래에셋비전스팩9호,,,,,,,,,,,,,,,
009730,이렘,CFS,41698347553.0,39121775037.0,16336030115.0,16339781531.0,16774866330.0,17593273649.0,46252125088.0,27924017766.0,18362501329.0,17102883760.0,7135727.0,526720539.0,68517357.0,182331824.0
009780,엠에스씨,CFS,109530334624.0,124305405733.0,61143981463.0,71550981907.0,69349503474.0,79058591288.0,147094723603.0,133147167587.0,47731643974.0,54919566351.0,5597881978.0,7470625948.0,4269879289.0,4953560797.0
0097F0,미래에셋비전스팩10호,,,,,,,,,,,,,,,
0098T0,교보19호스팩,,,,,,,,,,,,,,,
0099W0,미래에셋비전스팩11호,,,,,,,,,,,,,,,
0099X0,IBKS제25호스팩,,,,,,,,,,,,,,,
010170,대한광통신,CFS,134947980129.0,149413068050.0,121226452853.0,120153520176.0,142210188302.0,146550449341.0,94401150505.0,105528082860.0,40837247552.0,44125822286.0,-8269172118.0,1835910071.0,-10991362943.0,-871541147.0
0101C0,하나36호스팩,,,,,,,,,,,,,,,
010240,흥국,CFS,74627066723.0,70409528453.0,16032363528.0,14865269001.0,24350568412.0,25569569735.0,99147713913.0,92061674770.0,34065565679.0,33950354311.0,3539783568.0,2790356715.0,3402204423.0,3810888694.0
010280,아이티센엔텍,CFS,135595899288.0,190200762046.0,125053968673.0,181357765059.0,131702603018.0,202046585173.0,67154866472.0,61373892299.0,120112516791.0,66266998959.0,1351961463.0,1819607904.0,4894122246.0,2166527808.0
010470,오리콤,CFS,146017830704.0,137707582818.0,97288674542.0,91539036475.0,115941177824.0,107886928424.0,109709804122.0,106561490569.0,54579150714.0,44360856476.0,2048532657.0,1237730954.0,2154194569.0,2522875779.0
0105P0,유진스팩12호,,,,,,,,,,,,,,,
011040,경동제약,CFS,99208570732.0,102981141677.0,39399828370.0,50126818428.0,41789892460.0,52953144963.0,245310713007.0,257524763391.0,39039208897.0,47473091592.0,-1580495711.0,3888982665.0,542784038.0,2443958825.0
011080,형지I&C,CFS,34392837232.0,38084424368.0,19680399259.0,25792591885.0,29933088287.0,29926649877.0,26272501529.0,28287309512.0,12569757035.0,14484931966.0,-641715917.0,420919276.0,-741264718.0,-361610716.0
011320,유니크,CFS,117856060899.0,109332131207.0,112416210455.0,113738057546.0,129956907594.0,131257247637.0,120905882351.0,112592395098.0,82885959744.0,72156862002.0,2519124948.0,1535424272.0,1857067612.0,1443583081.0
011370,서한,CFS,861834991773.0,890596494339.0,499315148453.0,453084988302.0,682005469055.0,651481803806.0,398436624068.0,396325962471.0,138951509236.0,165775133177.0,2221767578.0,-23529881436.0,1075680356.0,-4863665047.0
011560,세보엠이씨,CFS,301131463392.0,373260255567.0,166878717986.0,247916566289.0,177225529434.0,258524337267.0,199715341352.0,183368642625.0,197410680745.0,273605731201.0,9018384708.0,6137795643.0,7101286118.0,5398697076.0
0115H0,삼성스팩13호,,,,,,,,,,,,,,,
0117P0,피스피스스튜디오,,,,,,,,,,,,,,,
012210,삼미금속,,,,,,,,,,,,,,,
012340,뉴인텍,CFS,57648725921.0,38300311078.0,55680382408.0,53825278808.0,65149731983.0,63044183617.0,37837537050.0,18386564198.0,18121301152.0,18709604592.0,-3419762953.0,-3302129836.0,-3667680905.0,-2645270697.0
012620,원일특강,CFS,178723804713.0,170103489152.0,125764588051.0,122906038019.0,128733121622.0,125105381924.0,154936928975.0,148250719808.0,94012897881.0,97532599399.0,3146798354.0,3516134720.0,1360170787.0,1790618495.0
012700,리드코프,CFS,56830984349.0,41364799694.0,76763590050.0,88547294302.0,547225370236.0,782639271893.0,416943506520.0,426451820382.0,129772011240.0,160514387883.0,7423995808.0,18978782575.0,5777683589.0,3118293604.0
012790,신일제약,CFS,65261162593.0,67279974209.0,14216051840.0,15958951576.0,17881365373.0,19554353404.0,131054575061.0,123277306881.0,25444288719.0,20396461511.0,4528584630.0,2739779081.0,3468394543.0,2457407305.0
012860,모베이스전자,CFS,440283094775.0,380922698161.0,471321965229.0,409634074959.0,562139026848.0,499601207739.0,203440271822.0,201774394924.0,235521928975.0,213844424302.0,4587802709.0,10058905702.0,-1585749191.0,15123786774.0
0129K0,신한제18호스팩,,,,,,,,,,,,,,,
013030,하이록코리아,CFS,333748795691.0,314733920709.0,24862993817.0,27997311373.0,33783986914.0,31796472661.0,407974094001.0,380125957238.0,46591973457.0,43444638781.0,14145785371.0,10237113709.0,12803736324.0,11834694964.0
0130D0,신한제17호스팩,,,,,,,,,,,,,,,
0130H0,엔에이치스팩33호,,,,,,,,,,,,,,,
013120,동원개발,CFS,1401235077052.0,1400189518418.0,365121196336.0,390250286438.0,387842661564.0,408211644878.0,1059526203826.0,1025784182179.0,177108729806.0,134421812029.0,-1976476926.0,21345215013.0,3129420559.0,18356382389.0
0131D0,키움히어로제2호스팩,,,,,,,,,,,,,,,
0132G0,교보20호스팩,,,,,,,,,,,,,,,
013310,아진산업,CFS,496118458527.0,239223281935.0,276277875082.0,214847349639.0,691836813511.0,439390616699.0,290718189963.0,245012858313.0,173261850352.0,139009188444.0,18865368230.0,582071221.0,15068971647.0,3812105646.0
0134X0,대신밸런스제20호스팩,,,,,,,,,,,,,,,
013720,청보,CFS,38649888243.0,52817397602.0,28686677172.0,30669371980.0,32982853896.0,31734808266.0,38771729344.0,42633521924.0,7498804554.0,8665744802.0,1369566798.0,1630916.0,-2237691203.0,-7920774874.0
013810,스페코,CFS,60730135454.0,55764887634.0,23533700898.0,22331882998.0,39006772158.0,35044853122.0,49719907112.0,50735385573.0,7293885657.0,8482767341.0,-1570760573.0,-1138929408.0,-1427119574.0,-1223834970.0
013990,아가방컴퍼니,CFS,125798135088.0,107850901496.0,43092995981.0,35757715642.0,54298404194.0,45935137780.0,170931537135.0,162428443517.0,42397915229.0,43224089629.0,3309007716.0,3324807503.0,2586327709.0,2571204035.0
014100,메디앙스,CFS,29067013810.0,30844169300.0,25620143911.0,24969232643.0,35636836017.0,35421725965.0,83311584691.0,80964907544.0,14755567254.0,15448974074.0,-1444503972.0,-479111262.0,5056406813.0,250507356.0
014190,원익큐브,CFS,118841727219.0,105058518034.0,43487228945.0,35750522802.0,45389437403.0,37308953487.0,104219220784.0,99487139959.0,61027656601.0,59769345612.0,1484438867.0,-899072459.0,1311531644.0,-40793898.0
014470,부방,CFS,91325311107.0,118361795052.0,137009500725.0,164684665327.0,156228914098.0,183838660440.0,186343270586.0,184675691639.0,85242296806.0,89111024509.0,-631558143.0,-261084216.0,-249523813.0,98660931.0
014570,고려제약,CFS,83389880913.0,72616549926.0,23094228069.0,7411697287.0,26313731143.0,9803724937.0,83174560623.0,84712633263.0,20530368402.0,21355335282.0,4376677290.0,4704248148.0,1838672733.0,3727670431.0
014620,성광벤드,CFS,302191614774.0,273411518468.0,43261130503.0,43060009503.0,55467629568.0,55371337984.0,502694765658.0,471742715459.0,57769992344.0,65255019541.0,9381679452.0,7800490168.0,9471501894.0,10879120407.0
014940,오리엔탈정공,CFS,51044706090.0,45626672007.0,47014798513.0,45323002678.0,102141339272.0,102050744297.0,91736511830.0,84800393850.0,37846159168.0,30491736480.0,3009686155.0,1632680411.0,2575527489.0,1384715315.0
014950,삼익제약,,,,,,,,,,,,,,,
014970,삼륭물산,CFS,44651100560.0,47738429673.0,40406232063.0,44120096867.0,46475610484.0,52856987862.0,60076684759.0,59614103602.0,22082426742.0,24043464852.0,415625049.0,-516723634.0,1461898826.0,-293556705.0
015710,코콤,CFS,61488273988.0,61709462426.0,17828678864.0,20593922697.0,24594290657.0,29125942226.0,123645848048.0,120415513933.0,28020242286.0,23992318562.0,2511154780.0,-107594994.0,2507416435.0,-261177606.0
015750,성우하이텍,CFS,1828153648583.0,1602080402854.0,1908540621867.0,1885767111853.0,2450090351737.0,2213559723081.0,1607362067479.0,1450611326732.0,1016516309315.0,1002138982193.0,49143290087.0,14386578778.0,52878414971.0,886902552.0
016100,리더스코스메틱,CFS,29386449786.0,23274729793.0,34956468962.0,33416540950.0,37804019009.0,36189005263.0,45361477900.0,43336121520.0,17060796837.0,19978866970.0,-996505724.0,45920017.0,-1105066065.0,18823054.0
016250,SGC E&C,CFS,821628077630.0,793492097839.0,693019730200.0,708692668861.0,706151734431.0,727213982033.0,237768075614.0,246311665503.0,505611424148.0,398619845282.0,4479591423.0,9203457461.0,4266010379.0,11861023072.0
0164H0,한국제16호스팩,,,,,,,,,,,,,,,
0165X0,메리츠제2호스팩,,,,,,,,,,,,,,,
016600,큐캐피탈,CFS,,,,,18618727207.0,13988417687.0,137350047293.0,127341461969.0,24193427501.0,3134366291.0,,,9092181224.0,700926283.0
016670,디모아,CFS,69806780418.0,69118328872.0,27794645589.0,30415668147.0,29913888642.0,32689197476.0,51702350768.0,52482123672.0,7583255869.0,4785517217.0,1278272601.0,-640171708.0,875224743.0,-5507475738.0
016790,현대사료,CFS,78917781680.0,91025571802.0,185099386974.0,144723534439.0,225184136880.0,228900391386.0,48148042740.0,42371457438.0,36640604239.0,39534322785.0,-3110537458.0,-1380339454.0,-912144076.0,-6250867919.0
016920,카스,CFS,79001055056.0,89951570442.0,88126351241.0,98569994292.0,99962053606.0,113327635163.0,62895542596.0,61481517136.0,37585283456.0,43132905547.0,571656158.0,-244933027.0,154232237.0,553496155.0
017000,신원종합개발,CFS,164904034861.0,169956494566.0,99053303116.0,101800058395.0,137364410395.0,133300677121.0,100899917961.0,93836238095.0,55938094359.0,46222103728.0,511235385.0,2737532546.0,3590487466.0,5974129014.0
017250,인터엠,CFS,38005556117.0,37570993462.0,36658209815.0,45154714886.0,42871441184.0,50458913560.0,40375954120.0,31353990108.0,15832006523.0,11790559975.0,1554023379.0,-149602885.0,1287209411.0,-99905288.0
017480,삼현철강,CFS,183545176057.0,185157541222.0,27949635839.0,34897295822.0,27949635839.0,34897295822.0,194172546289.0,189392647614.0,61462238049.0,85870982486.0,1558814581.0,4416243486.0,1977982544.0,3780144238.0
017510,세명전기,CFS,23984537065.0,25564434012.0,2338461647.0,2104643492.0,7874604749.0,8261702636.0,73891659623.0,74723572070.0,2616422673.0,3562202794.0,228360312.0,458601234.0,-758113793.0,475369003.0
017650,대림제지,CFS,90819880550.0,80677236858.0,17772565450.0,20809566722.0,46225825642.0,50524376010.0,257179188301.0,246937705258.0,41005478085.0,46754162170.0,5837853702.0,7315956441.0,4965216276.0,5945733957.0
017890,한국알콜,CFS,201959618563.0,180686786262.0,106141363591.0,56678991699.0,134576157999.0,113623990822.0,486357518909.0,467413575103.0,106113734324.0,125695872831.0,3377345570.0,4205106968.0,4023228029.0,8091563066.0
018000,유니슨,CFS,105267858818.0,78787368785.0,125811861722.0,121587435774.0,228722145542.0,194798803953.0,63632577733.0,67207541130.0,29671835645.0,36291561133.0,-1008702224.0,-2366232021.0,-3437291507.0,-4955202554.0
018120,진로발효,CFS,58711495301.0,60180385628.0,11419950479.0,16763404410.0,11939069490.0,17261397627.0,77393413843.0,75762580458.0,21390916819.0,19957641102.0,2300715197.0,74507271.0,2080014375.0,309458023.0
018290,브이티,CFS,140829485385.0,119240321076.0,100200577498.0,99203209388.0,111372832097.0,117948797560.0,131579346769.0,102748243157.0,84105922279.0,53553796879.0,14377651343.0,2655552956.0,9404822909.0,1994896823.0
018310,삼목에스폼,CFS,319007187004.0,211457251649.0,190191025914.0,157679051848.0,216551395092.0,182452356568.0,530650336091.0,448715617660.0,115339186279.0,94954795034.0,33188741966.0,24669791486.0,29622380933.0,21561934462.0
018620,우진비앤지,CFS,31198200064.0,39443891043.0,24285852476.0,17760435402.0,36505633388.0,26956028883.0,73665233218.0,64566447557.0,13010296266.0,11692531850.0,-205089227.0,-397374523.0,-538229421.0,55105620.0
018680,서울제약,CFS,26045663160.0,26011922518.0,20933669990.0,13890764087.0,24616762107.0,27006390954.0,38561007593.0,35421678748.0,13600758247.0,12191286572.0,-308444351.0,608252693.0,-430432354.0,611832996.0
018700,졸스,CFS,29598347904.0,32853790412.0,14218064568.0,24561845766.0,32740820769.0,30030710404.0,52774770715.0,58897988647.0,16781580123.0,15057906718.0,-372928609.0,-1555229886.0,-477788038.0,-1293794278.0
019010,베뉴지,CFS,118479301117.0,106589916369.0,219717776572.0,186220214116.0,277488519772.0,268629588213.0,349976252802.0,351542286244.0,17241965227.0,13848863405.0,3518412932.0,906895163.0,-10173348798.0,-7032096359.0
019210,와이지-원,CFS,566187400047.0,477189017933.0,509527150025.0,456722508122.0,699157823045.0,601068612285.0,359712693739.0,339798458106.0,148978484669.0,150878228982.0,15322204169.0,25316870276.0,5006825357.0,12927885309.0
019540,일지테크,CFS,203372666677.0,184332791216.0,342655775699.0,281314760272.0,426862332558.0,288169216067.0,111760448180.0,93171915901.0,178483824182.0,59024848773.0,2815863525.0,-1605945466.0,683763563.0,1886013451.0
019550,SBI인베스트먼트,CFS,,,,,4868813267.0,12249758959.0,127568197902.0,117623745674.0,4564098905.0,1861019921.0,,,1284543578.0,-3596056999.0
019570,플루토스,CFS,27124840089.0,28775336997.0,9321714307.0,11806666602.0,11870758827.0,15286814533.0,36452773191.0,33337090407.0,,,-858008971.0,-6187496010.0,-939039391.0,-6427282200.0
019660,글로본,CFS,9971787188.0,7823284968.0,3631160817.0,12077183569.0,3985299428.0,12959685314.0,12294095337.0,14920648209.0,6813292411.0,5313860420.0,-356584819.0,-973630831.0,-308675663.0,-906143645.0
019770,서연탑메탈,CFS,100421563411.0,85501918241.0,59631472538.0,54421761320.0,59947701380.0,55438115468.0,85350682331.0,77010560545.0,50708299173.0,40333285649.0,4934253643.0,-34628180.0,4771852647.0,708722148.0
019990,에너토크,CFS,19769264250.0,24946431476.0,4045078856.0,6741144959.0,4624968946.0,7340244038.0,41894200397.0,44399758924.0,4170125959.0,6805819930.0,-613008321.0,-143658555.0,-590434430.0,185060687.0
020180,대신정보통신,CFS,112269265772.0,70400166517.0,70588104039.0,55301503334.0,94199816069.0,56496625370.0,35120667462.0,28585215976.0,95890344651.0,84444182352.0,5754851815.0,5624104815.0,4364916698.0,1074287414.0
020400,대동금속,CFS,34215271896.0,30929858692.0,40969047911.0,41850960498.0,54632804343.0,54197945746.0,47655997987.0,46843303092.0,32925707868.0,34099121267.0,-436081721.0,262300716.0,-338750762.0,452617457.0
020710,시공테크,CFS,64014837972.0,54719410512.0,35473380724.0,33307356880.0,42905517117.0,38545003142.0,130197247318.0,124107397405.0,33299947628.0,20546212069.0,1294500407.0,-1739014168.0,-360407917.0,313797236.0
021040,대호특수강,CFS,132365360109.0,135427996406.0,136388687579.0,124219029612.0,166969643869.0,165218323021.0,46480349293.0,52744968900.0,75494622609.0,111625230513.0,2210485081.0,874540828.0,120988644.0,708730843.0
021045,대호특수강우,,,,,,,,,,,,,,,
021080,에이티넘인베스트,CFS,23766203058.0,40201444792.0,7157650456.0,15961469898.0,18643178240.0,27611284504.0,166986536386.0,166985095251.0,40802881366.0,7267734628.0,13270149593.0,2318550837.0,11274099815.0,1878244663.0
021320,KCC건설,CFS,918114519713.0,786408337496.0,609274923771.0,587328187978.0,846957116116.0,747474269742.0,464447052735.0,450654223297.0,440524643135.0,494538781628.0,8409062519.0,-7882946567.0,7303982458.0,-5973246944.0
021650,한국큐빅,CFS,116961407994.0,100182326281.0,90771704122.0,76162993069.0,92407354122.0,78478293069.0,84797052585.0,79860158356.0,63456059079.0,53220595110.0,2486240221.0,2518463131.0,1784763570.0,3159416338.0
021880,메이슨캐피탈,CFS,,,,,14717258270.0,11028293652.0,61301036950.0,54062089291.0,,,,,2216864374.0,-1526874012.0
022220,티케이지애강,CFS,65965218424.0,65826737296.0,15721184672.0,14125243596.0,17688309007.0,15898895009.0,99492255744.0,94479685690.0,19416684956.0,17929065736.0,1416161859.0,863951798.0,1507391250.0,558239667.0
023160,태광,CFS,314132324306.0,312707863420.0,37939959640.0,52478259759.0,56042944028.0,69762409007.0,570220056416.0,524232736859.0,74590255140.0,67935292023.0,12238238993.0,10382664441.0,11609048170.0,8682490660.0
023410,유진기업,CFS,597248978315.0,485500705339.0,939387723614.0,698285824430.0,1141684324359.0,1092825611169.0,1085770622248.0,937596247581.0,338525828734.0,356880783695.0,27824860055.0,19579665859.0,25921886556.0,-5496600315.0
023440,제이스코홀딩스,CFS,41592989986.0,35922045973.0,58356339311.0,62428988959.0,68832681996.0,73428637872.0,78093405920.0,63171564035.0,13389230933.0,20180222614.0,-3098493796.0,-1818126060.0,-5202692891.0,-3921467848.0
023600,삼보판지,CFS,251335357692.0,214202277679.0,76662843629.0,66355314281.0,152452631229.0,153502888976.0,598786098863.0,555903491225.0,141678637487.0,144347350133.0,19897020118.0,16775052141.0,17985928167.0,15380531035.0
023760,한국캐피탈,CFS,,,,,3365890788261.0,3011679758406.0,499471299679.0,456648274238.0,,,,,19560496508.0,18033043199.0
023770,플레이위드,CFS,20322076089.0,18860581170.0,8606594437.0,3543465180.0,15332248076.0,6793115460.0,25919019474.0,27139768822.0,10048217625.0,6430870351.0,210074787.0,-279359371.0,712734779.0,431249062.0
023790,동일스틸럭스,CFS,17473587960.0,20514216954.0,43218210432.0,40207087102.0,59246265064.0,59333757206.0,16006855441.0,36691624114.0,4792253940.0,7429813852.0,-584270693.0,-445794859.0,-805563813.0,-7872942280.0
023900,풍국주정,CFS,53271465550.0,48731156851.0,17107577856.0,21890588259.0,18168048827.0,24524641846.0,174952496209.0,166230790446.0,43492545689.0,40141727927.0,5579773539.0,86049710.0,5599295580.0,534372075.0
023910,대한약품,CFS,160262971443.0,155885923714.0,37590512340.0,42685523171.0,42977223366.0,51581827211.0,244107955446.0,225398085203.0,50927283978.0,48658642757.0,9825422179.0,9299729192.0,7856852496.0,8166930368.0
024060,흥구석유,CFS,8405239170.0,8668126676.0,5920218220.0,4679282771.0,15042002027.0,13848316797.0,78369907189.0,80086299356.0,32674683940.0,36792443295.0,-50775964.0,481964408.0,383016910.0,834861106.0
024120,KB오토시스,CFS,103975495845.0,94454673255.0,92357918232.0,71403678838.0,127480739397.0,103900507749.0,98258634824.0,100515560505.0,51230105884.0,50287390038.0,-614132171.0,1322715491.0,-980024138.0,1207305195.0
024740,한일단조,CFS,124288321209.0,119261419675.0,122676429973.0,127500533461.0,138744731699.0,142746444104.0,123938283851.0,115459177366.0,42189750978.0,46643767511.0,3089607785.0,3890112339.0,1263709249.0,3508055445.0
024800,유성티엔에스,CFS,50613243089.0,59378413076.0,113745586810.0,149264526322.0,148434223045.0,172307637327.0,445120914995.0,381058459865.0,60836999408.0,67608607582.0,-150422940.0,1103885931.0,5393325487.0,10069227215.0
024830,세원물산,CFS,215939848645.0,121686594086.0,43229430053.0,44946526270.0,81366128631.0,67255492440.0,312095731250.0,243314792516.0,37625904844.0,40877631971.0,-1611712398.0,1565643633.0,1035172814.0,2621174275.0
024840,KBI메탈,CFS,138722833721.0,171288593550.0,85808420473.0,111861932755.0,99418681260.0,123620933893.0,122021792326.0,105806299552.0,163831088120.0,160465911460.0,717609099.0,-3722140031.0,-2196863136.0,-9399944324.0
024850,HLB이노베이션,,,,,,,,,,,,,,,
024880,케이피에프,CFS,384192821399.0,387535583788.0,380767740692.0,393525831329.0,435158848370.0,454756690145.0,236810312838.0,211028670895.0,199294555117.0,205191122862.0,14061433140.0,11078374573.0,4696926421.0,8142185487.0
024910,경창산업,CFS,195283576564.0,180073932666.0,244260836637.0,241594892987.0,372904279355.0,370925491050.0,146599600474.0,137115652310.0,168118178520.0,152966768048.0,5572978969.0,5813585347.0,3534735058.0,4945906079.0
024940,PN풍년,CFS,36207014624.0,36368389915.0,5984828446.0,7721103293.0,6615434260.0,8206946373.0,47741944800.0,46249451023.0,12747752572.0,15183975637.0,591476167.0,-41916432.0,643886190.0,80209353.0
024950,삼천리자전거,CFS,152962227338.0,56619288434.0,103645960313.0,46077224570.0,110458524086.0,49245854713.0,146477233387.0,93421112243.0,19684871068.0,28587734583.0,-2429550883.0,-290298560.0,7762703244.0,-2334948107.0
025320,시노펙스,CFS,85817714407.0,94460382264.0,61921347414.0,96228580360.0,76207275974.0,109975340078.0,127985198450.0,104889857923.0,68213060188.0,54642947953.0,6496491629.0,1200106265.0,2878542142.0,4627366172.0
025440,DH오토웨어,CFS,102041812939.0,87987858100.0,75122845429.0,55242229281.0,110259443108.0,82875662902.0,68455561493.0,62073869822.0,105572534374.0,96138600987.0,2361439168.0,775956301.0,2128851407.0,660605711.0
025550,한국선재,CFS,142787040615.0,133702016871.0,117267555423.0,118720101020.0,154362250681.0,137582868745.0,118956952086.0,117276832579.0,58971105170.0,57703370170.0,943034386.0,636076965.0,-196510052.0,737095661.0
025770,한국정보통신,CFS,370880792000.0,312308264000.0,182522124000.0,148143804000.0,183397135000.0,152202378000.0,274000837000.0,248230023000.0,182597363000.0,149489864000.0,12311708000.0,10787511000.0,10584105000.0,8104451000.0
025870,신라에스지,CFS,27985324171.0,24016079665.0,21486146914.0,24423362968.0,33322795898.0,30174598674.0,18246484666.0,17680372707.0,23586550250.0,18579929995.0,630239422.0,659406138.0,241877168.0,213778238.0
025880,케이씨피드,CFS,50851599055.0,50256101948.0,35633740211.0,33907986099.0,39629109630.0,36235746966.0,64818522194.0,60992970168.0,21341966125.0,23885486536.0,1032583444.0,1698198556.0,1157914058.0,1847943107.0
025900,동화기업,CFS,546534380499.0,421219490339.0,686192715327.0,598325035262.0,1245639151657.0,1074761149038.0,687331893852.0,771347084169.0,247410227435.0,279063865874.0,-2837436110.0,16068326239.0,-64360310661.0,10432482715.0
025950,동신건설,CFS,84142642031.0,78426182450.0,13941578260.0,12176027400.0,22682971033.0,23709113847.0,94101239792.0,89577557133.0,20371814667.0,9788064400.0,3637221522.0,-173191443.0,3307600874.0,308946001.0
025980,아난티,CFS,219880101439.0,525676438032.0,415661461858.0,749253093649.0,841475348130.0,1224152226029.0,716697357325.0,510634607865.0,266491289319.0,90871461129.0,83171678458.0,39376004656.0,68301779194.0,29074456985.0
026040,제이에스티나,CFS,34647296782.0,36748699940.0,9067514190.0,9298741984.0,11648806152.0,12641518166.0,43800201369.0,46545182142.0,17759247577.0,18983207086.0,-640982456.0,674934700.0,625788228.0,851475528.0
026150,특수건설,CFS,99226033255.0,110319800814.0,68077411635.0,67211796318.0,80925711074.0,77734881219.0,107461716004.0,106136156112.0,57112888254.0,46618991547.0,-447645422.0,160466829.0,-140863617.0,375841704.0
026910,광진실업,CFS,32836112610.0,31249457505.0,37020806666.0,35142215508.0,67049406377.0,48819081233.0,26063622735.0,27461847589.0,11665022747.0,13598921870.0,-1893255606.0,-872451382.0,-1126476946.0,-956676788.0
027040,서울전자통신,CFS,32721903245.0,40292158907.0,38509596745.0,42225782293.0,70348186917.0,74893608869.0,39933838558.0,54311469502.0,10277191845.0,13368525401.0,-96941145.0,-1258451926.0,-733598479.0,-1183051257.0
027050,코리아나,CFS,39903737055.0,35681731835.0,19990854209.0,14184087021.0,28661298724.0,22780360687.0,84681316673.0,82748405805.0,21792908740.0,19747033103.0,338831942.0,-207843346.0,551847042.0,80193470.0
027360,아주IB투자,CFS,,,,,105669657281.0,129853432578.0,256503894386.0,243435887100.0,,,,,755634267.0,631147981.0
027580,상보,CFS,77900636878.0,70847977834.0,47885032808.0,41139955661.0,53803937452.0,46593967271.0,67183895569.0,65679141240.0,17385087162.0,15582949454.0,1596403238.0,570261527.0,2532846691.0,1566321830.0
027710,팜스토리,CFS,670751154968.0,683678462789.0,695087210955.0,693576365731.0,724441321812.0,726567989077.0,246369207973.0,249388172521.0,367472003561.0,368546180260.0,4510047316.0,5880961395.0,-5837239793.0,-34217100414.0
027830,대성창투,CFS,44305612775.0,20839024051.0,697076418.0,1415032747.0,883510949.0,1492832547.0,82882183630.0,59529176278.0,2088237351.0,1180686773.0,277584527.0,-450527385.0,20073262.0,-444205783.0
028080,휴맥스홀딩스,CFS,411307338759.0,474166796156.0,403365101819.0,452757564734.0,632149166661.0,697237364444.0,292208797133.0,323635043564.0,189336240862.0,183571054842.0,3650075889.0,-4565627317.0,-3576796082.0,-24320454598.0
028300,HLB,CFS,166381016156.0,343614513503.0,111074145148.0,200369576030.0,199471169495.0,268287104470.0,672327373373.0,698978330322.0,9729743470.0,23989309593.0,-29457476385.0,-36660633938.0,-24486406183.0,-37243933787.0
029480,광무,CFS,92456071049.0,115584266855.0,19302087295.0,54993555930.0,20232807439.0,55875956034.0,106217857758.0,80095780307.0,10850843483.0,24055141525.0,-540430501.0,1234601905.0,-18568736481.0,-1124443798.0
030350,드래곤플라이,CFS,10566204529.0,31189383127.0,5368487524.0,8530012080.0,6490383987.0,10015464649.0,54768796916.0,56006728461.0,1984245759.0,1428402307.0,-3011509566.0,-2785080635.0,-2802254322.0,-3077701136.0
030520,한글과컴퓨터,CFS,298574852378.0,313627880990.0,108983224251.0,162891358673.0,155753895671.0,213922218166.0,525193345588.0,480965246115.0,56969612325.0,54810051428.0,3263284641.0,4388007057.0,3431724560.0,29711921566.0
030530,원익홀딩스,CFS,348855904178.0,363309799710.0,454111623374.0,462128565778.0,520044917754.0,494371508160.0,1316696189704.0,1321154474643.0,186065377423.0,243817252312.0,17950708531.0,32521734585.0,5714510791.0,50022020784.0
030960,양지사,CFS,136798319765.0,131430364500.0,7989970564.0,8803058411.0,9041443679.0,10009176413.0,188019013666.0,184445697722.0,9768770302.0,6173525887.0,-1983399196.0,-818598064.0,1219701422.0,570428761.0
031310,아이즈비전,CFS,138330980929.0,133164631508.0,66064267987.0,79417196847.0,68913066103.0,82054067514.0,185197843161.0,164473192642.0,44138793386.0,44549596219.0,1787729496.0,490139789.0,-1071085008.0,-256903724.0
031330,에스에이엠티,CFS,583813185342.0,604743440194.0,310111150082.0,333392017085.0,320816709493.0,342503933011.0,366707682429.0,361082088960.0,541150642631.0,606803385331.0,15057241856.0,19623220623.0,8730629066.0,11686142936.0
031510,오스템,CFS,84082838661.0,99309100271.0,46941760440.0,86459158007.0,50997563562.0,91943080346.0,124499108391.0,95313984827.0,33805024272.0,32710735642.0,2569178946.0,-2256131059.0,6613383207.0,-3134805567.0
031860,디에이치엑스컴퍼니,CFS,33957564769.0,23686559130.0,6531461039.0,22300463182.0,7382473794.0,23066897644.0,77220014285.0,59860865937.0,3749296425.0,4051852568.0,-1981975141.0,-1171288341.0,-1347103614.0,-1917087857.0
031980,피에스케이홀딩스,CFS,157512834943.0,128409189488.0,36235159883.0,22197474143.0,60228133159.0,46254379594.0,324186279106.0,282176616066.0,14855243202.0,14736047440.0,934131432.0,2680384228.0,7659495941.0,12598003379.0
032080,아즈텍WB,CFS,75066522742.0,82839033454.0,24539092407.0,31336386282.0,25319480300.0,32043710418.0,110353363274.0,109988449248.0,10607908837.0,15626537695.0,635203117.0,1270561684.0,-2190740874.0,1941752984.0
032190,다우데이타,CFS,43721710692069.0,41328047328898.0,42981270204622.0,41371262788203.0,46872613253547.0,44437568870718.0,6022490311648.0,5437356810860.0,2302701357631.0,2860206128732.0,298871543941.0,210095828500.0,235296077273.0,173675522208.0
032280,삼일,CFS,14963387442.0,12890284018.0,41791059742.0,33025212704.0,43213271013.0,41462750693.0,62702687341.0,60094257637.0,24657920369.0,21989240140.0,332224459.0,-234204063.0,31381230.0,-441469993.0
032300,한국파마,CFS,101411507000.0,98083251141.0,72872815377.0,69535318881.0,74963951547.0,71131716248.0,60111943787.0,59815439793.0,19825971723.0,20437018135.0,1643603930.0,1543132328.0,1248155782.0,648434608.0
032500,케이엠더블유,CFS,120032304634.0,187314625105.0,74422367438.0,93925086925.0,89959689417.0,105571185872.0,192740748518.0,240292628165.0,18361552720.0,53513132789.0,-10841867684.0,-8479328112.0,-14255787273.0,-1335662372.0
032540,TJ미디어,CFS,52428269182.0,59360392273.0,25014941958.0,32734258293.0,40858925193.0,49484040118.0,85945806373.0,85298143128.0,21794278881.0,20194204364.0,868329628.0,823206371.0,736389851.0,675838046.0
032580,피델릭스,CFS,55492003334.0,51829635137.0,8210693336.0,7479238838.0,8210693336.0,8700926916.0,50534191439.0,49066283806.0,13352746349.0,17363422405.0,59578135.0,696777988.0,540739088.0,3193818203.0
032620,GC메디아이,CFS,61277997469.0,75278175606.0,22014196799.0,24550463436.0,34479033715.0,38374297465.0,119069178413.0,123506905057.0,37829625957.0,34400163143.0,457919141.0,2826872388.0,-276392782.0,2777586346.0
032680,소프트센,CFS,65292686121.0,64064072422.0,33204864043.0,26656631539.0,38274144342.0,43204764258.0,85393096112.0,78925112592.0,16161612992.0,21060089095.0,142707189.0,-84668957.0,1604585447.0,-1496629748.0
032685,소프트센우,,,,,,,,,,,,,,,
032750,삼진,CFS,73510241489.0,70778003918.0,23210277048.0,21060439490.0,24641764427.0,22550291377.0,94668131576.0,92645781178.0,39071273790.0,32327280172.0,832894314.0,115096098.0,231641193.0,3586547398.0
032790,엠젠솔루션,CFS,38012965915.0,50253770225.0,25826377779.0,26413763869.0,29446600571.0,29472551033.0,44218645380.0,46484953391.0,19788402252.0,24178877909.0,-1148133095.0,-383638307.0,-790275617.0,447850625.0
032800,판타지오,CFS,18609773849.0,42548393773.0,29334691616.0,44128944238.0,30752331577.0,45731030061.0,40465203583.0,31702668004.0,8893278134.0,8808877683.0,-484271964.0,489065799.0,-780158602.0,-6882257478.0
032820,우리기술,CFS,66961164793.0,65775971470.0,48345513423.0,50477611968.0,85460451793.0,66541800413.0,98341668535.0,95472396278.0,22202739033.0,14805455809.0,6130759487.0,2398778663.0,5724137714.0,3195508276.0
032850,비트컴퓨터,CFS,30480031527.0,28243756094.0,7255709997.0,7022238899.0,9577488325.0,11157918043.0,65171506362.0,63126429227.0,7629182193.0,7455365650.0,1341775617.0,1563624390.0,965406300.0,1244754235.0
032860,더라미,CFS,37628133390.0,11065522023.0,3221790737.0,2841364381.0,3267753918.0,3022536592.0,51605692019.0,25311787470.0,10816921079.0,10980443494.0,-1879668294.0,-1179725251.0,-2005112253.0,-1194977863.0
032940,원익,CFS,44787015736.0,38153742346.0,64770829800.0,60670243606.0,119188740242.0,121824089979.0,260410046607.0,255184729500.0,31831278735.0,26384758689.0,3399706231.0,1341101811.0,2813724977.0,9317770669.0
032960,동일기연,CFS,58374272369.0,54019022424.0,2967574162.0,2686188836.0,4229214028.0,4267791095.0,66816677834.0,62159718006.0,6338687505.0,6192021644.0,206632557.0,589397323.0,934772507.0,1010285287.0
033050,제이엠아이,CFS,50790730638.0,50836114534.0,35907195226.0,38113452423.0,39197645006.0,43236187512.0,45149343651.0,42231409048.0,22538868956.0,17258775730.0,1207945675.0,1651361970.0,1136358069.0,1049476955.0
033100,제룡전기,CFS,113545743878.0,66481409443.0,31193797340.0,16579144601.0,31704006268.0,17061308094.0,105857539943.0,70829943784.0,41808437803.0,25033417189.0,17054409248.0,6560668566.0,14056343052.0,6133629667.0
033130,디지틀조선,CFS,48375602852.0,53629206921.0,7453752908.0,6730732315.0,9715745628.0,8822046478.0,84582704715.0,82132660037.0,9888794670.0,8587408723.0,1293844418.0,1202250254.0,1412892052.0,1239456960.0
033160,엠케이전자,CFS,320615556368.0,270790225161.0,438210537551.0,355965738911.0,1293822442261.0,1152566694717.0,976101305023.0,1017450472456.0,274114521251.0,245130847341.0,5342381519.0,26386300856.0,-1953006951.0,395180234.0
033170,시그네틱스,CFS,66760547954.0,91867606977.0,40243273732.0,57924874951.0,44151175255.0,61897064699.0,121225540796.0,131312734118.0,41290710994.0,71704799520.0,-4596266918.0,2164412709.0,-4897939059.0,1311310478.0
033200,모아텍,CFS,55380597133.0,54332576476.0,6518037907.0,5434773495.0,7768312975.0,6575319170.0,70581078422.0,71097156423.0,8145486773.0,8215575776.0,-312723401.0,-538390716.0,-2575114.0,-454726223.0
033230,인성정보,CFS,201449285829.0,199424454846.0,129048601474.0,142317455241.0,164722804397.0,156038691059.0,72519098182.0,76437814436.0,83947153783.0,69377353271.0,681534833.0,144564466.0,-909622635.0,-1114002244.0
033290,로젠,CFS,270751086157.0,276491928002.0,253217955488.0,235539743950.0,646964058534.0,571242059846.0,509604336690.0,496313200770.0,259861458507.0,275489733480.0,11042850928.0,16993963944.0,5252043871.0,6414071308.0
033310,엠투엔,CFS,36132213167.0,50222612847.0,31002624310.0,39061113825.0,47838596139.0,43668663704.0,142588626962.0,141416657020.0,18537173575.0,6878965361.0,1225981138.0,-620490679.0,466238557.0,-1674066860.0
033320,제이씨현시스템,CFS,98667281265.0,104160457918.0,30284665750.0,35804812389.0,41985570094.0,48027187022.0,112311038829.0,112613714431.0,49361723591.0,42831054367.0,104571248.0,-2254752053.0,376597267.0,-2284133401.0
033340,좋은사람들,CFS,51225745614.0,49466499718.0,13291980514.0,14683041594.0,17799854679.0,20363762023.0,57847983887.0,53567785000.0,23377033376.0,21008259752.0,157184706.0,432874590.0,1073258478.0,284767886.0
033500,동성화인텍,CFS,271758308154.0,225834524902.0,219143189946.0,178546402834.0,240944875360.0,195394788188.0,161129064510.0,148615651842.0,124305405119.0,91260830205.0,12126856582.0,11193456137.0,9865716881.0,4315233490.0
033540,파라텍,CFS,117281752945.0,131523428863.0,77701163773.0,74911864053.0,113796373274.0,112870332530.0,91501989178.0,96764297170.0,57440599019.0,54741780328.0,1534893141.0,-409395793.0,172666495.0,-1262218227.0
033560,블루콤,CFS,32215386080.0,35953331729.0,10979404033.0,12512460454.0,15510226428.0,14995091152.0,159939506127.0,160357894917.0,8450302394.0,17993707395.0,-580293302.0,459563509.0,761219890.0,2532700543.0
033640,네패스,CFS,289139694214.0,254753833223.0,297051688162.0,350963304429.0,730855311337.0,739611151367.0,374105168119.0,392322207827.0,126460966234.0,158364614530.0,-14623742254.0,256711837.0,-19541145785.0,-1254358438.0
033790,피노,CFS,12668472007.0,13647794930.0,1379982964.0,1593849091.0,1675182180.0,1757551148.0,22400645327.0,23530670661.0,887091981.0,3646021543.0,-506401264.0,135191831.0,-467961206.0,332424708.0
033830,티비씨,CFS,74798449354.0,83477289676.0,5048882213.0,6500693336.0,5723632302.0,7146543184.0,124804434225.0,121591758295.0,10228487481.0,8610761551.0,1195845042.0,987434167.0,1653763317.0,954914925.0
034810,해성산업,CFS,1116849029522.0,1153374889359.0,815775801259.0,902561389555.0,1157647449755.0,1232637424600.0,1386521432833.0,1390702210838.0,551182740282.0,656049274057.0,21360710866.0,58418386128.0,-32518124044.0,36954980526.0
03481K,해성산업1우,,,,,,,,,,,,,,,
034940,조아제약,CFS,43897072349.0,48199873778.0,25791469034.0,27327775766.0,31617759095.0,34231202185.0,47853061780.0,51408206786.0,14807847697.0,16435002017.0,-2592142194.0,8499345.0,-2716931735.0,38732178.0
034950,한국기업평가,CFS,105184084830.0,117965830422.0,26004909575.0,27584690699.0,34627738996.0,34077799505.0,111722300501.0,127232796822.0,18956868491.0,21285340651.0,2775948830.0,4906165387.0,2925018748.0,4184861063.0
035080,그래디언트,CFS,1051300487777.0,1144150480893.0,786132027992.0,763627550198.0,923983541610.0,887158413041.0,848633575342.0,882241958396.0,809452113086.0,939319563835.0,-29236135.0,3166650236.0,-7173308447.0,13389141337.0
035200,프럼파스트,CFS,28725596459.0,28374495218.0,2794541998.0,3428867519.0,3492327069.0,3953370182.0,37942516180.0,36830090628.0,7198833490.0,7034344496.0,380014941.0,283465924.0,442160174.0,324323909.0
035290,골드앤에스,CFS,18486555263.0,11689949184.0,2392190471.0,2525925770.0,7701166158.0,4169436272.0,13635118119.0,14551482876.0,2511829813.0,2606077005.0,-284910535.0,-314686952.0,-134061468.0,-213705621.0
035460,기산텔레콤,CFS,73698154951.0,56999427205.0,46014700300.0,27394104957.0,50819054890.0,34775858599.0,42377629169.0,39672780683.0,13175996194.0,16136818064.0,-1051732932.0,826729750.0,-923469569.0,1700634046.0
035600,KG이니시스,CFS,667037991903.0,603965268301.0,760914199578.0,751637882115.0,982002257817.0,847320423017.0,666450110748.0,605659712056.0,347125526795.0,313303183485.0,29335315035.0,30604459423.0,20920346147.0,22189027268.0
035610,솔본,CFS,133276302513.0,117752934302.0,30352328701.0,29604960806.0,40111292702.0,38247330896.0,212088757932.0,182424394974.0,28289500480.0,19641805021.0,1526292000.0,-1352133852.0,2660101548.0,2413630752.0
035620,바른손이앤에이,CFS,10600282842.0,12412931785.0,26420971765.0,21845521837.0,50075351733.0,42405037706.0,79170754314.0,85669406179.0,2951458165.0,13290459618.0,-1210860666.0,-1056925686.0,-2568844418.0,-1777709078.0
035760,CJ ENM,CFS,2563399878075.0,3108038802501.0,3740183830209.0,4269198302324.0,6279615333455.0,5987918870682.0,4105009046786.0,4344327774901.0,1110868086947.0,1178541574552.0,7405467192.0,25527526116.0,-52259587766.0,-55617314093.0
035810,이지홀딩스,CFS,1326868436893.0,1441036534217.0,1188049571313.0,1326239248883.0,1524816839701.0,1638407921136.0,1037032018024.0,1017883519185.0,762093593787.0,795279713055.0,29820588304.0,26002675144.0,9884011729.0,-34729991076.0
035890,서희건설,CFS,925928503987.0,1027034109514.0,539145026350.0,711603988281.0,666967491329.0,860191630774.0,830105214624.0,755851873052.0,365214232348.0,336532934860.0,39673314896.0,45361175897.0,9775519886.0,30606136672.0
035900,JYP Ent.,CFS,320939749998.0,237105821049.0,112462771977.0,101383995470.0,118458669612.0,106621208896.0,393611364869.0,304501101236.0,139650665948.0,95135678862.0,43830055903.0,27506568719.0,34724601706.0,22542843383.0
036000,예림당,CFS,69753870935.0,62450518532.0,10817168630.0,11244500132.0,22481121595.0,24440107588.0,208496043920.0,187053863232.0,4200795994.0,6978444988.0,-1140740635.0,71097334.0,3958957707.0,-18021885098.0
036010,아비코전자,CFS,77244293351.0,85684376687.0,21453360645.0,25753451254.0,29526830589.0,30461065489.0,115665783873.0,116989538323.0,30912423347.0,41396657697.0,-785559268.0,3113667393.0,1381874872.0,2748207805.0
036030,케이티알파,CFS,302944048550.0,286855015521.0,159369305899.0,165095976220.0,167264296634.0,176685884361.0,252186274592.0,231149412783.0,99247619216.0,112512699795.0,2689411865.0,2276352488.0,4934201064.0,1414237018.0
036090,위지트,CFS,27383925074.0,29242990976.0,16916365361.0,18110456561.0,19613680558.0,21263210780.0,131406469300.0,138414470165.0,9592019557.0,8485785272.0,1535071436.0,221777484.0,-283680265.0,78435307.0
036120,서울평가정보,CFS,21230166247.0,24854086766.0,3663285238.0,4906119875.0,7030403580.0,8420080308.0,29872589866.0,30399872929.0,7680022674.0,8564954680.0,-539179736.0,-163067719.0,-471070101.0,-258821555.0
036170,에이치엠넥스,CFS,36990408135.0,17068468350.0,907464446.0,1405649377.0,2236127251.0,2653279581.0,119478926775.0,110674992849.0,3503327037.0,3337856923.0,25531434.0,-1304309054.0,3625554635.0,412665317.0
036190,금화피에스시,CFS,211372305766.0,211671833990.0,49770760484.0,62615693876.0,91212097828.0,106084311318.0,320833649564.0,301813373837.0,67763343172.0,48012343795.0,7709502041.0,5688203464.0,6901489629.0,6512748514.0
036200,유니셈,CFS,174068222388.0,176038759617.0,27694423510.0,33218406195.0,29721928642.0,35290989030.0,213728199620.0,199436342702.0,62076503685.0,74553591958.0,6202786106.0,8537015068.0,6297418227.0,9815026276.0
036220,오상헬스케어,CFS,203332442188.0,158410261385.0,48546848731.0,49150508027.0,48600832889.0,49291065099.0,299436721846.0,199892506201.0,20041551643.0,29434876456.0,-8110179710.0,218639508.0,-4819803214.0,5528632126.0
036480,대성미생물,CFS,28109057660.0,28690269393.0,9314562321.0,10610934147.0,26420341769.0,26271895162.0,37914726176.0,38837410070.0,5662410835.0,4956117212.0,-1253365985.0,-529140902.0,,
036540,SFA반도체,CFS,192147531559.0,271876331548.0,47704356758.0,89214692681.0,146020758997.0,190956704120.0,487920836174.0,483917637617.0,95797469890.0,182669239039.0,-10770167045.0,16141604051.0,-9196070397.0,15999154828.0
036560,KZ정밀,CFS,92204708563.0,77424118656.0,24069610499.0,30459489373.0,59572986620.0,71656711563.0,335842459904.0,340550766940.0,36725864236.0,20543898805.0,5238162384.0,2948055710.0,7724639488.0,2787738776.0
036620,감성코퍼레이션,CFS,84668758932.0,65913604528.0,35737257020.0,21643896676.0,41091989024.0,33016078507.0,63376904563.0,50896171453.0,35642490949.0,23707012935.0,5190092811.0,2203702527.0,3859623822.0,2051482570.0
036630,세종텔레콤,CFS,331589213157.0,250671992866.0,170897079087.0,78737872081.0,206495597085.0,116241788005.0,315663264060.0,315567161280.0,87680885563.0,80150032525.0,919056427.0,1090960308.0,-1193031180.0,-16303533957.0
036640,HRS,CFS,62135661114.0,55187107907.0,9272986369.0,6511329556.0,11186919068.0,10425858635.0,111683925580.0,106450249192.0,19811101774.0,20312955308.0,3216964141.0,2205380228.0,2928085314.0,1938861962.0
036670,삼양케이씨아이,CFS,75745558218.0,74376524947.0,20291380608.0,24697373232.0,20563235597.0,24943833965.0,104068893261.0,98186202402.0,27440110653.0,28937092212.0,2951169563.0,7090819005.0,4228905706.0,5848408317.0
036690,코맥스,CFS,67523490888.0,61696173804.0,52424236034.0,42059387389.0,57520408997.0,46734979002.0,43600865357.0,48674484788.0,31634837506.0,30542953198.0,-2873781398.0,-3527856783.0,-2721868370.0,-3708116397.0
036710,심텍홀딩스,CFS,389250687405.0,535492212439.0,573610431076.0,544825331656.0,841992747948.0,783354665925.0,494969106352.0,633029078947.0,308786672208.0,478131661252.0,-19418664712.0,102517834570.0,-25379805791.0,88304724174.0
036800,나이스정보통신,CFS,995066398239.0,835948046191.0,815587484751.0,675989879538.0,824971455080.0,684103815937.0,362079187851.0,347185562984.0,224678019942.0,210889240053.0,12296964837.0,13449634853.0,11940942635.0,12548454599.0
036810,에프에스티,CFS,112359613830.0,102142383708.0,95093205005.0,90073320602.0,165931762728.0,149006341683.0,242694716137.0,245753464315.0,55283564320.0,59069457608.0,1677381266.0,5182839521.0,-170405002.0,6412762229.0
036830,솔브레인홀딩스,CFS,380484638134.0,349057791497.0,342857476726.0,301572152117.0,520466731846.0,507496360946.0,1281333601160.0,1181784706228.0,170805478224.0,148887288356.0,31315474953.0,23096131489.0,21846493920.0,28229875388.0
036890,진성티이씨,CFS,274726630940.0,292201738866.0,134189941747.0,170582127567.0,153009905904.0,193183284635.0,227574005649.0,209485385462.0,107245147364.0,141642678975.0,5200483695.0,19262800008.0,1789595273.0,21370906515.0
036930,주성엔지니어링,CFS,,,,,279875443858.0,348454879955.0,472979258680.0,484608319076.0,86070880475.0,105150090412.0,6181322468.0,30644998062.0,3958457504.0,31325273268.0
037030,파워넷,CFS,81672493459.0,80833907650.0,52330765539.0,38503805437.0,54354061565.0,51178308480.0,92634867363.0,91050684984.0,50071811847.0,55116010221.0,2738365533.0,2557029190.0,780515440.0,1978115610.0
037070,파세코,CFS,99422617215.0,86972271342.0,49280126053.0,40062742646.0,52011104615.0,43003290234.0,104294000019.0,106618825788.0,55814745709.0,83336690353.0,1139451547.0,8202769963.0,3406182783.0,5981335538.0
037230,한국팩키지,CFS,71714668646.0,73721503313.0,105927331094.0,102873092311.0,114754941780.0,118492783203.0,68152933687.0,67057901645.0,57933746588.0,54481833230.0,2273057991.0,-339326855.0,875355291.0,-1347570198.0
037330,인지디스플레,CFS,205802903842.0,165317082799.0,273905230508.0,237292711815.0,300761833947.0,272330217332.0,228689713202.0,210195761837.0,185345971853.0,152956446565.0,5394431167.0,8211430968.0,5014066790.0,5444887661.0
037350,성도이엔지,CFS,444543538110.0,339710916675.0,285389547095.0,214425002868.0,361274551794.0,245392537392.0,262918614145.0,256208460946.0,162343551665.0,145470672667.0,10157274254.0,-2255278234.0,4917323551.0,2479924969.0
037370,EG,CFS,24834624788.0,37669747180.0,25137339865.0,20575088350.0,107663384627.0,103538950746.0,36394138862.0,50605521776.0,12196793991.0,18132992553.0,-4103561716.0,-1663564017.0,-4560056905.0,-1446277690.0
037400,우리엔터프라이즈,CFS,561151556286.0,425224982773.0,418093335940.0,313566630270.0,452346663964.0,354894206314.0,322832964616.0,297587073657.0,393447927980.0,353174189462.0,13319599542.0,9605826932.0,12393409098.0,10053027112.0
037440,희림,CFS,144486004954.0,153852354143.0,101857199649.0,112605002660.0,119167632732.0,131057305364.0,69579570845.0,68069600888.0,54016784973.0,54994241597.0,300046302.0,2310162425.0,1020169508.0,2856218932.0
037460,삼지전자,CFS,760846378318.0,770787811141.0,444148272384.0,471571368825.0,463953128383.0,495205154084.0,531268001448.0,498033577306.0,635408877959.0,689431129105.0,32132896319.0,19114122507.0,22607860395.0,10583451849.0
037760,쎄니트,CFS,95221008069.0,93813287868.0,80888225866.0,84203908011.0,100043325689.0,98332943747.0,101222755332.0,99282779834.0,33575458574.0,42602210708.0,1441764476.0,2725104599.0,1264588234.0,2493618774.0
037950,엘컴텍,CFS,32288319870.0,29515460590.0,5100995470.0,5842949423.0,8820419470.0,8859123423.0,69442663991.0,66355254079.0,13671312731.0,8790860822.0,308818995.0,658787874.0,523790012.0,3132537987.0
038010,제일테크노스,CFS,120871937941.0,95755050702.0,88200196864.0,85661753387.0,104296159004.0,100357308972.0,104315294492.0,84526109547.0,60279314871.0,60494490574.0,10188509758.0,4876892818.0,7275625913.0,514336605.0
038060,루멘스,CFS,134764139520.0,125122467998.0,53755598779.0,42423379807.0,55066082891.0,43923272104.0,99920028159.0,93676767562.0,47312024865.0,39548065647.0,1947189712.0,214298956.0,2040091394.0,3114194777.0
038070,서린바이오,CFS,94135171233.0,86669372482.0,48460788561.0,46364634208.0,49149298896.0,46700791922.0,89259551267.0,88167973055.0,19557326689.0,22217122642.0,820491224.0,871455766.0,439186339.0,1046866414.0
038110,에코플라스틱,CFS,455105435206.0,375747538375.0,572303282944.0,525377621138.0,791036566017.0,654427253668.0,189987061497.0,156503283455.0,492730714985.0,432850032776.0,22535541265.0,5151451718.0,12034191422.0,4897150433.0
038290,마크로젠,CFS,67770096308.0,90568243223.0,49175377925.0,57572487324.0,88531965296.0,99166857974.0,175648007653.0,180958806269.0,32292003553.0,35548341434.0,-1242033742.0,122017883.0,-2098536318.0,1594244195.0
038390,레드캡투어,CFS,99116314199.0,65235715083.0,271902095469.0,210714037040.0,520180513705.0,429129490715.0,200404879011.0,192726432715.0,84070932804.0,64593326119.0,9727930312.0,7635347368.0,4056703888.0,3976482394.0
038460,바이오스마트,CFS,140772063622.0,129646805575.0,149705431483.0,131180533651.0,159960601128.0,144877945180.0,102455897930.0,92305261647.0,114067863753.0,92993415650.0,3756327870.0,2198279487.0,204058432.0,1805260760.0
038500,삼표시멘트,CFS,329469181818.0,283443135474.0,404845072816.0,290168489932.0,819885700355.0,765292464745.0,704420668810.0,687498907800.0,180525007581.0,166831001348.0,24534303529.0,16473001757.0,11808196927.0,16709687320.0
038530,케이바이오랩스,CFS,26215290591.0,50788054988.0,3743285772.0,15556078143.0,3851701453.0,15674171811.0,61807840139.0,66797886640.0,6491454753.0,7626184410.0,-41176529.0,212846461.0,-1685820244.0,711280958.0
038540,상상인,CFS,4288636900003.0,3821477793509.0,3002351696206.0,2569034131224.0,5939186286376.0,5452931988622.0,799798801188.0,849135316466.0,195111638063.0,172832130374.0,-28466781115.0,12071230135.0,-26438878439.0,7236939603.0
038620,위즈코프,CFS,35706683868.0,28495252705.0,21015718871.0,1074874389.0,31621508360.0,9149935024.0,85314756342.0,78364811947.0,11332544835.0,11762575783.0,-557012475.0,808764090.0,-1337040708.0,174590781.0
038680,에스넷,CFS,228243868855.0,217995945383.0,185246141418.0,190455335811.0,193159917417.0,196323675732.0,85665094287.0,74652748801.0,121896609141.0,80906829371.0,3956155697.0,751860305.0,3738034730.0,711089894.0
038870,에코심플렉스,CFS,46883859343.0,42715802952.0,22002838876.0,26335812398.0,22029296960.0,26335812398.0,81562952995.0,69485748206.0,3649981428.0,3359126822.0,-757929507.0,-650129487.0,-149322274.0,386826037.0
038880,아이에이,CFS,42489570690.0,41109178608.0,44483696830.0,40517352780.0,60211194752.0,53316696245.0,107024776551.0,112319146441.0,17459487957.0,18401093277.0,953874613.0,140073548.0,-423642087.0,-431922521.0
038950,파인디지털,CFS,82514686888.0,81745997238.0,7127023960.0,8168182395.0,11318723835.0,12636170138.0,96412327679.0,92473813299.0,22623290763.0,22815569365.0,-68168750.0,-928742109.0,451535832.0,-239059722.0
039010,현대에이치티,CFS,58162720979.0,52165197007.0,30784684047.0,25927519080.0,31187621151.0,26421233592.0,86540642034.0,90949416494.0,38077301339.0,26259351738.0,-746681493.0,206276061.0,-3825206842.0,126857234.0
039020,이건홀딩스,CFS,202363158062.0,187107797994.0,249595663729.0,217203983024.0,413291072675.0,396833890121.0,305640100878.0,308349882089.0,114406899788.0,121703017482.0,-985380116.0,2845445598.0,-4470598895.0,-307195389.0
039030,이오테크닉스,CFS,431272949201.0,423736681537.0,42628663819.0,76183627401.0,42963602935.0,76752866702.0,563297104151.0,539114525299.0,73960526593.0,115758652926.0,2952096403.0,23528330413.0,7910055820.0,31201709874.0
039200,오스코텍,CFS,107357017442.0,107871877882.0,27266697892.0,18574495837.0,30233874835.0,21914692257.0,107948715693.0,121821006022.0,1696153356.0,1112777021.0,-8052886153.0,-7465771161.0,-4838988287.0,-7279837815.0
039240,경남스틸,CFS,125701089835.0,118175847045.0,68549786270.0,64593530317.0,68619741942.0,64598881503.0,107514059525.0,103522894939.0,94771814249.0,103221708618.0,2107080225.0,3236481844.0,1791564225.0,2754831534.0
039290,인포뱅크,CFS,37994720011.0,36275915207.0,24511569712.0,23543729655.0,25660524359.0,24841333606.0,72069563831.0,64294824818.0,34091521341.0,34096380834.0,-1278734902.0,-368194249.0,-683540810.0,451717642.0
039310,세중,CFS,117092850684.0,82846449908.0,68497974062.0,35461159238.0,70682758074.0,41017950742.0,97560097790.0,88717783934.0,7770697308.0,8635284485.0,401686574.0,-3083576402.0,5444754558.0,964933518.0
039340,한국경제TV,CFS,102706648179.0,95711185622.0,15056715052.0,14430104163.0,27184971055.0,26813424393.0,175626051385.0,168037199995.0,,,1656769090.0,1778671548.0,3707323758.0,3073864245.0
039420,케이엘넷,CFS,30010763026.0,27981279711.0,5083819655.0,8037579823.0,6507429682.0,9690874689.0,55295444014.0,51075025604.0,12945686797.0,11195590043.0,2135691107.0,934947898.0,2632802785.0,1086514563.0
039440,에스티아이,CFS,218553663143.0,225532008861.0,85882714179.0,108905909521.0,86752216414.0,109597092758.0,228568623848.0,219280083803.0,66830198642.0,120613432834.0,1403307536.0,10624957929.0,1912773091.0,13880854893.0
039560,다산네트웍스,CFS,112543855922.0,147439343471.0,78117218428.0,55522404358.0,89819690504.0,86404912682.0,292382447366.0,382756736094.0,21427466369.0,20229685112.0,-308531648.0,964570447.0,-10710581607.0,-26283889976.0
039610,화성밸브,CFS,78085305550.0,75563062943.0,25147101595.0,32572434470.0,42035548294.0,42982483090.0,87095244474.0,80493641768.0,22408473261.0,18434033290.0,2245630458.0,196448225.0,1730339590.0,211549470.0
039740,한국정보공학,CFS,52558178308.0,47799517966.0,35942680623.0,30943202996.0,41194456229.0,36202797491.0,44360059374.0,45123656189.0,37041716679.0,22861329682.0,921218606.0,263380767.0,646513062.0,232251515.0
039830,오로라,CFS,161222910259.0,168608234343.0,266648593608.0,205101792587.0,365975375887.0,329479439502.0,144935202407.0,134485224091.0,64400974347.0,59212752446.0,10248868616.0,5591173670.0,3653534822.0,1187408708.0
039840,디오,CFS,194242875792.0,169840755650.0,171053278015.0,150211263680.0,180192434007.0,163066339902.0,207292506643.0,167252015639.0,40047838728.0,38152714064.0,6511949547.0,1070543196.0,3454157421.0,1636247937.0
039860,나노엔텍,CFS,38332529615.0,40571384951.0,3765390434.0,4847877253.0,4619790566.0,5627996929.0,53941937471.0,57648792699.0,6409654053.0,8769329157.0,-805647268.0,783228424.0,-1365329193.0,2478427164.0
039980,폴라리스AI,CFS,78484246454.0,80280874264.0,24054459508.0,27331591191.0,27585813847.0,28578027792.0,71083233141.0,69761748683.0,12016872883.0,19168178967.0,164152858.0,-137676027.0,251233000.0,-5352692795.0
040160,누리플렉스,CFS,114635015739.0,97556553461.0,66220575950.0,70290120635.0,69671698533.0,74327268172.0,94086641238.0,79471369363.0,45841352630.0,25480969901.0,4325118737.0,970353901.0,5361430924.0,2010634650.0
040300,YTN,CFS,159875491199.0,173858659244.0,19457828469.0,26645349126.0,100207886441.0,104834571113.0,245741163966.0,255296935573.0,31121030265.0,34694647750.0,-4403102531.0,-725815289.0,-2794618636.0,581626593.0
040350,크레오에스지,CFS,22037429734.0,14153053493.0,17620432224.0,24295825149.0,21412627943.0,33379964598.0,32748916461.0,36689202224.0,2248488758.0,2370864383.0,-787323892.0,-1228439378.0,-716121253.0,-407397217.0
040420,정상제이엘에스,CFS,19565301567.0,15080019035.0,17714485240.0,18188681549.0,21902302764.0,21897108157.0,81876725784.0,77785795963.0,28459613173.0,27894815862.0,4234573463.0,4203258342.0,3358024303.0,3335984389.0
040610,SG&G,CFS,33918834664.0,34500113584.0,43023228164.0,43957626715.0,63294520993.0,64618804546.0,323370828232.0,313027834719.0,9666970523.0,11211410627.0,396986196.0,750078039.0,3360814348.0,5245976950.0
040910,아이씨디,CFS,113585855282.0,113203176618.0,54031890437.0,43015837672.0,60872143454.0,49254330355.0,142730875416.0,153246033985.0,24609857040.0,58325761136.0,-8112509220.0,-519289667.0,-9323218304.0,5190004035.0
041020,폴라리스오피스,CFS,224223188423.0,26791920943.0,48532497122.0,8003059105.0,60925834996.0,11281684177.0,269999277744.0,64399636160.0,,,4266554153.0,475371090.0,5962803086.0,334390166.0
041190,우리기술투자,CFS,,,,,88863693855.0,82623388928.0,438391197121.0,399029952531.0,3479372709.0,6104164960.0,,,235846918.0,-119670096643.0
041440,현대에버다임,CFS,235615965481.0,214319000144.0,129523568888.0,112552000576.0,132013336182.0,113418150237.0,186933302832.0,178928677282.0,77601102499.0,92075401619.0,1282116853.0,4724829382.0,1431870343.0,5651919812.0
041460,한국전자인증,CFS,22211857890.0,29092849920.0,17255547149.0,20960174796.0,18190731456.0,21864525190.0,47969254056.0,46854807961.0,9542884421.0,9043151493.0,750021334.0,1428615270.0,281278333.0,1855528685.0
041510,에스엠,CFS,811564759693.0,841444752217.0,481791226492.0,467445334456.0,599778546598.0,576891434654.0,967544772395.0,886132057820.0,266309545682.0,238109764205.0,50514843389.0,29757715241.0,84199280464.0,29157763382.0
041520,이엘씨,CFS,142013205871.0,164326975740.0,16291776660.0,29437742110.0,27552047248.0,34172639147.0,189240682099.0,198698748579.0,15397997178.0,31260078337.0,-3070519851.0,-819352494.0,508602271.0,5330505283.0
041590,플래스크,CFS,11844895260.0,46300690132.0,34155759052.0,47077898534.0,37560044828.0,51899573742.0,50921643043.0,70317096686.0,3724502496.0,8423547102.0,-5896395400.0,-5795799161.0,-5533712246.0,-6387901063.0
041830,인바디,CFS,151694470074.0,135489178141.0,21097377960.0,19204628349.0,28583030077.0,26625933670.0,243135548118.0,216039393702.0,44751979634.0,38892427829.0,12443024256.0,7540422191.0,12018618094.0,9206878244.0
041910,폴라리스AI파마,CFS,64259637892.0,67730983423.0,4886134989.0,7036462906.0,6145740120.0,8229890580.0,120354563623.0,116089117025.0,14705115681.0,14135708124.0,960087325.0,822509112.0,1053325476.0,1284223431.0
041920,메디아나,CFS,84139924955.0,75976212226.0,10830327852.0,11591728590.0,12535717827.0,13384006579.0,98414710536.0,90061320106.0,17314858245.0,17992153094.0,2018350159.0,2800386184.0,2700398915.0,5874077521.0
041930,SY동아,CFS,178736029018.0,158882061167.0,134190207134.0,126160218541.0,141332525819.0,134764886171.0,153225933310.0,141977005706.0,97463109868.0,94978785707.0,6276627599.0,4112706659.0,3744525171.0,3927832792.0
041960,코미팜,CFS,58319510479.0,42628667794.0,43155128599.0,41047473669.0,65504877909.0,46103957092.0,61177225640.0,65647019444.0,7837548804.0,8095433192.0,-1334432403.0,-1810299607.0,-1615965632.0,-1284099896.0
042000,카페24,CFS,125577864645.0,107322559444.0,131218734254.0,127265723511.0,164151056156.0,171728534932.0,182013188843.0,169389675679.0,64760643060.0,66435937749.0,-3596884232.0,-3035323976.0,23449674248.0,-4896045405.0
042040,케이피엠테크,CFS,53815932249.0,35213437397.0,30497077561.0,27034760095.0,35036856123.0,31327509571.0,134099527969.0,97350478720.0,14768446912.0,7891905820.0,-1174089714.0,-150994694.0,-7141159466.0,-8407180117.0
042110,에스씨디,CFS,140353392746.0,129433635486.0,56307511887.0,47530610177.0,56446771802.0,47676226005.0,121713702989.0,119283912299.0,48606511745.0,49224778944.0,1296295368.0,2070870185.0,1209363859.0,908333922.0
042370,비츠로테크,CFS,305992106850.0,295412087713.0,101428114570.0,135757865616.0,150047090549.0,180415629329.0,367903152129.0,333701538444.0,86362107139.0,93663350128.0,4476389278.0,14469905155.0,3645875150.0,16529667630.0
042420,네오위즈홀딩스,CFS,389149435415.0,357211652157.0,147334405511.0,123949151466.0,185838245294.0,146612343360.0,698424542301.0,657808673768.0,117818001086.0,75468865129.0,18296372539.0,855221693.0,14497272227.0,-3362075979.0
042500,링네트,CFS,121608663041.0,139122801326.0,52997380059.0,77401235311.0,53393119205.0,77489174594.0,90613323250.0,83421543248.0,47266723636.0,66134576445.0,5576333673.0,1979277667.0,4024970107.0,1266104303.0
042510,라온시큐어,CFS,49805101097.0,56647662528.0,31795431335.0,31451546439.0,40507977210.0,31795926332.0,46471040695.0,45095494365.0,8828407803.0,7872754568.0,-3003072633.0,-1891742266.0,-3148574194.0,-2214233549.0
042520,한스바이오메드,CFS,51231642817.0,54371071482.0,59681968257.0,74443342362.0,66827449610.0,84231206403.0,58854581028.0,47454999688.0,18466892403.0,20214623244.0,121738664.0,1298028272.0,-595555488.0,-745430690.0
042600,새로닉스,CFS,80521117801.0,67485811870.0,110894930058.0,92894641628.0,164888409050.0,143874223866.0,220913137979.0,204368696312.0,60041380838.0,60687950581.0,2891651006.0,1398317959.0,11003315470.0,15726471019.0
042940,상지건설,CFS,177769315453.0,175639970585.0,125992913072.0,148844372959.0,143859929187.0,165515405257.0,87029741851.0,57719970844.0,26445688291.0,8888783767.0,2846350241.0,-2421613888.0,-1640807575.0,-4572254942.0
043090,더테크놀로지,CFS,49942801894.0,67314449559.0,25062833172.0,14912407829.0,28257055994.0,17411751626.0,48135174566.0,55484097942.0,4981726793.0,538220520.0,-2297452907.0,-1074788440.0,-3419353767.0,-835487500.0
043100,알파AI,CFS,32752446216.0,30673910987.0,20258244691.0,14284188367.0,29041344610.0,24419615212.0,24800709709.0,29471293937.0,6265897755.0,5630501233.0,-1746600464.0,-1485281454.0,-1746660307.0,-1020237485.0
043150,바텍,CFS,297717386767.0,270358765241.0,99073832325.0,100870052358.0,159498515402.0,147680630914.0,413829965067.0,363433483152.0,87655793454.0,99101053670.0,16951090399.0,19533957046.0,18331532739.0,23685622417.0
043200,파루,CFS,28164501256.0,24966339546.0,32410395175.0,26225382969.0,34936714673.0,30378981645.0,28771443583.0,23554669961.0,6683061666.0,9538720926.0,-722515512.0,-381449330.0,-1233101991.0,-367684782.0
043220,티에스넥스젠,CFS,47008724941.0,51529462351.0,20475732396.0,19705897603.0,26618983670.0,26808611247.0,46554567546.0,47772355530.0,4188681886.0,5766168934.0,-694605800.0,-638128535.0,-848082285.0,-1164527958.0
043260,성호전자,CFS,161832904604.0,153252733651.0,138404742003.0,98699485128.0,165012381581.0,149130896613.0,92287062898.0,82989704715.0,54002017875.0,36896399294.0,2099591982.0,-1848494106.0,-1645541615.0,-828136921.0
043340,에쎈테크,CFS,33244685819.0,34087521876.0,39908226398.0,26906153240.0,63457528082.0,59342744702.0,16500939599.0,23965480238.0,10619676741.0,15063391649.0,-2023912536.0,573065453.0,-4316270859.0,-309976911.0
043360,디지아이,CFS,23369070866.0,22102447126.0,3646250791.0,2916980994.0,4907812700.0,2916980994.0,43930838075.0,44687998847.0,4593492488.0,3637703011.0,-521886686.0,-291139209.0,-316255713.0,129096213.0
043370,피에이치에이,CFS,582188979691.0,590481694991.0,259438987320.0,284366412857.0,280002601231.0,306777450192.0,721301727170.0,673099593120.0,267513757830.0,262567774367.0,10909549304.0,9956988476.0,11734980762.0,10058190482.0
043590,웰킵스하이텍,CFS,39625426885.0,20842948078.0,3085803678.0,2560164202.0,3092504411.0,3015175596.0,43037379501.0,33414406121.0,6107350244.0,4441341122.0,464913003.0,-769004535.0,1361930671.0,206822674.0
043610,KT지니뮤직,CFS,197091358957.0,172978563773.0,133359958431.0,119441745867.0,139645313707.0,158930776532.0,227101289988.0,181171913458.0,95624869953.0,74001712629.0,4515058682.0,4745965268.0,3998714588.0,4386405792.0
043650,국순당,CFS,98211524197.0,102024431443.0,9804154857.0,12739008827.0,17212483367.0,19493670338.0,236382532763.0,234352560683.0,18283091254.0,18952175694.0,1616928051.0,2250613383.0,2823856068.0,3633118864.0
043710,코스리거글로벌,CFS,17477993124.0,23818965375.0,4813983083.0,3417090628.0,9717225517.0,8061184145.0,41965077288.0,30103185725.0,5947191515.0,2992908767.0,-1430491065.0,-1571290180.0,-2328035777.0,-1516355422.0
043910,자연과환경,CFS,50014207695.0,46082224586.0,33267358423.0,32145849549.0,50496480050.0,46377292958.0,75655140397.0,74137631090.0,14058459370.0,20285182069.0,670436049.0,-45559865.0,545908115.0,-254584341.0
044180,KD,CFS,217677190581.0,195177459954.0,106156689737.0,65295829595.0,272984886066.0,257283701586.0,41540280794.0,36375260184.0,49483739959.0,25983776798.0,2796170529.0,-1060194940.0,265617336.0,-170927265.0
044340,위닉스,CFS,158656743091.0,191585741504.0,147202937174.0,167825361530.0,161917933930.0,208986285207.0,212830643081.0,202094880910.0,107335191070.0,81703640123.0,5062957832.0,1265171489.0,8160317210.0,5430051265.0
044480,빌리언스,CFS,102635895195.0,89448304144.0,107650327576.0,65190951416.0,120118649835.0,65716693466.0,117057290450.0,106631241095.0,28181694430.0,18225580516.0,-3522176248.0,-112793737.0,-6353199041.0,808934135.0
044490,태웅,CFS,361241181796.0,330180996866.0,130235695904.0,106909813971.0,273213855798.0,277512084161.0,508552346455.0,481394649086.0,107349223140.0,99185878754.0,10664572552.0,112721333.0,9994882590.0,1246794772.0
044780,에이치케이,CFS,54472663161.0,54398491176.0,17417402571.0,26456185381.0,25107627229.0,27098324819.0,60723415552.0,59117177576.0,17941458471.0,21218950048.0,311932891.0,2238837039.0,547436882.0,854191085.0
044960,이글벳,CFS,28197682842.0,26242417686.0,8984671640.0,8206610690.0,11709310976.0,11912161501.0,45360981324.0,42954280174.0,10405965331.0,10387364202.0,356777731.0,134635155.0,490129089.0,155817452.0
044990,에이치엔에스하이텍,,,,,,,,,,,,,,,
045060,오공,CFS,72077281438.0,72523063676.0,22208339677.0,24660107585.0,28885650448.0,32963533473.0,107972767954.0,103812905868.0,39248737543.0,41373052055.0,2740909922.0,1636289413.0,2331800968.0,1328581142.0
045100,한양이엔지,CFS,445917369995.0,463371028853.0,209774498036.0,256641339576.0,217213566888.0,259202612534.0,513356777709.0,472346996996.0,221393948944.0,307433832508.0,17936452339.0,24441757492.0,15278176392.0,24407034343.0
045300,성우테크론,CFS,26298782519.0,32468555287.0,21470593416.0,17313755063.0,25032439038.0,22598453761.0,70137449118.0,69995179860.0,8819709345.0,9780616761.0,-365519136.0,676833868.0,-565820716.0,601276610.0
045340,토탈소프트,CFS,20810975845.0,18039988675.0,5327851257.0,4823913987.0,11010555580.0,9899473200.0,20494880096.0,18817423388.0,3456798226.0,2767316263.0,566251139.0,573658094.0,907209888.0,980336916.0
045390,대아티아이,CFS,75361954592.0,59108327128.0,61215351902.0,40543869174.0,109388486332.0,89697434481.0,116615550305.0,109921387424.0,31345850435.0,19521808272.0,1157703812.0,480731123.0,1367843948.0,1480481443.0
045510,정원엔시스,CFS,65846990845.0,71532296457.0,43489086967.0,49356871837.0,48280538670.0,54155518330.0,41639598114.0,41325322516.0,42955634499.0,42945642631.0,631909677.0,-350683461.0,96303179.0,-603869512.0
045520,크린앤사이언스,CFS,47155524237.0,44779871887.0,41355634000.0,37603935856.0,67249248275.0,67342611310.0,28002052056.0,27179126938.0,20615790657.0,21333840814.0,-8719762.0,-1519042126.0,-140290938.0,3750028123.0
045660,에이텍,CFS,40732518177.0,39412810602.0,12366395891.0,7035140349.0,15658354559.0,9879579909.0,91775931513.0,88931041123.0,14633020461.0,10431343222.0,-130613862.0,-761711776.0,569843144.0,22029303.0
045970,코아시아,CFS,178389429320.0,169308228303.0,224493096358.0,193390590023.0,244194856893.0,247266163970.0,150163802522.0,163159988163.0,99383896645.0,98339965284.0,-5393195479.0,-11277369703.0,-6450969900.0,-10314711585.0
046070,코다코,CFS,167581879171.0,163488703925.0,414367595386.0,392747446507.0,460121793195.0,440894399016.0,16268800044.0,13047943955.0,71665014047.0,78747704409.0,-7847620510.0,334735891.0,-12714413331.0,-10689524376.0
046120,오르비텍,CFS,53923828283.0,68373335408.0,34421239146.0,47723083475.0,44716375879.0,61068617493.0,58760984832.0,57286953357.0,13274743946.0,11995185406.0,-2445978616.0,-5821015887.0,5189684828.0,-6655649720.0
046210,HLB파나진,CFS,88021388869.0,26013527442.0,33774013288.0,1418797724.0,33990976413.0,2984183441.0,61871154302.0,31689245446.0,3085425846.0,3411362823.0,-505258162.0,355573501.0,-525330689.0,937982304.0
046310,백금T&A,CFS,123758262169.0,98977255677.0,43409919723.0,32370268573.0,47653557719.0,38044954127.0,97608346959.0,81005377557.0,46190960589.0,41503880717.0,6407755431.0,6903238735.0,5359526708.0,7271744692.0
046390,삼화네트웍스,CFS,39430960961.0,47853729424.0,10730122101.0,19886563219.0,17055669045.0,25393695700.0,59963621471.0,57875495567.0,19581533034.0,3593807122.0,3973145350.0,-2417226128.0,4447087288.0,-1089467908.0
046440,KG파이낸셜,CFS,331870141488.0,325603553581.0,153990964559.0,122236498493.0,161850494038.0,157786435557.0,327356943088.0,316402413155.0,76341661573.0,68154399541.0,10114772459.0,10270542859.0,7485673999.0,7814227934.0
046890,서울반도체,CFS,554004867967.0,550449970337.0,350674506885.0,305104421601.0,535766983000.0,514302591299.0,730741221121.0,775569363947.0,281975025004.0,283654183158.0,-13457081851.0,-9185839566.0,-20795892973.0,-1918573775.0
046940,우원개발,CFS,100652145814.0,79333040261.0,56633382105.0,48949232644.0,86774201480.0,61255735691.0,101955192842.0,103840009874.0,68471684737.0,49252770666.0,-1030941891.0,148225633.0,-816327283.0,2497598462.0
046970,우리로,CFS,47945425548.0,45944280426.0,12300311686.0,21106924628.0,14345731563.0,23316377217.0,48202535665.0,37658654174.0,10181313114.0,24996549923.0,-858734769.0,1425453791.0,-1022297644.0,891198021.0
047080,한빛소프트,CFS,29758009596.0,38982098157.0,15015867749.0,17678528469.0,16407455861.0,19081035629.0,18837412275.0,24859645733.0,,,-1508613112.0,1284452131.0,-2689367291.0,510274857.0
047310,파워로직스,CFS,273671014164.0,166568906385.0,212264051196.0,135702978511.0,219383544524.0,145849023713.0,201278569751.0,169593172026.0,220698852635.0,166683956777.0,3793806303.0,-8936608317.0,3857997668.0,-722007589.0
047560,이스트소프트,CFS,96208088649.0,111428829702.0,43020457690.0,41722676611.0,91986795731.0,101507404011.0,77644691452.0,83518988156.0,,,-4252976344.0,-3191122970.0,-4370580176.0,-3654009841.0
047770,코데즈컴바인,CFS,40901916638.0,40990994430.0,16319259781.0,16377473852.0,20535447960.0,21798020171.0,65685633324.0,62263391412.0,9989776790.0,10240028660.0,543178053.0,977843115.0,835454158.0,920821125.0
047820,초록뱀미디어,CFS,258023736618.0,154704562133.0,125542929054.0,124022410433.0,141381694094.0,158798163068.0,473637689570.0,323112197302.0,50522971622.0,38803369189.0,1270827575.0,674608179.0,21358639297.0,-6127117250.0
047920,HLB제약,CFS,51668832207.0,59945909397.0,48474074604.0,52856815902.0,53074223715.0,56248554148.0,79977744735.0,85928555504.0,34636199942.0,25110681779.0,-7608377386.0,-1800262011.0,-7641738580.0,-4390489022.0
048410,현대바이오,CFS,18636292634.0,24012071104.0,7201773441.0,8384034661.0,7476943542.0,9091422389.0,53368583025.0,58235388532.0,1963120972.0,2382935966.0,-2015649852.0,-7262825934.0,-1979088060.0,3355671494.0
048430,유라테크,CFS,103109182554.0,83145703268.0,23343328507.0,21725360832.0,27534828357.0,25121136038.0,131338256366.0,118376268764.0,50501387059.0,47571778671.0,1447565215.0,-360093880.0,2003623807.0,597386287.0
048470,대동스틸,CFS,78548613551.0,75276900001.0,13621776876.0,20074339401.0,17676099245.0,24006794291.0,74438765393.0,71502449150.0,31366104277.0,56273394424.0,-141208778.0,-4611860152.0,-274781476.0,-4554455060.0
048530,인트론바이오,CFS,71225775338.0,113928084251.0,1179347290.0,32217637009.0,2114743351.0,34777367138.0,97200499546.0,106181199120.0,1671365802.0,2829086529.0,-733489961.0,-462304984.0,-2591897774.0,-1683578053.0
048550,SM C&C,CFS,211117654825.0,250660528634.0,167982670291.0,213177980162.0,181099703468.0,226771483221.0,108598244416.0,106569021931.0,33876238771.0,47665033650.0,918397676.0,1148317062.0,1600233068.0,1530255381.0
048770,TPC로보틱스,CFS,59005068743.0,65441498756.0,57126662439.0,56907035935.0,70183012655.0,70361436158.0,36413783835.0,42740036800.0,23108515657.0,24981319076.0,94743533.0,84305958.0,-488735962.0,-102307399.0
048830,엔피케이,CFS,26302585172.0,23379271530.0,17473103486.0,19052040102.0,27266768472.0,28586446438.0,44706256973.0,43803360903.0,16237305029.0,12871322778.0,924624457.0,-497805411.0,793615893.0,11523980.0
048870,시너지이노베이션,CFS,113184188387.0,87420972069.0,26195931565.0,52224094447.0,28894483702.0,55711716159.0,219435115860.0,171664125779.0,19476030251.0,20274181933.0,1825693730.0,3697997999.0,1691880473.0,55052043.0
048910,대원미디어,CFS,118082335666.0,105458066692.0,71085378387.0,60268227432.0,79638018069.0,65408323772.0,133841220414.0,126917831251.0,59457074175.0,72050657760.0,-2137120197.0,866801956.0,-2582383348.0,-160188617.0
049070,인탑스,CFS,445218499737.0,489335232678.0,103410988824.0,126204308073.0,114689826530.0,139180532052.0,752981612211.0,731299925603.0,146090900231.0,233284290966.0,5758635667.0,23475328446.0,10059655551.0,22833890460.0
049080,기가레인,CFS,45162138783.0,51562279105.0,20119241953.0,24373562592.0,26833381794.0,30791098568.0,56070141898.0,60946856087.0,9678986104.0,16155669741.0,-3132546466.0,-862838221.0,-2545701145.0,1641464939.0
049120,파인디앤씨,CFS,27052411991.0,33628115582.0,45491407082.0,58763567113.0,77134624309.0,80137673777.0,30875114562.0,27109174602.0,8482919081.0,10346399504.0,-2509217120.0,-1961040368.0,-2021425560.0,-35388824.0
049180,셀루메드,CFS,61112798982.0,65553833603.0,41561483824.0,33898463026.0,45919424236.0,38126577588.0,48292189008.0,55129354214.0,25504703266.0,31456208287.0,-868148415.0,44391555.0,-1284251820.0,-1002621216.0
049430,코메론,CFS,100081266072.0,79737537460.0,5209941746.0,10672268958.0,8264332261.0,13204012049.0,205718213222.0,194515184268.0,19335392669.0,23429155213.0,3525500338.0,5979632624.0,2670183110.0,10148964572.0
049470,비트플래닛,CFS,15469952953.0,25515476742.0,20608801887.0,12513589499.0,24682604870.0,26975420868.0,39461127497.0,46175133116.0,13312697558.0,21162116810.0,-2854599447.0,-101215250.0,-2957740161.0,916597479.0
049480,오픈베이스,CFS,87096104263.0,95309724645.0,48708856656.0,57588631787.0,54848659561.0,62046328495.0,90796374002.0,88696559970.0,34285591935.0,34560909766.0,246195560.0,1317273899.0,107500027.0,-280661880.0
049520,유아이엘,CFS,149494842739.0,125727606190.0,63709109580.0,49138319034.0,74620440311.0,60756627172.0,159838542831.0,148357853779.0,86843049670.0,94366875556.0,3682699359.0,5664412339.0,3931603022.0,8821325484.0
049550,잉크테크,CFS,31451254477.0,32405292797.0,17851486477.0,19953569908.0,55912876562.0,41955524677.0,72016240785.0,69997559092.0,15978857322.0,15032168902.0,1153851392.0,1240772873.0,932963421.0,960944480.0
049630,재영솔루텍,CFS,45135201572.0,55170553347.0,97676592419.0,103920118248.0,125057539776.0,138782832319.0,64320149884.0,62604235324.0,23957643835.0,20870217656.0,167690968.0,-815197407.0,-827223660.0,-2229336068.0
049720,고려신용정보,CFS,47329091650.0,46418456200.0,34940067591.0,39496580368.0,46021159177.0,47943307227.0,42055700947.0,39292144493.0,40370709333.0,36034439205.0,2812442458.0,1892179799.0,2439270119.0,1293362694.0
049830,승일,CFS,79647504982.0,78170804764.0,22590875306.0,24851592551.0,27719709367.0,31309987191.0,145830711953.0,145523365121.0,33715667964.0,39066553766.0,-130184133.0,204438192.0,38402948.0,901446200.0
049950,미래컴퍼니,CFS,105659270870.0,106151092033.0,30357028804.0,37120505060.0,31658953702.0,38066077305.0,140509994041.0,132881565790.0,43819929046.0,32083026685.0,3576853640.0,-2062658293.0,4143911824.0,2551330908.0
049960,쎌바이오텍,CFS,80075997709.0,75655066275.0,6913832042.0,7388900612.0,8004871405.0,7746690864.0,108670400545.0,108091949806.0,13659840066.0,12417878129.0,1812397979.0,2056145404.0,2961444311.0,5531402943.0
050090,비케이홀딩스,CFS,18635106330.0,22691210564.0,3929708225.0,5848191166.0,5209027558.0,6712074425.0,19795457896.0,22245048024.0,5170075267.0,6223604807.0,-457654705.0,-509185236.0,-387847258.0,-243271864.0
050110,캠시스,CFS,204216607943.0,217238019386.0,186873885919.0,198579543835.0,196232014262.0,221222551592.0,117541585061.0,130011788297.0,119524251082.0,183750229476.0,3233361573.0,6227649280.0,-283688531.0,2353619824.0
050120,ES큐브,CFS,36119313884.0,41310245855.0,3072219638.0,8558923877.0,5518862231.0,11306160216.0,84468935329.0,110399253266.0,11076337010.0,22936333406.0,1848221628.0,6321953694.0,-13314424239.0,3563066027.0
050760,에스폴리텍,CFS,60352416865.0,56308881487.0,47289624232.0,39445914413.0,50516412384.0,43204921060.0,65747772480.0,65433189705.0,17506284783.0,18036206916.0,-377627495.0,-1328410037.0,463887918.0,1980986190.0
050860,아세아텍,CFS,160851508066.0,87669584025.0,87972787433.0,21179702445.0,92788544367.0,26120022290.0,127361283625.0,121782743980.0,43770862443.0,45676311236.0,6935897968.0,6466216975.0,5206140164.0,5768620191.0
050890,쏠리드,CFS,231727618190.0,216472641760.0,175026101442.0,194527482322.0,194782054187.0,205460154959.0,253622560504.0,228875014938.0,72297901325.0,72943934171.0,7885353441.0,10100354454.0,9945257818.0,15436908800.0
050960,수산아이앤티,CFS,32620248258.0,28318119964.0,12286641373.0,11011458415.0,13551844306.0,12766534696.0,83723102822.0,82075093812.0,6167460954.0,5698178141.0,1414365533.0,660440511.0,1013164288.0,1235460641.0
051160,지어소프트,CFS,195046536356.0,190285529363.0,60716006993.0,61021299578.0,102436794519.0,108381396883.0,193691079037.0,183099995099.0,127321404461.0,115266888686.0,6410788437.0,-2632676103.0,5791637942.0,-2992563562.0
051360,토비스,CFS,278864450602.0,208589671289.0,240101186075.0,142586224595.0,289625046384.0,209179765769.0,208760570191.0,190322724926.0,127926362260.0,92350844104.0,9806645552.0,5387210444.0,7081677526.0,886555282.0
051370,인터플렉스,CFS,143757095586.0,123540412972.0,64569385602.0,83677882991.0,73566113967.0,89077018617.0,220914825884.0,197806496365.0,116905974605.0,121651606955.0,8065121194.0,9453872670.0,11135200492.0,11098975506.0
051380,피씨디렉트,CFS,86479056265.0,82396585816.0,51116606351.0,45025255348.0,51963127890.0,45792670993.0,42757070775.0,44831288092.0,73387679680.0,75468527684.0,50518207.0,-342567729.0,-415283741.0,-2338852922.0
051390,YW,CFS,43466401136.0,41791738830.0,7658143679.0,4903335665.0,18520293088.0,21224330796.0,79723604243.0,76598391994.0,6883306121.0,4842991879.0,1282068317.0,898290768.0,1285382898.0,819920171.0
051490,나라엠앤디,CFS,158320141152.0,151639211589.0,129787788610.0,136253927789.0,132409564808.0,139355202118.0,107426479257.0,96556129675.0,63132775061.0,54819082827.0,4181835029.0,3007406406.0,2806543255.0,1679820030.0
051500,CJ프레시웨이,CFS,636749333096.0,673967665437.0,752552050884.0,795630613919.0,1071556427487.0,1080671194761.0,397291827347.0,404055698335.0,809037090994.0,751679219858.0,30188958757.0,35203961465.0,22872935279.0,25089271214.0
051780,큐로홀딩스,CFS,35087384196.0,43055768912.0,30182889061.0,24910653618.0,39577533115.0,43613597486.0,31315934908.0,36330975969.0,16834405902.0,17959007686.0,-967055866.0,598091374.0,-2665112831.0,88961722.0
051980,중앙첨단소재,CFS,92650467226.0,17121861855.0,41185817759.0,11249943455.0,48995001587.0,13741804199.0,67325649557.0,21109189821.0,3997796708.0,6246464001.0,742167050.0,-1504297571.0,39190309302.0,-2331494556.0
052020,에스티큐브,CFS,45963095062.0,56425638359.0,2000421374.0,4359835252.0,7920774519.0,9849767657.0,43057690063.0,51219671334.0,928979561.0,1517487490.0,-5025385838.0,-5435605732.0,-4713301814.0,-5190593139.0
052220,iMBC,CFS,25947958503.0,21556256110.0,10065867510.0,10765439353.0,11521270878.0,12321239163.0,60664498090.0,57772852292.0,11414080071.0,11191468158.0,693984612.0,680490703.0,925397732.0,737942708.0
052260,현대바이오랜드,CFS,79521374991.0,71216130569.0,43149093529.0,46143911346.0,44160588337.0,46810705161.0,139010261690.0,129286620562.0,27021031592.0,23936047888.0,2227572925.0,3180400977.0,3586366063.0,3621353533.0
052300,오션인더블유,CFS,319798437703.0,186284277601.0,122207113017.0,136227940428.0,138481986807.0,239575347578.0,560292348584.0,429296868291.0,53571538071.0,42239213154.0,861101900.0,376424461.0,23345625121.0,-8201501756.0
052330,코텍,CFS,342768606120.0,335118940793.0,132496357766.0,126364379220.0,134989207138.0,130003656132.0,343506618622.0,341662737654.0,70880103058.0,114834984464.0,-1544495273.0,9124289328.0,582205160.0,17800947382.0
052400,코나아이,CFS,461286234115.0,318145220527.0,395631079523.0,250568992480.0,399331197281.0,254495157550.0,163119155316.0,145611634915.0,70015317166.0,56994005165.0,8348186294.0,10718906960.0,6972352005.0,12109927873.0
052420,오성첨단소재,CFS,111108965955.0,121107147973.0,22901927977.0,29271654276.0,69541725271.0,80660200266.0,221780286743.0,200189679551.0,28159445708.0,17175358459.0,4114970489.0,913477769.0,4992064818.0,-4205267477.0
052460,아이크래프트,CFS,65805835107.0,72253166658.0,41794435114.0,47538667373.0,47614439868.0,56094693249.0,35665437000.0,33301992948.0,54656080422.0,20444463829.0,2944307470.0,-1220153205.0,648830611.0,-2153297302.0
052600,한네트,CFS,37644795331.0,33572833110.0,17259259245.0,12095749475.0,18654253548.0,12416218687.0,35914774788.0,35796764546.0,5836384504.0,5467859562.0,840489934.0,719420260.0,542062564.0,504024097.0
052710,아모텍,CFS,170777560845.0,185975200969.0,152885347401.0,162417858951.0,194912300823.0,207239226004.0,184436363111.0,176753123081.0,47778035087.0,52153581987.0,-4394329743.0,-1750901758.0,3498351009.0,1545216306.0
052770,아이톡시,CFS,9600683395.0,11033021599.0,1859608960.0,6841416217.0,2343819164.0,6841416217.0,13066794174.0,7325984559.0,2782624082.0,5183437598.0,-1833908218.0,1644589958.0,-1694748635.0,985808645.0
052790,액토즈소프트,CFS,264186907154.0,190582419446.0,104899634424.0,105510952151.0,111242221119.0,112047480640.0,235870481733.0,205093385955.0,36128012586.0,16355954853.0,26760469988.0,8374757125.0,28649511448.0,4350489583.0
052860,아이앤씨,CFS,38371971836.0,31643567424.0,22915644176.0,15820771626.0,24258527635.0,21074827571.0,46668858789.0,44322265740.0,21174119445.0,9513341834.0,1380635309.0,539551475.0,1325939331.0,445089208.0
052900,KX하이텍,CFS,75423212940.0,71201759359.0,51490781088.0,57694773199.0,75126094609.0,73441437417.0,112500377133.0,113883824783.0,38429275761.0,40261270731.0,1933716319.0,3064381088.0,-151007143.0,3156986158.0
053030,바이넥스,CFS,93462189561.0,108951866607.0,85057712270.0,98263803577.0,94816758213.0,106127186856.0,185137511703.0,192282751891.0,31599295852.0,39529632091.0,-4374059777.0,6038213801.0,-5512259338.0,5094365748.0
053050,지에스이,CFS,38663236098.0,63467794640.0,28044285840.0,55820168412.0,90436073095.0,116047332536.0,91847628016.0,88619992671.0,24977192967.0,25709509556.0,-710486218.0,-1104879734.0,-466698298.0,-436665081.0
053060,세동,CFS,46966931821.0,37832037124.0,44711760921.0,46915416872.0,81373922967.0,81155637307.0,38240047351.0,28479545295.0,41093056233.0,37471066451.0,3955539153.0,3384680804.0,3033019628.0,4853722761.0
053080,케이엔솔,CFS,246231258836.0,200936910523.0,175825538156.0,115405626124.0,223755404237.0,161493371550.0,165731687204.0,159233082769.0,99777096890.0,111673431520.0,4465724524.0,7290149936.0,1659141290.0,6188953436.0
053160,프리엠스,CFS,39293960508.0,42039022934.0,3154343176.0,3877085755.0,4967585756.0,5855597431.0,59211190602.0,57693875700.0,5378843204.0,7940049399.0,-19318977.0,466165793.0,402962483.0,769032425.0
053260,금강철강,CFS,116702930243.0,119929930729.0,24879875689.0,33908448425.0,26711313213.0,35192651935.0,128867083767.0,124725341724.0,49919235935.0,54760264573.0,178576702.0,1527555708.0,791079998.0,3567004985.0
053270,구영테크,CFS,103279999828.0,90564384596.0,148321302629.0,122321445005.0,198185951399.0,156693973254.0,102573621592.0,83425564459.0,89396510114.0,73077610661.0,6998655117.0,2489387848.0,4068343971.0,1968070271.0
053280,예스24,CFS,97307813603.0,98214075797.0,185132574384.0,183106385265.0,206323153831.0,204008852949.0,174960375001.0,183632273169.0,158083322347.0,158830511367.0,492010171.0,1378810941.0,-613357197.0,1425335459.0
053290,NE능률,CFS,74026063326.0,79325797177.0,15875627815.0,23287633544.0,19771874020.0,26984340993.0,82696193190.0,85441619678.0,17020227222.0,17337141696.0,-470345838.0,2115033190.0,-237368189.0,2031950033.0
053300,한국정보인증,CFS,149033215429.0,146246931898.0,93503649257.0,59708778984.0,101437838940.0,67070004996.0,219602586769.0,213755839365.0,20899372692.0,20002649230.0,2912161470.0,2541871333.0,3363625066.0,457600663.0
053350,이니텍,CFS,107317897811.0,112486449089.0,3261248684.0,6666819330.0,3874896970.0,6261061224.0,114366742640.0,116716281694.0,10921875624.0,14122008189.0,-346560227.0,-598554947.0,465946937.0,1434455915.0
053450,세코닉스,CFS,164741080320.0,145234062850.0,169961207440.0,153279384093.0,192555930154.0,191944421581.0,120437964854.0,110402055165.0,133222504688.0,114318222364.0,4593723137.0,-1714701904.0,1225576653.0,-2599018423.0
053580,웹케시,CFS,26212207379.0,33848580481.0,10418819516.0,18834951192.0,16183631631.0,25884963066.0,105409463638.0,103028046258.0,17967584841.0,23054461542.0,2153593970.0,5416430254.0,814344018.0,2388836625.0
053610,프로텍,CFS,221834904026.0,214362534288.0,37343305215.0,40355832072.0,46054376651.0,42957403204.0,310509361961.0,304541026635.0,35780402919.0,41562936123.0,2706181031.0,12296492564.0,3518067470.0,13425991136.0
053620,태양,CFS,99217725742.0,93487570340.0,27558570776.0,30208065852.0,34630084460.0,37542114356.0,178253983955.0,173641263979.0,33520476056.0,41882623963.0,673846673.0,2761288263.0,1239926218.0,5148003107.0
053700,삼보모터스,CFS,585898164355.0,428149697548.0,589210102717.0,522065826776.0,779626582998.0,600725465231.0,322515123553.0,263794203632.0,352126439738.0,291071915988.0,14141103860.0,3980094706.0,14158171795.0,5214868783.0
053800,안랩,CFS,183497998458.0,243723256373.0,76270872471.0,75121156415.0,86846703258.0,85667243409.0,267129371853.0,259345208908.0,60118951321.0,54615179021.0,8323814572.0,7380264672.0,6081462149.0,8639609892.0
053950,경남제약,CFS,76001506282.0,77328948756.0,65232880637.0,43886547898.0,75838900608.0,44497957960.0,109551460430.0,99622450019.0,16930583599.0,13473339674.0,-1592153602.0,-909577254.0,-3066745722.0,243361055.0
053980,오상자이엘,CFS,57380275398.0,48831833430.0,27718092878.0,27521602258.0,30736611416.0,27719421286.0,94342975586.0,71965631492.0,22522110121.0,23235335436.0,1373981098.0,1518306006.0,637237305.0,2101463312.0
054040,한국컴퓨터,CFS,91851383314.0,91567093358.0,20259390556.0,28190338804.0,21782908857.0,29560043020.0,137560934346.0,126879882538.0,95776489031.0,145307694887.0,9672284911.0,8064891099.0,8835586918.0,8941277705.0
054050,NH농우바이오,CFS,197293013518.0,201066327633.0,55447926914.0,72910220292.0,,,,,38281618530.0,34508055559.0,2935060872.0,1318794118.0,3891500788.0,3012665760.0
054090,삼진엘앤디,CFS,118174313776.0,122004836036.0,92235224574.0,91563951788.0,113539255445.0,110665430532.0,90431768004.0,92940649319.0,63319056756.0,69020141777.0,240127004.0,-683820379.0,597354078.0,3145846517.0
054180,메디콕스,CFS,38767231989.0,43389201271.0,34107971959.0,44154044309.0,37345434560.0,47194368974.0,54422775908.0,63239760094.0,6755318699.0,5839844355.0,-2880805925.0,-2972154081.0,-5966215902.0,-14762792012.0
054210,이랜텍,CFS,319212373725.0,335326099444.0,305912213492.0,306366715525.0,340189170985.0,346996119813.0,270647325286.0,260052397313.0,203226931952.0,233726098999.0,9171763528.0,20029264002.0,3296878298.0,19272303752.0
054220,비츠로시스,CFS,22587488405.0,22364357383.0,21020415897.0,16215356253.0,22107113263.0,16353501999.0,20409119752.0,11847855123.0,2644551706.0,1185630085.0,-2312238516.0,-1037256336.0,-2470752423.0,-1013979272.0
054300,팬스타엔터프라이즈,CFS,34828486853.0,35112344014.0,29691959669.0,31174920156.0,43364826036.0,44081574895.0,52575397209.0,47521189497.0,15764118802.0,15199188132.0,214188369.0,356575780.0,-207321888.0,1013950964.0
054410,케이피티유,CFS,18938482838.0,21854998736.0,36598042900.0,35657256331.0,43417061289.0,42429593835.0,48294545394.0,40002981055.0,8487964500.0,9673894672.0,93293052.0,267689668.0,1590369655.0,1983686752.0
054450,텔레칩스,CFS,131543105078.0,119729294352.0,71781056213.0,101987544373.0,122135473847.0,140502519150.0,216402453802.0,169669935915.0,52461004343.0,38993560861.0,6459700719.0,4055055218.0,10837477187.0,44597536980.0
054540,삼영엠텍,CFS,68500113230.0,61900876884.0,40159296769.0,36855524149.0,41849955265.0,37873184476.0,67279195089.0,63428434498.0,26379770970.0,23829654777.0,2723276990.0,-3287481589.0,1093248787.0,-1906727510.0
054620,APS,CFS,82006137126.0,97455971979.0,98024814359.0,102125322783.0,151460136862.0,155030448682.0,227979983301.0,212607149715.0,8767571153.0,13560542824.0,-3290752857.0,-2601984035.0,15993727448.0,5286904601.0
054670,대한뉴팜,CFS,112845466098.0,102641392573.0,62463464514.0,58583501274.0,67820842267.0,66399748497.0,115715833149.0,102958904892.0,49206332711.0,51721403541.0,5190256844.0,8514811356.0,4978518417.0,5929735295.0
054780,키이스트,CFS,36875181483.0,34329785105.0,27367239773.0,26095104214.0,27655196536.0,26550396417.0,67488137497.0,59072974317.0,9589108657.0,16135089831.0,-434115810.0,-869316275.0,-445347070.0,757634554.0
054800,아이디스홀딩스,CFS,810531134912.0,756455370977.0,277732315037.0,249294397898.0,371399105828.0,341694922250.0,833805490362.0,748338478867.0,171222280194.0,225430673298.0,8244344288.0,30478612648.0,11688570030.0,39254625071.0
054920,한컴위드,CFS,38138859028.0,45603255009.0,72470003797.0,78865888139.0,74682597095.0,81009553554.0,154188162578.0,143937533246.0,123762267924.0,5717072386.0,-920577794.0,-1343672298.0,-914584011.0,5413513663.0
054930,유신,CFS,172212646724.0,158154260639.0,104620726475.0,99809446414.0,115838511225.0,108557420585.0,120561908739.0,109737587728.0,72384221948.0,74412202911.0,-3202814959.0,2217904747.0,-1485149895.0,2215709945.0
054940,엑사이엔씨,CFS,92768695075.0,97471621639.0,58469301787.0,67835701104.0,68643099364.0,77851174067.0,73689609921.0,73426522230.0,48807147340.0,63866244220.0,82381709.0,5072406334.0,-121995467.0,6764609981.0
054950,제이브이엠,CFS,134173602671.0,119483111378.0,72363888417.0,70303179287.0,75734645013.0,73591962361.0,169766091736.0,158121467743.0,36846641322.0,34167166119.0,5822956165.0,5685989508.0,5367319060.0,4588913129.0
056080,유진로봇,CFS,38348733473.0,39778365855.0,14453160820.0,11391356662.0,19350010385.0,17102756662.0,39870231406.0,44071524945.0,5726033384.0,9255061978.0,-1563047418.0,-651465414.0,-1369794048.0,-102324490.0
056090,시지메드텍,CFS,37556961650.0,94820886974.0,10648930960.0,72689556325.0,20738558718.0,83760164043.0,60577560653.0,57679008438.0,8993140246.0,11237841334.0,715335992.0,224521422.0,3932120918.0,-117507258396.0
056190,SFA,CFS,1823514055292.0,1189685406742.0,939541356005.0,413043302543.0,1285234075863.0,512535734431.0,1606327359704.0,1412811097137.0,380405743305.0,417816961623.0,2239608909.0,46397608832.0,-3964946612.0,20713298813.0
056360,코위버,CFS,87457627342.0,111476875669.0,25123434115.0,36001100333.0,26342483590.0,37193425163.0,124468174629.0,131700944666.0,13294245642.0,22371085625.0,-1204472897.0,-818497976.0,-222936259.0,2667413103.0
056700,신화인터텍,CFS,88137840752.0,69031445914.0,95157641615.0,80329764239.0,106285485128.0,80450118167.0,79175488521.0,92370921343.0,53669722382.0,47725398546.0,-3629689894.0,-3137624572.0,-4366924678.0,-5396244581.0
056730,CNT85,CFS,38150028870.0,22781385457.0,20573467292.0,27698371321.0,22756452570.0,29614778933.0,40229653156.0,20274516674.0,10735821515.0,7717542579.0,-1165218471.0,401094980.0,-1004384792.0,677694211.0
057030,YBM넷,CFS,39748896826.0,44419862082.0,23125128277.0,30906391942.0,31386110106.0,38865919785.0,50674664015.0,49191728403.0,15470773961.0,16512303965.0,1976319903.0,2116201827.0,1754518378.0,2093786138.0
057540,옴니시스템,CFS,51371869099.0,51149992820.0,15428386040.0,17481479233.0,17099787728.0,19679911644.0,102497571855.0,87719069750.0,19400582802.0,23372809123.0,-949898240.0,164133084.0,-679532064.0,321707031.0
057680,티사이언티픽,CFS,26203912239.0,45728469930.0,38923908949.0,45016679493.0,57851586443.0,81921688240.0,193108412152.0,180616652346.0,5989390162.0,2120599404.0,-1246789628.0,-1124914336.0,-4421067764.0,-3886749584.0
058110,멕아이씨에스,CFS,33970480066.0,51743873501.0,11677245986.0,13429107243.0,16612384642.0,18875263805.0,56702773221.0,67883948680.0,3610036718.0,5457639382.0,-2309176668.0,-2473370239.0,-2188969725.0,-1886386811.0
058400,KNN,CFS,51149091463.0,56362074500.0,13333784095.0,12558963788.0,15706917853.0,15476143402.0,212698926070.0,207474889009.0,16289320227.0,16210587324.0,1420692581.0,1725328987.0,1641487706.0,1228083019.0
058450,한주에이알티,CFS,15173534392.0,11631854635.0,15849490563.0,11845027820.0,19420784475.0,15081974525.0,18515463487.0,9397236657.0,2934593789.0,2260076878.0,-1384868538.0,-2587504876.0,-2380648533.0,-2545034585.0
058470,리노공업,CFS,419398589864.0,377024805599.0,43829040781.0,36383168010.0,45986964721.0,38304546606.0,531337841128.0,493183582826.0,73398807119.0,90121654927.0,33323765436.0,42047365381.0,29184464054.0,38662737816.0
058610,에스피지,CFS,248539557920.0,244137631538.0,126397306874.0,130861125017.0,135485790782.0,140851045915.0,220139596331.0,213492763697.0,97569476584.0,106621875519.0,2450910330.0,5881675566.0,-48994813.0,4200421220.0
058630,엠게임,CFS,103522190802.0,87181056635.0,26714998074.0,17406406216.0,33852061923.0,23303340301.0,106927062174.0,93124769312.0,17452596378.0,15613842545.0,4229134171.0,6234129540.0,3185852924.0,5385105047.0
058820,CMG제약,CFS,129942397912.0,135069968711.0,23650281965.0,21902548926.0,50982517406.0,28307360844.0,193230633920.0,184953014851.0,23537179339.0,21199997760.0,836359329.0,1473606505.0,2708025714.0,4507409127.0
058970,엠로,CFS,29898989702.0,18016768844.0,56492006229.0,11428881975.0,58326651400.0,22706824214.0,32192233835.0,50964605535.0,16455783649.0,15416655093.0,1297753978.0,2168456168.0,-7858326643.0,1909990383.0
059090,미코,CFS,393840447507.0,302343352339.0,254405955145.0,189169817256.0,480716819571.0,354853046152.0,364221360416.0,376300039996.0,95047155389.0,108880364985.0,5524775271.0,21170120277.0,-23108104094.0,-8016488559.0
059100,아이컴포넌트,CFS,25341589353.0,27785296975.0,13239209046.0,16189022412.0,21543660019.0,21264176206.0,38892407200.0,34951481385.0,7953683449.0,9262413882.0,504521615.0,898823897.0,682921856.0,1793522419.0
059120,아진엑스텍,CFS,27120439706.0,32408670996.0,3189153559.0,6263236236.0,3730822257.0,6769693801.0,42599766054.0,43638381295.0,5090217325.0,7485978018.0,-619857744.0,436111242.0,-520164097.0,406121378.0
059210,메타바이오메드,CFS,52459891939.0,50975807645.0,45165858139.0,44817324300.0,58476821456.0,57633122299.0,71378711461.0,63439269173.0,20940154714.0,19142050609.0,4221194885.0,1612777845.0,3128037528.0,639281298.0
059270,해성에어로보틱스,CFS,19805921278.0,19551954760.0,2363639212.0,2393910857.0,3786425966.0,3689919899.0,40233711190.0,40669744927.0,3148062221.0,3141531342.0,-580864080.0,-383807271.0,-590864774.0,-314579980.0
060150,인선이엔티,CFS,120128698160.0,146930916567.0,100072749454.0,125862555697.0,204329994638.0,208374441965.0,360590556382.0,341844167993.0,53456871911.0,54228134741.0,6436778809.0,8158478097.0,7304340457.0,5266945957.0
060230,제이케이시냅스,CFS,89849791615.0,68701986035.0,58726589721.0,61081748350.0,66090468754.0,70146373766.0,114955001199.0,76874884116.0,10310670652.0,20400078374.0,-3190034846.0,-1077494538.0,6605200483.0,2138938776.0
060240,스타코링크,CFS,26390909676.0,29041117458.0,4574029330.0,5405261276.0,4878074931.0,5602889172.0,31482311829.0,36780030097.0,2088241190.0,5585654714.0,-1592401021.0,-3955224280.0,-1664452816.0,-5439651662.0
060250,NHN KCP,CFS,398546248181.0,376590155671.0,273684069757.0,267142512847.0,278068687013.0,269629997569.0,216413085060.0,198554456445.0,243115505452.0,209726673603.0,9644967226.0,13166927875.0,8795162044.0,11889737123.0
060260,뉴보텍,CFS,18831255166.0,19269981292.0,28220324927.0,30906013299.0,32000484880.0,35435713117.0,19182209714.0,16942670299.0,9385580144.0,8913867890.0,563146277.0,234614257.0,944820407.0,158228913.0
060280,큐렉소,CFS,93073434844.0,75951519920.0,6443636762.0,16588731455.0,8021074008.0,16717330584.0,100457282493.0,81680537481.0,16440281699.0,16863815861.0,-397322231.0,768747454.0,535382787.0,852679391.0
060310,3S,CFS,27535527897.0,27434449836.0,16874305672.0,19090034053.0,19445696062.0,21680745544.0,49293011746.0,45954754301.0,8052516386.0,10406577832.0,-371527183.0,1138047546.0,1742462728.0,960223989.0
060370,LS마린솔루션,CFS,69544180395.0,88573490664.0,24539385552.0,7573052788.0,24775647453.0,7884451310.0,121458401784.0,112370190406.0,20080118630.0,10475000587.0,4083889980.0,-2940871878.0,3664596982.0,-451319367.0
060380,동양에스텍,CFS,96500500428.0,89085541051.0,61084821327.0,58836006798.0,66082088551.0,63230260227.0,84190745228.0,80266023791.0,50718164502.0,50936190685.0,318265434.0,-1142926444.0,139753726.0,-810441631.0
060480,국일신동,CFS,19467050896.0,19944687744.0,1675191060.0,1322347880.0,4455885596.0,4255993192.0,46598239223.0,47948396503.0,4327539868.0,5366885726.0,-378761735.0,-656343607.0,-201444740.0,-395489327.0
060540,에스에이티,CFS,68147969609.0,80662127598.0,61343297991.0,57771364236.0,67728065248.0,65713253137.0,102556339383.0,103026499843.0,37029983168.0,34547394528.0,989678653.0,757113449.0,-191786614.0,926248702.0
060560,HC홈센타,CFS,123134407471.0,121534639801.0,139525746240.0,135956054184.0,196815214164.0,198489864732.0,227472216895.0,208620677279.0,104517435802.0,116577768013.0,8485266876.0,6944809894.0,6332179225.0,5057884458.0
060570,드림어스컴퍼니,CFS,175372024343.0,212620455643.0,57886704259.0,100776108636.0,61417450437.0,104063881260.0,171385268527.0,167783577323.0,71157022267.0,73931010689.0,-962181564.0,-818163589.0,-364568274.0,9829845832.0
060590,씨티씨바이오,CFS,85105877578.0,89836284227.0,72591364270.0,74658466590.0,88991013263.0,92423440557.0,89452242762.0,93902956340.0,31188779257.0,38536865259.0,-2241605820.0,505298844.0,-2543323572.0,-310740058.0
060720,KH바텍,CFS,222897701720.0,181964679579.0,162626789831.0,113555768665.0,164311649140.0,115409514005.0,259057842313.0,229351248316.0,207752565561.0,173132242259.0,20449445767.0,21316968934.0,14817663952.0,32344087485.0
060850,영림원소프트랩,CFS,41169220371.0,44035183024.0,9756447474.0,12981450453.0,13784152456.0,17632335848.0,45613260396.0,43735676905.0,14237126855.0,15319641339.0,1394151264.0,2574287174.0,1781159637.0,3068524518.0
060900,에이전트AI,CFS,36757129212.0,32308619705.0,22655512119.0,33069031715.0,26910864590.0,37725726356.0,57022941891.0,32844891296.0,1739997167.0,9729768341.0,-951608029.0,314002604.0,1031242990.0,144096814.0
061040,알에프텍,CFS,212814749734.0,190323893374.0,126301590359.0,91149517266.0,195330363603.0,141817066092.0,244520932999.0,235536201100.0,98844323825.0,143348625177.0,5663572951.0,9401925596.0,7097246685.0,15244953649.0
061090,세나테크놀로지,,,,,,,,,,,,,,,
061250,화일약품,CFS,134031203828.0,138067562349.0,8965327665.0,7940868656.0,9518419423.0,10023751272.0,176468774417.0,175573363603.0,28726776190.0,34787817674.0,-280750145.0,1863792100.0,3649142178.0,-5446388312.0
061970,LB세미콘,CFS,209560607887.0,207335454411.0,251171443435.0,216354907140.0,422161045856.0,385945616683.0,370599934345.0,381148543507.0,104583203534.0,131846451856.0,-4659638403.0,16338272164.0,-5983578657.0,11983612476.0
062970,한국첨단소재,CFS,13916721106.0,13756515463.0,17327403921.0,11926494194.0,20639451191.0,18128066773.0,1695727237.0,4778030673.0,3592481284.0,6500820962.0,-970752838.0,585267647.0,-1096105100.0,773168849.0
063080,컴투스홀딩스,CFS,51903979475.0,41361797748.0,183447897909.0,172536299669.0,329803200385.0,297993126638.0,281157567775.0,291123701687.0,,,5660903271.0,-641729710.0,1723132375.0,-7443764245.0
063170,서울옥션,CFS,119026419422.0,124629824229.0,30647089580.0,46031932771.0,78448352818.0,70175112067.0,125031381775.0,124166380116.0,9851520118.0,10869879400.0,-1454390634.0,231602412.0,-2237996607.0,193626290.0
063440,SM Life Design,CFS,36085478795.0,40631526211.0,6385850164.0,13427536896.0,8184249120.0,15402903839.0,55381069251.0,52268757016.0,18614249214.0,13758370721.0,1706539505.0,1041988734.0,1865638008.0,1164656709.0
063570,NICE인프라,CFS,229055642898.0,190792622488.0,290319861370.0,244076329554.0,364931943945.0,322118727469.0,178756476382.0,175778384084.0,94085811420.0,72216867936.0,6508842299.0,4375486322.0,1558377959.0,1718888824.0
063760,이엘피,CFS,20192209173.0,30622075406.0,7352655677.0,12847321199.0,8077342130.0,20440364937.0,67539402541.0,64283820361.0,4783136375.0,3852714820.0,-2018976198.0,-1908298162.0,-1647655962.0,-291744800.0
064090,인크레더블버즈,CFS,66384014053.0,8459767715.0,1641435380.0,4846767253.0,23171273349.0,4933659624.0,43720092232.0,3706727952.0,540121850.0,3566227967.0,120091955.0,-3142335514.0,4452210511.0,-1953436964.0
064240,홈캐스트,CFS,69712982694.0,53601134824.0,22254284702.0,1990529926.0,23758227612.0,2315663973.0,103398667718.0,95345908085.0,24969303552.0,13569211070.0,-2555954292.0,-129262932.0,-4439361758.0,1672564083.0
064260,다날,CFS,580235878535.0,585055776128.0,432957114247.0,215436711211.0,454180477162.0,416662689792.0,322018119769.0,332732185367.0,78346380840.0,72089513176.0,2456827067.0,-2817971159.0,-4354657360.0,-5159965134.0
064290,인텍플러스,CFS,82720226561.0,87305013341.0,57279395775.0,48653047780.0,57711493649.0,49031051590.0,55472769256.0,67184675194.0,17284061208.0,27463142072.0,-2668681891.0,3722156286.0,-2109565968.0,4462097146.0
064480,브리지텍,CFS,28652198597.0,32463752484.0,8100055370.0,12059995186.0,14003722542.0,18172828542.0,52161061023.0,51750347670.0,13826330661.0,12721357648.0,1159153384.0,846169511.0,972256915.0,823856029.0
064520,테크엘,CFS,71425997571.0,59147361653.0,43511339024.0,11575400486.0,49534479874.0,37047969291.0,62193564923.0,52389595812.0,3632629694.0,4533073899.0,-1237179693.0,-1271756572.0,-2592672502.0,-5112832730.0
064550,바이오니아,CFS,151483155205.0,134085503468.0,42104541116.0,36237286976.0,70651220170.0,55197726752.0,249467869522.0,243539618432.0,73741090843.0,54590657705.0,4028922310.0,4169029259.0,2240557439.0,10010254611.0
064760,티씨케이,CFS,313472444576.0,343235703465.0,26358431785.0,62254946331.0,28295545225.0,63669414182.0,446085727629.0,416873645081.0,53703591485.0,82208798204.0,14909319065.0,35119494097.0,17216217889.0,25053636187.0
064800,포니링크,CFS,113089597664.0,131825012923.0,26319232304.0,24476677816.0,38187903503.0,36327784551.0,152606645891.0,169442787696.0,17087165692.0,23393173821.0,-1864103737.0,-94907454.0,-5587115947.0,-4799990909.0
064820,케이프,CFS,60298777765.0,48179988614.0,70955266845.0,62814200212.0,2840890506175.0,2092305299126.0,243484150542.0,236541292136.0,99174215131.0,160001799657.0,-3414392367.0,-6014993123.0,-4460580717.0,-6272921313.0
064850,에프앤가이드,CFS,26659909034.0,29049742417.0,20936929533.0,20467853426.0,41921017346.0,42427474057.0,57662674079.0,56107226484.0,7867132634.0,7215394560.0,1926568055.0,1683187094.0,3326465494.0,1693179005.0
065060,지엔코,CFS,110249928952.0,91631913936.0,93073422117.0,72419545450.0,100036454677.0,103009944490.0,130393289347.0,123954261310.0,50653466524.0,33180408493.0,11992172043.0,521316439.0,,
065130,탑엔지니어링,CFS,400729560351.0,282936680058.0,286292566868.0,202480865442.0,294460003899.0,213937353882.0,328861517712.0,298677710121.0,267110880052.0,226959969378.0,-2972283622.0,-338361207.0,-1157128105.0,9865844807.0
065150,대산F&B,CFS,29181417129.0,37596136764.0,26264980998.0,28907343713.0,36180840384.0,41291511955.0,27671487623.0,32675743877.0,30777141756.0,32512402702.0,-489725749.0,-1876209121.0,2675532284.0,-2548576253.0
065170,비엘팜텍,CFS,28986678112.0,32611820331.0,44175991804.0,48979060154.0,60732482165.0,62604396406.0,31639533552.0,41082112317.0,30438011234.0,23992244914.0,-980219558.0,61090536.0,-1705948290.0,-196166278.0
065350,신성델타테크,CFS,393493812226.0,331626901834.0,414165865894.0,355595903922.0,451662205305.0,413358161001.0,247051878994.0,214490056158.0,212535251871.0,195030036039.0,8932416601.0,10556980839.0,3943454097.0,6095523093.0
065370,위세아이텍,CFS,7484869445.0,11858206703.0,16406449490.0,11484481650.0,17164567590.0,21039189650.0,32371717152.0,27986825012.0,7109684784.0,10308813101.0,-255769115.0,1018348668.0,-738043434.0,289325160.0
065420,에스아이리소스,CFS,12976892431.0,12358993635.0,2774426307.0,1224343263.0,4028254713.0,2390729600.0,17335940814.0,17659179699.0,1270890542.0,997094364.0,-992441536.0,-515645886.0,-630083555.0,-30894368.0
065440,이루온,CFS,46211297787.0,50823200852.0,15656469483.0,21224125174.0,17973311362.0,22728605770.0,42034755508.0,41831910150.0,10012638254.0,9623601950.0,-333472264.0,-344643640.0,-131214451.0,-224364035.0
065450,빅텍,CFS,47929429630.0,50591687486.0,34362803143.0,16353089098.0,47408831832.0,35168431167.0,56891164634.0,61043595847.0,12717843272.0,17582000429.0,-662062525.0,52168514.0,-1005960653.0,-598927063.0
065500,오리엔트정공,CFS,41908699152.0,54145775168.0,43206056837.0,54120187296.0,55678134673.0,74832272968.0,44188305962.0,50170500528.0,40761944084.0,26479463077.0,765708350.0,-1210442031.0,285406705.0,-642622080.0
065510,휴비츠,CFS,82097071940.0,70418666231.0,64552968574.0,55303864717.0,77789427965.0,67767973941.0,122166495832.0,109443983699.0,30652961205.0,29679162125.0,4856900876.0,6310203513.0,4077190555.0,6865301993.0
065530,와이어블,CFS,31490087744.0,43966807545.0,32979282472.0,36424596983.0,47885120949.0,49884232016.0,74151109808.0,75614565738.0,16970550524.0,10448502968.0,886777731.0,667654831.0,727818399.0,457679436.0
065570,삼영이엔씨,CFS,62879582509.0,64720890199.0,38812150907.0,23167815532.0,42907517256.0,43160486939.0,42412535019.0,37053194895.0,7685734638.0,7589990539.0,-1399792094.0,-1448925605.0,-5132779483.0,3566088048.0
065650,하이퍼코퍼레이션,CFS,35931398619.0,36494234098.0,9120082136.0,2358325591.0,29665167480.0,24661658443.0,27762343451.0,31091015752.0,17437961563.0,10238357797.0,4869305.0,-1286079009.0,53913196.0,-1443838152.0
065660,안트로젠,CFS,56606742077.0,62449414128.0,11155319288.0,15037067002.0,22375727618.0,17341328248.0,137449463935.0,106791384883.0,1608263958.0,1553388050.0,-1370232469.0,-1173264449.0,-1033860734.0,-1508841409.0
065680,우주일렉트로,CFS,205416413964.0,193891164427.0,83781408471.0,67013964833.0,84484687421.0,67369648581.0,223503542125.0,225535606214.0,40977599591.0,42302512247.0,2045737321.0,3237188335.0,2127075740.0,2404295040.0
065690,파커스,CFS,52401810161.0,58030166527.0,64070161743.0,32242898986.0,71245503612.0,75217413297.0,58176164024.0,64548512636.0,13563199488.0,16167120618.0,-860070463.0,-2883934845.0,-679256959.0,-310168128.0
065710,서호전기,CFS,57732687759.0,55029166940.0,16800749193.0,10761916818.0,17926563207.0,11666358209.0,93132243467.0,90138282394.0,16814047460.0,14708674000.0,4587137071.0,5358609345.0,4654058380.0,7317952915.0
065770,CS,CFS,17582619458.0,29005084679.0,4844127828.0,15782915318.0,5086038937.0,15952607530.0,17111207694.0,18164712584.0,10303120266.0,10069297172.0,-660570537.0,-297431271.0,-657958963.0,-216184382.0
065950,웰크론,CFS,151003915961.0,200799075556.0,126145610579.0,187424610050.0,154461298409.0,210309011056.0,133080925258.0,128920817278.0,98853707948.0,119481705795.0,-977442386.0,1046623611.0,-1429584012.0,-1147190274.0
066130,하츠,CFS,76732975104.0,74544470332.0,22168496836.0,20406825966.0,37377118531.0,37515176665.0,100344111903.0,97104115605.0,38574397011.0,35111994936.0,1767163771.0,1063612440.0,1981112821.0,121240567.0
066310,큐에스아이,CFS,27354953492.0,30463195859.0,4027429993.0,2763369648.0,5688553029.0,4723669229.0,84304927229.0,81264942459.0,4168462847.0,5601939471.0,-989777667.0,594994372.0,-2117789546.0,1762542856.0
066360,체리부로,CFS,96206507003.0,93521239698.0,155112003849.0,154434800262.0,184222304257.0,192510995862.0,96002235711.0,84222462761.0,104652646805.0,107796203258.0,4094375337.0,-229724846.0,2240501867.0,-5641212477.0
066410,버킷스튜디오,CFS,25607306091.0,61835862183.0,135626241142.0,128945677814.0,143933051967.0,184300639634.0,134183281389.0,129250884018.0,4513988664.0,6272081282.0,-1872527591.0,-2305325435.0,-7598675700.0,-35497031250.0
066430,아이로보틱스,CFS,30218314408.0,32756234894.0,10500497386.0,17462835004.0,12534528788.0,18698484483.0,42006880025.0,37648356787.0,8569679949.0,9268383573.0,-78167111.0,195055083.0,2395038160.0,780692012.0
066590,스모트로닉,CFS,134716630414.0,129183982461.0,174913658722.0,175508048913.0,204973220332.0,204659182651.0,76927426838.0,72910162407.0,92766438194.0,88978394489.0,1887433133.0,-551657760.0,2244581902.0,-1404353905.0
066620,국보디자인,CFS,208806952545.0,187874020683.0,126919474677.0,126104771924.0,131178934830.0,127754640757.0,212423080287.0,145726796637.0,101471173864.0,96688303234.0,9531610474.0,5945436525.0,8999620534.0,4949346636.0
066670,디티씨,CFS,80733390067.0,99114093027.0,2990772435.0,11817004077.0,6948009267.0,15493707550.0,160891408095.0,158322173594.0,8612010555.0,26697972383.0,570491256.0,740936990.0,1514824916.0,684397703.0
066700,테라젠이텍스,CFS,128589016188.0,106961890466.0,86047979452.0,74839437578.0,102100912207.0,88884075471.0,126473141373.0,157669141663.0,55553067401.0,47807846666.0,4404242050.0,5889520933.0,3946463828.0,5099247861.0
066790,씨씨에스,CFS,16679983137.0,14739974776.0,3740981179.0,3136255049.0,4951641713.0,7178057699.0,25555758648.0,24914268551.0,4942133652.0,4909896767.0,62624099.0,202317076.0,304930826.0,220640731.0
066900,디에이피,CFS,102598145543.0,86762904656.0,128976106238.0,95698866960.0,217210273217.0,153250431019.0,97173524993.0,111161890788.0,101219371638.0,79385543543.0,-6194079323.0,3559418675.0,-7209615382.0,4588183758.0
066910,손오공,CFS,24975841733.0,34192667676.0,23788016209.0,32538474176.0,24393349031.0,33584371766.0,17930466786.0,18831214473.0,10067871370.0,14451026636.0,-1619307905.0,-323366538.0,-3401762630.0,-1311142719.0
066980,한성크린텍,CFS,148316112468.0,152887558116.0,142604142717.0,162099489756.0,157193552810.0,183218891850.0,131387337591.0,118160313707.0,92959544103.0,90163166376.0,-1121722927.0,3445848661.0,1261850099.0,1357251133.0
067000,조이시티,CFS,59967967558.0,55688649380.0,59669480112.0,64800655368.0,142317838211.0,148778315777.0,108853346376.0,98876262762.0,,,3839188386.0,2158017809.0,2331115232.0,2543786289.0
067010,이씨에스,CFS,81451213365.0,78524270246.0,32164082861.0,27341634201.0,33289032925.0,28804559975.0,55075333731.0,55790862724.0,25555264517.0,25810217523.0,795703946.0,713569223.0,1092881632.0,938463221.0
067080,대화제약,CFS,62603623612.0,51212556542.0,124226427546.0,83259700454.0,138010112124.0,117365188413.0,78234688515.0,81691284606.0,35359930905.0,36457838461.0,-599963269.0,2898483083.0,-1778757875.0,2680943050.0
067160,SOOP,CFS,431635044408.0,370259685206.0,249352225506.0,217402142629.0,261511449077.0,223950840265.0,279392212920.0,241174630522.0,87880562121.0,81841657445.0,21897189819.0,20654140136.0,19302128655.0,17049693402.0
067170,오텍,CFS,526106971393.0,433075606740.0,485719832334.0,395412074628.0,595901908973.0,469311864145.0,133709888369.0,142142993504.0,269004995960.0,274884439222.0,264064053.0,-1359229383.0,-7483866591.0,-20676045979.0
067280,멀티캠퍼스,CFS,195484602371.0,168207549301.0,68319991716.0,70852237023.0,111443984821.0,119379682772.0,190950793113.0,172369983995.0,92891121210.0,95475374079.0,,,,
067290,JW신약,CFS,49248047862.0,33866545789.0,49078747838.0,37896791771.0,51772361720.0,38401736664.0,18250905639.0,55692210687.0,27770606193.0,26288294892.0,2130449682.0,1468967975.0,1348931061.0,466799457.0
067310,하나마이크론,CFS,463515186760.0,383477863614.0,610947500249.0,442084130909.0,1200270699047.0,920833274905.0,581334422558.0,488215520054.0,239389902439.0,219807036732.0,15843164147.0,25579596269.0,670472095.0,21932182720.0
067370,선바이오,CFS,14980752459.0,16112462669.0,17213831047.0,18034554018.0,18107817781.0,19059503595.0,28242981502.0,23839291192.0,3957386205.0,2168453702.0,2267274782.0,617908824.0,2182234941.0,1126750786.0
067390,아스트,CFS,257848054272.0,226479936816.0,363440240008.0,281501687188.0,412378504097.0,366602764102.0,105575036730.0,126003977500.0,42240698224.0,40032260549.0,-25730845797.0,2728480429.0,-32552750873.0,-6059731769.0
067570,엔브이에이치코리아,CFS,587063532980.0,477110264238.0,678006719888.0,562160544876.0,936229233543.0,766699928087.0,347957623324.0,298485555489.0,331991482093.0,314931634354.0,10751761928.0,14657460737.0,-11336262355.0,6851584397.0
067630,HLB생명과학,CFS,96646546934.0,160775696115.0,32170897372.0,26784511102.0,189518780810.0,175723722598.0,224916397761.0,236066648867.0,21843954259.0,40285800318.0,-6422062339.0,-5603678733.0,-16293272956.0,11508452863.0
067730,로지시스,CFS,15237911146.0,15558463632.0,5500896486.0,5769791518.0,6679806035.0,7019709179.0,16990629346.0,17067726284.0,8646421314.0,7474161016.0,180840136.0,-65200086.0,146142545.0,-37888333.0
067770,세진티에스,CFS,33291471557.0,33913715222.0,1196455862.0,1862009948.0,1245330834.0,1939358100.0,44103443346.0,44994552145.0,3196007111.0,4061752201.0,-67105724.0,-496043432.0,389291647.0,371638032.0
067900,와이엔텍,CFS,55148819723.0,44281097643.0,52081578403.0,57125390316.0,105124854035.0,81310904559.0,239860310293.0,199778106119.0,28590743359.0,35224422545.0,7221812872.0,10300812910.0,5640214739.0,8342596917.0
067920,이글루,CFS,32066827955.0,39596815185.0,17703466454.0,18480131052.0,18599982745.0,20303454856.0,70266685636.0,70728388801.0,,,326810478.0,-339830800.0,793497134.0,565884711.0
067990,도이치모터스,CFS,368397392473.0,276381885366.0,714930533898.0,714718876946.0,1103689155799.0,875203810205.0,372366847794.0,395305914456.0,548112174200.0,488380716573.0,10648720022.0,15404422757.0,278716660.0,7066368891.0
068050,팬엔터테인먼트,CFS,41621374308.0,38009382597.0,36444726322.0,35562276849.0,43102710534.0,44047033500.0,75183833739.0,72358595734.0,28382816538.0,9504773118.0,1312842367.0,509160283.0,932605949.0,658453389.0
068100,케이웨더,,,,,,,,,,,,,,,
068240,다원시스,CFS,362374817755.0,351616078260.0,380158343275.0,376169405635.0,472903253692.0,467395937130.0,206098140597.0,205482096687.0,83133853052.0,85705390139.0,-360284896.0,574118920.0,-3515671086.0,-983059158.0
068330,일신바이오,CFS,44470731797.0,41175085077.0,3482433860.0,4424566418.0,3662547752.0,4631875252.0,54680171583.0,53819218480.0,2272731218.0,6767605436.0,-328099233.0,1326982383.0,-247606723.0,1219361285.0
068760,셀트리온제약,CFS,360543569814.0,311917984745.0,246495386350.0,211998455481.0,266952717264.0,242938002116.0,374824653896.0,356786547007.0,93384675329.0,103795106404.0,6551906592.0,13464464736.0,3302748864.0,7952026786.0
068790,DMS,CFS,202593998757.0,276666474078.0,78279080092.0,95424576474.0,78779182073.0,96104848580.0,357123271204.0,330229133479.0,45699824719.0,99240196295.0,10850497702.0,9117164768.0,12935470451.0,14111496825.0
068930,디지털대성,CFS,53817583267.0,51510944653.0,57803979687.0,66630101781.0,69658313214.0,80206389099.0,173135051930.0,165147696303.0,63555683057.0,63477587399.0,17924011795.0,16209139746.0,14553198597.0,12636477962.0
068940,셀피글로벌,CFS,26052610609.0,29436637325.0,14024681327.0,15534947933.0,15382564062.0,17904066356.0,24065649075.0,25658252736.0,8242188103.0,7049322472.0,933390216.0,-2720321002.0,776066174.0,4596732027.0
069080,웹젠,CFS,382556497317.0,366112107482.0,53759909063.0,62738273288.0,59594457188.0,72507694485.0,603989233239.0,574359707496.0,40355237573.0,59557942709.0,10045824346.0,17415726952.0,11194499557.0,18815870514.0
069140,누리플랜,CFS,73330062069.0,79294889369.0,85668434251.0,87611645189.0,110259992068.0,111454132570.0,24442723747.0,31022268851.0,31685134431.0,31191880421.0,834900262.0,90810515.0,-409984318.0,706107307.0
069330,유아이디,CFS,15831781618.0,12571379004.0,15989069929.0,13227548117.0,24913309685.0,14245050066.0,20928051944.0,22844572663.0,14357709494.0,16820031141.0,127573733.0,1784167327.0,1785461.0,2082823014.0
069410,엔텔스,CFS,42222736829.0,52476007974.0,7051880162.0,12589549124.0,8150110541.0,13895123618.0,49865212874.0,52283631190.0,10784173793.0,13335715216.0,-1292983642.0,-464398293.0,-297457293.0,248944280.0
069510,에스텍,CFS,212251489632.0,205292395792.0,101189711283.0,110247040296.0,106305377016.0,114946830657.0,159384089222.0,139489498952.0,111297533493.0,117253505076.0,11883524519.0,8052282599.0,11506877276.0,10741228187.0
069540,빛과전자,CFS,32800909572.0,57686557586.0,19615106619.0,31182109825.0,23124039472.0,34495413364.0,57572518522.0,55273580632.0,5644448796.0,15112384863.0,-1720401534.0,1529705798.0,-2472328125.0,1419634636.0
069920,엑시온그룹,CFS,29158618701.0,42730720050.0,2753518867.0,4507670212.0,2883572467.0,4667670212.0,51217979300.0,57128679044.0,940724122.0,817756869.0,-3004584426.0,-2095289832.0,-2184182119.0,637098102.0
070300,엑스큐어,CFS,21003986158.0,20039915505.0,17193591199.0,1020229650.0,18106585586.0,1487098049.0,27480916709.0,24533006308.0,9438917373.0,2823717624.0,-571136057.0,77902101.0,-99835589.0,423650361.0
070590,인티큐브,CFS,17340258866.0,25186277383.0,10807369286.0,14137590889.0,13922760913.0,16550904014.0,18617822460.0,23265038196.0,9753387398.0,13910474830.0,-980225858.0,-1006837360.0,-757429484.0,-1088435221.0
071200,인피니트헬스케어,CFS,128260511365.0,113219819323.0,29972681723.0,28925113790.0,36516975092.0,34671015122.0,125752188573.0,114837079223.0,21912316692.0,19124030041.0,9726530.0,31685388.0,680737055.0,5291083721.0
071280,로체시스템즈,CFS,77066281755.0,76727329474.0,21051776337.0,27099678761.0,21606670275.0,29299678761.0,110876553517.0,104463453941.0,25060382288.0,39776857348.0,3254104601.0,12176136970.0,1757556698.0,5192693703.0
071670,에이테크솔루션,CFS,165209659778.0,146563267808.0,157693449667.0,145780399939.0,171193151636.0,159222585635.0,86281888141.0,83511539734.0,66755823500.0,45223512040.0,767133265.0,-374288706.0,129436743.0,-463578791.0
071850,캐스텍코리아,CFS,130662250452.0,138772668812.0,149407640886.0,156636932417.0,160170244798.0,167543247800.0,84621932968.0,90335146121.0,43514188464.0,44278893959.0,1370551707.0,-720331977.0,-1461288878.0,1400032536.0
072020,중앙백신,CFS,48185735950.0,39590156953.0,13505352833.0,13312940676.0,21017651159.0,19554133565.0,98127309459.0,95304449445.0,9316243272.0,8747314637.0,1342110251.0,1544516619.0,1374087047.0,1974333538.0
072470,우리산업홀딩스,CFS,252582442569.0,193876339027.0,242001202351.0,186474979253.0,279949777659.0,216191613788.0,195651224148.0,185637961574.0,142444338477.0,128493378276.0,3941905821.0,-3702844106.0,3545410096.0,-938563485.0
072770,멤레이비티,CFS,67799451549.0,90172828962.0,53433469531.0,54726566491.0,72500449491.0,65397597719.0,75636836320.0,57806415696.0,25870687729.0,31884644501.0,-1350264367.0,-326795768.0,-825389224.0,-512632732.0
072870,메가스터디,CFS,134589547294.0,197118357878.0,99902809945.0,42464379216.0,148400257483.0,63248274790.0,345174117132.0,340533947545.0,31005513500.0,30566558804.0,5462076004.0,3870875331.0,6363933609.0,5451966640.0
072950,빛샘전자,CFS,53443585885.0,51475967517.0,11769418501.0,13350615070.0,14103177831.0,15421105355.0,70297677856.0,68097063575.0,18004125438.0,19928555627.0,937095777.0,-737127410.0,984331733.0,-455592361.0
072990,에이치시티,CFS,34066741618.0,35606736723.0,34438358945.0,33439386599.0,56128171881.0,56353183301.0,83183290303.0,76219659511.0,19561691774.0,17532562134.0,2670160391.0,1899491259.0,2082451080.0,961935390.0
073010,케이에스피,CFS,41915620545.0,31844687243.0,28697134217.0,23310521115.0,31784731318.0,26366545034.0,40270588390.0,34031333905.0,19704166518.0,16944969325.0,3312352436.0,919712825.0,2638086695.0,1006359400.0
073110,엘엠에스,CFS,79692126397.0,127741207740.0,62516300271.0,105085945894.0,84682290481.0,132322986342.0,91660508676.0,96626692580.0,18299022362.0,18790104158.0,-1346916545.0,-3221629990.0,-314919624.0,2863375035.0
073190,듀오백,CFS,7983026607.0,9963862747.0,6486120281.0,5595531619.0,7443646238.0,6564801806.0,17391903681.0,20571162162.0,5485282364.0,8133340618.0,-945966158.0,-1039658388.0,-909275680.0,-757821997.0
073490,LIG아큐버,CFS,140754045691.0,132319869980.0,30486091502.0,50676628137.0,34730387227.0,54565835719.0,159655079717.0,130907149662.0,25915697498.0,41440517233.0,1783553620.0,7731238157.0,2320717867.0,9620989061.0
073540,에프알텍,CFS,33578137276.0,76143405944.0,13162165072.0,44758857520.0,20666938982.0,56573681993.0,57658814845.0,56151426242.0,3666229399.0,1895891819.0,-409781779.0,-1284539924.0,2228131895.0,-343319309.0
073560,우리손에프앤지,CFS,205355120006.0,192329563390.0,158808331130.0,169073964681.0,223081602907.0,215288539162.0,267609917593.0,261921342417.0,65400241341.0,74848635034.0,3093871159.0,7542361810.0,1615851076.0,6407314960.0
073570,리튬포어스,CFS,73405103967.0,24777933283.0,47096102671.0,34092881399.0,109355882579.0,61564824488.0,317531353352.0,185931113989.0,3835404190.0,5578456418.0,-1669359477.0,-925298941.0,-60015534474.0,-4901317295.0
073640,테라사이언스,CFS,57642708969.0,78929549404.0,16741327312.0,25798067034.0,18983764965.0,28521418086.0,89509529922.0,79954724238.0,5693457855.0,5306392656.0,-1064764773.0,-482619173.0,-7418613978.0,44905721202.0
074430,아미노로직스,CFS,39717277169.0,43569079908.0,3182205342.0,3428598552.0,3798629296.0,4178089491.0,52473272730.0,51404094260.0,4170195505.0,7636868262.0,160993740.0,2118267015.0,-554773698.0,2579069338.0
074600,원익QnC,CFS,347286184064.0,351908541684.0,258149646895.0,241956732269.0,844637008691.0,804379444832.0,505777044789.0,469908152242.0,179146547494.0,203937245288.0,13263827733.0,37072356806.0,559685064.0,23880178992.0
075130,플랜티넷,CFS,42810957965.0,42135518066.0,11875023703.0,10865881228.0,15242270622.0,14045224805.0,79398518919.0,77354933221.0,8035273828.0,8113145290.0,51596597.0,1490701.0,2241852795.0,92571061.0
075970,동국알앤에스,CFS,67932648503.0,73464641933.0,38903780923.0,44234443562.0,44714229969.0,48860616540.0,81572529594.0,82451597271.0,26621677606.0,26936009207.0,39041987.0,533266934.0,-123215100.0,158747508.0
076080,웰크론한텍,CFS,113410354176.0,156520398772.0,81657943253.0,135134709507.0,83567658441.0,136197837718.0,70072618422.0,64734851755.0,76816113305.0,94432438993.0,-110531381.0,1242141793.0,388650726.0,-599365827.0
076610,해성옵틱스,CFS,42695595349.0,36478243625.0,34585267725.0,37736215147.0,40646819050.0,41260328999.0,43306391883.0,36526301529.0,30551922264.0,44503007177.0,887572511.0,463231392.0,1742376138.0,2799985142.0
077360,덕산하이메탈,CFS,141545877672.0,109546796516.0,67972677020.0,48874446061.0,78022202948.0,59414728372.0,320460474542.0,304123915253.0,38967750644.0,56717380193.0,-863024332.0,-3586234211.0,4079304539.0,1274656118.0
078020,LS증권,CFS,,,,,6138495372243.0,5250382412000.0,929165314569.0,919537257399.0,315799509898.0,372862291123.0,,,2373984578.0,7645680638.0
078070,유비쿼스홀딩스,CFS,288674557575.0,262051117877.0,43600874190.0,33697843634.0,52345519876.0,41396348919.0,342189256984.0,323518740132.0,44699007015.0,33005034303.0,7479653885.0,5246217679.0,6861186710.0,6129565681.0
078130,국일제지,CFS,53473250217.0,48592928805.0,82216121796.0,61248692532.0,89017734826.0,78481022457.0,47253444316.0,52660752243.0,17253074805.0,28000636498.0,-803465742.0,-3654162696.0,-2310168789.0,-5742457025.0
078140,대봉엘에스,CFS,122348291749.0,130218025434.0,39886262071.0,34838634923.0,41132100016.0,37696424216.0,151104787882.0,148440479978.0,21951347105.0,21848955558.0,909957397.0,1355885707.0,646471944.0,417900923.0
078150,HB테크놀러지,CFS,106069950346.0,83657858910.0,55129199240.0,70281619326.0,74029962054.0,102973008657.0,282536401599.0,206229408153.0,38084263638.0,44543264109.0,-6535375515.0,7508336439.0,-2236242607.0,61874512960.0
078160,메디포스트,CFS,128703909530.0,151810654877.0,89755071155.0,154588011920.0,159565752642.0,215213128830.0,231526215592.0,182577774157.0,17419466282.0,16323495912.0,-6034282327.0,-6263350617.0,-2899943316.0,15653272537.0
078340,컴투스,CFS,576229593276.0,597580860207.0,456768983426.0,320098801943.0,589565680277.0,576012278314.0,1336409231683.0,1332346083619.0,,,-1607948387.0,1591589142.0,11124467429.0,21969116718.0
078350,한양디지텍,CFS,122752228401.0,120980226278.0,113929855456.0,101499220870.0,121596999981.0,111888104944.0,128068374140.0,121858465757.0,131931823302.0,129689189612.0,4167702820.0,17744901191.0,721379029.0,10568790083.0
078590,휴림에이텍,CFS,27283200597.0,34297023550.0,7564603726.0,7377277725.0,8523265854.0,9326067927.0,38454551018.0,34696259252.0,13897194467.0,9701497981.0,579901881.0,208342580.0,2927659950.0,7043225214.0
078600,대주전자재료,CFS,104467334255.0,128041011549.0,247361701727.0,195973478515.0,258116645258.0,207199235333.0,119121888841.0,120689685872.0,53843156630.0,40151858473.0,1497894533.0,3587280114.0,49513253.0,3236022844.0
078860,아이오케이이엔엠,CFS,22427141037.0,30727266896.0,42444456145.0,39362149721.0,43754683070.0,41457072362.0,73167215578.0,94233889441.0,3524206862.0,3830082922.0,-2224701509.0,-1421043900.0,,
078890,가온그룹,CFS,465611048119.0,384532696851.0,303403990546.0,213242793024.0,344265041096.0,244055437441.0,169881013625.0,188078089347.0,115405928194.0,144452645620.0,-4349899708.0,760395366.0,-7938394206.0,-703580863.0
079000,와토스코리아,CFS,64979269452.0,65094030058.0,2672038106.0,3545439256.0,4465462852.0,4912856917.0,77645632584.0,77902907416.0,4317667990.0,4916532887.0,-237381187.0,107721573.0,379551673.0,166966150.0
079170,한창산업,CFS,49391561303.0,47817464438.0,7331799315.0,6009804374.0,16929480902.0,13254261820.0,60639132835.0,61805619670.0,16957443619.0,23934516877.0,281173672.0,2731239895.0,75907803.0,2559281772.0
079190,케스피온,CFS,37072440731.0,21081268319.0,18417809736.0,26484980163.0,22493622144.0,36235633510.0,24912267033.0,15420780390.0,15661278948.0,13443449974.0,265822646.0,-1047169381.0,1135256693.0,1234410785.0
079370,제우스,CFS,422872181975.0,419997516124.0,208067915473.0,252189365519.0,278913612670.0,333093942851.0,335658223457.0,279163380393.0,101355504342.0,145070716840.0,3816670899.0,23055764779.0,4202589575.0,18846548659.0
079650,서산,CFS,81933797894.0,79110881120.0,6640767628.0,6774847133.0,7128082901.0,6872284734.0,105760133715.0,104758793793.0,8507664656.0,11825804331.0,-952790889.0,-322852815.0,-111663633.0,137908177.0
079810,APS이노베이션,CFS,161224239624.0,49011644615.0,62735310515.0,57279507315.0,71224727267.0,65599289243.0,143468452993.0,23452677033.0,21479810365.0,19436116386.0,24729255.0,480830225.0,661281293.0,1197252234.0
079940,가비아,CFS,196498992043.0,204914878801.0,77779190288.0,73461222530.0,125503056433.0,125695725514.0,278561370903.0,242627407319.0,63022741840.0,55575586340.0,8899079785.0,8378198184.0,8653541394.0,14150988969.0
079950,인베니아,CFS,47547476055.0,60874912528.0,56439292574.0,54860214076.0,62837726793.0,61229197090.0,39807219113.0,52457591184.0,1751229475.0,9911061829.0,-3483228163.0,-7419373412.0,-3029749960.0,-9737320998.0
079960,동양이엔피,CFS,267917038287.0,244774976261.0,86571504510.0,90534481517.0,103085458202.0,107463994146.0,315220898272.0,278661793342.0,147518670770.0,124453885264.0,12141711501.0,9888232139.0,13435485503.0,10146623940.0
079970,투비소프트,CFS,62750733089.0,76885223229.0,43086077431.0,51013993221.0,48742989085.0,60089953861.0,46648772802.0,44962925361.0,9708584691.0,10361731240.0,-1767996704.0,-689367372.0,-1999296922.0,-1937722062.0
080010,이상네트웍스,CFS,79124129652.0,61615508349.0,27245814315.0,25312183928.0,39939208720.0,38345879438.0,143118547285.0,125793434038.0,19538333633.0,17796988962.0,3103853974.0,3514720385.0,1874663230.0,2514720754.0
080160,모두투어,CFS,159306245422.0,109997230401.0,156367867014.0,177745962942.0,181964953149.0,181424287647.0,91191795401.0,88980831662.0,53858873872.0,10356804746.0,2950873141.0,-5118926357.0,2954546839.0,-2859859741.0
080220,제주반도체,CFS,147609471351.0,129143684068.0,32665155490.0,31957699666.0,34692767753.0,33296879479.0,158657415286.0,142701993193.0,39516816967.0,35033158665.0,4320355428.0,4465807229.0,6677093265.0,11564123639.0
080420,모다이노칩,CFS,246803049090.0,253312787446.0,368009408503.0,371935331283.0,616778015863.0,629323099794.0,376120304076.0,378329359016.0,88322916177.0,94630515758.0,-4002072495.0,1684347840.0,-7942635874.0,-5176955135.0
080470,성창오토텍,CFS,74642767337.0,61248210063.0,84640313094.0,59272667913.0,108029390394.0,74973286775.0,53968599312.0,48905468196.0,42126653515.0,47993988923.0,1197636748.0,2707897613.0,2030252096.0,2614431840.0
080520,오디텍,CFS,64150447859.0,68501538028.0,13153416128.0,11727777859.0,13625566891.0,12092344928.0,124682707646.0,123478677724.0,8344589230.0,8581871291.0,-1004069229.0,-1494566158.0,-315348907.0,-888256987.0
080530,코디,CFS,29261679287.0,19692637351.0,13845996110.0,32210238330.0,40605631003.0,35805910958.0,30148742878.0,23753456993.0,21265335271.0,15148873921.0,216911005.0,-863345961.0,2564399998.0,-1762004572.0
080580,오킨스전자,CFS,47510638696.0,33880639208.0,30269221981.0,37553390983.0,60080885247.0,49585907833.0,36263822394.0,32973527900.0,13355510941.0,15493766063.0,285517196.0,327642744.0,62243613.0,171485343.0
080720,한국유니온제약,CFS,50979761334.0,54569920468.0,61597248020.0,58992210027.0,67295562305.0,63910476451.0,42693089021.0,48612287124.0,15898741232.0,14548101431.0,-2934901457.0,-2465338140.0,-3700668347.0,-3111658770.0
081150,티플랙스,CFS,118009607191.0,110394312810.0,67990720263.0,57334845486.0,85892122817.0,79035045549.0,158485552359.0,158892677083.0,59615846236.0,59480772591.0,-259468297.0,1941876654.0,-495584041.0,1193167576.0
081180,쎄크,,,,,,,,,,,,,,,
081580,성우전자,CFS,74299387131.0,80676955788.0,38124527345.0,39136142986.0,45374560317.0,50715523007.0,109517154007.0,109551430789.0,36512910725.0,39300775291.0,-588364067.0,336315308.0,-22971149.0,1330096447.0
082210,옵트론텍,CFS,68590679597.0,80943820601.0,189111506257.0,233170473481.0,201907329783.0,241616607113.0,41195749551.0,30440676631.0,58879479796.0,41487338043.0,8388057564.0,-9080307272.0,3030543428.0,-10897063255.0
082270,젬백스,CFS,28826790893.0,60136300936.0,11117611336.0,15824358744.0,11846545842.0,16791610787.0,130718344150.0,135551453175.0,13580972927.0,19941392072.0,-4779954357.0,-646171176.0,-7369767742.0,-2453850437.0
082660,코스나인,CFS,32984404451.0,16484925589.0,28532292527.0,23846650768.0,29425722293.0,24767752494.0,35490370800.0,23391974425.0,2130547352.0,2772856109.0,-2076560180.0,-1648791835.0,-2744694216.0,-1846522336.0
082800,비보존 제약,CFS,39772231733.0,47561761933.0,66302601132.0,77817345015.0,69608093194.0,81236765193.0,108943092135.0,105837624027.0,18355538030.0,13717832993.0,991248315.0,-558474764.0,246033256.0,-5978655559.0
082850,우리바이오,CFS,548900498152.0,412972558908.0,410432995735.0,304306831427.0,429871717703.0,332208561065.0,250463360769.0,226728721696.0,388636743358.0,347309079979.0,12967915174.0,9757992342.0,12113538978.0,10317110976.0
082920,비츠로셀,CFS,181752778787.0,145305922935.0,37699728231.0,49103607676.0,41170148366.0,51477370738.0,227355819555.0,185704149895.0,44085482568.0,34088665353.0,7236852182.0,8988167629.0,7366147384.0,11267887588.0
083310,엘오티베큠,CFS,253701378715.0,185646939886.0,138091578942.0,97359755426.0,147183430784.0,112151613541.0,253836839070.0,211522202200.0,140839043119.0,103664598147.0,23821008515.0,11963711054.0,20257558518.0,12478215977.0
083450,GST,CFS,187718646912.0,178862203312.0,45708012789.0,43245956020.0,50519903945.0,50483188213.0,223440558111.0,201348272807.0,69667368464.0,97029975638.0,12292179435.0,19274625130.0,10531758757.0,18152819014.0
083470,이엠앤아이,CFS,13537974327.0,13734051994.0,5808190925.0,6616562609.0,6774012872.0,7113488072.0,14867092678.0,12484625728.0,7812512657.0,10364499998.0,-323192520.0,143765018.0,-189948767.0,157846276.0
083500,에프엔에스테크,CFS,35170661301.0,28321931045.0,24563677053.0,15996617236.0,35408901583.0,28379947419.0,62984984218.0,63986438611.0,12982306611.0,23757891420.0,65651941.0,4879853.0,-144637510.0,635498899.0
083550,케이엠,CFS,86634244057.0,94497673402.0,41255348686.0,42648822849.0,48555270820.0,51753573078.0,132738579767.0,133012826776.0,30372010313.0,37341939842.0,-349334921.0,2138944912.0,494827447.0,3210989601.0
083640,인콘,CFS,39941622235.0,74935161289.0,15960200035.0,18175202416.0,18389940009.0,20886839368.0,92936910565.0,107392714567.0,15711866949.0,9871847417.0,722405802.0,-40133650.0,1403343495.0,-164165663.0
083650,비에이치아이,CFS,191295683594.0,202231017437.0,337912690222.0,309895251954.0,374377115049.0,399835782572.0,66193503850.0,49538551747.0,82065496846.0,85949789589.0,2749879456.0,1422900730.0,2682375633.0,-7940710421.0
083660,CSA 코스믹,CFS,36311833626.0,27371297481.0,19978582726.0,30732588148.0,20727039867.0,31710202105.0,21870301654.0,2913834201.0,9900353133.0,11677766697.0,-1747239539.0,-4168980304.0,-1862493875.0,-4276001190.0
083790,CG인바이츠,CFS,102390109600.0,98853917480.0,109456710297.0,80836746175.0,158609500580.0,129190035455.0,174952079874.0,193423028183.0,6235289534.0,5079708386.0,-5522671784.0,-8935868293.0,21134137683.0,-4332678106.0
083930,아바코,CFS,196479426117.0,194164687421.0,105426500502.0,107276092531.0,111315498584.0,109629847675.0,176231114673.0,168806346781.0,27543590131.0,57082188726.0,-3879641574.0,7546358178.0,-1915900159.0,8929172853.0
084110,휴온스글로벌,CFS,605141091214.0,611225979949.0,303752114350.0,367562228300.0,393600724327.0,457233625951.0,878893504230.0,785875593850.0,190616742502.0,167565378513.0,31901371357.0,18229716898.0,23386786171.0,15730431360.0
084180,수성웹툰,CFS,40737088592.0,47827012095.0,84490262557.0,45482603061.0,94776634175.0,48645637196.0,68558076683.0,50135765847.0,11222504827.0,11007910035.0,-231543737.0,-651765049.0,-1688510004.0,510771488.0
084370,유진테크,CFS,296536868148.0,297304073244.0,53409000914.0,77570179279.0,64283589080.0,87311770380.0,363905512152.0,346702038418.0,50287317840.0,62464128825.0,718566527.0,13615918577.0,1763913452.0,11179690397.0
084440,유비온,CFS,15745372659.0,10819562289.0,13452501042.0,13997921354.0,13793605353.0,14449534989.0,9949565920.0,4377982495.0,7854318527.0,7849707283.0,10105107.0,652736148.0,-74127625.0,688224889.0
084650,랩지노믹스,CFS,176329014212.0,174482683213.0,65884225565.0,19895506360.0,98558938793.0,40142378194.0,242785113421.0,210510338830.0,21177885009.0,24517038465.0,110402373.0,8845241733.0,-1712811797.0,7634617042.0
084730,팅크웨어,CFS,263970587369.0,231723488991.0,161969306498.0,133483650738.0,172767906507.0,163431290871.0,206510756176.0,184569492797.0,106078844636.0,89710960298.0,11954451311.0,3493141138.0,9353118948.0,2901899501.0
084850,아이티엠반도체,CFS,306182094382.0,248697841590.0,444389582938.0,374478519330.0,501783001396.0,456973303715.0,203073014362.0,197780858231.0,198821917353.0,224154511880.0,7869443647.0,5019717347.0,5777738163.0,8397488233.0
084990,헬릭스미스,CFS,88484384001.0,109211228413.0,26949174532.0,33196191207.0,28982637501.0,37583550701.0,198492768305.0,216478275323.0,1092160154.0,769978484.0,-7841478694.0,-13073408171.0,-8087231485.0,-11119154053.0
085660,차바이오텍,CFS,595389662555.0,520266602078.0,431825383607.0,477748000923.0,1077597574732.0,955071931840.0,691018766903.0,651936327502.0,237019405306.0,215661180829.0,-5038036335.0,-15572838364.0,7607515706.0,-1833805509.0
085670,뉴프렉스,CFS,69520409599.0,75701960164.0,83498666592.0,98937561349.0,92398492747.0,108340504765.0,71468143792.0,66762467982.0,50818416819.0,64550859917.0,6069410999.0,2997802416.0,4715572939.0,5438071622.0
085810,알티캐스트,CFS,10772382932.0,9873584189.0,13555462081.0,12683540646.0,32696471159.0,22875308644.0,26104813609.0,47085945910.0,,,-1146114332.0,-2111805193.0,-2848388823.0,-4117140912.0
085910,네오티스,CFS,67373354626.0,74035142541.0,58440989545.0,63416280982.0,64929173961.0,66832892775.0,71123184795.0,77934212170.0,14399189896.0,17143447075.0,-261015773.0,2184339182.0,-1230216109.0,4555869254.0
086040,바이오톡스텍,CFS,49218821272.0,49129837510.0,58133032938.0,59527934760.0,80976986265.0,81333510340.0,49627600716.0,44366867016.0,7151610305.0,9574162645.0,-2819219353.0,1208689437.0,-2732348488.0,2489695977.0
086060,진바이오텍,CFS,50281936220.0,46269472620.0,15721083050.0,15920095311.0,19602411602.0,18314887311.0,47819614317.0,45726044279.0,19964317810.0,22395576951.0,999746519.0,200815045.0,777871869.0,-216543745.0
086390,유니테스트,CFS,130632155364.0,107111004989.0,42854917696.0,33724407262.0,54919690263.0,46551588334.0,155116588741.0,143150890509.0,37071191233.0,31485168962.0,6438401459.0,-3529136413.0,6389295191.0,-2459235474.0
086450,동국제약,CFS,406489687995.0,385321451873.0,220656057946.0,198539154920.0,260015491372.0,237265679685.0,564894490138.0,531064404391.0,176437669297.0,159688813418.0,14191833730.0,11860480765.0,12500793639.0,11990236624.0
086520,에코프로,CFS,4539872644735.0,3162551112304.0,3186425974234.0,2082665018806.0,4597401915655.0,2824001949335.0,2975073664414.0,2521780653709.0,1903805322249.0,1631738986282.0,64966994062.0,211406384956.0,17456730940.0,174701856048.0
086670,비엠티,CFS,127997781581.0,124648910325.0,93116257548.0,79490866744.0,134285426649.0,131538860414.0,119804794515.0,106363481152.0,27761886236.0,37562155768.0,1479802554.0,7135786932.0,3535131176.0,6331021130.0
086710,선진뷰티사이언스,CFS,42819012504.0,56803101350.0,27938774965.0,32590745976.0,55623631069.0,68703934949.0,71642095448.0,66867107954.0,15278876002.0,14400645060.0,1464335094.0,792398046.0,568344186.0,385576602.0
086820,바이오솔루션,CFS,78129504656.0,79158848018.0,48824766965.0,45852577401.0,50791348834.0,47955451542.0,38916994586.0,43775099282.0,3184982801.0,3097966723.0,-1472184920.0,-1047469580.0,-1490263227.0,-4221500975.0
086890,이수앱지스,CFS,96051707599.0,77773620375.0,76135229512.0,68595073248.0,80738044508.0,72859650268.0,59857985387.0,64410871098.0,14642297810.0,15997120261.0,2007341776.0,-254881226.0,198760715.0,-1243940275.0
086900,메디톡스,CFS,160511715392.0,135133971840.0,116530513581.0,135262308111.0,131493338006.0,162672839659.0,485667326565.0,433615605387.0,58654349743.0,53311778775.0,3574398415.0,14526002180.0,-2233383755.0,13072920484.0
086960,MDS테크,CFS,121509971156.0,123595749983.0,36110130122.0,50302473100.0,37476551999.0,51925318735.0,127283523428.0,107542611117.0,37867218018.0,35736926117.0,2801908748.0,2305263666.0,2006680622.0,-3499268706.0
086980,쇼박스,CFS,85914905544.0,98945572834.0,25565697619.0,24944376264.0,27260654019.0,28013934454.0,117843240889.0,135164795608.0,17497406141.0,29019655629.0,-22067716006.0,-2300903817.0,-17676574551.0,-1535226906.0
087010,펩트론,CFS,11223264569.0,23283354801.0,10704953712.0,10771947151.0,15280592114.0,15165197545.0,39574125867.0,53109372080.0,683465912.0,1227516043.0,-4172883282.0,-3751149954.0,-4140301374.0,-3043705765.0
087260,모바일어플라이언스,CFS,56108729735.0,48478523100.0,32815602156.0,25352588702.0,33511364813.0,25993741443.0,46522776366.0,46064398522.0,13706305490.0,15468878806.0,64851873.0,-413942577.0,-48443045.0,-267328904.0
087600,픽셀플러스,CFS,54671882969.0,53937932402.0,6577565254.0,5148646633.0,21523380676.0,10225676610.0,83926794133.0,84688001902.0,13141989346.0,15650066098.0,-723100324.0,1803096726.0,161942028.0,1930815255.0
088130,동아엘텍,CFS,167469331694.0,204002761640.0,93314190707.0,90378679092.0,97593930749.0,94986040198.0,173144648668.0,211372146182.0,41838205253.0,48099471525.0,2145951718.0,-1408996940.0,-7235593666.0,-27097381816.0
088280,쏘닉스,,,,,,,,,,,,,,,
088290,이원컴포텍,CFS,14905427748.0,27553934991.0,45910157928.0,47267286622.0,46747471890.0,48350244182.0,54410023700.0,49526003035.0,12032130057.0,12845299700.0,503464546.0,851957530.0,-1135751637.0,-1593913815.0
088340,유라클,,,,,,,,,,,,,,,
088390,이녹스,CFS,97229297890.0,58840011407.0,49810108879.0,42363708912.0,95319747398.0,71345101976.0,256902127443.0,230149373065.0,23274497287.0,22652276974.0,4588373333.0,6892779933.0,4594457542.0,6748484178.0
088800,에이스테크,CFS,185449726403.0,235745883633.0,241812058207.0,239615092518.0,255305951816.0,311712410525.0,41552432896.0,67809147532.0,26970256169.0,59600938462.0,-14302526604.0,-8531249575.0,-21366571758.0,3838231777.0
088910,동우팜투테이블,CFS,111481002333.0,142312837459.0,45795783545.0,75966872415.0,53602213137.0,93418152485.0,221744905834.0,193758677844.0,94455045015.0,93124022432.0,8637914914.0,401117872.0,11676690330.0,-3740893039.0
089010,켐트로닉스,CFS,272541365730.0,247249638886.0,276133992661.0,261469965765.0,335195724523.0,320647868777.0,180584168518.0,148874080448.0,145029590545.0,165115624926.0,6426708910.0,5603661182.0,2368140623.0,-2965161662.0
089030,테크윙,CFS,153434484875.0,181278223634.0,140261163033.0,176912624630.0,277062391515.0,242694770306.0,207773358461.0,245557585185.0,24330700278.0,64871680204.0,-2689972636.0,13983325556.0,-11573332837.0,-6017907165.0
089140,넥스턴앤롤코리아,CFS,56068745662.0,43965822802.0,99459144073.0,19702027101.0,109094778636.0,91982532014.0,160246597931.0,108273986801.0,10254145846.0,8179959044.0,417587061.0,-1071674309.0,239638171.0,-2617471349.0
089150,케이씨티,CFS,5645216374.0,3563781325.0,17397670188.0,14185376063.0,22318883949.0,18859131766.0,34307350316.0,34764715781.0,4513460779.0,1955096001.0,871214957.0,135147547.0,545574134.0,2581585.0
089230,THE E&M,CFS,24821635745.0,23157352636.0,56859287295.0,21230085905.0,57732944056.0,42297027349.0,47115017396.0,61842456121.0,8088239726.0,12613721128.0,-1961929887.0,-328250362.0,-7986675928.0,-2740477504.0
089600,KT나스미디어,CFS,376327707684.0,435360834272.0,218339010002.0,261380996163.0,233635389433.0,275583655118.0,249037461224.0,242441426323.0,39783146520.0,39513001905.0,7233831596.0,8460689465.0,6655570793.0,7018595823.0
089790,제이티,CFS,61595549073.0,59941470911.0,27432028581.0,26016887840.0,27714524858.0,26235678859.0,56042703701.0,54602358366.0,7041424148.0,8366075531.0,542696193.0,935128845.0,556238266.0,4153805789.0
089850,유비벨록스,CFS,333941339296.0,288301287817.0,227795536320.0,191449249958.0,245312407612.0,228913266702.0,244352595997.0,213858338521.0,135321129552.0,114342213866.0,16152651099.0,5657304262.0,12530107187.0,4488644517.0
089890,코세스,CFS,56940770896.0,35226678074.0,24811648597.0,12935767133.0,26698940245.0,14567998044.0,70378526094.0,59949964349.0,23847357580.0,19097684074.0,4464442845.0,1660082188.0,5715037258.0,2998354383.0
089970,브이엠,CFS,144092042535.0,145183788731.0,25979636591.0,37285419916.0,27665589517.0,38722432406.0,127043777182.0,117911662666.0,7103777416.0,13622368628.0,-4516528555.0,1957682790.0,-3262106429.0,5689832142.0
089980,상아프론테크,CFS,162875594857.0,159483128801.0,89157302078.0,134824475290.0,172570818102.0,150973300609.0,185916422917.0,184985819345.0,45955159158.0,48241922864.0,2177664291.0,4320694986.0,690883806.0,3965287165.0
090150,아이윈,CFS,64272844463.0,63818056832.0,87625364832.0,92506846864.0,98307968524.0,100938110968.0,79323384439.0,78789855444.0,25325933759.0,23497041277.0,1990461873.0,374306703.0,1220103552.0,598722288.0
090360,로보스타,CFS,75085829432.0,94581676302.0,28858227505.0,46199505179.0,29076173080.0,46536515025.0,89580423883.0,89910588242.0,28901153703.0,39680530466.0,-137544291.0,1082005158.0,342522719.0,3119302793.0
090410,덕신이피씨,CFS,108167243424.0,72874311040.0,65836281762.0,41410319452.0,70023913993.0,48247128202.0,109211400120.0,90865877091.0,54408245166.0,50768857332.0,7306730643.0,5929923498.0,5815775996.0,1096525302.0
090470,제이스로보틱스,CFS,78124122901.0,100060659598.0,24203372668.0,38962704349.0,25364531138.0,40239650093.0,167638622345.0,150073857533.0,13846031302.0,34495339387.0,-752583598.0,9574257559.0,-595288323.0,8973353550.0
090710,휴림로봇,CFS,46585535275.0,49339351956.0,26850466958.0,28568220474.0,30458052975.0,33533181493.0,75230182750.0,80951021326.0,17697065894.0,17699469366.0,-689857626.0,-2175896220.0,-522264223.0,3595962053.0
090850,현대이지웰,CFS,150723837080.0,123407026450.0,109251313156.0,96759558186.0,122849984664.0,109886451578.0,104224652757.0,92005006490.0,28466516085.0,28773146630.0,2896892298.0,3129112021.0,2555988912.0,2639715216.0
091120,이엠텍,CFS,191073030706.0,188585833883.0,73854014107.0,61954398953.0,157307390246.0,151116719047.0,252665831854.0,262872083328.0,59985166413.0,104601573531.0,-3125239949.0,6197088149.0,-4680205455.0,7625382890.0
091340,S&K폴리텍,CFS,164200898651.0,159050027412.0,132984863035.0,124862435632.0,147923833148.0,144226568608.0,119755228209.0,122069875288.0,63243298806.0,69012660396.0,1282619414.0,-843437296.0,1771287384.0,3757519666.0
091440,한울소재과학,CFS,19673604453.0,18141399273.0,13148981274.0,20342527850.0,20631394955.0,27915224220.0,13225795724.0,16848596021.0,3948543386.0,6198123078.0,-1612578776.0,-1621532209.0,-1749262485.0,-1086201142.0
091580,상신이디피,CFS,157291770277.0,127261451470.0,127288384708.0,108188927797.0,141102723800.0,122054205623.0,143774374217.0,122436423306.0,84822668559.0,78169013398.0,13961734977.0,10222232166.0,11534316877.0,8894844194.0
091590,남화토건,CFS,61771050111.0,86482574553.0,15094872853.0,18370076355.0,23604602939.0,31325889361.0,183532523347.0,173941397169.0,14962591578.0,22153554805.0,-1994701018.0,926638820.0,-269571297.0,2074006118.0
091700,파트론,CFS,329075973032.0,345399168541.0,157311338513.0,182283223256.0,159086785933.0,184546399465.0,510914229132.0,501068231815.0,308795185786.0,301248416345.0,13546754121.0,16248280225.0,7241350108.0,17655787621.0
091970,LSK아이로봇,CFS,31309779808.0,24618377586.0,16614790179.0,17583196330.0,17668475370.0,18964589242.0,33790341507.0,28054250339.0,11928258709.0,11282445610.0,54407573.0,-590673404.0,-824857238.0,824973318.0
092040,아미코젠,CFS,157346884460.0,143947296587.0,223304990439.0,205169421949.0,287421575682.0,259874018775.0,173984958408.0,169777938037.0,43144341189.0,38910400292.0,1299165612.0,67197010.0,771929869.0,1485939242.0
092070,디엔에프,CFS,68485965470.0,77983789053.0,30050427145.0,28337635491.0,34037631700.0,32776469547.0,157096766522.0,157768192720.0,21692838477.0,36355379159.0,-2194803948.0,5495929034.0,-1775282518.0,4067305693.0
092130,이크레더블,CFS,46187008540.0,49862296181.0,10085631942.0,10085006728.0,10264486022.0,10317664262.0,42959650059.0,46248368512.0,8108478536.0,9154297890.0,1114281423.0,2480631363.0,1169947411.0,2108900080.0
092190,서울바이오시스,CFS,234701198612.0,219085309992.0,380068913695.0,298911164657.0,681631912252.0,588482789441.0,96371988953.0,167512347836.0,127291242398.0,105325825668.0,-19825428338.0,-17058485331.0,-33311883195.0,-29660652081.0
092300,현우산업,CFS,115672834621.0,95149292827.0,105718603288.0,85507232996.0,125975506359.0,110299620087.0,96894924669.0,92238886205.0,63047791614.0,52472479495.0,4850751501.0,2963086009.0,3382514133.0,1525812553.0
092460,한라IMS,CFS,117208182628.0,59772594906.0,49392902260.0,48476303042.0,59636470719.0,81687593167.0,164684556390.0,97168003707.0,17300468363.0,27546489992.0,1521231392.0,5071620516.0,-273794644.0,3401475759.0
092600,앤씨앤,CFS,69740847094.0,96734701591.0,25286982232.0,31753896454.0,32929302230.0,40699056727.0,53618087281.0,74108427839.0,15124212462.0,23008021100.0,-6405223773.0,-4079594864.0,-6083419249.0,-3708522443.0
092730,네오팜,CFS,147151896661.0,131270043971.0,15084402559.0,13136622381.0,15253617156.0,13136622381.0,154009747168.0,142210804545.0,21808048917.0,18828986225.0,5060789516.0,4140328590.0,4931193914.0,3979549642.0
092870,엑시콘,CFS,68261404916.0,69872785910.0,17658619557.0,19917102730.0,22155084505.0,24832895770.0,148616669762.0,144785237404.0,17268089805.0,26842760781.0,-1421630016.0,3335473461.0,660290084.0,6209016800.0
093190,빅솔론,CFS,121811556729.0,139054432925.0,21920207268.0,29190514327.0,29079843996.0,37947880807.0,206368984623.0,205666064586.0,24815587843.0,36576779192.0,588038456.0,9876184870.0,-48467217.0,8239547442.0
093320,케이아이엔엑스,CFS,114174090498.0,113461972019.0,32143755061.0,25745618597.0,42613631885.0,37796133531.0,177967960609.0,159642054100.0,30641496104.0,27956848513.0,6744694427.0,6963265670.0,6495010706.0,10011003746.0
093380,풍강,CFS,47752611315.0,39576655553.0,19390878663.0,15121474875.0,25202607977.0,19913071198.0,72549447575.0,69313318021.0,26453132281.0,21602521613.0,1782406575.0,1522276405.0,1471127653.0,2005950372.0
093520,매커스,CFS,319060473445.0,273926403422.0,207245987545.0,192421375773.0,228107460103.0,193200234710.0,102775014855.0,93358591063.0,32912350400.0,50564530204.0,3992131013.0,9481467129.0,2542794685.0,6473909738.0
093640,케이알엠,CFS,155859176378.0,56293823448.0,6985477841.0,16137153164.0,110452744986.0,16288626683.0,102466263461.0,46482582157.0,1882312080.0,3017233580.0,-2006256991.0,-40924722.0,-3576262800.0,-5101062423.0
093920,서원인텍,CFS,194268104737.0,196245916857.0,30188200307.0,41073157228.0,30470423348.0,41355257723.0,204864591835.0,197713715825.0,85074805321.0,90538693836.0,3928010629.0,5974191440.0,5092523492.0,9255294095.0
094170,동운아나텍,CFS,70182669136.0,47983945659.0,13880519410.0,26616383447.0,25449608450.0,41889276249.0,59553852843.0,21156162298.0,37785000298.0,10077796498.0,10474899067.0,-1867171821.0,11565140727.0,-994678002.0
094360,칩스앤미디어,CFS,51212962397.0,41483820634.0,26969310052.0,18880565248.0,28428510808.0,21104837589.0,44680899843.0,41970882397.0,6953058606.0,5774402033.0,2019173555.0,1581794667.0,3240861131.0,1684087725.0
094480,갤럭시아머니트리,CFS,307357204421.0,287562017571.0,243801116221.0,215141008290.0,246741728626.0,222881720612.0,115027913677.0,115083694175.0,33929362613.0,31706061735.0,2880013151.0,2856847258.0,1905866799.0,4228099980.0
094820,일진파워,CFS,101270246343.0,107628419318.0,32125539063.0,45340448526.0,53351465578.0,65140236619.0,131465016025.0,125429710242.0,42666138262.0,47398204638.0,4816775474.0,6125244621.0,4823290319.0,7300977231.0
094840,슈프리마에이치큐,CFS,70039912543.0,81573074218.0,15228088544.0,5304973274.0,20245557419.0,9427251404.0,202928665830.0,195110012002.0,4695828295.0,3998798961.0,970436039.0,617037227.0,2698299539.0,4107335877.0
094850,참좋은여행,CFS,99881896426.0,71140484085.0,53892182695.0,31943927363.0,56525264531.0,33036379015.0,81424641767.0,77006424312.0,,,1561135499.0,-4217488827.0,1665715715.0,-3051149191.0
094860,네오리진,CFS,26370576689.0,26241282028.0,11546178521.0,8867321070.0,11863218739.0,9371238399.0,37280526451.0,38856349629.0,5641039677.0,8386252607.0,-331843775.0,1179948773.0,443094688.0,1552002457.0
094940,푸른로보틱스,CFS,25298602676.0,23882184307.0,10396953083.0,5580871252.0,11102873520.0,9857989479.0,37539107609.0,32600029243.0,8916425339.0,6342416433.0,299016796.0,51945017.0,183983207.0,-1662365807.0
094970,제이엠티,CFS,142359511431.0,108147742719.0,49102615006.0,34473396478.0,54580589179.0,34805588623.0,155182205854.0,103525754597.0,42202025429.0,24547810779.0,5177727918.0,4406913724.0,6757679418.0,4382544405.0
095190,신화프리텍,CFS,85656087753.0,60599734051.0,95121809348.0,61559298288.0,131817005073.0,92796370490.0,77915550736.0,80441069432.0,28352052615.0,24208581252.0,724226165.0,-581439517.0,-417941931.0,-1145309874.0
095270,웨이브일렉트로,CFS,66947854211.0,73839011109.0,28056117267.0,23753152953.0,31575541932.0,27239297620.0,58629459701.0,68689476079.0,23813158462.0,17256185443.0,1305584573.0,-1353851891.0,1358724875.0,-1973790280.0
095340,ISC,CFS,167558489383.0,161742958401.0,65780736813.0,81385857030.0,75300701361.0,90405304450.0,272508538613.0,268027133632.0,32917975565.0,49027574047.0,-7987701693.0,15829847957.0,-4405446241.0,16671688786.0
095500,미래나노텍,CFS,382982085995.0,285871637554.0,292992183409.0,208847585957.0,315974375535.0,248598563755.0,274847173078.0,239363928235.0,177484368289.0,129562431373.0,2531214106.0,6942553513.0,1842271289.0,-6600519671.0
095610,테스,CFS,182190771570.0,188969635836.0,17730027806.0,27789255768.0,19755780410.0,29847950093.0,307778552379.0,306670205959.0,27705445835.0,91847916866.0,-5343685030.0,15410780272.0,-4061145409.0,14781001110.0
095660,네오위즈,CFS,300209186889.0,253547138099.0,108658624761.0,87336191850.0,138973500798.0,101331086165.0,522092001459.0,458756308479.0,117475092213.0,74917172201.0,20246624577.0,5243667871.0,18153098352.0,8148998787.0
095700,제넥신,CFS,123348527769.0,52384073857.0,72280083723.0,78933215367.0,97387770101.0,107873145205.0,295640992676.0,280907962296.0,368516901.0,2392430353.0,-14384785181.0,-8377825944.0,-20939659019.0,-18878777717.0
095910,에스에너지,CFS,236164752210.0,223038152748.0,167997319525.0,160292087816.0,237947579440.0,235314827766.0,115124080973.0,114248862166.0,46332811063.0,60581884731.0,3468914764.0,3941899359.0,-350652854.0,-5835639619.0
096240,크레버스,CFS,55877365896.0,60463234513.0,101464322398.0,109055064630.0,172741529114.0,177236410665.0,45119481262.0,46914009004.0,57552013256.0,55366288118.0,5438627403.0,4916953088.0,3227285930.0,4332909745.0
096250,와이즈넛,CFS,44052454603.0,42633995957.0,6831108233.0,6319079717.0,7320789606.0,6667211938.0,44084536978.0,43808155843.0,8138942351.0,7719375837.0,63606529.0,1255356780.0,205060173.0,1440241040.0
096350,대창솔루션,CFS,35131962146.0,32748227542.0,74224097254.0,80830488207.0,94430523103.0,95237188837.0,32551071917.0,28941164605.0,17302730459.0,12798424354.0,741219698.0,-1303786574.0,-48805456.0,-1834708072.0
096530,씨젠,CFS,793723051466.0,902505570560.0,153846820632.0,170193575730.0,213119619056.0,240498582648.0,1043750911106.0,1150278974828.0,91886240361.0,150844103592.0,-10094332723.0,-32245401398.0,-4680161835.0,-11265071925.0
096610,알에프세미,CFS,29895039458.0,50961012388.0,19937386815.0,42547417708.0,23630458886.0,47176716398.0,44729819154.0,30185727786.0,6648545328.0,6598911297.0,-2081275160.0,-1224283507.0,-1930014128.0,-2708959976.0
096630,에스코넥,CFS,121260875786.0,107507443382.0,101262560613.0,116680758013.0,113630797798.0,118848823137.0,70067781471.0,47218876990.0,76086578228.0,62138086281.0,1902526058.0,7786637486.0,3755254923.0,8707173615.0
096690,에이루트,CFS,95472671173.0,108305956682.0,40619974567.0,49006855542.0,41310902006.0,49430608296.0,142984607688.0,146718646925.0,16490062331.0,16711167552.0,-697921590.0,300128091.0,-954841869.0,2839037334.0
096870,엘디티,CFS,12080604117.0,11913075928.0,2338225495.0,1482421278.0,2661652349.0,1768265203.0,14567921055.0,15414390784.0,1331588996.0,2902486216.0,-319296166.0,387328461.0,-217758193.0,762413825.0
097780,에코볼트,CFS,170562724239.0,161301914665.0,66611941857.0,63931583001.0,70105447001.0,66861860392.0,235605277838.0,234395387691.0,60027257640.0,54711367453.0,-3616709420.0,-4260393804.0,203480227.0,-47532168831.0
097800,윈팩,CFS,27548088120.0,29840177120.0,64130964175.0,73169703594.0,102752533418.0,102390571494.0,64615083543.0,76152137358.0,18483791747.0,40527304716.0,-6524208588.0,1234688320.0,-6060716870.0,298095486.0
097870,효성오앤비,CFS,32310014358.0,34557862994.0,12276731740.0,10197501948.0,13687424579.0,11747374118.0,72907663574.0,72870935162.0,9046587401.0,9486768926.0,831816929.0,995925287.0,582525747.0,891282824.0
098070,한텍,,,,,,,,,,,,,,,
098120,마이크로컨텍솔,CFS,41760115548.0,34021660686.0,8307086677.0,7156258430.0,9993925738.0,8314920669.0,55941104820.0,49033183804.0,19856660374.0,16952248027.0,5327210497.0,3236765033.0,4481568529.0,3023279663.0
098460,고영,CFS,305650499567.0,286509847894.0,56174596141.0,58305668638.0,84529772719.0,86511583085.0,319171790374.0,305174909938.0,50135571145.0,72199902730.0,1770998446.0,11870453576.0,3935466175.0,21492977057.0
098660,에스티오,CFS,41895103018.0,32772538030.0,32267001904.0,25322530055.0,46344584350.0,30500122013.0,28908178329.0,29915661261.0,13627300892.0,14476400471.0,-794486484.0,-70847975.0,-987033466.0,-214205218.0
099190,아이센스,CFS,207012823267.0,217187117224.0,94748553137.0,74562926863.0,189909962849.0,144814029282.0,308331545545.0,304756150342.0,67039977580.0,68513874763.0,-448681475.0,3797171093.0,-858631819.0,1841479887.0
099220,SDN,CFS,94830909527.0,82508951988.0,51632591897.0,57252466311.0,80131318505.0,75457894880.0,105910560092.0,102164005455.0,13322970786.0,32071919171.0,672165077.0,417008543.0,2711268370.0,1428339852.0
099320,쎄트렉아이,CFS,144937571078.0,193789417295.0,115865161431.0,63220144047.0,128592182736.0,137614754857.0,122996691367.0,121165551758.0,24919200154.0,23183205569.0,-2590658404.0,-334984283.0,-1395089961.0,5193472373.0
099390,브레인즈컴퍼니,CFS,36441341282.0,42253162580.0,2822169570.0,3450911976.0,4727538499.0,4102114403.0,44808051154.0,43137975575.0,5364006895.0,2706611861.0,427020140.0,-311759022.0,1010432660.0,51592565.0
099410,동방선기,CFS,15871372305.0,15284880868.0,11019391619.0,12195801019.0,12953436767.0,14018495053.0,31054665536.0,30296730044.0,5610193423.0,5989293889.0,218135430.0,151815968.0,101508323.0,192129600.0
099430,바이오플러스,CFS,106557642448.0,106059470734.0,11255968107.0,9477178751.0,33679162511.0,31557510776.0,129913950409.0,114960536369.0,17519197501.0,14126661057.0,7480534300.0,6420119401.0,6601441348.0,5143732061.0
099440,스맥,CFS,134001569645.0,119549114810.0,97738168287.0,109019778857.0,106175169353.0,118764258538.0,100677100497.0,74814571042.0,40255182603.0,41298225453.0,4671689043.0,3541642302.0,4825360538.0,10186153701.0
099520,DGI,CFS,25458521908.0,17894193687.0,1703010876.0,2995508028.0,3049604173.0,4398191718.0,29178248863.0,18670697904.0,3699099293.0,6644375599.0,-1499822593.0,281371179.0,-1366587274.0,1238682913.0
099750,이지케어텍,CFS,30211355534.0,36051745659.0,10478707204.0,21892596402.0,13464940187.0,25103239859.0,34687786913.0,34161070395.0,15449173255.0,18833589097.0,1300222070.0,-177523336.0,813044781.0,-3662202460.0
100030,인지소프트,CFS,35291166225.0,28424861352.0,7020298197.0,9273580475.0,8299383889.0,10911502567.0,54189008752.0,50072966858.0,5885097933.0,6467414243.0,874640975.0,1557740821.0,3391203206.0,961678419.0
100120,뷰웍스,CFS,179914467182.0,189322037252.0,66601532985.0,76007575481.0,69862403768.0,79090397531.0,212672593882.0,209318872954.0,51615107107.0,55139600050.0,5835700409.0,7615552802.0,5738436511.0,-3449298445.0
100130,동국S&C,CFS,239159062054.0,219603177276.0,252770373628.0,216894830534.0,262432817849.0,222991249472.0,263952268727.0,280031252527.0,88448036895.0,81921933690.0,-402053386.0,-1730768738.0,543581249.0,54418430.0
100590,머큐리,CFS,96395640668.0,88969346229.0,42727203745.0,44046450785.0,45288867351.0,46299253730.0,99376579610.0,90254712181.0,37961035836.0,36583462167.0,1334286053.0,376973172.0,-818291489.0,-1287083405.0
100660,서암기계공업,CFS,51456507100.0,54124440322.0,9506523608.0,11508924482.0,9507723608.0,11513724482.0,65198592983.0,64132904603.0,10707575092.0,14222410468.0,-523761216.0,521115172.0,-27294409.0,930830348.0
100700,세운메디칼,CFS,104648302046.0,91588092394.0,8232853442.0,6697231202.0,8880564272.0,7454733905.0,135566534618.0,125023946199.0,18003274489.0,15447071392.0,5245783612.0,3522768587.0,4792704914.0,3186808379.0
100790,미래에셋벤처투자,CFS,,,,,733988699746.0,744782699271.0,338888436457.0,298224522407.0,23443033691.0,24446033007.0,,,-754209624.0,3629125723.0
101000,KS인더스트리,CFS,27575942017.0,26887142239.0,39235075018.0,42714353345.0,39589996428.0,43162428297.0,13673509916.0,11013492056.0,23294517634.0,17176148162.0,1656467378.0,-3520815270.0,546324141.0,-3273539325.0
101160,월덱스,CFS,213990152110.0,162287937565.0,50426054444.0,48229846672.0,78357569263.0,75905443769.0,234838830997.0,185892024621.0,68132880442.0,63880155623.0,17467720013.0,13788230431.0,15753878179.0,13448795750.0
101170,우림피티에스,CFS,44333463067.0,48183748501.0,14345176052.0,8839457849.0,14989612602.0,9039457849.0,86890646064.0,86177728698.0,11728086714.0,16009820234.0,-389213755.0,1138650924.0,-184054435.0,1770357973.0
101240,씨큐브,CFS,47655215712.0,45923977705.0,15338662948.0,12651162190.0,22629966252.0,21523371605.0,77458945774.0,64852037925.0,13480121652.0,12304960077.0,2121985777.0,2561701778.0,1552477108.0,2561568580.0
101330,모베이스,CFS,559588876038.0,511929490898.0,501619909333.0,462415444977.0,620589756192.0,584939362094.0,418992061241.0,407323995125.0,320889207833.0,326259879421.0,11742135305.0,15309316769.0,3900438524.0,19473962879.0
101360,에코앤드림,CFS,52010363433.0,69583717105.0,10040768214.0,31380718159.0,46650947551.0,59925865030.0,100082970444.0,79523357166.0,17474979376.0,17049441955.0,271760781.0,1214834850.0,234075280.0,-1377310046.0
101400,엔시트론,CFS,35327678887.0,26734043054.0,8158705691.0,7714123376.0,8678728705.0,8123340041.0,37197942242.0,29079770719.0,9037392778.0,6770162562.0,812040441.0,-204685965.0,1033099699.0,1180598293.0
101490,에스앤에스텍,CFS,116709550685.0,94153446461.0,27785230610.0,30461127018.0,33990591458.0,36358827310.0,215273150010.0,190391469119.0,38543093444.0,31575647983.0,5720153748.0,4911316535.0,6286780782.0,6391745068.0
101670,하이드로리튬,CFS,132546867299.0,130333965205.0,32882943416.0,9272350050.0,115716486670.0,85286898841.0,45345411110.0,55188804931.0,5376992835.0,2489495066.0,-1356686066.0,-341830585.0,-4770962341.0,-449670461.0
101680,한국정밀기계,CFS,78846275260.0,78799441451.0,43982764439.0,39677342660.0,48025089798.0,43220152671.0,43088527609.0,49028272175.0,9634295014.0,4707792389.0,-1713352411.0,-1795714560.0,-2076328637.0,-3919758508.0
101730,위메이드맥스,CFS,101935062662.0,102158190835.0,39543311017.0,31971304324.0,44858042224.0,43090492809.0,84717183606.0,79678296146.0,18414571824.0,20496030022.0,1246730050.0,5276966122.0,1361162241.0,6912699443.0
101930,인화정공,CFS,99152717488.0,85858046592.0,177484852965.0,158686201310.0,189625503682.0,170371104528.0,163707219002.0,170350605939.0,33618101856.0,35560561965.0,1784796083.0,1905829998.0,960797186.0,1221342079.0
101970,우양에이치씨,CFS,107320303103.0,97953704389.0,93028327383.0,100845195624.0,128666501514.0,141663905459.0,142394169879.0,124242353173.0,52718711037.0,49007494001.0,4559731019.0,2365040889.0,6119345021.0,7708030230.0
102120,어보브반도체,CFS,126994890736.0,127473142993.0,117595608104.0,127749153276.0,159288787004.0,158462978855.0,159634220073.0,173068584293.0,51348709720.0,45570009767.0,-5028550361.0,5256985866.0,-6388758282.0,4056250247.0
102370,케이옥션,CFS,68768262832.0,84611000512.0,14905939150.0,17406058166.0,89796993323.0,91373432666.0,120465454450.0,126178632502.0,2821782127.0,5274368953.0,-2028687008.0,570144569.0,-2690062167.0,328715461.0
102710,이엔에프테크놀로지,CFS,240465523241.0,259136755722.0,220605631255.0,187596594139.0,298680508567.0,270602941282.0,398659023280.0,391676181642.0,141992610608.0,175215596476.0,10374398694.0,20632163391.0,5504089747.0,18857282655.0
102940,코오롱생명과학,CFS,109079466859.0,110184254209.0,116246190502.0,109577506517.0,164175646706.0,146394637797.0,150652361651.0,167723249581.0,28213826479.0,39087674189.0,-5708786755.0,844654720.0,-7015152035.0,464161889.0
103230,에스앤더블류,CFS,43720720304.0,38407881960.0,15018611492.0,13414468444.0,21820879838.0,19507685682.0,45583922257.0,42527273435.0,9901176284.0,8897035812.0,603139835.0,943386842.0,727168917.0,907183094.0
103840,우양,CFS,68708701904.0,64715324358.0,87084529068.0,77150066687.0,115334126163.0,110953726955.0,37169360689.0,40068862057.0,49583559679.0,39064037039.0,-833404030.0,-737451690.0,-2582349418.0,-1878886158.0
104040,디에스엠,CFS,23687575234.0,25442744607.0,27172189595.0,24754553076.0,28927255425.0,28405941870.0,50693505743.0,51688531009.0,6633710844.0,5602563781.0,-156700846.0,-994804079.0,-305511375.0,-916371385.0
104200,NHN벅스,CFS,29913012058.0,25640252418.0,18618708638.0,17202086560.0,25410916284.0,19860700320.0,73305130426.0,73835692072.0,14173021692.0,15135108949.0,122725950.0,17826527.0,-195712749.0,175290022.0
104460,디와이피엔에프,CFS,93638208365.0,74179809613.0,91653673366.0,61382049529.0,132383196490.0,103391558032.0,107068971772.0,106874261657.0,34236687939.0,25874285800.0,2057365308.0,-3507242773.0,1601326493.0,-4641767755.0
104480,티케이케미칼,CFS,178622949326.0,222563578665.0,341163966133.0,339231976638.0,482220948324.0,483514905473.0,942177339926.0,947929864901.0,107450846887.0,160925836175.0,-15715023870.0,-14407804899.0,-13660094865.0,45878880270.0
104540,코렌텍,CFS,101045509256.0,114222645371.0,58901907850.0,66231301988.0,85133869990.0,96562492167.0,85353164373.0,75254415255.0,23642207745.0,16867657669.0,2091215069.0,1137456524.0,1910385338.0,3194213641.0
104620,노랑풍선,CFS,58125477520.0,37598418716.0,71190687231.0,60124782535.0,71803923173.0,60317235911.0,38937634885.0,32682264283.0,31326345131.0,7311729656.0,3733732302.0,-5472737654.0,2309836342.0,-4033704822.0
104830,원익머트리얼즈,CFS,169588850591.0,246955278704.0,48719591504.0,136389983817.0,50492609995.0,137651227352.0,453227078127.0,445366959345.0,75490026208.0,153858208302.0,4050653863.0,25804435575.0,4333720143.0,21049630835.0
105330,케이엔더블유,CFS,65271489029.0,54242228215.0,21521106067.0,47207545846.0,29111347038.0,64346370697.0,121926953201.0,78465943776.0,21433072490.0,28540797389.0,-3173191866.0,6083596709.0,-4565809297.0,6335982573.0
105550,엣지파운드리,CFS,43294226758.0,33472559069.0,49637831554.0,42584217572.0,52704306010.0,46068274799.0,66397272162.0,68097309760.0,9164441820.0,8751975902.0,-540766102.0,-364518540.0,-3664507704.0,-468032119.0
105740,디케이락,CFS,102195098254.0,88877012754.0,51215180522.0,54402157842.0,56723611740.0,60125460630.0,133864045152.0,112732121791.0,26039244578.0,28560803951.0,917058412.0,4932278142.0,1367031807.0,4889087743.0
105760,포스뱅크,,,,,,,,,,,,,,,
106080,케이이엠텍,CFS,22332116032.0,15632138082.0,7152334248.0,2539295368.0,7649256912.0,3017222604.0,17573051767.0,15602913553.0,1342334813.0,6787907267.0,-770449529.0,139989850.0,-1113656425.0,1051936884.0
106190,하이텍팜,CFS,53513535026.0,52040400443.0,24965276638.0,31738264181.0,30547965064.0,32263083649.0,103007605850.0,99938902322.0,18862689533.0,33790298657.0,1648129853.0,1257168486.0,1338805243.0,1155063167.0
106240,파인테크닉스,CFS,47124383762.0,48115617268.0,35435009899.0,34990121674.0,64174018770.0,59311362190.0,106711247142.0,104241532461.0,14237013084.0,11457258951.0,569667192.0,744542035.0,-2732419.0,212711246629.0
107600,새빗켐,CFS,42117544801.0,69588385849.0,3320930102.0,10979617321.0,19344844715.0,26447013598.0,61413064233.0,63145228920.0,12832955898.0,12074894420.0,-2712638319.0,1584401701.0,-2547843931.0,778919984.0
107640,한중엔시에스,,,,,,,,,,,,,,,
108230,톱텍,CFS,581980014178.0,289189548007.0,406250888175.0,130264096823.0,424690845837.0,148533080500.0,329918970649.0,329638722756.0,53970359054.0,43807806334.0,-3897003135.0,-970440900.0,-2838874857.0,8763556406.0
108380,대양전기공업,CFS,138400791152.0,127196709298.0,55734541741.0,41386238914.0,57183257284.0,42643345113.0,223102403645.0,218469177704.0,37204921931.0,31341794706.0,1719997056.0,365269092.0,2993156346.0,1881754110.0
108490,로보티즈,CFS,81114776925.0,90710133440.0,13276294818.0,16469367459.0,20346288738.0,38136875373.0,94173972548.0,84657805401.0,6581051229.0,6823137128.0,-1515250687.0,-644735161.0,-607589216.0,338872498.0
108860,셀바스AI,CFS,108219282227.0,46745131726.0,14410627545.0,18942332427.0,23614583267.0,35043735075.0,146137049136.0,71536217483.0,13713580764.0,13073324205.0,2002333912.0,1450539502.0,-2234304484.0,1561113820.0
109080,옵티시스,CFS,47019241862.0,44130698983.0,4275870690.0,4993948324.0,4786592047.0,5665399859.0,52444829739.0,51091414369.0,4353235537.0,8050823834.0,-189380120.0,2433405475.0,202966242.0,3086800710.0
109610,에스와이,CFS,238609083564.0,227788007302.0,191405973231.0,200548884045.0,236630997913.0,229220220205.0,197485392188.0,189204563855.0,132884922414.0,127318054428.0,5508172985.0,2252448937.0,1246999810.0,2378254034.0
109670,씨싸이트,,,,,,,,,,,,,,,
109740,디에스케이,CFS,86221095146.0,99678111812.0,30601590279.0,44243752921.0,31611329328.0,46773467226.0,144712697643.0,147055252631.0,20619860324.0,25386447516.0,-2197766199.0,-1812456829.0,-1669842573.0,1922918567.0
109820,진매트릭스,CFS,21011524141.0,21279575701.0,5799953693.0,5006383357.0,8980542889.0,7716614588.0,23480891773.0,24185697216.0,2457100810.0,1737075959.0,-172222127.0,-706647952.0,1311484856.0,-762280701.0
109860,동일금속,CFS,70805192431.0,77966640435.0,12051667021.0,19407529458.0,13132239237.0,23589132617.0,150458430843.0,153590621583.0,26599415032.0,28640721000.0,2813257845.0,3697522658.0,-5885680681.0,4917914171.0
109960,앱토크롬,CFS,59753725204.0,107987910489.0,29676790815.0,12004886286.0,32186939131.0,13955799426.0,266807464740.0,199437127200.0,3931149642.0,2509272059.0,490781903.0,-463370756.0,5764988960.0,1808105399.0
110020,전진바이오팜,CFS,7352329988.0,4698910296.0,9520506876.0,7947088453.0,9637218287.0,8358976609.0,8398493674.0,9508235063.0,4435104668.0,2123603998.0,-234901725.0,-852907695.0,-590545967.0,-1187575049.0
110790,크리스에프앤씨,CFS,286961464075.0,240409109955.0,208752498034.0,176428869334.0,335432711973.0,285281050632.0,381147904306.0,315960902762.0,75038631183.0,82041204523.0,6827278979.0,15366426082.0,1603687107.0,26505605791.0
110990,디아이티,CFS,174133517903.0,200308838931.0,36698222901.0,76191158845.0,37678852597.0,77060507770.0,179621194082.0,177781960437.0,30842871857.0,38345759559.0,5170596181.0,1442605886.0,6174211735.0,3370713128.0
111710,남화산업,CFS,56859287589.0,59190668951.0,4080751276.0,4272988938.0,14134526983.0,14162953451.0,173833797631.0,168517073106.0,5256357273.0,8356007728.0,2430359899.0,5347202749.0,3678969896.0,4917287100.0
112040,위메이드,CFS,378994860199.0,405362214973.0,777202276352.0,722669210953.0,933604663589.0,895502859674.0,511672666349.0,534328321556.0,235543509174.0,108285731040.0,45372346971.0,-28087593451.0,37916671552.0,-79255756465.0
112290,와이씨켐,CFS,47734616585.0,50572503670.0,39264567111.0,35566496579.0,53270233945.0,48541169392.0,63231081370.0,67546944291.0,14798691404.0,21212403483.0,-2348420555.0,1477642158.0,-2181528906.0,1656233649.0
113810,디젠스,CFS,37700288041.0,33360169570.0,33957405333.0,33131277995.0,41022631602.0,39233107673.0,18399666491.0,16289671973.0,20899820152.0,17916620731.0,1113625460.0,-7623871.0,1312108724.0,-89722644.0
114190,강원에너지,CFS,70262466671.0,47413444640.0,67174356889.0,43851138091.0,84666243297.0,52121351305.0,31377298187.0,32317888559.0,31268105587.0,18052812930.0,1552870720.0,1175332940.0,536875304.0,-1791103823.0
114450,그린생명과학,CFS,24597825453.0,26443405641.0,8535085917.0,9436509646.0,9101738179.0,9792757954.0,50075350508.0,52638974575.0,7466873779.0,6651351052.0,-572312210.0,-1029203450.0,-473012700.0,-353953197.0
114630,폴라리스우노,CFS,83408531301.0,83362569812.0,23939083279.0,24678819324.0,25254800654.0,25097659532.0,101543264325.0,86747182279.0,19255638474.0,27984326677.0,1629060495.0,2746786671.0,1493885916.0,3157887617.0
114810,한솔아이원스,CFS,77283364347.0,99779371310.0,44053949738.0,70826461348.0,65233751323.0,76552162587.0,156861887729.0,150815226841.0,25698342208.0,46296123061.0,1943674944.0,10791081399.0,3313696034.0,10298980007.0
114840,아이패밀리에스씨,CFS,68361311124.0,48152686221.0,19438774504.0,12124450880.0,29443774504.0,22129450880.0,62890906955.0,50204175100.0,37207605491.0,21000669869.0,6653635385.0,2062582368.0,5262235956.0,1542446920.0
115160,휴맥스,CFS,409799937062.0,470767510028.0,393692151484.0,441351704349.0,620199533061.0,685054658593.0,286153927254.0,322512169690.0,187335448347.0,181233940878.0,3404505761.0,-4997720022.0,-3635860089.0,-24802378763.0
115180,큐리언트,CFS,18393147073.0,34232063550.0,2196252359.0,2952240920.0,2736517541.0,3275403934.0,19643708274.0,35136260479.0,2260818893.0,2169103809.0,-5139088624.0,-9031515678.0,-4783044910.0,-8874955750.0
115310,인포바인,CFS,82217322267.0,77316335053.0,7860422895.0,7739289372.0,8706150856.0,8182771339.0,106588887279.0,102021182204.0,5864449804.0,5247201043.0,2061300966.0,1833447322.0,2325623311.0,1982551405.0
115440,우리넷,CFS,105855045577.0,81670935484.0,72542699856.0,50904802764.0,77402882151.0,52458125239.0,65305897843.0,59629389908.0,21355966958.0,10985379844.0,-1016235986.0,-461133019.0,-758375221.0,-151355513.0
115450,HLB테라퓨틱스,CFS,77261934865.0,80011653445.0,32134191989.0,58627728110.0,34539246470.0,59527711982.0,177565831553.0,128115546300.0,19197790714.0,24388791070.0,-2276506876.0,-4299446510.0,-1203929744.0,-3400316861.0
115480,씨유메디칼,CFS,32764700324.0,31285611581.0,28044189518.0,10831387941.0,32244052041.0,29151113848.0,62906744410.0,58930345248.0,8659936592.0,13999362507.0,1311743887.0,3895643128.0,766328089.0,4727056691.0
115500,케이씨에스,CFS,18033074295.0,28582480998.0,9614350485.0,20501085618.0,9862145397.0,20761310846.0,18499362163.0,18281203200.0,10788881807.0,7726955481.0,1433742580.0,262338059.0,1144784995.0,117626248.0
115530,씨엔플러스,CFS,25988382707.0,25412199268.0,21042981729.0,23200747537.0,23994803687.0,23302078207.0,11504581636.0,11608188300.0,6797080629.0,7657186794.0,162143227.0,64298819.0,-189824180.0,392948780.0
115570,스타플렉스,CFS,44647062532.0,50536919298.0,29859567710.0,36701995545.0,31350053212.0,38178853072.0,76833636681.0,77868107538.0,17390507024.0,30489723709.0,-377601609.0,3325098681.0,-1044433518.0,7729150188.0
115610,이미지스,CFS,19246708177.0,14035322004.0,3403457149.0,4693334908.0,12941110909.0,6059888333.0,9988483386.0,10512001477.0,3787429182.0,5421434746.0,-670544794.0,158337363.0,-546720037.0,316957758.0
117670,알파칩스,CFS,31483853099.0,33258910383.0,23707618738.0,34283549614.0,26215127334.0,37252543795.0,66709485396.0,63210571674.0,23071604871.0,21412700776.0,-779978150.0,-826231185.0,1961505720.0,-3086775160.0
117730,티로보틱스,CFS,102651396657.0,44288672739.0,126205080197.0,43054800623.0,134694760766.0,63376349954.0,10483518562.0,24138507842.0,12601830774.0,12972368577.0,-2913279000.0,-820283213.0,-3565491905.0,-544089808.0
118990,모트렉스,CFS,280622124413.0,268764237950.0,214614354654.0,174975168214.0,331034358267.0,331584711563.0,203261727456.0,176073850532.0,127909002323.0,152042873769.0,17727267109.0,16064512917.0,10316865106.0,14912934162.0
119500,포메탈,CFS,24093763697.0,24022537749.0,14183490661.0,15293832938.0,16911340812.0,18904485655.0,48987427486.0,48240799931.0,16737947506.0,16613522635.0,46762775.0,-322891448.0,52165227.0,-283089927.0
119610,인터로조,CFS,171899634326.0,149798899856.0,74229672849.0,69640783794.0,86210015904.0,74614119749.0,201603484662.0,189152271877.0,30644426002.0,32646130373.0,7472501684.0,8209945873.0,5706670916.0,4580366490.0
119830,아이텍,CFS,126256941342.0,105162768379.0,54246168032.0,27763308931.0,62987708861.0,37305846762.0,145959512358.0,141710240241.0,19837027605.0,19794454398.0,-1162468451.0,-1122344480.0,-204741290.0,29391485748.0
119850,지엔씨에너지,CFS,100618428886.0,103198206348.0,57296645251.0,53488053804.0,57625903795.0,53726055513.0,118167108080.0,117038808123.0,25752444776.0,48743301899.0,942035203.0,1888364313.0,1222189574.0,-1701717572.0
120240,대정화금,CFS,88955656971.0,74362558735.0,25039542168.0,23139515774.0,28945296720.0,27165323583.0,154263005964.0,146634090203.0,22956086632.0,24720364362.0,2279289433.0,2925296934.0,2343449471.0,3817705707.0
121440,골프존홀딩스,CFS,189170983501.0,146047574957.0,181821291112.0,138243291520.0,362254367806.0,323534142558.0,710633559875.0,685290151767.0,115112228626.0,129300700005.0,14726831162.0,25656917139.0,10765927236.0,21427572865.0
121600,나노신소재,CFS,347934596175.0,163349612569.0,8055910304.0,12045975919.0,157398099569.0,14866317449.0,266560310551.0,198894647651.0,20507035183.0,21547015811.0,1642911602.0,4724488928.0,4398153018.0,10085848683.0
121800,비덴트,CFS,74178140718.0,113980927017.0,81630673864.0,114608017864.0,92495452761.0,177806567740.0,559772444361.0,571025937639.0,2239934117.0,6971846886.0,-2478852465.0,-1670484041.0,-12658097666.0,-6325102613.0
121850,코이즈,CFS,18061556344.0,23856232844.0,16168732176.0,16635748259.0,20534734330.0,21364739471.0,16181900464.0,19151870983.0,4845193127.0,1800405367.0,-854396835.0,-2148634434.0,-953650821.0,-2213808154.0
121890,에스디시스템,CFS,10491204942.0,8328713699.0,4626382457.0,3870134579.0,4847859332.0,3961945828.0,10387455881.0,9376584564.0,4780348334.0,6711351081.0,283962043.0,43544765.0,321873988.0,128663092.0
122310,제노레이,CFS,70052213367.0,68446611149.0,25885566352.0,17472828834.0,32245477019.0,18234660297.0,91747617840.0,87963466279.0,23416883410.0,16587008648.0,3268601368.0,2034742780.0,3007541037.0,2561359444.0
122350,삼기,CFS,217469016157.0,208650641955.0,251348003255.0,237762074254.0,389324286105.0,358365135607.0,171654280968.0,120615902444.0,139658976677.0,137854647594.0,933915085.0,5034710286.0,-4837760063.0,8513028846.0
122450,KX,CFS,426489160240.0,219755802714.0,482323318378.0,199906052113.0,717912555479.0,539460450623.0,348316636930.0,339606522733.0,108776112817.0,86736596623.0,23288430870.0,23220334407.0,9671525509.0,16078059599.0
122640,예스티,CFS,72368214667.0,44521301572.0,74067032253.0,71928317143.0,125711482104.0,107751529517.0,86984090667.0,81988801271.0,17639232425.0,15847313343.0,540573572.0,-2265638024.0,-7372828803.0,-4290197361.0
122690,서진오토모티브,CFS,570217120051.0,487421129517.0,727466833257.0,648473281266.0,983760601398.0,834665770110.0,243547387046.0,212512005922.0,563866849854.0,502800312559.0,22946859021.0,6483052582.0,10650553175.0,3788406137.0
122870,와이지엔터테인먼트,CFS,420449014680.0,311016637294.0,169171868094.0,143804432005.0,192363723330.0,186584445794.0,581112994285.0,526288054590.0,144046014718.0,114660226254.0,21214913451.0,15537434741.0,14772536616.0,15370632780.0
122990,와이솔,CFS,229125720563.0,192515687879.0,46448143325.0,56182096954.0,49130446589.0,58899982365.0,351948221138.0,342485792806.0,98734456481.0,74550325227.0,1577661243.0,-5985957342.0,3110812021.0,4763326048.0
123010,알엔티엑스,CFS,43785268177.0,48667652723.0,28029733248.0,23573946211.0,30112274851.0,24768325651.0,50892846819.0,55180992573.0,9331367295.0,3143124299.0,-1729115084.0,-1599539678.0,-2181448724.0,-1223387408.0
123040,엠에스오토텍,CFS,901890807706.0,757050924942.0,856587571837.0,747712793011.0,1127325635106.0,1080294310168.0,588581005258.0,461907026356.0,543658088747.0,568798169887.0,32793343577.0,46696165653.0,13686474061.0,37661991597.0
123330,제닉,CFS,10790078310.0,15452057137.0,11241879417.0,14253899319.0,11443685075.0,14413429809.0,13738425779.0,15942873615.0,7403122645.0,8615393866.0,-243203661.0,1332119288.0,-333015950.0,1806823586.0
123410,코리아에프티,CFS,242824564911.0,214918450990.0,195780760118.0,193094440431.0,246464859322.0,245235117810.0,172825271507.0,148866537829.0,155354777221.0,130203781310.0,6057688220.0,1334286797.0,2689278153.0,4352323275.0
123420,위메이드플레이,CFS,67183119619.0,77615717315.0,18893375553.0,27115496142.0,168610871073.0,181811632281.0,226080191590.0,222323381246.0,29898630654.0,33473767314.0,107390715.0,671486722.0,-2275462241.0,4069549785.0
123570,이엠넷,CFS,87407686176.0,91881802742.0,20420329602.0,27515439324.0,28299235226.0,34389280708.0,93435127580.0,93833023868.0,9393047270.0,11478799962.0,1485495010.0,2688568567.0,1758977475.0,2189338150.0
123750,알톤,CFS,32984197268.0,33946770400.0,11388782689.0,14294031802.0,11814107755.0,14536974594.0,28810179570.0,27088282043.0,16769656336.0,13471635693.0,1585793567.0,38316628.0,1317965824.0,-523179611.0
123840,뉴온,CFS,11913727157.0,12594792839.0,21108427784.0,22995979994.0,22601499776.0,23908728874.0,39438466578.0,37623431158.0,467854822.0,1349584366.0,-1684307718.0,-2087664840.0,-4527213319.0,-5562976363.0
123860,아나패스,CFS,102744424691.0,94260982401.0,65080074711.0,63537800761.0,69562260665.0,65367957543.0,44392944623.0,37832326059.0,16113798634.0,10182296465.0,1340624198.0,-5211660720.0,2019082401.0,-3539885045.0
124500,아이티센글로벌,CFS,541940994645.0,578454964042.0,489238943286.0,495237726143.0,502458574938.0,556057237858.0,286216784282.0,274445276827.0,660953868421.0,543907140029.0,2141387830.0,3120819329.0,5307166450.0,2818315267.0
124560,태웅로직스,CFS,259164039931.0,260308609561.0,138629612070.0,141658635143.0,194762920178.0,165878868673.0,216006298604.0,209470779847.0,197914113355.0,333441242634.0,9370751758.0,21958699149.0,5749889351.0,22874609436.0
125020,티씨머티리얼즈,,,,,,,,,,,,,,,
125210,아모그린텍,CFS,75532756228.0,62826692848.0,73229041604.0,59130862630.0,92887120968.0,87250893335.0,64091989610.0,55894422773.0,30786060346.0,37762487328.0,1744150392.0,2665598483.0,1842880612.0,3581494151.0
125490,한라캐스트,,,,,,,,,,,,,,,
126340,비나텍,CFS,52702994935.0,55507247261.0,45872926274.0,44639348007.0,70606885802.0,72349234047.0,65112777205.0,60976128349.0,13505555478.0,14644007702.0,1488895646.0,1103360886.0,1026870989.0,4343043869.0
126600,BGF에코머티리얼즈,CFS,272945025775.0,253180273368.0,93963234439.0,117764418740.0,138834361934.0,150198660555.0,435644426360.0,201945072094.0,65005418174.0,64013328079.0,4031083964.0,4071393918.0,3624946648.0,10154188598.0
126640,화신정공,CFS,99561472447.0,75683094815.0,77644481817.0,56698039847.0,82651560556.0,59731905551.0,116391962502.0,101647253189.0,87870223398.0,79518331042.0,3934250149.0,2445418239.0,3419719989.0,1901851971.0
126700,하이비젼시스템,CFS,323773313576.0,223254741570.0,148805047991.0,84540490431.0,150748333429.0,86240128170.0,263054960230.0,223128960934.0,123873727079.0,44412636048.0,35849584342.0,3788312880.0,29950795827.0,5642688704.0
126730,코칩,,,,,,,,,,,,,,,
126880,제이엔케이글로벌,CFS,181298646428.0,162383043852.0,125993785299.0,105883132396.0,155942495723.0,126312230737.0,118119234095.0,113160043976.0,36997010522.0,34459738986.0,1337762416.0,-2211324083.0,-108003592.0,-103214326.0
127120,제이에스링크,CFS,13631782121.0,18698303670.0,10953430336.0,10501761747.0,13645424361.0,15616676885.0,24000428387.0,27890286716.0,4158726068.0,3929939912.0,-1744100501.0,-1367021177.0,-1673249039.0,-996379803.0
127710,아시아경제,CFS,203833912717.0,246601067882.0,275071007933.0,325727060295.0,412186847064.0,530065854807.0,174785241095.0,190050857062.0,22433847459.0,36709781868.0,-1181862841.0,-971237421.0,-1120116584.0,36555352089.0
127980,화인써키트,CFS,58268301034.0,28226039706.0,44188868649.0,15641738571.0,58615761102.0,18742641302.0,41905263504.0,31253743065.0,17385624822.0,15767011471.0,1134761771.0,1817673884.0,954707283.0,1350498201.0
128540,에코캡,CFS,94245316460.0,92259876531.0,53671539717.0,50530437990.0,69073287607.0,65199364543.0,92862825448.0,88575112410.0,34962054195.0,34060791327.0,3516592114.0,4663481070.0,4556194665.0,10006672068.0
128660,피제이메탈,CFS,67470076320.0,70906222796.0,53486747725.0,47674890297.0,56055658611.0,52038346170.0,72558708447.0,61056962711.0,55170298195.0,63420697162.0,-237252354.0,-2957148299.0,-1462166409.0,-5574578822.0
129890,앱코,CFS,61108582723.0,61135674188.0,18132943260.0,17916283204.0,41708753137.0,43588078019.0,57309619423.0,56138926685.0,21547884340.0,23973218907.0,1868579072.0,-1454881652.0,1876360196.0,-2304547995.0
129920,대성하이텍,CFS,124732203364.0,102461403476.0,79017667488.0,64310783599.0,117421479533.0,88330550538.0,67268914439.0,68184526665.0,23111759302.0,32363741676.0,1365363761.0,2224714019.0,1921419576.0,-886720785.0
130500,GH신소재,CFS,53949967123.0,37401526015.0,47807599464.0,44113755703.0,93884034452.0,48170888157.0,87383768183.0,82973675793.0,21492985891.0,23049683491.0,112870027.0,1826836208.0,-387726074.0,2023793699.0
130580,나이스디앤비,CFS,72919555021.0,72354659504.0,16750315666.0,21017929104.0,18024499781.0,22690288796.0,92324964768.0,83897799157.0,20488608950.0,20613403540.0,2562114844.0,2256250470.0,2459113644.0,3649891970.0
130740,티피씨글로벌,CFS,61347541227.0,57329267503.0,32562470407.0,30829337889.0,41943301971.0,36867267888.0,79331183479.0,81722775257.0,18306196721.0,19298938573.0,-1560385712.0,-714724543.0,-1894549765.0,-3067427601.0
131030,옵투스제약,CFS,88394289933.0,81386212231.0,11877342076.0,9760307908.0,13797146448.0,11772805559.0,131001905962.0,124467496994.0,18297002832.0,14548426446.0,2167432776.0,1184012644.0,2254091237.0,1807676158.0
131090,시큐브,CFS,40092077438.0,40434011011.0,4265560768.0,4686025112.0,4708769638.0,4988273346.0,41719416318.0,41762825842.0,3357937221.0,3402681705.0,1266606198.0,1564772544.0,1372712414.0,1481466103.0
131100,티엔엔터테인먼트,CFS,43586019825.0,29543598902.0,56868155606.0,59435001646.0,63180563405.0,65809762178.0,94359251255.0,76979517289.0,37509953141.0,36638280188.0,3340994633.0,1531206507.0,907742591.0,-16309228.0
131180,딜리,CFS,31200032450.0,34537189990.0,5934810937.0,9774858439.0,9185815531.0,11746840813.0,57674003091.0,58382880587.0,7866391764.0,9044084780.0,272395703.0,1107471737.0,452840705.0,1388111454.0
131220,대한과학,CFS,42326774062.0,38962778519.0,13499458618.0,11922216626.0,14007018751.0,15024013787.0,48225541451.0,44428758093.0,18414868658.0,18051679546.0,1626181791.0,2314886306.0,1851879056.0,2327249198.0
131290,티에스이,CFS,194477739531.0,228247078200.0,67129147318.0,71583964725.0,107842990717.0,105060114214.0,320699724408.0,330775724540.0,76939712971.0,89406590234.0,6764183198.0,8734739244.0,7065479815.0,14632918251.0
131370,알서포트,CFS,48203251523.0,49813878022.0,17705064419.0,9671087230.0,18340684299.0,10241484173.0,90444756426.0,85919371139.0,10799040965.0,9218988234.0,763346021.0,-389610391.0,957767764.0,1228794409.0
131400,이브이첨단소재,CFS,46499615754.0,33092076528.0,11450851815.0,44482782650.0,16486361572.0,49614277031.0,129524261286.0,70937784997.0,17577753920.0,16946905263.0,-48706702.0,-410246188.0,671422316.0,2795032146.0
131760,파인텍,CFS,43382504129.0,41112886685.0,38362795765.0,36161873569.0,43762881060.0,43110968362.0,33899484886.0,34573395700.0,12084251755.0,21062665050.0,-1845068746.0,1985963111.0,-1599504676.0,4090520824.0
131970,두산테스나,CFS,95153740345.0,107927202623.0,220393544670.0,275679314425.0,406991404868.0,457182712027.0,345709132218.0,309834022109.0,89291554911.0,68309476497.0,17393501842.0,16774848403.0,15717771789.0,9891562924.0
133750,메가엠디,CFS,47239974514.0,50645033160.0,17071185600.0,22177340763.0,21421526048.0,27811103317.0,63758664581.0,65741695807.0,9690405755.0,16235344951.0,535197466.0,1260017299.0,707996459.0,1116283027.0
134060,이퓨쳐,CFS,16190313234.0,16972491585.0,1063950051.0,1067592683.0,3815552612.0,2751416781.0,22171281564.0,21656930833.0,1955164287.0,2350483554.0,-103065810.0,161461867.0,-7548282.0,742523526.0
134580,탑코미디어,CFS,19124073943.0,38253531287.0,4459077368.0,22942383286.0,6151976110.0,23721177629.0,38939297892.0,35146716416.0,5687313122.0,4434170360.0,-1536453730.0,1029873937.0,-2863086056.0,1460041407.0
136150,원일티엔아이,,,,,,,,,,,,,,,
136410,아셈스,CFS,46420121934.0,49422924433.0,31666262683.0,21712205344.0,37970445334.0,40404125311.0,63338531057.0,58893725823.0,11549004198.0,14324235878.0,1400757762.0,2701095247.0,869930291.0,3179819838.0
136480,하림,CFS,309361226469.0,397405599817.0,433682088413.0,530725212392.0,510898649646.0,608732162785.0,318463306503.0,301100559718.0,397913832697.0,367365528098.0,15209721103.0,7864224717.0,2493399925.0,-30086699575.0
136540,윈스테크넷,CFS,135810816033.0,140451887927.0,17597790958.0,26049626281.0,20586006734.0,29150711546.0,183940498678.0,176459793395.0,20210753678.0,18861220696.0,3705027619.0,3972885080.0,3872189134.0,3880195068.0
137080,나래나노텍,CFS,72080096623.0,80732340459.0,62429712421.0,71950284346.0,73357343699.0,77476223974.0,101262775167.0,107968699406.0,11685374057.0,30199665961.0,-3981505319.0,1124646623.0,-2751123855.0,2151852379.0
137400,피엔티,CFS,1345659876327.0,915394201910.0,1163690522378.0,809004959612.0,1211973353924.0,854697424462.0,438075096130.0,233195039230.0,118939544494.0,143694985779.0,5878319536.0,17640204389.0,7765094184.0,24495369958.0
137940,넥스트아이,CFS,71185722397.0,76737860400.0,27428170332.0,25459824481.0,29263075062.0,28387438999.0,94686976253.0,100740753940.0,5840219040.0,7525256358.0,-2825533396.0,-948254751.0,-3592587552.0,283184238.0
137950,제이씨케미칼,CFS,144332639398.0,127727111255.0,135818941636.0,126794806000.0,171612478515.0,164926930533.0,158477453596.0,143117435933.0,119185302208.0,143268860692.0,10174914208.0,8280082446.0,4694142781.0,5292625006.0
138070,신진에스엠,CFS,55145629460.0,57905983589.0,17804026548.0,20017328034.0,31081423782.0,34063707929.0,77502142890.0,76914239432.0,15057323866.0,15432501426.0,949602244.0,2046037076.0,743849245.0,1257953412.0
138080,오이솔루션,CFS,81371141862.0,99267375565.0,39076758094.0,38920720129.0,40443031825.0,40264324019.0,123176068685.0,147655506645.0,11230374919.0,19143060658.0,-8956341228.0,-2185355372.0,-8187364537.0,761378785.0
138360,앤로보틱스,CFS,36344092360.0,39546446502.0,10066947957.0,12284152178.0,10627968568.0,12720052992.0,38335025019.0,39404478348.0,1462688220.0,2909937215.0,-598982935.0,381411321.0,-278491254.0,-652272600.0
138610,나이벡,CFS,36087185470.0,44648710272.0,12071102746.0,13959407809.0,39454154656.0,38404305598.0,33763986646.0,36800073988.0,2377418971.0,3656832276.0,-2334885066.0,52550950.0,-3017961437.0,492599182.0
139670,키네마스터,CFS,18491096609.0,15358550694.0,1643086638.0,1136592161.0,2307221224.0,6790751420.0,17135190161.0,9534631123.0,3918775122.0,4668179418.0,418820503.0,-7296747149.0,1411073389.0,-6807833392.0
140070,서플러스글로벌,CFS,206447805796.0,221545212592.0,104962526810.0,119062633501.0,157336098725.0,181847682356.0,189653738256.0,186501978785.0,36334673883.0,73427704898.0,3601723956.0,9753489673.0,2105995246.0,5901865172.0
140410,메지온,CFS,78936716694.0,45897006835.0,27399334216.0,26080010640.0,29516356678.0,27781788650.0,63884393911.0,26240052807.0,8430090891.0,8015076127.0,-3288920364.0,-3640096626.0,-977886595.0,2157281949.0
140430,카티스,,,,,,,,,,,,,,,
140520,대창스틸,CFS,188365561252.0,173940891825.0,93857987674.0,64308302948.0,108914692635.0,73022046073.0,153718830519.0,166888457845.0,100750213442.0,99626025252.0,1043046235.0,-804721431.0,1208160573.0,383241570.0
140670,알에스오토메이션,CFS,51716530772.0,64837546321.0,33577123939.0,42211134643.0,37613192786.0,47811765396.0,38537756667.0,41814801933.0,16090156527.0,25196408294.0,-734983591.0,483579957.0,-877239421.0,299831808.0
140860,파크시스템스,CFS,135701672074.0,126306643129.0,39373799006.0,39687594282.0,48111200279.0,47586061071.0,135037025594.0,119463077702.0,32404475956.0,36956546738.0,5470091973.0,13493646210.0,6315679883.0,17221997410.0
141000,비아트론,CFS,96797998005.0,105213609020.0,25002410616.0,24745718070.0,26949982146.0,26033579708.0,167343604551.0,169419546297.0,7779154816.0,23845562110.0,-287397589.0,6491803792.0,990856427.0,10103490324.0
141080,리가켐바이오,CFS,144713310469.0,191618909904.0,31632346060.0,28602844482.0,37304704885.0,32931523513.0,162881402813.0,219598926036.0,5218654325.0,6391193229.0,-20440133256.0,-9715046828.0,-19765158621.0,-8496275798.0
142210,유니트론텍,CFS,204257269432.0,231521247979.0,118781904127.0,144388566814.0,134476416075.0,161692921580.0,115204776091.0,96270885779.0,159794623695.0,146206179540.0,7976020423.0,10812187133.0,5871061914.0,7097562966.0
142280,녹십자엠에스,CFS,46658096107.0,50136885013.0,48395063397.0,39487675277.0,56675708057.0,60820133549.0,38660308493.0,35650537598.0,23497643104.0,24419892714.0,514546004.0,-1186555301.0,1221833356.0,3959366284.0
142760,모아라이프플러스,CFS,49323061853.0,71771340598.0,55789482897.0,64968540169.0,75390013010.0,81095770784.0,58739413450.0,67320890451.0,34886494227.0,29424348105.0,-2986870012.0,-3933933100.0,-3839327004.0,-3697736579.0
143160,아이디스,CFS,271130029285.0,218712769412.0,88052859295.0,60954096606.0,102557941008.0,74006295268.0,334471554123.0,256490631892.0,67329065159.0,62755804640.0,7031915584.0,7043518575.0,8005077772.0,8146365954.0
143240,사람인,CFS,59639102053.0,67435526949.0,25115254313.0,34243116485.0,28905703537.0,37565642884.0,176559365929.0,172606163097.0,,,7222616218.0,11527866234.0,6182752771.0,8141720024.0
143540,영우디에스피,CFS,52524323740.0,52398355070.0,49039804643.0,28607481148.0,50176572210.0,41867078150.0,30434240513.0,40244008346.0,33015678716.0,5897457966.0,-3372840600.0,-1930064569.0,-3827370276.0,-6773341664.0
144510,지씨셀,CFS,67936772178.0,93326480660.0,66614191899.0,88115470759.0,114684955243.0,130783671643.0,541154723866.0,545746957005.0,45437789704.0,49545071302.0,-1743272712.0,9651998939.0,,
144960,뉴파워프라즈마,CFS,326890721295.0,305806613388.0,326892484724.0,257236888612.0,407122579627.0,367372870549.0,271467022579.0,265906834808.0,79873863918.0,78546784860.0,4739210268.0,953219803.0,2509907191.0,13526029436.0
145020,휴젤,CFS,585938329559.0,617863083758.0,82791586996.0,177312675459.0,173852259573.0,200328493261.0,817690718657.0,849454435253.0,84817212854.0,70677339756.0,34552273716.0,24769031477.0,41576358997.0,26252154506.0
145170,노브랜드,,,,,,,,,,,,,,,
146060,율촌,CFS,49768520079.0,34449626176.0,35140339815.0,43747029509.0,46074846038.0,50787008031.0,45764001908.0,23358294077.0,18564679192.0,20436648347.0,2166427696.0,1515932779.0,-19418420192.0,1915448107.0
146320,비씨엔씨,CFS,34504668535.0,35704960224.0,28208605368.0,26441498144.0,47969499202.0,37556546756.0,73741087000.0,73275263875.0,15551619465.0,21429821786.0,61821090.0,3819135782.0,71631946.0,3150782245.0
147760,피엠티,CFS,27713982549.0,22570464891.0,13967691636.0,8568371066.0,19928048518.0,9897633877.0,49635516121.0,52972429807.0,10615179178.0,13008487301.0,54259782.0,718606748.0,51691870.0,626268584.0
147830,제룡산업,CFS,69594448086.0,73527401565.0,3541457560.0,8429314510.0,4539749172.0,9112903986.0,75061171790.0,73736069990.0,6182051801.0,15816746496.0,367430683.0,2517341463.0,994638690.0,2324401410.0
148150,세경하이테크,CFS,174744128216.0,70386566158.0,114959316641.0,29408780490.0,119212694965.0,34614022468.0,186271310067.0,174185794801.0,98288750308.0,86323385103.0,13672005395.0,10589618188.0,2023289252.0,13577620435.0
148250,알엔투테크놀로지,CFS,24555216845.0,31402228882.0,9101378046.0,16011861861.0,10932759392.0,18321714233.0,39912720237.0,43149148998.0,3342055320.0,6018084430.0,759515054.0,2028932519.0,-2249731928.0,-227057293.0
148780,비큐AI,CFS,14281003815.0,13955490412.0,3812860183.0,3754391826.0,4118788392.0,4492811443.0,11947039377.0,11905553268.0,4516209783.0,4086817360.0,255690775.0,-65284431.0,442628308.0,-31437336.0
148930,에이치와이티씨,CFS,49568940036.0,41787629331.0,4357750064.0,4955899003.0,11787251093.0,12405693937.0,59343926419.0,55101748821.0,8845455633.0,7256761891.0,-51574553.0,-1135951801.0,337972905.0,-408788694.0
149950,아바텍,CFS,55397148630.0,56308215235.0,7584723203.0,12795237176.0,7967377023.0,13129609353.0,143001695654.0,136755691046.0,23437610467.0,18686559457.0,2742779153.0,-606302586.0,3655154318.0,-134990233.0
149980,하이로닉,CFS,46629002988.0,41021706329.0,6439427046.0,3522672057.0,12787985734.0,8815015493.0,61400171556.0,58698744309.0,9037918277.0,8491765826.0,1388328233.0,1816705995.0,1359185981.0,2167126596.0
150900,파수AI,CFS,23585772119.0,33308047231.0,5140861890.0,11730665165.0,12314347524.0,19261713427.0,31232796737.0,32396848925.0,9616714092.0,9107447554.0,561447088.0,93683289.0,740525143.0,398585422.0
151860,KG에코솔루션,CFS,2374254192435.0,1708939356443.0,1498204669122.0,1219835414834.0,2900582208669.0,2522824112612.0,2885038694135.0,2661682824539.0,1820831225782.0,982674566890.0,99440381312.0,82188868702.0,66266419578.0,99103887741.0
153460,네이블,CFS,23600194756.0,27889736155.0,1896823443.0,3501297955.0,2435625576.0,3998858296.0,30049104666.0,32628175468.0,2570048773.0,3118950140.0,-796917681.0,299099784.0,-580934484.0,537547642.0
153490,우리이앤엘하루틴,CFS,96835985092.0,87205041358.0,31688500987.0,32272384156.0,33318645871.0,33399190988.0,81995917125.0,75435997666.0,40166464611.0,27852417787.0,1115154728.0,-2159415645.0,2201685861.0,3362597708.0
153710,옵티팜,CFS,21945436985.0,21547877316.0,11197383507.0,9263653439.0,14797790143.0,12170971762.0,26716031303.0,29011304664.0,4260734532.0,3994459700.0,-1447223369.0,-987838198.0,-710463709.0,-644240450.0
153890,져스텍,,,,,,,,,,,,,,,
154030,아시아종묘,CFS,25337327079.0,24422067693.0,14310468756.0,13336465348.0,20328239895.0,18762071328.0,23525560663.0,24763208772.0,5764921881.0,4043134429.0,-680363966.0,-1766441374.0,-564323449.0,-2666228661.0
154040,다산솔루에타,CFS,56150611440.0,51582012756.0,111299554441.0,70325464237.0,116753888559.0,111228565931.0,42825599935.0,40127174416.0,43210254215.0,43167948185.0,2607130942.0,3712502642.0,3613674650.0,32919273.0
155650,와이엠씨,CFS,93455203304.0,82023106060.0,22696332751.0,25795245598.0,43560432996.0,26557128742.0,126208295314.0,115527197917.0,50014281527.0,55900440426.0,4285803587.0,6218502364.0,3805219503.0,5553484651.0
156100,엘앤케이바이오,CFS,45543942804.0,36146815998.0,20446572752.0,37980728499.0,24512081043.0,41901615436.0,38714645846.0,10761718190.0,7059897085.0,6041357896.0,143233998.0,-3859139987.0,1369715807.0,-233432321.0
158430,아톤,CFS,67777729625.0,54378082609.0,43452669606.0,36624617077.0,54957447052.0,48263480095.0,75096658180.0,70771119645.0,11768791080.0,10623575420.0,2347885893.0,1563404557.0,1638244345.0,2321394631.0
159010,아스플로,CFS,72684256279.0,61438858665.0,52490435447.0,50421519311.0,61795533052.0,57432572107.0,59580611265.0,53927305418.0,18785174604.0,25872461024.0,1124563645.0,4234618016.0,816743878.0,4583550609.0
159580,제로투세븐,CFS,46111624158.0,51281842046.0,10112982535.0,18626755925.0,10943263320.0,19831610128.0,83370419513.0,79558361586.0,17075240280.0,24672708687.0,388252664.0,3326252096.0,86035542.0,17567065.0
159910,에코글로우,CFS,16955664211.0,24090130833.0,6050857545.0,7337228952.0,8402649026.0,7868679632.0,20815329356.0,27460713991.0,4780578372.0,5782112567.0,-883716388.0,-1600856026.0,-914293216.0,-1410008825.0
160190,하이젠알앤엠,,,,,,,,,,,,,,,
160550,NEW,CFS,205804757870.0,190783593991.0,143787271093.0,134645314492.0,186629747793.0,170168619803.0,154631263153.0,162750204254.0,40600439880.0,29659741613.0,1547389525.0,1871540538.0,2177229569.0,-717244279.0
160980,싸이맥스,CFS,130962302172.0,148064514673.0,57873618426.0,69975187249.0,60176064828.0,71952538965.0,160880338455.0,154095940044.0,34005785846.0,58481258574.0,2629069054.0,7037927208.0,1195022926.0,5754852522.0
161580,필옵틱스,CFS,255138310972.0,196766878538.0,152469334248.0,173617475763.0,170650676075.0,221952500970.0,228837353177.0,101396055097.0,22043974669.0,56358249391.0,-6607983350.0,1320422827.0,-8204484510.0,308861673.0
162300,신스틸,CFS,144816135686.0,124739360837.0,102826030851.0,87303810382.0,117153863927.0,98641464211.0,72394944184.0,62934598029.0,83940978554.0,96661832307.0,4168554337.0,3771313139.0,2493111688.0,1197266057.0
163280,에어레인,,,,,,,,,,,,,,,
163730,핑거,CFS,39983593829.0,40967707096.0,11191866430.0,11504954301.0,13091748607.0,15929390364.0,49336461869.0,45414865019.0,19921333885.0,19550038050.0,1643848921.0,1102515182.0,1433500490.0,-358471445.0
166090,하나머티리얼즈,CFS,146141373911.0,147840935407.0,137017839204.0,103016931164.0,258861427527.0,182053856699.0,381087691294.0,297572258664.0,53053544967.0,70954875538.0,7628939398.0,21942865355.0,6360844147.0,19068592838.0
166480,코아스템켐온,CFS,20008268951.0,14569841819.0,33424935974.0,28872768243.0,58629370042.0,40419412678.0,26938392513.0,36840615619.0,6469485446.0,9913668926.0,-7888634005.0,-3731399063.0,-4681199767.0,-3672866965.0
168330,내츄럴엔도텍,CFS,11297837416.0,13095036360.0,3708556029.0,2455415545.0,5708487697.0,3229212581.0,33604929793.0,36579994921.0,4273148080.0,2725445707.0,-954617031.0,-1659239794.0,-952918147.0,-1507639884.0
168360,펨트론,CFS,41331755123.0,43444194888.0,35678635741.0,40237095577.0,48738166422.0,46621157314.0,31134619834.0,26140675230.0,18230778646.0,17768784185.0,1787334791.0,2354400870.0,1605819376.0,2494239463.0
169330,엠브레인,CFS,30069280359.0,34595414907.0,9741683148.0,13951157099.0,11243706774.0,16144003334.0,30328994188.0,29494748961.0,9666460696.0,10359874051.0,-889510459.0,561512092.0,-696329481.0,440875272.0
170030,현대공업,CFS,142421502693.0,128936094387.0,76911134224.0,68283225745.0,79068147517.0,70000096210.0,146705067863.0,136497024160.0,68088182000.0,65165131220.0,2254224909.0,3328692136.0,2658030054.0,3158323301.0
170790,파이오링크,CFS,63191954301.0,75171580589.0,8057821758.0,10852157607.0,9853774749.0,22175366966.0,75225497142.0,72560303960.0,13203083555.0,15198163572.0,1381529295.0,3147675928.0,1547354712.0,3792135088.0
170920,엘티씨,CFS,141906653559.0,146550536765.0,167746232902.0,107439760132.0,183296902822.0,178197116665.0,83524271821.0,93287217346.0,24938869362.0,51750547368.0,-5882627400.0,3781034131.0,-7080412030.0,3390642226.0
171010,램테크놀러지,CFS,32521178036.0,36062627366.0,30060935580.0,29355047108.0,37791861191.0,31106236618.0,49209488972.0,51615655036.0,10450501159.0,16883305355.0,-855115360.0,1677119081.0,-2072684939.0,1907032534.0
171090,선익시스템,CFS,80789113869.0,80240999201.0,58067191703.0,42465698199.0,61469601554.0,45567661526.0,63104021472.0,79302258474.0,20418914708.0,11671569857.0,102334403.0,-3873042719.0,-4320347443.0,-17735624362.0
171120,라이온켐텍,CFS,81134619111.0,77645653966.0,44372350054.0,29024148832.0,44447253637.0,29287285320.0,131114144387.0,122550741605.0,32323927825.0,36787984528.0,2474691992.0,1160642033.0,2322907176.0,3784264326.0
172670,에이엘티,CFS,22167053091.0,13507731122.0,28649995858.0,62708027046.0,91683189725.0,114526768259.0,102540604896.0,69353166571.0,9693387392.0,11083461125.0,-2071185099.0,1422196656.0,-2641349456.0,5115406495.0
173130,오파스넷,CFS,91813286976.0,100240728753.0,61121146393.0,74022417242.0,71399021131.0,83962037811.0,43674052427.0,35329323399.0,52407366396.0,34748110243.0,3267635216.0,1416400976.0,2136086240.0,957198977.0
173940,에프엔씨엔터,CFS,59610950827.0,44404496747.0,36656571808.0,39504440809.0,74131672657.0,51225237898.0,38490014688.0,44409167938.0,16212727409.0,17046786240.0,-2159578611.0,-354781245.0,-2519218942.0,-274025814.0
174900,앱클론,CFS,20754647902.0,24995176624.0,17635964805.0,8752472307.0,18268996234.0,17457245293.0,29156284217.0,36603523693.0,676253786.0,938224349.0,-4058258171.0,-2538198810.0,-4228315315.0,-2586329343.0
175140,아고스,CFS,46991191964.0,53080838211.0,19989002830.0,27875494413.0,21338317539.0,28731457675.0,56327031745.0,41361560733.0,10493798330.0,9972073524.0,-1551304833.0,-1767057372.0,-288538479.0,-3661561823.0
175250,아이큐어,CFS,41536674760.0,80704854655.0,79188656968.0,109980866031.0,103556180742.0,132261971561.0,75996309532.0,91858577429.0,14964219722.0,16748100974.0,-2506405376.0,-4639612355.0,-2559414814.0,-6392994128.0
176750,듀켐바이오,,,,,,,,,,,,,,,
177350,베셀,CFS,22712271465.0,32109752994.0,43640215694.0,42486201380.0,48109595605.0,53929314336.0,23652460025.0,30707471219.0,5207783107.0,10917697760.0,-1562029302.0,-1960707242.0,-1787052913.0,-1215970176.0
177830,파버나인,CFS,54988526066.0,67160045855.0,53632433324.0,64916877613.0,61905078609.0,65661290685.0,76036700823.0,76978354235.0,28938158731.0,31324573268.0,804920967.0,2974420030.0,-658923255.0,1853203258.0
177900,쓰리에이로직스,,,,,,,,,,,,,,,
178320,서진시스템,CFS,821582608531.0,728789631079.0,934031266929.0,663136656073.0,1052490513546.0,845244135390.0,506751257788.0,539569713614.0,160389374261.0,220317663117.0,3146204674.0,17407582904.0,-17923787216.0,9491608376.0
178780,일월지엠엘,CFS,30104420722.0,8817674471.0,16803951734.0,4494088693.0,17350653039.0,5649594993.0,19363244881.0,6316920759.0,5405607027.0,2783043250.0,240518327.0,-824824933.0,118498450.0,-802664357.0
179290,엠아이텍,CFS,74396067220.0,76189002031.0,5451087591.0,8820665160.0,6785303878.0,10500564224.0,87990771785.0,83547970589.0,8439710371.0,11970613688.0,1800836899.0,3328563775.0,,
179530,애드바이오텍,CFS,8695660269.0,14122832060.0,12705843334.0,11792678701.0,16943840888.0,14832854851.0,13517799095.0,16185278710.0,2757403341.0,1860857218.0,-1143950114.0,-1072344166.0,-1277641027.0,-264793429.0
179900,유티아이,CFS,48672941473.0,62158528564.0,18986907937.0,20380629845.0,56991209337.0,67969344530.0,42005595219.0,47305737142.0,6051320562.0,8763924235.0,-4395425636.0,-1078566132.0,-4160271810.0,424387287.0
180400,DXVX,CFS,32809984505.0,38664986857.0,36801887913.0,31663134042.0,62631061173.0,51600077648.0,42093025367.0,34350696944.0,10840132173.0,8660535833.0,-2904524638.0,412273437.0,-4541297460.0,620818300.0
182360,큐브엔터,CFS,77846549938.0,74496630368.0,67619506812.0,64105732333.0,70835604125.0,66613826823.0,95676589573.0,39297374203.0,39108575423.0,25991729772.0,3423170251.0,644973416.0,2802998691.0,644402095.0
182400,엔케이젠바이오텍코리아,CFS,25502995173.0,24902891865.0,131338276453.0,71192888972.0,145187668407.0,86473968000.0,20440306229.0,83221089937.0,2681419717.0,2734034477.0,-17609607000.0,-13212194611.0,-41809146321.0,-14676334094.0
183300,코미코,CFS,225764800156.0,141948984584.0,160175525655.0,85941139516.0,295614891467.0,130129928564.0,264671369244.0,257666575978.0,91305492026.0,75190334002.0,11622711431.0,16115322481.0,9622329619.0,13886655277.0
183490,엔지켐생명과학,CFS,179355521012.0,220312757517.0,15330424432.0,42284411133.0,20801465147.0,45810906530.0,195420842017.0,201744080194.0,19766236772.0,5629834832.0,-4244809624.0,-2963521667.0,-2743916291.0,-4922898132.0
184230,SGA솔루션즈,CFS,32263302748.0,44928934056.0,30036740140.0,34365428960.0,34676553402.0,37840718830.0,52979672605.0,57066484036.0,11462942476.0,10463755496.0,-731657143.0,-587331666.0,-661637101.0,3198087225.0
185490,아이진,CFS,46815531475.0,68830323329.0,5340909174.0,4919539448.0,15345443691.0,11425514454.0,54661375815.0,68955716239.0,542864031.0,1624438630.0,-7002540243.0,-5715660710.0,-2033004383.0,-5521029663.0
186230,그린플러스,CFS,42246122111.0,48454951040.0,37468691501.0,31128213698.0,50180856114.0,45253820475.0,57731345600.0,60720614207.0,13604322626.0,20054328085.0,-971991495.0,1310760150.0,-1443676650.0,864959474.0
187220,디티앤씨,CFS,60478119032.0,77227101605.0,64979578556.0,85109275967.0,98364274672.0,96761289893.0,124723767980.0,130471675859.0,23265327457.0,25742109143.0,-4756803322.0,-1514544888.0,-4927527013.0,-1904842279.0
187270,신화콘텍,CFS,49596536796.0,48676092045.0,32161077571.0,31003717219.0,33222514819.0,35221469947.0,61093765174.0,57176598033.0,11903915327.0,12115964903.0,987086343.0,656322329.0,724629501.0,1432723758.0
187420,HLB제넥스,CFS,36105446491.0,55430596936.0,71680196480.0,93853499986.0,89972912072.0,106839740801.0,22744881877.0,27074474915.0,6512639414.0,6639713055.0,-3649777432.0,-1909434965.0,-4605460174.0,-2360218585.0
187660,페니트리움바이오,CFS,27476610447.0,40589451279.0,14971198878.0,14207021960.0,17437879399.0,15582607334.0,28377798622.0,30709797878.0,3255178888.0,4018325996.0,-972272859.0,-24938855.0,-894378417.0,-98176608.0
187790,나노,CFS,45592336756.0,44789520123.0,40902569183.0,44254524975.0,43505493669.0,45216050527.0,29213851915.0,24708687271.0,23263298378.0,22292645999.0,577494138.0,-1063399966.0,58035451.0,-1026782233.0
187870,디바이스,CFS,114376583443.0,117850640781.0,41459169900.0,15267783991.0,43781371114.0,33920465408.0,134840847959.0,134426040356.0,11520120888.0,7057132556.0,518970496.0,-203338543.0,538374260.0,1312104512.0
188040,바이오포트,,,,,,,,,,,,,,,
188260,세니젠,,,,,,,,,,,,,,,
189300,인텔리안테크,CFS,291151193455.0,214268216964.0,106247357272.0,134703605469.0,183398302726.0,191672834052.0,276656855993.0,178704301467.0,66774944042.0,57036789240.0,-1577843732.0,1023772521.0,519943800.0,6664718621.0
189330,씨이랩,CFS,16068106929.0,24291182753.0,1265380186.0,5903464121.0,3042906698.0,8071370877.0,16689928131.0,20728764544.0,483620641.0,4464442267.0,-1582164921.0,-1017237168.0,-1460136506.0,-949052073.0
189690,포시에스,CFS,24133020685.0,25527116382.0,2987297515.0,3556698473.0,3393559445.0,3978929354.0,69610956485.0,66326813871.0,6209413552.0,5165838873.0,213722042.0,-260529601.0,184183033.0,-10558102.0
189860,서전기전,CFS,17329718271.0,19793401983.0,20391691732.0,15577644634.0,21771706105.0,16914618038.0,26257905784.0,34095195401.0,7793349935.0,8764347264.0,-2943049339.0,-1649136179.0,-2992906017.0,-1691639086.0
189980,흥국에프엔비,CFS,64212148805.0,58467009821.0,35907038125.0,39785122943.0,114253904711.0,117618994714.0,98478265488.0,92925886227.0,27953073320.0,28386892843.0,2752397038.0,4102313867.0,2529226707.0,3684913804.0
190510,나무가,CFS,158383967306.0,141960613774.0,75145815312.0,93822092777.0,75950664937.0,94592018853.0,149359821048.0,124505361676.0,72274698638.0,105241732498.0,4043286209.0,8806815938.0,5619829602.0,14248112711.0
190650,코리아에셋투자증권,CFS,,,,,618926555507.0,278673833408.0,90292629191.0,88308634956.0,64217143017.0,37789361171.0,,,1356162835.0,-616637250.0
191410,육일씨엔에쓰,CFS,21155340087.0,22791266739.0,13941496883.0,17291136793.0,16463489907.0,19644229783.0,23970551899.0,21537866282.0,6413692634.0,7998236143.0,234093376.0,-461086098.0,-105422184.0,-1090166264.0
191420,테고사이언스,CFS,26322889944.0,27451609824.0,2784809261.0,2607186439.0,3200470894.0,2883807997.0,47257375429.0,48479026062.0,2029247568.0,2146962373.0,-98552519.0,-63644450.0,76823431.0,180251766.0
192250,케이사인,CFS,73406953479.0,51839519141.0,8709575494.0,19389937972.0,67156132600.0,69482211860.0,106257569231.0,69619687343.0,,,-1093015883.0,1037459293.0,-1101877947.0,1010505961.0
192390,윈하이텍,CFS,82066655527.0,74430916214.0,86677634169.0,82333707038.0,87605901856.0,83657688816.0,66683484665.0,62318917946.0,37127998615.0,27948480680.0,4416853925.0,994916632.0,1635412596.0,112270331.0
192410,오늘이엔엠,CFS,21744113660.0,57189301527.0,9810900952.0,10351824686.0,11091874491.0,11790610313.0,51118570561.0,58333529334.0,3825931096.0,4442528300.0,-1946081007.0,-2162569027.0,-3137413357.0,1765016864.0
192440,슈피겐코리아,CFS,253587164909.0,243340934770.0,44608503138.0,40681664582.0,53035687226.0,49086080060.0,467384238992.0,424890090604.0,115454329030.0,119786642961.0,6110582556.0,11566647218.0,7228365804.0,18801300204.0
193250,링크드,CFS,32956219246.0,33558841956.0,8235424098.0,10879302857.0,8363553461.0,10941407629.0,80661316280.0,83910429838.0,5567525927.0,8537255169.0,-907166869.0,-175155148.0,-296343628.0,-689445651.0
194480,데브시스터즈,CFS,93397360534.0,116791648311.0,23818231172.0,20192475037.0,131048632485.0,119179284852.0,153356975436.0,181238754149.0,,,-18028666240.0,-3814220039.0,-17438225326.0,-3910181768.0
194700,노바렉스,CFS,129159436445.0,129464996252.0,71760933833.0,72523676515.0,75826407603.0,89214202249.0,195880062062.0,181367111581.0,80472926529.0,58141592751.0,7648553542.0,4181564220.0,6635979009.0,3856822741.0
195500,마니커에프앤지,CFS,65969274076.0,61011823759.0,40710667561.0,37678610702.0,41970117890.0,38600986093.0,65591376927.0,64814049207.0,26785676536.0,23856110215.0,489002082.0,-314138687.0,382813434.0,-196533664.0
195940,HK이노엔,CFS,435790928799.0,408415207967.0,449043647152.0,432157268602.0,652202019732.0,638886765094.0,1191192624054.0,1164221376394.0,215592084103.0,198166145081.0,22422681527.0,22257617080.0,14544738964.0,14961197040.0
195990,루트K,CFS,45777759360.0,45792646957.0,18164642248.0,16009198609.0,20169006573.0,16450442788.0,136612028185.0,140195651566.0,4444833344.0,4481505908.0,-2338574851.0,-2035725146.0,-4787615788.0,-647397592.0
196170,알테오젠,CFS,139389625303.0,145095472883.0,99364084560.0,94308513863.0,106866754248.0,100108123094.0,160551318501.0,145382013003.0,21302522842.0,5420935460.0,-10589761627.0,-10814850116.0,-7976365338.0,-6807937266.0
196300,HLB펩,CFS,8199674272.0,8137105342.0,4790077859.0,11281114585.0,9540976981.0,12491634082.0,15164022010.0,13396063845.0,1002372235.0,1077463810.0,-679647281.0,-1310718251.0,-863718884.0,-1505067866.0
196450,코아시아씨엠,CFS,92136460632.0,78800512345.0,88947113756.0,71495436147.0,91568097563.0,99614433441.0,86246859953.0,81341114163.0,79556565227.0,79364347277.0,-2312799313.0,-4571791057.0,-1371310335.0,-30185339.0
196490,디에이테크놀로지,CFS,103183056530.0,87630229047.0,70894195422.0,51403911793.0,71168664956.0,52099033371.0,77526037086.0,79294090987.0,18098281136.0,9292408048.0,-5764258852.0,-3138491233.0,-8856723973.0,-4490370039.0
196700,웹스,CFS,37407339393.0,31871076655.0,25153907139.0,25129804120.0,32252969262.0,27997056767.0,33714487580.0,33545618674.0,8386188163.0,8495772263.0,585023315.0,-213146740.0,213036504.0,-355009993.0
197140,디지캡,CFS,22439226298.0,23121859660.0,5301612911.0,5035007087.0,7790287387.0,8035749542.0,43886485924.0,45623325286.0,6726815510.0,6957599591.0,473758161.0,596980493.0,490110114.0,827951450.0
198080,캐프,CFS,138335090322.0,130432158086.0,107661851843.0,99748483738.0,118319790300.0,113755641377.0,91798716316.0,91505485821.0,59275919118.0,64445872977.0,2329836612.0,-238266223.0,2377522253.0,2680117999.0
198440,강동씨앤엘,CFS,23133764068.0,39854204710.0,10749298979.0,9904452859.0,25915684349.0,27828796109.0,93113242326.0,109334429286.0,10249190801.0,18353559310.0,-1801211437.0,-5162774944.0,-1100550262.0,-3647894626.0
198940,한주라이트메탈,CFS,84622479519.0,92097904098.0,95368821809.0,115258846143.0,148787993900.0,148682218646.0,38947065232.0,39042542714.0,46096711093.0,59654411769.0,-5535387491.0,1014564337.0,-6399809606.0,-198929497.0
199430,케이엔알시스템,,,,,,,,,,,,,,,
199480,뱅크웨어글로벌,,,,,,,,,,,,,,,
199550,레이저옵텍,,,,,,,,,,,,,,,
199730,바이오인프라,CFS,22222907728.0,12866881247.0,8788323810.0,6374599544.0,13140900120.0,14679779243.0,32430013475.0,17909501672.0,7827415134.0,6903151514.0,150639029.0,1330210436.0,421155212.0,1049713155.0
199800,툴젠,CFS,39379857354.0,56666290141.0,1774268811.0,3858616537.0,2927988135.0,4961552268.0,61670398755.0,70469088106.0,512724025.0,159291411.0,-4484422768.0,-5756772878.0,-4038346775.0,-5561636499.0
199820,제일일렉트릭,CFS,108286532346.0,101664017191.0,48276075869.0,48644977335.0,49222887065.0,49353407865.0,125183440062.0,120113048519.0,36472308660.0,37154455027.0,2780008475.0,2687055232.0,2643977030.0,2704259150.0
200130,콜마비앤에이치,CFS,223166134585.0,240302052932.0,190711630231.0,154160024926.0,271887807137.0,214232016548.0,402475482988.0,402687219013.0,139370230112.0,131278171219.0,6783359301.0,13241980027.0,5272811182.0,9735612243.0
200230,텔콘RF제약,CFS,28051731391.0,23126823380.0,29779697477.0,34328977516.0,30509197478.0,35119599363.0,97941808931.0,84135312856.0,8845927467.0,5713446756.0,-192603435.0,-1533728904.0,-10118897555.0,-9667346379.0
200350,아티스트스튜디오,CFS,48185270199.0,59332887613.0,19224759294.0,26455348251.0,21323922198.0,29552965965.0,38632353245.0,42089303095.0,5420490514.0,6523950058.0,-2991973831.0,-936731871.0,-2796960915.0,-1027453428.0
200470,에이팩트,CFS,39137176572.0,37753742043.0,75548301078.0,42744314892.0,109393775633.0,99372380030.0,101231749747.0,114773086525.0,16695214341.0,13483120797.0,-7236492768.0,1232202189.0,-4245676090.0,911419779.0
200670,휴메딕스,CFS,128717333433.0,140514631195.0,23928619476.0,84748692970.0,26217612605.0,88026695306.0,191011012005.0,139109651753.0,39654736861.0,31891159246.0,11355437263.0,7847091570.0,7214600890.0,6206554639.0
200710,에이디테크놀로지,CFS,161899538584.0,156298251900.0,79741466676.0,60208704941.0,110534859532.0,66431164310.0,155576413361.0,167623918666.0,22215388890.0,26503829826.0,-3433134592.0,1052226168.0,-2475823705.0,4593670995.0
200780,비씨월드제약,CFS,47215699729.0,43609396851.0,94892283484.0,84206064396.0,105171690432.0,105530835726.0,83037222778.0,77519883052.0,17599483525.0,17756816504.0,781253182.0,-610898370.0,70019603.0,-721997892.0
201490,미투온,CFS,99079701116.0,95601887079.0,26716480019.0,28442882571.0,29014520548.0,31001279628.0,212506376568.0,189652035999.0,26319909912.0,28500239105.0,7585171287.0,6840550131.0,6131222274.0,4542525206.0
203400,에이비온,CFS,18432040512.0,18767005266.0,16772212730.0,7691321258.0,30632199511.0,9043300748.0,1777330098.0,15100270538.0,648082238.0,338151615.0,-11173244271.0,-9080349516.0,-10785006718.0,-8203367274.0
203450,유니온바이오메트릭스,CFS,35257334607.0,38193365689.0,13745075765.0,14173503921.0,19246277197.0,19216070499.0,38205568959.0,36943962745.0,10113545855.0,12822083911.0,-596308307.0,1600159353.0,116892679.0,1896619492.0
203650,드림시큐리티,CFS,108672211250.0,98190006417.0,235319794153.0,183805014551.0,305836253697.0,305451917704.0,97991921316.0,85384823391.0,53279740128.0,50627930634.0,6468309603.0,2240817527.0,4000543136.0,1811069870.0
204020,그리티,CFS,82313426917.0,70211265071.0,20269495505.0,17009680414.0,22519020510.0,20156260972.0,75142621842.0,68345434121.0,50456700993.0,44442807906.0,3783416819.0,1487944193.0,3191980065.0,1492404758.0
204270,제이앤티씨,CFS,197977017402.0,123020046200.0,237436723827.0,139627427482.0,263194031039.0,187678657779.0,366566956903.0,334806305631.0,97766832620.0,36415019047.0,16993879895.0,-5751714479.0,18083293172.0,-1790652661.0
204610,티쓰리,CFS,103140994746.0,113809083292.0,17652943554.0,26412636701.0,20397081307.0,30034288000.0,108725773731.0,111346847341.0,,,4195308762.0,3508917644.0,2776534374.0,3072782936.0
204620,글로벌텍스프리,CFS,105956179401.0,97264652209.0,48557678687.0,33095281330.0,55040091265.0,39752802729.0,116616648206.0,105606689542.0,26088075737.0,12454863008.0,3832831082.0,-490798421.0,469731590.0,-2972159.0
204840,지엘팜텍,CFS,16623316681.0,16190078443.0,14250871521.0,13103616595.0,26922408160.0,24763828443.0,13403807512.0,16090489292.0,7689612306.0,4703835445.0,-811245970.0,-237677718.0,-963574457.0,-307017601.0
205100,엑셈,CFS,41259185855.0,44894098767.0,6471268503.0,16075030859.0,7880965556.0,17587525887.0,108407200589.0,101433211028.0,11154720035.0,11345473973.0,-223135086.0,2860284122.0,2977301800.0,2334453644.0
205470,휴마시스,CFS,278676066985.0,372796422538.0,61187846724.0,118125037466.0,62381354224.0,120800213486.0,315598421212.0,346733946036.0,3874206083.0,24277670074.0,-743966896.0,-9090161003.0,1246052192.0,9236693188.0
205500,넥써쓰,CFS,16600304588.0,28783410151.0,5107407980.0,5043420094.0,11994104950.0,13305164429.0,23595981310.0,30709805495.0,998388946.0,1248832179.0,-4350375247.0,-4417228868.0,-4225419760.0,-4566757332.0
206400,베노티앤알,CFS,70764838067.0,48528840236.0,40486756788.0,29458710586.0,42813543802.0,31282418942.0,97044653492.0,70001604179.0,2211298346.0,3369554018.0,-2087127873.0,-752668999.0,1031357619.0,-5318768686.0
206560,덱스터,CFS,43587674061.0,50705372390.0,12457146902.0,24739088801.0,22709314954.0,34282975881.0,59783583165.0,57630850112.0,,,3699587672.0,-1875514585.0,4099955222.0,-1131499569.0
206640,바디텍메드,CFS,135663352036.0,117306931524.0,20702361258.0,16121152677.0,25066842584.0,20825159656.0,192771052360.0,174830748524.0,34862803872.0,27749085795.0,8778426147.0,5074575666.0,9423977598.0,6323093919.0
206650,유바이오로직스,CFS,34395604375.0,41138707217.0,24033149963.0,24624319322.0,46619324395.0,42630827869.0,117613469735.0,119435087069.0,11432583121.0,12762723633.0,-3303263139.0,-950435145.0,-3421924508.0,-151320256.0
207760,미스터블루,CFS,54127142289.0,60546199155.0,47985335240.0,53207169862.0,60823704048.0,68160009014.0,72279217003.0,68250221375.0,18549450868.0,21554024516.0,144050829.0,3308597821.0,131517126.0,2781909371.0
208140,정다운,CFS,124000411686.0,101149555592.0,72165504618.0,67308364830.0,77467944957.0,75680731272.0,115956644352.0,94014041711.0,50879959091.0,50694021073.0,9198592702.0,6065590418.0,7767852973.0,4085698121.0
208350,지란지교시큐리티,CFS,44686949875.0,61451230542.0,10790328902.0,26385177945.0,29502833668.0,47265307463.0,70286863725.0,76344554922.0,7208013143.0,7516988778.0,-448145728.0,56095455.0,10221863292.0,475801449.0
208370,셀바스헬스케어,CFS,40801808268.0,20758491438.0,6449802046.0,8808635607.0,8673926010.0,12212659206.0,58151482690.0,32894662029.0,7883148198.0,7485503250.0,1452814999.0,932628270.0,1832542905.0,1069577371.0
208640,썸에이지,CFS,32879630804.0,39924140177.0,2256011764.0,1921217884.0,13591796260.0,13516264827.0,30588897778.0,34423348057.0,2498544127.0,2876853073.0,-4001423209.0,-4745321965.0,-2291937252.0,-4552541911.0
208710,포톤,CFS,43674199403.0,42037416778.0,30672261475.0,33609714287.0,32378450302.0,34757189325.0,52848213174.0,51297708927.0,27510924591.0,27325662515.0,-1192377392.0,2115522596.0,-1725971490.0,2288192663.0
208860,다산디엠씨,CFS,5748044786.0,4409596715.0,21842400588.0,27089101414.0,22183582733.0,27170657404.0,-2320473458.0,6684484400.0,1221396521.0,485374121.0,-760545276.0,-1409568337.0,-1273800838.0,1824643817.0
209640,와이제이링크,,,,,,,,,,,,,,,
210120,캔버스엔,CFS,20621157716.0,11123648196.0,9741228382.0,12928286453.0,10106777198.0,13455347944.0,23037797705.0,12561023911.0,6242250429.0,4477369675.0,-1043771140.0,-1530706411.0,-909863092.0,-1535581052.0
211050,인카금융서비스,CFS,407371358170.0,246916847972.0,307920192626.0,201339359147.0,371884043815.0,218532098744.0,89984525770.0,73412420490.0,147457567679.0,103228622513.0,9934814417.0,7994707753.0,6171907480.0,5826692377.0
211270,AP위성,CFS,115374680833.0,98071393389.0,34900022953.0,23802341170.0,35202512272.0,23948345977.0,91967175637.0,85351038402.0,19872552984.0,6173145570.0,7561857134.0,108476849.0,7251357883.0,970454030.0
212560,네오오토,CFS,74959953848.0,62034846851.0,54534936881.0,47816455944.0,57764398335.0,57869727665.0,106995523673.0,96865832508.0,49115835672.0,39761990242.0,3303503094.0,1942014945.0,4009447834.0,2444634104.0
212710,아이에스티이,,,,,,,,,,,,,,,
213420,덕산네오룩스,CFS,186126433228.0,189300361285.0,21739616237.0,16164865423.0,48865647847.0,41206237089.0,343521322554.0,320331678629.0,47038564852.0,47071340113.0,12174859901.0,11542095334.0,10673412562.0,11767275331.0
214150,클래시스,CFS,174594219093.0,147788690727.0,28294889490.0,36225225302.0,91940687735.0,101857251139.0,271169361510.0,229553857160.0,48246060900.0,33268981198.0,24663988290.0,17480044966.0,21193422257.0,18716217300.0
214180,헥토이노베이션,CFS,457646529592.0,365384039735.0,301097234773.0,217439653885.0,326300292076.0,244207085048.0,288950417795.0,282603992186.0,,,10326105381.0,12042007384.0,8340231216.0,9398144966.0
214260,라파스,CFS,64501074216.0,49050396983.0,69838608666.0,44377903974.0,76099237191.0,52047237069.0,34830423440.0,44012949071.0,5351958790.0,5783936368.0,-1778884028.0,-3327018262.0,-3042233076.0,-1491061979.0
214270,FSN,CFS,138878438884.0,152563531221.0,83789993581.0,75183174638.0,124249573849.0,113686842493.0,122296868863.0,147390114877.0,54669716364.0,56725495813.0,2497542660.0,1050333378.0,1810793508.0,-188857102.0
214370,케어젠,CFS,161722995465.0,158933019158.0,9575588094.0,10490639116.0,17544479988.0,18092034704.0,219184688141.0,215977998066.0,18716152046.0,18309746461.0,9875065480.0,6482075739.0,9800241972.0,6277376558.0
214430,아이쓰리시스템,CFS,80533026612.0,67550728130.0,34591626935.0,29043277746.0,39577094276.0,34665627500.0,86427990751.0,78660362925.0,32086358192.0,19280675598.0,4169136492.0,1939097971.0,3693027349.0,2120534768.0
214450,파마리서치,CFS,298691269400.0,247344585752.0,52505952454.0,54252843546.0,90173889664.0,106399144494.0,444920138180.0,371656045678.0,68805501576.0,46174667563.0,27494854820.0,16518642317.0,28195848451.0,16609903361.0
214610,롤링스톤,CFS,28669745627.0,36531412522.0,36601565973.0,27430059460.0,41713801638.0,39872312393.0,3272215082.0,17639471565.0,1406041280.0,1952514524.0,-3261022024.0,-6360010128.0,-5081461341.0,-6716926776.0
214680,디알텍,CFS,101423619514.0,78838198288.0,28764073556.0,51932122580.0,54619045330.0,60939402960.0,94283072354.0,59838380634.0,23123562858.0,23931387284.0,160776997.0,2196250990.0,373608767.0,4369831174.0
215000,골프존,CFS,334019352092.0,306729689696.0,153618326194.0,157201781259.0,209141261044.0,216835171205.0,421137767324.0,373160471851.0,170007804106.0,176068913468.0,27546191583.0,44926311257.0,21400651905.0,36505785397.0
215090,솔디펜스,CFS,30554856152.0,14085225554.0,10381205100.0,11182620825.0,11234208574.0,11947945424.0,38289436955.0,41022388431.0,2862483797.0,4965554272.0,-1230041958.0,113065836.0,-1231451529.0,199241295.0
215100,로보로보,CFS,18246939226.0,15722890008.0,2190169547.0,2056235863.0,2322812356.0,2123500160.0,31156751998.0,29541364163.0,3781180949.0,2805602354.0,316657267.0,6412612.0,565005564.0,262806435.0
215200,메가스터디교육,CFS,130342079757.0,135469542769.0,346817980513.0,405545914243.0,409412615646.0,471008859752.0,494325524985.0,433701932099.0,260950902854.0,232733124334.0,58997552772.0,58841728236.0,44229447439.0,42971360306.0
215360,우리산업,CFS,202523976039.0,141587929497.0,196154916452.0,141631833147.0,210511790754.0,152485115921.0,94248200249.0,85746002293.0,112644477037.0,96472992660.0,2365034290.0,-5384080382.0,1830470089.0,-1804047295.0
215380,우정바이오,CFS,17458029564.0,13887253842.0,46605721530.0,45243832927.0,75442428785.0,65275433920.0,21284361565.0,29718339930.0,4844824010.0,9935423609.0,-2135224103.0,-297086231.0,-2744647175.0,-854946400.0
215480,토박스코리아,CFS,31281847093.0,31536842165.0,7343919184.0,8794712418.0,7778955950.0,8993728317.0,32686389984.0,32586587628.0,9351393633.0,10132571068.0,-247256466.0,221565876.0,-73317646.0,10655885.0
215600,신라젠,CFS,60013707476.0,77818233094.0,12333439820.0,17419591345.0,21287231497.0,24506568922.0,63071966163.0,78939492624.0,1718422918.0,2364269553.0,-5641746151.0,-5875734764.0,-5336995841.0,-6068921982.0
215790,이노인스트루먼트,CFS,72727215660.0,78751850440.0,26805527188.0,28664256114.0,28783604215.0,30693920197.0,90730568335.0,97627608086.0,13043305970.0,12241205471.0,-4232704331.0,1050357604.0,-5202377528.0,2696309696.0
216050,인크로스,CFS,177131657060.0,221175603229.0,79277256973.0,128217454777.0,82138304423.0,130941026561.0,111503115643.0,105956625119.0,11377827180.0,13944886658.0,3906449803.0,6015073543.0,3777809116.0,4969461542.0
216080,제테마,CFS,76079567718.0,35786043334.0,108081322408.0,61957943098.0,176615709273.0,131406988877.0,47912814633.0,56946608941.0,14151289566.0,11987465004.0,515152620.0,1071582079.0,-3586757548.0,259105849.0
217190,제너셈,CFS,35595013429.0,38008183178.0,27838975957.0,27468524983.0,35832479792.0,38976017608.0,40170446015.0,40199380106.0,17025618720.0,14021565804.0,687088715.0,2299514470.0,371413549.0,2760740903.0
217270,넵튠,CFS,71467202227.0,48235197332.0,35874047135.0,20507824005.0,60144782363.0,46631148145.0,367620607281.0,379645731429.0,21678432793.0,7311730641.0,182397370.0,-6212375150.0,-16195881812.0,-13914070764.0
217330,싸이토젠,CFS,2391251267.0,19388886841.0,13255859090.0,33929850518.0,15175371158.0,35564130930.0,10214944410.0,5656217069.0,705329250.0,50432500.0,-2914058343.0,-3066031854.0,-2756475882.0,-2643966925.0
217480,에스디생명공학,CFS,33097584640.0,46219955819.0,87499477805.0,70575709870.0,87635428479.0,83619565246.0,12815593861.0,28341476547.0,11813218664.0,22775538177.0,-3583881753.0,-7223720576.0,-3133450429.0,-7657659679.0
217500,러셀,CFS,67452633721.0,67541143644.0,19684220655.0,14073578051.0,20614605414.0,22930463172.0,57397423173.0,55500196333.0,10954383155.0,6179070845.0,694054388.0,236630854.0,989558721.0,1476036705.0
217730,강스템바이오텍,CFS,30815730064.0,45906520168.0,23370279475.0,19708665596.0,34618301446.0,33331410601.0,29763692560.0,47260294212.0,3011346899.0,3314306076.0,-5714304470.0,-5669307896.0,-5744943775.0,-5541707444.0
217820,원익피앤이,CFS,387656065167.0,263743348709.0,435196727287.0,290007358145.0,440967167589.0,297145004018.0,91654619248.0,114632271708.0,29052430594.0,56175654184.0,-8262063555.0,6051591863.0,-9357592878.0,7211923052.0
218150,미래생명자원,CFS,43931930817.0,41972094080.0,13674081325.0,14940677049.0,14056245440.0,15260426110.0,44491378235.0,40834828875.0,16245591025.0,20771303556.0,85570995.0,575211458.0,209018579.0,409727040.0
218410,RFHIC,CFS,299165154143.0,339879606429.0,135515723487.0,94654050918.0,153598177646.0,165491087870.0,304752094821.0,307847122675.0,20040967074.0,29250480378.0,-4415233077.0,892477264.0,-3010326648.0,1697533888.0
219130,타이거일렉,CFS,30538175748.0,34514341574.0,16075871569.0,15185717874.0,18311913141.0,17224125675.0,53800812032.0,55445585445.0,13486364168.0,14259822370.0,-1005821459.0,-551292958.0,-524466115.0,776762039.0
219420,링크제니시스,CFS,41270293118.0,40169139038.0,1588365103.0,2901928445.0,2130419059.0,3751429489.0,45778311198.0,43703107076.0,3653925468.0,3418975982.0,591099858.0,870055289.0,709666567.0,732329017.0
219550,디와이디,CFS,12893413203.0,13247152753.0,34660097887.0,2398586833.0,35493961105.0,2564822854.0,46438291765.0,44715715394.0,7913722710.0,5970805478.0,-514392725.0,-266119508.0,-3840322817.0,-306452931.0
219750,한국비티비,CFS,9554496263.0,18729709965.0,20224787807.0,25943422488.0,25070312486.0,31003127757.0,691978005.0,4518295775.0,585428616.0,1679038218.0,-1967005587.0,-1686817914.0,-2371732046.0,-1570863790.0
220100,퓨쳐켐,CFS,33452267641.0,45364870779.0,3683146039.0,13781687827.0,8438527224.0,18433015770.0,65530304826.0,70283242811.0,3369546421.0,2772707030.0,-1867118279.0,-3510033525.0,-1698074319.0,-3813942283.0
220180,핸디소프트,CFS,60307388784.0,62238629432.0,5952006247.0,10929061678.0,6698732581.0,12091227614.0,67259473674.0,66165447601.0,5451131706.0,9556878590.0,-154668707.0,858898068.0,102280890.0,1183308306.0
220260,켐트로스,CFS,40511050795.0,50705311192.0,29926823464.0,16360073866.0,35701394926.0,38509204976.0,61335228595.0,58949571296.0,12422374071.0,12177048256.0,755239227.0,1069472704.0,1138721872.0,1251196533.0
221800,지구홀딩스,,,,,,,,,,,,,,,
221840,하이즈항공,CFS,55692475549.0,57902951615.0,54780981563.0,52008864676.0,70612983080.0,76339887931.0,60773957594.0,60481639548.0,18944855851.0,11533145086.0,-382445098.0,-2466828897.0,-708374529.0,-2409954773.0
221980,케이디켐,CFS,80334309060.0,68903540421.0,23866131116.0,23910745719.0,24629100487.0,25868681592.0,99964195828.0,96356998586.0,15029426695.0,15850293491.0,1784724064.0,1211544968.0,1962402514.0,2363649765.0
222040,코스맥스엔비티,CFS,199485665811.0,188200635449.0,250464254799.0,212093266633.0,273547476587.0,256716552674.0,44377262978.0,47254354750.0,90855046959.0,83889140786.0,4805220455.0,1335203078.0,184757430.0,-1570841716.0
222080,SFA넥셀,CFS,526486237499.0,346206530085.0,375628302712.0,278449869046.0,400254949213.0,303962068566.0,241888059904.0,140033042208.0,35900992280.0,23370510576.0,6529076706.0,-1638480419.0,9041289348.0,327665635.0
222110,팬젠,CFS,10013342232.0,8576382749.0,5702903511.0,1129528758.0,7845691920.0,3454202506.0,14797257792.0,17219472966.0,2003103556.0,1957049613.0,-1134963904.0,-1125801169.0,-996710027.0,-994085780.0
222420,쎄노텍,CFS,38255626068.0,38614996406.0,32268984805.0,34157108330.0,53536413022.0,58454432600.0,38241431323.0,37877096472.0,6983268088.0,7901773425.0,-313708710.0,77078103.0,-877122683.0,-808795390.0
222800,심텍,CFS,429165592233.0,504723382744.0,442131084204.0,474379874277.0,651226938646.0,653731684232.0,550702447255.0,612601561758.0,287191374087.0,474349265778.0,-5556549084.0,116629720949.0,-6072444520.0,99340250681.0
222980,한국맥널티,CFS,47132824436.0,50632048004.0,39646046949.0,32378600226.0,46491204800.0,47681158715.0,39642319952.0,41539462141.0,20759492151.0,16956513720.0,-48674069.0,-978266840.0,-8319691.0,-536314239.0
223250,드림씨아이에스,CFS,43726387921.0,41762055054.0,26680656563.0,23860311379.0,29887546019.0,27523615378.0,54444759740.0,50442057810.0,14432011208.0,10897499760.0,44055240.0,2318419811.0,374373228.0,2218956266.0
223310,사토시홀딩스,CFS,22807573660.0,22751695679.0,4354863120.0,3255840734.0,4666538818.0,3641496894.0,25515758136.0,23921498295.0,8194095647.0,6432722374.0,229665788.0,534810035.0,306377160.0,171240142.0
224060,더코디,CFS,81459677987.0,83823334062.0,56999965069.0,23789403862.0,65478128234.0,55669858825.0,38353508661.0,37968632538.0,1509774086.0,3574117435.0,-2554651980.0,-2136908569.0,-3293923068.0,1130082233.0
224110,에이텍모빌리티,CFS,86871851449.0,59321741742.0,64575938113.0,43318701518.0,76616874856.0,58900169379.0,95043357393.0,86784004910.0,45058765753.0,37662255890.0,2397868559.0,820201847.0,1913547192.0,-199771011.0
225190,LK삼양,CFS,18318513960.0,29731933410.0,4374360768.0,8204249409.0,8435253568.0,13675703094.0,29137643506.0,36538482424.0,9402536602.0,10484447331.0,-130515360.0,951658495.0,54474351.0,1142100070.0
225220,제놀루션,CFS,49687020325.0,54542331567.0,6006552217.0,4643596015.0,21193703880.0,19754934993.0,94900521679.0,94698799896.0,2069077370.0,5224836078.0,-1456020516.0,450161893.0,-389794094.0,3170420641.0
225430,케이엠제약,CFS,6401269438.0,6345458544.0,11285926576.0,12498458000.0,14553793823.0,14953189853.0,35956585656.0,36327945673.0,4048366977.0,4179485040.0,-353039729.0,-338016639.0,-510654681.0,-1000419100.0
225530,HC보광산업,CFS,52502703037.0,53247469023.0,20271137644.0,23429999387.0,52603163981.0,57055616274.0,96679260983.0,88924745376.0,19232128755.0,22314697569.0,4058240144.0,3732626369.0,3113617254.0,2046229436.0
225570,넥슨게임즈,CFS,236143565597.0,204036431993.0,63874420654.0,59676973659.0,99264980515.0,88500616331.0,265989201259.0,237048789376.0,56476395401.0,46147885283.0,9551310148.0,8977327019.0,7714951386.0,10046263950.0
225590,패션플랫폼,CFS,60843064479.0,61475025905.0,14703303525.0,16374365419.0,32009565035.0,30098157455.0,74609197259.0,67634357336.0,20696166865.0,24153863528.0,661314143.0,4142390308.0,416233423.0,3259411835.0
226330,신테카바이오,CFS,49304463187.0,37496886447.0,12671041151.0,22254406508.0,27134188481.0,24227949489.0,48987566392.0,31460774571.0,2622101.0,48294032.0,-3232690178.0,-2959381013.0,6299464846.0,-2686455351.0
226340,본느,CFS,31219294360.0,27334609096.0,25468617800.0,35607318592.0,44359904385.0,53943951259.0,43343950521.0,30653573174.0,19157181323.0,17046336122.0,2509458751.0,1491774934.0,2827658171.0,1449182220.0
226400,오스테오닉,CFS,40823871703.0,37422938718.0,11757180000.0,19685726599.0,18112467788.0,25024677636.0,48708826943.0,36500518925.0,6745064749.0,5114043486.0,1029469901.0,985365887.0,945068540.0,23060415.0
226590,엠디바이스,,,,,,,,,,,,,,,
226950,올릭스,CFS,34968662434.0,65045503731.0,36384677546.0,39543151650.0,60612226693.0,66448925303.0,41273941269.0,66202554547.0,,,-5043688478.0,-3414939219.0,-4926402563.0,-7276372657.0
227610,아우딘퓨쳐스,CFS,35922078377.0,31199350217.0,29285343439.0,48312493482.0,36099488802.0,49856594081.0,28782033789.0,8578197796.0,7540184562.0,8030147086.0,505611842.0,-2284760354.0,7425821186.0,1000844593.0
227950,엔투텍,CFS,34142934903.0,38889151241.0,2584591375.0,11329686761.0,6309121861.0,11986732552.0,126212990927.0,97226471584.0,6375525477.0,9379816016.0,-914965320.0,-1433521607.0,-689633178.0,-2870241442.0
228340,동양파일,CFS,74734723945.0,71431972728.0,4208935184.0,6336379433.0,4258993448.0,6498334498.0,126914576367.0,122914306020.0,11387635350.0,17880880600.0,185420299.0,1202923516.0,577831729.0,1265178909.0
228670,레이,CFS,134891746920.0,101078015139.0,83168445859.0,62482463072.0,117610001497.0,105887952257.0,136702924105.0,116308028180.0,38537721131.0,32985574381.0,4007960531.0,4241599848.0,3526037872.0,2645110568.0
228760,지노믹트리,CFS,99007419916.0,117999575199.0,4710992418.0,53442112741.0,9011848226.0,55352892425.0,128620301515.0,107557037408.0,532155171.0,1924465801.0,-3620665421.0,-3128820416.0,-2698698492.0,-3808949503.0
228850,레이언스,CFS,235936833808.0,218954101245.0,31242797628.0,31335245903.0,37339570838.0,36500539616.0,239219407601.0,225498428892.0,36131961426.0,39147341646.0,4737493587.0,7912210241.0,7937288002.0,6750624295.0
229000,젠큐릭스,CFS,9934632337.0,8011451044.0,13430861625.0,25867820698.0,20390596769.0,31565458511.0,14258074544.0,5673206734.0,957742868.0,480297605.0,-2353674939.0,-2768613792.0,-3735249535.0,-4751814380.0
230240,에치에프알,CFS,182382718130.0,234084700782.0,50000089088.0,98240893119.0,89518260269.0,133104469916.0,180295289787.0,177825222594.0,33632118239.0,126983705608.0,-4691363919.0,41314938787.0,-1597536810.0,40012568635.0
232140,와이씨,CFS,242195633256.0,314067119610.0,109905269464.0,86167134155.0,142489221302.0,164468338499.0,361734864817.0,354629698116.0,54722272523.0,57668373022.0,517874197.0,4901074980.0,730805460.0,5261492003.0
232680,라온로보틱스,CFS,26413861241.0,29557797301.0,7152155623.0,11213613941.0,14011331532.0,18202516326.0,28581994539.0,28103785453.0,5577266480.0,13998018067.0,-900829873.0,1864751888.0,-672632218.0,1427438635.0
232830,아이티센피엔에스,CFS,10577232455.0,11563658442.0,5973780255.0,7301744226.0,6066536888.0,10415681439.0,12238597510.0,8098968054.0,3502733536.0,12392456141.0,-718875480.0,524638784.0,-647363080.0,538133892.0
234030,싸이닉솔루션,,,,,,,,,,,,,,,
234100,폴라리스세원,CFS,174994246689.0,151190724036.0,42065439016.0,44663979020.0,52593246848.0,54502949256.0,241168698808.0,207274496319.0,42975449404.0,46385607840.0,3685678518.0,4410893709.0,4715892651.0,3333197748.0
234300,에스트래픽,CFS,96238944845.0,126028877376.0,59324934962.0,88798267669.0,82573637129.0,110476617901.0,79554795228.0,68490898912.0,22887575026.0,22249931756.0,550399550.0,761124751.0,82083413.0,2317559892.0
234340,헥토파이낸셜,CFS,341460323706.0,263185478726.0,270879535736.0,187850934141.0,276007318043.0,193243897914.0,144691643015.0,143361473193.0,39670639809.0,33586053805.0,3813361342.0,4077059370.0,4197883659.0,3221020362.0
234690,녹십자웰빙,CFS,58907921807.0,49711142860.0,48762396038.0,46536367278.0,55702588945.0,54078894403.0,100046067086.0,96164276133.0,29329856208.0,27864841316.0,3505911461.0,2899779286.0,2291869800.0,3350121875.0
234920,자이글,CFS,6655160329.0,12543259248.0,18615710385.0,19325460642.0,18653088467.0,19335105788.0,53846847890.0,41709024430.0,906848619.0,5103002933.0,-1117755147.0,1014227884.0,17198785985.0,968282844.0
235980,메드팩토,CFS,11298679763.0,100330893207.0,9800309642.0,72799305257.0,11936094340.0,75364585732.0,5238053225.0,32322597622.0,0.0,0.0,-6221094860.0,-6029259534.0,-6198312003.0,-8367171105.0
236200,슈프리마,CFS,105955467241.0,116544677000.0,11254717244.0,11723533506.0,11387725559.0,11987764279.0,195843121752.0,181799482025.0,21041484212.0,21614285603.0,3577424438.0,4265652887.0,5554786757.0,8520891835.0
236810,엔비티,CFS,26039812251.0,32204759431.0,16687789088.0,18782216806.0,43418950598.0,46148077396.0,34216505340.0,37193803886.0,,,-523517987.0,656833267.0,-400980537.0,265014508.0
237690,에스티팜,CFS,320354359494.0,263233822482.0,155040776161.0,179223988711.0,269658309740.0,229549274594.0,378956663355.0,341102990526.0,55947215542.0,60824757716.0,6668587191.0,4541701500.0,3357647675.0,9922658509.0
237750,피앤씨테크,CFS,46915431778.0,45327647347.0,8228094490.0,7922220058.0,9537381652.0,9014073429.0,72135496491.0,68716889662.0,5816177091.0,5214607121.0,1456560597.0,93310463.0,1426823213.0,377343201.0
237820,플레이디,CFS,112091305663.0,139040327861.0,48241932866.0,77663319603.0,53851757082.0,83620933955.0,80745683564.0,79022426933.0,10309260635.0,10894087819.0,1090890120.0,763169580.0,1087152344.0,693856202.0
237880,클리오,CFS,162791786246.0,129713676306.0,60548244636.0,44063527784.0,71044978705.0,53509226607.0,207878338062.0,190376264982.0,84817705882.0,67948218685.0,10473895631.0,4577496719.0,9730961822.0,3237665714.0
238090,앤디포스,CFS,94363146637.0,106599332053.0,12851437976.0,31773307514.0,19487466933.0,32814412781.0,136592348553.0,140191937384.0,13403211305.0,12923730812.0,-139774215.0,-2239347630.0,898247476.0,-1945261911.0
238120,얼라인드,CFS,20606638820.0,19551898909.0,1413072133.0,1333198695.0,8501001210.0,8051756573.0,31257510101.0,28849730072.0,3647249660.0,3510273062.0,1007877010.0,985994153.0,1343721907.0,1756460211.0
238200,비피도,CFS,21560040477.0,23849850078.0,3340121809.0,1890216972.0,3756716798.0,2447754196.0,53139012636.0,52489221060.0,5023649488.0,4442609177.0,-141986193.0,639428438.0,315992745.0,889855356.0
238490,힘스,CFS,47388650087.0,30748607164.0,31848908211.0,15836006391.0,33740293013.0,17588863004.0,69449845098.0,61934534993.0,,,5898269199.0,-5936826180.0,5429843255.0,-2628114321.0
239340,이스트에이드,CFS,29287623973.0,36629648212.0,3372869340.0,3898128462.0,5438842953.0,13664405050.0,29909136560.0,31710944553.0,,,-1695152178.0,-1319070117.0,-837485469.0,-1355159953.0
239610,에이치엘사이언스,CFS,21434424149.0,37235502846.0,2448653384.0,3842334107.0,3049585747.0,4515737589.0,102657500982.0,104301840990.0,5851924347.0,12974352810.0,-1192946150.0,-526380059.0,-372521765.0,121242379.0
239890,피엔에이치테크,CFS,40741202068.0,41225440308.0,28233924059.0,27589600333.0,35387753328.0,34103304460.0,30398220694.0,28449001007.0,12042935274.0,8381920117.0,2050370775.0,1372872095.0,2144028568.0,1333923226.0
240550,동방메디컬,,,,,,,,,,,,,,,
240600,유진테크놀로지,CFS,27389419757.0,26011137025.0,26112014932.0,27414482620.0,30639755748.0,34898279391.0,24184362352.0,18199240571.0,12108942720.0,10369207784.0,1103301100.0,379166213.0,1231852021.0,384180163.0
240810,원익IPS,CFS,552692288713.0,596025062092.0,227671119268.0,248902022998.0,236971454320.0,251943234499.0,850357793481.0,869727304162.0,179913417895.0,283094424857.0,-1149084176.0,30457298850.0,4036941136.0,47433902034.0
241520,DSC인베스트먼트,CFS,32935750957.0,33078863824.0,27487652424.0,23882408905.0,33646967620.0,30802852381.0,99498079894.0,95004279256.0,6350651813.0,7410303164.0,2865276267.0,3428860080.0,2306701601.0,2892680609.0
241690,유니테크노,CFS,79458171392.0,43013122947.0,35157549157.0,22662879655.0,75902791765.0,38536949095.0,122870283983.0,116968473280.0,27029281095.0,20888529153.0,3438416067.0,1959830224.0,2240138313.0,1764207419.0
241710,코스메카코리아,CFS,218831684007.0,186758079269.0,153411457031.0,142988836381.0,182992370374.0,185732073734.0,239880744545.0,207023560560.0,116399125357.0,103544135699.0,13700630563.0,2935633128.0,11766611338.0,3343815612.0
241770,메카로,CFS,106028962229.0,152899971903.0,6538543490.0,23843663613.0,8779416006.0,26023991757.0,187061197444.0,192203200876.0,8137078686.0,13069639041.0,-3155433245.0,219574395.0,-467319549.0,285465285.0
241790,티이엠씨씨엔에스,CFS,127851904211.0,77690132284.0,83908018877.0,33026497516.0,87878818795.0,34047192858.0,108192699479.0,103569651369.0,22756261758.0,53840303392.0,523945310.0,10357972802.0,722181757.0,10162355980.0
241820,피씨엘,CFS,36674112986.0,58624921278.0,22107103541.0,48290402943.0,26573346209.0,54294178545.0,40661346121.0,33643619336.0,326012415.0,3793694372.0,-2864544644.0,-3480411092.0,-3456980954.0,-2462051296.0
241840,에이스토리,CFS,67415915882.0,80090720780.0,33777922267.0,34880405767.0,35030660681.0,42777389437.0,61558037235.0,58504945353.0,16378054341.0,7071079422.0,1617467244.0,1520782252.0,447548802.0,522016918.0
242040,나무기술,CFS,45257721896.0,56135610599.0,28616902200.0,43379407030.0,45866096983.0,58405603281.0,45728692605.0,43821430305.0,20894812160.0,17339837462.0,163734693.0,665677036.0,410439012.0,787107522.0
243070,휴온스,CFS,257748595480.0,247014531023.0,97196880760.0,103452907674.0,176504614542.0,185107014549.0,320655140422.0,287519610797.0,138166482115.0,123129128399.0,14952204011.0,2024957038.0,11779573366.0,2628569717.0
243840,신흥에스이씨,CFS,243067563940.0,235930868007.0,312218135852.0,249723835910.0,458505961578.0,348472325271.0,333351419084.0,307841992429.0,154628042770.0,126068078951.0,13996433177.0,8003673163.0,10577154006.0,13767651247.0
244460,올리패스,CFS,8665078646.0,13873690848.0,11018329342.0,12041371154.0,14585923209.0,15715542087.0,3383563249.0,9226119226.0,1814893138.0,199003546.0,-2850125839.0,-5131824154.0,-2937604663.0,-5243996786.0
245620,EDGC,CFS,50876083239.0,41611880167.0,119293401956.0,108450939558.0,165443717303.0,159175170219.0,26654068305.0,32835416388.0,21636223305.0,20717872316.0,-2506105910.0,-2609631583.0,-1955216334.0,-8869941923.0
246250,에스엘에스바이오,CFS,6819726032.0,6058218212.0,1729255847.0,2043389150.0,4362934881.0,5047643945.0,7729059450.0,6705210549.0,2129626725.0,2490378693.0,31396268.0,695137939.0,35691263.0,597598149.0
246690,TS인베스트먼트,CFS,,,,,19886000720.0,25156090766.0,79995860183.0,73570765808.0,3135565053.0,-4781371054.0,,,86444120.0,-5548579664.0
246710,티앤알바이오팹,CFS,60733539079.0,46834503438.0,31452365211.0,29102440094.0,75005328193.0,36674913732.0,27106637257.0,39262942836.0,952918305.0,1413962674.0,-3150680609.0,-2575178608.0,-5394729541.0,-3875030726.0
246720,아스타,CFS,6007312445.0,7883334989.0,830356707.0,1102735972.0,3395119774.0,3698557389.0,5118173424.0,7237087093.0,365199372.0,1031768964.0,-1126527233.0,-461273696.0,-1141731962.0,-435550017.0
246960,SCL사이언스,CFS,6080831883.0,5469258136.0,3077836045.0,2465456428.0,9861162665.0,17645425148.0,13461919163.0,13168983646.0,287299023.0,103436359.0,-958566772.0,-1405933483.0,477867570.0,-1789139607.0
247540,에코프로비엠,CFS,3123466620537.0,2274293401185.0,2422327163485.0,1547889953385.0,3092709263535.0,1885951251552.0,1712832463789.0,1488215127423.0,1803254041355.0,1563207394715.0,45873974211.0,141462485421.0,21187003362.0,109627566381.0
247660,나노씨엠에스,CFS,36781385517.0,25268357596.0,19119456257.0,17393801033.0,23038283323.0,21388596145.0,28741773615.0,31012395280.0,1952135970.0,1300231255.0,79585670.0,-88915948.0,-170393203.0,-283663473.0
250000,보라티알,CFS,70959954273.0,60513166455.0,29178255035.0,26426410653.0,29422786576.0,27089484959.0,81436349789.0,76409622647.0,19734697572.0,18499838050.0,3210952712.0,3183630936.0,2614097039.0,3649855410.0
250060,모비스,CFS,35159611922.0,53421517488.0,15224382644.0,28711266798.0,20028902301.0,32761774365.0,40620076765.0,44516043424.0,4053495801.0,5265004037.0,-1566736519.0,-891365433.0,-1772100082.0,-1339459103.0
250930,예선테크,CFS,26276127782.0,28443479688.0,19571488866.0,14819464504.0,32534439447.0,30610199839.0,28048653924.0,32569108473.0,13688464732.0,12926447495.0,-797396882.0,-1286830311.0,-805512926.0,-389615456.0
251120,바이오에프디엔씨,CFS,45991620411.0,44894264708.0,4962697769.0,5981270456.0,5054317734.0,6058430189.0,56252514437.0,52977381169.0,3927599376.0,2968755047.0,1306597345.0,885498885.0,1142440842.0,754536673.0
251370,와이엠티,CFS,101578492673.0,113902291078.0,81213525612.0,78960495402.0,97493848326.0,96546766864.0,153265259900.0,151365692859.0,33802779161.0,31527877765.0,415301470.0,1086931439.0,-1067761757.0,3368472915.0
251630,브이원텍,CFS,111022122986.0,69388059300.0,67091414850.0,32520089797.0,119213864231.0,78168624399.0,108114939366.0,97244765725.0,15894003804.0,17530302251.0,1657548714.0,943869119.0,380051347.0,3010546266.0
251970,펌텍코리아,CFS,175237638488.0,160600690819.0,62471776211.0,55054097183.0,70876120479.0,60462117414.0,280278821216.0,257757735059.0,71101921059.0,59788452398.0,9260116357.0,7490069211.0,7911257934.0,7019156903.0
252500,세화피앤씨,CFS,32447140035.0,29725975279.0,3796049996.0,3463464809.0,3899120655.0,3573135468.0,38635540110.0,37143489837.0,10200065522.0,9208783225.0,244724663.0,763860737.0,324993556.0,570850592.0
252990,샘씨엔에스,CFS,54485788000.0,111330852377.0,61696911217.0,17336052664.0,85050281967.0,88307674085.0,106982822756.0,111957607437.0,9562136850.0,11193941113.0,759715191.0,3131279884.0,1396169776.0,3232132642.0
253450,스튜디오드래곤,CFS,412819044297.0,400132364146.0,402142681417.0,416262541911.0,429881456646.0,429935208171.0,720425865567.0,660731176567.0,217412308932.0,228881892410.0,21852537244.0,18934443009.0,18172683892.0,17837996128.0
253590,네오셈,CFS,68252461936.0,100361630938.0,19375319654.0,65005793308.0,22654420956.0,68533207174.0,80284497361.0,62280243724.0,20422495332.0,24553732247.0,506636777.0,2743458380.0,1387490077.0,5052959692.0
253840,수젠텍,CFS,83977012933.0,122054970281.0,18635036629.0,29312585701.0,21768803074.0,32719853884.0,117970006998.0,140576943704.0,1483849409.0,8714765121.0,-5919927577.0,-3455197622.0,-6366547387.0,2839790874.0
254120,자비스,CFS,34105904635.0,15720889866.0,12813368025.0,18042789196.0,20205288248.0,18241999053.0,26803880265.0,10102951603.0,4706219928.0,2723137543.0,121336534.0,-880708560.0,-1970182455.0,-842030204.0
254490,미래반도체,CFS,129397607836.0,109962966620.0,28272397571.0,24586086203.0,55598537229.0,60115142271.0,78663694047.0,54351183913.0,90667414886.0,143600318762.0,2209312539.0,5356404138.0,1353359564.0,4462755804.0
255220,SG,CFS,104454058600.0,100267858368.0,91289433052.0,100145652367.0,128975850671.0,118489962136.0,66301344142.0,74987706581.0,19682926025.0,24187447019.0,-3249424410.0,1154689519.0,2909349606.0,4162665180.0
255440,야스,CFS,88919102391.0,105913285154.0,43029067896.0,48942174159.0,51568703783.0,57075049639.0,154056172822.0,159665774361.0,7407798403.0,13761700374.0,-1585666306.0,-2076551084.0,-816338221.0,147401865.0
256150,한독크린텍,CFS,36534453129.0,34974001962.0,6107738587.0,5299164793.0,7260234718.0,5662991414.0,55918575753.0,53473064391.0,17681961259.0,14261296503.0,1568692944.0,1158409780.0,1470437871.0,1149442360.0
256630,포인트엔지니어링,CFS,45528455671.0,50791066026.0,16896442321.0,20273871755.0,27012649510.0,24299579636.0,74881723212.0,77981875180.0,5863913052.0,9523593942.0,-2796121447.0,626355821.0,-976547182.0,2348426631.0
256840,한국비엔씨,CFS,125223955155.0,142065470756.0,13996887524.0,14243409490.0,20894073383.0,42423267978.0,204067459892.0,190098127806.0,20383331813.0,11343842411.0,3665316142.0,-2162359464.0,8195009490.0,-2589924028.0
256940,킵스파마,CFS,38745851498.0,43310497201.0,52783420774.0,32059097193.0,55195737598.0,33291305515.0,49522177506.0,52267501635.0,24281077670.0,6216174031.0,792035620.0,-1147969481.0,-302492772.0,-220562081.0
257370,피엔티엠에스,CFS,20703716911.0,23908202855.0,27642395759.0,28965402686.0,27718870827.0,32921717611.0,19441375007.0,15913666904.0,3068120937.0,351422070.0,109539590.0,-1687687075.0,-284524041.0,-1607367478.0
257720,실리콘투,CFS,118522981832.0,73230909481.0,60305901293.0,28605613290.0,66573611639.0,32829452721.0,125687263780.0,96386863307.0,100951476394.0,46106186815.0,15129300746.0,4965981372.0,13137611144.0,4420480846.0
258610,케일럼,CFS,37750080739.0,37935730179.0,50365138556.0,51860286008.0,63545113195.0,67370329459.0,45943308459.0,61499911072.0,10743574824.0,7710384212.0,-1268195398.0,-1839179886.0,-10362415543.0,198691260.0
258790,소프트캠프,CFS,18708027082.0,21620263709.0,10418474444.0,13821545597.0,15039066114.0,15824216634.0,16469730278.0,16819457750.0,4623343988.0,4441480068.0,-65393933.0,-114796565.0,259298960.0,-157132796.0
258830,세종메디칼,CFS,13425650880.0,41870713346.0,87028486761.0,111167408365.0,93447374380.0,111531148232.0,49846041718.0,26668474763.0,4677444397.0,4222811828.0,-77575218.0,31760759.0,-6347134762.0,-937681484.0
259630,엠플러스,CFS,368465929182.0,268999426251.0,347233542436.0,229070289267.0,354075696577.0,264878703697.0,70106327216.0,56444439307.0,33562441075.0,49538186149.0,2218866703.0,-2899304255.0,2837832813.0,-10058832525.0
260660,알리코제약,CFS,73799044214.0,82122960345.0,57502916346.0,57258086445.0,68344985115.0,64990035666.0,93668369102.0,88546118877.0,45089958315.0,42383821178.0,-452206917.0,3473717779.0,-265090061.0,2396289479.0
260930,씨티케이,CFS,86263406239.0,81622063737.0,27427677577.0,22926669119.0,30662807790.0,27684675889.0,157872250616.0,151015535124.0,22549492162.0,17288712146.0,1959224893.0,-2873809424.0,1522279209.0,-5558561928.0
260970,에스앤디,CFS,80582582241.0,76369126899.0,12744548020.0,14839502945.0,13527006759.0,15230993296.0,84230639283.0,78106969378.0,23313072310.0,17164648664.0,4219661869.0,2456837050.0,3693577554.0,2048562249.0
261200,덴티스,CFS,101313038196.0,78496479232.0,102877330719.0,83647382148.0,127475469365.0,98819853253.0,59944520826.0,32250241601.0,25725725498.0,23586042652.0,134776330.0,2208526094.0,1234403732.0,3687790825.0
261520,이지스,,,,,,,,,,,,,,,
261780,아리바이오랩,CFS,56340276257.0,58917220083.0,26853424575.0,26789224255.0,27986224832.0,27703190784.0,30467230677.0,33365601666.0,,,-1982119668.0,-1452393515.0,-2071583443.0,-1645007686.0
262260,에이프로,CFS,146853128696.0,104081998977.0,113168646978.0,78759970162.0,119867117932.0,80332148875.0,70892636714.0,59921966996.0,53098871165.0,29636461480.0,3984851423.0,1376310111.0,3476233414.0,1547094220.0
262840,아이퀘스트,CFS,17566191366.0,17978741144.0,4726230084.0,6076924196.0,8100308198.0,9708710823.0,51010754404.0,49543556216.0,9987514541.0,9578567219.0,844762221.0,1354380065.0,1148673030.0,1367228397.0
263020,디케이앤디,CFS,43517890400.0,60995838694.0,20599681282.0,43456182311.0,26100801846.0,48510694941.0,66208825758.0,62777175397.0,21446165097.0,29974806798.0,2347300848.0,1836239797.0,2942431372.0,2620076674.0
263050,유틸렉스,CFS,47054666077.0,69142513255.0,8497321887.0,11804081848.0,9942519978.0,13595823676.0,70471953866.0,90866730836.0,,,-6136093943.0,-9028111149.0,-5740814358.0,-9641913289.0
263600,덕우전자,CFS,79553523337.0,85480818970.0,96753920436.0,95576540575.0,124079037825.0,96247448806.0,104536326384.0,114173409424.0,47762536465.0,59955694862.0,-1408998894.0,7135224949.0,-4366230894.0,7777488827.0
263690,디알젬,CFS,80198523488.0,87132488457.0,42475952563.0,48812705876.0,50407683282.0,53071849344.0,79168857121.0,73633216835.0,27392555671.0,30374553486.0,2706785252.0,5104246876.0,2668420952.0,8490884581.0
263700,케어랩스,CFS,109643055720.0,111726874059.0,35808039874.0,34218500524.0,87088847362.0,89082140020.0,87869846672.0,91577013976.0,,,-4858851143.0,-2276031359.0,-6546524280.0,-4942530153.0
263720,디앤씨미디어,CFS,61194731932.0,55760520724.0,18041540685.0,15778165552.0,19804531846.0,17536314518.0,79515630327.0,76411093378.0,15000203266.0,16176619453.0,1143660303.0,1290425371.0,1049080392.0,1334370340.0
263750,펄어비스,CFS,641563378081.0,556502376180.0,302409230458.0,236211108933.0,559289752648.0,523250798714.0,735026836088.0,699304047752.0,,,2133742596.0,11956777093.0,14842696609.0,21334124903.0
263770,유에스티,CFS,71494622141.0,57654939796.0,24279657513.0,18081496348.0,24445075954.0,18431921458.0,76432238149.0,69348382551.0,22643979112.0,22667645906.0,3217808645.0,1999851443.0,2720897947.0,1394539814.0
263800,데이타솔루션,CFS,43077916831.0,54689586332.0,26397904685.0,37302212731.0,29265696561.0,38218359347.0,30671545498.0,31343073665.0,13915822809.0,15477699795.0,-796459861.0,72083416.0,-640806480.0,-1216634686.0
263810,상신전자,CFS,58540706789.0,55370077431.0,37772938960.0,29957393533.0,38344283423.0,34455726313.0,42352810384.0,41165865729.0,26887563202.0,27570382913.0,250950858.0,430624947.0,197053686.0,907588593.0
263860,지니언스,CFS,42095996410.0,47484592365.0,8074270331.0,10841115171.0,10126712306.0,11791426186.0,47249613529.0,47901167626.0,7705767912.0,7170940444.0,294561865.0,1162683690.0,662784067.0,1406061657.0
263920,휴엠앤씨,CFS,22919600893.0,17833447246.0,15447510719.0,10577916192.0,16095707295.0,16425354207.0,36731687376.0,30253123407.0,12562718348.0,10279907500.0,1543462939.0,361393679.0,1142848493.0,839256286.0
264450,유비쿼스,CFS,178278469625.0,152727034935.0,42176533958.0,32533642737.0,48356439180.0,38751420528.0,158503605458.0,142874328386.0,39093678139.0,30571102767.0,6923399904.0,5395717547.0,6047610113.0,5647430492.0
264660,씨앤지하이테크,CFS,112806109251.0,118384985950.0,52383613529.0,42221182789.0,56281633085.0,61330333284.0,109412866798.0,93360473789.0,81568008163.0,50292841989.0,8447598324.0,5909104542.0,5510969807.0,3160680088.0
264850,이랜시스,CFS,28275471384.0,27669450419.0,13970759082.0,14867554719.0,15709082814.0,18657610942.0,45190822368.0,42700323992.0,16653885855.0,18260089972.0,1042909400.0,741703436.0,312865071.0,643866468.0
265520,AP시스템,CFS,417580434894.0,396470581144.0,189474792878.0,222421189934.0,283724298969.0,277913741218.0,305693334403.0,270199149705.0,157744282295.0,147787792074.0,16582860137.0,28826391058.0,16944114292.0,41720792949.0
265560,영화테크,CFS,52118942520.0,48226241555.0,13477249620.0,9227107582.0,26995754851.0,24369692791.0,61481197054.0,56935520497.0,15556483489.0,12798229459.0,1490630271.0,456747079.0,1620029692.0,81399626.0
265740,엔에프씨,CFS,32136259074.0,27704857686.0,16730192264.0,15857163081.0,17157977162.0,16142705360.0,60322193133.0,57271349789.0,11542678147.0,8504880558.0,1087906250.0,728889355.0,1004141409.0,917576425.0
267320,나인테크,CFS,133707962914.0,92617036479.0,102245862822.0,88808803644.0,149182179470.0,114637642064.0,68128778895.0,28941110931.0,22450849758.0,21910509121.0,-1939015862.0,761368610.0,-12896003917.0,308626824.0
267790,배럴,CFS,48806251924.0,29998225691.0,8108715530.0,14610487819.0,25935440464.0,17183383615.0,40327604200.0,30474568027.0,24607512946.0,18152271353.0,5158798027.0,2357390099.0,3719557097.0,1716248581.0
267980,매일유업,CFS,594944880278.0,599958025059.0,222145658908.0,266099319977.0,438395243344.0,477924807928.0,526229435493.0,496823485046.0,443547284583.0,426616519644.0,17137755887.0,10466438271.0,9508023195.0,1725017605.0
269620,시스웍,CFS,32734092987.0,39100565593.0,34527518678.0,38544673401.0,35359856626.0,40161269620.0,28539672673.0,36422112684.0,2187454917.0,5968619893.0,-1494152896.0,167758588.0,-4470886151.0,-3213272591.0
270520,앱튼,CFS,94212143515.0,58797454823.0,47600874234.0,23651614018.0,49262468713.0,23776898905.0,74989713653.0,42362352102.0,2990061161.0,6970302645.0,-2062202982.0,-773292549.0,-3093471066.0,-722632933.0
270660,에브리봇,CFS,38256485628.0,40864805681.0,15761724119.0,5455774635.0,23978141203.0,24616600291.0,64925021855.0,62247610796.0,9083808820.0,14952387804.0,856098051.0,1228194745.0,969713545.0,1202575808.0
270870,뉴트리,CFS,62630861439.0,83134136765.0,15982772394.0,34571677193.0,29541377853.0,47894962229.0,99162913786.0,98789343291.0,33483005853.0,43554255019.0,1503395859.0,1798960841.0,1167611362.0,1587105211.0
271830,팸텍,CFS,83074089982.0,42095911193.0,51759725442.0,25350260627.0,55863227592.0,27855414062.0,59234554557.0,44856304496.0,23582506525.0,28108081993.0,5274528764.0,6905722855.0,5792749798.0,6901231247.0
272110,케이엔제이,CFS,49139390121.0,36757707672.0,24620191010.0,21148704915.0,56470090140.0,54313783532.0,66594797817.0,53782774316.0,15931799432.0,26871790986.0,3479052589.0,6716518062.0,3601628341.0,7461497359.0
272290,이녹스첨단소재,CFS,292034000287.0,272995385373.0,114377649360.0,78731968723.0,130976803133.0,83647833377.0,410442917997.0,380267244857.0,101926398969.0,133283082651.0,15534137519.0,27588332718.0,14860439595.0,29186355456.0
273060,와이즈버즈,CFS,67233274778.0,62280184471.0,41001558654.0,27689128071.0,43008120510.0,29575390618.0,43392484974.0,45753210404.0,2846714813.0,3394423440.0,-384107137.0,112829997.0,-92081672.0,274206269.0
273640,와이엠텍,CFS,45905281000.0,47125095251.0,3194908234.0,4280243822.0,3631597627.0,4280243822.0,61318971608.0,59428258547.0,7674823451.0,14549142774.0,1146703425.0,5456906194.0,1340198644.0,5167463386.0
274090,켄코아에어로스페이스,CFS,86077350318.0,64296380388.0,44738924246.0,69707764157.0,91968612375.0,91598200086.0,63764529190.0,38147905769.0,24182396437.0,19641210088.0,787255761.0,2015566837.0,68591579.0,1128921980.0
274400,이노시뮬레이션,CFS,16840085606.0,8595157829.0,10651276902.0,15283774865.0,25961718138.0,28407089124.0,25714761140.0,14902663915.0,2842663812.0,3080339013.0,-449889727.0,-743992555.0,-970160432.0,553190743.0
275630,에스에스알,CFS,23741013272.0,26562468655.0,1567260205.0,3205457388.0,1992266993.0,3689546679.0,26531153918.0,27839455471.0,3029937630.0,2943378077.0,581682916.0,509991349.0,665884380.0,577932488.0
276040,스코넥,CFS,25132333817.0,27981234963.0,2680881817.0,3771855091.0,2961765478.0,4242559322.0,23692753451.0,25481253884.0,,,-1423399640.0,-1201148217.0,-1186664242.0,-1066144983.0
276730,한울앤제주,CFS,23261762696.0,29789471247.0,26110630951.0,18580002913.0,29008550165.0,27601158517.0,26596701958.0,34348911755.0,6476726497.0,6409108874.0,-1780222585.0,-3054214134.0,-1465627704.0,-3045060561.0
277070,린드먼아시아,CFS,22662132460.0,25339549932.0,592366117.0,158646299.0,9317495355.0,11532200243.0,55790747867.0,54615513076.0,1284873716.0,3626213841.0,589459347.0,2735645072.0,503495385.0,2003461999.0
277410,인산가,CFS,30415173412.0,29063633618.0,14467456001.0,14182163694.0,23860550933.0,36170462340.0,63539990703.0,51354945006.0,10224359864.0,8703793605.0,1904318111.0,1231250434.0,1959115543.0,869122245.0
277810,레인보우로보틱스,CFS,144120190750.0,62092470130.0,4003912147.0,3185025706.0,4865600812.0,14652195787.0,147759887858.0,61507271655.0,3616641058.0,3445586705.0,518320163.0,372085502.0,13032944391.0,702051871.0
277880,티에스아이,CFS,272364789827.0,176414627239.0,225281262463.0,146445829197.0,249098647391.0,187808127670.0,95110427059.0,45107311297.0,42331268391.0,22080831437.0,-1952369687.0,-2157661679.0,1510193021.0,2236556983.0
278280,천보,CFS,346418839285.0,439441987127.0,249479318877.0,148425084497.0,598798898122.0,423815482608.0,362073264475.0,394840441483.0,49361488193.0,84615444384.0,846650521.0,15336021813.0,-5152346927.0,19020234849.0
278650,HLB바이오스텝,CFS,86076393809.0,112423720125.0,59968482185.0,12775215355.0,66301484614.0,99984345850.0,103673702909.0,72202293454.0,10947501550.0,22324258589.0,-1681884901.0,-588860519.0,-1547941114.0,-1190409058.0
279600,미디어젠,CFS,7857951397.0,14147624065.0,3223606152.0,3414372893.0,13356334042.0,14197936311.0,11101699424.0,16575641366.0,3455468597.0,4959311561.0,-1116742612.0,320855668.0,-1203453582.0,566614802.0
281740,레이크머티리얼즈,CFS,121223038211.0,86395353501.0,107074777359.0,76900458193.0,188274795745.0,126727506348.0,104208402885.0,86782630448.0,26856847064.0,32257861944.0,4058127234.0,8178001929.0,4395274662.0,7089696056.0
282720,금양그린파워,CFS,131253902124.0,102756750990.0,52066302037.0,51505316808.0,59078820002.0,57691200244.0,96192393002.0,60658007158.0,51454075769.0,64907373716.0,4433553271.0,1979692623.0,9436917506.0,996347214.0
282880,코윈테크,CFS,236285675540.0,251294230663.0,107820677800.0,146434586358.0,115556268115.0,157112116469.0,235126266738.0,186701873109.0,81180721989.0,49148445485.0,4846523927.0,1283758207.0,6007278821.0,2144438153.0
284620,카이노스메드,CFS,20202858508.0,31235523734.0,5948164626.0,8677519321.0,6080817976.0,9065658287.0,18512175034.0,29916822398.0,50570446.0,42957151.0,-4511337772.0,-2790946874.0,-3864194754.0,-1388489596.0
285490,노바텍,CFS,131143519914.0,109879803155.0,7190637824.0,9413232490.0,11651753619.0,12741141344.0,158416329974.0,132861196407.0,31938564059.0,26603913346.0,9574910025.0,7510246837.0,10157361839.0,4594737338.0
285800,진영,CFS,19163656141.0,14417593167.0,8774599240.0,14084299874.0,10053082431.0,26084636827.0,41509846292.0,21422801767.0,7678282800.0,9584548659.0,-994665783.0,1001013003.0,-817526883.0,831087804.0
286750,나노실리칸첨단소재,CFS,10266971482.0,15900881855.0,14107415366.0,16650563627.0,15637384074.0,17991578184.0,13450804961.0,10144094974.0,1180699971.0,3500422009.0,-783790689.0,12248323.0,-929131387.0,-186849912.0
287840,인투셀,,,,,,,,,,,,,,,
288180,케이피항공산업,,,,,,,,,,,,,,,
288330,파라택시스코리아,CFS,31547792140.0,54956573470.0,7446339495.0,7494364094.0,9289890198.0,9590117207.0,32397641205.0,51865109155.0,,,-8179022625.0,-10910290233.0,-8010129808.0,-10747989749.0
288620,에스프리즘,CFS,131950280664.0,127812620669.0,54359691521.0,53750957276.0,79391062231.0,82702817085.0,71261149151.0,70405985825.0,7084581859.0,14375421617.0,-357250887.0,787766218.0,-673673434.0,495855787.0
288980,모아데이타,CFS,40665059466.0,32968261079.0,35649895433.0,18076704606.0,36718365423.0,18733855692.0,36443095310.0,37074727750.0,4782151160.0,4775760000.0,-886074592.0,238645072.0,-1264719583.0,61321468.0
289010,아이스크림에듀,CFS,49296702446.0,49125185211.0,16801661421.0,20621279622.0,42172145448.0,25451275599.0,57173203827.0,67239469773.0,28118559981.0,31551200463.0,-2551561711.0,2070621731.0,-3025279677.0,1796534026.0
289080,SV인베스트먼트,CFS,,,,,19806724531.0,7253023195.0,71228519145.0,70359626436.0,5393834262.0,3857854497.0,,,45236723.0,-1271282146.0
289220,자이언트스텝,CFS,65228555067.0,87360365458.0,15720001095.0,14898451184.0,22761135181.0,23324552269.0,105144081641.0,122964192647.0,8402513658.0,11008652279.0,-6349994691.0,-5459384877.0,-5628813483.0,-4645427196.0
289930,웨이비스,,,,,,,,,,,,,,,
290090,트윔,CFS,48284441697.0,47509941913.0,14199506543.0,7108487315.0,14705831408.0,7274329573.0,63807633069.0,65986977497.0,3107239275.0,3784752947.0,-245243236.0,-69945763.0,291919681.0,1593954877.0
290120,DH오토리드,CFS,100121950126.0,127434590757.0,124525735204.0,100533295355.0,140836221748.0,144521253816.0,95934055601.0,88410658548.0,55725414405.0,58780686753.0,6373709814.0,4115149682.0,4366090169.0,8971550314.0
290270,휴네시온,CFS,19934636943.0,20564072072.0,4498343544.0,6266268514.0,4680751201.0,6632197869.0,35421627572.0,35930458173.0,6820649958.0,6142611774.0,191570250.0,538575264.0,361395562.0,1019522213.0
290520,신도기연,CFS,39564087341.0,42318797796.0,7312663875.0,10228607367.0,7837413974.0,10862378601.0,61736511379.0,61576817570.0,6724868351.0,6181162008.0,-3010204515.0,-754954626.0,-1467915492.0,3949883077.0
290550,디케이티,CFS,150184532721.0,135183325378.0,56139758486.0,68873854791.0,87240212082.0,99251705735.0,131907546883.0,100797285717.0,67661849343.0,101011854593.0,5012509331.0,6034370120.0,3242197577.0,5062779986.0
290560,파라택시스이더리움,CFS,7127105683.0,9974847632.0,1454980928.0,4977915169.0,1744041433.0,5278412143.0,12687523576.0,12037764183.0,1708857531.0,1773082939.0,-171709116.0,372356859.0,-97370386.0,560013804.0
290650,엘앤씨바이오,CFS,160312410323.0,64283982666.0,98206493349.0,18738036312.0,108149549936.0,91903982601.0,158392465602.0,107821180109.0,20558526678.0,12787174044.0,4753313862.0,2174007107.0,49365366829.0,200218389.0
290660,다이나믹솔루션,CFS,26577910264.0,12736862844.0,41629770752.0,28908318850.0,50411071252.0,40796743939.0,12171919648.0,9573827098.0,6740190527.0,5000291108.0,-299675891.0,-2419684480.0,-144657346.0,-2609499142.0
290670,대보마그네틱,CFS,44102305584.0,68525515752.0,19259335744.0,19281569848.0,20868440025.0,21304632203.0,80729898322.0,79648536057.0,9466278372.0,28977175482.0,98887315.0,5163657021.0,192326889.0,4194115371.0
290690,소룩스,CFS,23740670141.0,29648327383.0,66430250151.0,23852496188.0,66825502478.0,25071397259.0,54000084457.0,43339328178.0,14783237209.0,15695843776.0,-173503448.0,-428638937.0,-2212865247.0,-501650367.0
290720,푸드나무,CFS,53438796388.0,52203455300.0,51098635148.0,47625488483.0,76038514655.0,58061049079.0,35187760540.0,47872922465.0,52106035688.0,57531619189.0,-2666607689.0,126243845.0,-3579703995.0,-270373209.0
290740,액트로,CFS,50306779708.0,47562831428.0,28644074366.0,25851242854.0,31727061002.0,28384312497.0,66477812449.0,63629879021.0,37877223569.0,34136254388.0,1086449396.0,-1347637018.0,1439451646.0,1078183937.0
291230,엔피,CFS,14638375252.0,11948816745.0,21166952808.0,20051397409.0,21771815057.0,20188786253.0,35060280998.0,34413394639.0,10762419764.0,12330553749.0,613343604.0,54259290.0,429903734.0,54534521.0
291650,압타머사이언스,CFS,28760812969.0,37964324879.0,3235985624.0,2537725210.0,18643540506.0,16422509644.0,17793544081.0,29222836935.0,16513690.0,53510745.0,-4020962622.0,-1338406876.0,-4126310707.0,-1242583867.0
291810,핀텔,CFS,21980565728.0,24580949155.0,4227041482.0,5522942010.0,5097826339.0,6397752925.0,20813872512.0,20694575883.0,926519536.0,1646367663.0,-1060825972.0,-1211588996.0,-759706636.0,-1265859776.0
293490,카카오게임즈,CFS,1041522060013.0,1057386586545.0,721344737756.0,266999791328.0,1863545352083.0,1859048360222.0,1989659061125.0,2014893197778.0,,,22562510024.0,43727853262.0,3704279319.0,11277047979.0
293580,나우IB,CFS,,,,,52888457083.0,49279336309.0,94233410679.0,93735745176.0,3158885599.0,2734196744.0,,,631563953.0,65671963.0
293780,압타바이오,CFS,71996651674.0,20419014895.0,3279343773.0,1040016820.0,36889109916.0,3744231253.0,64055841170.0,52369500962.0,8386500.0,4774650.0,-4213642380.0,-2296816468.0,-4169463746.0,-2013374533.0
294090,이오플로우,CFS,76050214791.0,103083886500.0,15009782754.0,38772334093.0,58801251483.0,53522475510.0,92344638061.0,98727957573.0,2388194267.0,3481260785.0,-8011849209.0,-8115284143.0,-12332045437.0,-5524779206.0
294140,레몬,CFS,3960208652.0,11915096872.0,12262400550.0,11797067101.0,15949753878.0,15954992797.0,2909254974.0,11797581144.0,2940096959.0,13336414474.0,-2466323820.0,-975262110.0,-2520986892.0,-614225282.0
294570,쿠콘,CFS,112759088900.0,86708282490.0,74287822499.0,50345752899.0,83918370679.0,52794389909.0,136357063016.0,129406692943.0,17325004036.0,17011159492.0,4482998220.0,5219766162.0,3016615503.0,2814518561.0
294630,서남,CFS,9712324701.0,9062023374.0,4926437861.0,8793405524.0,5990206831.0,9758454656.0,11816921916.0,7904220524.0,1892151171.0,1234618474.0,-1170476125.0,-1297102440.0,-7094215471.0,-1303549135.0
295310,에이치브이엠,,,,,,,,,,,,,,,
296640,이노에이엑스,CFS,20038914442.0,21376081325.0,2172764728.0,2756692462.0,3039454143.0,3392731440.0,30249694955.0,31344568676.0,3880607017.0,3955247514.0,-236967166.0,46442970.0,-25839840.0,93052058.0
297090,씨에스베어링,CFS,75613819113.0,82338178684.0,57411430833.0,64709371342.0,58892216681.0,68769971936.0,89002850898.0,87124252500.0,15359912125.0,7978388568.0,-1321115058.0,-2557644992.0,-2240354664.0,-9704996157.0
297570,아틀라스링크,CFS,32177885310.0,38238371431.0,11276416960.0,9791424009.0,11423432440.0,10345495068.0,34265291930.0,31254040556.0,5834439982.0,5189071755.0,1167738861.0,419972851.0,1099822540.0,898609626.0
297890,HB솔루션,CFS,123037995105.0,118475153658.0,51424118168.0,70224669663.0,60732375184.0,71547088288.0,202880765425.0,142997995882.0,19294352664.0,39983611868.0,2553302701.0,4228929158.0,6139600968.0,9041274592.0
298060,풍전약품,CFS,16620578563.0,10039817126.0,1510568007.0,4562237132.0,5279888739.0,8508993786.0,27636951155.0,24510961512.0,284568091.0,78995060.0,-3578172427.0,-3589734001.0,-6171705753.0,-5741370057.0
298380,에이비엘바이오,CFS,95042952543.0,80534636534.0,87649806391.0,72172317167.0,89026588843.0,115667312852.0,85672793494.0,69513282788.0,8570734019.0,38378288250.0,-5194289002.0,24992501394.0,-4109450708.0,27449056276.0
298540,더네이쳐홀딩스,CFS,294437990325.0,246767543034.0,272540371555.0,223337629971.0,302071761595.0,247635672808.0,343195146524.0,319506982784.0,101598105921.0,95853026188.0,5123430739.0,11100498107.0,2527108713.0,9439399619.0
298830,슈어소프트테크,CFS,76920780585.0,51055841418.0,46691056535.0,28855611066.0,84774617949.0,42205293950.0,84269376667.0,56609781878.0,,,2224763535.0,2755302792.0,2350398620.0,3060600250.0
299030,하나기술,CFS,128087652551.0,110297632963.0,111715136597.0,78628899901.0,145774693565.0,159601940660.0,112305390566.0,72641590152.0,21154834985.0,9663815228.0,-4003976548.0,1105066474.0,-1334134676.0,2264675760.0
299170,더블유에스아이,CFS,23303815449.0,41085551254.0,18476182641.0,17503261867.0,20895307419.0,19380322964.0,40035598408.0,38084330544.0,7873811877.0,7011435720.0,746908287.0,1166437935.0,118263324.0,1083800102.0
299660,셀리드,CFS,22690726626.0,20977751045.0,12824804991.0,20539210401.0,21273306922.0,23418501954.0,29994359203.0,22438888800.0,0.0,0.0,-2869522684.0,-3991349607.0,-3072985605.0,-4574405918.0
299900,위지윅스튜디오,CFS,151689683769.0,149696617253.0,135660471403.0,129802332817.0,146495695382.0,140948468189.0,275047405784.0,245602149240.0,37801779319.0,43954522710.0,-8289885897.0,-1614642376.0,5044558232.0,1861081588.0
300080,플리토,CFS,20402326009.0,21893010836.0,12584319840.0,10778291623.0,15452887378.0,12776346891.0,8176881656.0,11991359341.0,5756727387.0,3226509076.0,-708656487.0,-1567480567.0,-886250504.0,-1684191590.0
300120,라온피플,CFS,57210484246.0,72604996896.0,33121676588.0,32846251055.0,33751778001.0,33286018580.0,46640032287.0,54777429519.0,1648392848.0,5566744930.0,-3064086574.0,381031330.0,-2907875977.0,361388112.0
301300,바이브컴퍼니,CFS,24724222475.0,34542892271.0,48242222131.0,62304565253.0,64404926941.0,81899807792.0,56097952981.0,12800237498.0,7404556369.0,8970138392.0,-2125974455.0,-2323138527.0,-2724766161.0,-4063949134.0
302430,이노메트리,CFS,66975350769.0,60000967797.0,26991657697.0,23852699844.0,27168480082.0,24265931831.0,61500625313.0,55752506440.0,20334577894.0,22114607035.0,2703436099.0,1683200358.0,2735468126.0,2670328614.0
302550,리메드,CFS,22567158792.0,42186845586.0,21282047116.0,43398427282.0,28945975570.0,48123310478.0,30533908942.0,30001934104.0,4167141692.0,6265480771.0,-1092594946.0,936511430.0,985836657.0,1652755515.0
303030,지니틱스,CFS,22646503877.0,24427168890.0,11026277845.0,7877771015.0,12747095313.0,9064217785.0,16966350220.0,21868608213.0,7901513448.0,7182154746.0,-1182227444.0,-283570517.0,-1182814704.0,-676195862.0
303360,프로티아,CFS,17198652751.0,10554270874.0,1373979073.0,1043814546.0,1725337946.0,1420097255.0,23521291444.0,15989349336.0,2075754130.0,2156025660.0,272987868.0,463136389.0,465235725.0,687182783.0
303530,이노뎁,CFS,33196622658.0,37589803018.0,15847215122.0,13713158903.0,18167243616.0,16298504381.0,34508248623.0,39261736614.0,17361851438.0,12893108498.0,-1110262647.0,-2099203194.0,-1009262919.0,-1823231070.0
303810,동국생명과학,,,,,,,,,,,,,,,
304100,솔트룩스,CFS,56096996198.0,48279457123.0,29083554506.0,32846007766.0,29507033409.0,33776449726.0,53964458796.0,44928075355.0,,,-2182686003.0,-556212763.0,-2087969357.0,-819435427.0
304360,에스바이오메딕스,CFS,19526225971.0,11201110668.0,9304270641.0,11830730160.0,21302647835.0,23322795809.0,13821497600.0,1035029321.0,2256826517.0,3497646712.0,-2083013906.0,-2380042013.0,-1869878205.0,-1996688172.0
304840,피플바이오,CFS,13958758855.0,29341335722.0,23256586634.0,32836348568.0,26835336695.0,36391779973.0,267582006.0,5923910166.0,1048346475.0,1559808276.0,-3411905463.0,-2075912968.0,-3963255624.0,-3118805054.0
305090,마이크로디지탈,CFS,13880924266.0,16961862571.0,14662023064.0,16635795090.0,20994294293.0,22970945975.0,4677998798.0,5436597593.0,3169781591.0,1238440212.0,612769816.0,-1943055363.0,174257660.0,-2132719090.0
306040,에스제이그룹,CFS,124330927156.0,123383414691.0,45066999598.0,48329644148.0,69128125207.0,68616718705.0,135206951295.0,127902597159.0,43578827107.0,43983260256.0,766524950.0,5976412034.0,980628302.0,4877192198.0
306620,지아이에스,CFS,132020034771.0,40350057962.0,135121142536.0,35852449709.0,143805773105.0,45453742539.0,58607860000.0,45073269861.0,29974391052.0,12482410951.0,2845652401.0,-1525786626.0,1684541970.0,-869042828.0
307180,아이엘,CFS,48776183119.0,31434846380.0,63240355930.0,40247600818.0,67950344440.0,49526338441.0,22300184551.0,23256020360.0,8332912097.0,13440047936.0,-3881588532.0,381186840.0,-4171780204.0,-139428840.0
307280,원바이오젠,CFS,19809500372.0,18203675535.0,9592769015.0,11582537570.0,10195796282.0,12106993289.0,30990165758.0,26825582923.0,6951468103.0,6842752070.0,1619976261.0,1695158801.0,641617429.0,1563399757.0
307750,국전,CFS,122202282903.0,142893236766.0,105161249888.0,70691339137.0,125030212620.0,103774196397.0,93963467674.0,92323186876.0,30145348156.0,27365903421.0,1234812782.0,-327475645.0,-1291761307.0,-1473603225.0
307870,비투엔,CFS,15454432533.0,26411892434.0,12270486487.0,15473847761.0,12522654702.0,22513922593.0,20260752065.0,17176433609.0,7525047298.0,6960997135.0,-262319417.0,323995239.0,-4738332471.0,155642814.0
307930,컴퍼니케이,CFS,,,,,7269448721.0,9404011339.0,81685795653.0,77348406118.0,4025997112.0,2923200882.0,,,1791329448.0,-194714502.0
308080,바이젠셀,CFS,59824620434.0,69891681774.0,8230003670.0,8353009264.0,9988196497.0,9730646291.0,77218863517.0,89642714054.0,0.0,0.0,-4466179588.0,-4868976785.0,-3178040444.0,-4507537594.0
308100,형지글로벌,CFS,55888376403.0,55479655530.0,25269204927.0,41694715270.0,49871508277.0,57975258372.0,60989730067.0,60901731925.0,10292610956.0,13228116886.0,-296138562.0,-2842638071.0,,
308430,셀비온,,,,,,,,,,,,,,,
309710,아이티켐,,,,,,,,,,,,,,,
309930,조이웍스앤코,CFS,31158593945.0,29532579130.0,8242535315.0,6290943693.0,14590215619.0,13915127835.0,29507340215.0,28067549251.0,10901127450.0,7739075602.0,269115806.0,201098465.0,246204494.0,249824986.0
309960,LB인베스트먼트,CFS,34007464048.0,13452623368.0,3843123953.0,1390296877.0,10888965278.0,8763227175.0,113937765494.0,94463381744.0,5280977952.0,9788865324.0,1528156678.0,6086651132.0,982669333.0,4663385693.0
310200,애니플러스,CFS,63058404001.0,54351714981.0,51735500469.0,43190243384.0,109388908051.0,61008563067.0,94567894352.0,80523250987.0,38916960617.0,15118216399.0,7487895050.0,4741793546.0,521605681.0,1844040367.0
310210,보로노이,CFS,72127385629.0,49157797317.0,13945065589.0,13815861592.0,14926591371.0,29691863522.0,92141766218.0,34258167614.0,0.0,7354374139.0,-6633855404.0,1062535493.0,-6624437329.0,1490384565.0
310870,디와이씨,CFS,61165868819.0,66813406120.0,50415482982.0,51421103774.0,60205098440.0,71532980881.0,50242284040.0,46482315885.0,30570023362.0,33161370506.0,2877162607.0,4079011593.0,1609144318.0,489932237.0
311320,지오엘리먼트,CFS,34427700632.0,38301361518.0,2457867017.0,3283492290.0,3521023078.0,4234946191.0,48844910377.0,48875613907.0,3547443715.0,6794373021.0,-208261154.0,1443255371.0,58445212.0,1469720240.0
311390,네오크레마,CFS,42103088446.0,37812802184.0,33522431966.0,27868336784.0,35266108751.0,29630647805.0,40026265583.0,48745759688.0,6118133527.0,6532753841.0,-315496462.0,596855218.0,-218680307.0,837130301.0
311690,CJ 바이오사이언스,CFS,40309908714.0,50931897914.0,13615303866.0,34978585750.0,20137436404.0,41733747323.0,69929346993.0,49655411562.0,1676201595.0,1211557646.0,-7979892366.0,-8388915492.0,-7812190585.0,-8821553142.0
312610,에이에프더블류,CFS,34055118640.0,46071768365.0,1900331661.0,1439646349.0,3036326624.0,1460646349.0,64660139203.0,65957631315.0,4569706734.0,831769940.0,-380890058.0,-1283612258.0,-158230206.0,-761280860.0
313760,캐리,CFS,25544150988.0,31357925768.0,19103764460.0,15572978546.0,19671311468.0,16444473865.0,20456559186.0,29859457395.0,3329542128.0,35703254565.0,-2760273054.0,439977604.0,-3047774395.0,725387566.0
314130,지놈앤컴퍼니,CFS,112532835377.0,116909349345.0,28856737277.0,11140609039.0,49541144600.0,22452264197.0,130989854105.0,150544411899.0,4457727159.0,4892829847.0,-10538987197.0,-12726507110.0,-9595115813.0,-13051954421.0
314140,알피바이오,CFS,80731990212.0,81043297546.0,67024426416.0,78630256720.0,72180889277.0,82021315914.0,103782665586.0,91136602083.0,,,3656469321.0,2153491916.0,3250688604.0,1666063171.0
314930,바이오다인,CFS,22209313035.0,22914545138.0,411320003.0,1253613515.0,411320003.0,1255398594.0,43951224241.0,44158788596.0,1144856707.0,1421679645.0,-611198847.0,-123154264.0,-270912684.0,336794660.0
315640,딥노이드,CFS,7322209776.0,11753582331.0,3743204118.0,2902459343.0,5580194822.0,4560953361.0,4705994698.0,9966348823.0,493468503.0,922528449.0,-1669607118.0,-1189487764.0,-1610768772.0,-1067869075.0
317120,라닉스,CFS,13303645365.0,17405707598.0,6915787529.0,27534541939.0,19361101193.0,27652712250.0,13077276453.0,14321987349.0,2754739947.0,3023216569.0,-782901801.0,-253743374.0,305657201.0,-750528937.0
317240,TS트릴리온,CFS,9773030724.0,13069962461.0,47512079864.0,49464241084.0,47680266266.0,50882427486.0,27933564054.0,17434198840.0,10560750598.0,16705048890.0,154676475.0,-544218740.0,-302892002.0,647319408.0
317330,덕산테코피아,CFS,137034220113.0,71435629813.0,126113159046.0,17199914096.0,286679711803.0,95240671629.0,195138928952.0,203286055415.0,20781062104.0,23063188662.0,-2850813851.0,1131405226.0,-7709342318.0,1658495820.0
317530,에피소드컴퍼니,CFS,4128469208.0,3051861177.0,5317999364.0,2759534587.0,6020001572.0,3839751259.0,7681656149.0,11107254462.0,1885237046.0,2170665774.0,-1242232087.0,-799572529.0,-1488513520.0,-474710010.0
317690,퀀타매트릭스,CFS,19261828488.0,35852540101.0,2642166921.0,4117926160.0,3825255865.0,5717706035.0,24149444168.0,39879484967.0,505777205.0,359540950.0,-5430079009.0,-4660091502.0,-5261204852.0,-4480889501.0
317770,엑스페릭스,CFS,51301795004.0,39755226364.0,3228499729.0,2153786567.0,3461626619.0,2309737042.0,60689944480.0,47931467774.0,3039370166.0,4364807858.0,-295852440.0,1144512954.0,877299062.0,1366616091.0
317830,에스피시스템스,CFS,60057665692.0,39808104657.0,26210838634.0,23634449109.0,32410730603.0,29523529532.0,69729721198.0,50480490379.0,17128970796.0,13548041874.0,555469347.0,1541524426.0,814351768.0,2093440652.0
317850,대모,CFS,31836975350.0,33538487705.0,10925891138.0,12189671565.0,19458016017.0,22061585042.0,47754856183.0,47558975848.0,9088775994.0,13594578019.0,-1120043851.0,496974549.0,-807156709.0,752757509.0
317870,엔바이오니아,CFS,29401303983.0,17614035574.0,14828068613.0,13350063874.0,22195031719.0,19007178362.0,40162926201.0,20978622994.0,3072369402.0,2621379525.0,-400005019.0,-557788779.0,-389904321.0,-642425237.0
318000,KBG,CFS,27664218301.0,26199302396.0,,7612594924.0,4292737308.0,8128342221.0,41336803257.0,34945813884.0,5453577360.0,6285686022.0,1273761752.0,1121323916.0,1217478077.0,1387810742.0
318010,팜스빌,CFS,44332058150.0,47798455871.0,5493330697.0,6932585391.0,7735648212.0,12168103254.0,64560334601.0,62666751601.0,5363534778.0,7123023096.0,832593214.0,1541471929.0,969567495.0,1538976369.0
318020,포인트모바일,CFS,46863197549.0,54655330783.0,19238755434.0,31431934798.0,20469905509.0,33940295218.0,46734570729.0,42167900624.0,15396039311.0,36619737322.0,2542569703.0,8496724725.0,216630333.0,9345485884.0
318060,그래피,,,,,,,,,,,,,,,
318160,셀바이오휴먼텍,CFS,27197113233.0,19935542297.0,7674799889.0,13705590104.0,7735977765.0,13834709667.0,45416209412.0,32147113023.0,7101241597.0,8178641587.0,1376528518.0,993676502.0,432537051.0,2328869581.0
318410,비비씨,CFS,46159679068.0,43746960570.0,8106975395.0,6534051838.0,11897846421.0,10843296801.0,74346343512.0,72837707754.0,14008390987.0,11193688971.0,1178560592.0,403168072.0,930134671.0,1219721752.0
319400,현대무벡스,CFS,131481964374.0,136785072621.0,47655235865.0,48651535920.0,60683742061.0,64868050893.0,155555543861.0,154581325900.0,77072924249.0,52888908248.0,5225390226.0,2445619523.0,4436099178.0,5067048352.0
319660,피에스케이,CFS,381058611901.0,383950967173.0,102157802171.0,100917650989.0,118156903008.0,119341821898.0,376014021474.0,353307517966.0,93981377983.0,142066261598.0,25455503183.0,45300454516.0,19974058790.0,38733182160.0
320000,한울반도체,CFS,31639459358.0,20020361872.0,6749677748.0,5651118859.0,19417395046.0,6013231953.0,22921899771.0,22722871332.0,5161377840.0,4280198091.0,477863405.0,595583512.0,262169064.0,721131725.0
321260,프로이천,CFS,35870207208.0,26256897608.0,8463301507.0,3410323339.0,8913247329.0,3923446731.0,36479422414.0,32650843160.0,7841153775.0,8053007589.0,237112153.0,61293272.0,1338866418.0,1813360358.0
321370,센서뷰,CFS,15870421374.0,9757180166.0,6906679248.0,5977655205.0,12775031891.0,12218866029.0,19093969496.0,14196041306.0,1656233660.0,1577451301.0,-5561360135.0,-3938229920.0,-5574227831.0,-3882138097.0
321550,티움바이오,CFS,19837520444.0,40294599146.0,23245392640.0,30109893342.0,52013242487.0,33972065374.0,37406265707.0,62286700446.0,,,-6261062074.0,-4681334280.0,-131746318.0,-4754530614.0
321820,아티스트컴퍼니,CFS,33373235105.0,39319605929.0,41351734906.0,9177917441.0,41973009127.0,41554710295.0,1603359864.0,7426354136.0,5432661470.0,7180686338.0,-688689403.0,-207675543.0,-1453295451.0,-3027790706.0
322180,LS티라유텍,CFS,23309682928.0,14543946126.0,25100063668.0,11640553081.0,37269483279.0,17959814589.0,14570106512.0,17839772694.0,17228283309.0,9262261096.0,-1372175885.0,-24919286.0,-1766540291.0,-198191994.0
322310,오로스테크놀로지,CFS,38899579896.0,41820543441.0,12134596531.0,5473247684.0,16294312104.0,8629170756.0,58908569811.0,61072760822.0,12729496390.0,6854601452.0,2756933238.0,-1035642297.0,3315736390.0,-359513902.0
322510,제이엘케이,CFS,8592948975.0,8851869757.0,1476906781.0,1605699637.0,22019281201.0,19731533964.0,13125164651.0,16599264053.0,235130693.0,831837831.0,-2250738220.0,-1803327581.0,-2426503308.0,-1885648615.0
322780,코퍼스코리아,CFS,49313211957.0,65997546273.0,73539006669.0,90118296271.0,76101968524.0,92691796475.0,58751141541.0,47607303925.0,16496665161.0,7307575274.0,-1844963073.0,2829360991.0,-1722796661.0,2739331198.0
323280,태성,CFS,23585285225.0,33019541683.0,16298352340.0,22165407856.0,17643766552.0,23440639577.0,31661373244.0,32393504296.0,5088226747.0,11953476138.0,-821574930.0,1256113003.0,-768760990.0,1992814001.0
323350,다원넥스뷰,,,,,,,,,,,,,,,
323990,박셀바이오,CFS,13585098713.0,20898449206.0,518976365.0,307041990.0,1146461334.0,835777840.0,15955871006.0,23327267446.0,,,-3093739244.0,-2039148070.0,-2813996851.0,-1679281848.0
327260,RF머트리얼즈,CFS,64997236553.0,56185011843.0,26773070598.0,25404022333.0,43394728545.0,43075468739.0,55105141134.0,52836962007.0,9130695221.0,12339264885.0,-1230227580.0,256257065.0,-1316957961.0,654291435.0
328130,루닛,CFS,46105667458.0,68050191900.0,7712602430.0,9446098952.0,27470799727.0,28243417093.0,48470564940.0,68909657614.0,3266774853.0,4445637293.0,-12023582245.0,-9837659784.0,-11729620752.0,-17265691142.0
328380,솔트웨어,CFS,33423777147.0,25222722631.0,18347680053.0,6053890931.0,20435337941.0,13241665123.0,22180769449.0,20014179693.0,13947956464.0,7264668477.0,45747637.0,-263873318.0,137146358.0,-5049501854.0
330350,위더스제약,CFS,55029354868.0,59450729531.0,28173341997.0,25572492936.0,36197273274.0,36358643311.0,87904110380.0,83036153600.0,20172196926.0,16991069953.0,2326521000.0,2290726410.0,2789669849.0,1131563556.0
330730,스톤브릿지벤처스,CFS,18469305806.0,31905062193.0,4774891315.0,7279881821.0,9341256387.0,12225401185.0,89103514113.0,85850507581.0,4788121134.0,7462889269.0,2057530937.0,4234187752.0,2090399297.0,3604447428.0
330860,네패스아크,CFS,108294787710.0,104719262766.0,59224037993.0,58754501773.0,185039498665.0,201529785315.0,245480134984.0,256438481660.0,30998703498.0,39162239505.0,-2534958093.0,4266090085.0,-3114693341.0,5882308375.0
331380,포커스에이아이,CFS,24973352149.0,27107995815.0,13568794018.0,12119837609.0,13790190308.0,16696898139.0,22248440212.0,20876395272.0,13683237251.0,17510717533.0,153537811.0,308671722.0,252652312.0,318412823.0
331520,밸로프,CFS,36519128421.0,30228108481.0,13997934382.0,5272691866.0,14079475619.0,6816293397.0,29529843129.0,24757906388.0,9699510730.0,9193693566.0,-184756091.0,1547089843.0,244696080.0,2325045976.0
331740,아우토크립트,,,,,,,,,,,,,,,
331920,셀레믹스,CFS,14005600395.0,15612825733.0,1985475654.0,2644840140.0,2708668159.0,3622193431.0,14411007508.0,18589235384.0,1428110577.0,2172986645.0,-1485243652.0,-1827317039.0,-1331992477.0,-1579970400.0
332290,누보,CFS,53514341715.0,53810590681.0,34998911870.0,32493871380.0,59350406529.0,53640844439.0,25707947418.0,28233362516.0,17781208992.0,15926140505.0,-574418063.0,-917709038.0,-830997927.0,-63698181.0
332370,아이디피,CFS,52164268327.0,50516379212.0,4779792024.0,6709057490.0,4861600950.0,6889343040.0,54295252684.0,50797071455.0,8455392531.0,12054591130.0,1226732860.0,3925640919.0,1529775789.0,3987094900.0
332570,PS일렉트로닉스,CFS,112317591380.0,103313330256.0,57217405384.0,53134905734.0,64180153486.0,56653911695.0,69367826283.0,61977750855.0,14863674487.0,12533916585.0,1294451490.0,1446183569.0,1503795358.0,-4704370140.0
333050,이노테나,CFS,24018748073.0,24982284845.0,5378418265.0,6611152234.0,5629446952.0,8123881472.0,20649340864.0,18886542117.0,5374069678.0,5136010383.0,-17401137.0,319496625.0,125650027.0,-2878943006.0
333430,일승,CFS,31817983968.0,34265952507.0,18976956717.0,22604778928.0,36327434088.0,41084320941.0,64939688372.0,62849591377.0,9753721983.0,17264060682.0,-217681397.0,2691036824.0,-17915018.0,2648512888.0
333620,엔시스,CFS,49528258416.0,43911124570.0,19448149933.0,16333318792.0,31770198138.0,27890895743.0,57336446683.0,55813247663.0,13413528180.0,7748296429.0,34450131.0,44756185.0,165056171.0,830717313.0
334970,프레스티지바이오로직스,,,,,,,,,,,,,,,
335810,프리시젼바이오,CFS,16494168819.0,20770897188.0,22032904523.0,20041437984.0,29175148138.0,25634437507.0,31773924445.0,33375101374.0,3661816579.0,3976890327.0,-1413570002.0,-1825634327.0,-1348997488.0,-2173691812.0
335870,윙스풋,CFS,26191007535.0,31549016438.0,13861793050.0,19047735173.0,15454109460.0,21609776835.0,26210678512.0,25459035888.0,9991512394.0,11183881637.0,10191698.0,288675216.0,-50793323.0,34017925.0
336060,웨이버스,CFS,34923797479.0,24677831424.0,11544948263.0,11252822018.0,11902027963.0,12667727975.0,32664580549.0,26855054897.0,10664601434.0,8568730312.0,1624206559.0,996299828.0,2021777743.0,1838171789.0
336570,원텍,CFS,127954741117.0,63131057709.0,30342781728.0,11666685222.0,53540275516.0,16734885777.0,90149928466.0,57055511316.0,26380805958.0,20408280123.0,9532282428.0,7979348880.0,8721626924.0,8954233645.0
336680,탑런토탈솔루션,,,,,,,,,,,,,,,
337930,젝시믹스,CFS,95972759849.0,80787048702.0,37560684451.0,30918790768.0,43857302892.0,32892024021.0,90500078058.0,81331020824.0,59367127862.0,53891076198.0,3902442288.0,4830461879.0,2431366022.0,4219973877.0
338220,뷰노,CFS,18754525280.0,23287496480.0,14413140428.0,13552617117.0,16936813153.0,16685812857.0,9805176976.0,18691886482.0,3568168036.0,834599420.0,-2136875112.0,-4643269638.0,-2255854375.0,-4598294396.0
338840,와이바이오로직스,CFS,11116567002.0,18033782089.0,10866102348.0,16195420397.0,12192447636.0,17029482330.0,7771885186.0,12293166565.0,2006839488.0,1063945745.0,-842259784.0,-3768048276.0,-540086682.0,-3793612154.0
339950,아이비김영,CFS,37957251926.0,24227803212.0,35089788428.0,30328760640.0,42666537859.0,39956476494.0,39458269372.0,35656233380.0,28239018606.0,25547725392.0,6034700784.0,4078838318.0,4385981199.0,2742685463.0
340360,다보링크,CFS,34781360629.0,31041582094.0,22586604399.0,17338323463.0,22631909401.0,17555076010.0,15967386842.0,17587466887.0,18562893555.0,14892860305.0,-482088537.0,-183822134.0,-878690402.0,-1454224303.0
340440,세림B&G,CFS,28300526458.0,25769751585.0,12172303615.0,14772015717.0,16225042388.0,16579543159.0,32052386256.0,29215342319.0,16348100298.0,14028054371.0,1369844974.0,572422544.0,1178613925.0,585674376.0
340450,지씨지놈,,,,,,,,,,,,,,,
340570,티앤엘,CFS,72758609327.0,58811713798.0,12098454926.0,9731422918.0,13751945232.0,10924859570.0,128026939121.0,106072409874.0,30027905481.0,20462874904.0,8434891553.0,6108899430.0,7650263573.0,5497277378.0
340810,시선AI,CFS,36071932842.0,23484754615.0,29976508883.0,31256681593.0,31451474957.0,33111162793.0,22069545839.0,4070403235.0,3171109083.0,5195040735.0,-2203116796.0,-1066932401.0,-2447402201.0,1207086973.0
340930,성원에너텍,CFS,57665601822.0,62302548122.0,66636300327.0,72074613787.0,96401352737.0,96516358436.0,65848073377.0,59486869578.0,3395841347.0,15581638105.0,-761152569.0,773905475.0,-1852525250.0,1627395532.0
342870,오아,,,,,,,,,,,,,,,
344860,이노진,CFS,15764808024.0,6215981822.0,1875023986.0,1175272751.0,1919042774.0,1205076646.0,15590138334.0,6744403464.0,2115196324.0,2289995217.0,293651888.0,397514524.0,343104235.0,332118156.0
347000,센코,CFS,28747435807.0,43655909735.0,21478397617.0,28809429183.0,25999429214.0,33207786038.0,40863533384.0,43576166826.0,7659100470.0,7817763095.0,16366140.0,555485219.0,-180173041.0,995288644.0
347700,스피어,CFS,13254156092.0,17003308786.0,15736707525.0,14505248580.0,17525263980.0,16562624384.0,1626056698.0,9571359364.0,1483536378.0,374271797.0,-2875908585.0,-992339458.0,,
347740,피엔케이피부임상연구센타,CFS,52714160873.0,60359087839.0,2479029175.0,3084884256.0,3102211337.0,3732286119.0,72832917348.0,70807064039.0,3329493958.0,4164942205.0,60278322.0,1058438989.0,902742562.0,1687262499.0
347770,핌스,CFS,40974666372.0,33010493608.0,30622458797.0,27731367527.0,40579244738.0,37365374752.0,61518782382.0,56674353058.0,19327764240.0,21432245764.0,148288596.0,63497955.0,277302387.0,930787481.0
347850,디앤디파마텍,,,,,,,,,,,,,,,
347860,알체라,CFS,31472716229.0,49851515221.0,6671227433.0,6928528806.0,27875681584.0,24544354108.0,11762999828.0,34502168798.0,,,-5975428041.0,-4926089754.0,-9043441533.0,-11026371751.0
347890,엠엑스온,CFS,48795459338.0,50299109400.0,4677935019.0,4846672722.0,6098404599.0,6257830547.0,71490963868.0,73007861342.0,9408291971.0,10973160469.0,2228423708.0,3183245637.0,1898516198.0,2746367326.0
348030,모비릭스,CFS,55712446739.0,56654350585.0,5498938101.0,5796705135.0,6361770847.0,6653438106.0,77707272359.0,79828433134.0,,,1663621883.0,2526024337.0,2224381744.0,2467067774.0
348080,큐라티스,CFS,5406264633.0,11011536585.0,17950436750.0,36549389258.0,30449281069.0,89623819695.0,27587634504.0,-25130841348.0,489959381.0,1024022545.0,-4106095222.0,-7727612928.0,-4428152603.0,-8332889237.0
348150,고바이오랩,CFS,82167010046.0,102478146573.0,20496989121.0,8943561013.0,32997257963.0,28475043065.0,84658570719.0,95454890672.0,7703399004.0,2519280917.0,-3741895387.0,-6049286090.0,-3561419894.0,-4955779617.0
348210,넥스틴,CFS,88856720621.0,99713358310.0,22513692262.0,20210449478.0,24830113139.0,21553973431.0,122833987235.0,99637662260.0,14411402920.0,42378347466.0,5263497396.0,23452735087.0,4756453754.0,20545767965.0
348340,뉴로메카,CFS,62488564114.0,39353412242.0,45864838529.0,4021921416.0,64240221456.0,4103488046.0,32292656295.0,39726633404.0,3089037116.0,1058380711.0,-3528372863.0,-2050469249.0,-3999799028.0,-1761518724.0
348350,위드텍,CFS,96657794583.0,117509697700.0,30206402650.0,37812924135.0,30443335578.0,38010409804.0,113052593188.0,109558778382.0,7455501866.0,14840138464.0,-926432997.0,3680289913.0,16687733.0,3522583122.0
348370,엔켐,CFS,408332053540.0,342244958334.0,481781997047.0,250972696958.0,585316817012.0,386892153320.0,335784012128.0,293357352469.0,110470079880.0,151154361946.0,636249469.0,12406335310.0,6654654296.0,21950551313.0
351320,넥사다이내믹스,CFS,23937187997.0,26844373684.0,13966516075.0,11987696073.0,22925400718.0,21225788607.0,25783474645.0,29424767190.0,3518268932.0,7440892990.0,-1931486746.0,-216669362.0,-1444060255.0,143016511.0
351330,이삭엔지니어링,CFS,59001606283.0,51561748481.0,31216204236.0,21914635485.0,31403570846.0,22073299175.0,47319585489.0,47890617495.0,29313697171.0,10177864886.0,552077736.0,-816382636.0,-45875364.0,-583898311.0
351870,차이커뮤니케이션,,,,,,,,,,,,,,,
352090,스톰테크,,,,,,,,,,,,,,,
352480,씨앤씨인터내셔널,CFS,123771877827.0,101889958594.0,51989281719.0,42648864550.0,53700955445.0,44766027445.0,156865976583.0,134184641726.0,53887670324.0,36106006214.0,6752876805.0,7128896831.0,7254325790.0,8612567717.0
352700,씨앤투스,CFS,76425363435.0,89342893956.0,8156789834.0,16990105872.0,9867743593.0,18105815461.0,164735854524.0,166410351688.0,16499894164.0,33488046480.0,-2130061867.0,4701020154.0,-1185714569.0,3796919768.0
352770,셀레스트라,CFS,43584399698.0,52095097250.0,43633874127.0,36680992466.0,55139435231.0,43907208526.0,60395261498.0,53196755127.0,2667963887.0,2404745150.0,-4311420583.0,-2991174188.0,-5790276223.0,-3478762329.0
352910,오비고,CFS,37277752695.0,35424502385.0,1520949616.0,2271930068.0,3829975472.0,4181636749.0,36824935244.0,35037679222.0,3818354351.0,2991578364.0,-69800286.0,-526429582.0,219356593.0,-520208503.0
352940,인바이오,CFS,,68054744919.0,31714510113.0,39046743089.0,32314983454.0,40871129634.0,45887119136.0,46488480250.0,4508906240.0,8503513107.0,-934848139.0,258657471.0,-1664413179.0,-364249949.0
353190,휴럼,CFS,42235654112.0,33038954849.0,27581595683.0,20272466716.0,32578830839.0,22975936750.0,42397544433.0,36145708321.0,26166206961.0,19409264997.0,1254932314.0,773780557.0,1119520577.0,1062282157.0
353590,오토앤,CFS,53254451594.0,40006506859.0,35921424386.0,21750000996.0,38786602836.0,25486171179.0,29620552859.0,30084148699.0,15191977118.0,12953971103.0,-147357988.0,-552150126.0,-231226624.0,-276785308.0
353810,이지바이오,CFS,126896246829.0,107326896495.0,95909732013.0,85067297629.0,116236899030.0,104999290600.0,60828389372.0,52811116485.0,42665276706.0,40527163442.0,5807383405.0,4526056887.0,3653245817.0,2470400153.0
354200,엔젠바이오,CFS,32975531334.0,43072428011.0,28738166343.0,29000716804.0,30795513583.0,30837407862.0,16024173100.0,25326935662.0,883613288.0,2342798998.0,-3094635359.0,-2210780264.0,-6928779710.0,-2064760980.0
354320,알멕,CFS,166975118952.0,138309168279.0,70064918669.0,91314889514.0,151454206503.0,156654240366.0,148810545948.0,76901108341.0,49418515303.0,41577785079.0,3812102463.0,3539388184.0,14333798516.0,-973566938.0
355150,코스텍시스,CFS,15742959389.0,12733332141.0,4647028978.0,11863748449.0,14640401031.0,25883443964.0,23550498090.0,9434907230.0,2976025108.0,6450284438.0,-598459796.0,1134793945.0,-58830113.0,1157880113.0
355390,크라우드웍스,CFS,25393582982.0,16136898861.0,15970004617.0,13010685756.0,17339252814.0,15024327534.0,14226008494.0,4795865838.0,5177656285.0,4322741353.0,-1810213900.0,-879143017.0,-10329561139.0,-1190302008.0
355690,에이텀,,,,,,,,,,,,,,,
356680,엑스게이트,CFS,31001154209.0,29174944221.0,4172893717.0,10475982618.0,5523786006.0,12134380786.0,35391972355.0,22572964744.0,7726185249.0,5342718718.0,-732212771.0,-1591664482.0,-304032129.0,-1618647127.0
356860,티엘비,CFS,68649843134.0,78336674491.0,34429127991.0,28653241932.0,59180513935.0,52606751208.0,110807462539.0,112315916682.0,39311743072.0,56783057673.0,-1156827358.0,11984930440.0,-1047853756.0,11266961886.0
356890,싸이버원,CFS,22590004651.0,23118493320.0,3713540971.0,3846174218.0,3830862882.0,3895933970.0,35946622953.0,28729917724.0,5434744384.0,5619004768.0,-263932080.0,482235905.0,17509783.0,523923393.0
357230,에이치피오,CFS,97247475996.0,90512523477.0,22552983943.0,17855250814.0,26655222397.0,20756426297.0,185872980586.0,161647916509.0,56000414416.0,48763996823.0,4432472279.0,1648440037.0,3780536027.0,1501323333.0
357550,석경에이티,CFS,21392742504.0,16312256690.0,2531503680.0,1845613431.0,4520280933.0,3573956415.0,35360528975.0,29713218324.0,3627281278.0,3333623208.0,1144782917.0,1353132170.0,1137494783.0,1684410137.0
357580,아모센스,CFS,73043141026.0,56433996672.0,64245267332.0,28020232226.0,73572933816.0,53179263639.0,38638845610.0,37616576305.0,22471541209.0,20133377198.0,987689046.0,1238175061.0,218010866.0,1171407938.0
357780,솔브레인,CFS,497494021959.0,458877300878.0,78974166517.0,127596015859.0,87770268112.0,135667905528.0,896696917954.0,799239312030.0,187371536774.0,276182155970.0,,,28495850032.0,48871523232.0
357880,SKAI,CFS,27320851427.0,40506089896.0,9302245911.0,4320005965.0,48800348201.0,37313020566.0,22336289790.0,34786187044.0,,,-3263790193.0,81880256.0,-3995046980.0,-533307269.0
358570,지아이이노베이션,CFS,56952784681.0,72861876745.0,4201108256.0,6631551123.0,8452079430.0,10688441686.0,82772995533.0,95646210423.0,,,-11765909390.0,-15655576446.0,-10571150095.0,-16727314861.0
359090,씨엔알리서치,CFS,29227420496.0,29318757248.0,26604096715.0,30815374902.0,30388218307.0,34451007736.0,39591458181.0,36055578672.0,13641431598.0,12694120858.0,1346726891.0,1642593692.0,1102589426.0,1437995861.0
360070,탑머티리얼,CFS,94414590837.0,97987007499.0,8718544112.0,24472072582.0,9239652889.0,25065120829.0,112342816760.0,96334473636.0,33200255899.0,9770474276.0,3643788991.0,1141252057.0,3598893246.0,2364193290.0
360350,코셈,,,,,,,,,,,,,,,
361390,제노코,CFS,28720550600.0,36570993760.0,16399281209.0,24877889785.0,20473703807.0,29534680770.0,34343906520.0,33814471591.0,11044858300.0,8426369551.0,-17956144.0,-541930270.0,-7601655.0,-452183807.0
361570,알비더블유,CFS,51890406105.0,51091092995.0,73842847301.0,41739766684.0,87136066211.0,56090682891.0,89690029541.0,88737325763.0,23262281820.0,13956245006.0,523695966.0,511979397.0,-115785928.0,503823198.0
361670,삼영에스앤씨,CFS,23204980941.0,24614501716.0,1730344693.0,2231632816.0,2997435486.0,3173408378.0,24408846241.0,25183288297.0,2759560161.0,3759148564.0,-531789945.0,-188543922.0,-296040518.0,565722962.0
362320,청담글로벌,CFS,131608231437.0,82781550495.0,69972743803.0,25780422434.0,74149187441.0,31541830302.0,73681526270.0,66689705145.0,59721771713.0,39678204728.0,963949520.0,1951309554.0,1166355320.0,5127979885.0
362990,드림인사이트,,,,,,,,,,,,,,,
363250,진시스템,CFS,21441209296.0,30462460250.0,2061581308.0,1965975105.0,6464537267.0,6072662502.0,28776942526.0,35110441148.0,203980850.0,496173218.0,-2470961136.0,-1936387213.0,-2283822459.0,-1964327319.0
363260,모비데이즈,CFS,84547892022.0,73943477371.0,69845085940.0,45221227430.0,71613699824.0,45264912626.0,49306625432.0,40048516630.0,6496327835.0,4009416765.0,-580382962.0,1391990140.0,-1102576104.0,1166608053.0
364950,에이아이코리아,,,,,,,,,,,,,,,
365270,큐라클,CFS,48674118015.0,33406557981.0,1537095893.0,1370678057.0,24835879221.0,9486745731.0,47660334869.0,46170726976.0,2265810125.0,873400880.0,-3435916590.0,-1968998500.0,-3508366360.0,-1392704859.0
365330,에스와이스틸텍,,,,,,,,,,,,,,,
365340,성일하이텍,CFS,213548686954.0,215337850540.0,116947679799.0,88672931328.0,242501396809.0,129315239965.0,312638053666.0,291232642306.0,59067870517.0,72615556854.0,-7497052272.0,16457951213.0,-9379544153.0,15427805473.0
365590,하이딥,CFS,25713790696.0,32254856894.0,14184672898.0,6318237582.0,14888872899.0,19939227676.0,16608574820.0,18207155178.0,1750876042.0,4378177103.0,-1793449975.0,56508394.0,-2061758246.0,1096991880.0
365660,레몬헬스케어,,,,,,,,,,,,,,,
365900,브이씨,CFS,35295337167.0,35997173968.0,26947163423.0,39897579453.0,51274317613.0,46536187295.0,44631114615.0,49507188240.0,11126820191.0,14380683029.0,-2307195658.0,824592659.0,-2232591289.0,1257916011.0
366030,나인앤컴퍼니,CFS,50679177639.0,47473058254.0,3230125000.0,3739388902.0,3646436570.0,3900734490.0,63013762389.0,59297313004.0,11637444507.0,14478086201.0,2028626946.0,3241693936.0,1935646915.0,2717459937.0
367000,플래티어,CFS,29380654706.0,35559145195.0,8524456004.0,8462423039.0,9445364360.0,9393083947.0,43295622442.0,47118013154.0,7448574868.0,13439168132.0,-1047395818.0,1063811945.0,-846228805.0,2246214191.0
368600,아이씨에이치,CFS,32801718525.0,37185664026.0,32771230145.0,9336820765.0,60413605781.0,18187289096.0,51411395232.0,64115257236.0,11676956762.0,7428711438.0,-3705268340.0,2346753887.0,-4956518094.0,3270898532.0
368770,파이버프로,CFS,24674593601.0,27697610639.0,4634010291.0,6070321780.0,9210886736.0,10579087127.0,31223270100.0,29123290283.0,7866867413.0,4713158135.0,1227214687.0,737320039.0,1301821506.0,1088463698.0
368970,오에스피,CFS,18417800220.0,24449334374.0,10432830823.0,2554546361.0,13634419954.0,2770704550.0,45614950881.0,34650759721.0,8533951204.0,4459910142.0,663827469.0,24981922.0,627814984.0,121039284.0
369370,블리츠웨이엔터테인먼트,CFS,14258183923.0,19006510577.0,10366705539.0,8976615964.0,12113158312.0,11645965720.0,32871347513.0,38270292802.0,,,-1950408131.0,-1728306127.0,-1991551060.0,-1245621757.0
370090,퓨런티어,CFS,49580671664.0,43063907126.0,8149314284.0,9954137644.0,8659426248.0,10615072634.0,47865874669.0,38454077095.0,10796647771.0,4261111714.0,1523132784.0,-340175842.0,1672008275.0,8863103.0
371950,풍원정밀,CFS,32177401059.0,33965938832.0,33979015643.0,23435364472.0,44733514868.0,28490128710.0,69682542822.0,79747931501.0,8728462105.0,8659985653.0,-5038617862.0,-435434793.0,-5624362346.0,-632943998.0
372170,윤성에프앤씨,CFS,340305906358.0,216281623966.0,249839738064.0,122707255967.0,269677602750.0,139816654930.0,145499501538.0,137753214067.0,29364540964.0,20887170468.0,-2657669663.0,8988308285.0,708321827.0,9481803605.0
372320,큐로셀,,,,,,,,,,,,,,,
372800,아이티아이즈,CFS,34788285233.0,30586912525.0,13266731219.0,16018017066.0,26148166232.0,16539183020.0,21124175741.0,25132161572.0,17491077596.0,12621526270.0,217969284.0,-2116949819.0,226606117.0,-652934334.0
373110,엑셀세라퓨틱스,,,,,,,,,,,,,,,
373160,데이원컴퍼니,,,,,,,,,,,,,,,
373170,엠아이큐브솔루션,CFS,25020830990.0,9875743635.0,3945847386.0,5280007846.0,4768099257.0,6175003153.0,21447143056.0,5179303749.0,6546032409.0,5635210901.0,447035268.0,1135640844.0,653907404.0,1219403209.0
373200,엑스플러스,CFS,16410059091.0,5854904184.0,23982373136.0,14724743127.0,29706811110.0,14724743127.0,10994495218.0,14511048040.0,3345765866.0,7708059029.0,-217821458.0,626083702.0,-537982990.0,642186600.0
376180,피코그램,CFS,44290105214.0,23695426319.0,41640882773.0,20243747160.0,41745426682.0,20307763273.0,32675939555.0,31276243816.0,7567768862.0,7712102275.0,509083866.0,1036556856.0,-212064273.0,1423589296.0
376270,HEM파마,CFS,6670257231.0,22964452853.0,7894248260.0,13504346182.0,9456265806.0,14600018430.0,14657860216.0,20234750715.0,805030736.0,1140898630.0,-2546100623.0,-3216061985.0,-2356894744.0,-3147418945.0
376290,씨유테크,CFS,100697333541.0,108291182075.0,24096498728.0,34063269886.0,32636370095.0,43178535582.0,101446661396.0,101155167879.0,42361162591.0,42837529981.0,1210881797.0,34826906.0,558754194.0,3382721987.0
376300,디어유,CFS,151911310555.0,134888840345.0,19194475765.0,11048726578.0,19535455567.0,11315793470.0,164588488783.0,141225482684.0,19383162865.0,12165204817.0,7294377515.0,4004800576.0,6490707708.0,7839002976.0
376900,로킷헬스케어,CFS,7922032060.0,10630365725.0,103261467439.0,109508391900.0,105807638548.0,111658662256.0,-94634826092.0,-97478689874.0,3335507224.0,2268019930.0,-1979277664.0,-3577244182.0,-1786678913.0,-3328123064.0
376930,노을,CFS,29256386189.0,14073321069.0,4521807444.0,6462172578.0,12494341939.0,14455726407.0,47313056465.0,11395687742.0,510045048.0,37264824.0,-4573805232.0,-4042981543.0,-4656606234.0,-4107431238.0
376980,원티드랩,CFS,32221972523.0,41276165261.0,6635766049.0,7914883113.0,12860187336.0,13924466708.0,36412674323.0,42970742821.0,,,852735880.0,2104879474.0,812151229.0,2162311755.0
377030,비트맥스,CFS,44314254392.0,60971720079.0,25184287424.0,27190435707.0,27043487448.0,28924441702.0,28579723587.0,37989913659.0,96446286.0,344876641.0,-4132311697.0,-2822706172.0,-4186004819.0,-2960386217.0
377220,프롬바이오,CFS,40183273371.0,53560309629.0,15891551233.0,6427610086.0,16164723524.0,6810612393.0,79483465978.0,87012887135.0,14865625020.0,25408767941.0,-3867738972.0,1502480859.0,-3787259909.0,1083110889.0
377330,이지트로닉스,CFS,38920093127.0,43947664999.0,7187693691.0,5078820382.0,10718438921.0,9276615184.0,59385895073.0,60767208342.0,5893067674.0,3166586402.0,-553383290.0,-1214981470.0,-485498360.0,-766603658.0
377450,리파인,CFS,135953095497.0,120835389474.0,10752425283.0,11076279885.0,12884045800.0,12794391968.0,155852264720.0,139412413096.0,,,5049559603.0,5001226976.0,5154875980.0,4373406851.0
377460,큐에이드,CFS,73521251478.0,245175306505.0,131547032010.0,132450076529.0,175952767227.0,184434797197.0,126358250518.0,208332218370.0,74290342014.0,119139603875.0,-85569604512.0,7103675934.0,-86235231261.0,5386601829.0
377480,마음AI,CFS,25048039666.0,13660450451.0,2206845510.0,11103291511.0,35896220772.0,12212469544.0,22865917357.0,25576054722.0,1922104196.0,2197515930.0,-1641640549.0,-1672487902.0,-1849679467.0,-1404666174.0
378340,필에너지,CFS,153845516521.0,120088812961.0,63599291252.0,79067397424.0,73753902945.0,115643983865.0,123437825177.0,24550864263.0,14454765874.0,46865172353.0,-2362230587.0,4608055186.0,-672016044.0,3302651058.0
378800,샤페론,CFS,25847146976.0,33732076989.0,1375080898.0,3876376109.0,4209276729.0,5871485238.0,23520735191.0,29279774754.0,,,-2576148222.0,-3236294431.0,-2363767922.0,-3179377306.0
380540,옵티코어,CFS,19035387312.0,25163562042.0,7182537465.0,8252067312.0,12366238591.0,14969953175.0,20858696923.0,21301994778.0,7079200699.0,4007148437.0,41623374.0,-2568461375.0,17798286.0,-2807573214.0
380550,뉴로핏,,,,,,,,,,,,,,,
381620,제닉스로보틱스,,,,,,,,,,,,,,,
382150,온코크로스,CFS,4064310241.0,7196402863.0,2745411508.0,3589391307.0,2745411508.0,3705280383.0,2232235127.0,4695103973.0,19786629.0,32500000.0,-1655299004.0,-1722217635.0,-882913555.0,-1310104405.0
382480,지아이텍,CFS,63489004625.0,42194503014.0,8512958278.0,12640977192.0,18696806767.0,21157216138.0,88916225902.0,55132137406.0,9548071555.0,9369290690.0,2047107095.0,2344609178.0,2499479122.0,3305800288.0
382800,지앤비에스 에코,CFS,81389173858.0,67962751432.0,21815789791.0,12506341881.0,26579765915.0,16554043120.0,88188474031.0,72354092614.0,20350543610.0,13088455973.0,5000835425.0,3384217646.0,4729542415.0,3484807282.0
382840,원준,CFS,109629970474.0,106557056341.0,55669421246.0,40891953316.0,60713621223.0,45876629217.0,104815143565.0,111444812546.0,14637956048.0,42656208303.0,-2447295168.0,1191141309.0,-1303122793.0,5537439369.0
382900,범한퓨얼셀,CFS,96405191726.0,103753548040.0,10773403320.0,17042643682.0,17861934636.0,23293138907.0,105107166450.0,106408906756.0,3960770813.0,14250554060.0,-1908480692.0,1018301247.0,-1474323427.0,1404114670.0
383310,에코프로에이치엔,CFS,137346603667.0,125944083592.0,84428759895.0,88668507094.0,94645674528.0,97600395630.0,106300784622.0,86489129235.0,65359239275.0,60604193756.0,11451198159.0,12981921669.0,9729668280.0,10167712770.0
383930,디티앤씨알오,CFS,23590581163.0,35877039104.0,12809710694.0,16540336211.0,22393361541.0,18214403273.0,42773304338.0,46320587817.0,6677082962.0,10348383804.0,-2757799205.0,1583896925.0,-2752761670.0,1491788184.0
384470,코어라인소프트,CFS,16824184959.0,3572919986.0,2563572051.0,2520362910.0,4467968357.0,3425078863.0,13902018098.0,2174906086.0,,,-3215188606.0,-2773654754.0,-5837647349.0,-2762753496.0
387570,파인메딕스,,,,,,,,,,,,,,,
387690,레메디,,,,,,,,,,,,,,,
388050,지투파워,CFS,42504298372.0,39064011221.0,17715570193.0,13414669721.0,18505889680.0,13934854723.0,31256795261.0,30748193607.0,8704056244.0,7405586512.0,-1296800148.0,-987337797.0,-1041452164.0,-840287404.0
388210,씨엠티엑스,,,,,,,,,,,,,,,
388610,지에프씨생명과학,,,,,,,,,,,,,,,
388720,유일로보틱스,CFS,63380830376.0,34827301367.0,17968031513.0,13396064900.0,49543239067.0,14715514767.0,39779327137.0,39888085000.0,8775701263.0,9059609020.0,-2340846182.0,-797532375.0,-145963500.0,-316696653.0
388790,라이콤,CFS,23475016887.0,18244087332.0,4382978362.0,5941311228.0,7042579256.0,8418607530.0,24756227353.0,18010944924.0,5164270752.0,9548227331.0,-403832172.0,1660917156.0,-179170618.0,2041535555.0
388870,파로스아이바이오,CFS,28537218900.0,15715099972.0,1070734367.0,950949080.0,1243218929.0,1056064167.0,30617518962.0,17665265108.0,,,-3130406090.0,-2332902525.0,-2317475311.0,-2036745910.0
389020,자람테크놀로지,CFS,35795140241.0,15429919170.0,6799734981.0,880694237.0,6950930052.0,993489469.0,35635746683.0,18822583171.0,2862912587.0,4205928628.0,-725416640.0,250586824.0,-376991132.0,597518767.0
389030,지니너스,CFS,29916989544.0,36553398648.0,3021654679.0,2306162081.0,4303051413.0,2559618253.0,37421345173.0,43270152717.0,1463512004.0,6015695039.0,-2724998065.0,-1024104402.0,-2339408157.0,-899646439.0
389140,포바이포,CFS,38079853526.0,47310930411.0,24626794582.0,7032455930.0,27752510682.0,7993301645.0,50985879431.0,58175225750.0,,,-4284404463.0,-3031172462.0,-4659385578.0,-2474671966.0
389260,대명에너지,CFS,150997902623.0,126652274359.0,31431881987.0,48140160160.0,223575097433.0,213606791161.0,120449734666.0,107038760668.0,11950979673.0,21854677423.0,1985487974.0,4565116782.0,-1125804177.0,-523461854.0
389470,인벤티지랩,CFS,32897335200.0,25277936416.0,33444699054.0,2609080266.0,46652502324.0,4427097270.0,1713701497.0,30434805466.0,64774400.0,1353543600.0,-4417194262.0,-1609551063.0,-20292925862.0,-1520137440.0
389500,에스비비테크,CFS,43659293572.0,17851743684.0,38538753101.0,7447099257.0,39696088814.0,8684723579.0,16589013160.0,22068368023.0,896780041.0,1665578086.0,-1485853803.0,-427164764.0,-1237622233.0,-517359673.0
389650,넥스트바이오메디컬,,,,,,,,,,,,,,,
389680,유디엠텍,,,,,,,,,,,,,,,
391710,코닉오토메이션,CFS,24856149611.0,26018415288.0,10954760110.0,6779333794.0,13180637013.0,9043858638.0,22091486156.0,22358911809.0,4974869080.0,10131072228.0,862855866.0,2062098106.0,758050550.0,-6517147704.0
393210,토마토시스템,CFS,29020433370.0,13199327799.0,4972428361.0,3150954940.0,6901082322.0,4591675917.0,28160007742.0,12729448126.0,6666172338.0,6668381447.0,122610572.0,1853161251.0,-78230629.0,1388847428.0
393890,더블유씨피,CFS,352188098863.0,477010049837.0,202467456950.0,115150107015.0,305140797546.0,143595088109.0,992034435286.0,934645650994.0,61676325136.0,64153222820.0,10127025057.0,18387867572.0,14953703953.0,23241591015.0
393970,대진첨단소재,,,,,,,,,,,,,,,
394280,오픈엣지테크놀로지,CFS,30473377265.0,44303666680.0,24507142615.0,18318003222.0,27979138724.0,21605851110.0,14896605917.0,32249347246.0,1885045783.0,1577364839.0,-7426309952.0,-6266976281.0,-7310323192.0,-6177629565.0
394420,리센스메디컬,,,,,,,,,,,,,,,
394800,쓰리빌리언,,,,,,,,,,,,,,,
396270,넥스트칩,CFS,25716071738.0,41058490936.0,2554418973.0,3303138229.0,3836640014.0,4917524462.0,25833368104.0,39823562041.0,4514564423.0,2889341380.0,-4162734736.0,-4597010439.0,-3929596456.0,-4364958259.0
396300,세아메카닉스,CFS,42914053894.0,37738779697.0,36007380682.0,14463016969.0,36841964446.0,15216585650.0,66706762513.0,63750708195.0,26101508422.0,23965042941.0,1808128931.0,1324083551.0,1675694968.0,1755900592.0
396470,워트,,,,,,,,,,,,,,,
397030,에이프릴바이오,CFS,77606940429.0,69359119258.0,18160304988.0,1787176532.0,18347102266.0,1903045715.0,62106128880.0,69161704787.0,,,-3685760718.0,-4373106063.0,-3146640978.0,-3389548743.0
397810,애드포러스,,,,,,,,,,,,,,,
398120,에스지헬스케어,,,,,,,,,,,,,,,
399720,가온칩스,CFS,57880726339.0,54993351356.0,19161221437.0,14380377375.0,27774099178.0,18791727827.0,57432999818.0,54389374240.0,15699817195.0,10816487216.0,1163099543.0,946258034.0,1072755352.0,754677339.0
402030,코난테크놀로지,CFS,35784866125.0,45458820379.0,17247808210.0,6879050856.0,19666713634.0,9262366418.0,28847573987.0,40606089429.0,3110936938.0,2624073918.0,-5496251979.0,-2459728376.0,-5188424471.0,-2157222714.0
402490,그린리소스,,,,,,,,,,,,,,,
403490,우듬지팜,CFS,20455821962.0,6958458370.0,11448678129.0,3599586760.0,16885674989.0,6224147406.0,35683082704.0,27855765636.0,11886275146.0,7125729227.0,-1285640822.0,-1390726404.0,-2382475039.0,-843602569.0
403850,더핑크퐁컴퍼니,CFS,108660630981.0,129421893627.0,45642377779.0,65422418784.0,50627273546.0,71490116677.0,102275620070.0,103366771682.0,22867433160.0,28868536790.0,-1211307228.0,1896430229.0,-193565421.0,8223665074.0
403870,HPSP,CFS,280098892109.0,245046977511.0,42011923692.0,63423914921.0,43624362362.0,65554608357.0,266008646266.0,195371868774.0,41948944138.0,47555599357.0,21586186721.0,28604705566.0,20496493515.0,26122549186.0
405000,플라즈맵,CFS,22709316988.0,16741540651.0,13467114243.0,8562881181.0,30820717546.0,26884994510.0,9045800093.0,9369903318.0,4532189118.0,1305995477.0,-3872954242.0,-5815949510.0,-3379815367.0,-5782289537.0
405100,큐알티,CFS,70995873247.0,107069735725.0,8948138592.0,26408715020.0,28586914389.0,45161263148.0,101822476289.0,104050033991.0,15005694136.0,15105369788.0,1729898818.0,3661518167.0,1754361809.0,2859508041.0
405920,나라셀라,CFS,83256370030.0,74435980339.0,24864142271.0,37605038482.0,55597793600.0,72300353485.0,73533227885.0,49262577453.0,20475181536.0,25984708051.0,103526643.0,1924982106.0,-654561073.0,1524648955.0
406820,뷰티스킨,CFS,43373944720.0,25463613421.0,33847411721.0,28328845007.0,37267320652.0,32139651916.0,43411526374.0,32345244344.0,20867841536.0,14081143338.0,198145274.0,938833478.0,-108313611.0,1569172303.0
407400,꿈비,CFS,29215412315.0,8973155076.0,6508337290.0,5919845139.0,8191166000.0,7903098737.0,35691977337.0,8060473779.0,7807004940.0,6764599651.0,-269608592.0,263376213.0,-175819999.0,287842377.0
408470,한패스,,,,,,,,,,,,,,,
408900,스튜디오미르,CFS,28593098086.0,18624655161.0,3920299358.0,3929207525.0,4366573635.0,4406649594.0,35766165550.0,20939574046.0,5294190238.0,7325544968.0,-69355081.0,1550476177.0,503303652.0,2353328006.0
408920,메쎄이상,CFS,48914647540.0,33519456703.0,9912053820.0,5908424598.0,15513594769.0,11132105752.0,57024661502.0,44049530358.0,12025599175.0,10265099445.0,2238141038.0,2703771904.0,1515860850.0,2098277345.0
411080,샌즈랩,CFS,38616305635.0,7454473751.0,4051109479.0,7750847886.0,4061035756.0,7778049000.0,38363876681.0,1998416377.0,1269158953.0,1712538604.0,-1028180250.0,41972497.0,-914693447.0,64478149.0
412350,레이저쎌,CFS,23683306084.0,26406688246.0,2583406924.0,2783372184.0,2937167209.0,2876646421.0,33336052595.0,35188652064.0,2909472000.0,124946242.0,-1103547324.0,-1592650441.0,-808373925.0,-1162248310.0
412540,제일엠앤에스,,,,,,,,,,,,,,,
413390,엠오티,,,,,,,,,,,,,,,
413630,씨피시스템,CFS,12641784862.0,12427859404.0,0.0,0.0,1464622212.0,1408433174.0,11177162650.0,11019426230.0,0.0,0.0,-13800100.0,-8577000.0,53738010.0,33151629.0
413640,비아이매트릭스,,,,,,,,,,,,,,,
415380,스튜디오삼익,,,,,,,,,,,,,,,
416180,신성에스티,,,,,,,,,,,,,,,
417010,나노팀,CFS,30480047260.0,16142175527.0,5879664080.0,12081022274.0,18909661795.0,28824493544.0,48240162459.0,18185059511.0,10594135494.0,8879366979.0,737409618.0,665656151.0,652443966.0,577298853.0
417180,핑거스토리,CFS,20484012828.0,17439906167.0,9469514703.0,3606525020.0,10462766704.0,4671057279.0,16203376990.0,14309666108.0,4678021685.0,4546690256.0,343751513.0,325663635.0,1077112584.0,287005859.0
417200,LS머트리얼즈,,,,,,,,,,,,,,,
417500,제이아이테크,CFS,37226675749.0,59854599848.0,24198982250.0,22564021313.0,36491187317.0,23029595692.0,65182039156.0,62095438483.0,7922960755.0,18753483461.0,-270190518.0,1486647074.0,73087124.0,1921289664.0
417790,트루엔,CFS,62919921793.0,43372278817.0,3660861429.0,3748346739.0,3986666251.0,3985101784.0,88972955313.0,51104534102.0,12758751752.0,7669914416.0,3450609384.0,1913223791.0,3251342484.0,1649620644.0
417840,저스템,CFS,29927764386.0,46331542832.0,7846249573.0,12712631434.0,33083198836.0,19678211632.0,47787227770.0,50806250948.0,8676807427.0,8087102137.0,1154684807.0,77490607.0,-2184468742.0,263808787.0
417860,오브젠,CFS,17127136480.0,8288912014.0,4279247600.0,5157851421.0,9687719246.0,10427336348.0,9084522860.0,105979396.0,,,-1568114715.0,337042777.0,-1410555852.0,317186846.0
417970,모델솔루션,CFS,58076227795.0,60117849954.0,20199849923.0,11855018293.0,23575269842.0,26836809972.0,62431751787.0,62534626940.0,14387285424.0,17136439808.0,-543007146.0,2306881721.0,-22366525.0,2747005268.0
418250,시큐레터,CFS,16202242266.0,4087468865.0,1857848183.0,1411308319.0,2433525625.0,2014805742.0,18409006454.0,6736000590.0,234599959.0,570086604.0,-2006654052.0,-1596034641.0,-2001610504.0,-1469565168.0
418420,라온텍,CFS,21103129560.0,12074277335.0,8382990968.0,2498297074.0,15383320921.0,5107464437.0,20863321302.0,7482902531.0,2297451040.0,2738416001.0,-1353636951.0,185857340.0,-1261749522.0,499709248.0
418470,KT밀리의서재,CFS,67523517824.0,25156971734.0,18358211812.0,18631209857.0,19585479002.0,20032681357.0,50257454386.0,7537513686.0,14635816607.0,12400835571.0,2533180625.0,1912054473.0,2614508227.0,1923271859.0
418550,제이오,CFS,60124176444.0,35186642300.0,38594055706.0,11379692239.0,59526796896.0,25975982701.0,120462849665.0,58843075979.0,30348565240.0,15387504722.0,4826316821.0,-590070925.0,2781106584.0,340292050.0
418620,E8,,,,,,,,,,,,,,,
419050,삼기에너지솔루션즈,CFS,100710838394.0,56893615688.0,52464653096.0,31498486074.0,111477936005.0,48656139395.0,103329537391.0,43935749689.0,25908237101.0,33159266609.0,1033879453.0,3312289771.0,1118773481.0,6261851516.0
419080,엔젯,CFS,42835363970.0,44699366933.0,1937286271.0,4315207278.0,4177543017.0,6402611403.0,48559386897.0,47367274714.0,2820795512.0,5128626380.0,-1001885356.0,1140968207.0,-433177594.0,1132199178.0
419120,산돌,CFS,31383365793.0,37483432147.0,4715280572.0,4841076772.0,11585204808.0,11014074065.0,53561895093.0,56059763817.0,3645049967.0,3529222069.0,823228348.0,1203366774.0,322411599.0,1366255176.0
419530,SAMG엔터,CFS,75748141724.0,54719246284.0,24552335100.0,26191891492.0,52721600564.0,29592333346.0,56805624431.0,47088695438.0,16134798076.0,10735001161.0,-4235010366.0,-1596036478.0,-4660506120.0,-1444205838.0
419540,비스토스,CFS,17996130118.0,18347959748.0,2018622009.0,4216870505.0,2521960690.0,4573487417.0,18142052702.0,15924626573.0,5794981645.0,5400631262.0,51366097.0,248066918.0,232408420.0,-4426308768.0
420570,제이투케이바이오,,,,,,,,,,,,,,,
420770,기가비스,CFS,137249902065.0,122945609181.0,10953913424.0,38191679277.0,11122276005.0,41091534752.0,206774097280.0,100361451702.0,11231271305.0,36937351856.0,2323053526.0,2894756321.0,3299624279.0,4103634603.0
424760,벨로크,CFS,23863189314.0,18238987688.0,8146194654.0,12333275141.0,10165789534.0,12575570476.0,23494924272.0,12590645124.0,7726171465.0,4320596815.0,-230149173.0,-643116347.0,-191955663.0,-610365207.0
424870,이뮨온시아,,,,,,,,,,,,,,,
424960,스마트레이더시스템,CFS,26560158602.0,10812369114.0,4529725179.0,3614845875.0,4832754900.0,3763662558.0,23077561568.0,8623841731.0,1099143529.0,683176539.0,-1070425307.0,-1206156365.0,-964681101.0,-1484970852.0
424980,마이크로투나노,CFS,34363886331.0,30045614488.0,5810320012.0,7111502230.0,20457976238.0,23369171023.0,35396278289.0,26082480097.0,2073730382.0,12823643450.0,-3239681872.0,2584452050.0,-2366104019.0,2496847529.0
425040,티이엠씨,CFS,172139031163.0,142631725920.0,62199173574.0,91092063196.0,71281832973.0,102149921756.0,168118440938.0,100813378445.0,24184802404.0,137756838022.0,3685606274.0,28377538656.0,4575588116.0,24276434271.0
425420,티에프이,CFS,54903640920.0,54503038938.0,17517208091.0,16068280601.0,23642176186.0,22293584501.0,66357994036.0,60581410070.0,20972311718.0,13142318889.0,2174362038.0,344945357.0,2483890187.0,639023052.0
429270,시지트로닉스,CFS,18550204879.0,9783324575.0,7316635681.0,7927055539.0,11065929485.0,13593622274.0,30022127348.0,11828179791.0,2852487045.0,3300506881.0,-1459993371.0,-1520709597.0,,
430690,한싹,CFS,25354786395.0,10859661030.0,5639813732.0,7563800698.0,5860504460.0,7776186567.0,32218417222.0,13494130879.0,,,-696835702.0,-392229343.0,-580876146.0,-336376217.0
431190,케이쓰리아이,,,,,,,,,,,,,,,
432430,와이랩,CFS,36066916583.0,15476166918.0,4562570454.0,7350663460.0,5477942356.0,8214083281.0,35497891178.0,11148450419.0,6462642450.0,4106988677.0,-651749628.0,-231848823.0,-488149134.0,-184013159.0
432470,케이엔에스,,,,,,,,,,,,,,,
432720,퀄리타스반도체,,,,,,,,,,,,,,,
432980,엠에프씨,,,,,,,,,,,,,,,
434480,모니터랩,CFS,37052133393.0,17069533856.0,1849446160.0,2597865705.0,6068995481.0,7545194850.0,34755021144.0,13762867818.0,3226148545.0,2780735368.0,102977122.0,8656330.0,444018553.0,74147498.0
435570,에르코스,,,,,,,,,,,,,,,
437730,삼현,,,,,,,,,,,,,,,
438700,버넥트,CFS,40902248469.0,11582949409.0,5529194444.0,6943072596.0,13319016876.0,14994440957.0,45596362352.0,24230563118.0,887091592.0,846446059.0,-3674248994.0,-3704203138.0,-3483453937.0,-2413125586.0
439090,마녀공장,CFS,93423046996.0,58349783101.0,6247667895.0,10263915580.0,6400180545.0,10637885849.0,92968044628.0,52150538589.0,,,4747133394.0,10826388663.0,3247409894.0,11186633179.0
439580,블루엠텍,CFS,26156212658.0,19438679411.0,35499237013.0,31993304705.0,46573417404.0,39184638610.0,21370368530.0,1178055998.0,38797918094.0,33151917326.0,-49208174.0,942380317.0,-336226439.0,921416175.0
439960,코스모로보틱스,,,,,,,,,,,,,,,
440110,파두,CFS,227087631129.0,34345868733.0,42805836937.0,5449532767.0,56239268721.0,27240478290.0,211932082951.0,41025269900.0,320810077.0,13592431569.0,-14821350661.0,-948080943.0,-14378339044.0,-43542451766.0
440290,HB인베스트먼트,,,,,,,,,,,,,,,
440320,오픈놀,CFS,27603175287.0,21518816482.0,7326409680.0,6828209714.0,11997386558.0,9400427724.0,36338552998.0,21149319870.0,,,-354935160.0,-234752841.0,-190751512.0,-558204141.0
441270,파인엠텍,CFS,118706607058.0,105430382014.0,107166650875.0,88469958703.0,151041565729.0,130048291557.0,178201753756.0,142564292065.0,160163412938.0,53783261319.0,13006599821.0,4612744756.0,15779076146.0,8112559774.0
443250,레뷰코퍼레이션,CFS,57088397657.0,22739980670.0,18181021805.0,12849221775.0,18664521747.0,13787195860.0,53568700637.0,25896268915.0,12599037627.0,9282794340.0,232413821.0,831354696.0,306116726.0,859742104.0
443670,에스피소프트,,,,,,,,,,,,,,,
444530,심플랫폼,,,,,,,,,,,,,,,
445090,에이직랜드,,,,,,,,,,,,,,,
445180,퓨릿,,,,,,,,,,,,,,,
445680,큐리옥스바이오시스템즈,CFS,23211711165.0,13949499136.0,1913733631.0,2834783378.0,3848869238.0,4766714313.0,55512894965.0,43860777282.0,681568128.0,1916343761.0,-3110799979.0,-2408660587.0,-2551384014.0,-2719470002.0
446540,메가터치,,,,,,,,,,,,,,,
446840,지슨,CFS,11943962475.0,1985817499.0,0.0,0.0,960887673.0,910501818.0,10983074802.0,1075315681.0,0.0,,-11301500.0,,51039040.0,
448280,에코아이,,,,,,,,,,,,,,,
448710,코츠테크놀로지,CFS,57998077791.0,29220818502.0,28200676498.0,17300986355.0,29161797360.0,18226264561.0,34299408764.0,16082629666.0,16772756329.0,12853632290.0,5023367245.0,2449761287.0,4077428007.0,1945972196.0
448900,한국피아이엠,,,,,,,,,,,,,,,
450330,하스,,,,,,,,,,,,,,,
450520,인스웨이브,CFS,42408782232.0,22110947147.0,9205660255.0,11270713079.0,10363523434.0,17049946097.0,41690202988.0,15195496273.0,6709264875.0,12589459162.0,425588521.0,2865260256.0,239913295.0,2329490619.0
450950,아스테라시스,,,,,,,,,,,,,,,
451220,아이엠티,CFS,25373816562.0,8433979729.0,1609642295.0,4283453145.0,4508142512.0,7425416172.0,27297710420.0,7577428864.0,1153679433.0,2000228075.0,-1167105368.0,274806517.0,-1049018803.0,368303381.0
451250,삐아,,,,,,,,,,,,,,,
451760,컨텍,,,,,,,,,,,,,,,
452160,제이엔비,,,,,,,,,,,,,,,
452190,한빛레이저,,,,,,,,,,,,,,,
452200,민테크,,,,,,,,,,,,,,,
452280,한선엔지니어링,,,,,,,,,,,,,,,
452300,캡스톤파트너스,,,,,,,,,,,,,,,
452400,이닉스,,,,,,,,,,,,,,,
452430,사피엔반도체,,,,,,,,,,,,,,,
452450,피아이이,,,,,,,,,,,,,,,
453450,그리드위즈,,,,,,,,,,,,,,,
453860,에이에스텍,,,,,,,,,,,,,,,
455180,케이지에이,,,,,,,,,,,,,,,
455900,엔젤로보틱스,,,,,,,,,,,,,,,
456010,아이씨티케이,CFS,5994577562.0,7967702742.0,2159897624.0,40719672235.0,2372368938.0,40969228553.0,6344000816.0,-31128135547.0,1496550437.0,306344315.0,-507483151.0,-1319274687.0,-439137289.0,-1934105182.0
456070,이엔셀,,,,,,,,,,,,,,,
456160,지투지바이오,,,,,,,,,,,,,,,
457370,한켐,,,,,,,,,,,,,,,
457550,우진엔텍,,,,,,,,,,,,,,,
457600,벡트,,,,,,,,,,,,,,,
458350,에스팀,,,,,,,,,,,,,,,
458650,성우,,,,,,,,,,,,,,,
458870,씨어스,,,,,,,,,,,,,,,
459100,위츠,,,,,,,,,,,,,,,
459510,나우로보틱스,,,,,,,,,,,,,,,
459550,알트,,,,,,,,,,,,,,,
460470,아이빔테크놀로지,,,,,,,,,,,,,,,
460870,에스엠씨지,,,,,,,,,,,,,,,
460930,현대힘스,,,,,,,,,,,,,,,
460940,피앤에스로보틱스,,,,,,,,,,,,,,,
461030,아이엠비디엑스,,,,,,,,,,,,,,,
461300,아이스크림미디어,,,,,,,,,,,,,,,
462310,뉴키즈온,,,,,,,,,,,,,,,
462350,이노스페이스,CFS,17247607152.0,13031020107.0,137547813475.0,62091687093.0,187419934483.0,107327201556.0,-160306573391.0,-83815696739.0,18092979.0,,-3449542492.0,-6751680715.0,-24852400664.0,-6759362854.0
462510,라메디텍,,,,,,,,,,,,,,,
462860,더즌,,,,,,,,,,,,,,,
462980,아이지넷,,,,,,,,,,,,,,,
463020,뉴엔AI,,,,,,,,,,,,,,,
463480,모티브링크,,,,,,,,,,,,,,,
464080,에스오에스랩,,,,,,,,,,,,,,,
464280,티디에스팜,,,,,,,,,,,,,,,
464490,쿼드메디슨,,,,,,,,,,,,,,,
464500,아이언디바이스,,,,,,,,,,,,,,,
464580,닷밀,,,,,,,,,,,,,,,
465320,교보15호스팩,,,,,,,,,,,,,,,
465480,인스피언,,,,,,,,,,,,,,,
466100,클로봇,,,,,,,,,,,,,,,
466410,사이냅소프트,,,,,,,,,,,,,,,
466690,키움히어로제1호스팩,,,,,,,,,,,,,,,
467930,IBKS제23호스팩,,,,,,,,,,,,,,,
468530,프로티나,,,,,,,,,,,,,,,
468760,유진스팩10호,,,,,,,,,,,,,,,
469480,IBKS제24호스팩,,,,,,,,,,,,,,,
469610,이노테크,,,,,,,,,,,,,,,
469750,아이비젼웍스,,,,,,,,,,,,,,,
469880,하나30호스팩,,,,,,,,,,,,,,,
469900,하나31호스팩,,,,,,,,,,,,,,,
471050,대신밸런스제17호스팩,,,,,,,,,,,,,,,
471820,셀로맥스사이언스,,,,,,,,,,,,,,,
472220,신영스팩10호,,,,,,,,,,,,,,,
472230,에스케이증권제11호스팩,,,,,,,,,,,,,,,
472850,폰드그룹,,,,,,,,,,,,,,,
473000,에스케이증권제12호스팩,,,,,,,,,,,,,,,
473050,유안타제15호스팩,,,,,,,,,,,,,,,
473950,에스케이증권제13호스팩,,,,,,,,,,,,,,,
473980,노머스,,,,,,,,,,,,,,,
474170,루미르,,,,,,,,,,,,,,,
474490,유안타제16호스팩,,,,,,,,,,,,,,,
474610,RF시스템즈,,,,,,,,,,,,,,,
474650,링크솔루션,,,,,,,,,,,,,,,
474660,신한제12호스팩,,,,,,,,,,,,,,,
474930,신한제13호스팩,,,,,,,,,,,,,,,
475040,스트라드비젼,,,,,,,,,,,,,,,
475230,엔알비,,,,,,,,,,,,,,,
475240,하나32호스팩,,,,,,,,,,,,,,,
475250,하나33호스팩,,,,,,,,,,,,,,,
475400,씨메스로보틱스,,,,,,,,,,,,,,,
475430,키스트론,,,,,,,,,,,,,,,
475460,미트박스,,,,,,,,,,,,,,,
475580,에이럭스,,,,,,,,,,,,,,,
475660,에스켐,,,,,,,,,,,,,,,
475830,오름테라퓨틱,,,,,,,,,,,,,,,
475960,토모큐브,,,,,,,,,,,,,,,
476040,오가노이드사이언스,,,,,,,,,,,,,,,
476060,온코닉테라퓨틱스,,,,,,,,,,,,,,,
476080,M83,,,,,,,,,,,,,,,
476830,알지노믹스,,,,,,,,,,,,,,,
477340,에이치엠씨제7호스팩,,,,,,,,,,,,,,,
477380,미래에셋비전스팩4호,,,,,,,,,,,,,,,
477470,미래에셋비전스팩5호,,,,,,,,,,,,,,,
477760,DB금융스팩12호,,,,,,,,,,,,,,,
477850,마키나락스,,,,,,,,,,,,,,,
478110,이베스트스팩6호,,,,,,,,,,,,,,,
478340,나라스페이스테크놀로지,,,,,,,,,,,,,,,
478390,KB제29호스팩,,,,,,,,,,,,,,,
478440,미래에셋비전스팩6호,,,,,,,,,,,,,,,
478560,블랙야크아이앤씨,,,,,,,,,,,,,,,
479880,한국제15호스팩,,,,,,,,,,,,,,,
479960,위너스일렉,,,,,,,,,,,,,,,
481070,에이유브랜즈,,,,,,,,,,,,,,,
481890,엔에이치스팩31호,,,,,,,,,,,,,,,
482520,교보16호스팩,,,,,,,,,,,,,,,
482630,삼양엔씨켐,,,,,,,,,,,,,,,
482680,미래에셋비전스팩7호,,,,,,,,,,,,,,,
482690,대신밸런스제19호스팩,,,,,,,,,,,,,,,
484120,도우인시스,,,,,,,,,,,,,,,
484130,하나34호스팩,,,,,,,,,,,,,,,
484590,삼양컴텍,,,,,,,,,,,,,,,
484810,티엑스알로보틱스,,,,,,,,,,,,,,,
486630,KB제30호스팩,,,,,,,,,,,,,,,
486990,노타,,,,,,,,,,,,,,,
487360,신한제14호스팩,,,,,,,,,,,,,,,
487580,폴레드,,,,,,,,,,,,,,,
487720,키움제10호스팩,,,,,,,,,,,,,,,
487830,신한제15호스팩,,,,,,,,,,,,,,,
488060,유진스팩11호,,,,,,,,,,,,,,,
488280,에스투더블유,,,,,,,,,,,,,,,
488900,비츠로넥스텍,,,,,,,,,,,,,,,
489210,교보17호스팩,,,,,,,,,,,,,,,
489460,바이오비쥬,,,,,,,,,,,,,,,
489480,키움제11호스팩,,,,,,,,,,,,,,,
489500,엘케이켐,,,,,,,,,,,,,,,
489730,디비금융제13호스팩,,,,,,,,,,,,,,,
490470,세미파이브,,,,,,,,,,,,,,,
491000,리브스메드,,,,,,,,,,,,,,,
492220,KB제31호스팩,,,,,,,,,,,,,,,
493280,아이엠바이오로직스,,,,,,,,,,,,,,,
493330,지에프아이,,,,,,,,,,,,,,,
493790,유안타제17호스팩,,,,,,,,,,,,,,,
494120,큐리오시스,,,,,,,,,,,,,,,
496070,신한제16호스팩,,,,,,,,,,,,,,,
498390,한화플러스제5호스팩,,,,,,,,,,,,,,,
